State,Year,Week,week_start,week_start_num,week_end,week_end_num,Sex,A00,A01,A02,A03,A04,A05,A06,A07,A08,A09,A10,A11,A12,A13,A14,A15,A16,A17,A18,A19,A20,A21,A22,A23,A24,A25,A26,A27,A28,A29,A30,A31,A32,A33,A34,A35,A36,A37,A38,A39,A40,A41,A42,A43,A44,A45,A46,A47,A48,A49,A50,A51,A52,A53,A54,A55,A56,A57,A58,A59,A60,A61,A62,A63,A64,A65,A66,A67,A68,A69,A70,A71,A72,A73,A74,A75,A76,A77,A78,A79,A80+
thuringia,2020,1,2019-12-30,2019.9945205479453,2020-01-05,2020.0109289617487,female,-0,-0,-0,-0,-0,-0,-0,-0,-0,-0,-0,-0,-0,-0,-0,-0,-0,-0,-0,-0,-0,-0,-0,-0,-0,-0,-0,-0,-0,-0,-0,-0,-0,-0,-0,-0,-0,-0,-0,-0,-0,-0,-0,-0,-0,-0,-0,-0,-0,-0,-0,-0,-0,-0,-0,-0,-0,-0,-0,-0,-0,-0,-0,-0,-0,-0,-0,-0,-0,-0,-0,-0,-0,-0,-0,-0,-0,-0,-0,-0,-0
thuringia,2020,1,2019-12-30,2019.9945205479453,2020-01-05,2020.0109289617487,male,-0,-0,-0,-0,-0,-0,-0,-0,-0,-0,-0,-0,-0,-0,-0,-0,-0,-0,-0,-0,-0,-0,-0,-0,-0,-0,-0,-0,-0,-0,-0,-0,-0,-0,-0,-0,-0,-0,-0,-0,-0,-0,-0,-0,-0,-0,-0,-0,-0,-0,-0,-0,-0,-0,-0,-0,-0,-0,-0,-0,-0,-0,-0,-0,-0,-0,-0,-0,-0,-0,-0,-0,-0,-0,-0,-0,-0,-0,-0,-0,-0
thuringia,2020,2,2020-01-06,2020.0136612021859,2020-01-12,2020.0300546448088,female,-0,-0,-0,-0,-0,-0,-0,-0,-0,-0,-0,-0,-0,-0,-0,-0,-0,-0,-0,-0,-0,-0,-0,-0,-0,-0,-0,-0,-0,-0,-0,-0,-0,-0,-0,-0,-0,-0,-0,-0,-0,-0,-0,-0,-0,-0,-0,-0,-0,-0,-0,-0,-0,-0,-0,-0,-0,-0,-0,-0,-0,-0,-0,-0,-0,-0,-0,-0,-0,-0,-0,-0,-0,-0,-0,-0,-0,-0,-0,-0,-0
thuringia,2020,2,2020-01-06,2020.0136612021859,2020-01-12,2020.0300546448088,male,-0,-0,-0,-0,-0,-0,-0,-0,-0,-0,-0,-0,-0,-0,-0,-0,-0,-0,-0,-0,-0,-0,-0,-0,-0,-0,-0,-0,-0,-0,-0,-0,-0,-0,-0,-0,-0,-0,-0,-0,-0,-0,-0,-0,-0,-0,-0,-0,-0,-0,-0,-0,-0,-0,-0,-0,-0,-0,-0,-0,-0,-0,-0,-0,-0,-0,-0,-0,-0,-0,-0,-0,-0,-0,-0,-0,-0,-0,-0,-0,-0
thuringia,2020,3,2020-01-13,2020.032786885246,2020-01-19,2020.049180327869,female,-0,-0,-0,-0,-0,-0,-0,-0,-0,-0,-0,-0,-0,-0,-0,-0,-0,-0,-0,-0,-0,-0,-0,-0,-0,-0,-0,-0,-0,-0,-0,-0,-0,-0,-0,-0,-0,-0,-0,-0,-0,-0,-0,-0,-0,-0,-0,-0,-0,-0,-0,-0,-0,-0,-0,-0,-0,-0,-0,-0,-0,-0,-0,-0,-0,-0,-0,-0,-0,-0,-0,-0,-0,-0,-0,-0,-0,-0,-0,-0,-0
thuringia,2020,3,2020-01-13,2020.032786885246,2020-01-19,2020.049180327869,male,-0,-0,-0,-0,-0,-0,-0,-0,-0,-0,-0,-0,-0,-0,-0,-0,-0,-0,-0,-0,-0,-0,-0,-0,-0,-0,-0,-0,-0,-0,-0,-0,-0,-0,-0,-0,-0,-0,-0,-0,-0,-0,-0,-0,-0,-0,-0,-0,-0,-0,-0,-0,-0,-0,-0,-0,-0,-0,-0,-0,-0,-0,-0,-0,-0,-0,-0,-0,-0,-0,-0,-0,-0,-0,-0,-0,-0,-0,-0,-0,-0
thuringia,2020,4,2020-01-20,2020.051912568306,2020-01-26,2020.068306010929,female,-0,-0,-0,-0,-0,-0,-0,-0,-0,-0,-0,-0,-0,-0,-0,-0,-0,-0,-0,-0,-0,-0,-0,-0,-0,-0,-0,-0,-0,-0,-0,-0,-0,-0,-0,-0,-0,-0,-0,-0,-0,-0,-0,-0,-0,-0,-0,-0,-0,-0,-0,-0,-0,-0,-0,-0,-0,-0,-0,-0,-0,-0,-0,-0,-0,-0,-0,-0,-0,-0,-0,-0,-0,-0,-0,-0,-0,-0,-0,-0,-0
thuringia,2020,4,2020-01-20,2020.051912568306,2020-01-26,2020.068306010929,male,-0,-0,-0,-0,-0,-0,-0,-0,-0,-0,-0,-0,-0,-0,-0,-0,-0,-0,-0,-0,-0,-0,-0,-0,-0,-0,-0,-0,-0,-0,-0,-0,-0,-0,-0,-0,-0,-0,-0,-0,-0,-0,-0,-0,-0,-0,-0,-0,-0,-0,-0,-0,-0,-0,-0,-0,-0,-0,-0,-0,-0,-0,-0,-0,-0,-0,-0,-0,-0,-0,-0,-0,-0,-0,-0,-0,-0,-0,-0,-0,-0
thuringia,2020,5,2020-01-27,2020.0710382513662,2020-02-02,2020.0874316939892,female,-0,-0,-0,-0,-0,-0,-0,-0,-0,-0,-0,-0,-0,-0,-0,-0,-0,-0,-0,-0,-0,-0,-0,-0,-0,-0,-0,-0,-0,-0,-0,-0,-0,-0,-0,-0,-0,-0,-0,-0,-0,-0,-0,-0,-0,-0,-0,-0,-0,-0,-0,-0,-0,-0,-0,-0,-0,-0,-0,-0,-0,-0,-0,-0,-0,-0,-0,-0,-0,-0,-0,-0,-0,-0,-0,-0,-0,-0,-0,-0,-0
thuringia,2020,5,2020-01-27,2020.0710382513662,2020-02-02,2020.0874316939892,male,-0,-0,-0,-0,-0,-0,-0,-0,-0,-0,-0,-0,-0,-0,-0,-0,-0,-0,-0,-0,-0,-0,-0,-0,-0,-0,-0,-0,-0,-0,-0,-0,-0,-0,-0,-0,-0,-0,-0,-0,-0,-0,-0,-0,-0,-0,-0,-0,-0,-0,-0,-0,-0,-0,-0,-0,-0,-0,-0,-0,-0,-0,-0,-0,-0,-0,-0,-0,-0,-0,-0,-0,-0,-0,-0,-0,-0,-0,-0,-0,-0
thuringia,2020,6,2020-02-03,2020.0901639344263,2020-02-09,2020.1065573770493,female,-0,-0,-0,-0,-0,-0,-0,-0,-0,-0,-0,-0,-0,-0,-0,-0,-0,-0,-0,-0,-0,-0,-0,-0,-0,-0,-0,-0,-0,-0,-0,-0,-0,-0,-0,-0,-0,-0,-0,-0,-0,-0,-0,-0,-0,-0,-0,-0,-0,-0,-0,-0,-0,-0,-0,-0,-0,-0,-0,-0,-0,-0,-0,-0,-0,-0,-0,-0,-0,-0,-0,-0,-0,-0,-0,-0,-0,-0,-0,-0,-0
thuringia,2020,6,2020-02-03,2020.0901639344263,2020-02-09,2020.1065573770493,male,-0,-0,-0,-0,-0,-0,-0,-0,-0,-0,-0,-0,-0,-0,-0,-0,-0,-0,-0,-0,-0,-0,-0,-0,-0,-0,-0,-0,-0,-0,-0,-0,-0,-0,-0,-0,-0,-0,-0,-0,-0,-0,-0,-0,-0,-0,-0,-0,-0,-0,-0,-0,-0,-0,-0,-0,-0,-0,-0,-0,-0,-0,-0,-0,-0,-0,-0,-0,-0,-0,-0,-0,-0,-0,-0,-0,-0,-0,-0,-0,-0
thuringia,2020,7,2020-02-10,2020.1092896174864,2020-02-16,2020.1256830601094,female,-0,-0,-0,-0,-0,-0,-0,-0,-0,-0,-0,-0,-0,-0,-0,-0,-0,-0,-0,-0,-0,-0,-0,-0,-0,-0,-0,-0,-0,-0,-0,-0,-0,-0,-0,-0,-0,-0,-0,-0,-0,-0,-0,-0,-0,-0,-0,-0,-0,-0,-0,-0,-0,-0,-0,-0,-0,-0,-0,-0,-0,-0,-0,-0,-0,-0,-0,-0,-0,-0,-0,-0,-0,-0,-0,-0,-0,-0,-0,-0,-0
thuringia,2020,7,2020-02-10,2020.1092896174864,2020-02-16,2020.1256830601094,male,-0,-0,-0,-0,-0,-0,-0,-0,-0,-0,-0,-0,-0,-0,-0,-0,-0,-0,-0,-0,-0,-0,-0,-0,-0,-0,-0,-0,-0,-0,-0,-0,-0,-0,-0,-0,-0,-0,-0,-0,-0,-0,-0,-0,-0,-0,-0,-0,-0,-0,-0,-0,-0,-0,-0,-0,-0,-0,-0,-0,-0,-0,-0,-0,-0,-0,-0,-0,-0,-0,-0,-0,-0,-0,-0,-0,-0,-0,-0,-0,-0
thuringia,2020,8,2020-02-17,2020.1284153005465,2020-02-23,2020.1448087431695,female,-0,-0,-0,-0,-0,-0,-0,-0,-0,-0,-0,-0,-0,-0,-0,-0,-0,-0,-0,-0,-0,-0,-0,-0,-0,-0,-0,-0,-0,-0,-0,-0,-0,-0,-0,-0,-0,-0,-0,-0,-0,-0,-0,-0,-0,-0,-0,-0,-0,-0,-0,-0,-0,-0,-0,-0,-0,-0,-0,-0,-0,-0,-0,-0,-0,-0,-0,-0,-0,-0,-0,-0,-0,-0,-0,-0,-0,-0,-0,-0,-0
thuringia,2020,8,2020-02-17,2020.1284153005465,2020-02-23,2020.1448087431695,male,-0,-0,-0,-0,-0,-0,-0,-0,-0,-0,-0,-0,-0,-0,-0,-0,-0,-0,-0,-0,-0,-0,-0,-0,-0,-0,-0,-0,-0,-0,-0,-0,-0,-0,-0,-0,-0,-0,-0,-0,-0,-0,-0,-0,-0,-0,-0,-0,-0,-0,-0,-0,-0,-0,-0,-0,-0,-0,-0,-0,-0,-0,-0,-0,-0,-0,-0,-0,-0,-0,-0,-0,-0,-0,-0,-0,-0,-0,-0,-0,-0
thuringia,2020,9,2020-02-24,2020.1475409836066,2020-03-01,2020.1639344262296,female,-0,-0,-0,-0,-0,-0,-0,-0,-0,-0,-0,-0,-0,-0,-0,-0,-0,-0,-0,-0,-0,-0,-0,-0,-0,-0,-0,-0,-0,-0,-0,-0,-0,-0,-0,-0,-0,-0,-0,-0,-0,-0,-0,-0,-0,-0,-0,-0,-0,-0,-0,-0,-0,-0,-0,-0,-0,-0,-0,-0,-0,-0,-0,-0,-0,-0,-0,-0,-0,-0,-0,-0,-0,-0,-0,-0,-0,-0,-0,-0,-0
thuringia,2020,9,2020-02-24,2020.1475409836066,2020-03-01,2020.1639344262296,male,-0,-0,-0,-0,-0,-0,-0,-0,-0,-0,-0,-0,-0,-0,-0,-0,-0,-0,-0,-0,-0,-0,-0,-0,-0,-0,-0,-0,-0,-0,-0,-0,-0,-0,-0,-0,-0,-0,-0,-0,-0,-0,-0,-0,-0,-0,-0,-0,-0,-0,-0,-0,-0,-0,-0,-0,-0,-0,-0,-0,-0,-0,-0,-0,-0,-0,-0,-0,-0,-0,-0,-0,-0,-0,-0,-0,-0,-0,-0,-0,-0
thuringia,2020,10,2020-03-02,2020.1666666666667,2020-03-08,2020.1830601092897,female,-0,-0,-0,-0,-0,-0,-0,-0,-0,-0,-0,-0,-0,-0,-0,-0,-0,-0,-0,-0,-0,-0,-0,-0,-0,-0,-0,-0,-0,-0,-0,-0,-0,-0,-0,-0,-0,-0,-0,-0,-0,-0,-0,-0,-0,-0,-0,-0,-0,-0,-0,-0,-0,-0,-0,-0,-0,-0,-0,-0,-0,-0,-0,-0,-0,0.003000486564872446,-0,-0,-0,-0,-0,-0,-0,-0,-0,-0,-0,-0,-0,-0,-0
thuringia,2020,10,2020-03-02,2020.1666666666667,2020-03-08,2020.1830601092897,male,-0,-0,-0,-0,-0,-0,-0,-0,-0,-0,-0,-0,-0,-0,-0,-0,-0,-0,-0,-0,-0,-0,-0,-0,-0,-0,-0,-0,-0,-0,-0,-0,-0,-0,-0,-0,-0,-0,-0,-0,-0,-0,-0,-0,-0,-0,-0,-0,-0,-0,-0,-0,-0,-0,-0,-0,-0,0.0027924749786266065,-0,-0,-0,-0,-0,-0,-0,-0,-0,-0,-0,-0,-0,-0,-0,-0,-0,-0,-0,-0,-0,-0,-0
thuringia,2020,11,2020-03-09,2020.1857923497269,2020-03-15,2020.2021857923498,female,-0,-0,-0,-0,-0,0.005699512338984012,-0,-0,-0,-0,-0,-0,-0,-0,-0,-0,-0,-0,-0,0.006042751090638643,0.005990745073540965,0.006297581326245275,0.006297581326245275,-0,-0,0.007228502392555595,-0,-0,-0,0.0061883682152110014,-0,-0,-0,-0,0.00411336268563894,-0,-0,-0,0.00400935456260728,-0,0.00400935456260728,0.004206970174240745,-0,0.008773140035171583,-0,-0,-0,-0,-0,-0,0.0036609288662095077,0.0035985245103836694,-0,-0,-0,-0,-0,-0,-0,-0,0.0028652789391583914,-0,-0,-0,0.003036888678013275,-0,-0,-0,-0,-0,-0,-0,-0,-0,-0,-0,-0,-0,-0,-0,-0
thuringia,2020,11,2020-03-09,2020.1857923497269,2020-03-15,2020.2021857923498,male,-0,-0,-0,-0,-0,-0,-0,-0,-0,-0,-0,-0,-0,-0,-0,-0,-0,-0,-0,0.011326833536955195,-0,-0,-0,-0,0.011633701278010085,-0,-0,-0,-0,-0,-0,0.0039105470384143285,-0,0.007134889464607528,-0,-0,0.0036609288662095077,0.0036505281350378074,-0,0.0036609288662095077,0.003577723075084036,-0,0.007706971100667665,0.003936549000260211,0.004409786977610334,-0,0.008783541790988263,0.0042745756874694165,0.011254017728641106,0.0067500380869473355,0.010078576645625783,-0,-0,-0,0.003031688374572533,0.002969284773888745,-0,0.0027924749786266065,-0,-0,0.002917281830520651,-0,-0,-0,0.006354788285470629,-0,-0,-0,-0,-0,-0,0.004201769753783715,-0,-0,-0,-0,-0,-0,-0,-0,-0
thuringia,2020,12,2020-03-16,2020.204918032787,2020-03-22,2020.22131147541,female,-0,0.006271578183767644,0.0060739547258630445,-0,-0,0.005699512338984012,-0,-0,-0,-0,0.005678710063214445,-0,-0,-0,-0,-0,-0,-0,0.006318383849591955,0.006042751090638643,0.023956717655714922,0.006297581326245275,0.012595925428149222,0.012507504087659016,0.03272869752833626,0.007228502392555595,0.00763416036108147,0.014707679763955503,0.006895657192178224,-0,0.004409786977610334,0.0042589744073810495,0.011987381598810925,0.00792020313877916,-0,0.004118563097248782,0.008216649132375735,0.004076959818915024,-0,0.012367070502966001,0.02406076568428216,0.004206970174240745,0.008689926063543336,0.008773140035171583,0.014582844610372604,0.010302220468631015,0.014905336036696496,0.009522071772275523,0.021542861834745457,0.015227829463040868,0.007316914757024442,0.014400793881940366,0.013995083122900976,0.020018652836930783,0.003140894855977498,0.003016087467382218,-0,0.00556429769523413,0.008440284947649665,0.005449885578993458,-0,-0,-0,0.0030888917409951843,0.003036888678013275,0.003000486564872446,0.0030524895914443187,0.0030784911242383115,0.0031148932919855626,0.003135694542141295,-0,0.011243615478634129,0.01736569936487648,0.009100796342909912,0.00550709160564713,-0,0.004087360635379416,-0,0.008804345308863735,-0,9.256082379355073e-4
thuringia,2020,12,2020-03-16,2020.204918032787,2020-03-22,2020.22131147541,male,-0,0.0061571645113304525,-0,-0,0.00537707799972235,-0,0.00528866893337292,0.010785918538417625,0.005403080694905341,-0,0.0054082812354987984,-0,-0,0.005574698809193734,-0,-0,-0,-0,0.011638902441767738,0.033993108458347285,0.010869135864267278,0.016200523362532936,0.016575041373158923,0.016434596803073367,0.017454128966685363,0.018281213111458527,0.019878198965847294,0.01292360582453632,0.0062351738061373,0.03883769991810394,0.023654979550180276,0.01173252347841739,0.01447361409682835,0.01069750027562577,0.0036505281350378074,0.007368922100462836,0.0036609288662095077,0.01826040580185584,0.010609082163175756,0.014640060685233372,0.007155692322920859,0.018650544242480107,0.0115608850399869,0.007878596818777955,0.0088199479527293,0.0045345977113313085,0.008783541790988263,0.0042745756874694165,0.015004164454808108,0.0033749095170002483,0.02352492056192523,0.01002136558959044,0.003328106500541602,0.009802923954613985,0.012127814158101031,0.008908363023077718,0.0028236766635127155,0.008372674018343875,0.014135521104354294,0.01659064634880297,0.008747135654730063,0.002922482122514309,0.006339186381260658,0.0032084989832143057,0.006354788285470629,0.0032084989832143057,-0,0.003317705835938835,-0,-0,0.007452133958149193,0.004201769753783715,0.00497663813593485,-0,0.006729235390917331,-0,0.005085848702057417,-0,-0,0.00468541108093808,0.007800585058505722
thuringia,2020,13,2020-03-23,2020.224043715847,2020-03-29,2020.24043715847,female,0.00671363337435913,0.006271578183767644,-0,-0,-0,-0,0.005569498251956764,-0,-0,-0,-0,-0,0.005834727334325187,-0,-0,-0,0.006068754118689121,-0,0.006318383849591955,0.01209140568038306,0.017969104341553854,0.018889830600928397,0.01889503249051205,0.03127700437403043,0.006542011501149185,0.014458009756483522,0.022905844237202794,0.02206828211720402,0.013787027551257304,0.018567314462868325,0.017641392149282988,0.017043192679666256,0.011987381598810925,0.031682849991800474,0.008227050776876028,0.008232251599903536,0.008216649132375735,0.008154239309067744,0.008019018282199874,0.008242653247524817,0.016039273383099933,0.016819519862976896,0.01303283308219876,0.008773140035171583,0.03890014657824443,0.010302220468631015,0.024846335019722523,0.004763418167881299,0.021542861834745457,0.015227829463040868,0.0036609288662095077,0.0035985245103836694,0.024497769677749897,0.026693250073978454,0.03143830161206648,0.02716149248307872,0.020060268871590133,0.016699881309452415,0.016876738398920378,0.010900342395795225,0.00860151136459996,0.017209647493235516,0.0061571645113304525,-0,0.006068754118689121,0.006006346873211892,0.006099957769517166,0.009241221106812489,0.006229973182845335,0.003135694542141295,0.013079644834287588,0.007493739936929543,-0,0.0045501990741136835,0.01101996760680905,0.01178453523827202,0.012257844643743538,0.012486699088217054,0.004399386096655418,0.007051678114582748,0.012018588801434188
thuringia,2020,13,2020-03-23,2020.224043715847,2020-03-29,2020.24043715847,male,0.0063339857475604045,-0,-0,-0,-0,-0,-0,-0,-0,-0,0.0054082812354987984,0.005720314623075404,0.0054706877632234,-0,0.005886733195387228,0.005881532606937609,-0,-0,-0,0.005663108361845575,0.01630455587268961,0.02160008556828771,0.011051174228849372,0.027390412528751847,0.02327000588856024,0.018281213111458527,0.013251288285829547,0.01292360582453632,0.01871296666461594,0.005548696028198445,0.01971173560989486,0.0273748043118027,-0,0.014265556610544404,0.007296111834213189,0.011051174228849372,0.007327316221550946,0.02191221613250108,0.007072480939606985,0.018302020429392843,0.010733907777395442,-0,0.007706971100667665,0.031511145690020156,0.0088199479527293,0.018135562119047578,0.008783541790988263,0.008549502788384242,0.015004164454808108,0.0067500380869473355,0.013443737677968907,0.006682429355280573,0.016653066298220602,0.016340967300420138,0.02425325508598765,0.0178182524409559,0.011295626749478021,0.011160397553490643,0.019794967221257495,0.005527893812761903,0.020408804469361337,-0,0.006339186381260658,0.0064171959491335275,0.006354788285470629,0.016049676592490326,-0,0.009958953600245485,0.013599778248516077,-0,0.007452133958149193,0.012611529209729022,-0,0.010661092799352354,0.006729235390917331,0.007244104563595258,0.005085848702057417,0.020642896853925143,0.0058243261683541825,0.00468541108093808,0.01014098877854045
thuringia,2020,14,2020-03-30,2020.2431693989072,2020-04-05,2020.25956284153,female,0.00671363337435913,-0,-0,-0,-0,-0,-0,-0,-0,0.011670109435255878,-0,-0,-0,-0,-0,-0,-0,-0,0.006318383849591955,0.024185623593384054,0.005990745073540965,0.006297581326245275,0.006297581326245275,0.012507504087659016,0.006542011501149185,0.007228502392555595,0.00763416036108147,0.014707679763955503,0.020684513388169623,0.012377472977715043,0.0088199479527293,0.012783171116096892,0.007993014278885702,0.011878156537120226,0.01645540338211426,0.01646580667475668,0.02465904588882532,0.01630455587268961,-0,0.016486613266285477,0.016039273383099933,0.012616730471292277,0.008689926063543336,0.017542558718875164,0.019446435737758457,0.010302220468631015,0.00993814962044355,0.028571447866759088,0.0043057782616826865,0.030465322640905113,0.014634859221278308,0.018005516934847407,0.024497769677749897,0.023358445531629923,0.006287180067692691,0.018104351245178223,0.020060268871590133,0.013917062185983183,0.02813440963721658,0.010900342395795225,0.017209647493235516,0.00860151136459996,0.01539948000554531,0.0061779669785036575,0.009105997253326543,0.006006346873211892,0.009152805470507532,0.009241221106812489,-0,0.003135694542141295,0.003270902870972542,0.007493739936929543,0.008679524326452942,0.018203185743359794,0.00550709160564713,0.01178453523827202,-0,0.01664786463291019,0.008804345308863735,0.007051678114582748,0.011555683884026953
thuringia,2020,14,2020-03-30,2020.2431693989072,2020-04-05,2020.25956284153,male,0.0063339857475604045,0.012309856929046825,-0,-0,-0,-0,0.00528866893337292,-0,0.005403080694905341,-0,0.0054082812354987984,-0,0.0054706877632234,-0,-0,-0,0.005678710063214445,-0,-0,0.011326833536955195,0.010869135864267278,0.005397880154826218,-0,-0,0.005819125586151741,-0,0.0066252220356052575,0.006464001746029936,-0,0.01109278308737655,0.0039417493941873135,0.0039105470384143285,0.010853532605523353,0.007134889464607528,0.010947152228198982,0.0036817303347937884,0.01098876100349089,0.02191221613250108,0.007072480939606985,0.0073221154890305085,0.007155692322920859,0.007457334703679101,-0,0.007878596818777955,0.004409786977610334,0.018135562119047578,0.008783541790988263,0.008549502788384242,0.011254017728641106,0.01350095249946718,0.006718834046028912,0.013360516231799818,0.01331890555866096,0.009802923954613985,0.01819278210312578,0.02672966877680145,0.014119916865459462,0.00557989936695659,0.0028288769461511125,0.013823437216201025,0.011659707102012232,0.008767939158040618,0.009506468917735723,0.0064171959491335275,0.015888427080825895,0.0032084989832143057,0.009854933784467555,0.009958953600245485,0.010198199966192732,0.0068904565028238135,0.018634938648657437,0.004201769753783715,0.00497663813593485,0.010661092799352354,0.033660091897678726,0.028972069470604087,0.010172194873091614,0.015482704714958174,0.02912815664528998,0.014052298551039937,0.018723370408923815
thuringia,2020,15,2020-04-06,2020.2622950819673,2020-04-12,2020.27868852459,female,-0,-0,-0,0.005782721525274816,-0,-0,-0,0.00567350949556945,-0,-0,-0,-0,-0,-0,-0,-0,0.006068754118689121,0.006224772560067722,0.018962657102494423,0.018135562119047578,0.011976979202098424,-0,0.012595925428149222,-0,0.006542011501149185,0.014458009756483522,0.015269441663739312,-0,0.006895657192178224,0.018567314462868325,0.017641392149282988,0.012783171116096892,0.011987381598810925,0.015841612800131105,0.012341064325200612,0.01646580667475668,0.0041081622745491805,0.008154239309067744,0.00400935456260728,0.012367070502966001,0.016039273383099933,-0,0.01303283308219876,0.0043837847791265904,0.009724909307364592,0.005153455357931754,0.00993814962044355,0.009522071772275523,0.017235656105985493,0.01904068561020909,0.02927383843104301,0.0035985245103836694,0.017495742948984615,0.016684276301027402,0.01886382116080424,0.024144004257039185,0.017194042331825046,0.008351870673165371,0.014062701362920286,0.008175042575181122,0.01147246545947112,0.00860151136459996,0.0030784911242383115,0.009267225734339593,0.003036888678013275,-0,0.006099957769517166,0.0030784911242383115,-0,0.003135694542141295,0.006542011501149185,0.003749335165157985,-0,-0,0.01101996760680905,0.005891933784351191,-0,0.004160166408873586,-0,0.017630988621446398,0.009709306391956513
thuringia,2020,15,2020-04-06,2020.2622950819673,2020-04-12,2020.27868852459,male,-0,-0,-0,-0,-0,-0,-0,-0,-0,-0,-0,-0,-0,0.005574698809193734,-0,-0,0.005678710063214445,0.005871131431604497,0.011638902441767738,0.005663108361845575,0.010869135864267278,0.005397880154826218,0.011051174228849372,0.005475888310578272,0.011633701278010085,0.006094757159748407,0.0066252220356052575,0.032317640514939114,0.0062351738061373,0.005548696028198445,0.011826144683617312,0.01173252347841739,0.007233703115713412,-0,0.007296111834213189,0.007368922100462836,0.007327316221550946,-0,0.0035361202294481955,0.0036609288662095077,0.007155692322920859,-0,0.0115608850399869,0.011815742319159573,0.013230482988800326,-0,0.013178469782645783,0.0042745756874694165,0.011254017728641106,0.0067500380869473355,0.003359308506831505,0.01002136558959044,-0,-0,0.009095595433007688,0.0178182524409559,0.008471490021595586,-0,0.016965167169226247,0.011061576440359837,0.005829526751076739,0.002922482122514309,0.003166896432976778,0.016044474987537857,-0,-0,0.01971173560989486,0.013277294918819153,0.003400911211008475,0.010333426659940269,0.011181202022291139,-0,0.009958953600245485,0.010661092799352354,0.020190319194557754,0.007244104563595258,0.015259038610442869,0.015482704714958174,-0,0.014052298551039937,0.01014098877854045
thuringia,2020,16,2020-04-13,2020.2814207650274,2020-04-19,2020.2978142076502,female,-0,-0,-0,-0,-0,0.005699512338984012,-0,-0,-0,-0,0.005678710063214445,0.005860730258351855,-0,0.006001146272799539,-0,0.006224772560067722,-0,0.006224772560067722,0.025283345615132038,0.01209140568038306,0.011976979202098424,0.006297581326245275,0.025194902698206924,0.01876498540697031,0.013090047451586399,0.007228502392555595,0.022905844237202794,0.014707679763955503,0.006895657192178224,0.030949208302808583,0.0088199479527293,0.012783171116096892,0.007993014278885702,0.00792020313877916,0.00411336268563894,0.008232251599903536,0.020549259773638633,0.012226637297539115,0.00400935456260728,-0,0.012028991206470531,0.004206970174240745,0.008689926063543336,-0,0.004862227312667634,0.005153455357931754,-0,0.019045887514883748,0.017235656105985493,0.015227829463040868,0.0036609288662095077,0.018005516934847407,0.010499859996536744,-0,0.003140894855977498,0.006032349883058143,0.005730715768236012,0.016699881309452415,0.011254017728641106,0.005449885578993458,0.01147246545947112,0.005735916341602262,0.0030784911242383115,0.0030888917409951843,0.006068754118689121,0.003000486564872446,-0,-0,0.006229973182845335,0.006271578183767644,0.003270902870972542,-0,0.008679524326452942,0.0045501990741136835,-0,0.017672602745281225,0.004087360635379416,0.004160166408873586,0.004399386096655418,0.007051678114582748,0.018026324142464724
thuringia,2020,16,2020-04-13,2020.2814207650274,2020-04-19,2020.2978142076502,male,-0,-0,-0,-0,-0,-0,-0,0.005392679615272976,-0,-0,-0,0.005720314623075404,-0,-0,0.005886733195387228,-0,-0,0.005871131431604497,0.011638902441767738,0.011326833536955195,0.005434283946279259,0.010801521776873102,0.011051174228849372,-0,-0,0.006094757159748407,0.0066252220356052575,0.006464001746029936,-0,0.01109278308737655,0.007883797606960438,0.00782138818313564,0.007233703115713412,-0,0.007296111834213189,0.0036817303347937884,0.007327316221550946,-0,0.0035361202294481955,-0,0.010733907777395442,0.0037285336695298504,0.0115608850399869,-0,0.004409786977610334,0.00906959089131662,0.004394185656960979,0.0042745756874694165,0.015004164454808108,0.0067500380869473355,-0,0.006682429355280573,0.003328106500541602,0.0032657025441347374,0.006063553512041092,0.011878156537120226,0.008471490021595586,0.008372674018343875,0.011311230140872703,-0,-0,0.002922482122514309,0.006339186381260658,0.0064171959491335275,0.0031772970674157778,0.0064171959491335275,0.003286503854617896,0.006635623361774643,0.0067968441834456396,-0,0.0037285336695298504,-0,0.019919814888100344,0.010661092799352354,0.006729235390917331,0.007244104563595258,0.010172194873091614,0.01032302459408969,0.011649304770849519,0.00468541108093808,0.015602340468103605
thuringia,2020,17,2020-04-20,2020.3005464480875,2020-04-26,2020.3169398907103,female,0.00671363337435913,-0,-0,0.005782721525274816,0.005590300484036865,0.005699512338984012,-0,-0,-0,-0,-0,-0,-0,-0,-0,-0,-0,0.006224772560067722,0.018962657102494423,-0,0.017969104341553854,0.018889830600928397,0.006297581326245275,0.01876498540697031,-0,-0,0.030543368410846265,0.007353319891966888,0.006895657192178224,-0,0.004409786977610334,0.012783171116096892,0.015987257367367187,0.01980016920139427,0.008227050776876028,0.004118563097248782,0.0041081622745491805,0.01630455587268961,0.012023790003689352,0.020611684475094802,0.012028991206470531,0.008409079892435596,0.004342181288592536,0.008773140035171583,-0,0.005153455357931754,0.014905336036696496,0.009522071772275523,0.01292360582453632,0.015227829463040868,0.007316914757024442,0.014400793881940366,0.024497769677749897,0.013344912225473633,0.022005855667115312,0.012070600847419764,0.011462063165765058,0.011134391979197931,0.008440284947649665,0.005449885578993458,0.005735916341602262,0.01147246545947112,0.012320259392350435,0.0030888917409951843,-0,-0,0.012200631190001126,0.006162365127346456,0.0031148932919855626,-0,0.013079644834287588,0.003749335165157985,-0,0.009100796342909912,-0,0.01178453523827202,0.012257844643743538,0.01664786463291019,0.004399386096655418,0.007051678114582748,0.017105613172310023
thuringia,2020,17,2020-04-20,2020.3005464480875,2020-04-26,2020.3169398907103,male,-0,-0,-0,-0,-0,-0,-0,-0,0.005403080694905341,-0,-0,-0,-0,0.005574698809193734,-0,-0,-0,0.017610181572017453,0.011638902441767738,0.005663108361845575,0.005434283946279259,0.010801521776873102,0.005522693260200158,0.010957554418900645,0.011633701278010085,0.0243781134572741,0.0066252220356052575,-0,0.012476296591617569,0.01109278308737655,0.007883797606960438,0.0039105470384143285,0.007233703115713412,0.003567322360554648,0.010947152228198982,0.007368922100462836,0.007327316221550946,-0,0.0035361202294481955,0.0073221154890305085,0.007155692322920859,0.01119160425981273,-0,0.003936549000260211,0.013230482988800326,0.00906959089131662,0.004394185656960979,0.008549502788384242,0.007498940686620647,0.0067500380869473355,0.006718834046028912,0.006682429355280573,0.003328106500541602,0.006536810847169685,0.003031688374572533,-0,0.008471490021595586,0.0027924749786266065,0.008481891717072247,0.002766473588848688,-0,0.011696115277466192,-0,0.0064171959491335275,0.006354788285470629,0.016049676592490326,0.009854933784467555,0.006635623361774643,0.010198199966192732,0.0034425139484697983,0.011181202022291139,0.008403879051716657,-0,0.0053302731811678185,0.033660091897678726,0.014484016992994944,0.005085848702057417,0.020642896853925143,0.011649304770849519,0.00468541108093808,0.012481497839660073
thuringia,2020,18,2020-04-27,2020.3196721311476,2020-05-03,2020.3360655737704,female,-0,-0,-0,-0,-0,-0,-0,0.00567350949556945,-0,-0,-0,-0,-0,-0,-0,0.006224772560067722,0.006068754118689121,-0,0.012642736786929665,-0,0.023956717655714922,0.006297581326245275,0.01889503249051205,0.006255976304517954,-0,-0,-0,-0,0.006895657192178224,-0,0.004409786977610334,0.0042589744073810495,0.003993753362091565,0.011878156537120226,0.00411336268563894,0.008232251599903536,-0,0.004076959818915024,0.008019018282199874,0.008242653247524817,0.00400935456260728,0.004206970174240745,0.008689926063543336,0.013157664514751354,0.014582844610372604,0.015456696978959239,0.00993814962044355,0.004763418167881299,0.008617113947610913,0.0076133573113537825,0.007316914757024442,-0,0.010499859996536744,-0,0.006287180067692691,0.006032349883058143,0.008596310504640502,0.00556429769523413,0.014062701362920286,0.005449885578993458,0.00860151136459996,0.01147246545947112,0.0030784911242383115,0.0061779669785036575,0.003036888678013275,-0,0.0030524895914443187,0.0030784911242383115,0.0031148932919855626,0.003135694542141295,-0,0.003749335165157985,-0,0.0045501990741136835,0.016528226474318904,0.005891933784351191,0.008175042575181122,0.004160166408873586,0.017604979810963983,0.003525719523239945,0.018952253310311876
thuringia,2020,18,2020-04-27,2020.3196721311476,2020-05-03,2020.3360655737704,male,-0,-0,0.005767119792704852,-0,-0,-0,-0,-0,-0,-0,-0,-0,-0,-0,-0,-0,-0,-0,0.011638902441767738,0.005663108361845575,-0,0.010801521776873102,0.005522693260200158,0.02191221613250108,-0,0.006094757159748407,0.0066252220356052575,-0,-0,0.01109278308737655,0.0039417493941873135,-0,-0,0.01069750027562577,-0,-0,0.0036609288662095077,0.0036505281350378074,0.0035361202294481955,-0,-0,0.0037285336695298504,0.0038533427681110123,0.007878596818777955,-0,0.00906959089131662,0.004394185656960979,0.008549502788384242,0.003749335165157985,0.0067500380869473355,0.003359308506831505,0.0033385071672246357,0.009990159585554366,0.0032657025441347374,0.003031688374572533,0.008908363023077718,0.0028236766635127155,0.011160397553490643,0.0028288769461511125,0.005527893812761903,0.002917281830520651,0.002922482122514309,0.006339186381260658,-0,0.0031772970674157778,0.0032084989832143057,0.003286503854617896,-0,0.003400911211008475,0.0068904565028238135,0.007452133958149193,0.004201769753783715,-0,-0,0.013459341713950376,0.007244104563595258,0.010172194873091614,0.020642896853925143,0.02912815664528998,0.02811359838457745,0.014822112251336231
thuringia,2020,19,2020-05-04,2020.3387978142077,2020-05-10,2020.3551912568305,female,-0,-0,-0,-0,-0,-0,-0,-0,-0,-0,-0,-0,-0,0.006001146272799539,0.006401594026198965,-0,0.006068754118689121,0.012450290359226115,0.012642736786929665,0.01209140568038306,0.005990745073540965,0.012595925428149222,-0,0.006255976304517954,0.01963370609523157,0.007228502392555595,0.00763416036108147,0.007353319891966888,0.013787027551257304,0.0061883682152110014,0.0088199479527293,0.012783171116096892,0.007993014278885702,-0,0.008227050776876028,0.008232251599903536,-0,0.004076959818915024,0.00400935456260728,0.008242653247524817,0.016039273383099933,0.004206970174240745,-0,0.008773140035171583,-0,-0,-0,0.009522071772275523,0.008617113947610913,0.003806539321038674,0.007316914757024442,0.0035985245103836694,0.006999671088432016,0.006672028019748792,0.009428454715250788,0.006032349883058143,0.005730715768236012,0.002782074421156427,0.005626704410198463,0.010900342395795225,0.005735916341602262,0.005735916341602262,0.01539948000554531,0.0030888917409951843,0.003036888678013275,-0,-0,0.006162365127346456,0.009345239694937212,0.003135694542141295,-0,-0,0.004342181288592536,0.009100796342909912,0.00550709160564713,-0,-0,0.012486699088217054,0.008804345308863735,0.007051678114582748,0.018952253310311876
thuringia,2020,19,2020-05-04,2020.3387978142077,2020-05-10,2020.3551912568305,male,-0,-0,-0,-0,-0,-0,-0,-0,-0,-0,-0,-0,-0,0.005574698809193734,0.005886733195387228,-0,-0,0.011737724652059486,0.005819125586151741,-0,0.005434283946279259,-0,0.005522693260200158,-0,-0,0.012190228750628793,0.013251288285829547,0.01292360582453632,-0,0.01109278308737655,-0,-0,0.003619325954004455,0.003567322360554648,0.0036505281350378074,0.0036817303347937884,0.0036609288662095077,-0,0.0035361202294481955,0.0036609288662095077,0.007155692322920859,-0,-0,-0,0.0088199479527293,-0,0.004394185656960979,0.0042745756874694165,0.007498940686620647,0.0033749095170002483,0.006718834046028912,-0,-0,0.006536810847169685,0.006063553512041092,0.002969284773888745,0.014119916865459462,0.0027924749786266065,-0,0.011061576440359837,0.005829526751076739,0.005845128502376657,0.009506468917735723,0.0032084989832143057,0.0031772970674157778,0.0032084989832143057,-0,-0,-0,0.0068904565028238135,-0,0.008403879051716657,0.00497663813593485,0.010661092799352354,0.020190319194557754,0.014484016992994944,0.010172194873091614,-0,-0,0.00468541108093808,0.01404189574124071
thuringia,2020,20,2020-05-11,2020.3579234972678,2020-05-17,2020.3743169398906,female,-0,-0,-0,-0,-0,-0,-0,-0,0.005741116915482853,-0,-0,-0,0.005834727334325187,0.006001146272799539,0.006401594026198965,-0,-0,-0,-0,-0,-0,-0,-0,0.012507504087659016,0.006542011501149185,-0,0.00763416036108147,0.007353319891966888,-0,-0,0.0088199479527293,-0,0.003993753362091565,0.0039573505791006425,0.00411336268563894,0.012351466794747181,-0,0.004076959818915024,0.00400935456260728,0.00412376350938448,0.016039273383099933,0.008409079892435596,0.004342181288592536,0.008773140035171583,0.004862227312667634,0.005153455357931754,0.004966237141599493,-0,0.0043057782616826865,0.0076133573113537825,0.010978358806546596,0.0035985245103836694,0.003499717766823437,0.013344912225473633,0.006287180067692691,0.012070600847419764,0.005730715768236012,0.00556429769523413,-0,0.010900342395795225,0.0028652789391583914,0.0028652789391583914,0.0061571645113304525,-0,0.003036888678013275,-0,-0,-0,-0,0.003135694542141295,-0,0.003749335165157985,-0,-0,-0,0.017672602745281225,-0,-0,0.008804345308863735,0.003525719523239945,0.008783541790988263
thuringia,2020,20,2020-05-11,2020.3579234972678,2020-05-17,2020.3743169398906,male,-0,-0,-0,-0,-0,-0,0.00528866893337292,-0,-0,-0,-0,-0,-0,-0,0.011774132882138057,0.005881532606937609,0.005678710063214445,-0,-0,-0,-0,0.005397880154826218,-0,0.010957554418900645,-0,-0,-0,-0,-0,-0,0.0039417493941873135,-0,0.007233703115713412,0.007134889464607528,-0,0.0036817303347937884,-0,0.0036505281350378074,0.0035361202294481955,0.0036609288662095077,0.003577723075084036,-0,0.0038533427681110123,0.003936549000260211,-0,-0,-0,-0,-0,0.0033749095170002483,-0,0.0033385071672246357,0.01331890555866096,0.0032657025441347374,0.003031688374572533,0.002969284773888745,-0,0.0027924749786266065,0.014135521104354294,0.00829466151684114,0.002917281830520651,-0,0.003166896432976778,-0,0.0031772970674157778,0.0064171959491335275,-0,-0,0.003400911211008475,0.0034425139484697983,0.007452133958149193,0.008403879051716657,-0,-0,-0,0.007244104563595258,0.010172194873091614,0.0051586558735601425,-0,0.00468541108093808,0.008580707927871615
thuringia,2020,21,2020-05-18,2020.377049180328,2020-05-24,2020.3934426229507,female,-0,-0,-0,-0,-0,-0,-0,-0,-0,-0,-0,-0,-0,-0,-0,-0,-0,-0,0.012642736786929665,0.006042751090638643,-0,-0,-0,-0,-0,-0,-0,0.014707679763955503,-0,0.012377472977715043,-0,0.0042589744073810495,0.003993753362091565,-0,0.008227050776876028,0.012351466794747181,-0,0.012226637297539115,0.008019018282199874,0.00412376350938448,0.00400935456260728,0.012616730471292277,0.004342181288592536,0.0043837847791265904,0.004862227312667634,0.010302220468631015,0.014905336036696496,-0,0.017235656105985493,0.0076133573113537825,0.010978358806546596,0.007202498784557124,0.013995083122900976,0.006672028019748792,0.01886382116080424,0.003016087467382218,-0,0.002782074421156427,0.011254017728641106,0.0027248713922515093,0.0028652789391583914,0.0028652789391583914,0.0030784911242383115,0.0061779669785036575,0.003036888678013275,0.003000486564872446,0.0030524895914443187,-0,0.0031148932919855626,0.006271578183767644,0.006542011501149185,-0,0.008679524326452942,-0,-0,0.005891933784351191,-0,-0,0.008804345308863735,-0,0.004160166408873586
thuringia,2020,21,2020-05-18,2020.377049180328,2020-05-24,2020.3934426229507,male,-0,-0,0.005767119792704852,-0,-0,-0,-0,-0,-0,0.005512292156648544,-0,-0,-0,-0,-0,-0,-0,-0,-0,0.005663108361845575,-0,-0,-0,-0,-0,-0,-0,-0,0.0062351738061373,0.005548696028198445,0.0039417493941873135,-0,-0,-0,-0,-0,-0,0.0036505281350378074,-0,-0,-0,0.0037285336695298504,0.0038533427681110123,0.003936549000260211,0.004409786977610334,-0,0.004394185656960979,0.008549502788384242,-0,0.0067500380869473355,-0,0.0033385071672246357,-0,0.0032657025441347374,-0,0.002969284773888745,0.0028236766635127155,0.00557989936695659,-0,0.002766473588848688,0.002917281830520651,0.008767939158040618,-0,-0,-0,0.0032084989832143057,0.003286503854617896,0.003317705835938835,-0,-0,0.0037285336695298504,-0,0.00497663813593485,-0,-0,-0,0.005085848702057417,0.0051586558735601425,-0,-0,0.004680210612638647
thuringia,2020,22,2020-05-25,2020.396174863388,2020-05-31,2020.4125683060108,female,-0,-0,-0,-0,-0,-0,-0,0.011347638072338734,-0,-0,-0,-0,-0,-0,-0,-0,-0,-0,-0,-0,0.005990745073540965,0.006297581326245275,-0,-0,0.006542011501149185,0.014458009756483522,0.00763416036108147,0.007353319891966888,-0,-0,-0,-0,0.015987257367367187,-0,0.00411336268563894,0.008232251599903536,-0,0.004076959818915024,-0,0.00412376350938448,0.012028991206470531,0.016819519862976896,-0,0.008773140035171583,0.004862227312667634,0.005153455357931754,-0,0.009522071772275523,-0,0.003806539321038674,-0,0.0035985245103836694,0.006999671088432016,-0,0.006287180067692691,0.003016087467382218,-0,-0,0.002813276099801863,0.008175042575181122,0.005735916341602262,-0,0.009236020182871087,0.0030888917409951843,0.003036888678013275,0.003000486564872446,0.0030524895914443187,0.0030784911242383115,0.009345239694937212,-0,0.003270902870972542,-0,-0,0.0045501990741136835,0.00550709160564713,0.005891933784351191,-0,0.00832586650339889,0.017604979810963983,0.007051678114582748,0.013870249680017977
thuringia,2020,22,2020-05-25,2020.396174863388,2020-05-31,2020.4125683060108,male,-0,-0,-0,0.005517492708164296,-0,-0,-0,0.005392679615272976,-0,-0,-0,-0,0.010936750039578199,-0,0.011774132882138057,-0,-0,0.005871131431604497,0.005819125586151741,0.005663108361845575,-0,0.005397880154826218,0.005522693260200158,-0,0.005819125586151741,-0,-0,-0,-0,-0,-0,-0,0.003619325954004455,-0,-0,0.0036817303347937884,0.0036609288662095077,0.0036505281350378074,-0,0.0073221154890305085,-0,-0,-0,-0,0.004409786977610334,0.0045345977113313085,0.004394185656960979,-0,-0,-0,0.003359308506831505,-0,-0,0.0032657025441347374,-0,0.002969284773888745,-0,0.0027924749786266065,0.005652707230202153,0.005527893812761903,-0,-0,0.006339186381260658,0.0032084989832143057,0.006354788285470629,0.0064171959491335275,-0,-0,0.003400911211008475,-0,-0,-0,0.00497663813593485,-0,0.006729235390917331,0.014484016992994944,-0,-0,0.0058243261683541825,0.014052298551039937,0.006240374429955163
thuringia,2020,23,2020-06-01,2020.4153005464482,2020-06-07,2020.431693989071,female,-0,-0,-0,0.005782721525274816,-0,0.005699512338984012,0.005569498251956764,-0,-0,-0,-0,-0,0.005834727334325187,-0,-0,-0,-0,-0,0.006318383849591955,0.01209140568038306,-0,0.006297581326245275,0.006297581326245275,-0,-0,-0,-0,-0,0.006895657192178224,-0,0.004409786977610334,-0,-0,-0,-0,-0,0.0041081622745491805,0.008154239309067744,0.00400935456260728,-0,-0,-0,-0,0.0043837847791265904,-0,-0,0.00993814962044355,0.004763418167881299,0.0043057782616826865,0.011420454011749976,0.0036609288662095077,-0,0.003499717766823437,0.0033385071672246357,0.003140894855977498,0.006032349883058143,0.0028652789391583914,0.008351870673165371,-0,-0,-0,-0,0.0030784911242383115,-0,-0,-0,0.0030524895914443187,-0,0.0031148932919855626,-0,-0,-0,0.008679524326452942,-0,-0,-0,-0,-0,-0,-0,0.0023088512568800955
thuringia,2020,23,2020-06-01,2020.4153005464482,2020-06-07,2020.431693989071,male,-0,-0,-0,-0,-0,-0,-0,0.005392679615272976,-0,-0,-0,-0,0.0054706877632234,-0,0.005886733195387228,-0,-0,-0,-0,0.005663108361845575,-0,-0,-0,0.005475888310578272,0.005819125586151741,-0,-0,-0,-0,-0,-0,-0,-0,0.003567322360554648,-0,0.0036817303347937884,-0,-0,0.0035361202294481955,-0,-0,0.0037285336695298504,0.007706971100667665,0.003936549000260211,0.004409786977610334,-0,-0,0.0042745756874694165,0.003749335165157985,0.0033749095170002483,-0,-0,-0,-0,0.006063553512041092,-0,-0,-0,0.0028288769461511125,-0,0.005829526751076739,-0,-0,-0,-0,-0,-0,0.006635623361774643,-0,-0,-0,0.004201769753783715,0.00497663813593485,-0,0.006729235390917331,0.007244104563595258,-0,-0,-0,-0,0.0023400526515775636
thuringia,2020,24,2020-06-08,2020.4344262295083,2020-06-14,2020.450819672131,female,-0,-0,-0,0.005782721525274816,-0,-0,-0,-0,-0,-0,-0,-0,-0,-0,-0,-0,-0,-0,-0,-0,-0,0.006297581326245275,-0,-0,0.013090047451586399,-0,-0,-0,0.006895657192178224,-0,-0,-0,-0,0.0039573505791006425,-0,0.004118563097248782,0.0041081622745491805,-0,0.008019018282199874,0.00412376350938448,-0,-0,-0,-0,0.009724909307364592,0.005153455357931754,-0,0.004763418167881299,0.0043057782616826865,0.003806539321038674,0.0036609288662095077,0.0035985245103836694,-0,0.0033385071672246357,0.003140894855977498,0.003016087467382218,0.005730715768236012,0.00556429769523413,0.005626704410198463,-0,0.005735916341602262,-0,-0,0.0030888917409951843,-0,-0,-0,0.0030784911242383115,-0,-0,-0,-0,-0,0.0045501990741136835,-0,-0,-0,-0,-0,-0,0.009709306391956513
thuringia,2020,24,2020-06-08,2020.4344262295083,2020-06-14,2020.450819672131,male,-0,-0,0.005767119792704852,-0,-0,-0,-0,-0,-0,-0,0.0054082812354987984,-0,-0,-0,0.005886733195387228,-0,-0,-0,-0,-0,-0,-0,0.005522693260200158,-0,0.005819125586151741,0.006094757159748407,-0,-0,-0,-0,0.0039417493941873135,-0,-0,-0,-0,-0,-0,-0,0.0035361202294481955,-0,-0,0.0037285336695298504,-0,-0,-0,0.0045345977113313085,-0,-0,-0,-0,0.003359308506831505,-0,-0,-0,-0,0.002969284773888745,0.0028236766635127155,-0,0.0028288769461511125,-0,0.002917281830520651,-0,-0,0.0032084989832143057,0.006354788285470629,0.0064171959491335275,-0,0.003317705835938835,0.003400911211008475,-0,-0,-0,0.00497663813593485,-0,-0,-0,0.005085848702057417,0.01032302459408969,-0,-0,0.0023400526515775636
thuringia,2020,25,2020-06-15,2020.4535519125684,2020-06-21,2020.4699453551912,female,-0,0.006271578183767644,0.0060739547258630445,-0,-0,-0,-0,-0,-0,-0,-0,-0,-0,-0,-0,-0,-0,-0,-0,-0,-0,-0,-0,-0,-0,-0,-0,-0,-0,-0,0.004409786977610334,-0,-0,-0,-0,-0,0.008216649132375735,-0,-0,-0,0.00400935456260728,-0,-0,-0,0.004862227312667634,-0,-0,-0,-0,0.0076133573113537825,-0,-0,-0,0.0033385071672246357,0.003140894855977498,-0,-0,-0,0.005626704410198463,-0,-0,-0,-0,0.0030888917409951843,-0,-0,-0,-0,0.0031148932919855626,-0,-0,0.003749335165157985,0.004342181288592536,-0,-0,-0,-0,0.004160166408873586,-0,-0,0.0018512329521433405
thuringia,2020,25,2020-06-15,2020.4535519125684,2020-06-21,2020.4699453551912,male,-0,0.0061571645113304525,-0,-0,-0,-0,-0,-0,0.005403080694905341,-0,-0,-0,-0,-0,0.005886733195387228,-0,-0,-0,-0,-0,-0,-0,-0,-0,-0,0.006094757159748407,-0,-0,-0,0.005548696028198445,-0,-0,0.003619325954004455,-0,0.0036505281350378074,0.0036817303347937884,0.0036609288662095077,-0,-0,-0,-0,0.0037285336695298504,-0,0.003936549000260211,-0,-0,-0,-0,-0,-0,-0,-0,-0,-0,-0,-0,-0,-0,0.0028288769461511125,-0,0.005829526751076739,-0,-0,-0,0.0031772970674157778,-0,-0,-0,-0,-0,0.0037285336695298504,-0,-0,-0,-0,-0,-0,0.0051586558735601425,0.0058243261683541825,-0,0.001560023400466684
thuringia,2020,26,2020-06-22,2020.4726775956285,2020-06-28,2020.4890710382513,female,-0,-0,-0,-0,-0,-0,-0,-0,-0,-0,-0,-0,-0,-0,-0,-0,-0,-0,-0,-0,-0,-0,-0,-0,-0,-0,-0,0.007353319891966888,-0,-0,-0,-0,-0,-0,-0,-0,0.0041081622745491805,-0,-0,-0,-0,-0,-0,-0,-0,-0,-0,-0,0.0043057782616826865,-0,-0,-0,-0,-0,-0,-0,-0,-0,-0,-0,-0,-0,-0,-0,-0,-0,-0,-0,-0,-0,-0,-0,-0,-0,-0,-0,-0,-0,0.004399386096655418,-0,0.00277167386576647
thuringia,2020,26,2020-06-22,2020.4726775956285,2020-06-28,2020.4890710382513,male,-0,-0,0.005767119792704852,-0,-0,-0,-0,-0,-0,-0,-0,-0,-0,-0,-0,-0,-0,-0,-0,-0,-0,-0,0.005522693260200158,0.005475888310578272,-0,-0,-0,-0,-0,-0,-0,-0,-0,-0,-0,-0,-0,-0,-0,-0,-0,-0,-0,-0,-0,-0,-0,-0,-0,-0,-0,-0,0.003328106500541602,-0,-0,0.002969284773888745,-0,-0,-0,0.002766473588848688,-0,-0,0.006339186381260658,-0,-0,-0,-0,-0,-0,-0,-0,-0,-0,-0,-0,-0,-0,-0,-0,-0,7.800058500578373e-4
thuringia,2020,27,2020-06-29,2020.4918032786886,2020-07-05,2020.5081967213114,female,-0,-0,-0,-0,-0,-0,-0,-0,-0,-0,-0,-0,-0,0.006001146272799539,-0,-0,-0,-0,-0,-0,-0,-0,-0,-0,-0,-0,-0,-0,-0,-0,0.004409786977610334,0.0042589744073810495,-0,0.0039573505791006425,-0,0.004118563097248782,-0,-0,0.00400935456260728,-0,-0,-0,-0,-0,-0,0.005153455357931754,-0,-0,-0,-0,-0,-0,0.003499717766823437,-0,-0,-0,-0,-0,-0,-0,-0,-0,-0,-0,0.003036888678013275,-0,-0,-0,-0,-0,-0,-0,-0,0.0045501990741136835,-0,-0,-0,-0,-0,-0,4.6280205947109467e-4
thuringia,2020,27,2020-06-29,2020.4918032786886,2020-07-05,2020.5081967213114,male,-0,-0,-0,-0,-0,-0,-0,0.005392679615272976,-0,-0,-0,-0,-0,-0,-0,-0,-0,-0,-0,-0,-0,0.005397880154826218,-0,-0,-0,-0,-0,-0,-0,-0,-0,-0,-0,0.003567322360554648,-0,-0,0.0036609288662095077,0.0036505281350378074,-0,0.0036609288662095077,-0,-0,-0,-0,-0,-0,-0,-0,-0,-0,-0,-0,-0,-0,-0,-0,-0,0.0027924749786266065,-0,-0,-0,-0,-0,-0,-0,-0,-0,0.003317705835938835,0.003400911211008475,-0,-0,-0,-0,-0,-0,-0,-0,-0,-0,0.00468541108093808,7.800058500578373e-4
thuringia,2020,28,2020-07-06,2020.5109289617487,2020-07-12,2020.5273224043715,female,-0,0.006271578183767644,-0,-0,-0,-0,-0,-0,-0,-0,-0,-0,-0,-0,-0,0.006224772560067722,-0,-0,-0,0.006042751090638643,-0,-0,-0,-0,-0,-0,-0,-0,-0,-0,-0,-0,-0,-0,-0,-0,-0,-0,-0,-0,-0,-0,-0,-0,-0,-0,-0,-0,-0,-0,-0,-0,-0,-0,-0,-0,-0,-0,-0,-0,0.0028652789391583914,-0,-0,-0,-0,-0,0.0030524895914443187,-0,0.0031148932919855626,-0,-0,-0,0.004342181288592536,-0,-0,-0,-0,-0,-0,-0,0.001388418535472331
thuringia,2020,28,2020-07-06,2020.5109289617487,2020-07-12,2020.5273224043715,male,-0,-0,-0,-0,-0,-0,-0,-0,-0,-0,-0,-0,0.0054706877632234,-0,-0,-0,-0,-0,-0,0.005663108361845575,-0,-0,-0,-0,-0,-0,-0,-0,0.0062351738061373,-0,0.0039417493941873135,0.0039105470384143285,-0,-0,0.007296111834213189,-0,-0,-0,-0,0.0036609288662095077,0.003577723075084036,-0,-0,-0,-0,-0,-0,-0,-0,-0,-0,-0,-0,-0,-0,-0,-0,-0,-0,-0,-0,0.002922482122514309,-0,-0,-0,-0,-0,0.003317705835938835,-0,-0,-0,-0,-0,-0,-0,-0,-0,-0,0.0058243261683541825,-0,-0
thuringia,2020,29,2020-07-13,2020.5300546448088,2020-07-19,2020.5464480874316,female,-0,-0,-0,-0,0.005590300484036865,-0,-0,-0,-0,-0,-0,-0,-0,-0,-0,-0,-0,-0,0.006318383849591955,-0,0.005990745073540965,-0,0.006297581326245275,-0,-0,0.007228502392555595,0.00763416036108147,-0,-0,-0,0.004409786977610334,-0,-0,-0,-0,-0,0.0041081622745491805,0.004076959818915024,-0,-0,-0,-0,-0,-0,-0,-0,-0,-0,-0,0.003806539321038674,-0,-0,-0,0.0033385071672246357,-0,-0,-0,-0,-0,-0,-0,-0,-0,-0,-0,-0,-0,-0,-0,-0,-0,-0,-0,-0,-0,-0,-0,-0,-0,-0,-0
thuringia,2020,29,2020-07-13,2020.5300546448088,2020-07-19,2020.5464480874316,male,-0,-0,-0,-0,-0,-0,-0,-0,-0,-0,-0,-0,-0,-0,-0,-0,-0,-0,-0,-0,-0,-0,-0,-0,-0,-0,0.0066252220356052575,-0,-0,-0,0.007883797606960438,-0,0.003619325954004455,0.003567322360554648,-0,-0,-0,-0,-0,-0,-0,-0,-0,0.007878596818777955,-0,0.0045345977113313085,-0,-0,-0,0.0033749095170002483,-0,0.006682429355280573,-0,0.0032657025441347374,0.003031688374572533,-0,-0,0.0027924749786266065,-0,-0,-0,0.002922482122514309,-0,-0,0.0031772970674157778,-0,-0,-0,0.003400911211008475,-0,-0,-0,-0,-0,-0,-0,-0,-0,-0,-0,7.800058500578373e-4
thuringia,2020,30,2020-07-20,2020.549180327869,2020-07-26,2020.5655737704917,female,-0,-0,-0,-0,-0,-0,-0,-0,-0,0.005834727334325187,0.005678710063214445,0.005860730258351855,-0,0.006001146272799539,-0,-0,-0,-0,-0,-0,-0,-0,-0,-0,-0,-0,-0,-0,-0,0.0061883682152110014,-0,0.0042589744073810495,-0,-0,-0,-0,-0,-0,-0,-0,-0,-0,-0,-0,-0,-0,-0,-0,-0,-0,0.0036609288662095077,-0,-0,-0,-0,0.003016087467382218,-0,0.00556429769523413,-0,-0,-0,-0,-0,-0,-0,-0,-0,-0,-0,-0,-0,-0,-0,-0,-0,-0,-0,-0,-0,-0,9.256082379355073e-4
thuringia,2020,30,2020-07-20,2020.549180327869,2020-07-26,2020.5655737704917,male,-0,-0,0.005767119792704852,-0,-0,0.00528866893337292,-0,-0,-0,-0,-0,0.011436057440606802,-0,-0,-0,-0,-0,-0,-0,-0,-0,-0,-0,-0,-0,-0,-0,-0,-0,0.005548696028198445,-0,0.00782138818313564,0.003619325954004455,-0,-0,-0,-0,-0,-0,-0,-0,-0,-0,-0,-0,-0,0.004394185656960979,-0,-0,-0,-0,-0,-0,-0,-0,-0,-0,0.0027924749786266065,-0,-0,-0,-0,-0,-0,0.0031772970674157778,-0,0.003286503854617896,-0,-0,-0,-0,-0,-0,-0,-0,-0,-0,-0,-0,-0,7.800058500578373e-4
thuringia,2020,31,2020-07-27,2020.568306010929,2020-08-02,2020.5846994535518,female,-0,-0,-0,-0,-0,0.005699512338984012,-0,-0,0.005741116915482853,-0,0.005678710063214445,-0,-0,-0,-0,-0,-0,-0,0.006318383849591955,-0,-0,-0,-0,-0,-0,-0,-0,-0,-0,-0,0.004409786977610334,-0,-0,-0,0.00411336268563894,-0,-0,-0,-0,-0,-0,-0,0.004342181288592536,-0,-0,-0,-0,0.004763418167881299,-0,-0,-0,0.0035985245103836694,-0,-0,-0,0.003016087467382218,-0,0.002782074421156427,-0,-0,-0,-0,-0,-0,-0,-0,-0,-0,-0,-0,-0,-0,-0,-0,-0,0.005891933784351191,-0,-0,-0,-0,0.0023088512568800955
thuringia,2020,31,2020-07-27,2020.568306010929,2020-08-02,2020.5846994535518,male,-0,-0,-0,-0,-0,-0,-0,-0,-0,-0,-0,-0,-0,-0,-0,-0,-0,-0,-0,-0,0.005434283946279259,-0,-0,-0,-0,-0,-0,-0,-0,0.005548696028198445,-0,-0,0.003619325954004455,-0,-0,-0,-0,0.0036505281350378074,-0,-0,-0,-0,0.0038533427681110123,-0,-0,-0,-0,0.0042745756874694165,0.003749335165157985,-0,0.003359308506831505,-0,-0,-0,-0,-0,-0,-0,-0,-0,0.002917281830520651,-0,-0,-0,-0,-0,-0,-0,-0,0.0068904565028238135,0.0037285336695298504,-0,-0,-0,-0,-0,-0,-0,0.0058243261683541825,-0,-0
thuringia,2020,32,2020-08-03,2020.5874316939892,2020-08-09,2020.603825136612,female,-0,-0,-0,0.011571287353461718,0.005590300484036865,-0,-0,-0,-0,-0,-0,-0,-0,-0,-0,-0,-0,0.012450290359226115,0.006318383849591955,0.01209140568038306,-0,-0,-0,0.012507504087659016,0.006542011501149185,-0,-0,-0,-0,-0,0.0088199479527293,-0,-0,-0,0.00411336268563894,0.004118563097248782,0.0041081622745491805,-0,-0,0.00412376350938448,-0,-0,-0,-0,0.004862227312667634,0.005153455357931754,-0,-0,-0,0.003806539321038674,-0,-0,0.003499717766823437,-0,-0,-0,-0,-0,-0,-0,-0,0.0028652789391583914,-0,-0,-0,-0,-0,-0,-0,-0,-0,-0,-0,-0,-0,-0,-0,-0,-0,-0,0.001388418535472331
thuringia,2020,32,2020-08-03,2020.5874316939892,2020-08-09,2020.603825136612,male,-0,0.0061571645113304525,-0,-0,-0,0.00528866893337292,-0,-0,-0,-0,-0,-0,-0,-0,-0,-0,-0,-0,0.005819125586151741,-0,0.010869135864267278,0.010801521776873102,0.016575041373158923,-0,0.005819125586151741,-0,-0,0.006464001746029936,-0,-0,0.0039417493941873135,0.0039105470384143285,0.003619325954004455,0.003567322360554648,-0,-0,0.0036609288662095077,-0,0.0035361202294481955,0.0073221154890305085,-0,0.0037285336695298504,-0,-0,-0,-0,-0,-0,-0,-0,-0,-0,-0,-0,0.003031688374572533,-0,-0,-0,-0,-0,-0,-0,0.003166896432976778,-0,-0,-0,-0,0.003317705835938835,0.003400911211008475,-0,-0,-0,-0,-0,-0,-0,-0,-0,-0,-0,7.800058500578373e-4
thuringia,2020,33,2020-08-10,2020.6065573770493,2020-08-16,2020.622950819672,female,-0,-0,-0,-0,-0,-0,-0,-0,-0,-0,-0,-0,-0,-0,-0,-0,-0,-0,0.018962657102494423,0.006042751090638643,-0,0.006297581326245275,0.006297581326245275,0.012507504087659016,0.006542011501149185,-0,0.00763416036108147,-0,0.013787027551257304,-0,0.004409786977610334,-0,0.003993753362091565,-0,0.00411336268563894,-0,-0,0.004076959818915024,-0,-0,-0,-0,-0,-0,0.014582844610372604,-0,-0,-0,0.0043057782616826865,-0,-0,-0,0.003499717766823437,-0,0.003140894855977498,0.003016087467382218,0.0028652789391583914,-0,0.002813276099801863,-0,-0,-0,-0,-0,-0,-0,-0,-0,-0,0.003135694542141295,-0,-0,-0,-0,-0,-0,-0,-0,-0,-0,4.6280205947109467e-4
thuringia,2020,33,2020-08-10,2020.6065573770493,2020-08-16,2020.622950819672,male,-0,0.0061571645113304525,-0,-0,-0,0.00528866893337292,-0,-0,-0,-0,0.0054082812354987984,-0,0.0054706877632234,-0,0.005886733195387228,-0,0.005678710063214445,0.023478099405787368,0.005819125586151741,0.005663108361845575,0.005434283946279259,-0,-0,0.005475888310578272,0.02327000588856024,-0,0.0066252220356052575,-0,-0,-0,0.0039417493941873135,0.0039105470384143285,-0,0.003567322360554648,0.0036505281350378074,-0,-0,0.0036505281350378074,0.0035361202294481955,0.0036609288662095077,0.003577723075084036,-0,0.007706971100667665,0.003936549000260211,-0,0.0045345977113313085,-0,-0,-0,0.0033749095170002483,-0,-0,-0,-0,0.003031688374572533,0.002969284773888745,0.005647506665163499,-0,0.0028288769461511125,-0,-0,-0,-0,-0,0.0031772970674157778,-0,-0,-0,0.003400911211008475,-0,0.0037285336695298504,-0,-0,-0,-0,-0,-0,-0,-0,-0,0.0031200936037415155
thuringia,2020,34,2020-08-17,2020.6256830601094,2020-08-23,2020.6420765027322,female,0.00671363337435913,-0,-0,-0,-0,-0,0.005569498251956764,-0,-0,0.005834727334325187,-0,0.011727322305289757,0.005834727334325187,-0,-0,-0,-0,0.006224772560067722,0.006318383849591955,-0,-0,-0,-0,0.006255976304517954,0.006542011501149185,-0,-0,-0,-0,0.0061883682152110014,-0,0.0042589744073810495,-0,-0,-0,0.004118563097248782,0.0041081622745491805,-0,-0,0.00412376350938448,0.00400935456260728,-0,-0,-0,-0,-0,-0,-0,-0,-0,-0,-0,0.010499859996536744,-0,-0,0.006032349883058143,-0,0.002782074421156427,0.002813276099801863,-0,-0,-0,-0,0.0030888917409951843,-0,-0,0.0030524895914443187,-0,-0,-0,-0,-0,-0,0.0045501990741136835,-0,-0,-0,-0,-0,-0,9.256082379355073e-4
thuringia,2020,34,2020-08-17,2020.6256830601094,2020-08-23,2020.6420765027322,male,0.0063339857475604045,-0,-0,-0,-0,-0,-0,0.005392679615272976,-0,-0,0.0054082812354987984,-0,0.0054706877632234,-0,-0,-0,-0,-0,0.011638902441767738,0.011326833536955195,0.005434283946279259,-0,-0,-0,-0,0.006094757159748407,-0,0.01292360582453632,0.0062351738061373,0.005548696028198445,0.007883797606960438,-0,-0,-0,-0,-0,0.0036609288662095077,-0,-0,0.0036609288662095077,-0,0.0037285336695298504,-0,-0,0.004409786977610334,0.0045345977113313085,0.004394185656960979,-0,-0,-0,0.003359308506831505,-0,0.003328106500541602,-0,-0,0.00593873910845527,-0,-0,-0,-0,-0,-0,-0,-0,-0,0.0032084989832143057,-0,-0,-0,-0,-0,0.004201769753783715,-0,-0,-0,-0,-0,-0,-0,-0,7.800058500578373e-4
thuringia,2020,35,2020-08-24,2020.6448087431695,2020-08-30,2020.6612021857923,female,-0,-0,-0,-0,-0,0.005699512338984012,-0,-0,0.005741116915482853,-0,-0,-0,-0,0.018000315134246866,0.012798774953864125,0.018676553575927277,0.006068754118689121,0.006224772560067722,0.006318383849591955,0.006042751090638643,-0,-0,0.01889503249051205,0.006255976304517954,0.006542011501149185,0.007228502392555595,-0,0.007353319891966888,-0,-0,0.0088199479527293,-0,-0,0.0039573505791006425,-0,-0,-0,-0,0.00400935456260728,-0,0.00400935456260728,-0,0.004342181288592536,0.008773140035171583,-0,-0,0.00993814962044355,-0,-0,0.003806539321038674,-0,-0,-0,-0,-0,-0,0.0028652789391583914,-0,-0,-0,-0,-0,-0,-0,-0,-0,-0,-0,-0,-0,-0,-0,-0,-0,-0,-0,-0,-0,-0,-0,-0
thuringia,2020,35,2020-08-24,2020.6448087431695,2020-08-30,2020.6612021857923,male,-0,-0,-0,0.005517492708164296,0.00537707799972235,-0,-0,0.005392679615272976,-0,-0,-0,0.005720314623075404,0.010936750039578199,0.005574698809193734,0.005886733195387228,0.005881532606937609,-0,0.005871131431604497,0.017454128966685363,-0,0.005434283946279259,0.005397880154826218,-0,0.005475888310578272,0.029091736262624658,-0,-0,-0,0.0062351738061373,-0,-0,-0,-0,-0,0.0036505281350378074,0.0036817303347937884,-0,-0,-0,0.0036609288662095077,-0,0.0037285336695298504,0.0038533427681110123,-0,-0,-0,0.004394185656960979,-0,0.003749335165157985,0.0033749095170002483,0.003359308506831505,0.0033385071672246357,-0,-0,-0,-0,-0,-0,0.0028288769461511125,-0,-0,-0,-0,0.0032084989832143057,-0,-0,-0,-0,0.003400911211008475,0.0034425139484697983,-0,0.004201769753783715,-0,-0,-0,-0,-0,0.0051586558735601425,-0,-0,7.800058500578373e-4
thuringia,2020,36,2020-08-31,2020.6639344262296,2020-09-06,2020.6803278688524,female,-0,-0,-0,-0,-0,0.011399649447227923,-0,-0,-0,-0,0.005678710063214445,0.005860730258351855,-0,-0,0.006401594026198965,0.012450290359226115,0.006068754118689121,0.012450290359226115,-0,0.01209140568038306,-0,0.006297581326245275,-0,0.012507504087659016,-0,0.007228502392555595,-0,-0,-0,-0,-0,-0,0.003993753362091565,0.0039573505791006425,-0,-0,-0,-0,0.00400935456260728,0.00412376350938448,0.00400935456260728,-0,-0,0.008773140035171583,0.004862227312667634,0.005153455357931754,0.00993814962044355,-0,-0,0.003806539321038674,0.0036609288662095077,-0,-0,-0,-0,-0,0.0028652789391583914,-0,0.002813276099801863,-0,-0,-0,-0,-0,0.003036888678013275,-0,-0,-0,-0,-0,-0,-0,-0,-0,-0,-0,-0,-0,-0,-0,9.256082379355073e-4
thuringia,2020,36,2020-08-31,2020.6639344262296,2020-09-06,2020.6803278688524,male,-0,-0,-0,-0,-0,0.00528866893337292,-0,-0,-0,-0,-0,-0,-0,0.005574698809193734,0.005886733195387228,-0,-0,-0,0.011638902441767738,0.005663108361845575,0.005434283946279259,0.02700541121156181,0.005522693260200158,-0,0.005819125586151741,0.012190228750628793,-0,-0,-0,-0,0.0039417493941873135,0.0039105470384143285,0.007233703115713412,-0,-0,-0,-0,-0,-0,0.0036609288662095077,-0,-0,-0,0.003936549000260211,-0,-0,0.004394185656960979,0.012819580078166842,-0,-0,0.003359308506831505,-0,-0,-0,-0,-0,-0,-0,0.0028288769461511125,-0,0.002917281830520651,-0,-0,0.0032084989832143057,-0,-0,-0,-0,0.0067968441834456396,-0,-0,-0,0.00497663813593485,-0,-0,-0,-0,-0,-0,-0,7.800058500578373e-4
thuringia,2020,37,2020-09-07,2020.6830601092897,2020-09-13,2020.6994535519125,female,-0,-0,-0,-0,0.005590300484036865,0.005699512338984012,-0,-0,-0,0.005834727334325187,-0,-0,-0,-0,0.006401594026198965,-0,0.006068754118689121,-0,-0,0.006042751090638643,-0,-0,-0,0.012507504087659016,0.006542011501149185,-0,0.015269441663739312,0.007353319891966888,0.013787027551257304,0.012377472977715043,0.004409786977610334,0.0042589744073810495,0.003993753362091565,0.0039573505791006425,-0,0.004118563097248782,-0,-0,0.012023790003689352,-0,-0,0.004206970174240745,-0,-0,0.004862227312667634,-0,-0,0.004763418167881299,-0,-0,-0,-0,0.010499859996536744,0.0033385071672246357,-0,0.003016087467382218,0.0028652789391583914,0.002782074421156427,0.002813276099801863,0.0027248713922515093,-0,-0,0.0030784911242383115,0.0061779669785036575,0.003036888678013275,0.003000486564872446,-0,0.0030784911242383115,-0,0.003135694542141295,-0,-0,-0,0.0045501990741136835,-0,0.005891933784351191,0.008175042575181122,0.01664786463291019,0.026412306652358733,0.01410431263125295,0.0036973314416898846
thuringia,2020,37,2020-09-07,2020.6830601092897,2020-09-13,2020.6994535519125,male,0.0063339857475604045,-0,-0,-0,-0,-0,-0,-0,-0,-0,-0,0.005720314623075404,-0,-0,-0,-0,-0,-0,0.005819125586151741,0.005663108361845575,-0,-0,0.005522693260200158,-0,0.005819125586151741,0.012190228750628793,-0,0.006464001746029936,0.012476296591617569,0.01109278308737655,0.0039417493941873135,0.00782138818313564,0.003619325954004455,0.003567322360554648,0.0036505281350378074,0.0036817303347937884,-0,-0,-0,0.0036609288662095077,-0,0.0037285336695298504,-0,0.007878596818777955,-0,0.0045345977113313085,-0,-0,0.003749335165157985,0.0033749095170002483,-0,-0,-0,-0,-0,-0,0.0028236766635127155,0.0027924749786266065,0.0028288769461511125,-0,0.002917281830520651,-0,-0,-0,-0,-0,-0,-0,-0,0.0034425139484697983,0.011181202022291139,-0,-0,-0,-0,0.014484016992994944,-0,0.0051586558735601425,-0,0.009371244374477157,0.001560023400466684
thuringia,2020,38,2020-09-14,2020.7021857923498,2020-09-20,2020.7185792349726,female,-0,-0,-0,-0,-0,-0,0.005569498251956764,-0,-0,-0,-0,-0,0.005834727334325187,-0,-0,0.006224772560067722,0.012138216584987522,-0,-0,0.006042751090638643,-0,0.006297581326245275,-0,-0,-0,0.007228502392555595,0.00763416036108147,0.014707679763955503,-0,-0,0.004409786977610334,0.0042589744073810495,0.003993753362091565,0.00792020313877916,0.00411336268563894,0.008232251599903536,0.008216649132375735,-0,0.00400935456260728,0.00412376350938448,0.008019018282199874,0.008409079892435596,-0,-0,0.004862227312667634,0.005153455357931754,-0,-0,0.008617113947610913,-0,0.0036609288662095077,-0,0.003499717766823437,0.006672028019748792,-0,-0,0.011462063165765058,-0,0.011254017728641106,0.0027248713922515093,0.005735916341602262,0.005735916341602262,0.0061571645113304525,0.0061779669785036575,0.003036888678013275,0.003000486564872446,-0,-0,0.006229973182845335,0.003135694542141295,-0,-0,-0,0.0045501990741136835,0.00550709160564713,0.005891933784351191,-0,-0,0.008804345308863735,0.01410431263125295,0.005085848702057417
thuringia,2020,38,2020-09-14,2020.7021857923498,2020-09-20,2020.7185792349726,male,-0,-0,-0,-0,-0,-0,-0,-0,-0,0.005512292156648544,-0,-0,0.0054706877632234,-0,-0,0.005881532606937609,-0,0.011737724652059486,0.005819125586151741,0.005663108361845575,0.005434283946279259,0.005397880154826218,-0,-0,-0,-0,-0,0.01292360582453632,0.012476296591617569,0.005548696028198445,0.0039417493941873135,-0,0.003619325954004455,0.003567322360554648,0.0036505281350378074,0.007368922100462836,0.007327316221550946,0.010952353323286817,0.0035361202294481955,0.0036609288662095077,0.010733907777395442,0.0037285336695298504,0.0038533427681110123,0.003936549000260211,0.004409786977610334,-0,-0,-0,0.011254017728641106,-0,0.006718834046028912,-0,0.006661626686297544,-0,0.006063553512041092,0.002969284773888745,-0,-0,0.0028288769461511125,0.002766473588848688,-0,0.002922482122514309,-0,0.0032084989832143057,-0,0.0032084989832143057,-0,-0,0.003400911211008475,-0,0.007452133958149193,-0,-0,-0,0.006729235390917331,0.007244104563595258,-0,-0,0.0058243261683541825,-0,0.004680210612638647
thuringia,2020,39,2020-09-21,2020.72131147541,2020-09-27,2020.7377049180327,female,-0,-0,-0,-0,-0,-0,-0,-0,0.005741116915482853,-0,-0,0.011727322305289757,0.005834727334325187,-0,-0,0.006224772560067722,0.006068754118689121,-0,-0,0.006042751090638643,0.011976979202098424,0.006297581326245275,-0,-0,-0,-0,0.00763416036108147,-0,0.006895657192178224,0.0061883682152110014,0.004409786977610334,0.0042589744073810495,-0,0.0039573505791006425,0.00411336268563894,-0,0.0041081622745491805,0.012226637297539115,-0,0.008242653247524817,0.00400935456260728,0.004206970174240745,0.008689926063543336,0.013157664514751354,-0,-0,-0,0.004763418167881299,-0,-0,0.0036609288662095077,0.0035985245103836694,-0,-0,0.003140894855977498,0.003016087467382218,-0,0.008351870673165371,0.002813276099801863,0.0027248713922515093,-0,0.005735916341602262,0.0030784911242383115,0.0030888917409951843,0.003036888678013275,-0,0.006099957769517166,-0,-0,0.006271578183767644,0.003270902870972542,-0,-0,0.009100796342909912,-0,0.005891933784351191,0.004087360635379416,-0,-0,-0,0.00277167386576647
thuringia,2020,39,2020-09-21,2020.72131147541,2020-09-27,2020.7377049180327,male,-0,-0,-0,-0,-0,-0,-0,-0,-0,-0,-0,0.011436057440606802,0.010936750039578199,0.005574698809193734,-0,-0,0.01136324147934599,0.011737724652059486,0.005819125586151741,0.005663108361845575,0.021745746265098582,0.005397880154826218,0.005522693260200158,0.005475888310578272,-0,-0,-0,-0,0.012476296591617569,-0,-0,-0,0.003619325954004455,-0,0.007296111834213189,-0,0.01098876100349089,0.0036505281350378074,0.007072480939606985,-0,0.007155692322920859,-0,0.0038533427681110123,-0,0.004409786977610334,-0,-0,0.0042745756874694165,-0,0.0033749095170002483,-0,-0,-0,0.006536810847169685,-0,0.00593873910845527,-0,-0,-0,-0,-0,-0,0.003166896432976778,0.0064171959491335275,-0,-0,-0,-0,0.003400911211008475,0.0034425139484697983,0.011181202022291139,0.004201769753783715,-0,-0,0.006729235390917331,-0,0.010172194873091614,-0,-0,-0,0.001560023400466684
thuringia,2020,40,2020-09-28,2020.74043715847,2020-10-04,2020.7568306010928,female,0.00671363337435913,-0,-0,0.005782721525274816,-0,0.005699512338984012,0.005569498251956764,-0,-0,-0,0.017037990975324793,0.011727322305289757,-0,-0,-0,-0,-0,0.006224772560067722,-0,-0,0.005990745073540965,0.0251897001783634,0.006297581326245275,-0,-0,-0,-0,-0,0.013787027551257304,0.012377472977715043,0.004409786977610334,0.017043192679666256,0.003993753362091565,0.00792020313877916,0.00411336268563894,0.004118563097248782,-0,0.004076959818915024,0.00400935456260728,-0,0.00400935456260728,0.004206970174240745,0.008689926063543336,-0,-0,0.020611684475094802,-0,0.004763418167881299,-0,-0,0.0036609288662095077,0.007202498784557124,0.003499717766823437,0.0033385071672246357,-0,0.003016087467382218,-0,0.00556429769523413,0.002813276099801863,0.005449885578993458,0.005735916341602262,-0,0.0030784911242383115,0.0061779669785036575,0.003036888678013275,-0,0.0030524895914443187,0.0030784911242383115,0.0031148932919855626,-0,0.003270902870972542,0.003749335165157985,-0,-0,0.00550709160564713,0.005891933784351191,0.012257844643743538,0.004160166408873586,-0,0.010577875806439992,0.004623005495636393
thuringia,2020,40,2020-09-28,2020.74043715847,2020-10-04,2020.7568306010928,male,-0,-0,-0,-0,-0,-0,0.00528866893337292,-0,-0,-0,-0,0.005720314623075404,-0,-0,0.011774132882138057,-0,0.005678710063214445,0.005871131431604497,0.005819125586151741,-0,-0,0.005397880154826218,0.005522693260200158,0.010957554418900645,0.005819125586151741,0.006094757159748407,0.013251288285829547,0.006464001746029936,0.0062351738061373,-0,-0,0.0039105470384143285,0.007233703115713412,0.003567322360554648,0.0036505281350378074,0.018421662669086174,0.0036609288662095077,-0,0.007072480939606985,0.0036609288662095077,-0,0.0037285336695298504,0.0115608850399869,0.007878596818777955,0.013230482988800326,0.00906959089131662,0.004394185656960979,0.0042745756874694165,-0,-0,0.003359308506831505,0.0033385071672246357,-0,0.006536810847169685,0.003031688374572533,0.002969284773888745,0.0028236766635127155,-0,0.0028288769461511125,0.002766473588848688,0.002917281830520651,0.005845128502376657,-0,0.00962609092220405,-0,0.0032084989832143057,-0,-0,-0,-0,0.0037285336695298504,-0,-0,-0,-0,0.007244104563595258,-0,-0,0.0058243261683541825,-0,0.007020473892650622
thuringia,2020,41,2020-10-05,2020.75956284153,2020-10-11,2020.775956284153,female,-0,0.006271578183767644,-0,-0,-0,0.005699512338984012,-0,0.00567350949556945,-0,-0,-0,0.005860730258351855,0.011675310602655163,0.011997783997604384,-0,0.012450290359226115,0.006068754118689121,0.018681755444181294,0.006318383849591955,0.01209140568038306,0.029950223497072753,-0,0.006297581326245275,0.006255976304517954,-0,0.014458009756483522,-0,-0,-0,0.0061883682152110014,0.004409786977610334,0.012783171116096892,0.007993014278885702,0.015841612800131105,0.00411336268563894,0.004118563097248782,0.02465904588882532,0.004076959818915024,0.00400935456260728,0.008242653247524817,0.012028991206470531,-0,0.004342181288592536,-0,0.004862227312667634,0.010302220468631015,-0,0.004763418167881299,0.008617113947610913,0.003806539321038674,0.0036609288662095077,0.0035985245103836694,0.006999671088432016,0.006672028019748792,0.006287180067692691,0.012070600847419764,-0,0.002782074421156427,0.005626704410198463,0.005449885578993458,0.014338376636053524,0.005735916341602262,0.0061571645113304525,0.0061779669785036575,0.01518101577706131,0.003000486564872446,0.009152805470507532,0.006162365127346456,0.015576332672268944,0.006271578183767644,0.003270902870972542,0.003749335165157985,-0,0.013651791876088,0.016528226474318904,0.01178453523827202,-0,0.00832586650339889,0.008804345308863735,0.003525719523239945,0.006006346873211892
thuringia,2020,41,2020-10-05,2020.75956284153,2020-10-11,2020.775956284153,male,-0,-0,-0,-0,-0,-0,-0,-0,-0,-0,-0,0.011436057440606802,0.0054706877632234,0.005574698809193734,0.017662199211200397,0.005881532606937609,0.005678710063214445,-0,0.011638902441767738,0.005663108361845575,0.005434283946279259,-0,0.005522693260200158,-0,0.017454128966685363,0.012190228750628793,0.0066252220356052575,0.006464001746029936,0.0062351738061373,0.005548696028198445,0.0039417493941873135,-0,0.01447361409682835,0.007134889464607528,0.0036505281350378074,-0,0.0036609288662095077,0.0036505281350378074,0.0035361202294481955,0.0073221154890305085,0.010733907777395442,0.007457334703679101,0.0038533427681110123,0.003936549000260211,0.013230482988800326,0.00906959089131662,0.004394185656960979,0.0042745756874694165,-0,0.0067500380869473355,0.003359308506831505,0.006682429355280573,0.003328106500541602,0.0032657025441347374,0.009095595433007688,0.002969284773888745,0.0028236766635127155,0.0027924749786266065,-0,0.011061576440359837,0.011659707102012232,0.008767939158040618,0.006339186381260658,-0,0.006354788285470629,0.016049676592490326,0.003286503854617896,0.006635623361774643,0.003400911211008475,0.0068904565028238135,0.0037285336695298504,0.01681431818101577,0.00497663813593485,-0,0.013459341713950376,0.014484016992994944,0.005085848702057417,-0,-0,0.00468541108093808,0.00546028667006821
thuringia,2020,42,2020-10-12,2020.77868852459,2020-10-18,2020.795081967213,female,-0,0.006271578183767644,-0,-0,0.005590300484036865,0.005699512338984012,0.005569498251956764,-0,0.005741116915482853,0.005834727334325187,-0,-0,-0,0.006001146272799539,0.006401594026198965,0.006224772560067722,0.036417949591265555,0.018681755444181294,0.025283345615132038,0.04837729651168076,0.017969104341553854,0.018889830600928397,0.01889503249051205,0.012507504087659016,0.045826987461351866,0.02169372454082502,0.00763416036108147,0.02206828211720402,0.03448223039841435,0.012377472977715043,-0,0.012783171116096892,0.007993014278885702,0.00792020313877916,0.02057006799913077,0.01646580667475668,0.0041081622745491805,0.012226637297539115,0.012023790003689352,0.00412376350938448,0.02004986485980289,0.004206970174240745,0.008689926063543336,0.013157664514751354,0.019446435737758457,0.025761980481260664,0.024846335019722523,0.019045887514883748,-0,0.011420454011749976,0.007316914757024442,0.03961828856001279,0.003499717766823437,0.016684276301027402,0.025153282554055953,0.018104351245178223,0.011462063165765058,0.011134391979197931,0.011254017728641106,0.021797768041415647,0.01147246545947112,0.01147246545947112,0.01539948000554531,0.009267225734339593,0.012143417799208247,0.012008186398478806,0.0030524895914443187,0.0030784911242383115,0.024924372356685764,0.006271578183767644,-0,0.007493739936929543,0.013022430476345697,0.009100796342909912,-0,0.017672602745281225,0.016346168935031078,0.00832586650339889,0.013204476379222639,0.003525719523239945,0.008783541790988263
thuringia,2020,42,2020-10-12,2020.77868852459,2020-10-18,2020.795081967213,male,-0,-0,0.005767119792704852,-0,-0,-0,-0,0.005392679615272976,-0,0.01102516870917996,-0,0.005720314623075404,0.0054706877632234,-0,0.011774132882138057,0.005881532606937609,0.005678710063214445,-0,0.017454128966685363,0.0396599202833872,0.01630455587268961,0.04321435156700434,0.011051174228849372,0.010957554418900645,0.03490891499704475,0.0243781134572741,0.019878198965847294,0.02585042436269211,0.024955587324263617,0.02773899726122771,0.01971173560989486,0.00782138818313564,0.010853532605523353,0.003567322360554648,0.01824480032511044,0.007368922100462836,0.01098876100349089,0.02191221613250108,0.010609082163175756,0.0073221154890305085,0.010733907777395442,0.0037285336695298504,0.0115608850399869,0.007878596818777955,0.022052675497653,0.02267174166516239,0.013178469782645783,0.008549502788384242,0.007498940686620647,0.010125385738290495,0.013443737677968907,0.02338445721998572,0.01331890555866096,0.013069242219069821,0.003031688374572533,0.002969284773888745,0.014119916865459462,0.008372674018343875,0.014135521104354294,0.011061576440359837,0.017490541199373096,0.011696115277466192,0.012679145650665703,0.00962609092220405,0.02542381408648386,0.012840385210793658,0.02299948556111598,0.009958953600245485,0.0067968441834456396,0.010333426659940269,0.011181202022291139,0.012611529209729022,0.00497663813593485,0.010661092799352354,-0,0.014484016992994944,0.020346380011462703,0.0051586558735601425,0.023301219863057523,0.014052298551039937,0.012481497839660073
thuringia,2020,43,2020-10-19,2020.7978142076502,2020-10-25,2020.8142076502731,female,0.013433334989914014,-0,0.018223993030072203,0.011571287353461718,0.011176000904313569,0.0284986079067607,0.005569498251956764,0.011347638072338734,0.028717128092863885,0.023348040859932032,0.011358040343154753,0.011727322305289757,0.023348040859932032,0.011997783997604384,0.012798774953864125,0.012450290359226115,0.01820838756426024,0.018681755444181294,0.031610005673315004,0.036277451418165865,0.029950223497072753,0.09452826712711067,0.025194902698206924,0.025018017315627496,0.045826987461351866,0.043391298857928785,0.061104687699789,0.05150549943101606,0.03448223039841435,0.02475789284607234,0.044114707280594904,0.029830554729414812,0.04396898391119186,0.01980016920139427,0.04115348040631489,0.028821185647094384,0.041101439262585165,0.01630455587268961,0.016034071779188103,0.016486613266285477,0.02004986485980289,0.02102785106658401,0.01303283308219876,0.008773140035171583,0.029174982889056757,0.036074510282755816,0.03478923481730773,0.023811050765474642,0.043094652270452276,0.030465322640905113,0.02927383843104301,0.021605287729002425,0.020996638456688716,0.03003347149786665,0.025153282554055953,0.02716149248307872,0.022921451112809403,0.0222711685975637,0.02813440963721658,0.03270268116534689,0.025814006275651023,0.025814006275651023,0.024638236027031215,0.037068409043306466,0.01821358938567527,0.03303048829028063,0.006099957769517166,0.009241221106812489,0.02180817240292429,0.015680363933660242,0.013079644834287588,0.029986644481020817,0.026048122994539687,0.03185975804724022,0.01101996760680905,0.023566539402775682,0.020434814682275072,0.020814565272369745,0.02201105786842406,0.017630988621446398,0.03837455619598286
thuringia,2020,43,2020-10-19,2020.7978142076502,2020-10-25,2020.8142076502731,male,0.0063339857475604045,0.0061571645113304525,0.011534879265406795,0.005517492708164296,0.016132902342539803,0.02116830804295771,0.021163105925953163,0.010785918538417625,0.010801521776873102,0.005512292156648544,0.010822326102092914,0.011436057440606802,0.016408588590982542,0.011149995322211734,0.011774132882138057,0.017646593913984696,0.01136324147934599,0.023478099405787368,0.034919321982213494,0.022656134864495664,0.03805712299368511,0.04861671970197451,0.022099495370346427,0.016434596803073367,0.029091736262624658,0.0609693289103892,0.013251288285829547,0.03878045721217865,0.03743787363537759,0.04438533747864398,0.03154236461180955,0.01955047474197839,0.04343293360212402,0.024971194815076394,0.04014389151352224,0.036844650073748424,0.018312424091482198,0.02556428293729232,0.03182853893489875,0.021964238075358078,0.035788312591700434,0.03357683809074089,0.01542028617041256,0.023634170090199167,0.017641392149282988,0.00906959089131662,0.03075669411301404,0.021371191011945307,0.015004164454808108,0.01350095249946718,0.02016430910394524,0.02672966877680145,0.023316826857329564,0.02287463050003617,0.015160209707930345,0.014848119669956026,0.028243668850247376,0.01674149468815487,0.0367665948457725,0.024887954918197185,0.03498696743657562,0.023389659559214817,0.02218793302268236,0.016044474987537857,0.019066695138797746,0.009631291885159604,0.013142060569296185,0.019914612895994433,0.020398400387839855,0.010333426659940269,-0,0.012611529209729022,0.009958953600245485,0.0053302731811678185,0.013459341713950376,0.021730139742354836,0.015259038610442869,0.0051586558735601425,-0,0.01873897602928555,0.029648450611382795
thuringia,2020,44,2020-10-26,2020.8169398907103,2020-11-01,2020.8333333333333,female,0.013433334989914014,0.006271578183767644,0.030376870909910564,0.005782721525274816,0.011176000904313569,0.02279659623909453,-0,0.011347638072338734,0.01723045438239712,0.011670109435255878,0.011358040343154753,0.011727322305289757,0.005834727334325187,0.006001146272799539,0.01920194489718205,0.04358385982927565,0.024274064793716903,0.018681755444181294,0.031610005673315004,0.04837729651168076,0.023956717655714922,0.0629997477486094,0.05670570739161041,0.06883113495602729,0.05892857755642241,0.06510313702109297,0.00763416036108147,0.05150549943101606,0.07588694642548015,0.043334051139093985,0.03087636501203877,0.03835894468171295,0.03997215927110676,0.03564261255405608,0.03703718680371008,0.07001831889689215,0.03287959269037175,0.04077358125472403,0.04811705516385254,0.04122633809502915,0.044125116108322,0.033649685164522075,0.026074136028373922,0.05703887157338245,0.07296036082197542,0.0463838810082647,0.05467553429406862,0.047633009721030815,0.04740920528686655,0.053327334930468304,0.05490457549736099,0.0720542983144574,0.03150073938692207,0.036709354419722846,0.05031353303224191,0.04528050893743188,0.04872602195970202,0.030621414297924948,0.050651861329107026,0.01907189704608009,0.0717366594487171,0.03155277092323773,0.030798318742308393,0.018530901476172684,0.01821358938567527,0.021017446861203895,0.027458048189653125,0.03081913106945035,0.012460692850623104,0.025085649890862198,0.01635137057016812,0.011243615478634129,0.03908228309867585,0.027307168759175392,0.033066911431721704,0.01178453523827202,0.020434814682275072,0.012486699088217054,0.013204476379222639,0.03526795718895261,0.044390541919330256
thuringia,2020,44,2020-10-26,2020.8169398907103,2020-11-01,2020.8333333333333,male,0.0063339857475604045,0.0061571645113304525,0.011534879265406795,0.01654903309082355,0.016132902342539803,0.015872822315913367,0.015872822315913367,0.01617971688547603,0.027010613913061827,0.01102516870917996,0.0054082812354987984,0.005720314623075404,0.0054706877632234,0.027879472366243843,0.017662199211200397,0.023530122915212774,0.017043192679666256,0.023478099405787368,0.04656604374334662,0.033993108458347285,0.027182303354678642,0.04321435156700434,0.06080273396098024,0.04931938108200913,0.046555634427008205,0.04876766097546099,0.039758795759982236,0.051713705971905104,0.0561643201488651,0.04438533747864398,0.03943094621730098,0.06259365763845329,0.032572599545633685,0.0428136202222929,0.043792034654494355,0.029476753027064314,0.029305056009662427,0.04383366971954734,0.0565963883595821,0.03294723549135314,0.0536917096899088,0.03730778016972627,0.023129543235192472,0.035455284534081644,0.03970155204008663,0.036277451418165865,0.03075669411301404,0.03420124489177989,0.026261430256099703,0.030387276988101133,0.02016430910394524,0.02338445721998572,0.04330802946955082,0.045764532482237726,0.03638672774221469,0.044557084296413356,0.04519723652373852,0.0306994603021415,0.0452492817666697,0.03041849523516744,0.03498696743657562,0.020466026954941582,0.04756014305531625,0.01283518392685368,0.019066695138797746,0.03210430840902899,0.029570406184593473,0.019914612895994433,0.020398400387839855,0.020674109251490356,0.007452133958149193,0.01681431818101577,0.009958953600245485,0.031989837883740796,0.013459341713950376,0.028972069470604087,0.030527759247483577,0.030970020690342243,0.03495574644670323,0.03280154341396172,0.042137067817242524
thuringia,2020,45,2020-11-02,2020.8360655737704,2020-11-08,2020.8524590163934,female,0.026864938467750194,0.01254391285671498,0.024300076940086512,0.017355295892197004,0.016767503066751895,0.005699512338984012,0.011139593093019493,0.02269255073999475,0.045957102242106626,0.01751134820092972,0.022718562095255523,0.029315461873366925,0.0408672547603266,0.06002703325609609,0.07044008813775385,0.08720428016618682,0.09717474087372777,0.11217570717072657,0.06956531130045197,0.04232962414409935,0.06591015301389047,0.08191248204804316,0.06931017082824968,0.05004807698661355,0.05892857755642241,0.05063104106265907,0.10698037072342953,0.02206828211720402,0.048278404646082226,0.06192205403114856,0.03528877130508677,0.0639473036721108,0.03597564181139599,0.07131487969135163,0.06585808708801939,0.07001831889689215,0.06166695105810345,0.04893421737191641,0.03608491750120283,0.032978455275331144,0.0561643201488651,0.05889734218861455,0.06520206088861366,0.06582164097092119,0.043766012755767615,0.05154193551549048,0.06959655307695642,0.05716380869186786,0.07328321449596263,0.0723823536059956,0.058569371959419476,0.061240046841530144,0.045504304209995065,0.033368704156553755,0.04716978765624455,0.06944555133107229,0.06879989363939092,0.06683693521729715,0.06473347581328352,0.03815599542268296,0.04589985169846541,0.03155277092323773,0.03388383716429119,0.03397749825942627,0.027322776955817422,0.018015920537615346,0.009152805470507532,0.05548759402171901,0.018692159182244678,0.031360254498927265,0.019623302168789433,0.022484460366350763,0.026048122994539687,0.03185975804724022,0.027551697711517227,0.017672602745281225,0.020434814682275072,0.03330626413875032,0.057241894543356646,0.03526795718895261,0.04993877194993827
thuringia,2020,45,2020-11-02,2020.8360655737704,2020-11-08,2020.8524590163934,male,0.0126687431155676,-0,0.023067115511044147,0.033103334598675205,0.021516851067584757,0.04763821448677183,0.015872822315913367,0.005392679615272976,0.03241650203151779,0.022052675497653,0.0324737377322849,0.03432092371823954,0.027353993363162018,0.016725889667241825,0.02944033240023838,0.02941431768241391,0.017043192679666256,0.04109623515107383,0.08151145237129716,0.07367376597417606,0.06525933268740297,0.03780734085254592,0.05527416683915676,0.06576957513367426,0.06402019330448808,0.07927199285388828,0.03312935116212396,0.058184139728855507,0.049923156963451655,0.06104221436859104,0.03943094621730098,0.05084965427612699,0.05429553634121432,0.021402403846663844,0.03649080064528632,0.040528990118982186,0.04396377951269721,0.04018031963785379,0.038905350469977895,0.04393255313265045,0.03936849891971599,0.03730778016972627,0.05784055663370483,0.019690927727868554,0.08827208031710762,0.07258022922694818,0.06152638464855827,0.05986564731528251,0.033764159343787806,0.023634170090199167,0.057153397253861773,0.030069892540127745,0.023316826857329564,0.02614697259232536,0.051557550988079064,0.05050091458622938,0.05932943310871388,0.04187165350845935,0.04808062147909113,0.04425522663070616,0.023322029189798366,0.023389659559214817,0.044390541919330256,0.03209910519786996,0.02224515746610213,0.03531478896197325,0.02299948556111598,0.039836855479570076,0.04080480573784214,0.031011645490399312,0.03727135405766968,0.021017446861203895,0.024898359898020826,0.03732339136842299,0.033660091897678726,0.05071432217846827,0.015259038610442869,0.04645674602572188,0.05827784460334798,0.01873897602928555,0.04838770619268439
thuringia,2020,46,2020-11-09,2020.8551912568305,2020-11-15,2020.8715846994535,female,0.020148703055823725,0.018817004201356447,0.0060739547258630445,0.046295402195762794,0.03353521123726229,0.011399649447227923,0.050146972217776385,0.04540021326573404,0.02297347406533756,0.04670656971785193,0.017037990975324793,0.0410493981709377,0.01751134820092972,0.030002253481954542,0.025600700849446347,0.056044591038978846,0.07286142219411701,0.05606020786376259,0.08855335815189634,0.09679964191432597,0.09589837353133639,0.06930496389287484,0.09453868605100244,0.0876157712860968,0.11136797284395344,0.03615776808864708,0.03818201451418922,0.06622775629065258,0.013787027551257304,0.09910758534885059,0.06618610329138089,0.08954826047955118,0.06396812927093748,0.0475341192708806,0.0782147931521246,0.041174296878384066,0.05344185243687919,0.04485373922682847,0.04811705516385254,0.0866156972621575,0.07623585640976134,0.046274583673522954,0.06520206088861366,0.07460068655795982,0.07782941535519237,0.0670139629103154,0.0646241399032803,0.0857666911807185,0.060344600602125056,0.06094850451252984,0.06222922049610063,0.09007957737312274,0.08754284857175677,0.06342146006582373,0.08808456260584961,0.10268692371872588,0.054462110444466194,0.08076669117686697,0.05910037241473689,0.06542594191527049,0.0717366594487171,0.06311949287371439,0.03696433498420876,0.046342243901273755,0.03643356052282371,0.03603288142979663,0.03661568840391218,0.040065831333026714,0.028040759065911126,0.05018861237137771,0.02289543965606542,0.03373293908809078,0.021709331052645418,0.018203185743359794,0.02204227108722312,0.04714376406715859,0.028613070746857473,0.037469096115564225,0.03962349252360892,0.03526795718895261,0.07353837446288515
thuringia,2020,46,2020-11-09,2020.8551912568305,2020-11-15,2020.8715846994535,male,0.0063339857475604045,0.024627831099257123,-0,0.01654903309082355,0.037656431390365966,0.015872822315913367,0.03174528806028686,0.037755303057493875,0.04322476021450898,0.033082521357290444,0.0324737377322849,0.057210660188689054,0.03829649867149081,0.04460912889863318,0.082474970442223,0.0706275422317781,0.028410159521071628,0.05871513625035029,0.040742356790355296,0.033993108458347285,0.07614211916906452,0.09186630047594223,0.07186683907707822,0.027390412528751847,0.0698464879647144,0.054868137056629775,0.03312935116212396,0.0452492817666697,0.049923156963451655,0.05549279957370351,0.0433756858374528,0.046940780519288,0.06516040871092947,0.03210430840902899,0.0693570332701088,0.036844650073748424,0.018312424091482198,0.04018031963785379,0.042444117433228894,0.021964238075358078,0.03936849891971599,0.018650544242480107,0.046269379044268207,0.027572508739281437,0.02646433309740225,0.03174008488505191,0.03954543312430966,0.03420124489177989,0.026261430256099703,0.050651861329107026,0.03697474238074577,0.0635047616687855,0.04663890901605425,0.06538949610106158,0.060656963818070925,0.05050091458622938,0.053676093576418754,0.06421283068189924,0.06789390362147658,0.03595482742032541,0.05248928267320329,0.05264544045502487,0.05073514247825539,0.03530958542955223,0.03178691348093245,0.025683941887274634,0.029570406184593473,0.026557980829654097,0.016996377359348447,0.0034425139484697983,0.02981494578002612,0.033634075068695035,0.03486208358955708,0.03732339136842299,0.013459341713950376,0.06521247393824776,0.030527759247483577,0.04645674602572188,0.03495574644670323,0.04217349733790853,0.05463389054731724
thuringia,2020,47,2020-11-16,2020.8743169398906,2020-11-22,2020.8907103825136,female,0.020148703055823725,0.031360254498927265,0.024300076940086512,0.02893044630314788,0.016767503066751895,0.02279659623909453,0.050146972217776385,0.03972236793093831,0.06320279399294543,0.058387167170344256,0.09661730311973192,0.064520010678915607,0.023348040859932032,0.10809547441618839,0.07044008813775385,0.08720428016618682,0.04249095566962163,0.09970151964457473,0.10754834111161166,0.07863662887965775,0.14391135563361349,0.09452826712711067,0.10084772781466475,0.07509019061164056,0.05892857755642241,0.09406462712733336,0.09168397897933443,0.09568999000144915,0.07588694642548015,0.11150867405006167,0.09268935976007067,0.1194302449016495,0.10398950974283025,0.0832093394475314,0.06997666286119751,0.09475227445082586,0.09870121316041594,0.12242199413759733,0.06818027807038754,0.0866156972621575,0.07623585640976134,0.10522439142285434,0.14355677688990146,0.09656520643870978,0.058361137966881575,0.09280917327374333,0.11439052695112874,0.11439052695112874,0.08191248204804316,0.0723823536059956,0.08420934796125634,0.11533380825418676,0.10507328618271244,0.09349159463738806,0.119576179895432,0.09059527249092805,0.09749774492360597,0.0947053891171759,0.0675450496054147,0.09816980816729039,0.09471580807655658,0.11194641357039774,0.05545115517244169,0.04943388976220084,0.03947257779068166,0.03303048829028063,0.030512150088812164,0.046232946654047744,0.0373858362100598,0.025085649890862198,0.029435129455634618,0.03373293908809078,0.04342252491295,0.04551991786960274,0.06614965694437978,0.053041042267787816,0.04496823807368052,0.04580096454427208,0.06164612638086032,0.05643501306567299,0.1328214859264223
thuringia,2020,47,2020-11-16,2020.8743169398906,2020-11-22,2020.8907103825136,male,0.031682849991800474,0.0307879125818611,0.023067115511044147,0.033103334598675205,0.037656431390365966,0.026459130450558404,0.026453927804229314,0.043151899725734875,0.0378177484178054,0.044114707280594904,0.07580362498447747,0.1202172563265129,0.0820999775033815,0.027879472366243843,0.07657956107131547,0.08829812449715609,0.10804336623439068,0.11750185666115132,0.10482839241565578,0.062333345133294374,0.07070044122861792,0.05942314004707465,0.08846480755832972,0.06028212818409628,0.03490891499704475,0.04876766097546099,0.07291870242941113,0.07759506538866562,0.08739700344986188,0.06104221436859104,0.055211700512409215,0.05476402736665739,0.05429553634121432,0.07137215822308132,0.04014389151352224,0.04790365823049482,0.062296901486556915,0.054795260251763026,0.06721702482972959,0.051260857810715175,0.04652961114527556,0.055971712585321375,0.07713678406181819,0.09065257226415695,0.07060671396573766,0.058965018842575725,0.07472045840061166,0.07698055271443438,0.0713096725552289,0.050651861329107026,0.05042283885667613,0.07019015039688271,0.05330651359276082,0.08502186903929386,0.045488690555075595,0.08023026140046162,0.07628793272760086,0.06979962508175645,0.039592268749826666,0.06086000091464366,0.08167290550559564,0.05264544045502487,0.07612128869407903,0.06421283068189924,0.0635880634051986,0.04174154894992997,0.029570406184593473,0.06309346130132396,0.03399831185903285,0.037906212806610474,0.03727135405766968,0.029424723567983084,0.05978235154179975,0.015992458966601907,0.04039368487856222,0.07246566956514419,0.050886089901057426,0.07745445591570203,0.040789193493936525,0.04217349733790853,0.08587607155442406
thuringia,2020,48,2020-11-23,2020.8934426229507,2020-11-29,2020.9098360655737,female,0.020148703055823725,0.01254391285671498,0.024300076940086512,0.03471638614710906,0.027947108663261708,0.03989930333960604,0.055721844376790224,0.03404514248860458,0.06320279399294543,0.10514623348520245,0.08524062688337604,0.064520010678915607,0.09346033850136687,0.10809547441618839,0.08325621441701808,0.0996754697525211,0.10325484721338668,0.15586415944128654,0.183602953893336,0.09679964191432597,0.0719084966269846,0.10083730762659208,0.08192289844449312,0.08135520787991822,0.1310489944328074,0.06510313702109297,0.06874782482003088,0.08095418250088604,0.08969932061265494,0.0805114957387767,0.11478138729336967,0.09808645101404696,0.1400371925324185,0.13478693684068924,0.09882104052685299,0.1029995413887166,0.09458557123434626,0.15102429878838897,0.08423539010656583,0.11964914754590204,0.112389368026513,0.10522439142285434,0.10872077667067172,0.1273269589445682,0.13627801812537751,0.10829348598323064,0.16420458834607157,0.0953096922120521,0.155316523296157,0.08000631662628642,0.1061987702401058,0.1045105532888462,0.0980604019310645,0.11688687220814323,0.09123078259998961,0.10268692371872588,0.1003684013244863,0.0947053891171759,0.09289773126562842,0.06542594191527049,0.10046218224664404,0.09758110113313928,0.08320413112019998,0.061797105479818,0.07289787324564116,0.04504630561381224,0.045774941640215214,0.033899447335101314,0.0436202903635261,0.028222857553875103,0.03270788443690115,0.029986644481020817,0.0347372000424662,0.03185975804724022,0.055118001162992085,0.041247154596270284,0.04087766293802634,0.04580096454427208,0.052838035698455764,0.04585301039146037,0.12448087626210762
thuringia,2020,48,2020-11-23,2020.8934426229507,2020-11-29,2020.9098360655737,male,0.0126687431155676,0.018468479272598842,0.05191670815192372,0.033103334598675205,0.026896154600248367,0.026459130450558404,0.03703718680371008,0.0701432872042121,0.07025784174974703,0.0882668714826667,0.05413416818752789,0.05148988397405265,0.1314243405301813,0.11160247506563498,0.13556375357346653,0.14135114282618502,0.0738976834780045,0.09985781927096311,0.07568905822109914,0.07934490397043198,0.08702718372445353,0.03780734085254592,0.07186683907707822,0.08770952921194981,0.0698464879647144,0.08537604886709572,0.0662850292191406,0.09700802989106154,0.0998942892513832,0.1166002293973075,0.05916284341302825,0.06259365763845329,0.06878427298810555,0.08566251961014452,0.062052209091380484,0.058965018842575725,0.08796996878185816,0.03286918611341482,0.07783983093377356,0.09156937722293895,0.05727312891678551,0.055971712585321375,0.0964349649645036,0.06304660450385845,0.07502249296794512,0.08620421405601666,0.12313086586981738,0.10694910647853177,0.0637963183300526,0.08444893619002376,0.09079842651728952,0.060157183573205764,0.10666772912032749,0.08829291566010053,0.08190727385060353,0.05050091458622938,0.053676093576418754,0.09774781395307955,0.0763868778751851,0.07192932541444658,0.07583487050920791,0.08483957153889132,0.057080517246187235,0.057788498787024106,0.054045676186819686,0.03852546774225384,0.052582977286026025,0.056445424359845196,0.04760698590012272,0.04825238050217909,0.06711289041302725,0.042043392024161394,0.03486208358955708,0.031989837883740796,0.020190319194557754,0.043464159682146945,0.015259038610442869,0.04129399175452825,0.06994021385733032,0.05155234583003042,0.09447096308301847
thuringia,2020,49,2020-11-30,2020.9125683060108,2020-12-06,2020.9289617486338,female,0.033587244809318705,0.05018861237137771,0.0364595787524942,0.03471638614710906,0.016767503066751895,0.05130770398933999,0.07245004781263735,0.09084009923618519,0.09195485686209204,0.058387167170344256,0.07955322200958286,0.13499547710595494,0.12855196922363157,0.13816017827633545,0.10248893349980324,0.10591218633973193,0.14583029431312824,0.12465288782557138,0.15190044706567613,0.1513319920372762,0.10789746360315444,0.11345247411628154,0.10715753513290285,0.10014436980617919,0.13760751476808974,0.13028788427463114,0.15289656214668793,0.17679339724384124,0.13114804383424775,0.11771032761789019,0.10594344996120252,0.12797334375083996,0.16408461021700047,0.13081961759593688,0.13179968933689573,0.13187267414172216,0.17697601739448232,0.15511311705401942,0.13243048996195317,0.11552142425514551,0.108371648651467,0.14737383985700903,0.16098614051183427,0.13172149144540227,0.17528028352461217,0.11345768547417273,0.15921790468950958,0.15735062947976297,0.1207593108575226,0.14104872275367064,0.16488794731624895,0.13698707877142705,0.1752385430805388,0.1503306918714452,0.14478738407206465,0.15713678380482657,0.14344206075517985,0.13096558455687518,0.10135310944267396,0.13366604724330797,0.1320759894953121,0.11769469226714055,0.08628755216393151,0.05870472450173285,0.066816108469504365,0.042043392024161394,0.05493060297066407,0.05548759402171901,0.062328138896479944,0.03449784074885478,0.058892136295801145,0.044983851572334116,0.05211450591012252,0.027307168759175392,0.06063613954529799,0.08842834559303886,0.04905913501936042,0.09580460083955025,0.06605593788368815,0.038796068853001964,0.15460199718798434
thuringia,2020,49,2020-11-30,2020.9125683060108,2020-12-06,2020.9289617486338,male,0.0063339857475604045,0.0307879125818611,0.04037286871897694,0.03862434106176391,0.059183667095803263,0.07412160194604378,0.06880510052419161,0.043151899725734875,0.06485322493087281,0.05514923426070085,0.11916443578677274,0.09156937722293895,0.10401556179613322,0.07809501326069404,0.11786146958414749,0.1295580630788035,0.12512201316343693,0.12338105820016138,0.11648557271539035,0.07934490397043198,0.07070044122861792,0.0648323989775692,0.05527416683915676,0.09319466210373492,0.05819975719620943,0.07316865328542384,0.09281959185319637,0.058184139728855507,0.08114688262169206,0.09992554925496097,0.06705561657272989,0.09391876371259418,0.0796521733705321,0.10710021716966985,0.0693570332701088,0.0810948014375407,0.1209938554348537,0.10964832219743641,0.07783983093377356,0.06958093218636083,0.08951700671370266,0.09331968612177409,0.06941430964529005,0.08276142520347954,0.07943864698477161,0.10436987101690043,0.07032553319072915,0.08981912723715049,0.08257392736316037,0.10135831958812695,0.1008998287863436,0.07353837446288515,0.07664205307204074,0.12758238423845808,0.08190727385060353,0.08915238083337289,0.1272122786084833,0.10054033314430416,0.09054318184278065,0.09408025537461225,0.07291870242941113,0.10826743178659565,0.08881901083735454,0.054576630449977535,0.06676924831747175,0.0513753707662979,0.06573312907861285,0.056445424359845196,0.04420318238268499,0.04480169437978227,0.04846057401805258,0.050459274182544485,0.04981385218936015,0.06933620551295623,0.09429905132965291,0.05071432217846827,0.09672670631976579,0.07228862331151054,0.0466180903562889,0.06561858450044873,0.13590263699170183
thuringia,2020,50,2020-12-07,2020.931693989071,2020-12-13,2020.948087431694,female,0.033587244809318705,0.031360254498927265,0.04861671970197451,0.023139947863171292,0.05590924542062987,0.03989930333960604,0.07802731170497632,0.08515729045330975,0.09195485686209204,0.1226878199047498,0.10230657475455913,0.1173663509874544,0.09346033850136687,0.08405309536330766,0.12172876862775063,0.11214965102886265,0.17626119360570905,0.149621449252695,0.17091858830032652,0.14526712018511873,0.14391135563361349,0.11345247411628154,0.1639802816341315,0.18165652982765554,0.12448608872536515,0.15928571203419759,0.1835298964461959,0.18417698026383142,0.1380611155173203,0.16735020067378695,0.18996456377154117,0.17069946972286276,0.176109881801094,0.19436439320499807,0.21021834868758416,0.2806355115674904,0.2553688251447105,0.23284614319172894,0.18469882791764228,0.22301675235589183,0.16063144531948886,0.18955748093158614,0.2002157514270293,0.14491253219660635,0.180158928733834,0.21164371879968988,0.23901004595393507,0.22903324710359332,0.20719021951533229,0.16777797691551496,0.19058563219290167,0.1911545164996766,0.16821619037302576,0.16706327955657801,0.16054798797877637,0.23891601483064095,0.18655142938527547,0.20076386063347842,0.16621295899845104,0.19652529984657213,0.17233766429773362,0.12344360647083301,0.12330808531279451,0.13605383184462153,0.09417923438309803,0.05706490011497759,0.07325717783503859,0.058569371959419476,0.049855492076208964,0.05960014250248263,0.0916370964120969,0.08625109172528145,0.06949762084908728,0.06830003512577844,0.06614965694437978,0.11203500415976185,0.08997018815712607,0.09580460083955025,0.09250182611896998,0.10940340688337104,0.1981956273814846
thuringia,2020,50,2020-12-07,2020.931693989071,2020-12-13,2020.948087431694,male,0.0190094741930718,0.049267331765285804,0.05191670815192372,0.04966290787905651,0.053801022615627,0.07412160194604378,0.07410597969605667,0.0701432872042121,0.06485322493087281,0.09378852886660723,0.08664174061262016,0.09156937722293895,0.04924651205318179,0.055768694574432946,0.12376156134339517,0.07651706914569108,0.1194302449016495,0.12926613746850896,0.13398406462749113,0.11338993786228953,0.10880936176479633,0.14056902555651024,0.15490971160754027,0.10965874415128248,0.0698464879647144,0.11590186989068006,0.13265466062199202,0.23312820414521876,0.14365585011900636,0.1833420349105846,0.15790871867624534,0.08216768436173554,0.18120776678597728,0.1500021444556879,0.1205195552719025,0.10323400587459058,0.12466331278709955,0.13893183149122276,0.10971606493477595,0.10257229771062815,0.12895336184751988,0.07837623605103423,0.108022522976298,0.09853970714690072,0.12362082697965583,0.13617374531642445,0.13634058191110823,0.14121557498997683,0.1389526871424431,0.12842164760943509,0.14131464375859265,0.12373549939545012,0.10666772912032749,0.15379360357489646,0.148740124477525,0.09807603137928692,0.12155155456709844,0.11452081340544243,0.13304044495070802,0.14950671973805266,0.13424473606498205,0.1170588586530879,0.1078714096049426,0.11885693281961361,0.09541388311061369,0.08029796582437891,0.05915763749364035,0.056445424359845196,0.07142422967030979,0.08619379680191841,0.08950137983781684,0.037838563554573455,0.08470935942987542,0.1227347304753086,0.06734198640505012,0.07246566956514419,0.07125239409232773,0.0929602428801179,0.10494302339708093,0.12193204432337294,0.17737256621564437
thuringia,2020,51,2020-12-14,2020.950819672131,2020-12-20,2020.967213114754,female,0.07391851306226363,0.037635616326503654,0.04861671970197451,0.02893044630314788,0.05590924542062987,0.0684197924569729,0.07802731170497632,0.09084009923618519,0.09770613569798658,0.058387167170344256,0.09092865387472242,0.11149304056391267,0.0993107726339786,0.08405309536330766,0.07044008813775385,0.09343950108779599,0.1154119815056547,0.12465288782557138,0.17091858830032652,0.2301979788534911,0.19798161366924508,0.21451024072519506,0.2018914177396899,0.1942078092564742,0.2032643559293935,0.19555444662294993,0.17586987087618045,0.16941607945356643,0.24184673144296517,0.2170427276273313,0.23424601630319988,0.22630171399083468,0.2282550328050742,0.20231425795804472,0.20608865074864116,0.16489838034721954,0.2306001568623643,0.22056230598624318,0.23701453304489017,0.20646453888979285,0.24515900572707708,0.25712465628400616,0.24384765424276253,0.24615690889463399,0.2729141229479625,0.27375050777909704,0.2739596060888795,0.2433826809809837,0.26777587883587267,0.28248630585684825,0.2567170473425753,0.25985780903250894,0.26659462490945,0.22063541548066226,0.2394279641147121,0.1783274264426887,0.21818630337122105,0.24548293031052607,0.22832293023315184,0.19379025436557462,0.17521245532001012,0.20686131265324995,0.1943487347889248,0.157731381272979,0.1398077760444366,0.09614843486950106,0.10075394619718162,0.12029543691977365,0.0872772024057391,0.10042050181591566,0.11129501681288768,0.08625109172528145,0.06080273396098024,0.06830003512577844,0.11029969832722977,0.11793964663562419,0.13091866656046164,0.1250021251745037,0.1498456940349277,0.14474566809748832,0.2859580298786021
thuringia,2020,51,2020-12-14,2020.950819672131,2020-12-20,2020.967213114754,male,0.04435931528301436,0.0369435201973836,0.06345790450069912,0.05518567289841428,0.04303740487819984,0.06352558709037825,0.06880510052419161,0.09174648913472629,0.08107917709246408,0.10483360290932678,0.05954808289422968,0.03432092371823954,0.09305921975674526,0.07809501326069404,0.0647907470959843,0.11187345672777538,0.1194302449016495,0.11750185666115132,0.11648557271539035,0.12474150006517673,0.1905647558229704,0.21642134313387193,0.1715342121020197,0.15358498790834083,0.0814958279010297,0.1464456211664168,0.1392968065952085,0.1358609281441269,0.1373989640272988,0.12215616972935403,0.15395528129213334,0.1291827304522923,0.1304077844507176,0.12854675635279558,0.12417334185456463,0.14754071238996552,0.15404394347952044,0.14991348915946445,0.1274312140150208,0.1576062022936211,0.12536700252208638,0.1718368095236388,0.14279026933905523,0.14195598824767647,0.15014816527308583,0.14072023397801872,0.13634058191110823,0.1326494473398552,0.1389526871424431,0.15549385246412661,0.14131464375859265,0.17398112791047537,0.17678817953467818,0.16362556601804734,0.13658041045375433,0.1337859552089321,0.16118956972857051,0.1620815379967105,0.16138778357703798,0.1772369044365162,0.16055320405864962,0.14343163202820822,0.13646049604416752,0.15424734553944516,0.08904820248003473,0.11888820422474097,0.08876171308452456,0.07970946108661736,0.091850672894044,0.11380684764281525,0.09323112741128141,0.1051722861180318,0.11464067723171786,0.07467359112497661,0.14151278186205418,0.13050683263078997,0.1324044236688496,0.12398048222184209,0.11661586441897183,0.23003606390996612,0.24316325684075074
thuringia,2020,52,2020-12-21,2020.9699453551912,2020-12-27,2020.9863387978141,female,0.033587244809318705,0.037635616326503654,0.0364595787524942,0.023139947863171292,0.039129118307042195,0.0284986079067607,0.0334259409054129,0.062437469978981606,0.040211543764737526,0.0642284499599908,0.07386643911726024,0.023452087670595173,0.05839237301260377,0.024003539242806113,0.0768451525930568,0.09343950108779599,0.09717474087372777,0.11841392326729436,0.14555913563826925,0.10891357971580028,0.1859617209121063,0.21451024072519506,0.24616213356893935,0.21931946030742674,0.23612650218399142,0.202815406372968,0.22951376107676677,0.1472904037913518,0.22799388967714374,0.1735585180204851,0.22981669608104088,0.2134659521452478,0.18413001423186506,0.23014052510614452,0.15242718617101014,0.24754146594923876,0.21821763456747312,0.22056230598624318,0.21688607537434673,0.19819040752436212,0.2532159226401124,0.19377981553626092,0.21766411954624462,0.30346657961189366,0.20942997394188453,0.2841123405097612,0.24899398429421102,0.2146877718694591,0.2591157151115881,0.2863135809651898,0.19792941533646413,0.270713449627248,0.20684565047361037,0.24744219459395317,0.2394279641147121,0.20861028572159002,0.20955527773832638,0.19238103136227158,0.23680035950837353,0.21293859438185583,0.21263053638079876,0.1838377820971852,0.1665363921733838,0.114385315499743,0.10330174025621609,0.14428679458582683,0.07325717783503859,0.12029543691977365,0.084162472132573607,0.06587891345211432,0.07198660462300467,0.09375727255210449,0.11297824273415187,0.08652714996816163,0.11581848430773002,0.11203500415976185,0.09815938851582744,0.0874699259596747,0.1630830644619076,0.16242059427569147,0.2836365501883011
thuringia,2020,52,2020-12-21,2020.9699453551912,2020-12-27,2020.9863387978141,male,0.02534577599999638,0.0307879125818611,0.0346071133331692,0.02206828211720402,0.037656431390365966,0.05822578631889698,0.03703718680371008,0.0701432872042121,0.05944396383408716,0.08274580035762756,0.08664174061262016,0.1030255929460548,0.03829649867149081,0.03903024402773989,0.05300460513288362,0.058850489172085234,0.05683584939605949,0.08810018905596374,0.12815057969809893,0.13041821056605157,0.1523958945899389,0.16764755695672573,0.09952959059817285,0.1645749573603132,0.2039795510190948,0.13422388230189486,0.19245932052721615,0.14882356286935092,0.17493592586302587,0.1388379811642429,0.12233859809853165,0.09783638035606547,0.10864782435352666,0.1607305510855536,0.13148689847648592,0.1253826401799154,0.13934894610489607,0.13893183149122276,0.16288484415126733,0.13558460787389456,0.15047671361143894,0.14191427454446304,0.11574552203233118,0.12616452906710313,0.13246176953092162,0.15890494885981615,0.12313086586981738,0.20982677033312752,0.16151818783676428,0.11150346288748782,0.11773638654624566,0.1203840417342322,0.11667840455265119,0.15379360357489646,0.16698502861755485,0.1605845005488537,0.17252026880080756,0.1536840802455996,0.1415440668947682,0.14950671973805266,0.12840079618147254,0.1962225587244568,0.16188853771759526,0.10921060202208596,0.12406909331561991,0.11888820422474097,0.13155466966990811,0.1196074517330926,0.11909668073951128,0.11725690435494007,0.11936770145826607,0.07991257258856975,0.10965353317410123,0.09602861366157744,0.10104050167063942,0.14502725157535434,0.12730610795555908,0.12398048222184209,0.13997462429895635,0.18770999117096834,0.2604065472637259
thuringia,2020,53,2020-12-28,2020.9890710382513,2021-01-03,2021.0054794520547,female,0.05374896881281492,0.04391173555637019,0.0060739547258630445,0.023139947863171292,0.027947108663261708,0.017095209751665015,0.038999020610175815,0.02269255073999475,0.034461416605112934,0.01751134820092972,0.039763999737639825,0.03518470080773461,0.0408672547603266,0.048012958989393936,0.06403060611745472,0.06227607655703319,0.07893868619443607,0.09970151964457473,0.14555913563826925,0.14526712018511873,0.24608898817639946,0.1513267768822993,0.17029775472891096,0.17537941721356584,0.2098372123843122,0.14478738407206465,0.19885333357092397,0.11042476347785349,0.12423589107824358,0.13011585407009493,0.1678405786119224,0.17069946972286276,0.16809098615119772,0.22218640540431497,0.16893090357806098,0.15664129110830013,0.15636486039253475,0.21647356003242088,0.1364500687172716,0.1816460934338628,0.1887902950109777,0.16846138284736126,0.13484428533026463,0.2021106677940766,0.1947923917367173,0.18578950642498765,0.224040342945394,0.24816322243241484,0.19421302871383136,0.2556980389673315,0.2199669896435882,0.23815332422452581,0.23846675736622708,0.18380125319582638,0.20470519696622946,0.2510422086023695,0.21530913564748613,0.20355669725918246,0.15492535815209627,0.18285151076727293,0.1550766083255516,0.19246975909144814,0.1850745614711713,0.12366773839191862,0.0698569019444411,0.09915447465187689,0.067149337435151,0.04931938108200913,0.062328138896479944,0.09100158133734369,0.08508437118655493,0.08625109172528145,0.10862698085314652,0.07285621490313127,0.09373643501954602,0.1297509433990238,0.12682653751593853,0.1375188806010525,0.11013815628618728,0.130605880999527,0.26783860103353163
thuringia,2020,53,2020-12-28,2020.9890710382513,2021-01-03,2021.0054794520547,male,0.04435931528301436,0.0307879125818611,0.011534879265406795,0.02206828211720402,0.04841893524819277,0.04234003261451287,0.021163105925953163,0.05394677354070843,0.0378177484178054,0.022052675497653,0.07038281063269912,0.0400398112988978,0.03829649867149081,0.04460912889863318,0.05889734218861455,0.058850489172085234,0.11373388818992884,0.07046612338817901,0.08733970726388515,0.09068903578908508,0.15784612893544428,0.10809547441618839,0.15490971160754027,0.11514619293014411,0.0989773375067433,0.10368730687833211,0.15257842907830355,0.10348410249144456,0.1123945792778625,0.1054849187301265,0.13419260167294478,0.12526275159009584,0.11227472062889035,0.1178197752047491,0.10223884166920733,0.0995452204879902,0.0916370964120969,0.10964832219743641,0.13452104921540758,0.12457470068073147,0.12895336184751988,0.09705491730091961,0.06941430964529005,0.1459085134244131,0.15014816527308583,0.1498091890044812,0.13193523262739154,0.12836430620266012,0.13142955368950174,0.17919881692413175,0.15816429423305042,0.13378074181337563,0.1400424065552753,0.13086132240011095,0.1153129620736424,0.1337859552089321,0.12155155456709844,0.1592804960814697,0.1642254541359075,0.11624583683377844,0.14886006720788045,0.09948270095689689,0.12375113656264855,0.14137199944774181,0.13043906280299092,0.0995869002171453,0.11509407768248395,0.10630298295910506,0.08163644830241706,0.07239276809358959,0.1081684259584292,0.0757046809466945,0.13460446479462712,0.13876498658259026,0.10778803689837853,0.08696988794596665,0.12220829205524217,0.11881002574718628,0.13997462429895635,0.14541312770671075,0.22122029513645655
thuringia,2021,1,2021-01-04,2021.0082191780823,2021-01-10,2021.0246575342467,female,0.05612267520981016,0.052942141532443844,0.0373910399502511,0.04203818781837946,0.011456862019689484,0.03333228080372293,0.0564870695573735,0.02774420003613074,0.045072328153238396,0.06875823857973187,0.05802275950749141,0.05646104130500911,0.07572030367698927,0.06397333567194446,0.04786722469524336,0.05742930106534369,0.16795534858440325,0.17011515803029262,0.2196327799470834,0.2500285364886902,0.22475060131796026,0.2236068812055478,0.33000211723645617,0.21339807411343656,0.24399916328234295,0.1911179824581066,0.280713933717852,0.21308479203787212,0.3180877018577175,0.2266986391466411,0.2578510442410128,0.25423488237571307,0.22849528564105356,0.29507240838304716,0.22438502594400087,0.2125783233411529,0.20076386063347842,0.2662392086256148,0.23088742877311302,0.204261455436032,0.1800858761252223,0.2277484163326726,0.2767511490654676,0.2512512156190772,0.24085413512643233,0.24760938856468634,0.1897140508775021,0.28286797501896427,0.2524843741176848,0.2587080905627391,0.3082003390907914,0.2342512397809012,0.25258365509929237,0.28774103847652627,0.24068173874998894,0.2425729060125109,0.25162743036615354,0.20970668689521843,0.218301184516431,0.20940386902229913,0.16718848130394862,0.20243432432583439,0.20503931073497872,0.16759017227848622,0.1119099351362887,0.09483041676751952,0.07269478914112995,0.12330808531279451,0.099836979293634,0.0787407863762113,0.11127938339097912,0.10963790024567913,0.08005318870851655,0.12362082697965583,0.10694389577287343,0.09025668421071835,0.21206141707734982,0.0966120934492781,0.15089392084227898,0.26044835612826595,0.311616236525366
thuringia,2021,1,2021-01-04,2021.0082191780823,2021-01-10,2021.0246575342467,male,0.052494487925045165,0.018728572281855427,0.024393720774768243,0.057116957237259375,0.04922048742477106,0.04825238050217909,0.02635507762293479,0.021022648963630854,0.04299056614959863,0.048314838469420286,0.06592577280182214,0.043068630720708,0.04567605472355983,0.07623585640976134,0.05546156626963049,0.08190727385060353,0.08213122681166593,0.14092879803951774,0.17512375703210312,0.18332116144852162,0.15965083002549313,0.1861026240985217,0.17026645239218058,0.15192130791887162,0.24748921784388994,0.16143472907287018,0.18786655555425605,0.26382453289671265,0.1600889749991165,0.2783874602134484,0.2812472074768143,0.1887902950109777,0.1871202695590081,0.16981257062707467,0.18480319807684614,0.1633803963446285,0.13588178256373545,0.20403697586896447,0.12398569463494631,0.1514571559137014,0.16441324662119844,0.13897354280202798,0.1596403980473069,0.12734259719180896,0.14130421545827096,0.11021111069419395,0.12662845536417278,0.10992971568444282,0.2231577559853749,0.16563913089688012,0.1999912893242098,0.1516657630438936,0.16113740831508075,0.14747813512735192,0.17745083278767476,0.16190418636218698,0.16788752993368336,0.15686035045502872,0.14347856131604822,0.18861285226010172,0.18440659258630704,0.16818488928930508,0.130720568820079,0.1709290225413321,0.1403083224140625,0.14567907103160052,0.11439573840303098,0.1109875603780254,0.11934685366051957,0.13243048996195317,0.16362034962997873,0.08456352225487922,0.11706407037241784,0.11917485964803387,0.0829749652339448,0.09102762688449213,0.1897401459143251,0.1661920924110835,0.1031350096293839,0.1852050251455943,0.2606626270866602
thuringia,2021,2,2021-01-11,2021.027397260274,2021-01-17,2021.0438356164384,female,0.021038255274045806,0.06618089666881427,0.04986069706441244,0.08411559634614744,0.06876865234151837,0.06112030604431313,0.0564870695573735,0.07772005190604915,0.0338005829991347,0.06302577927409199,0.05802275950749141,0.06775852715825857,0.04075796902019888,0.04070072420036265,0.06582684755751661,0.08935552922270638,0.12435577730060578,0.1336139134314516,0.26996597370295,0.2124477909714086,0.21882337473888883,0.1646688541492865,0.1803050342589494,0.22597790887089267,0.1875899587963495,0.26379317420920956,0.20138505805173956,0.15211427120765314,0.2069082992204615,0.27491624157896866,0.2763172477178043,0.2234867659410915,0.19458361152506587,0.1473269070536034,0.2164944468065245,0.15935351946730567,0.19255326768073475,0.1554782057485068,0.17002646843659133,0.160135919322401,0.20469475594554712,0.15971863793471305,0.20952395176090732,0.173146346251011,0.20574930962160368,0.1795171128967409,0.20512806006565634,0.173506344198183,0.2381585480947426,0.2500651119429714,0.224311911177618,0.24525827272369932,0.20920025109928006,0.29829916621608105,0.21723071095385274,0.2204735303097746,0.23643469941153344,0.23849810078430608,0.18185482170768347,0.19806513111069068,0.1809155510733843,0.14451623083549192,0.15298000720814103,0.12408994300668924,0.12746770333905977,0.08870962427309959,0.06966424365710532,0.09553891246446404,0.059256550051185186,0.11027364312537272,0.09536699718042668,0.04980864720585143,0.08387080125911792,0.08385517607991955,0.083678091043846,0.07896993360299948,0.2181288628937915,0.09240805955204355,0.12930784102678608,0.20093090458792198,0.29111898778534456
thuringia,2021,2,2021-01-11,2021.027397260274,2021-01-17,2021.0438356164384,male,0.019680523789977762,0.0499543869411081,0.05489937000426714,0.02855063643920362,0.06016238959266302,0.03216674698358214,0.02635507762293479,0.047320724729743635,0.0322395920819789,0.03757317118490899,0.07142422967030979,0.043068630720708,0.07424137268522163,0.05444649409961552,0.03881688438138674,0.058491284114498956,0.0997484094831652,0.18610784274239092,0.18097295045875805,0.17184202673600224,0.10454702653258878,0.1914311322187662,0.13829573814712262,0.11932600587113136,0.134359431911446,0.19031945910401515,0.12112937056172793,0.0790063889367317,0.14726433004829015,0.15447682574171387,0.1873290198074013,0.15333986556957804,0.19102403789763947,0.133634766949922,0.14565299809647758,0.17065251586209987,0.12852590487466578,0.13107506004647126,0.11303035586132985,0.0915224947590306,0.12783259798776567,0.10330695059691601,0.09275187112406744,0.1466646375661731,0.1295163593198558,0.1146250428039228,0.15380403438019405,0.11433320101464642,0.1672771660573889,0.15433079276855327,0.13550640429041072,0.11118037182802197,0.16113740831508075,0.17098119377776003,0.1609965727600001,0.1435515625146538,0.19191651807467958,0.1682892263083132,0.15756969181473357,0.1828880390014636,0.13125230656590828,0.14159099447914247,0.1366690430211793,0.12249496578150021,0.12397526980926613,0.12947465559434854,0.0947679029047681,0.09078800834278379,0.04429686206662687,0.09754984253890926,0.07818875402181788,0.10380193534432526,0.1040416138624883,0.08805851853276908,0.08851168726555038,0.10504202308440022,0.2125574381399741,0.09107450890223653,0.08683967050236754,0.17902140689976348,0.2295294300854346
thuringia,2021,3,2021-01-18,2021.0465753424658,2021-01-24,2021.0630136986301,female,0.07718886128191588,0.06618089666881427,0.024924372356685764,0.06607676432702385,0.022911046528549278,0.0166634696304082,0.03388383716429119,0.03329585747640478,0.028165626531800828,0.0515627561466545,0.04060705099475553,0.028222857553875103,0.06989335088990568,0.05815290480821333,0.035897587887843536,0.05104224286850316,0.08079793968392537,0.10321837487597235,0.18191744035320986,0.13736768148831877,0.14775451860541627,0.14699837861580992,0.0745329895515354,0.13170063869419693,0.11247274811081574,0.09876373175193398,0.1005924338079922,0.09882104052685299,0.18469882791764228,0.18540854913128985,0.15947348668094888,0.12696206784400532,0.14798397015604062,0.11941982098919403,0.17312547688122523,0.12253666390970651,0.11052898466648514,0.17187333002119262,0.1375970872111906,0.14008933278448404,0.12681611212071803,0.15571812257199352,0.14238355563491698,0.19049168859419247,0.14437544028955582,0.1552226433932237,0.2102653382882719,0.1337963820016189,0.18090511482830482,0.18959401387679858,0.19383722912341594,0.13895790105655226,0.15140500426191164,0.17525941329838735,0.16032891309669378,0.16684417722405026,0.14233662733529376,0.17805088042022785,0.15943697489097775,0.11025801001052964,0.15072182245395488,0.15898840356356864,0.15298000720814103,0.13962007239800692,0.09013166755685356,0.06728471231242142,0.048450164322461804,0.04312587814733735,0.056133086441447155,0.09135059275298908,0.06991938586659296,0.04316230836073877,0.04191849122921623,0.07502249296794512,0.05112031952807073,0.08461039844509344,0.10289012499044041,0.06298933514206637,0.05168768010869991,0.11863803351028823,0.23103367690093962
thuringia,2021,3,2021-01-18,2021.0465753424658,2021-01-24,2021.0630136986301,male,0.03936329498163858,0.062447882475018396,0.04269392184818353,0.03426368598426466,0.04375039962277747,0.06434819791457669,0.02635507762293479,0.021022648963630854,0.021490840313440597,0.032203169520024735,0.05493580846688451,0.03768245023190793,0.05138578104749191,0.03266105501163332,0.044364519721096195,0.04094011204800823,0.064520010678915607,0.09578897207402252,0.14005283460255155,0.0686697216887518,0.09903464651708185,0.10094671970549551,0.09570561873722752,0.09761235974616546,0.09670586759725101,0.06336419029119505,0.12112937056172793,0.07241880432169706,0.12162452498952211,0.09263205774242479,0.1707725091460884,0.10217631889950068,0.1051722861180318,0.08302704830123032,0.0852093757064478,0.11612596930743918,0.13588178256373545,0.07641812375037996,0.0947835313634132,0.08800122161790368,0.062052209091380484,0.08548021986378404,0.05934505092005016,0.08872004203121035,0.10594344996120252,0.10579755322182578,0.09494502571108787,0.11873705927417601,0.11575073362003892,0.12418376671995385,0.11515661598594384,0.09431988908767103,0.10401035138442498,0.10050907277114457,0.13467745353621613,0.11908625689392181,0.09287168478177314,0.11974296324696466,0.11249880441458336,0.13138784842959506,0.07815229926130121,0.10025378042709528,0.11584975388566877,0.1031350096293839,0.0880533097197148,0.08088126912788024,0.02612616213506999,0.0941531872573321,0.06816465760523756,0.04526489534970382,0.07818875402181788,0.061489941567371684,0.07367376597417606,0.051781373277189374,0.04976700735651442,0.084016636491346,0.1517387757371667,0.10179597367007145,0.07054422921767205,0.1172204221952885,0.15897275579641468
thuringia,2021,4,2021-01-25,2021.0657534246575,2021-01-31,2021.0821917808219,female,0.007010072489501038,0.01984698704601421,0.018692159182244678,0.04804939262675356,0.03437295807652782,0.03333228080372293,0.028233263201020112,0.02774420003613074,0.028165626531800828,0.03436775463835302,0.05221861029559286,0.03386822699817294,0.04658686238227465,0.029065721719190515,0.035897587887843536,0.03827568335141464,0.07457985670044144,0.11537550064034068,0.14422422123888196,0.09986823926275969,0.08268850929635145,0.0763868778751851,0.14295191284843015,0.09403858005898064,0.0749547954123836,0.11194641357039774,0.1005924338079922,0.13688280454063023,0.08857419360759189,0.13040257139383163,0.11649078437726859,0.11381205903622132,0.1014312616793227,0.07560052953136964,0.10222842120236811,0.15117032247612322,0.1474259874660326,0.10223884166920733,0.1416483504731058,0.10403119303437885,0.08587086295998554,0.09177774424060436,0.10884583802388555,0.07784503872384359,0.11371825403477423,0.13093951899808712,0.13837394592563754,0.14372363717400008,0.12370943746056712,0.10763692420844331,0.12154113022939692,0.11699110634929176,0.12253145164184924,0.1296362577169923,0.11017463347739362,0.09437198351924288,0.1453714112301353,0.15216642357078353,0.12023289243575933,0.14139807023644874,0.10134789929773722,0.10979422974136177,0.09230908391482653,0.06201055943666092,0.08390726002882991,0.01834363509023906,0.04239207499782557,0.04312587814733735,0.04677423050769341,0.05038119851551241,0.044484221940807325,0.03652202255682473,0.026672439398101128,0.05735642067097857,0.03717248331070671,0.07896993360299948,0.06050078197555285,0.08400101126832642,0.060302952315099884,0.10950241506291973,0.15103472903819976
thuringia,2021,4,2021-01-25,2021.0657534246575,2021-01-31,2021.0821917808219,male,0.013116054003940898,0.043703560251945855,0.04879889025916121,0.02855063643920362,0.04375039962277747,0.02680250625897188,0.05272351952179698,0.021022648963630854,0.016117297504256358,0.04294372746318713,0.027458048189653125,0.03768245023190793,0.03425327913031034,0.021771757146754556,0.033269840829649726,0.04094011204800823,0.0703880176760035,0.10706895285271611,0.08165207281493686,0.1431657001971061,0.07701179894636004,0.07436114370026607,0.10103008144393708,0.07047653749200011,0.07519954852994279,0.06336419029119505,0.060526812250061485,0.032905609141872724,0.15367364946436385,0.09881062074489665,0.08806893616043716,0.09824274578599146,0.1051722861180318,0.07580362498447747,0.08165728098681621,0.09433551741166159,0.051370165626479544,0.08370413292309198,0.09113701832498285,0.0703880176760035,0.0766628837556325,0.08904299356784338,0.07047653749200011,0.10416666396269235,0.0902358480808686,0.07932928015113494,0.06327568258173835,0.08792829836301616,0.06856037750203971,0.12794727969190123,0.12193725653114262,0.11118037182802197,0.10737117537065655,0.08374579995701735,0.11494815526690823,0.09463766593208932,0.08987121715998578,0.08265205138113206,0.08153749316550117,0.09422090981145702,0.07256981470180966,0.07074730492340715,0.10692826365904282,0.0870063488886074,0.0717366594487171,0.05175014220226894,0.04572810044572248,0.05714298581794026,0.05111511441378844,0.052234225971386564,0.05330130825963373,0.030735881810861638,0.0389938167090741,0.051781373277189374,0.04976700735651442,0.02798873104361682,0.09857617620287983,0.08570939679107753,0.03254658326073652,0.08635005583251225,0.13547512288995534
thuringia,2021,5,2021-02-01,2021.0849315068492,2021-02-07,2021.1013698630136,female,0.007010072489501038,0.052942141532443844,0.031157332552986423,0.03603288142979663,0.028644287928795312,0.06112030604431313,0.0451816229610197,0.044395746360543206,0.06761794428102148,0.005725515195395651,0.03480484525991087,0.04516080488468342,0.04075796902019888,0.011623298952049702,0.02990859954665048,0.05104224286850316,0.08079793968392537,0.06676404163651604,0.0689300659158854,0.06239582001568444,0.08860023793894838,0.08226664069790321,0.1367263935864847,0.08776161702158079,0.09996201928288326,0.05265064572249832,0.09340303563412598,0.09121515520908265,0.09596088875314351,0.11666276951218266,0.09194443845589349,0.083146839553955465,0.08451143764864334,0.11145135129050138,0.08255309431152336,0.11026843208657142,0.12692557887477796,0.12680568672758769,0.10113949392845292,0.06799803960224328,0.11452602487040205,0.11174838809285076,0.08789704557079864,0.09082968105333036,0.1005820136710773,0.08240726318376468,0.12297970858690406,0.12883346502495627,0.11418206930320801,0.12919315632200312,0.07592860719604737,0.11333261302886727,0.09727893550931005,0.1296362577169923,0.10014957983052379,0.10696994930637503,0.09080884469388252,0.1205508276769027,0.10623524466799779,0.09893565826617572,0.08763660636612162,0.0866625753023792,0.08365204917764194,0.040294808194750106,0.06524891962838536,0.051984375721374265,0.03936329498163858,0.030798318742308393,0.03430010998950347,0.05038119851551241,0.04130440001764864,0.03652202255682473,0.06479595357936076,0.048528237090184334,0.04647235997131495,0.01127482223489776,0.06050078197555285,0.06298933514206637,0.07323634851568807,0.0729759827277962,0.105630814592344
thuringia,2021,5,2021-02-01,2021.0849315068492,2021-02-07,2021.1013698630136,male,0.00655761346622002,0.0499543869411081,0.06710768369766308,0.02855063643920362,0.027338385157150143,0.02143881884417873,0.036901890648728765,0.026282240767489605,0.048366886832761004,0.026833722353991372,0.03295243878737827,0.026911762673521824,0.02283301221295963,0.05444649409961552,0.022177528585189468,0.04678984454861727,0.04691475704480921,0.03942053832916226,0.06997666286119751,0.05721586591316701,0.06600387181184146,0.09030877457186934,0.07974070895835776,0.06505627841269004,0.08057399246495583,0.07489230543931859,0.05447252134363683,0.09877936141155513,0.051172370699578945,0.08644902012808753,0.06604031805665736,0.11004435791200301,0.08567814533242481,0.10832475103642772,0.0674461212805381,0.07617857252036499,0.07340298330410988,0.08370413292309198,0.06560296480479016,0.0668681753546265,0.08396976083638422,0.05341062036466333,0.08161561562636407,0.06941951659161984,0.06275505204608889,0.08815227725691012,0.04519203200231327,0.052739135349216426,0.07713678406181819,0.11664713447640944,0.07448612244486447,0.09431988908767103,0.06036542475814086,0.07703783748731005,0.12152028156026308,0.07630876326934176,0.06888841075195637,0.08265205138113206,0.08434997570085047,0.07422054297163459,0.09771134547804346,0.08254788604991534,0.06531660454927042,0.07088268916782356,0.04563962274903346,0.07440801069428914,0.052265457337048,0.0773294700367049,0.08863149115379819,0.04875204634064695,0.049746187444349825,0.023051508591713125,0.02599089436591945,0.10361436162244195,0.08851168726555038,0.04899147125641434,0.068227139493997,0.08570939679107753,0.059683437984089836,0.12339669526077442,0.12031628509782893
thuringia,2021,6,2021-02-08,2021.1041095890412,2021-02-14,2021.1205479452055,female,0.014026291530446865,0.033082521357290444,0.006229973182845335,0.006001146272799539,0.03437295807652782,0.02777541669646326,0.01693915869175938,0.022193135242206584,0.0338005829991347,0.040097055391158626,0.05221861029559286,0.011285224491147437,0.029112547906740144,0.034882897543232226,0.02990859954665048,0.012757164730230983,0.04349018142982043,0.036407542306165684,0.07519954852994279,0.03742746614614804,0.07086706789086572,0.09403337064687806,0.0745329895515354,0.12542434062377575,0.08745950845201103,0.09876373175193398,0.06464496577317648,0.04558757711542618,0.08118854760656438,0.07545471790036412,0.07354358182218294,0.07876682578294536,0.07182518156054393,0.0795844697874303,0.10222842120236811,0.0775742343316421,0.05728354037876429,0.05313994319123513,0.04043011317789049,0.0519895809226747,0.08996497915257731,0.09976403943875416,0.02928424428850047,0.07784503872384359,0.04370876462439663,0.08240726318376468,0.0922101084659972,0.05942314004707465,0.052301893954024396,0.07747528692474269,0.06833127614210968,0.09503879685279555,0.06843541299876393,0.07704304519706122,0.10348931285041701,0.0723354884376315,0.1089917433161233,0.06598304539769981,0.07266354550313987,0.06499380033383308,0.052015606936975156,0.04909036447810976,0.049017495770202965,0.034097176570930005,0.031063676537320735,0.03974838780622368,0.02724993874489564,0.027718186166832692,0.01870256292238956,0.028332116952747597,0.02223475301715946,0.013277294918819153,0.04573330502080725,0.02646433309740225,0.03717248331070671,0.016913150227306765,0.05444649409961552,0.04198094158918831,0.038759641698381385,0.08210518572012768,0.08340204792563059
thuringia,2021,6,2021-02-08,2021.1041095890412,2021-02-14,2021.1205479452055,male,0.026240619753038208,0.012481497839660073,0.018291616769384955,0.02855063643920362,0.010931548946051022,0.02143881884417873,0.021085074233381854,0.005257465769371192,0.021490840313440597,0.032203169520024735,0.016476209969480418,0.01614850718550038,0.017121218307182988,0.04355263367737253,0.044364519721096195,0.029237417946343228,0.029315461873366925,0.033790176237861604,0.0408100098201818,0.0686697216887518,0.01649181491546561,0.06373384176502035,0.07442363303502084,0.03793743556800442,0.06982566001151784,0.08642297687415137,0.060526812250061485,0.059246138194162114,0.07678266034825244,0.05556047179688276,0.06604031805665736,0.06285397144675144,0.07788670106320317,0.079417815189201435,0.05323884430278651,0.061661744888013695,0.05871513625035029,0.054576630449977535,0.06195329121589418,0.056304872064404245,0.058397578855378676,0.04984508210137078,0.03708402017014045,0.07327800716273258,0.05490457549736099,0.044057458765341895,0.06327568258173835,0.06593097939883816,0.03855669087547414,0.06393689087582514,0.06770645938163224,0.07409556486533744,0.05365527209906427,0.10386446006864714,0.08207914464162476,0.06408787662604014,0.0718876678478599,0.04273555603401472,0.04215788468306782,0.07422054297163459,0.06139623090444711,0.07074730492340715,0.020772948634042315,0.05154193551549048,0.03585595917652014,0.042043392024161394,0.035928809443206255,0.050417633812204245,0.04429686206662687,0.03830170250281466,0.03552813423943771,0.026890951910194433,0.0389938167090741,0.046602476366937574,0.07190328943141838,0.02798873104361682,0.05305665819056681,0.04819512743144641,0.05425909832725232,0.06783142213311766,0.07639729316483058
thuringia,2021,7,2021-02-15,2021.123287671233,2021-02-21,2021.1397260273973,female,0.021038255274045806,0.09930556269366995,0.024924372356685764,0.006001146272799539,0.011456862019689484,0.03888453490618025,0.01129042562004973,0.044395746360543206,0.028165626531800828,0.03436775463835302,0.02320237567476316,0.03951420939739868,0.0116441036060514,0.0174385237319118,0.035897587887843536,0.025517459944863426,0.07457985670044144,0.05461827415087846,0.0877407818914673,0.09986823926275969,0.07086706789086572,0.0705077798159773,0.12428280304538539,0.11914358807051918,0.04370876462439663,0.09217364387443899,0.08620942268384549,0.12926613746850896,0.08857419360759189,0.09605466172677338,0.09807603137928692,0.07438718091395159,0.09297066148983889,0.11941982098919403,0.07862100527317196,0.0775742343316421,0.0941375589881398,0.08995977014855615,0.07685036028351093,0.06799803960224328,0.07768880524853926,0.05584677833097377,0.07114304447471313,0.09948791091495326,0.0918298361254816,0.08240726318376468,0.08195414764636236,0.09411672130318598,0.07609525061208433,0.12919315632200312,0.09112660008264022,0.11333261302886727,0.1153129620736424,0.10859050474757212,0.08344371471749915,0.1006705849014138,0.10595908177898936,0.08894923323768185,0.07545992545157679,0.053686504318222444,0.07393413525593062,0.054868137056629775,0.049017495770202965,0.06510834353574167,0.05281721455666779,0.01834363509023906,0.048450164322461804,0.03388383716429119,0.03430010998950347,0.03463313064899739,0.044484221940807325,0.06642040184631297,0.04954319373760774,0.05735642067097857,0.04181961164598368,0.07332487318055282,0.072606265548917,0.05038119851551241,0.05168768010869991,0.08667299265038914,0.11016942244851428
thuringia,2021,7,2021-02-15,2021.123287671233,2021-02-21,2021.1397260273973,male,0.03280154341396172,0.0499543869411081,0.024393720774768243,0.02855063643920362,0.03280674669540843,0.02680250625897188,0.021085074233381854,0.021022648963630854,0.021490840313440597,0.026833722353991372,0.016476209969480418,0.01614850718550038,0.03996175127464278,0.027213519677689067,0.033269840829649726,0.04094011204800823,0.023452087670595173,0.050688296815447106,0.09916489450273507,0.062942478438428,0.08802205685236349,0.05310350598702961,0.09570561873722752,0.12475713753490317,0.042959340353967965,0.028789968358959313,0.06658701479432097,0.09877936141155513,0.09599214639223089,0.06791473080094639,0.11011210116527838,0.07071606245551965,0.08178227726847519,0.04691475704480921,0.049688932728882224,0.061661744888013695,0.06973193432536999,0.05821537466825962,0.06924768763812855,0.049262126836475434,0.02919059164635338,0.07478815565109591,0.05563334967418456,0.07327800716273258,0.04313628677713261,0.07932928015113494,0.09494502571108787,0.08792829836301616,0.08571460536934276,0.1091115943981482,0.04400021031311559,0.08083439629922426,0.05365527209906427,0.07368938809432042,0.08536563177890394,0.08241767967932735,0.06588932663728968,0.06838855138746201,0.08434997570085047,0.088506478407108,0.053020221044720324,0.07960009368340132,0.04452585756008081,0.08378225863909303,0.04563962274903346,0.05175014220226894,0.04572810044572248,0.03696953868221401,0.030663038818931464,0.06268737045932105,0.05330130825963373,0.015363069237056595,0.06934141245146519,0.06214592093647032,0.06083397047334043,0.02798873104361682,0.1517387757371667,0.04283964164442654,0.07054422921767205,0.09252266315680532,0.09986823926275969
thuringia,2021,8,2021-02-22,2021.1424657534246,2021-02-28,2021.158904109589,female,0.02805636748274747,0.13245134300584152,0.043625494727648664,0.054056087002616514,0.028644287928795312,0.06668073481217855,0.06213550850089821,0.06660784145035864,0.0338005829991347,0.028639085063834686,0.06963300183993214,0.022578100931440505,0.052411203958147336,0.04070072420036265,0.011961375610928578,0.019134319974017547,0.08701676630548696,0.060693406315487454,0.07519954852994279,0.08737616846583962,0.08268850929635145,0.05875157738693126,0.12428280304538539,0.11914358807051918,0.0749547954123836,0.046066398909544434,0.0359027914790993,0.04558757711542618,0.14770758545842644,0.08232393129438673,0.1287656973779579,0.11381205903622132,0.08874087755369324,0.0994983308326262,0.11797612929986713,0.11435925825066606,0.09823753595268855,0.08177186090019954,0.06875303169961779,0.11604779498260413,0.08996497915257731,0.05185424585827647,0.10046739230283125,0.0951586157799489,0.08307913142068216,0.08725636746971777,0.0973362426478697,0.09411672130318598,0.0856104339031121,0.12057167595735115,0.07213240652948329,0.07309054351385699,0.12613846591477823,0.11911231651181049,0.10014957983052379,0.07863142101030951,0.09080884469388252,0.08607920714457898,0.08385517607991955,0.13289968547211237,0.07393413525593062,0.0722105148618342,0.06633188893481774,0.0464983832243906,0.05592486220476618,0.04586341956714903,0.03633469136879395,0.05853813680737847,0.0436567209233051,0.03778132194850755,0.02223475301715946,0.05312953255886176,0.04573330502080725,0.03970155204008663,0.0325257702421986,0.05075075770857362,0.06050078197555285,0.07139298679571786,0.0689248590185716,0.0729759827277962,0.09519508246475022
thuringia,2021,8,2021-02-22,2021.1424657534246,2021-02-28,2021.158904109589,male,0.013116054003940898,0.0499543869411081,0.024393720774768243,0.03426368598426466,0.04375039962277747,0.05898584244613095,0.02635507762293479,0.03154236461180955,0.03761480127097339,0.03757317118490899,0.03844740999122737,0.026911762673521824,0.02283301221295963,0.005439484489999141,0.033269840829649726,0.0936218287396996,0.04691475704480921,0.03942053832916226,0.12252623937452022,0.05149508912585468,0.04399500591148987,0.04778915291995738,0.06910189381982798,0.07047653749200011,0.06444712034592383,0.06336419029119505,0.042360849561590086,0.05265585099048706,0.08318329781607942,0.05556047179688276,0.08256351083629855,0.05499306895973094,0.07009121703966387,0.06135458177513876,0.08165728098681621,0.06891965212177341,0.05871513625035029,0.029096939172869766,0.05101621734136701,0.052780777578602445,0.025543472713228644,0.07478815565109591,0.06305701712186924,0.08872004203121035,0.05882966562273267,0.06168777574368633,0.058756783265667085,0.08352704840139148,0.09858659593785818,0.0827562169210053,0.04400021031311559,0.040398888919763454,0.03688107588689908,0.05023025255831755,0.06565503047522177,0.08546980275472381,0.06888841075195637,0.09976924942499833,0.07309575082831428,0.07422054297163459,0.05860581299384446,0.08550105408816501,0.06828962145783897,0.08378225863909303,0.0684770677998214,0.04851262252726467,0.04572810044572248,0.060505988029409846,0.04429686206662687,0.06268737045932105,0.05330130825963373,0.061489941567371684,0.017324085486646892,0.046602476366937574,0.0553001944974457,0.05599774059276242,0.1213534925081209,0.03212512125888308,0.0379738621466557,0.1048700763796657,0.08472498486573875
thuringia,2021,9,2021-03-01,2021.1616438356164,2021-03-07,2021.1780821917807,female,0.021038255274045806,0.09930556269366995,0.08104792841640628,0.13223759970242216,0.14336905971030015,0.12231253686374771,0.07344464208464464,0.09438761185889592,0.11839307585193228,0.05729395184282767,0.06963300183993214,0.07340819064984942,0.04658686238227465,0.052333125360327463,0.071814767186624745,0.07658476873517125,0.05592486220476618,0.036407542306165684,0.05638816226769104,0.09986823926275969,0.029518376631811765,0.13522487236371047,0.0745329895515354,0.08149061974532101,0.06870616980208197,0.07240838982888856,0.06464496577317648,0.114041360863271,0.09596088875314351,0.09605466172677338,0.13490684739102865,0.07000790488484442,0.15645352668845428,0.13137742211984474,0.09436156462875223,0.12662324268616068,0.12692557887477796,0.09814375904255063,0.12138997756756817,0.0519895809226747,0.08996497915257731,0.071814767186624745,0.0962786756260525,0.0951586157799489,0.09620574076219364,0.07270520369129829,0.08707927085059092,0.11395276685568381,0.13323333818836425,0.09040253735343136,0.10253061558850994,0.08040733469538448,0.10810068523724296,0.12262006026642504,0.08344371471749915,0.07863142101030951,0.09686736791516329,0.09182462693464849,0.08385517607991955,0.09044941880761238,0.08763660636612162,0.0693153777641459,0.07499124793134847,0.05890775397579912,0.049709752618123014,0.05504512400794593,0.03936329498163858,0.03388383716429119,0.028061570289404557,0.028332116952747597,0.034945339454244696,0.02987738160569892,0.04573330502080725,0.022052675497653,0.055768694574432946,0.03946737384218848,0.05444649409961552,0.07139298679571786,0.04737797683775428,0.050162587271466455,0.07115345871410293
thuringia,2021,9,2021-03-01,2021.1616438356164,2021-03-07,2021.1780821917807,male,0.00655761346622002,0.06869575605280849,0.14041781757469254,0.125742307607832,0.14231577032683193,0.1448968886645642,0.100217310194541,0.0946793417278545,0.17216549492500732,0.10742849363255917,0.07692326800467104,0.043068630720708,0.05710134009509994,0.03810395727872194,0.0277233889396535,0.10533381273292532,0.03518470080773461,0.056325694602720314,0.08165207281493686,0.09157979555399275,0.06600387181184146,0.03185455486054549,0.08506353712912064,0.05963137829245168,0.06982566001151784,0.057601090970496545,0.042360849561590086,0.07241880432169706,0.08958993219657739,0.06791473080094639,0.08806893616043716,0.07071606245551965,0.10906990703393782,0.07580362498447747,0.07455381939027421,0.09433551741166159,0.0807510669303825,0.06549362706657415,0.1057298155891177,0.08095418250088604,0.05474841093114227,0.07835019683989028,0.05563334967418456,0.10030588080367653,0.05882966562273267,0.03524193955550368,0.0858969059374069,0.06593097939883816,0.07713678406181819,0.09028272938476835,0.06432216572708059,0.05724710027096148,0.07043488108922956,0.07368938809432042,0.06565503047522177,0.05798111308005291,0.09886792957149745,0.05698681452927201,0.0702838769089314,0.05422786576418694,0.06977359016502424,0.08844918099864421,0.08908987379632662,0.04832004330340712,0.039118710479314665,0.042043392024161394,0.035928809443206255,0.05714298581794026,0.023847467449782493,0.03481525222425171,0.04263667489709784,0.030735881810861638,0.043323642469712965,0.036241026027849385,0.027645347402045738,0.0629997477486094,0.037890601432940846,0.04819512743144641,0.06511355005091747,0.07400183148273128,0.05596130138599396
thuringia,2021,10,2021-03-08,2021.1808219178083,2021-03-14,2021.1972602739727,female,0.03507022350120618,0.11256133959688296,0.13099165012873468,0.15029940155193705,0.14911038336239463,0.12231253686374771,0.13000638059989242,0.12218223088577038,0.09017854876683377,0.10891357971580028,0.08125104514647673,0.0847145679079729,0.04075796902019888,0.07561094466351544,0.04786722469524336,0.03827568335141464,0.10568292035662585,0.12753546929450119,0.13794641150580486,0.13111676505551473,0.08268850929635145,0.11168064270786826,0.10562039344575304,0.11286880533707797,0.10621961276719288,0.09876373175193398,0.14376535232867999,0.114041360863271,0.14770758545842644,0.12353221664974656,0.15947348668094888,0.15327206597775056,0.14798397015604062,0.11941982098919403,0.17312547688122523,0.20438674677855875,0.1351258151964457,0.12680568672758769,0.1457051439798023,0.1080381554190857,0.11452602487040205,0.12773355490136656,0.11723084566686208,0.14280591223735492,0.10496386542085406,0.11151909637677022,0.1486358266760093,0.10403640344817541,0.10941903974129678,0.133504432596688,0.14435979691909,0.09137663847495535,0.12974573040799223,0.10508370721966002,0.09346554785606861,0.1164178211585462,0.13020968865656382,0.14066809309334682,0.08385517607991955,0.08479269514207938,0.08763660636612162,0.07799085705763328,0.06344749180241327,0.06821151901477014,0.07768880524853926,0.04586341956714903,0.04239207499782557,0.07703262977807465,0.0436567209233051,0.06298412883957963,0.054019649156449426,0.0630986676147572,0.022859023638481923,0.02646433309740225,0.060417485184679445,0.03946737384218848,0.072606265548917,0.03358204144977235,0.038759641698381385,0.0729759827277962,0.08158436662793363
thuringia,2021,10,2021-03-08,2021.1808219178083,2021-03-14,2021.1972602739727,male,-0,0.06869575605280849,0.16487751428736583,0.1371904141229104,0.10396345770257359,0.1717742030160718,0.100217310194541,0.12100949177762094,0.08601149519301902,0.09129850134820539,0.13194044583792497,0.12931305397391948,0.06852392949089309,0.03810395727872194,0.03881688438138674,0.11119079408892935,0.07625668693063535,0.11271246659793305,0.08165207281493686,0.09731019394069675,0.05499827446221038,0.07436114370026607,0.10103008144393708,0.09761235974616546,0.08057399246495583,0.04607160351848892,0.042360849561590086,0.0790063889367317,0.044775671975795704,0.09881062074489665,0.1431917718851209,0.07857934234548479,0.1012749573234822,0.10109781295482426,0.1349798365570523,0.11612596930743918,0.121171067594895,0.12378241091115814,0.10208253488588487,0.10914285994323204,0.09858659593785818,0.11043518558731678,0.08904299356784338,0.08100105543751755,0.07845435376271323,0.09256433725752503,0.07232507396151518,0.057137780100764105,0.08571460536934276,0.1015823563365701,0.0914287299580194,0.10106134213030844,0.07043488108922956,0.09380415703090686,0.08207914464162476,0.10074873611228352,0.0958671159486166,0.08265205138113206,0.08434997570085047,0.07993340458234639,0.08932948451305192,0.08550105408816501,0.06234896384685358,0.07410597969605667,0.09784679994280492,0.03233845345017319,0.052265457337048,0.03024679510823622,0.04429686206662687,0.05920449078691724,0.06040707309520206,0.07302805578108415,0.021657309364802254,0.031063676537320735,0.06636833540953814,0.04899147125641434,0.068227139493997,0.03747950361312576,0.0379738621466557,0.0431571040429735,0.07639729316483058
thuringia,2021,11,2021-03-15,2021.2,2021-03-21,2021.2164383561644,female,0.06314552445914219,0.08605316407585042,0.13099165012873468,0.13223759970242216,0.09171002486828174,0.08892839763171423,0.11869015230988152,0.18895208157626134,0.07889702301221904,0.0974352278541399,0.09867516376947037,0.07906367594136877,0.08154790948683537,0.09307484770185287,0.05385307647054102,0.10852797434040617,0.11813248386511356,0.0971382728006009,0.1505080040376367,0.1623840804163514,0.10042571186792677,0.14699837861580992,0.14295191284843015,0.13798290820929918,0.1249864876311101,0.11194641357039774,0.1365699831028125,0.15211427120765314,0.1624988383463326,0.15102429878838897,0.20863639024278552,0.18836756474856428,0.19882201403993885,0.1832272309729324,0.14554349191170937,0.15525915222422162,0.1638290055607632,0.24160119269563518,0.1416483504731058,0.16414720746719738,0.13090824034478463,0.15571812257199352,0.11723084566686208,0.13847300928061357,0.11809600109117374,0.13093951899808712,0.0973362426478697,0.15364757252043137,0.1379985496614913,0.1723272297740683,0.14816648915795103,0.12065506916273179,0.13696622390853863,0.1296362577169923,0.18040417752764573,0.13216982761893734,0.17267157016055987,0.1464195478469409,0.11183176714937706,0.12157761542049779,0.11505759704020198,0.13004808475184268,0.15298000720814103,0.06821151901477014,0.05592486220476618,0.06422324353344092,0.03936329498163858,0.09245494281437175,0.056133086441447155,0.0755901144013099,0.04765903355495698,0.06642040184631297,0.04573330502080725,0.03087636501203877,0.0650718979441307,0.07332487318055282,0.14531926568148418,0.067190991206005,0.07323634851568807,0.07754298776175922,0.08067815384218059
thuringia,2021,11,2021-03-15,2021.2,2021-03-21,2021.2164383561644,male,0.03280154341396172,0.10620398087109292,0.11596962077529248,0.1429101983462978,0.09848239868203015,0.1717742030160718,0.100217310194541,0.1104768740460586,0.08601149519301902,0.10742849363255917,0.08792308956300594,0.11312937094684936,0.16003681468962558,0.11985241511212445,0.07211157766067051,0.07605358970800746,0.1173663509874544,0.1014312616793227,0.1517387757371667,0.1488965715720305,0.11556311679173165,0.15415346756677112,0.10634987875079242,0.08132916717699387,0.09132454704407436,0.07489230543931859,0.10900216513837722,0.12514807580630002,0.15367364946436385,0.08027192565090342,0.15422126830781424,0.12184864907006396,0.17930839400626594,0.148103911142268,0.1349798365570523,0.15246890830839632,0.11014857833820746,0.08006360473252817,0.08748555222508626,0.14087144283921474,0.12783259798776567,0.08191248204804316,0.12618537959836623,0.12734259719180896,0.10594344996120252,0.11021111069419395,0.13568887950148167,0.17159681832063922,0.13721648281521592,0.15433079276855327,0.12871878136639187,0.11118037182802197,0.1443285101922882,0.12734259719180896,0.13138784842959506,0.1343750722737503,0.13486513934215602,0.13687237712905034,0.16320304028016008,0.11709012897691427,0.11447912170454512,0.08844918099864421,0.10990366066797494,0.0999099192508202,0.0684770677998214,0.10031630088525804,0.07187725346142616,0.08069377806675715,0.054524575870755494,0.055721844376790224,0.06751901581746515,0.07302805578108415,0.06500421334176289,0.08287600754982306,0.04976700735651442,0.02099143635685808,0.1213534925081209,0.09107450890223653,0.07054422921767205,0.07400183148273128,0.08926697726311646
thuringia,2021,12,2021-03-22,2021.2191780821918,2021-03-28,2021.2356164383561,female,0.05612267520981016,0.08605316407585042,0.043625494727648664,0.09012645853613466,0.12614367854420047,0.1000557994721416,0.1413250720610057,0.08882942861738001,0.10710542789098677,0.18931218896414148,0.13936458796799395,0.0847145679079729,0.08154790948683537,0.08725115873701392,0.10776198295499358,0.10852797434040617,0.09946186112990871,0.18228793554884304,0.19448444121818148,0.2124477909714086,0.12408473058314105,0.14699837861580992,0.15539997224104604,0.18824753085605073,0.15627619424780176,0.144917746708329,0.1293703964269071,0.17496723101075118,0.14770758545842644,0.1647731841136621,0.21478698071406815,0.1445005874226715,0.20729985559833453,0.1393541600587373,0.19283511015969895,0.14707659948416424,0.20897575021089196,0.1759742233161141,0.23494596699123943,0.1761777111762997,0.18828928174376008,0.16771537529447225,0.1549670822939367,0.16881091454361347,0.17067338423942563,0.08725636746971777,0.18457880249352718,0.20827614900766103,0.1618311593943747,0.2154971127070548,0.1633856127086262,0.21590962030287258,0.1802945981364039,0.17174811699350162,0.173709822401205,0.1258674099050266,0.1787396392815829,0.12917230458467185,0.14542877139405755,0.1300689368403604,0.12602900081768484,0.12426195327698762,0.1183044744298898,0.13030352341235282,0.05903269558461643,0.0856468938925539,0.08785016641769412,0.08937115605475592,0.06861765299973575,0.056684884701124,0.0890013222891257,0.0896889026583522,0.06861244613369882,0.08827208031710762,0.06972152037067039,0.08461039844509344,0.11501069339486747,0.05038119851551241,0.043068630720708,0.1003684013244863,0.07523600122048826
thuringia,2021,12,2021-03-22,2021.2191780821918,2021-03-28,2021.2356164383561,male,0.06562379106670704,0.11871621172926448,0.14041781757469254,0.07426740983893598,0.04922048742477106,0.06434819791457669,0.1636151332424392,0.13681502640273444,0.10753791958072856,0.1558432970062767,0.1374406741085406,0.11312937094684936,0.14858889273357923,0.10349452320991732,0.16100178888486494,0.12877091027074805,0.17027166944699665,0.19175472228596088,0.1634325600081242,0.20628181514845945,0.17068381843122904,0.14882877777328865,0.14362456381574368,0.16279095058364185,0.19897861188352514,0.12680047403180922,0.12112937056172793,0.15153538348945275,0.14726433004829015,0.12973009143802158,0.22045786402965667,0.14152842437605842,0.15198389052867053,0.15171791495719758,0.12786908759346405,0.17428895702939534,0.1579504452119661,0.13836351821503912,0.17512375703210312,0.13382244899247991,0.14246176956173828,0.16039150582596828,0.16335953089388777,0.16212848411886724,0.1295163593198558,0.11021111069419395,0.15380403438019405,0.17159681832063922,0.15439337827826438,0.161872889077707,0.15246890830839632,0.13479215033712538,0.1443285101922882,0.15083655464955156,0.14125728813270058,0.13131486430524403,0.15587980627303966,0.10832996188045194,0.15193173834860763,0.17144030291541099,0.1620189432331075,0.18296109554683043,0.15750188670767593,0.09668502888308725,0.0880533097197148,0.08736054223329841,0.04572810044572248,0.050417633812204245,0.07839706742933998,0.12545040341816727,0.09953480056092137,0.0499543869411081,0.1040416138624883,0.09843030013241798,0.0829749652339448,0.09102762688449213,0.12894814893644513,0.08570939679107753,0.04340170754085238,0.13575665617153776,0.08169373820459482
thuringia,2021,13,2021-03-29,2021.2383561643835,2021-04-04,2021.2547945205479,female,0.0491059792145148,0.052942141532443844,0.04986069706441244,0.07209074880020083,0.12040488994781152,0.10561518287323785,0.14698794917558577,0.09994638926778619,0.08453747994523722,0.09169960651113615,0.05221861029559286,0.07906367594136877,0.1048752868775135,0.08725115873701392,0.071814767186624745,0.10852797434040617,0.11813248386511356,0.08498540948808773,0.2070597006702926,0.15613015622134088,0.1418360614411317,0.19412951745903118,0.15539997224104604,0.0689456866109666,0.15627619424780176,0.12513243821901582,0.11497942432148346,0.17496723101075118,0.13291532539536582,0.13727383398429369,0.2578510442410128,0.17959016470633066,0.19882201403993885,0.19519951556047943,0.15342331134240939,0.20028883232075453,0.18434397094326185,0.1390934630069638,0.1619198350114937,0.23637201508167985,0.16368816271564623,0.1477232298360478,0.1339997048768885,0.173146346251011,0.11371825403477423,0.22327787048984973,0.23082475112995535,0.14868276066080086,0.19043949777935285,0.15507139279500246,0.17480027044063787,0.13529786197612192,0.14779623699386019,0.13314471147680507,0.1369193004976233,0.1573871398048417,0.10292659709761806,0.16079314429827865,0.13982863204696944,0.14989262911173046,0.1644445454346834,0.13583486013137458,0.0807614830941858,0.12719664040043394,0.08701676630548696,0.09483041676751952,0.06663387478213284,0.061620095546037056,0.07486106048094708,0.09135059275298908,0.06355682523840551,0.08303746492094738,0.0762410640391961,0.07060671396573766,0.10694389577287343,0.0338265999114264,0.09077759017036535,0.06298933514206637,0.060302952315099884,0.10950241506291973,0.0811312582609667
thuringia,2021,13,2021-03-29,2021.2383561643835,2021-04-04,2021.2547945205479,male,0.03936329498163858,0.10620398087109292,0.06710768369766308,0.11429672090614822,0.14779623699386019,0.06971631339410558,0.1371904141229104,0.1420863437858901,0.10215547799296876,0.13431772430164074,0.043942961923915856,0.12391793330538574,0.07995423658446865,0.1144009498554613,0.08876692196853395,0.1463569719335313,0.0997484094831652,0.11835659289516284,0.1342082419850648,0.2177633340694834,0.21481830986221648,0.15947870265304084,0.15427863823466784,0.07590256921052857,0.10208253488588487,0.12103034024196176,0.10900216513837722,0.15153538348945275,0.1665050921007908,0.14829164541523526,0.19284554879936786,0.13365562047675528,0.15979166193583283,0.0974821156491902,0.13854078957959695,0.12339669526077442,0.16162772766765893,0.15295393061205365,0.12398569463494631,0.12676919786809443,0.1827106163900361,0.14967881410493789,0.11875790682744561,0.18533027058098314,0.11379642485756408,0.11903934961463025,0.1492772614681726,0.123141290526215,0.14580422130218149,0.161872889077707,0.18301327885636165,0.1617946459489214,0.1443285101922882,0.14412514692688064,0.13138784842959506,0.1649609785770357,0.14086622873323584,0.17114814208608822,0.12657632860753715,0.16285354627655843,0.17321417176065582,0.19183301050796397,0.1366690430211793,0.13540734658684203,0.0880533097197148,0.06793555798875794,0.0947679029047681,0.09751858396346384,0.09886792957149745,0.08708968828207932,0.06040707309520206,0.09226220078399887,0.10838207034944249,0.07251253485083464,0.07743883266440071,0.07000790488484442,0.2049505615557709,0.058912959870170284,0.07597547560282895,0.09869600328118518,0.06655577482590448
thuringia,2021,14,2021-04-05,2021.2575342465752,2021-04-11,2021.2739726027398,female,0.09123599173133945,0.07942823108594334,0.05609664713984024,0.09613801562306874,0.08024067745994243,0.08336558951013619,0.06778976784925951,0.09438761185889592,0.09582022960976948,0.05729395184282767,0.08125104514647673,0.11298345404452237,0.0990398564302414,0.08725115873701392,0.071814767186624745,0.11491688623113012,0.06835731033672045,0.12753546929450119,0.14422422123888196,0.17489418569536766,0.21289682369848828,0.20591636959201595,0.1803050342589494,0.1756768194143729,0.10621961276719288,0.15151973796488433,0.14376535232867999,0.12165579805904997,0.16989604283830512,0.24735859781018205,0.15332943485738876,0.1576531443755661,0.13951579288720892,0.1832272309729324,0.15342331134240939,0.14707659948416424,0.1679344812978371,0.12680568672758769,0.17002646843659133,0.14008933278448404,0.16368816271564623,0.15971863793471305,0.1549670822939367,0.13847300928061357,0.0918298361254816,0.1892391234953717,0.16403766232880682,0.20331133924654965,0.21429615985735445,0.1809572960746474,0.2014529204042059,0.13529786197612192,0.18751689574745825,0.1577105180888252,0.173709822401205,0.16684417722405026,0.19695331616459702,0.16654682553510153,0.1566360754208131,0.16122086660178306,0.13700271992407928,0.13583486013137458,0.12119191612401684,0.11167022034878102,0.09946186112990871,0.08258434389210302,0.09997764930267833,0.06778456106611974,0.10920539108980756,0.10081125716554287,0.06673800823957492,0.06974234828215517,0.08387080125911792,0.06618610329138089,0.07902201265900799,0.10719922096403033,0.08471977638659788,0.07139298679571786,0.09910758534885059,0.1003684013244863,0.06797721238940639
thuringia,2021,14,2021-04-05,2021.2575342465752,2021-04-11,2021.2739726027398,male,0.045925874665032416,0.10620398087109292,0.10985676167122342,0.0628331462941315,0.09300712664029812,0.07508498309746073,0.100217310194541,0.021022648963630854,0.09139226591439245,0.07517351090948901,0.07692326800467104,0.06461893343711238,0.07995423658446865,0.07623585640976134,0.04991274697507328,0.10533381273292532,0.11149304056391267,0.14092879803951774,0.09916489450273507,0.1431657001971061,0.20378117475292748,0.15415346756677112,0.14895393562461504,0.16822140722214146,0.17742996169028089,0.17298982618177813,0.15145194074616586,0.1581329991994267,0.12162452498952211,0.19161902298036196,0.20940909000516547,0.14546527334949252,0.17930839400626594,0.10471376168692166,0.156328350785219,0.1633803963446285,0.09177253505498964,0.14201334464422954,0.13858771445372997,0.13382244899247991,0.14611709829639463,0.1282704749461426,0.12246890446835397,0.1505288643322328,0.1098723946654427,0.11903934961463025,0.16286919521155818,0.14075673262839403,0.19305954137436526,0.16941086248459503,0.14568428562019736,0.19218791859269183,0.12752504375714713,0.13069971647025416,0.13138784842959506,0.14966838412709527,0.14987176907237032,0.14829686026582328,0.12939646119917306,0.14568428562019736,0.14244091250308233,0.16227453899216313,0.11584975388566877,0.13863463937020234,0.07826166361952726,0.13271722004843617,0.06533743069649886,0.0672378517380958,0.10228052355744614,0.10452097421302015,0.09241847805113083,0.09995680927733082,0.08234997249547088,0.06732636619170972,0.07190328943141838,0.04899147125641434,0.1213534925081209,0.14471959563036593,0.06511355005091747,0.1048700763796657,0.07336653189851121
thuringia,2021,15,2021-04-12,2021.2767123287672,2021-04-18,2021.2931506849316,female,0.02805636748274747,0.09930556269366995,0.09353326951464122,0.19245932052721615,0.07450174480906327,0.11118037182802197,0.09605987134137488,0.06660784145035864,0.06761794428102148,0.06875823857973187,0.12192161990939511,0.12429322793271924,0.13988077208991226,0.1863165889265011,0.13773264561405013,0.15967690998011186,0.18664536586575123,0.15794522939316702,0.26367296608230534,0.30018196993229146,0.15367364946436385,0.19412951745903118,0.16162772766765893,0.09403858005898064,0.1875899587963495,0.20432410106955712,0.1797675766711616,0.22833859888299418,0.2810014826143608,0.212933373044597,0.2640074589507115,0.18836756474856428,0.14798397015604062,0.15929092798745445,0.14160142283697622,0.1634429927471027,0.1679344812978371,0.16367772992748508,0.1375970872111906,0.18419785406943387,0.229310064393786,0.19972506808623028,0.16755365478894307,0.14713917626356784,0.17067338423942563,0.13579315133816294,0.1897140508775021,0.20331133924654965,0.1713672625541882,0.1809572960746474,0.17099684515889996,0.19024639221991796,0.21281328243241393,0.17174811699350162,0.16702154570777694,0.17315156359476322,0.15447161027132758,0.15791915030703652,0.15103472903819976,0.12157761542049779,0.1644445454346834,0.13583486013137458,0.10675110003069616,0.13030352341235282,0.10257229771062815,0.10402077220835775,0.063603682495629435,0.09862306502672175,0.099836979293634,0.09450742928558988,0.07945947878868724,0.07306450694940986,0.05716901441164973,0.07060671396573766,0.060417485184679445,0.05075075770857362,0.072606265548917,0.12184343687117581,0.04737797683775428,0.08210518572012768,0.07840748312162228
thuringia,2021,15,2021-04-12,2021.2767123287672,2021-04-18,2021.2931506849316,male,0.06562379106670704,0.11245711433482683,0.05489937000426714,0.04569166843473787,0.10396345770257359,0.1234071199704641,0.09493981620817009,0.07362689964191424,0.09139226591439245,0.14507939683118046,0.11542761617004843,0.11312937094684936,0.13141912737138925,0.07623585640976134,0.1554416967637127,0.1463569719335313,0.17615162294459782,0.19740743489044613,0.2629046859217528,0.22350765553237115,0.18722986333492495,0.15415346756677112,0.1329726718208601,0.1464873385047756,0.19897861188352514,0.1960972870515561,0.13325419155421336,0.21755968341049511,0.18574775754430306,0.19161902298036196,0.2315037629548174,0.14940242039895218,0.19493331885345386,0.13001680663474435,0.1207593108575226,0.21795132000106598,0.121171067594895,0.13471916143455032,0.1166836162338501,0.09857096633617073,0.1534337420734294,0.13184139492711025,0.1745133082132448,0.13506846639638287,0.1452358329123993,0.14994477924675567,0.10852276347653937,0.10553181378405455,0.14580422130218149,0.15056015478981755,0.17283330658366947,0.13816539211098225,0.13760751476808974,0.13069971647025416,0.1642880515556517,0.13131486430524403,0.18290369396683312,0.1682892263083132,0.1660199433847992,0.13424473606498205,0.17321417176065582,0.1150159049089291,0.15452376499875317,0.1031350096293839,0.1174393155371031,0.08088126912788024,0.0751474733020671,0.08742304719162623,0.10228052355744614,0.12894293602589293,0.08174581998862178,0.061489941567371684,0.08234997249547088,0.11398924672287922,0.0995869002171453,0.05599774059276242,0.09857617620287983,0.08035004621045631,0.09770613569798658,0.1048700763796657,0.08699593147381479
thuringia,2021,16,2021-04-19,2021.295890410959,2021-04-25,2021.3123287671233,female,0.04209022989960784,0.09930556269366995,0.09353326951464122,0.15029940155193705,0.09744564736049804,0.15572333816740921,0.11869015230988152,0.09994638926778619,0.1014625226068714,0.10317669223597485,0.09867516376947037,0.07340819064984942,0.11653768935764891,0.13384851599641379,0.125742307607832,0.1404908144765377,0.19911433039610063,0.20054983635105478,0.23221412327686242,0.1936702079549893,0.1951212222698931,0.18234533644912274,0.17408025912272515,0.1756768194143729,0.17506114656702296,0.20432410106955712,0.1797675766711616,0.22070852507787567,0.19209919134441872,0.12353221664974656,0.2393913961415576,0.1620398081459384,0.15645352668845428,0.18721420706707775,0.16524267154374314,0.11844519440600872,0.18434397094326185,0.22518929515927683,0.1578617763635847,0.18018501897607198,0.13500590414117217,0.19572147384356794,0.16755365478894307,0.15147280141943467,0.17505592903167203,0.11637612793667022,0.19485502596366844,0.20331133924654965,0.14276419785233857,0.150758328125094,0.14816648915795103,0.19024639221991796,0.10449492190650388,0.15420040653192288,0.15698552763891707,0.16368816271564623,0.18177654850681746,0.12917230458467185,0.12863016234892144,0.1442294356815877,0.15346503427904337,0.11268641018710855,0.08653756728904136,0.148943505792165,0.08701676630548696,0.11933121781769193,0.08178748545340123,0.08628755216393151,0.059256550051185186,0.0787407863762113,0.06355682523840551,0.059771939579495954,0.03810395727872194,0.07502249296794512,0.06972152037067039,0.08461039844509344,0.09077759017036535,0.05458183591076922,0.07754819552210056,0.09123599173133945,0.06525933268740297
thuringia,2021,16,2021-04-19,2021.295890410959,2021-04-25,2021.3123287671233,male,0.07218968596173472,0.06869575605280849,0.061005771626723083,0.0971382728006009,0.1313565695066157,0.11803345925253611,0.13190395337514926,0.1104768740460586,0.129073258946537,0.10742849363255917,0.07142422967030979,0.11312937094684936,0.14286326957138878,0.13076227354481448,0.11098234926768032,0.1404908144765377,0.19968330801570278,0.1691604485893508,0.1342082419850648,0.17184202673600224,0.19826348557171883,0.17545246321057206,0.16493489597212396,0.17909445801296142,0.139739994093953,0.11526084665884329,0.16358905131257337,0.15153538348945275,0.1088041508727319,0.16685461064752266,0.15422126830781424,0.11004435791200301,0.13247219605809235,0.13725297900640038,0.1812390757097239,0.1488339926777436,0.12852590487466578,0.13836351821503912,0.15319905113156357,0.12324553720512857,0.10589655453604817,0.15325120458266422,0.12990212036635224,0.16599386024871757,0.11772596297333525,0.13228451888888404,0.13568887950148167,0.12754068206395913,0.15439337827826438,0.2071327911831504,0.14568428562019736,0.15504531515012085,0.13424473606498205,0.15754882869545192,0.14454751767524526,0.11908625689392181,0.1288647424302741,0.11974296324696466,0.15474803092277856,0.14282676944241182,0.1508313395442626,0.1091115943981482,0.10990366066797494,0.12249496578150021,0.1141768578727139,0.11975338722419737,0.08168853002906401,0.10088419848935987,0.07498604042707718,0.10452097421302015,0.07107535196952108,0.07687119105055445,0.0519947861244904,0.07251253485083464,0.0995869002171453,0.05599774059276242,0.068227139493997,0.06962779487223103,0.08140728932487756,0.061661744888013695,0.06807093491285825
thuringia,2021,17,2021-04-26,2021.3150684931506,2021-05-02,2021.331506849315,female,0.05612267520981016,0.07280414202192524,0.08104792841640628,0.08411559634614744,0.12614367854420047,0.1000557994721416,0.09040774640181187,0.11106572709590899,0.10710542789098677,0.13761272854732925,0.08125104514647673,0.09036607402940151,0.12237508384916523,0.11637091628628912,0.1317371310142969,0.17247331329591578,0.15549385246412661,0.18228793554884304,0.19448444121818148,0.26256497382373334,0.14775451860541627,0.18234533644912274,0.1367263935864847,0.19453141660312842,0.15627619424780176,0.09876373175193398,0.14376535232867999,0.14449537295278103,0.14770758545842644,0.10978901875059756,0.23323789492920932,0.1620398081459384,0.18187047636199868,0.15131113142049538,0.14160142283697622,0.14707659948416424,0.1474259874660326,0.13499547710595494,0.1578617763635847,0.16414720746719738,0.16778841052634919,0.1477232298360478,0.11723084566686208,0.16014113536093436,0.16190418636218698,0.16980213661009222,0.13324376487024348,0.12387623406954308,0.15706376353186907,0.2154971127070548,0.15196824486915675,0.12065506916273179,0.11892468755448846,0.15069053189908818,0.17705950110552834,0.1479266071734676,0.12717578946367994,0.14066809309334682,0.13982863204696944,0.14989262911173046,0.12328202359212667,0.09822711628765443,0.13563674366154924,0.09303838250390403,0.08701676630548696,0.05810084664883616,0.11211317245218641,0.05545115517244169,0.06549883362032671,0.07243963331357144,0.028592259302643704,0.046482769270983576,0.0991336349564244,0.07502249296794512,0.05112031952807073,0.04510875973030599,0.07866266823423415,0.058788018549044085,0.0689248590185716,0.050162587271466455,0.051203601427493035
thuringia,2021,17,2021-04-26,2021.3150684931506,2021-05-02,2021.331506849315,male,0.03936329498163858,0.11871621172926448,0.08542813433935141,0.11429672090614822,0.13683588120498438,0.11803345925253611,0.14247219809420342,0.1104768740460586,0.13445848761880175,0.07517351090948901,0.1044219755176887,0.12931305397391948,0.12570060690898902,0.05989167727185589,0.17212375698110152,0.12291194856823291,0.10562039344575304,0.1578669921740073,0.18097295045875805,0.15463329009662524,0.15965083002549313,0.1861026240985217,0.1116754315280664,0.10304122388671784,0.1235999774766861,0.09795620572961992,0.18179742134886223,0.1581329991994267,0.1921670415794772,0.11117516069834875,0.16525310464588994,0.1690926283669165,0.16759538906480342,0.1734280835628768,0.11364529470619035,0.11976381120351971,0.14323348661313856,0.1638968189185392,0.098435509985028,0.17967887061308507,0.1570950579220095,0.10330695059691601,0.10389572245900044,0.18919737184502614,0.1098723946654427,0.1146250428039228,0.1855285764706281,0.16718848130394862,0.09858659593785818,0.12418376671995385,0.17283330658366947,0.13141912737138925,0.13760751476808974,0.12399090704856722,0.13796726676180623,0.1435515625146538,0.12586219730329826,0.11974296324696466,0.16320304028016008,0.12280770255807628,0.10609455772995206,0.1150159049089291,0.1396461423083857,0.11604258336512399,0.06521247393824776,0.08736054223329841,0.07841789881599084,0.11772075118766645,0.08863149115379819,0.04875204634064695,0.09597651757033565,0.06533222415891268,0.06500421334176289,0.06214592093647032,0.07743883266440071,0.04199134998980875,0.09099116312213593,0.06427010139117922,0.07597547560282895,0.06783142213311766,0.049152823451868805
thuringia,2021,18,2021-05-03,2021.3342465753424,2021-05-09,2021.3506849315067,female,0.04209022989960784,0.08605316407585042,0.05609664713984024,0.04804939262675356,0.09171002486828174,0.06668073481217855,0.11869015230988152,0.06105783269435691,0.07889702301221904,0.12612804065751296,0.06963300183993214,0.12994903744557604,0.12237508384916523,0.06397333567194446,0.10176471254206085,0.08296975693008829,0.08079793968392537,0.15794522939316702,0.13794641150580486,0.15613015622134088,0.13591827781817245,0.08226664069790321,0.1118421895408432,0.10658956901325678,0.1249864876311101,0.11194641357039774,0.14376535232867999,0.14449537295278103,0.14770758545842644,0.13727383398429369,0.17790478122850528,0.12696206784400532,0.10989323866504207,0.15929092798745445,0.12191119549750705,0.12253666390970651,0.11463025427933411,0.11861197413008366,0.11734029224452952,0.13608511359321604,0.13500590414117217,0.11974296324696466,0.14658120263844468,0.1774821394494724,0.15314168239577064,0.11637612793667022,0.16917088247757667,0.1337963820016189,0.12370943746056712,0.14644040650147805,0.11773638654624566,0.10967437708597096,0.1153129620736424,0.1296362577169923,0.1302305408098851,0.1164178211585462,0.1453714112301353,0.15504531515012085,0.11183176714937706,0.08762098005532326,0.09312173156536796,0.08955346944235607,0.1269724932684883,0.11167022034878102,0.05592486220476618,0.07340298330410988,0.05450895950714556,0.05853813680737847,0.07486106048094708,0.03463313064899739,0.06355682523840551,0.03984205946503962,0.04573330502080725,0.02646433309740225,0.0325257702421986,0.03946737384218848,0.06655577482590448,0.04618090042659279,0.03445100971158637,0.09580460083955025,0.05210930069632286
thuringia,2021,18,2021-05-03,2021.3342465753424,2021-05-09,2021.3506849315067,male,0.019680523789977762,0.08744909094643435,0.08542813433935141,0.07426740983893598,0.04922048742477106,0.05898584244613095,0.08965764880796709,0.0946793417278545,0.0806312811966124,0.09129850134820539,0.11542761617004843,0.06461893343711238,0.12570060690898902,0.1089448451418259,0.13320727149281003,0.0936218287396996,0.15263058190694834,0.19175472228596088,0.19266809220998765,0.1488965715720305,0.13209162917082626,0.1328631923361573,0.10634987875079242,0.15735584523892152,0.1235999774766861,0.16721456503925777,0.11506280855895858,0.18453705458486036,0.05757506216050457,0.08027192565090342,0.13767529393894382,0.09430947020761819,0.14027703812480105,0.122786853381122,0.11009125707794869,0.11612596930743918,0.09912321511183007,0.13107506004647126,0.12033192123685281,0.08095418250088604,0.11320754088438444,0.10330695059691601,0.09646622288856357,0.10416666396269235,0.1098723946654427,0.09256433725752503,0.12210404745571657,0.10992971568444282,0.12863016234892144,0.10534944436744323,0.10498470745298084,0.10443239642411145,0.12416291699126536,0.1072148531593157,0.13796726676180623,0.11603216013173648,0.10186891637518185,0.1283069648591166,0.08716781908476201,0.11136797284395344,0.11447912170454512,0.07960009368340132,0.08908987379632662,0.0870063488886074,0.09458557123434626,0.07440801069428914,0.11439573840303098,0.08069377806675715,0.054524575870755494,0.055721844376790224,0.07463193135988219,0.05764273709357906,0.02599089436591945,0.06732636619170972,0.04976700735651442,0.03499217093670725,0.015155008191951251,0.058912959870170284,0.0379738621466557,0.05549279957370351,0.052936936235796976
thuringia,2021,19,2021-05-10,2021.3534246575343,2021-05-16,2021.3698630136987,female,0.021038255274045806,0.07280414202192524,0.08728761987688023,0.04804939262675356,0.04583739663183136,0.07780337641786379,0.07344464208464464,0.07772005190604915,0.07889702301221904,0.08023026140046162,0.08125104514647673,0.062109477421086835,0.08738137721105968,0.0988991889580752,0.08379267541008886,0.04466117355294808,0.08701676630548696,0.0971382728006009,0.10029025068522221,0.08112605014177202,0.07086706789086572,0.0646293463699753,0.0745329895515354,0.09403858005898064,0.09371038811558008,0.09217364387443899,0.0359027914790993,0.0836051738513321,0.08118854760656438,0.061729425139871404,0.09194443845589349,0.08752722228912736,0.1014312616793227,0.10348410249144456,0.08255309431152336,0.08982954521754315,0.06547280085679431,0.10223884166920733,0.07279893473667555,0.07600151362484847,0.09815417869088179,0.07580362498447747,0.06277067088631824,0.08650110667509554,0.12247411672993601,0.06785224928756221,0.056330900238599255,0.0792459531941867,0.11418206930320801,0.09901901678072361,0.10253061558850994,0.10967437708597096,0.09727893550931005,0.08054795215325344,0.0734238126902084,0.0880793537901923,0.06355161887910069,0.05737203788974646,0.07266354550313987,0.07064837050616117,0.06845624039512171,0.06642560849285488,0.0605632546562714,0.06510834353574167,0.04038327679772796,0.042808415939425276,0.030278013270964195,0.030798318742308393,0.03430010998950347,0.04408348080992059,0.044484221940807325,0.05312953255886176,0.03810395727872194,0.022052675497653,0.03717248331070671,0.03946737384218848,0.05444649409961552,0.025184497659046158,0.043068630720708,0.050162587271466455,0.034882897543232226
thuringia,2021,19,2021-05-10,2021.3534246575343,2021-05-16,2021.3698630136987,male,0.045925874665032416,0.031214566867818642,0.09153291308069138,0.051401396473187734,0.06563420420079337,0.06434819791457669,0.08965764880796709,0.052577772025326264,0.06449397840540089,0.08054795215325344,0.06592577280182214,0.10774113980968218,0.09710701447255989,0.08713656674960064,0.044364519721096195,0.10533381273292532,0.0703880176760035,0.1014312616793227,0.12252623937452022,0.10876767464287904,0.12107203719571982,0.12754068206395913,0.11699631806183698,0.07590256921052857,0.03758357870330058,0.08065732155004396,0.060526812250061485,0.06583205414462755,0.07037760358991034,0.04938184033085439,0.07154399419682869,0.05892337166048193,0.05061022080454732,0.079417815189201435,0.0994253914527631,0.06529057187696717,0.06606114449373719,0.09099116312213593,0.0838395509054221,0.09504921587897956,0.0693570332701088,0.056971197426198245,0.07790232444906586,0.06556131230598523,0.06668073481217855,0.10579755322182578,0.11304598980967032,0.09232471163449187,0.05141180675959203,0.07899076521914389,0.10159798684340937,0.07746487141917925,0.05030312296570727,0.08374579995701735,0.07222092931501262,0.07630876326934176,0.06289562177701172,0.07409556486533744,0.0927935454084806,0.08279267490925667,0.0837405915759537,0.06780018141709734,0.05640898483935933,0.07410597969605667,0.0717366594487171,0.038806476616152795,0.05880363619776559,0.04033123642481093,0.054524575870755494,0.03830170250281466,0.04263667489709784,0.04226717336536936,0.021657309364802254,0.031063676537320735,0.022115102003949377,0.02798873104361682,0.04547307690483854,0.03212512125888308,0.04340170754085238,0.061661744888013695,0.029487158925127637
thuringia,2021,20,2021-05-17,2021.372602739726,2021-05-23,2021.3890410958904,female,0.05612267520981016,0.033082521357290444,0.10601639848439783,0.04203818781837946,0.05729915757563819,0.06668073481217855,0.06213550850089821,0.03329585747640478,0.07325717783503859,0.06302577927409199,0.05802275950749141,0.07340819064984942,0.06989335088990568,0.05815290480821333,0.09577334331319785,0.05104224286850316,0.08079793968392537,0.07891264670163568,0.025054434845209295,0.05615390891097462,0.04723744904880816,0.05287447271664255,0.043464159682146945,0.05013135716876957,0.056205965121271996,0.11853900793497896,0.04308944795946401,0.09882104052685299,0.06641519520028662,0.041143072173402365,0.09807603137928692,0.07876682578294536,0.08451143764864334,0.0716221016453454,0.055024301982406716,0.0857458568499076,0.08184998371316704,0.07768359747411017,0.06066216988757009,0.04798693497834227,0.06541552882288913,0.07979799677198164,0.0543944396506662,0.0518854769957214,0.03496615344124456,0.04360988163684935,0.056330900238599255,0.09411672130318598,0.0856104339031121,0.06025089200322708,0.07973029299902457,0.02556948549461241,0.07925116112508153,0.05952205310965082,0.05004807698661355,0.06289562177701172,0.08777724337464148,0.04588944251548389,0.0335248045290979,0.05086006445207428,0.03558537336524092,0.06353599980430225,0.02883159141397068,0.055805133646225843,0.04349018142982043,0.02445615009157144,0.018161571194918236,0.04312587814733735,0.01870256292238956,0.04092970385780306,0.04765903355495698,0.026557980829654097,0.03429490655862406,0.03970155204008663,0.027879472366243843,0.022552089646446647,0.018140763933183292,0.0293831000382005,0.025834816607981623,0.04559798623797571,0.02672966877680145
thuringia,2021,20,2021-05-17,2021.372602739726,2021-05-23,2021.3890410958904,male,0.03280154341396172,0.043703560251945855,0.05489937000426714,0.03997736327011706,0.0546911507077035,0.03752633737792696,0.02635507762293479,0.05784055663370483,0.048366886832761004,0.032203169520024735,0.043942961923915856,0.03768245023190793,0.07424137268522163,0.07623585640976134,0.044364519721096195,0.04678984454861727,0.09387187913046532,0.06759711722042104,0.08165207281493686,0.09731019394069675,0.08251663649123933,0.07967821323365443,0.058465254858913504,0.0162577412173633,0.06982566001151784,0.051833425110400615,0.05447252134363683,0.05265585099048706,0.09599214639223089,0.05556047179688276,0.07154399419682869,0.04320394292158315,0.07788670106320317,0.06135458177513876,0.05679420391919757,0.04714376406715859,0.06973193432536999,0.05821537466825962,0.04737277209805504,0.052780777578602445,0.08396976083638422,0.07478815565109591,0.08904299356784338,0.06556131230598523,0.05097978162525814,0.0705077798159773,0.06780018141709734,0.052739135349216426,0.05570102208027451,0.06393689087582514,0.07109618042327236,0.037031983098929425,0.06036542475814086,0.06028212818409628,0.05908475467689358,0.06103700826104871,0.035928809443206255,0.05983961737173909,0.06465537871125233,0.0685083089225121,0.05581033922999831,0.06780018141709734,0.06531660454927042,0.038650360387621825,0.039118710479314665,0.04851262252726467,0.03266105501163332,0.04033123642481093,0.030663038818931464,0.03133423882058085,0.04263667489709784,0.0345758925713617,0.0389938167090741,0.036241026027849385,0.005527893812761903,0.03499217093670725,0.037890601432940846,0.03212512125888308,0.03254658326073652,0.04932458601655036,0.024950384828363172
thuringia,2021,21,2021-05-24,2021.3917808219178,2021-05-30,2021.4082191780822,female,0.007010072489501038,0.033082521357290444,0.018692159182244678,0.006001146272799539,0.028644287928795312,0.0166634696304082,0.022588505449082363,0.016642662968114338,0.05070911710481969,0.017183638893488378,0.04060705099475553,0.005642306100639183,-0,0.0174385237319118,0.017943095361955784,0.07658476873517125,0.024846335019722523,0.006063553512041092,0.08146978712769098,0.04990754198165981,0.03542406326303455,0.04111705160023255,0.03725574287459535,0.03759398622377517,0.018728572281855427,0.03290040585053352,0.04308944795946401,0.04558757711542618,0.02213070864223053,0.041143072173402365,0.04288648023708342,0.04374519524615969,0.02111628689636012,0.05569581650744549,0.01964411002375528,0.03673016911281529,0.049095569389721865,0.012257844643743538,0.028300899958220646,0.0359860490100556,0.03678740956177732,0.01595084618731619,0.03346756767141887,0.01728767337051709,0.013110852692427163,0.024222040540008326,0.03072027258971668,0.024752690369950796,0.019014676094624178,0.03441978904350319,0.04554594064604145,0.021917418324447695,0.018000315134246866,0.03500257793853837,0.030023065490478285,0.01571677492432171,0.03933207136409338,0.00860151136459996,0.02234920207002108,0.03107408275295363,0.03558537336524092,0.020205925255174728,0.017298076829667556,0.02169372454082502,0.00931403409665198,0.012226637297539115,0.021194318635769496,0.012320259392350435,0.01870256292238956,0.02203706888279173,0.012705151997512511,0.026557980829654097,0.015238232510093647,0.013230482988800326,0.018582920036396472,0.016913150227306765,0.018140763933183292,0.012590724168666974,-0,0.009116399075726127,0.013136859255186912
thuringia,2021,21,2021-05-24,2021.3917808219178,2021-05-30,2021.4082191780822,male,0.00655761346622002,0.043703560251945855,0.012195429970057726,0.03997736327011706,0.010931548946051022,0.02680250625897188,0.036901890648728765,0.01051026209776149,0.021490840313440597,0.021470031719490697,0.05493580846688451,0.01614850718550038,0.02854023072854931,0.03266105501163332,0.022177528585189468,0.023389659559214817,0.0410493981709377,0.056325694602720314,0.017485339450287705,0.05721586591316701,0.021990249066300163,0.02123593561133503,0.03188057079921395,0.021678118033694314,0.053702120434838935,0.03454987528417737,0.03025720116039645,0.0394881896392975,0.03197943148484581,0.037031983098929425,0.044015823521106445,0.01570637178153197,0.04282402878958494,0.0324737377322849,0.01774022576753822,0.029008489769455817,0.014671269479866826,0.021823778949087637,0.029143765388525065,0.028144815266662404,0.032843169680131096,0.03203666670453702,0.03708402017014045,0.026984600410755597,0.007842191316088062,0.03524193955550368,0.03614736085562561,0.02636028025937385,0.04283964164442654,0.022557291902402205,0.020304763747825676,0.03366529526503517,0.010057772617965428,0.04018031963785379,0.01312645662852338,0.021355584601614706,0.03293682890085908,0.03133423882058085,0.011238414354413867,0.03138627019029515,0.039061467464052084,0.017677804513099284,0.020772948634042315,0.045098350705681335,0.032593412582920846,0.022635325804230225,0.013058839605933103,0.013438536333678437,0.020440016726415582,0.013922263578133053,0.01776103286900255,0.023051508591713125,0.021657309364802254,0.031063676537320735,0.016585444689736547,0.013995083122900976,0.0075769519943590736,0.01606007980396201,0.02169372454082502,0.024653843422593164,0.01511859759464297
thuringia,2021,22,2021-05-31,2021.4109589041095,2021-06-06,2021.427397260274,female,0.007010072489501038,0.006614820711516403,0.018692159182244678,0.006001146272799539,0.005725515195395651,0.011108386417910789,0.01129042562004973,0.005548696028198445,0.011264419980728982,0.011451660874139914,0.02320237567476316,0.011285224491147437,0.03493493246386896,0.023254398908340777,0.035897587887843536,0.031896180368658066,0.018634938648657437,0.04854905651470802,0.01879099479765868,0.01247109534410109,0.011805339956782778,0.01762058509569122,0.0496785227873878,0.01879619667735517,0.012486699088217054,0.006578416093592457,0.021537659680270146,-0,0.05903269558461643,0.02057006799913077,0.02450297212836152,0.03499217093670725,0.02956520322697495,0.03181813256828335,0.01571677492432171,0.0163201607671681,0.02453938929723972,0.03269227462379457,0.020211127276417346,0.02798873104361682,0.040872458848916056,0.019935420867528926,0.020913404921895137,0.008643118263024918,0.008736733906195835,0.01453083005150185,0.025595498289003194,0.014848119669956026,0.03327504415796171,0.025814006275651023,0.015175814258995226,0.01460885190932469,0.010801521776873102,0.010499859996536744,0.03336350081887554,0.01571677492432171,0.018151167563010037,0.01720444577224309,0.02234920207002108,0.014119916865459462,0.032848372965748836,0.023093127053664043,0.017298076829667556,0.0123982779334561,0.015529518672543862,0.012226637297539115,0.015134202133226351,0.012320259392350435,0.0062351738061373,0.02203706888279173,0.0031772970674157778,0.013277294918819153,-0,-0,0.013937867757715891,0.005637105536640755,0.006047951695206187,0.012590724168666974,0.0043057782616826865,0.004560599985233796,0.011774132882138057
thuringia,2021,22,2021-05-31,2021.4109589041095,2021-06-06,2021.427397260274,male,-0,0.006240374429955163,0.018291616769384955,0.011420454011749976,0.03280674669540843,0.010718304559228361,0.015810403303080256,0.026282240767489605,0.016117297504256358,0.021470031719490697,0.021964238075358078,0.010765114227763857,0.02283301221295963,0.005439484489999141,0.0166322596400894,0.023389659559214817,0.011727322305289757,0.016892343465108452,0.005829526751076739,0.05721586591316701,0.010993962102740479,0.03185455486054549,0.021251541985756222,0.010837929351467157,0.03221357596369495,0.0057567186402568615,0.006047951695206187,0.01974294744854616,0.006396393386257183,0.024685058227776162,0.010999163202516062,0.01963370609523157,0.015565929557576104,0.03608491750120283,0.028389348158066836,0.018130360305438,0.02201105786842406,0.007275308919724271,0.010926347853038289,0.021105882673285677,0.010947152228198982,0.0106766960003466,0.011123989753121252,0.0038533427681110123,0.02352492056192523,0.013214879021494076,0.009033184554795588,0.02636028025937385,0.004284976543460163,0.007519743690575015,0.01015139080797669,0.006729235390917331,0.013407328278878597,0.00669283069289289,0.019685725758660073,0.018302020429392843,0.014967753963120995,0.0085443019336265,0.01404709714588307,0.008559904499466014,0.011155196437593964,0.017677804513099284,0.00890316213242793,0.012881995501013856,-0,0.006464001746029936,0.019592090401952436,0.02352492056192523,0.013625785055795746,-0,-0,0.0038429419984537592,0.004331780421159893,-0,-0,0.013995083122900976,0.0075769519943590736,0.010707902416386635,-0,0.018489286665460354,0.011337235803609399
thuringia,2021,23,2021-06-07,2021.4301369863015,2021-06-13,2021.4465753424658,female,0.007010072489501038,0.006614820711516403,0.006229973182845335,0.024019146447869892,0.017183638893488378,0.0166634696304082,0.022588505449082363,0.005548696028198445,-0,0.005725515195395651,0.011597293146249922,-0,-0,0.0174385237319118,-0,-0,0.024846335019722523,0.006063553512041092,0.01879099479765868,0.01247109534410109,0.0059023349638452445,0.02349370645315294,0.006209170694867175,0.012528309095424985,0.012486699088217054,0.0263186591824593,0.014359182376357874,0.015191418814748612,0.007374122837664597,0.013709006926505778,-0,0.02187059861569283,0.008445485792009783,0.0119301684426469,0.01178453523827202,0.0163201607671681,0.01226824709664223,0.012257844643743538,0.00404055697766933,0.015992458966601907,0.00816984175787542,0.003988552962963668,0.012549114111514962,0.008643118263024918,0.008736733906195835,-0,0.005117051763078601,0.009896541685809217,0.0237694317289319,0.021511648915717375,-0,0.010957554418900645,-0,0.006999671088432016,0.0033333068336259724,0.009428454715250788,0.006047951695206187,0.0028652789391583914,0.008377874855941806,0.008471490021595586,0.002735271938280475,0.005772320369706133,0.005767119792704852,0.00619876945399884,0.012424284139840888,-0,0.009079992706433657,0.0030784911242383115,0.0031148932919855626,-0,0.00952727272483302,0.006635623361774643,0.0038117397019696124,-0,0.004643807349082134,0.005637105536640755,-0,0.020986234257553645,0.008611913086085164,0.004560599985233796,0.009511669868726874
thuringia,2021,23,2021-06-07,2021.4301369863015,2021-06-13,2021.4465753424658,male,-0,0.006240374429955163,0.006094757159748407,0.011420454011749976,0.005465487216382864,0.010718304559228361,0.015810403303080256,0.005257465769371192,0.01074430992543354,0.021470031719490697,0.010983559904755745,0.005382278537721043,0.017121218307182988,0.027213519677689067,-0,0.011690914107985973,0.017589374530914144,0.011259218854422043,0.005829526751076739,-0,0.010993962102740479,0.005309471053109519,0.010624685348569389,0.005418682318251812,0.0161068942813376,0.011514074655104551,0.006047951695206187,0.006578416093592457,-0,0.018515295918255667,0.005501891055171599,0.003926148213960467,0.015565929557576104,0.018036727749395545,0.010645489603034252,0.003624526316206946,0.007337717688158038,0.003634927042177917,0.014572441694434968,-0,0.0036505281350378074,0.017797445316595918,0.00370773218222291,0.01542028617041256,0.0039209478215878266,0.004404586536875719,0.004518996353235525,0.008783541790988263,0.004284976543460163,0.01127482223489776,0.013532160610456123,0.013464543060316143,0.0033541081711525736,0.010042169602679389,0.006562814122280046,0.018302020429392843,0.011971778004519644,0.0028496780818937227,0.002808075818729408,0.011410051728448493,0.008367473181271885,0.008840751485169706,0.014837716700948375,-0,-0,0.006464001746029936,0.0032657025441347374,0.003359308506831505,0.0068124462249703355,-0,0.0071036851927475855,0.007680967253394826,0.004331780421159893,-0,-0,-0,-0,0.0053510753175478225,0.0054238828604055945,0.012325460624785496,0.007561349723445207
thuringia,2021,24,2021-06-14,2021.4493150684932,2021-06-20,2021.4657534246576,female,0.007010072489501038,-0,0.012460692850623104,0.024019146447869892,-0,0.005553896583354971,0.005647506665163499,0.011097984197036333,-0,0.017183638893488378,0.011597293146249922,-0,0.0116441036060514,-0,0.005980343876362871,0.006375590831702886,0.012424284139840888,0.006063553512041092,-0,0.0062351738061373,0.0059023349638452445,0.005871131431604497,0.006209170694867175,0.012528309095424985,-0,0.006578416093592457,-0,-0,0.014749291548414057,0.013709006926505778,0.006125960826174338,0.01312125531596912,0.004222571438720794,0.007951407900626716,0.007857793671261137,0.0163201607671681,0.004087360635379416,0.012257844643743538,0.00404055697766933,0.003998953761745314,0.004087360635379416,0.007972211085594934,0.008362272344714289,0.008643118263024918,0.0043681834662727785,-0,0.010239808142200517,-0,0.004753017216193921,0.00860151136459996,0.007587353510900485,-0,-0,0.003499717766823437,-0,0.006287180067692691,0.012096606889927376,-0,0.0027924749786266065,-0,0.0054706877632234,-0,0.0028808798011093497,0.00619876945399884,0.0031044926700280707,0.006115559601955722,-0,-0,-0,-0,-0,0.003317705835938835,0.0038117397019696124,0.004409786977610334,0.004643807349082134,-0,-0,0.004196569333852543,-0,-0,0.001357217711769687
thuringia,2021,24,2021-06-14,2021.4493150684932,2021-06-20,2021.4657534246576,male,0.00655761346622002,0.006240374429955163,-0,-0,0.005465487216382864,0.010718304559228361,0.0052678668219580125,-0,0.00537187746224954,0.010733907777395442,-0,-0,0.005704712909223802,0.005439484489999141,-0,-0,0.011727322305289757,0.005631904973156666,0.005829526751076739,0.005720314623075404,0.010993962102740479,0.005309471053109519,0.005314671584346822,-0,0.0053666769252910624,-0,0.006047951695206187,-0,-0,-0,0.005501891055171599,0.003926148213960467,-0,0.007212900226197233,0.003546520937736729,0.010874336951551836,0.007337717688158038,0.003634927042177917,0.010926347853038289,0.007036076001273164,-0,-0,0.00370773218222291,-0,0.011758529351841764,0.004404586536875719,0.004518996353235525,0.004394185656960979,0.004284976543460163,0.007519743690575015,-0,0.006729235390917331,0.0033541081711525736,0.00669283069289289,-0,-0,-0,-0,0.002808075818729408,0.005704712909223802,-0,0.0029484835903008004,-0,-0,0.003260502217811224,-0,0.00653161019370454,0.006718834046028912,-0,0.003478916371049182,-0,-0,0.004331780421159893,0.0051742574235774715,-0,-0,-0,-0,0.0054238828604055945,0.006162365127346456,0.002267249426398356
thuringia,2021,25,2021-06-21,2021.468493150685,2021-06-27,2021.4849315068493,female,-0,0.006614820711516403,-0,0.006001146272799539,-0,0.005553896583354971,-0,-0,0.005631904973156666,-0,-0,0.005642306100639183,-0,0.011623298952049702,0.005980343876362871,-0,0.006209170694867175,-0,-0,-0,0.0059023349638452445,-0,-0,-0,0.006240374429955163,0.006578416093592457,0.00717649518955648,-0,-0,0.006854051691929893,-0,0.004373383903372552,-0,-0,0.007857793671261137,-0,0.008180243393012761,-0,0.012127814158101031,0.003998953761745314,0.004087360635379416,-0,-0,0.004321379555807597,-0,-0,0.005117051763078601,-0,-0,-0,-0,0.0036505281350378074,-0,-0,-0,0.006287180067692691,-0,0.0028652789391583914,-0,0.0028236766635127155,0.002735271938280475,-0,0.0028808798011093497,-0,0.0031044926700280707,-0,-0,-0,-0,-0,0.0031772970674157778,0.003317705835938835,-0,-0,-0,-0,-0,-0,0.0043057782616826865,-0,9.048078718484659e-4
thuringia,2021,25,2021-06-21,2021.468493150685,2021-06-27,2021.4849315068493,male,-0,-0,-0,-0,0.005465487216382864,-0,-0,-0,0.00537187746224954,0.0053666769252910624,-0,0.026911762673521824,-0,0.005439484489999141,-0,-0,-0,-0,0.005829526751076739,-0,0.010993962102740479,-0,-0,-0,0.0053666769252910624,0.0057567186402568615,-0,-0,-0,-0,-0,-0,-0,0.003608925231153918,0.003546520937736729,0.003624526316206946,-0,-0,0.003640127405946399,0.0035153188191119765,0.0036505281350378074,0.0035569216481055464,-0,0.0038533427681110123,-0,0.004404586536875719,-0,-0,-0,0.01127482223489776,-0,0.003364508843036276,-0,-0,0.003281303526214121,-0,-0,0.005694311769258563,-0,-0,-0,0.0029484835903008004,-0,0.003218899625968554,-0,-0,0.00653161019370454,0.003359308506831505,-0,-0,-0,0.007680967253394826,0.004331780421159893,-0,-0,-0,0.0075769519943590736,-0,-0,-0,0.002267249426398356
thuringia,2021,26,2021-06-28,2021.4876712328767,2021-07-04,2021.504109589041,female,0.007010072489501038,-0,-0,-0,-0,-0,-0,-0,0.011264419980728982,-0,0.005798323262531595,-0,0.005819125586151741,-0,0.005980343876362871,0.006375590831702886,-0,0.006063553512041092,-0,0.01871296666461594,-0,-0,-0,-0,-0,-0,-0,-0,0.007374122837664597,-0,-0,-0,0.004222571438720794,-0,0.003926148213960467,-0,-0,-0,0.012127814158101031,-0,-0,-0,-0,-0,-0,0.009688502512032309,0.005117051763078601,-0,-0,-0,-0,-0,-0,-0,-0,-0,0.0030264880716576255,-0,0.0027924749786266065,-0,-0,-0,-0,-0,-0,0.0030576898969653043,-0,-0,-0,-0,0.0031772970674157778,0.003317705835938835,-0,-0,-0,0.005637105536640755,-0,-0,-0,-0,4.5240196794999024e-4
thuringia,2021,26,2021-06-28,2021.4876712328767,2021-07-04,2021.504109589041,male,-0,0.006240374429955163,-0,-0,-0,-0,-0,0.005257465769371192,-0,0.0053666769252910624,-0,0.005382278537721043,0.011415252869842006,0.005439484489999141,0.011087581978242765,0.005845128502376657,-0,-0,0.005829526751076739,0.011436057440606802,0.01649181491546561,0.02123593561133503,0.021251541985756222,0.010837929351467157,-0,-0,-0,0.013157664514751354,0.006396393386257183,-0,-0,0.007852592885685211,0.0038897454782967204,-0,0.003546520937736729,0.0072493052883192835,0.0036661292325725816,-0,0.003640127405946399,0.007036076001273164,-0,-0,-0,-0,-0,0.004404586536875719,-0,0.008783541790988263,0.004284976543460163,-0,0.0067656401144341426,-0,0.006703232032585742,-0,-0,0.0030524895914443187,0.005985544474694745,-0,0.002808075818729408,0.0028548783671266307,-0,-0,-0,0.003218899625968554,-0,-0,-0,-0,-0,-0,-0,-0,-0,-0,-0,-0,-0,-0,-0,0.006162365127346456,0.0015132220174873545
thuringia,2021,27,2021-07-05,2021.5068493150684,2021-07-11,2021.5232876712328,female,-0,-0,-0,-0,-0,-0,-0,-0,0.011264419980728982,-0,-0,0.005642306100639183,0.005819125586151741,-0,0.005980343876362871,0.006375590831702886,-0,0.006063553512041092,-0,-0,0.0059023349638452445,-0,-0,-0,-0,0.006578416093592457,-0,-0,0.007374122837664597,-0,-0,0.008747135654730063,-0,-0,0.003926148213960467,0.004082160226884292,0.004087360635379416,-0,-0,-0,0.004087360635379416,-0,-0,-0,0.0043681834662727785,0.004841425371845957,0.005117051763078601,-0,-0,-0,0.003796138560742797,-0,-0,-0,0.0033333068336259724,-0,-0,-0,-0,-0,0.002735271938280475,-0,-0,-0,-0,-0,-0,-0,-0,-0,-0,-0,-0,0.004409786977610334,-0,-0,-0,-0,-0,-0,0.001357217711769687
thuringia,2021,27,2021-07-05,2021.5068493150684,2021-07-11,2021.5232876712328,male,-0,-0,-0,-0,-0,-0,-0,-0,0.016117297504256358,-0,0.005491489955775094,0.005382278537721043,-0,0.010884739127687382,0.0055434954735562566,-0,0.005860730258351855,0.005631904973156666,-0,-0,-0,-0,-0,-0,-0,-0,-0,0.006578416093592457,-0,-0,-0,-0,-0,-0,-0,0.003624526316206946,0.007337717688158038,-0,0.003640127405946399,-0,0.0036505281350378074,0.007119287326336916,-0,0.0038533427681110123,-0,-0,-0,-0,-0,-0,-0,-0,-0,0.003348907835987936,-0,-0,-0,0.005694311769258563,0.002808075818729408,0.0028548783671266307,-0,-0,-0,-0,-0,-0,-0,-0,-0,-0,-0,-0,-0,-0,-0,-0,-0,0.0053510753175478225,-0,0.006162365127346456,7.54005466554319e-4
thuringia,2021,28,2021-07-12,2021.5260273972603,2021-07-18,2021.5424657534247,female,-0,-0,-0,-0,0.011456862019689484,-0,-0,-0,0.005631904973156666,0.005725515195395651,0.011597293146249922,0.011285224491147437,0.017464532459138083,-0,0.017943095361955784,-0,-0,-0,0.006261176930416317,-0,-0,0.005871131431604497,-0,0.006266377556829031,-0,0.006578416093592457,0.00717649518955648,0.007592554269948531,-0,-0,0.006125960826174338,0.004373383903372552,-0,-0,0.003926148213960467,-0,-0,0.004087360635379416,-0,-0,0.012257844643743538,0.007972211085594934,0.004180968077167981,0.004321379555807597,-0,-0,-0,0.009896541685809217,-0,-0,-0,-0,0.0035985245103836694,-0,0.0033333068336259724,0.006287180067692691,0.0030264880716576255,-0,-0,0.0028236766635127155,-0,-0,0.008648319127665926,-0,-0,-0,-0,0.0030784911242383115,-0,-0,-0,-0,-0,-0,-0,-0,-0,-0,-0,-0,4.5240196794999024e-4
thuringia,2021,28,2021-07-12,2021.5260273972603,2021-07-18,2021.5424657534247,male,-0,0.006240374429955163,0.006094757159748407,-0,-0,0.005361476388858467,-0,0.005257465769371192,0.00537187746224954,0.0053666769252910624,-0,0.005382278537721043,0.011415252869842006,-0,0.011087581978242765,-0,-0,-0,-0,0.011436057440606802,-0,0.005309471053109519,0.005314671584346822,-0,-0,0.0057567186402568615,-0,0.006578416093592457,-0,0.018515295918255667,0.010999163202516062,-0,0.0038897454782967204,-0,-0,0.003624526316206946,-0,0.007275308919724271,-0,0.0035153188191119765,-0,-0,0.007415728754027102,0.0038533427681110123,0.0039209478215878266,-0,-0,0.004394185656960979,-0,-0,-0,0.003364508843036276,0.006703232032585742,0.003348907835987936,0.006562814122280046,0.0030524895914443187,-0,-0,0.005621503847760371,-0,-0,0.0029484835903008004,-0,-0,-0,0.0032345005940119563,-0,-0,-0,-0,-0,-0,-0,0.0051742574235774715,-0,-0,-0,-0,-0,-0,0.0015132220174873545
thuringia,2021,29,2021-07-19,2021.545205479452,2021-07-25,2021.5616438356165,female,-0,-0,-0,0.006001146272799539,-0,-0,0.01129042562004973,-0,-0,0.005725515195395651,-0,0.011285224491147437,0.005819125586151741,0.052333125360327463,0.005980343876362871,-0,0.006209170694867175,0.01213301537128127,0.01879099479765868,0.0062351738061373,-0,0.005871131431604497,-0,-0,0.006240374429955163,-0,-0,-0,0.007374122837664597,0.006854051691929893,-0,-0,-0,0.007951407900626716,0.003926148213960467,0.0163201607671681,-0,0.004087360635379416,-0,0.003998953761745314,0.004087360635379416,-0,0.012549114111514962,0.004321379555807597,-0,0.009688502512032309,-0,0.009896541685809217,0.004753017216193921,0.00430057783134404,-0,0.0036505281350378074,0.0035985245103836694,0.003499717766823437,0.0033333068336259724,-0,-0,-0,-0,-0,0.0054706877632234,-0,-0,-0,-0,-0,0.0030264880716576255,-0,-0,0.0031460951703395374,-0,-0,-0,0.0088199479527293,-0,-0,-0,0.004196569333852543,-0,0.004560599985233796,0.002262049199925457
thuringia,2021,29,2021-07-19,2021.545205479452,2021-07-25,2021.5616438356165,male,-0,-0,-0,-0,0.005465487216382864,0.010718304559228361,0.0052678668219580125,0.005257465769371192,-0,-0,0.005491489955775094,0.010765114227763857,0.011415252869842006,0.03266105501163332,0.011087581978242765,0.005845128502376657,0.005860730258351855,0.005631904973156666,0.03497656043786869,-0,0.010993962102740479,-0,0.010624685348569389,0.005418682318251812,-0,-0,-0,0.006578416093592457,-0,0.006172766360933059,0.005501891055171599,0.007852592885685211,0.007784982720497809,0.003608925231153918,-0,0.003624526316206946,-0,0.010910744577132949,-0,-0,-0,-0,-0,0.0038533427681110123,-0,0.004404586536875719,0.009033184554795588,0.004394185656960979,-0,0.007519743690575015,0.0033853101930444904,-0,-0,-0,0.006562814122280046,-0,-0,-0,0.002808075818729408,-0,0.002787274699628602,-0,0.0059335385148102425,0.003218899625968554,0.003260502217811224,-0,-0,-0,-0,-0,0.003551721292663989,-0,-0,0.0051742574235774715,-0,-0,0.015155008191951251,0.0053510753175478225,-0,-0,7.54005466554319e-4
thuringia,2021,30,2021-07-26,2021.5643835616438,2021-08-01,2021.5808219178082,female,0.007010072489501038,-0,-0,0.006001146272799539,0.005725515195395651,-0,-0,0.005548696028198445,0.022531280627817375,-0,0.011597293146249922,0.016933956997830492,-0,0.023254398908340777,0.005980343876362871,0.025517459944863426,0.006209170694867175,0.01213301537128127,0.006261176930416317,0.024950384828363172,0.017709015130952372,-0,0.006209170694867175,0.006266377556829031,0.018728572281855427,0.006578416093592457,-0,0.007592554269948531,0.007374122837664597,-0,0.006125960826174338,0.01312125531596912,0.0126687431155676,-0,-0,0.004082160226884292,0.008180243393012761,0.012257844643743538,0.00404055697766933,-0,0.00816984175787542,0.003988552962963668,0.004180968077167981,0.004321379555807597,0.0043681834662727785,-0,0.005117051763078601,-0,0.004753017216193921,-0,-0,0.0036505281350378074,0.0035985245103836694,0.003499717766823437,0.0033333068336259724,0.006287180067692691,-0,0.0028652789391583914,-0,-0,-0,0.0028860800894626015,-0,0.003099292359832304,-0,-0,-0,-0,-0,-0,0.0031772970674157778,-0,-0,0.004409786977610334,-0,-0,-0,0.004196569333852543,-0,-0,9.048078718484659e-4
thuringia,2021,30,2021-07-26,2021.5643835616438,2021-08-01,2021.5808219178082,male,-0,0.006240374429955163,-0,-0,0.005465487216382864,0.005361476388858467,0.0052678668219580125,-0,0.01074430992543354,0.0053666769252910624,-0,0.01614850718550038,0.005704712909223802,0.010884739127687382,0.011087581978242765,0.005845128502376657,-0,0.005631904973156666,0.005829526751076739,0.005720314623075404,0.010993962102740479,0.005309471053109519,0.005314671584346822,-0,0.0053666769252910624,0.011514074655104551,-0,0.006578416093592457,-0,-0,0.005501891055171599,0.003926148213960467,0.0038897454782967204,-0,-0,-0,-0,0.003634927042177917,-0,0.007036076001273164,-0,0.007119287326336916,0.00370773218222291,0.007706971100667665,-0,0.004404586536875719,-0,0.008783541790988263,-0,-0,0.0033853101930444904,-0,0.0033541081711525736,-0,0.006562814122280046,-0,-0,0.0028496780818937227,-0,-0,-0,-0,-0,0.003218899625968554,-0,0.0032345005940119563,-0,-0,-0,-0,-0,-0,-0,-0,-0,-0,-0,-0,-0,-0,7.54005466554319e-4
thuringia,2021,31,2021-08-02,2021.5835616438355,2021-08-08,2021.6,female,-0,0.006614820711516403,-0,-0,-0,0.005553896583354971,-0,-0,0.005631904973156666,-0,0.005798323262531595,-0,0.0116441036060514,0.005813925004463643,-0,0.012757164730230983,0.012424284139840888,0.018197983922985494,0.03758357870330058,0.0062351738061373,-0,0.005871131431604497,0.006209170694867175,0.01879619667735517,0.012486699088217054,-0,0.014359182376357874,0.007592554269948531,0.007374122837664597,-0,0.006125960826174338,0.004373383903372552,0.008445485792009783,0.007951407900626716,0.003926148213960467,-0,0.004087360635379416,0.004087360635379416,0.008081427943217201,0.003998953761745314,0.004087360635379416,0.003988552962963668,0.004180968077167981,0.008643118263024918,-0,-0,0.010239808142200517,0.004950635653994315,0.009506468917735723,-0,-0,-0,-0,-0,0.006672028019748792,0.003140894855977498,0.006047951695206187,-0,-0,-0,-0,-0,-0,0.00929843130453477,0.0031044926700280707,0.0030576898969653043,-0,0.0030784911242383115,-0,-0,-0,-0,0.0038117397019696124,0.004409786977610334,-0,-0,-0,-0,-0,0.004560599985233796,0.0027196711200199947
thuringia,2021,31,2021-08-02,2021.5835616438355,2021-08-08,2021.6,male,-0,0.006240374429955163,-0,-0,-0,-0,0.0052678668219580125,0.01051026209776149,0.00537187746224954,-0,0.005491489955775094,0.01614850718550038,0.011415252869842006,0.005439484489999141,0.022177528585189468,0.011690914107985973,0.011727322305289757,-0,0.023316826857329564,0.03432092371823954,0.027489264678203274,0.010614283224455347,0.005314671584346822,0.010837929351467157,0.0053666769252910624,-0,0.006047951695206187,0.013157664514751354,0.012788372394834305,0.006172766360933059,-0,0.003926148213960467,0.007784982720497809,0.014432002532979334,0.003546520937736729,-0,-0,-0,0.003640127405946399,0.0035153188191119765,-0,-0,0.00370773218222291,0.0038533427681110123,-0,0.004404586536875719,0.004518996353235525,0.004394185656960979,0.004284976543460163,-0,-0,0.003364508843036276,-0,0.003348907835987936,0.003281303526214121,0.0030524895914443187,0.002995286265072126,0.0028496780818937227,0.002808075818729408,-0,-0,-0,-0,-0,-0,-0,-0,-0,-0,-0,-0,0.0038429419984537592,-0,0.010354230797883906,-0,0.006994470388680601,-0,-0,-0,-0,0.0015132220174873545
thuringia,2021,32,2021-08-09,2021.6027397260275,2021-08-15,2021.6191780821919,female,0.007010072489501038,-0,0.006229973182845335,0.006001146272799539,-0,-0,-0,-0,0.005631904973156666,0.017183638893488378,-0,-0,0.0116441036060514,0.011623298952049702,0.011961375610928578,0.006375590831702886,0.04349018142982043,0.018197983922985494,0.025054434845209295,0.01247109534410109,0.017709015130952372,0.011742925826227591,-0,0.012528309095424985,0.018728572281855427,0.006578416093592457,-0,-0,-0,0.013709006926505778,0.006125960826174338,0.01312125531596912,0.008445485792009783,0.003978152166262342,0.003926148213960467,-0,0.004087360635379416,0.00816984175787542,-0,0.003998953761745314,0.004087360635379416,0.011961375610928578,0.008362272344714289,0.012965216181355332,-0,-0,-0,0.004950635653994315,-0,-0,0.007587353510900485,0.0036505281350378074,0.0035985245103836694,0.003499717766823437,-0,0.006287180067692691,0.0030264880716576255,-0,0.0027924749786266065,-0,0.002735271938280475,-0,-0,-0,-0,0.0030576898969653043,0.0030264880716576255,0.0061571645113304525,0.0031148932919855626,-0,0.0031772970674157778,-0,0.0038117397019696124,0.0088199479527293,-0,-0,0.012096606889927376,-0,-0,-0,0.001357217711769687
thuringia,2021,32,2021-08-09,2021.6027397260275,2021-08-15,2021.6191780821919,male,0.013116054003940898,-0,-0,-0,-0,-0,-0,-0,-0,0.0053666769252910624,0.016476209969480418,-0,0.005704712909223802,0.010884739127687382,0.011087581978242765,0.005845128502376657,0.017589374530914144,0.022520876121625445,0.017485339450287705,0.005720314623075404,0.027489264678203274,0.010614283224455347,0.005314671584346822,0.005418682318251812,0.0053666769252910624,-0,0.006047951695206187,0.01974294744854616,0.006396393386257183,0.012341064325200612,-0,-0,0.011675310602655163,0.007212900226197233,0.003546520937736729,0.014499621341149892,-0,0.007275308919724271,0.0072857103759284385,0.007036076001273164,-0,0.0035569216481055464,-0,-0,-0,0.013214879021494076,-0,0.008783541790988263,0.008565105355790045,-0,0.0067656401144341426,0.006729235390917331,-0,-0,-0,0.0030524895914443187,0.005985544474694745,-0,-0,0.008559904499466014,0.00557989936695659,-0,-0,-0,-0,0.0032345005940119563,0.0032657025441347374,-0,0.0068124462249703355,0.006963266201077726,-0,-0,0.004331780421159893,-0,-0,0.006994470388680601,-0,-0,0.0054238828604055945,-0,0.0015132220174873545
thuringia,2021,33,2021-08-16,2021.6219178082192,2021-08-22,2021.6383561643836,female,-0,0.006614820711516403,-0,0.006001146272799539,0.005725515195395651,0.0166634696304082,-0,-0,0.011264419980728982,0.011451660874139914,0.005798323262531595,0.011285224491147437,0.0116441036060514,0.0174385237319118,0.017943095361955784,0.031896180368658066,0.024846335019722523,0.03033524661797259,0.01879099479765868,0.024950384828363172,0.023613360638545626,0.011742925826227591,0.018624534922042267,0.012528309095424985,0.018728572281855427,0.0263186591824593,0.021537659680270146,0.015191418814748612,0.014749291548414057,0.006854051691929893,0.02450297212836152,0.008747135654730063,0.016892343465108452,0.015909233441330897,0.003926148213960467,0.004082160226884292,0.01226824709664223,0.00816984175787542,0.016169313650069517,0.003998953761745314,0.00816984175787542,0.02791589189985886,0.008362272344714289,0.004321379555807597,0.017480137701716886,0.009688502512032309,0.020476431049993696,0.014848119669956026,0.009506468917735723,0.00430057783134404,0.003796138560742797,0.0036505281350378074,0.0035985245103836694,0.003499717766823437,0.006672028019748792,-0,0.006047951695206187,-0,-0,-0,0.002735271938280475,-0,0.005767119792704852,-0,0.006209170694867175,0.0030576898969653043,0.0030264880716576255,-0,-0,0.0031460951703395374,-0,-0,-0,0.004409786977610334,0.004643807349082134,-0,-0,0.004196569333852543,0.0043057782616826865,0.004560599985233796,4.5240196794999024e-4
thuringia,2021,33,2021-08-16,2021.6219178082192,2021-08-22,2021.6383561643836,male,0.019680523789977762,0.006240374429955163,0.018291616769384955,0.011420454011749976,-0,0.02143881884417873,0.021085074233381854,0.01051026209776149,0.021490840313440597,0.0053666769252910624,0.016476209969480418,0.01614850718550038,0.017121218307182988,0.01632536239969773,0.022177528585189468,0.011690914107985973,0.017589374530914144,0.016892343465108452,0.005829526751076739,0.028602665023709443,0.010993962102740479,0.026547575517742065,0.005314671584346822,0.005418682318251812,0.026844127723162164,0.0057567186402568615,0.018151167563010037,0.013157664514751354,0.012788372394834305,-0,0.027504872929502884,0.007852592885685211,0.007784982720497809,0.018036727749395545,0.010645489603034252,0.014499621341149892,0.007337717688158038,0.014546434413698862,0.01821358938567527,-0,0.010947152228198982,0.017797445316595918,0.007415728754027102,0.01542028617041256,0.011758529351841764,0.013214879021494076,0.009033184554795588,0.004394185656960979,0.012850787780222833,0.007519743690575015,0.0033853101930444904,0.01682992322846593,0.0033541081711525736,0.010042169602679389,-0,0.009152805470507532,0.002995286265072126,0.0085443019336265,-0,0.0028548783671266307,0.011155196437593964,0.005891933784351191,0.002969284773888745,-0,-0,-0,0.009797722974486243,-0,0.0068124462249703355,0.003478916371049182,-0,-0,-0,0.0051742574235774715,-0,-0,-0,0.0053510753175478225,-0,0.006162365127346456,0.002267249426398356
thuringia,2021,34,2021-08-23,2021.641095890411,2021-08-29,2021.6575342465753,female,0.014026291530446865,0.01984698704601421,0.024924372356685764,0.018010718735974082,0.017183638893488378,0.011108386417910789,0.028233263201020112,0.016642662968114338,0.0338005829991347,0.017183638893488378,0.011597293146249922,0.028222857553875103,0.017464532459138083,0.023254398908340777,0.02990859954665048,0.04466117355294808,0.024846335019722523,0.036407542306165684,0.025054434845209295,0.01871296666461594,0.04723744904880816,0.029367491223124625,0.03725574287459535,0.012528309095424985,0.018728572281855427,0.006578416093592457,0.014359182376357874,0.022786191679816357,0.014749291548414057,0.027426831719842754,0.03675618749089451,0.017495742948984615,0.016892343465108452,0.03181813256828335,0.01178453523827202,0.02856624500909225,0.01636177384199741,0.0204296126386492,0.016169313650069517,0.011992582797944648,0.040872458848916056,0.019935420867528926,0.020913404921895137,0.004321379555807597,0.013110852692427163,0.009688502512032309,0.010239808142200517,0.009896541685809217,0.004753017216193921,0.00860151136459996,0.011384046029301662,-0,0.010801521776873102,0.014000284522855034,0.013339710891068253,0.006287180067692691,0.0030264880716576255,0.01720444577224309,0.008377874855941806,0.0028236766635127155,0.002735271938280475,0.005772320369706133,0.005767119792704852,0.00929843130453477,0.006209170694867175,0.006115559601955722,0.0060531523002996255,0.009236020182871087,-0,-0,0.006354788285470629,-0,-0,0.0088199479527293,0.004643807349082134,-0,0.006047951695206187,-0,-0,0.009116399075726127,0.0031720967499333595
thuringia,2021,34,2021-08-23,2021.641095890411,2021-08-29,2021.6575342465753,male,0.00655761346622002,0.006240374429955163,0.03049133788453498,0.005709913479989479,0.02187059861569283,0.005361476388858467,0.021085074233381854,0.021022648963630854,0.016117297504256358,0.010733907777395442,0.027458048189653125,0.03768245023190793,0.02283301221295963,0.010884739127687382,0.011087581978242765,0.005845128502376657,0.023452087670595173,0.016892343465108452,0.04664411368230081,0.028602665023709443,0.038494244627781296,0.03716727959238675,0.047830791185524635,0.021678118033694314,0.026844127723162164,0.03454987528417737,-0,0.01974294744854616,0.012788372394834305,0.043209147244036204,0.027504872929502884,0.01570637178153197,0.02335324319552363,0.021646905033478825,0.003546520937736729,0.014499621341149892,0.02567873931850904,0.003634927042177917,0.014572441694434968,0.010551870523468895,0.014593247528391407,0.0035569216481055464,0.01853610332985628,0.030839943404922184,0.011758529351841764,0.01762058509569122,0.022588505449082363,0.017573769255553245,0.004284976543460163,0.01127482223489776,0.01015139080797669,0.003364508843036276,0.013407328278878597,0.00669283069289289,0.006562814122280046,0.006099957769517166,0.005985544474694745,-0,-0,0.011410051728448493,0.00557989936695659,0.0029484835903008004,-0,0.006437998520331927,0.003260502217811224,0.0032345005940119563,0.00653161019370454,-0,0.0068124462249703355,0.01044264847699852,-0,0.007680967253394826,-0,0.0051742574235774715,0.005527893812761903,-0,-0,0.0053510753175478225,-0,-0,7.54005466554319e-4
thuringia,2021,35,2021-08-30,2021.6602739726027,2021-09-05,2021.676712328767,female,0.021038255274045806,0.01984698704601421,0.018692159182244678,0.012008186398478806,0.03437295807652782,0.02221914634764591,0.03388383716429119,0.011097984197036333,0.028165626531800828,0.022911046528549278,0.005798323262531595,0.011285224491147437,0.03493493246386896,0.029065721719190515,0.05385307647054102,0.03827568335141464,0.049709752618123014,0.04854905651470802,0.025054434845209295,0.031188551262359844,0.029518376631811765,0.04111705160023255,0.043464159682146945,0.03132903568646998,0.024971194815076394,0.03948298568923617,0.0359027914790993,0.030387276988101133,0.03688627957657828,0.03428449969842151,0.030631820425052896,0.017495742948984615,0.016892343465108452,0.023863074608003174,0.01964411002375528,0.032645445212578623,0.032723494254699385,0.012257844643743538,0.056612005350090255,0.023987932042426656,0.012257844643743538,0.023925503287740443,0.03346756767141887,0.02161048989024335,0.008736733906195835,0.03391505751059177,0.05120880655063852,0.03465394451102432,0.03327504415796171,0.00430057783134404,0.022765382567505477,0.01460885190932469,0.028805577000687144,0.003499717766823437,0.020013450834937278,0.009428454715250788,0.012096606889927376,0.005735916341602262,0.01396387473408516,0.0028236766635127155,0.010947152228198982,0.014432002532979334,0.005767119792704852,0.00929843130453477,0.006209170694867175,0.009168408218935003,0.0030264880716576255,0.01539948000554531,0.0031148932919855626,0.00944405754638206,0.019061493232041562,0.003317705835938835,0.0038117397019696124,0.004409786977610334,-0,0.01127482223489776,-0,0.004196569333852543,0.008611913086085164,-0,0.006339186381260658
thuringia,2021,35,2021-08-30,2021.6602739726027,2021-09-05,2021.676712328767,male,0.019680523789977762,0.043703560251945855,0.006094757159748407,0.03997736327011706,0.03280674669540843,0.02143881884417873,0.02635507762293479,0.03154236461180955,0.03761480127097339,0.04294372746318713,0.027458048189653125,0.021532457526321044,0.02854023072854931,0.01632536239969773,0.044364519721096195,0.04678984454861727,0.03518470080773461,0.033790176237861604,0.03497656043786869,0.03432092371823954,0.032988861874155756,0.026547575517742065,0.047830791185524635,0.0162577412173633,0.026844127723162164,0.011514074655104551,0.03630867320160507,0.013157664514751354,0.03837455619598286,0.012341064325200612,0.027504872929502884,0.023561337045850617,0.027244736019444875,0.010822326102092914,0.021287956877624414,0.02175615061619851,0.011004364302806092,0.014546434413698862,0.02550185229009158,0.024627831099257123,0.010947152228198982,0.028477796508357196,0.014827313734021907,0.023129543235192472,0.015680363933660242,0.01762058509569122,0.04519203200231327,0.013178469782645783,0.03855669087547414,0.0263186591824593,0.016918351919154303,0.006729235390917331,0.02011228896174468,0.020086278910162382,0.00984453181433411,0.027458048189653125,0.008981175546833909,0.011394448307400865,0.008429883260501482,0.014265556610544404,0.008367473181271885,0.01178453523827202,0.011867754162257745,0.012881995501013856,0.009776919059188786,0.006464001746029936,0.00653161019370454,-0,0.0034061115513737876,0.013922263578133053,-0,0.007680967253394826,0.004331780421159893,-0,0.005527893812761903,-0,0.0075769519943590736,-0,0.010848331520319662,0.006162365127346456,0.008315464839132307
thuringia,2021,36,2021-09-06,2021.6794520547944,2021-09-12,2021.695890410959,female,0.021038255274045806,0.033082521357290444,0.018692159182244678,0.018010718735974082,0.04583739663183136,0.04444258635487082,0.022588505449082363,0.02774420003613074,0.028165626531800828,0.040097055391158626,0.046415108860386904,0.028222857553875103,0.023285612873469672,0.052333125360327463,0.023925503287740443,0.031896180368658066,0.05592486220476618,0.06676404163651604,0.0689300659158854,0.05615390891097462,0.04723744904880816,0.04111705160023255,0.03725574287459535,0.04386489604021393,0.06245308872382155,0.046066398909544434,0.0359027914790993,0.030387276988101133,0.014749291548414057,0.027426831719842754,0.02450297212836152,0.04374519524615969,0.02956520322697495,0.043755603999921906,0.03143309846754883,0.053061863499198086,0.04090888748364255,0.05313994319123513,0.05256736150549568,0.0359860490100556,0.028607867885026058,0.03589238429710271,0.03765122762362214,0.01728767337051709,0.03933727529904606,0.03391505751059177,0.040960928434668406,0.049511964006903206,0.04278759881317492,0.03441978904350319,0.022765382567505477,0.01826040580185584,0.014400793881940366,0.031505942538213684,0.006672028019748792,0.012575120393330197,0.02117351016047691,0.022942260287575157,0.011170799786850443,0.02542381408648386,0.01641899187425904,0.025985691766443362,0.02883159141397068,0.015493107813001068,0.015529518672543862,0.015285046247583377,0.0030264880716576255,0.009236020182871087,0.01247109534410109,0.02203706888279173,0.012705151997512511,0.006635623361774643,0.007618558073008363,-0,-0,0.005637105536640755,-0,0.004196569333852543,0.012918404532277994,-0,0.00770177033017048
thuringia,2021,36,2021-09-06,2021.6794520547944,2021-09-12,2021.695890410959,male,0.00655761346622002,0.031214566867818642,0.006094757159748407,0.017126420019844144,0.03280674669540843,0.0428916845277639,0.015810403303080256,0.04205900464462071,0.03761480127097339,0.08592294892787126,0.05493580846688451,0.048455369169999596,0.06852392949089309,0.027213519677689067,0.033269840829649726,0.04094011204800823,0.05865266578992195,0.04505671462801884,0.0641451471977066,0.05149508912585468,0.05499827446221038,0.04778915291995738,0.04251177267711736,0.010837929351467157,0.026844127723162164,0.04607160351848892,0.042360849561590086,0.06583205414462755,0.051172370699578945,0.04938184033085439,0.055024301982406716,0.03141748903711387,0.05061022080454732,0.0324737377322849,0.024841132534752543,0.03988889535772444,0.02201105786842406,0.018187580283792203,0.02550185229009158,0.04222033533054472,0.043792034654494355,0.021355584601614706,0.01853610332985628,0.034700775731061395,0.03921238100385531,0.02202146227260865,0.04066949977974817,0.043942961923915856,0.03855669087547414,0.0263186591824593,0.02368619375576613,0.026932573445177837,0.023467694710147927,0.016736293013998777,0.039384110737078704,0.009152805470507532,0.020955021672638508,0.011394448307400865,0.01404709714588307,0.014265556610544404,0.011155196437593964,0.01178453523827202,0.00890316213242793,0.009662497673834302,0.013038034385908573,0.019399618253764822,0.0032657025441347374,0.006718834046028912,0.0068124462249703355,0.006963266201077726,0.003551721292663989,0.0038429419984537592,0.008663921724721541,0.0051742574235774715,0.011056375334347382,-0,0.015155008191951251,0.0053510753175478225,0.0054238828604055945,0.012325460624785496,0.0037805374242024375
thuringia,2021,37,2021-09-13,2021.6986301369864,2021-09-19,2021.7150684931507,female,0.03507022350120618,0.01984698704601421,0.062333345133294374,0.03603288142979663,0.04583739663183136,0.07780337641786379,0.039535025213256164,0.049949181943532414,0.08453747994523722,0.09169960651113615,0.11611033443306681,0.062109477421086835,0.05823619797161901,0.10471897216911223,0.035897587887843536,0.05742930106534369,0.06214071471842075,0.042475342919471665,0.03758357870330058,0.01871296666461594,0.017709015130952372,0.0646293463699753,0.043464159682146945,0.07521517110847774,0.06870616980208197,0.046066398909544434,0.06464496577317648,0.03798426974524372,0.05903269558461643,0.054868137056629775,0.03675618749089451,0.05249969317740232,0.05914201973859219,0.027843052858136163,0.027504872929502884,0.04081521390304804,0.03681863165140663,0.03269227462379457,0.04852303223535873,0.04798693497834227,0.03269747789430752,0.01595084618731619,0.03765122762362214,0.04322996453904549,0.02621980925830512,0.029070924626838492,0.040960928434668406,0.05942314004707465,0.009506468917735723,0.030116719631940177,0.015175814258995226,0.040185523657696176,0.025205307739443926,0.02100184055703399,0.023348040859932032,0.02514808003837646,0.027223925122858827,0.022942260287575157,0.02234920207002108,0.01977415930593168,0.010947152228198982,0.017318883754212644,0.014411196763538867,0.018593323754685687,0.006209170694867175,0.012226637297539115,0.0060531523002996255,0.01847888296798597,0.009350440629802517,0.00944405754638206,0.00952727272483302,0.009958953600245485,0.015238232510093647,0.013230482988800326,0.009293230374865555,0.005637105536640755,0.012096606889927376,0.008393477371845058,-0,0.004560599985233796,0.00770177033017048
thuringia,2021,37,2021-09-13,2021.6986301369864,2021-09-19,2021.7150684931507,male,0.03280154341396172,0.0499543869411081,0.0365948737566443,0.057116957237259375,0.07111180176905786,0.04825238050217909,0.03162561516154576,0.1526253666217324,0.07525162380996908,0.06443150100214996,0.06592577280182214,0.07539222732653036,0.06852392949089309,0.0925903835874322,0.10542760261052947,0.08190727385060353,0.0410493981709377,0.06759711722042104,0.06997666286119751,0.04004501530468429,0.06600387181184146,0.05310350598702961,0.02656838614364825,0.05963137829245168,0.053702120434838935,0.04607160351848892,0.08476144423435557,0.0790063889367317,0.03197943148484581,0.030860755748723896,0.033009675078052914,0.027489264678203274,0.03114172320532524,0.021646905033478825,0.039035447932492855,0.054404850536288504,0.014671269479866826,0.054576630449977535,0.04008144335974906,0.024627831099257123,0.02919059164635338,0.03203666670453702,0.03708402017014045,0.03855669087547414,0.019602494322149867,0.044057458765341895,0.04066949977974817,0.0351534796991422,0.012850787780222833,0.04136164550205281,0.027073046371698873,0.01682992322846593,0.023467694710147927,0.020086278910162382,0.006562814122280046,0.021355584601614706,0.01796390254459583,0.0085443019336265,0.019670119854168545,0.017116016595036396,0.019529666924480757,0.014733687125337003,0.00890316213242793,0.006437998520331927,0.003260502217811224,0.016164112033149637,0.0032657025441347374,0.006718834046028912,-0,0.013922263578133053,0.01776103286900255,0.007680967253394826,0.008663921724721541,0.0051742574235774715,0.016585444689736547,0.006994470388680601,0.03031443448449818,0.0053510753175478225,0.0054238828604055945,0.018489286665460354,0.007561349723445207
thuringia,2021,38,2021-09-20,2021.717808219178,2021-09-26,2021.7342465753425,female,0.007010072489501038,0.01984698704601421,0.031157332552986423,0.018010718735974082,0.022911046528549278,0.07780337641786379,0.0508340390161108,0.07216364984834578,0.12403781879469054,0.0859646177397484,0.07544430279950909,0.10732948940168154,0.052411203958147336,0.046519201836230185,0.041882061887204544,0.07658476873517125,0.06835731033672045,0.05461827415087846,0.05012094713870531,0.024950384828363172,0.04133042068456697,0.046992827507310285,0.018624534922042267,0.05013135716876957,0.006240374429955163,0.05265064572249832,0.0359027914790993,0.05318679106273686,0.06641519520028662,0.013709006926505778,0.030631820425052896,0.04374519524615969,0.04224115222970406,0.043755603999921906,0.058954607043925196,0.032645445212578623,0.05318679106273686,0.061318138814350505,0.07685036028351093,0.04798693497834227,0.049053930111389414,0.031906586750892585,0.03765122762362214,0.0518854769957214,0.04370876462439663,0.03391505751059177,0.040960928434668406,0.03960788063437711,0.04754452878309316,0.03441978904350319,0.04934020082328841,0.03287959269037175,0.014400793881940366,0.017500944699110708,0.006672028019748792,0.01571677492432171,0.033280247486788594,0.031547567767260434,0.019555676697656663,0.016949562081183957,0.019160329549446378,0.014432002532979334,0.014411196763538867,0.02169372454082502,0.018634938648657437,0.009168408218935003,0.01210700931057096,0.012320259392350435,0.0062351738061373,0.006297581326245275,0.006354788285470629,0.006635623361774643,0.011430856297132374,0.004409786977610334,0.004643807349082134,-0,0.012096606889927376,-0,0.008611913086085164,0.009116399075726127,0.011774132882138057
thuringia,2021,38,2021-09-20,2021.717808219178,2021-09-26,2021.7342465753425,male,0.026240619753038208,0.031214566867818642,0.024393720774768243,0.02855063643920362,0.04375039962277747,0.03752633737792696,0.02635507762293479,0.0788866072218806,0.16139299974115115,0.10742849363255917,0.06042789727624168,0.09695593281859069,0.1085436069351512,0.08168853002906401,0.07211157766067051,0.04678984454861727,0.0703880176760035,0.033790176237861604,0.06997666286119751,0.08012089290188398,0.027489264678203274,0.05310350598702961,0.037198501910100344,0.021678118033694314,0.026844127723162164,0.03454987528417737,0.01210180809998616,0.026323861815248883,0.03837455619598286,0.018515295918255667,0.027504872929502884,0.04320394292158315,0.05061022080454732,0.025257332976888112,0.035486505823880056,0.029008489769455817,0.051370165626479544,0.03273910407717774,0.06560296480479016,0.04574371417253374,0.025543472713228644,0.03203666670453702,0.03337390749475842,0.03855669087547414,0.011758529351841764,0.03524193955550368,0.022588505449082363,0.017573769255553245,0.04712814991996296,0.030075095548244155,0.01015139080797669,0.026932573445177837,0.030173952801422314,0.020086278910162382,0.022968271767745563,0.012200631190001126,0.020955021672638508,0.0085443019336265,0.01686113333742112,0.017116016595036396,0.02510645993170173,0.017677804513099284,0.014837716700948375,0.009662497673834302,0.01629415261230751,0.006464001746029936,0.01632536239969773,0.006718834046028912,0.0034061115513737876,0.003478916371049182,0.003551721292663989,-0,0.008663921724721541,-0,0.016585444689736547,0.006994470388680601,0.0075769519943590736,-0,0.0054238828604055945,0.006162365127346456,0.009828928863038312
thuringia,2021,39,2021-09-27,2021.7369863013698,2021-10-03,2021.7534246575342,female,0.02805636748274747,0.006614820711516403,0.031157332552986423,0.012008186398478806,0.040102259402673944,0.06668073481217855,0.0508340390161108,0.07772005190604915,0.09582022960976948,0.0859646177397484,0.14517847296130892,0.11298345404452237,0.13404141223162078,0.13384851599641379,0.10176471254206085,0.17247331329591578,0.1368098127034817,0.09106409067241769,0.05012094713870531,0.01247109534410109,0.029518376631811765,0.0646293463699753,0.062104271206691763,0.04386489604021393,0.03746389236756169,0.0263186591824593,0.06464496577317648,0.05318679106273686,0.07379874306671984,0.06859161867478215,0.061276489747583734,0.05249969317740232,0.07182518156054393,0.06365574616429134,0.04715937821904849,0.03673016911281529,0.07775650636353863,0.04495782907718455,0.04852303223535873,0.08000631662628642,0.06132334495004475,0.08379267541008886,0.0669566891789786,0.0951586157799489,0.06557693198912652,0.08240726318376468,0.06145349851172543,0.04456228875428901,0.06657660146943015,0.06455645588372355,0.026563183486388017,0.03287959269037175,0.06122963458734789,0.03500257793853837,0.023348040859932032,0.04716458293738316,0.03630346956973294,0.031547567767260434,0.027936703073378522,0.02542381408648386,0.032848372965748836,0.017318883754212644,0.023061913204078088,0.024794310193473938,0.006209170694867175,0.01834363509023906,0.01210700931057096,0.01539948000554531,0.01247109534410109,0.00944405754638206,0.006354788285470629,0.02323879193279972,0.026672439398101128,0.013230482988800326,0.013937867757715891,0.005637105536640755,0.012096606889927376,0.012590724168666974,0.021527255372886592,0.004560599985233796,0.02854023072854931
thuringia,2021,39,2021-09-27,2021.7369863013698,2021-10-03,2021.7534246575342,male,0.019680523789977762,0.0499543869411081,0.0365948737566443,0.03426368598426466,0.02187059861569283,0.0428916845277639,0.047445638501210335,0.08415205528749313,0.129073258946537,0.13431772430164074,0.13194044583792497,0.12931305397391948,0.13714349050968566,0.08713656674960064,0.09987344925943807,0.1404908144765377,0.15263058190694834,0.06759711722042104,0.07581404015730156,0.04576973706096312,0.049496349148587214,0.03185455486054549,0.037198501910100344,0.043360072821664625,0.053702120434838935,0.0691279284002573,0.018151167563010037,0.0394881896392975,0.02557989061080834,0.043209147244036204,0.044015823521106445,0.04320394292158315,0.03503379895652858,0.021646905033478825,0.03193780591009149,0.04714376406715859,0.044031436733791014,0.0509329357420536,0.04008144335974906,0.049262126836475434,0.0510942939618579,0.04271994321041873,0.04449983529412531,0.034700775731061395,0.04706048866961702,0.05287447271664255,0.04066949977974817,0.052739135349216426,0.021418010271046003,0.048882168440720464,0.03722972424656075,0.013464543060316143,0.02011228896174468,0.026781695539369616,0.032817153259869586,0.015253837084577991,0.029939817506343593,0.037031983098929425,0.019670119854168545,0.017116016595036396,0.013948270546703915,0.008840751485169706,0.020772948634042315,0.01932158920745296,0.026074136028373922,0.019399618253764822,0.00653161019370454,0.016798713138242865,0.020440016726415582,0.013922263578133053,0.010655891733390849,0.015363069237056595,0.01299642397082048,0.0051742574235774715,0.016585444689736547,-0,0.015155008191951251,-0,-0,0.018489286665460354,0.024950384828363172
thuringia,2021,40,2021-10-04,2021.7561643835616,2021-10-10,2021.772602739726,female,0.02805636748274747,0.033082521357290444,0.031157332552986423,0.03603288142979663,0.051567961305745195,0.03888453490618025,0.13000638059989242,0.07772005190604915,0.15227072845396009,0.0859646177397484,0.1975431493023512,0.27724255978319384,0.23918766076186593,0.2563564728654265,0.19172862623814846,0.18526764782557809,0.10568292035662585,0.09106409067241769,0.06265613283359997,0.112363311777582,0.07086706789086572,0.0705077798159773,0.062104271206691763,0.06267175164411774,0.04370876462439663,0.046066398909544434,0.1005924338079922,0.03798426974524372,0.06641519520028662,0.07545471790036412,0.07354358182218294,0.07000790488484442,0.07605358970800746,0.0716221016453454,0.04322476021450898,0.044895375141964296,0.07775650636353863,0.08586565436606296,0.0849437414608653,0.11604779498260413,0.06132334495004475,0.05584677833097377,0.08370934130050968,0.09082968105333036,0.08307913142068216,0.048455369169999596,0.06657660146943015,0.05446731589378809,0.06657660146943015,0.05594568459091413,0.05313994319123513,0.04749768599454951,0.050417633812204245,0.05952205310965082,0.023348040859932032,0.03143830161206648,0.02117351016047691,0.04302179196398028,0.02514287752322325,0.05086006445207428,0.03832251783330617,0.017318883754212644,0.025944070989350237,0.0123982779334561,0.00931403409665198,0.02445615009157144,0.018161571194918236,0.01539948000554531,0.015586735789043028,0.006297581326245275,0.015883225492003324,0.009958953600245485,0.022859023638481923,0.013230482988800326,0.027879472366243843,0.02818643780526826,0.006047951695206187,0.012590724168666974,0.021527255372886592,0.009116399075726127,0.023103531674356394
thuringia,2021,40,2021-10-04,2021.7561643835616,2021-10-10,2021.772602739726,male,0.013116054003940898,0.037458688620085674,0.012195429970057726,0.057116957237259375,0.08205831178822012,0.06434819791457669,0.10550055041006821,0.06836251717721017,0.16139299974115115,0.17737256621564437,0.1649766281462671,0.17248896512616663,0.1772108156734094,0.23998171085133221,0.13876498658259026,0.18154172961114318,0.11149304056391267,0.09015250364495875,0.1166836162338501,0.0686697216887518,0.08251663649123933,0.06904461778876178,0.053150353825698535,0.027093857207901886,0.042959340353967965,0.051833425110400615,0.07869912335255423,0.04607160351848892,0.03837455619598286,0.024685058227776162,0.055024301982406716,0.06285397144675144,0.05450895950714556,0.04691475704480921,0.024841132534752543,0.054404850536288504,0.044031436733791014,0.05821537466825962,0.05101621734136701,0.06334857127269385,0.03649080064528632,0.06765959842724736,0.06305701712186924,0.07327800716273258,0.05882966562273267,0.05287447271664255,0.031630818325326764,0.039550637080620475,0.06427530782242645,0.037599189984796486,0.05416019527521727,0.047138559350907695,0.02682331698690273,0.036829039018782296,0.039384110737078704,0.030506947036964844,0.020955021672638508,0.028482999357174327,0.019670119854168545,0.03138627019029515,0.0334779743681285,0.026521562247068392,0.03561659473314601,0.025767183058360264,0.009776919059188786,0.016164112033149637,0.02612616213506999,0.013438536333678437,0.020440016726415582,0.013922263578133053,0.014208340947757954,0.0038429419984537592,0.008663921724721541,0.02070532166778468,0.016585444689736547,0.03499217093670725,0.037890601432940846,0.03212512125888308,0.02169372454082502,0.024653843422593164,0.030241592082934123
thuringia,2021,41,2021-10-11,2021.7753424657535,2021-10-17,2021.7917808219179,female,0.03507022350120618,0.03970155204008663,0.043625494727648664,0.0781002210763206,0.040102259402673944,0.07224175822762682,0.10171782088528548,0.14442758489175367,0.16921783500049825,0.19505858772230672,0.226656857408614,0.4989654704681836,0.36212760500556845,0.2680424486984103,0.16172161913494354,0.23649738381694524,0.18041461367218906,0.18837278361973875,0.1505080040376367,0.09986823926275969,0.08860023793894838,0.09403337064687806,0.0745329895515354,0.0689456866109666,0.1249864876311101,0.06582164097092119,0.10778803689837853,0.09882104052685299,0.07379874306671984,0.08232393129438673,0.09807603137928692,0.10943467260391651,0.07182518156054393,0.09551286465761812,0.10616750646513032,0.11026843208657142,0.12692557887477796,0.09404899888475723,0.10924186762669924,0.0840114280831492,0.11452602487040205,0.15571812257199352,0.14658120263844468,0.08650110667509554,0.11809600109117374,0.11637612793667022,0.08707927085059092,0.14372363717400008,0.12847377621592163,0.11194641357039774,0.05693475753727567,0.0621198898514465,0.0648323989775692,0.07353837446288515,0.036698947076301024,0.04716458293738316,0.04538459964206915,0.05737203788974646,0.05029791793322435,0.053686504318222444,0.024633033562881032,0.037536744886945014,0.03747950361312576,0.049600448292609234,0.03727655778639877,0.027515278432973966,0.03330626413875032,0.030798318742308393,0.031178145023819544,0.028332116952747597,0.034945339454244696,0.019914612895994433,0.04191849122921623,0.022052675497653,0.03717248331070671,0.04510875973030599,0.030241592082934123,0.025184497659046158,0.017225252659323315,0.036475189696544084,0.05573746110464583
thuringia,2021,41,2021-10-11,2021.7753424657535,2021-10-17,2021.7917808219179,male,0.03280154341396172,0.031214566867818642,0.018291616769384955,0.03997736327011706,0.06563420420079337,0.080448999087704,0.0685499637819632,0.12627920709250548,0.129073258946537,0.1612260827491527,0.1649766281462671,0.31847486436204225,0.2803845614811246,0.1689622051108438,0.21106416799673727,0.18154172961114318,0.16439238075600776,0.19175472228596088,0.09916489450273507,0.10876767464287904,0.08251663649123933,0.09030877457186934,0.10634987875079242,0.05963137829245168,0.11822108499410612,0.0691279284002573,0.03630867320160507,0.032905609141872724,0.11521394283018452,0.08027192565090342,0.08256351083629855,0.09430947020761819,0.07398620926872651,0.07580362498447747,0.04613926348213077,0.08707406213562643,0.06973193432536999,0.09827400479674708,0.06924768763812855,0.08448018690994309,0.05474841093114227,0.07122115132097284,0.08904299356784338,0.08100105543751755,0.05490457549736099,0.07932928015113494,0.07232507396151518,0.0747308733564886,0.08571460536934276,0.07146067971440176,0.06432216572708059,0.037031983098929425,0.03688107588689908,0.046878324202425284,0.0623697888055672,0.05798111308005291,0.01796390254459583,0.03418563463037699,0.03653763351962092,0.019971834837752535,0.02510645993170173,0.05600294619581052,0.03858791402744222,0.01932158920745296,0.04563962274903346,0.03233845345017319,0.019592090401952436,0.04033123642481093,0.02725514147086117,0.024367708581549036,0.031974228286176395,0.023051508591713125,0.02599089436591945,0.015529518672543862,0.022115102003949377,0.02099143635685808,0.03031443448449818,0.03212512125888308,0.03254658326073652,0.05549279957370351,0.0468835288926349
thuringia,2021,42,2021-10-18,2021.7945205479452,2021-10-24,2021.8109589041096,female,0.06314552445914219,0.05955849481171074,0.062333345133294374,0.06607676432702385,0.10318711289284327,0.08336558951013619,0.1639750652104852,0.21679208424907442,0.3163141158831256,0.3389514971023541,0.4601551961867852,0.45340899525327977,0.32111706381958893,0.27972582326641554,0.3359891341682059,0.37120297264539176,0.35520562538409195,0.21881815281070385,0.22592568242748362,0.21870849244001836,0.1655087163023625,0.14699837861580992,0.12428280304538539,0.09403858005898064,0.11872663550067548,0.12513243821901582,0.1293703964269071,0.114041360863271,0.17729951752136258,0.08232393129438673,0.14718610889753653,0.17959016470633066,0.19458361152506587,0.1832272309729324,0.15736106099859745,0.14707659948416424,0.18434397094326185,0.2046738739104717,0.24712870734776143,0.2403891886311873,0.20879301764517008,0.19972506808623028,0.19273072387826146,0.16014113536093436,0.13999548036841408,0.16494011249205737,0.16917088247757667,0.12387623406954308,0.10941903974129678,0.16369859550590632,0.14435979691909,0.08040733469538448,0.08285517437716163,0.13314471147680507,0.09346554785606861,0.08178227726847519,0.12111373418290745,0.0832093394475314,0.07825645578773216,0.07913658676582404,0.06297371623616416,0.09244452430797855,0.0605632546562714,0.06821151901477014,0.05592486220476618,0.05810084664883616,0.03330626413875032,0.0462069235338087,0.04989713199640165,0.025184497659046158,0.054019649156449426,0.04316230836073877,0.04191849122921623,0.03970155204008663,0.055768694574432946,0.022552089646446647,0.04839291103396478,0.04618090042659279,0.05168768010869991,0.050162587271466455,0.09837299178812313
thuringia,2021,42,2021-10-18,2021.7945205479452,2021-10-24,2021.8109589041096,male,0.052494487925045165,0.06869575605280849,0.024393720774768243,0.10285886320464606,0.06016238959266302,0.08581877704426606,0.1847614499880243,0.18425525707804274,0.30166734096888054,0.2743778052308903,0.4965032146494566,0.4377271980416314,0.3205624524047727,0.34943626779106357,0.26675142698341764,0.2872442997322933,0.32340359032367527,0.19175472228596088,0.30978532944552156,0.17758127733617474,0.13209162917082626,0.1914311322187662,0.16493489597212396,0.10304122388671784,0.1558902374968221,0.09795620572961992,0.08476144423435557,0.059246138194162114,0.14726433004829015,0.12354264138660495,0.1156204440841168,0.11004435791200301,0.12076973503849549,0.148103911142268,0.08876692196853395,0.10886147071418921,0.14323348661313856,0.13107506004647126,0.10938256308011789,0.11267077634687635,0.17538985234971308,0.13897354280202798,0.1113262836708109,0.13120538831078793,0.1295163593198558,0.12345403118992722,0.15380403438019405,0.14956408446373523,0.15009601493408709,0.10534944436744323,0.11854943167086825,0.09431988908767103,0.06708165012867968,0.08039171055687414,0.09522113011241334,0.08241767967932735,0.08987121715998578,0.06554048606909141,0.05059460561643705,0.07422054297163459,0.04185083675721903,0.05600294619581052,0.06234896384685358,0.06443670744955138,0.032593412582920846,0.05822578631889698,0.03919156531715321,0.050417633812204245,0.05793426088905629,0.024367708581549036,0.04263667489709784,0.04610803579566305,0.034659147977837125,0.051781373277189374,0.04423440892524707,0.02099143635685808,0.037890601432940846,0.026771290182691698,0.0488301195616166,0.05549279957370351,0.07564219007246917
thuringia,2021,43,2021-10-25,2021.813698630137,2021-10-31,2021.8301369863013,female,0.05612267520981016,0.03970155204008663,0.11850252487582418,0.08411559634614744,0.09171002486828174,0.10561518287323785,0.2036350032515931,0.28368360617995253,0.26535067854382194,0.31014104348965726,0.3783104108144957,0.464793061238358,0.46186024554937766,0.39672513202387044,0.40826974624161627,0.3455153547041053,0.3802223046427597,0.33468072370568724,0.2510892351078831,0.2124477909714086,0.18327419618951804,0.18234533644912274,0.24262514917832192,0.23856078767713582,0.18132778442937425,0.24396259209444282,0.19417649252335642,0.15211427120765314,0.2661764883571059,0.14415121909594608,0.20863639024278552,0.2234867659410915,0.17763345524719945,0.26308760873993464,0.2401645530499278,0.249459007734037,0.2664900904561534,0.31964683329605975,0.33247743488515896,0.20827092813854464,0.21700095364705707,0.27983038433062724,0.297776177282022,0.25559352641687855,0.3023368178425191,0.21841606591544876,0.23596979242983931,0.2729141229479625,0.21429615985735445,0.2414183454454777,0.21669287157893363,0.1719255022050525,0.19835744321207802,0.1577105180888252,0.18374906909553748,0.17945449714163172,0.13323855152903963,0.1464195478469409,0.12023289243575933,0.13573580180211064,0.13151296430965534,0.10690221014643272,0.0807614830941858,0.08062607312748747,0.09635161059220948,0.07646499259837268,0.05450895950714556,0.04928815148572561,0.06861765299973575,0.09765924770093966,0.05720024874130235,0.0630986676147572,0.07242401156888637,0.03528877130508677,0.05112031952807073,0.1015510953369807,0.05444649409961552,0.07559532196607613,0.0689248590185716,0.07754298776175922,0.11516182751462428
thuringia,2021,43,2021-10-25,2021.813698630137,2021-10-31,2021.8301369863013,male,0.05905872512423732,0.06869575605280849,0.10985676167122342,0.11429672090614822,0.08205831178822012,0.1556503198792346,0.22179473691614013,0.27927098508359316,0.28006041941198373,0.2528083443365403,0.4466374451350017,0.4920252529047146,0.38951563367560094,0.31657570293174603,0.30019243014335867,0.35783398417173606,0.33519885031165925,0.3502058274965144,0.15758533915969092,0.19479761125274597,0.22033775603891462,0.18077988005072965,0.20225161474577125,0.13562110291976545,0.17742996169028089,0.14988741410110737,0.19394161762610362,0.19774150177228128,0.18574775754430306,0.22259374376149021,0.1873290198074013,0.1690926283669165,0.2340057368960175,0.17704906563431788,0.16700067879594263,0.20339486524853784,0.13955750466643607,0.16024545624153402,0.21168026726503658,0.17967887061308507,0.1863739942740388,0.1925271712321775,0.21544489678901058,0.16212848411886724,0.18062333700289207,0.17644902956190575,0.21727248511870204,0.17159681832063922,0.17157594957272237,0.16563913089688012,0.19320046379491784,0.1516657630438936,0.14096529683628975,0.13069971647025416,0.108371648651467,0.11603216013173648,0.12586219730329826,0.11118037182802197,0.14629439609542444,0.13138784842959506,0.09212155164515132,0.10320795421283911,0.083146839553955465,0.08055836827637072,0.10764213498354767,0.06469703048440757,0.07187725346142616,0.04369315150860115,0.054524575870755494,0.06268737045932105,0.08174581998862178,0.06533222415891268,0.09970151964457473,0.06732636619170972,0.0829749652339448,0.07000790488484442,0.04547307690483854,0.0964349649645036,0.1031350096293839,0.1048700763796657,0.1066833611558428
thuringia,2021,44,2021-11-01,2021.8328767123287,2021-11-07,2021.849315068493,female,0.08420934796125634,0.19216182232748608,0.1122590869124382,0.13223759970242216,0.18358208032653656,0.18915040127846078,0.2546685995008021,0.2279364383649977,0.3276472732414513,0.3735440774822933,0.4660050602098453,0.44202742097191605,0.36798739866320346,0.30895359580951076,0.329970718615056,0.4033277297195927,0.36771507905505096,0.3407834314218606,0.39601252081060845,0.3064532439832901,0.24253633582766626,0.30032318295922883,0.2301561943036745,0.276327703129395,0.2502688899449283,0.3365700789674371,0.22300630765780602,0.2664900904561534,0.2365339497550044,0.3369730805238335,0.2824758492069012,0.37301509379421316,0.3218757399579162,0.3270716609288114,0.2796421745664215,0.4301449883493274,0.3817047254997832,0.381343283303106,0.3731669796489733,0.401268258092311,0.34434280261040007,0.42030968865600965,0.3440653722776513,0.3990988265791913,0.35510091264636834,0.34990742544253306,0.36981511909327164,0.4373548783939215,0.3241675323409717,0.3019497754738507,0.33492146875929385,0.28563385306549066,0.2598212266896519,0.26311374062362974,0.20718499875523774,0.2520454499441433,0.25162743036615354,0.1981956273814846,0.22671430730705347,0.2207450799150253,0.21113204298205812,0.19953714803296238,0.2310859084748472,0.17069946972286276,0.15549385246412661,0.11320754088438444,0.08785016641769412,0.09862306502672175,0.12795249250264154,0.1260446386745883,0.0890013222891257,0.11961787568316057,0.13349400586254134,0.10152504451834261,0.06972152037067039,0.12414727970023223,0.13925509502509958,0.12184343687117581,0.10342157822446213,0.1140726293725758,0.1910188187603706
thuringia,2021,44,2021-11-01,2021.8328767123287,2021-11-07,2021.849315068493,male,0.07218968596173472,0.1312262408633916,0.11596962077529248,0.12001919934965004,0.15876411935093726,0.2201915379898445,0.2906379042049106,0.28455676397312907,0.25846769809590586,0.3877815212139346,0.3802275428045993,0.32930088587497713,0.38376342243938055,0.3768333245383188,0.33365495292576886,0.2931218074813895,0.25267248561193,0.4069123481523527,0.29806382054483627,0.3327443366373856,0.3197985633481695,0.22873553958706544,0.15427863823466784,0.1954082982450077,0.1720454984265768,0.23656006829792708,0.24861778859929964,0.2043502034391389,0.21784166145838654,0.210202685496787,0.2812472074768143,0.19667145136393657,0.2809335163680428,0.21687563190759346,0.21685474498037918,0.30174579484416186,0.22789465563239372,0.2369048342940342,0.3288351478832891,0.28566522492682234,0.2596435413904117,0.3463476733513009,0.21916802315833595,0.27049391012943774,0.27510966182239477,0.28703514799642893,0.2944396317078012,0.33933881497840407,0.2704886830098314,0.24110489451244968,0.24416634618314828,0.2597898704162557,0.19813298913063188,0.2550030344529518,0.2037916155901745,0.158842357919893,0.14687322547118387,0.20830225336112285,0.19421302871383136,0.16857615419004382,0.17041253012480165,0.1888790166134782,0.16047496291552932,0.19031945910401515,0.1566465067963046,0.13595477309822301,0.10458349980191982,0.12108767356199625,0.09204341339905427,0.10103529155703013,0.09597651757033565,0.14615360073501718,0.12140561402944937,0.15030983165634768,0.14390614122280404,0.10504202308440022,0.13654391473460878,0.11252486073140158,0.11944066881619454,0.12339669526077442,0.15138935877657686
thuringia,2021,45,2021-11-08,2021.8520547945207,2021-11-14,2021.868493150685,female,0.07016411528463071,0.19880113436309138,0.21224416112888964,0.216567550581955,0.19507946589645478,0.35103298600168703,0.3625674593541629,0.3339061602254362,0.34465164189161696,0.4890226621800939,0.5245504296010427,0.45340899525327977,0.28013361260582315,0.39672513202387044,0.46858130770691464,0.583592998543946,0.5117668793582866,0.4141032927181236,0.48442462502375866,0.4069123481523527,0.37908563600353146,0.30032318295922883,0.2862978948365815,0.36456255971741397,0.3193067503047398,0.36305968172710595,0.39631642733960465,0.4193870694133483,0.4369458542482841,0.4267422674922648,0.4304648240997564,0.4435273384725256,0.466524496988224,0.49539550005634037,0.4101355713251509,0.4712941136013938,0.46828747262326464,0.4225167022353946,0.47095828469330675,0.44156591659876415,0.4637594740435012,0.3962011522402176,0.4072530045740932,0.4688226734820162,0.4035111471788915,0.437753417835613,0.43686719612758756,0.4124050499375937,0.29070065398473505,0.42756015849499684,0.3120138134389456,0.3076720197082457,0.33946966626415725,0.2666312120177494,0.3647982065470638,0.2962804579638245,0.24251021428281413,0.3076667888501028,0.31374540097298365,0.30589878894408773,0.27711709277548385,0.2604222255839884,0.24266694374876635,0.20490879728855393,0.19288208405470805,0.17757084176025256,0.12728004423105221,0.17271852584447614,0.17484201053291076,0.18602434450337837,0.11127938339097912,0.15289134683478992,0.14495424830504638,0.11920091931032555,0.1488496373942579,0.15805476169774957,0.13925509502509958,0.14708702894216866,0.12499691265951858,0.17806131609248665,0.20829703248937975
thuringia,2021,45,2021-11-08,2021.8520547945207,2021-11-14,2021.868493150685,male,0.10503681256984511,0.19383200970377923,0.23219845345920878,0.25752704260371456,0.2740327906959471,0.24710780826521048,0.3914174609604547,0.39564049971886883,0.41524596876547604,0.4418700894754627,0.4244931335642483,0.3997538386331837,0.378017085378388,0.39327744197292525,0.3392341341868733,0.36371947647173836,0.5124915816582519,0.5375735543835595,0.46243210539387664,0.40761986783176646,0.36405985004986324,0.31410637361316207,0.2662862488766393,0.277043903827461,0.2582795656361827,0.27126752962426026,0.19394161762610362,0.28366792084466685,0.27565856102565783,0.34666699410411617,0.33103304916966964,0.34268871157868025,0.2848443341205126,0.3510696325689514,0.3559700347575435,0.4002830943995147,0.37175812443791545,0.3100154970785816,0.3178418028450425,0.32812346642513884,0.24864913813659342,0.3427619929788564,0.41683422534403664,0.37519915031289064,0.4092655434332361,0.38011230336595886,0.3535250114101127,0.33933881497840407,0.27479078018412983,0.2977814071453232,0.34623774370979454,0.30039117455342085,0.2823189997100273,0.3189457415630026,0.24003395141390027,0.23231858884857887,0.28813843288847074,0.22546086939194088,0.250645097585019,0.24876931153797005,0.23761526840324357,0.2332431183056501,0.24090115241920015,0.19355016182154064,0.20242388376110798,0.16837791293906915,0.1504037026901864,0.12445481395364001,0.1842500386200988,0.19178603756061352,0.16362034962997873,0.1577105180888252,0.19090399787292225,0.13993291218513562,0.14390614122280404,0.1120558490262473,0.1897401459143251,0.16082444093289827,0.12487702495900868,0.19139459798285174,0.19461492850337006
thuringia,2021,46,2021-11-15,2021.8712328767124,2021-11-21,2021.8876712328768,female,0.15449247215602296,0.18552335788489868,0.18722986333492495,0.21053683459033648,0.3044132970337193,0.35103298600168703,0.4649976824593014,0.47366596701593416,0.5946794946156161,0.5121502351137951,0.6535806266844545,0.5046674315377531,0.5617897909658958,0.6079885151510365,0.6136129947355816,0.6610374923871624,0.5745225528592166,0.5120189485779504,0.4402024048782857,0.5075659055783605,0.5100391878041892,0.44817945569376955,0.39250200518264783,0.4213581394842569,0.3570014816543461,0.4160794042874206,0.43249399182311576,0.450020487369706,0.4295105658787011,0.5166614418568515,0.4984352093645619,0.6202326658212697,0.5902141082603048,0.5194870535591501,0.5250757043045684,0.512481078654241,0.46828747262326464,0.5627464797713537,0.5035962972339567,0.5828515288208969,0.6041059272145745,0.5450505854080396,0.47895579971500507,0.5648438975913082,0.496056976074665,0.4524071069277822,0.5091779891364062,0.5072718501234625,0.46303020406967155,0.47094254276645225,0.4687282258713766,0.4069542749761322,0.4192402905885744,0.44279310771689456,0.3748744166795828,0.4197015968615624,0.31244278141282755,0.35960375078645046,0.32217398119492974,0.31442026490234515,0.29912549945287925,0.3126624980869699,0.3093093041640699,0.2609343866453832,0.24901488413484027,0.21131478376751972,0.1910396953126006,0.13565759799124957,0.15608321551422583,0.1702351500742932,0.17178463742876518,0.18952094801204014,0.20228293634247485,0.14130421545827096,0.1861287173230934,0.22028031318488975,0.18171393003095337,0.18498062782826236,0.17680383266374378,0.20550916185442422,0.26516774776458074
thuringia,2021,46,2021-11-15,2021.8712328767124,2021-11-21,2021.8876712328768,male,0.1905386603723322,0.18130691177584124,0.15875890345052263,0.30344042744156996,0.3180092233230814,0.5332811839826116,0.43390973712941255,0.5441204955928061,0.5833668754511725,0.6261900377871451,0.5908189379059485,0.7097809599338184,0.5276916513388592,0.46460418082599353,0.5292833461590827,0.6707498727426804,0.48881794639862886,0.526199809997617,0.49184152296793276,0.3788080202494217,0.44716193339080396,0.46918997137635027,0.389237962232748,0.39701332315545373,0.4311779076091843,0.3060034026499289,0.33378055642390464,0.2968975677138242,0.3335398166523241,0.35288105222499083,0.43630610498480854,0.45742198754478985,0.4298199114057075,0.42011572756990917,0.45607904322807363,0.41124147116273946,0.40132066093919794,0.4528739530127817,0.4205508304746197,0.42731898416961545,0.4395940804138226,0.4216359824970066,0.41309691993096087,0.42569370810192514,0.38951563367560094,0.38898648748853376,0.35807483644239957,0.41898342864213756,0.2877096653628213,0.430255095516775,0.36667818283105214,0.3647458404926378,0.38351721266210337,0.39983244063411794,0.4249230304313479,0.35194392261731217,0.33932834688976804,0.308472347202752,0.32126879816173587,0.2975199146244596,0.304904969235225,0.24212361695316761,0.2468622446744148,0.24205047724114506,0.23514446218471263,0.16837791293906915,0.1831541740536623,0.17499331864825987,0.20134329664809517,0.1952778089689417,0.21708972339525043,0.20395866927122763,0.17786825649471502,0.18146345688155846,0.18272105299748068,0.19625387668983788,0.2049505615557709,0.15545734346834122,0.17382460532853222,0.21613937278775033,0.2386391463994538
thuringia,2021,47,2021-11-22,2021.890410958904,2021-11-28,2021.9068493150685,female,0.19670276959967284,0.13908303515207754,0.23727049769685407,0.4340408266075115,0.4486252835944227,0.5190301133786683,0.7391354879361133,0.8613718143041095,0.868816238380564,1.0878349672598444,1.0840438159124146,1.1410198590359573,1.05244040704522,0.7670025528933023,0.8562332455718752,0.952501829624372,0.8768117216154022,0.8500221762496184,0.5350149017111,0.6336587676558714,0.6234007238949457,0.5252280349610894,0.5051925054318139,0.6301584893682565,0.5648123568471863,0.5887730642355484,0.5992452095146564,0.4883402793760479,0.5709841934924451,0.5582207611228943,0.7339246009754239,0.7620316033725999,0.9028901929683162,0.8013742066986046,0.7876249304690269,0.8514334775057544,0.8119051046335948,0.8609541544710593,0.921534000589376,0.8706510719393179,0.7821557990469673,0.8480982167635434,0.7497909511198412,0.704831290138684,0.681644223435225,0.687461097686036,0.6955763028080321,0.6223429288884381,0.6070783431850687,0.6013125371646661,0.614396997636045,0.6319586030598264,0.6228481417295894,0.5240304128712069,0.4757440514002436,0.4926236920566939,0.4708953170144934,0.45206615457017835,0.3868490012631072,0.4481322506104291,0.4341614292192343,0.38821111468290803,0.40216959441614974,0.34508087919310665,0.2521342795373803,0.195972015680443,0.21838473459963703,0.2376361636710386,0.1717168137836876,0.22078163477787796,0.18453183609863077,0.23284091985516395,0.18316461075013105,0.20324347446872668,0.20011657037839956,0.26558064957933303,0.19384766796425523,0.18498062782826236,0.21137221671843903,0.2696105343755184,0.27973627936337603
thuringia,2021,47,2021-11-22,2021.890410958904,2021-11-28,2021.9068493150685,male,0.20370286854039937,0.3255489354432979,0.34868765941385976,0.4126566379609978,0.4171015604290595,0.5386979302832376,0.6522273412685945,0.8263370603169631,0.8447525995986298,1.0186819705352068,1.1771981715667277,0.9942308718733025,1.0374999668875438,0.8503657479344551,0.8044001691341967,0.7655882641111966,0.7974243496525664,0.6286637054736381,0.6037376751180915,0.6908124184959096,0.45825085329912363,0.5281381614707257,0.5607805559193281,0.4516307878864663,0.3933088788434582,0.39293687709367614,0.48010515000362425,0.3697313253475457,0.53986436461962,0.43991921846639553,0.6307795741856149,0.46930540839324547,0.5633930431620939,0.5876581232680121,0.5922547790643391,0.6602896511154485,0.5827410980645961,0.5961312222444186,0.5602654330813313,0.5978091753238843,0.4727161631702867,0.6229323443469977,0.6077570248166674,0.6788835434286784,0.5398065677075627,0.6023909468018416,0.494702534204891,0.5386821678362496,0.5467163810623331,0.5972726452532122,0.5578265534088875,0.48690205571542,0.4308108781110028,0.46395884459354514,0.4447703098822737,0.4379946405605298,0.4358289200852879,0.4863876642099845,0.33540296221026816,0.32621871985443324,0.36104369409909365,0.39328268145002465,0.37521486328206577,0.3327024696052727,0.29409971353254005,0.2917726410863335,0.21593050685046045,0.26271131107078827,0.290324156441622,0.20575975085403084,0.2206563039265203,0.2927191456290948,0.19090399787292225,0.22822891843326787,0.21600883147862995,0.23137840625826583,0.1517387757371667,0.19842008173330478,0.20103530733195035,0.2532838526679623,0.2523067138868476
thuringia,2021,48,2021-11-29,2021.9095890410958,2021-12-05,2021.9260273972602,female,0.1755933379231302,0.33841763124520113,0.3688619732032041,0.4340408266075115,0.5411306585420469,0.6931943060976591,0.9571891140647854,1.1498068965307373,1.1789588110354068,1.4339705424776414,1.404776859486107,1.3664699921295451,1.0940320240532602,1.1221112355854206,1.0755651682381366,0.9135475149433779,0.9400097645277086,0.7576204155618498,0.7505717342770147,0.7727128711652492,0.6413233576326076,0.6142759762826058,0.5051925054318139,0.5414721953779784,0.6911654790183801,0.6553446897329671,0.4831859539385137,0.780471886949916,0.5859016138267101,0.8082502083417027,0.8396262420981195,0.8552975731999093,0.8384900560196621,0.9590906301390414,0.8394941261623258,0.92613379913488,0.8617736168031358,0.9773889930335442,0.921534000589376,1.04164847964731,0.956654159679782,0.9089170794132607,0.9751477067900424,0.8012897146375554,0.8101779756719852,0.667831754385315,0.7994203629067607,0.7175938575558031,0.6985117895486292,0.701484336364667,0.6220745365630161,0.6023962073914689,0.444649682663094,0.5735393590130243,0.49257644661008887,0.4704178145983458,0.4708953170144934,0.4318228371456534,0.47978500878622327,0.5222445364264093,0.43140336987110606,0.43766951454141795,0.42541584340741234,0.32637046908380185,0.21158628554890133,0.25122508969604923,0.25791375446851,0.27785944364104187,0.240561584037736,0.2713773008903952,0.19409298132723277,0.24617780759501673,0.1908100536990499,0.15899361948700355,0.17680905037448327,0.1806755179664753,0.21206141707734982,0.2355414548447701,0.20273188130174666,0.21466166431023337,0.2469615149225437
thuringia,2021,48,2021-11-29,2021.9095890410958,2021-12-05,2021.9260273972602,male,0.26958439922674016,0.30670955066932787,0.330274239416097,0.45294738985709193,0.5108583900171834,0.7014000064534835,0.8232622742526585,1.0189099945546247,1.1513805336917573,1.3040048561318751,1.402330101337467,1.4625816075969023,1.1890876352080102,1.0665358933549731,0.8776367223934346,0.8903201124090199,0.9166117669909061,0.7770250519873951,0.8637985371717943,0.6618432770622931,0.6304427137030391,0.5495909236604667,0.6306321974559711,0.5172549126179972,0.4582456072717883,0.5265149841798452,0.5350832008656394,0.6088145231522255,0.43659975940719936,0.4834956189436591,0.6307795741856149,0.6280110668266309,0.6578882053863593,0.6716348218611685,0.7935803918364667,0.667636867837594,0.7387557295452168,0.7914473290481905,0.6560766618189995,0.6939584303233968,0.7495377266676095,0.7130493707745427,0.7241529586772505,0.7413982725095536,0.7660579303736391,0.7362188036665739,0.691160209440718,0.6809066228256812,0.6636918890867585,0.6619486093151578,0.5680874395859089,0.5889150631504313,0.5966782605599646,0.44032302178130317,0.5043628911085489,0.5118666566116279,0.48414644632109394,0.47201300464839147,0.40897204333164233,0.47282111301888863,0.4425571071757086,0.39921934817772553,0.4140823264197341,0.39106642975338474,0.27771829160416095,0.2560220292086316,0.25200887309691766,0.2795951222318103,0.2116019491564597,0.2896966665940777,0.20639144931620917,0.28499596265674326,0.19090399787292225,0.197047271437668,0.2326633267242418,0.26652145077007333,0.28867701174118193,0.262936044073456,0.2173664771123141,0.20995207508572983,0.24699286346132593
thuringia,2021,49,2021-12-06,2021.9287671232876,2021-12-12,2021.945205479452,female,0.23895258246949427,0.35839422921752906,0.37513629848365887,0.48248790230095123,0.6918083714994802,0.698822739502259,0.9169504864177366,1.1498068965307373,1.2365928157420611,1.3751403711337384,1.3690431926735007,1.3375115825048565,1.1951850321057906,1.1102370740596375,1.038948195248647,0.8681341409716965,0.9842936096016142,0.9302363793189067,0.852321506918087,0.5831828224969102,0.6891472698382822,0.6083304913943135,0.5616268402313552,0.45926334648240313,0.6216324816350622,0.5621682591583441,0.650100068852173,0.7573513241092632,0.7352852882889263,0.7247751671807822,0.7525659498751425,0.7265469203130374,0.8556517522869485,1.060442947757463,0.9834033235941532,0.9552135178118093,0.8534579952535488,0.9982063085693113,0.9462210012668107,0.8787790527718647,0.9233706952842146,0.921089392606277,0.898498784132358,0.8539760307361404,0.8456880822450407,0.8103047354800232,0.7890292597262486,0.7477124368879596,0.6070783431850687,0.5621682591583441,0.6412759768892063,0.5802328054742617,0.5354929976767434,0.623100749990853,0.5700694116675805,0.4704178145983458,0.5319677999424846,0.45206615457017835,0.46850784878034124,0.5165406477527746,0.4645202341962717,0.4027565194910982,0.39346082398562093,0.3544412272474308,0.28334375830812436,0.28194256284780866,0.2700809692996415,0.2221707386081486,0.2718843426030744,0.24291248752852285,0.225983131518122,0.18619134111547392,0.18316461075013105,0.26082986357010224,0.16282746472868312,0.2259413503549975,0.15744972899317733,0.21446846877933312,0.17680383266374378,0.16891525281873826,0.255149350420882
thuringia,2021,49,2021-12-06,2021.9287671232876,2021-12-12,2021.945205479452,male,0.27617609986708824,0.30043301557864205,0.41010412428031046,0.5220974669820577,0.5771409886457054,0.8047117529269048,0.9626449037362677,1.1745599835283693,1.2998620188859997,1.2490178548419426,1.1435128240614767,1.2581907486082264,0.9967645150694401,1.1387927696124243,0.8044001691341967,0.8962714763435037,0.821238931751755,0.857084352012807,0.7690818383371051,0.6502580316345201,0.5915131858232623,0.5603232527374759,0.5017481173738734,0.4680303682870868,0.4474189345673299,0.45677674043889394,0.5962416814405945,0.5289996742075075,0.53986436461962,0.40259930676786787,0.6307795741856149,0.6478833750882504,0.6184961045888023,0.540253181879551,0.6784410053023131,0.7043674474656805,0.731314079651027,0.7951380053351023,0.7927303241493473,0.6761388141425689,0.7199400647637113,0.7816437573104857,0.6715558079347113,0.7609498779515123,0.7461667936190858,0.7004987390690074,0.608830306872358,0.6319691302237561,0.7374793397241022,0.4985139606717193,0.5133895963459443,0.47670965422183254,0.4950647652025637,0.4032071985986027,0.47786945087800003,0.4379946405605298,0.4569603465239452,0.46626740136858225,0.4061419487828065,0.4526746249581447,0.4960307268659924,0.36064050595226216,0.3632639030153701,0.3327024696052727,0.23514446218471263,0.24952693285423339,0.3143784126209771,0.2728409399152915,0.2697777996387241,0.22672997547219265,0.20639144931620917,0.2386757138436071,0.23874362487954634,0.21263575768764392,0.21600883147862995,0.19625387668983788,0.2125574381399741,0.23604814724787893,0.17382460532853222,0.21613937278775033,0.21206663832705022
thuringia,2021,50,2021-12-13,2021.9479452054795,2021-12-19,2021.964383561644,female,0.20374463183907468,0.2984874435199861,0.35631559336783764,0.5309854103666938,0.5527073806229674,0.6931943060976591,0.7849642000894289,0.9065094158788216,0.9605154885916942,1.1112251558845283,0.7711612069270836,1.0200342206167017,1.0168153929006172,0.8024039647253024,0.8197703408136628,0.7644853566439049,0.744341622159094,0.800719396816368,0.572992564062543,0.5516615336023172,0.47429568078681383,0.495579242550727,0.4613408553606719,0.415046784895176,0.413594862365291,0.49571573739541985,0.5702061021819544,0.5420291679531517,0.6082831407034123,0.5859436852155822,0.4860727331465733,0.7309818408835232,0.7356122804690102,0.7206782192598632,0.7278388616968907,0.7768403123071719,0.7413402511622637,0.7779487602334596,0.8105741010980918,0.7488519166351563,0.7241213211556357,0.6499105141467502,0.7413033285204182,0.704831290138684,0.6949280937818972,0.5649069791369395,0.5557136509979208,0.49228247590681007,0.5638188331999919,0.5708632731328075,0.4763842860506925,0.45113772640539107,0.4809658673118045,0.40751504949403716,0.41519879356934897,0.4006918302619269,0.388562126615346,0.4173741387935778,0.3277937937565862,0.3343143746757066,0.3101358123831467,0.2894352147257052,0.32380648985191846,0.2609343866453832,0.22093829876686127,0.26043790390898386,0.2001531107427262,0.16962997563215143,0.1936127945522374,0.20814040658092559,0.18453183609863077,0.1795275488632562,0.11058630640926731,0.13246176953092162,0.16282746472868312,0.15240110985214603,0.17564551383945115,0.13446370108231362,0.18544507916175798,0.1232090508437373,0.2201184291194869
thuringia,2021,50,2021-12-13,2021.9479452054795,2021-12-19,2021.964383561644,male,0.2366332002879109,0.34439514812218663,0.36096515070842744,0.4069018664516884,0.4998212497930433,0.7992672269012193,0.7216431084373105,0.8744161204658959,0.8884475574343033,1.133722377649571,0.9139073832006628,0.9997170542064948,0.8167382015383826,0.78955721286513,0.9679105484246631,0.617480506259329,0.6488311185778541,0.6913815321621817,0.568376582000124,0.49992100412780083,0.47488866822595416,0.4799057175383603,0.30901636769526675,0.2933885073078682,0.4311779076091843,0.3060034026499289,0.3398726902931556,0.3962430704286056,0.41081692863326924,0.44614443099805723,0.5362285385149811,0.5010078137534552,0.41805034898225335,0.5694227652586529,0.5062059130386507,0.5612588888381324,0.590161514710544,0.5998080615722272,0.6007812313719254,0.5551355085816281,0.6090933695799331,0.5114045319957272,0.5627727626792581,0.5307174891579574,0.5913185850933406,0.544509344678335,0.47646300396992297,0.5076236666666831,0.4991334751141575,0.4833381619309388,0.43145055977057034,0.46312464133155057,0.40040361874288816,0.38634607609639643,0.35881310796169524,0.32124263703667105,0.31222306566705477,0.32566405402499427,0.4004769815234467,0.2889123149326106,0.3077086357299564,0.3161623959978737,0.26773406407946404,0.26146223138505853,0.2253303046799818,0.21055771897997877,0.1831541740536623,0.17836395149900092,0.19450531916180322,0.19178603756061352,0.192130506826523,0.19624865702763408,0.16483056568329255,0.16588431122003441,0.17717429142705624,0.19625387668983788,0.1593326556323213,0.1661920924110835,0.12487702495900868,0.16047496291552932,0.18930696999867894
thuringia,2021,51,2021-12-20,2021.9671232876713,2021-12-26,2021.9835616438356,female,0.1755933379231302,0.2984874435199861,0.26857559252311247,0.3251878833628907,0.4370717074888818,0.4237644140664474,0.5562182169049793,0.5072665991483054,0.6687851288340465,0.593175210916828,0.5421290032905262,0.6873240986003447,0.6088776580615061,0.5257270523060368,0.48668685048690424,0.5771409886457054,0.4115140188109553,0.47527699994763134,0.3644735378596781,0.3189980615152078,0.3672018652084271,0.312134133367221,0.34874524429102277,0.244855981330601,0.4010167251623556,0.3895627855773147,0.2879292775562461,0.2893986115690368,0.5039218357179256,0.4889754200051427,0.43664171017434505,0.4876474075373387,0.4835690990460974,0.5315370172019576,0.5052397623423405,0.5743175002019842,0.5013070841606762,0.5255904786619783,0.4791184915913787,0.48593101479030504,0.538014895296072,0.45649346375081273,0.5169555504140201,0.3381716360772359,0.4123159461378663,0.3596613477533849,0.37496869397711297,0.3824800012938851,0.34329590344014194,0.2543864216829559,0.2662392086256148,0.22324653624454163,0.28877113288997974,0.27718505403375115,0.24737949699352696,0.2362570940065376,0.24554562562425836,0.2673106915645725,0.2631921363535142,0.24911415849253993,0.21937690210003521,0.23721825991045462,0.19925004926289844,0.17691862242088852,0.1492668315708717,0.11014336731193339,0.12424631595617258,0.1541847602054997,0.14045431601280323,0.11657938270906391,0.09218406232655986,0.09633598166227539,0.0991336349564244,0.10152504451834261,0.11159726389366668,0.12414727970023223,0.108950056047995,0.09240805955204355,0.09479395033845084,0.09580460083955025,0.14285805526568313
thuringia,2021,51,2021-12-20,2021.9671232876713,2021-12-26,2021.9835616438356,male,0.20370286854039937,0.18130691177584124,0.26282629062523,0.29769772939557637,0.29601374330461105,0.4251065240788096,0.47643676465027435,0.5441204955928061,0.5616426096349595,0.7458028092255787,0.5797174899031347,0.7097809599338184,0.5796018075176207,0.4920672484099853,0.3838891470305947,0.4285196239529835,0.40604761495048886,0.3558757918987279,0.3039216294810515,0.2809753417398776,0.2424266254274566,0.2500651119429714,0.22358599157440687,0.2280461181978146,0.2960503511180139,0.27126752962426026,0.22430668869824164,0.2968975677138242,0.29494689834767723,0.34666699410411617,0.33103304916966964,0.3071332440838937,0.4298199114057075,0.41284532977736693,0.37383214016956895,0.385670278063083,0.3865346724639012,0.3942153167847002,0.38017516120991873,0.3741516297436799,0.37341837790066956,0.44316546630447107,0.41683422534403664,0.44901341923209415,0.33819780572063857,0.32247222414248844,0.3035241144329124,0.30397916480555176,0.2877096653628213,0.30912098767325935,0.33942779381689064,0.34780295431695846,0.26883693953172605,0.24491345133906703,0.23014574817146513,0.23538474685373864,0.25503961340634046,0.25979509646050575,0.22242140791327228,0.22298019592176715,0.21240602068229272,0.2480430504317167,0.16642684200173735,0.15477932391930654,0.16972388154946097,0.1586493696627341,0.11766863335967945,0.14466223624872138,0.1637455430879822,0.11847646556352856,0.192130506826523,0.09610675789629805,0.12140561402944937,0.10361436162244195,0.06636833540953814,0.09102762688449213,0.1517387757371667,0.15008558487256346,0.07054422921767205,0.08635005583251225,0.1210772493172876
thuringia,2021,52,2021-12-27,2021.986301369863,2022-01-02,2022.0027397260274,female,0.14042824569725376,0.12582049650831129,0.12474671255456499,0.19848272032998523,0.24108922201539887,0.2728200304963013,0.3057523301094831,0.36741657650758186,0.39569813661518727,0.4659053709165511,0.42506458261658786,0.4704912762231253,0.4149052599772946,0.35574489932262243,0.3540485613404172,0.4033277297195927,0.26773929092217913,0.23100233798177786,0.29515085230899585,0.2500285364886902,0.28998949424730885,0.24129818903116151,0.2862978948365815,0.2700339256157125,0.2941938444970744,0.27040504916764185,0.2662810221799822,0.2893986115690368,0.28841556499948984,0.3162774938013243,0.3255960293777334,0.31579094573359673,0.32612453090032517,0.41116285191429874,0.49334287804396626,0.42602924480639914,0.4435325830152107,0.4307532022825355,0.4301921771068262,0.39723863733446,0.4060738187756362,0.38013325597216574,0.35669780480839863,0.3512214543370433,0.35949902919183335,0.22814535253160845,0.1999912893242098,0.20331133924654965,0.2668141479453982,0.27167525263799497,0.23573995231136596,0.20857896031345016,0.22365388290629476,0.21389932936020603,0.24068173874998894,0.20153644342111815,0.2090958319608612,0.21258354464275536,0.16223802523538142,0.215074165278601,0.21113204298205812,0.11847646556352856,0.13853036183554082,0.11167022034878102,0.12746770333905977,0.10095713991549311,0.1181793903263676,0.09862306502672175,0.08422497324687812,0.1228910993494816,0.09218406232655986,0.0896889026583522,0.04573330502080725,0.09268935976007067,0.09298108010164731,0.06203659046695423,0.072606265548917,0.05458183591076922,0.07323634851568807,0.10950241506291973,0.105630814592344
thuringia,2021,52,2021-12-27,2021.986301369863,2022-01-02,2022.0027397260274,male,0.15105558954409773,0.11245711433482683,0.1526462277657461,0.24605241551870716,0.1916712149790691,0.24710780826521048,0.26944326965033727,0.3268466505751671,0.3449081369262276,0.4310468253481575,0.5131322689145127,0.4540122357543262,0.34353668838295104,0.3001505893117146,0.3392341341868733,0.29900520962076393,0.19968330801570278,0.2652618263706705,0.2277745304631721,0.23499820249500966,0.27556969123774183,0.2500651119429714,0.23425646325913305,0.20628703581787583,0.28525739220580565,0.17298982618177813,0.2000121694789484,0.21095452397683176,0.21784166145838654,0.14210198647243283,0.25360782786778585,0.2518730164610355,0.30832588111951004,0.3256588213566579,0.3059877105806378,0.30903729167402627,0.3163768966547798,0.28807045731322206,0.3471695356536423,0.2962752282514723,0.29265116406557506,0.32127403038832475,0.2787586433894782,0.3325140683778872,0.31847486436204225,0.3136146144029324,0.28989537089322037,0.18481885361879846,0.19305954137436526,0.2297801348661939,0.22037431061542853,0.1820531143438618,0.22169029248419028,0.20457468435838436,0.19062216586046182,0.2139411008488768,0.16488273080154284,0.17686122751064431,0.1857529761525527,0.1542682073341679,0.13405183907553073,0.12682653751593853,0.11882566143329204,0.11281669237180743,0.1011134433160227,0.08088126912788024,0.08822520082589988,0.10088419848935987,0.10569334151574764,0.11149825172544202,0.08530312929357695,0.06533222415891268,0.06934141245146519,0.09324675540805379,0.0995869002171453,0.07701179894636004,0.04547307690483854,0.06962779487223103,0.0488301195616166,0.061661744888013695,0.08093855819806665
