State,Year,Week,week_start,week_start_num,week_end,week_end_num,Sex,A00,A01,A02,A03,A04,A05,A06,A07,A08,A09,A10,A11,A12,A13,A14,A15,A16,A17,A18,A19,A20,A21,A22,A23,A24,A25,A26,A27,A28,A29,A30,A31,A32,A33,A34,A35,A36,A37,A38,A39,A40,A41,A42,A43,A44,A45,A46,A47,A48,A49,A50,A51,A52,A53,A54,A55,A56,A57,A58,A59,A60,A61,A62,A63,A64,A65,A66,A67,A68,A69,A70,A71,A72,A73,A74,A75,A76,A77,A78,A79,A80+
hamburg,2020,1,2019-12-30,2019.9945205479453,2020-01-05,2020.0109289617487,female,-0,-0,-0,-0,-0,-0,-0,-0,-0,-0,-0,-0,-0,-0,-0,-0,-0,-0,-0,-0,-0,-0,-0,-0,-0,-0,-0,-0,-0,-0,-0,-0,-0,-0,-0,-0,-0,-0,-0,-0,-0,-0,-0,-0,-0,-0,-0,-0,-0,-0,-0,-0,-0,-0,-0,-0,-0,-0,-0,-0,-0,-0,-0,-0,-0,-0,-0,-0,-0,-0,-0,-0,-0,-0,-0,-0,-0,-0,-0,-0,-0
hamburg,2020,1,2019-12-30,2019.9945205479453,2020-01-05,2020.0109289617487,male,-0,-0,-0,-0,-0,-0,-0,-0,-0,-0,-0,-0,-0,-0,-0,-0,-0,-0,-0,-0,-0,-0,-0,-0,-0,-0,-0,-0,-0,-0,-0,-0,-0,-0,-0,-0,-0,-0,-0,-0,-0,-0,-0,-0,-0,-0,-0,-0,-0,-0,-0,-0,-0,-0,-0,-0,-0,-0,-0,-0,-0,-0,-0,-0,-0,-0,-0,-0,-0,-0,-0,-0,-0,-0,-0,-0,-0,-0,-0,-0,-0
hamburg,2020,2,2020-01-06,2020.0136612021859,2020-01-12,2020.0300546448088,female,-0,-0,-0,-0,-0,-0,-0,-0,-0,-0,-0,-0,-0,-0,-0,-0,-0,-0,-0,-0,-0,-0,-0,-0,-0,-0,-0,-0,-0,-0,-0,-0,-0,-0,-0,-0,-0,-0,-0,-0,-0,-0,-0,-0,-0,-0,-0,-0,-0,-0,-0,-0,-0,-0,-0,-0,-0,-0,-0,-0,-0,-0,-0,-0,-0,-0,-0,-0,-0,-0,-0,-0,-0,-0,-0,-0,-0,-0,-0,-0,-0
hamburg,2020,2,2020-01-06,2020.0136612021859,2020-01-12,2020.0300546448088,male,-0,-0,-0,-0,-0,-0,-0,-0,-0,-0,-0,-0,-0,-0,-0,-0,-0,-0,-0,-0,-0,-0,-0,-0,-0,-0,-0,-0,-0,-0,-0,-0,-0,-0,-0,-0,-0,-0,-0,-0,-0,-0,-0,-0,-0,-0,-0,-0,-0,-0,-0,-0,-0,-0,-0,-0,-0,-0,-0,-0,-0,-0,-0,-0,-0,-0,-0,-0,-0,-0,-0,-0,-0,-0,-0,-0,-0,-0,-0,-0,-0
hamburg,2020,3,2020-01-13,2020.032786885246,2020-01-19,2020.049180327869,female,-0,-0,-0,-0,-0,-0,-0,-0,-0,-0,-0,-0,-0,-0,-0,-0,-0,-0,-0,-0,-0,-0,-0,-0,-0,-0,-0,-0,-0,-0,-0,-0,-0,-0,-0,-0,-0,-0,-0,-0,-0,-0,-0,-0,-0,-0,-0,-0,-0,-0,-0,-0,-0,-0,-0,-0,-0,-0,-0,-0,-0,-0,-0,-0,-0,-0,-0,-0,-0,-0,-0,-0,-0,-0,-0,-0,-0,-0,-0,-0,-0
hamburg,2020,3,2020-01-13,2020.032786885246,2020-01-19,2020.049180327869,male,-0,-0,-0,-0,-0,-0,-0,-0,-0,-0,-0,-0,-0,-0,-0,-0,-0,-0,-0,-0,-0,-0,-0,-0,-0,-0,-0,-0,-0,-0,-0,-0,-0,-0,-0,-0,-0,-0,-0,-0,-0,-0,-0,-0,-0,-0,-0,-0,-0,-0,-0,-0,-0,-0,-0,-0,-0,-0,-0,-0,-0,-0,-0,-0,-0,-0,-0,-0,-0,-0,-0,-0,-0,-0,-0,-0,-0,-0,-0,-0,-0
hamburg,2020,4,2020-01-20,2020.051912568306,2020-01-26,2020.068306010929,female,-0,-0,-0,-0,-0,-0,-0,-0,-0,-0,-0,-0,-0,-0,-0,-0,-0,-0,-0,-0,-0,-0,-0,-0,-0,-0,-0,-0,-0,-0,-0,-0,-0,-0,-0,-0,-0,-0,-0,-0,-0,-0,-0,-0,-0,-0,-0,-0,-0,-0,-0,-0,-0,-0,-0,-0,-0,-0,-0,-0,-0,-0,-0,-0,-0,-0,-0,-0,-0,-0,-0,-0,-0,-0,-0,-0,-0,-0,-0,-0,-0
hamburg,2020,4,2020-01-20,2020.051912568306,2020-01-26,2020.068306010929,male,-0,-0,-0,-0,-0,-0,-0,-0,-0,-0,-0,-0,-0,-0,-0,-0,-0,-0,-0,-0,-0,-0,-0,-0,-0,-0,-0,-0,-0,-0,-0,-0,-0,-0,-0,-0,-0,-0,-0,-0,-0,-0,-0,-0,-0,-0,-0,-0,-0,-0,-0,-0,-0,-0,-0,-0,-0,-0,-0,-0,-0,-0,-0,-0,-0,-0,-0,-0,-0,-0,-0,-0,-0,-0,-0,-0,-0,-0,-0,-0,-0
hamburg,2020,5,2020-01-27,2020.0710382513662,2020-02-02,2020.0874316939892,female,-0,-0,-0,-0,-0,-0,-0,-0,-0,-0,-0,-0,-0,-0,-0,-0,-0,-0,-0,-0,-0,-0,-0,-0,-0,-0,-0,-0,-0,-0,-0,-0,-0,-0,-0,-0,-0,-0,-0,-0,-0,-0,-0,-0,-0,-0,-0,-0,-0,-0,-0,-0,-0,-0,-0,-0,-0,-0,-0,-0,-0,-0,-0,-0,-0,-0,-0,-0,-0,-0,-0,-0,-0,-0,-0,-0,-0,-0,-0,-0,-0
hamburg,2020,5,2020-01-27,2020.0710382513662,2020-02-02,2020.0874316939892,male,-0,-0,-0,-0,-0,-0,-0,-0,-0,-0,-0,-0,-0,-0,-0,-0,-0,-0,-0,-0,-0,-0,-0,-0,-0,-0,-0,-0,-0,-0,-0,-0,-0,-0,-0,-0,-0,-0,-0,-0,-0,-0,-0,-0,-0,-0,-0,-0,-0,-0,-0,-0,-0,-0,-0,-0,-0,-0,-0,-0,-0,-0,-0,-0,-0,-0,-0,-0,-0,-0,-0,-0,-0,-0,-0,-0,-0,-0,-0,-0,-0
hamburg,2020,6,2020-02-03,2020.0901639344263,2020-02-09,2020.1065573770493,female,-0,-0,-0,-0,-0,-0,-0,-0,-0,-0,-0,-0,-0,-0,-0,-0,-0,-0,-0,-0,-0,-0,-0,-0,-0,-0,-0,-0,-0,-0,-0,-0,-0,-0,-0,-0,-0,-0,-0,-0,-0,-0,-0,-0,-0,-0,-0,-0,-0,-0,-0,-0,-0,-0,-0,-0,-0,-0,-0,-0,-0,-0,-0,-0,-0,-0,-0,-0,-0,-0,-0,-0,-0,-0,-0,-0,-0,-0,-0,-0,-0
hamburg,2020,6,2020-02-03,2020.0901639344263,2020-02-09,2020.1065573770493,male,-0,-0,-0,-0,-0,-0,-0,-0,-0,-0,-0,-0,-0,-0,-0,-0,-0,-0,-0,-0,-0,-0,-0,-0,-0,-0,-0,-0,-0,-0,-0,-0,-0,-0,-0,-0,-0,-0,-0,-0,-0,-0,-0,-0,-0,-0,-0,-0,-0,-0,-0,-0,-0,-0,-0,-0,-0,-0,-0,-0,-0,-0,-0,-0,-0,-0,-0,-0,-0,-0,-0,-0,-0,-0,-0,-0,-0,-0,-0,-0,-0
hamburg,2020,7,2020-02-10,2020.1092896174864,2020-02-16,2020.1256830601094,female,-0,-0,-0,-0,-0,-0,-0,-0,-0,-0,-0,-0,-0,-0,-0,-0,-0,-0,-0,-0,-0,-0,-0,-0,-0,-0,-0,-0,-0,-0,-0,-0,-0,-0,-0,-0,-0,-0,-0,-0,-0,-0,-0,-0,-0,-0,-0,-0,-0,-0,-0,-0,-0,-0,-0,-0,-0,-0,-0,-0,-0,-0,-0,-0,-0,-0,-0,-0,-0,-0,-0,-0,-0,-0,-0,-0,-0,-0,-0,-0,-0
hamburg,2020,7,2020-02-10,2020.1092896174864,2020-02-16,2020.1256830601094,male,-0,-0,-0,-0,-0,-0,-0,-0,-0,-0,-0,-0,-0,-0,-0,-0,-0,-0,-0,-0,-0,-0,-0,-0,-0,-0,-0,-0,-0,-0,-0,-0,-0,-0,-0,-0,-0,-0,-0,-0,-0,-0,-0,-0,-0,-0,-0,-0,-0,-0,-0,-0,-0,-0,-0,-0,-0,-0,-0,-0,-0,-0,-0,-0,-0,-0,-0,-0,-0,-0,-0,-0,-0,-0,-0,-0,-0,-0,-0,-0,-0
hamburg,2020,8,2020-02-17,2020.1284153005465,2020-02-23,2020.1448087431695,female,-0,-0,-0,-0,-0,-0,-0,-0,-0,-0,-0,-0,-0,-0,-0,-0,-0,-0,-0,-0,-0,-0,-0,-0,-0,-0,-0,-0,-0,-0,-0,-0,-0,-0,-0,-0,-0,-0,-0,-0,-0,-0,-0,-0,-0,-0,-0,-0,-0,-0,-0,-0,-0,-0,-0,-0,-0,-0,-0,-0,-0,-0,-0,-0,-0,-0,-0,-0,-0,-0,-0,-0,-0,-0,-0,-0,-0,-0,-0,-0,-0
hamburg,2020,8,2020-02-17,2020.1284153005465,2020-02-23,2020.1448087431695,male,-0,-0,-0,-0,-0,-0,-0,-0,-0,-0,-0,-0,-0,-0,-0,-0,-0,-0,-0,-0,-0,-0,-0,-0,-0,-0,-0,-0,-0,-0,-0,-0,-0,-0,-0,-0,-0,-0,-0,-0,-0,-0,-0,-0,-0,-0,-0,-0,-0,-0,-0,-0,-0,-0,-0,-0,-0,-0,-0,-0,-0,-0,-0,-0,-0,-0,-0,-0,-0,-0,-0,-0,-0,-0,-0,-0,-0,-0,-0,-0,-0
hamburg,2020,9,2020-02-24,2020.1475409836066,2020-03-01,2020.1639344262296,female,-0,-0,-0,-0,-0,-0,-0,-0,-0,-0,-0,-0,-0,-0,-0,-0,-0,-0,-0,-0,-0,-0,-0,-0,-0,-0,-0,-0,-0,-0,-0,-0,-0,-0,-0,-0,-0,-0,-0,-0,-0,-0,-0,-0,-0,-0,0.004529397258114548,-0,-0,-0,-0,-0,-0,-0,-0,-0,-0,-0,-0,-0,-0,-0,-0,-0,-0,-0,-0,-0,0.006120760213804969,-0,-0,-0,-0,-0,-0,-0,-0,-0,-0,-0,-0
hamburg,2020,9,2020-02-24,2020.1475409836066,2020-03-01,2020.1639344262296,male,-0,-0,-0,-0,-0,-0,-0,-0,-0,-0,-0,-0,-0,-0,-0,-0,-0,-0,-0,-0,-0,-0,-0,-0,-0,-0,-0,-0,-0,-0,-0,-0,-0,-0,-0,-0,-0,-0,-0,-0,-0,-0,-0,-0,-0,-0,-0,-0,-0,-0,-0,-0,-0,-0,-0,-0,-0,-0,-0,-0,-0,-0,-0,-0,-0,-0,-0,-0,-0,-0,-0,-0,-0,-0,-0,-0,-0,-0,-0,-0,-0
hamburg,2020,10,2020-03-02,2020.1666666666667,2020-03-08,2020.1830601092897,female,-0,-0,-0,-0,-0,-0,-0,-0,-0,-0,-0,-0,-0,0.006828048271176257,-0,-0,-0,-0,-0,-0,-0,-0,-0,-0,-0,0.003936549000260211,-0,-0,-0,-0,-0,0.0032345005940119563,-0,-0,0.0035049181170700625,-0,-0,-0,-0,-0,-0,-0,-0,-0,-0,-0,0.004529397258114548,-0,0.0044305887457612245,-0,-0,0.003993753362091565,-0,-0,-0,-0,-0,0.003931348606847413,-0,-0,-0,-0,-0,-0,-0,-0,-0,-0,-0,-0,-0,-0,-0,-0,-0,-0,-0,-0,-0,-0,-0
hamburg,2020,10,2020-03-02,2020.1666666666667,2020-03-08,2020.1830601092897,male,-0,-0,-0,-0,-0,-0,-0,-0,-0,-0,-0,-0,-0,-0,-0,-0,-0,-0,-0,-0,-0,-0,-0,-0,-0,-0,-0,-0,-0,-0,-0,0.003260502217811224,-0,0.0033437075013491397,-0,-0,-0,-0,0.007467736196293589,-0,0.003801338940633584,-0,-0,0.004191368914435681,-0,-0,-0,-0,-0,-0,-0,-0,0.0035985245103836694,0.003608925231153918,-0,-0,-0,-0,-0,0.004524196805412104,-0,-0,-0,-0,-0,-0,0.006718834046028912,0.007197298064514397,-0,-0,-0,-0,-0,-0,-0,0.01001096358616428,-0,-0,-0,0.007732974960938583,-0
hamburg,2020,11,2020-03-09,2020.1857923497269,2020-03-15,2020.2021857923498,female,0.00542908340308526,0.005314671584346822,-0,-0,-0,-0,-0,-0,0.006339186381260658,0.013287697575658008,-0,0.0067968441834456396,-0,-0,0.006937262725709608,-0,0.00686445306387115,0.02092901119952365,0.013417730961730804,0.018432066355112433,0.005553896583354971,0.005210661058478578,0.0047218143736140646,0.008466289174640396,0.0161589104167443,0.019675321821815844,0.01109278308737655,0.017672602745281225,0.013953471941975461,0.010052571612347957,0.009470062275339882,0.009704105421198058,0.012803976234156533,0.006776041468690766,0.0035049181170700625,0.007145290892723908,0.025725562456160974,-0,0.014905336036696496,0.010936750039578199,0.007441732468655598,0.007998215078505908,0.024877549940455535,0.0042433731319792235,0.008419481575428201,0.008996778243757634,0.01811475486771989,0.00906959089131662,0.035470895176640545,0.025127269980875076,0.024726677997167823,0.019961430843658905,0.01496255246639305,0.007420929495915969,0.01106677754689829,0.007592554269948531,0.007545747457218475,0.003931348606847413,-0,0.004352582158105526,0.004544998619330876,0.00952727272483302,0.014967753963120995,-0,0.010962755515028915,-0,0.01187295534942598,-0,-0,-0,-0,-0,-0,-0,-0,-0,-0,-0,-0,-0,7.436053167918634e-4
hamburg,2020,11,2020-03-09,2020.1857923497269,2020-03-15,2020.2021857923498,male,-0,0.005106650740657798,-0,-0,0.005195059497544844,0.005434283946279259,-0,-0,-0,0.006339186381260658,-0,0.012538711602429472,0.018504892215577586,-0,0.0126687431155676,-0,0.00642759723369247,0.012824781360540272,0.03226040498597997,0.018041929553644385,0.015784395403182796,0.019935420867528926,0.0092880294457223,0.008388276532692397,0.01635137057016812,0.008091829560669015,0.007597755029522502,0.0036505281350378074,0.007108885903421963,0.006776041468690766,0.025486244639998552,0.019555676697656663,-0,0.023415671263178877,0.0034477142929898856,0.03612134278216725,0.010895141305903801,0.014993761454582546,0.014936544990546254,0.003816940083414855,-0,0.008102231180201475,0.012257844643743538,0.012575120393330197,0.00427977611520186,0.00883034971790915,0.013251288285829547,0.013823437216201025,0.022005855667115312,0.008268657375683799,0.008071026327846035,0.02319197103429321,0.025205307739443926,0.018036727749395545,0.014400793881940366,0.02250006711548699,0.01857251632018874,-0,0.0127935736740862,0.004524196805412104,0.004633406421319078,0.014832515217222104,-0,0.005600701603197585,-0,0.0063339857475604045,-0,0.007197298064514397,-0,-0,0.007264907465600685,-0,-0,-0,-0,0.03003867450234462,0.008024219084426654,0.00810743199074506,-0,-0,0.004867427799176182
hamburg,2020,12,2020-03-16,2020.204918032787,2020-03-22,2020.22131147541,female,-0,0.005314671584346822,-0,-0,0.0053302731811678185,0.005699512338984012,-0,0.0061415626664147295,0.012673944382853637,0.006646024690024559,0.01960769628302628,0.013589375529244961,-0,-0,0.01388065245547877,0.020752140327365692,0.048070211859561424,0.02791068910778323,0.020127894998943505,0.055310605564410184,0.07227820884477448,0.02083537360402634,0.03307211473972203,0.029638044681042794,0.020195521214244932,0.03936329498163858,0.05919407894031788,0.03888453490618025,0.020934213293103472,0.033514397823016205,0.03156838039428185,0.04530132706168568,0.03842659461074213,0.030501743985632348,0.02805116467661672,0.02143881884417873,0.029398708857967443,0.018489286665460354,0.022359606541863378,0.03282235654288404,0.018608929336019413,0.0440054147152564,0.041465728362415195,0.029726495155305607,0.03369131210964485,0.02699500581011762,0.03170366267296771,0.022676943933088355,0.044343701971882615,0.02093941538720949,0.037094427590631564,0.03593401303758634,0.03366529526503517,0.0185621126060625,0.02213070864223053,0.0189834646930983,0.041512565717546246,0.019649311988794837,0.025257332976888112,0.02175615061619851,0.036355505911910044,0.01428636232171272,0.009979757588370606,0.0261521752079434,0.0328952025597092,0.01170651761799311,0.017807848877735198,0.006162365127346456,0.030621414297924948,0.0247735002775484,-0,0.01213301537128127,0.006339186381260658,0.006729235390917331,0.014536031505045306,0.040378072758094935,-0,0.0065212088883461914,0.006838449637916147,0.01210180809998616,0.003723333296920117
hamburg,2020,12,2020-03-16,2020.204918032787,2020-03-22,2020.22131147541,male,0.010114983714056279,0.005106650740657798,0.0050806481937046895,-0,-0,0.005434283946279259,-0,0.005865930844721004,0.00597514327855689,0.006339186381260658,0.012465894097099084,0.012538711602429472,0.02467465329063319,0.01877538916167991,0.0063339857475604045,0.025538270158516882,0.03215634054928352,0.0384890407771948,0.03871280682278704,0.04813266960799165,0.052635029921646904,0.024919169863908314,0.01857251632018874,0.029357085349008386,0.040882867027663215,0.028326914119026943,0.026589196777882945,0.04015950356368071,0.04266790049896971,0.04066949977974817,0.05099019182725639,0.032593412582920846,0.054795260251763026,0.02676608750513643,0.031016848592746348,0.025283345615132038,0.036324284100357374,0.007493739936929543,0.04482251231234999,0.019077098953877037,0.041814407462603606,0.040528990118982186,0.03677700220273344,0.037734487954054215,0.034237668853286905,0.061838754963570844,0.05303063165520905,0.05070391203169792,0.03961828856001279,0.016533428127661683,0.04843454978298581,0.061869992098277496,0.03241129878911425,0.050511324692360714,0.028810779882300387,0.041257562850015805,0.029716089209353567,0.06267175164411774,0.0469199617386654,0.031672443654340666,0.03245292474289763,0.05935025685820077,0.02632906444856477,0.02800954224628782,0.023878681770913925,0.031682849991800474,0.020159107087386257,0.036001659811947535,0.02138159528810311,0.022307584203469774,0.007264907465600685,0.021891407369930563,0.014926142003848475,0.015555526444964511,0.008700327802714423,0.01001096358616428,0.016049676592490326,0.00810743199074506,-0,0.023197173354265063,0.008523498519785691
hamburg,2020,13,2020-03-23,2020.224043715847,2020-03-29,2020.24043715847,female,0.010863934777497159,0.005314671584346822,-0,-0,0.010661092799352354,-0,-0,-0,-0,0.006646024690024559,0.01960769628302628,0.013589375529244961,0.006573215435966263,0.006828048271176257,0.020819767354506157,0.013833839982296826,0.01372981241499424,0.03488810103295564,0.02683892503831361,0.03686546482099745,0.038905350469977895,0.026048122994539687,0.023618563000681193,0.055050329515630596,0.028280088638943494,0.027551697711517227,0.022193135242206584,0.028274885810422732,0.020934213293103472,0.030163546765921426,0.04104419406464036,0.02264573033332204,0.012803976234156533,0.04745084324819709,0.02805116467661672,0.04288648023708342,0.029398708857967443,0.04069031605807264,0.026089743854916102,0.03646998604800865,0.022333595366163878,0.03200024428471833,0.03317097769070606,0.0424701386704653,0.03369131210964485,0.08102709597612967,0.03623582240274669,0.040825622070337214,0.057653148629555444,0.033503991119017196,0.061838754963570844,0.03193780591009149,0.03741185491621222,0.04826799498695923,0.04427083991527267,0.0189834646930983,0.01886382116080424,0.039306051697124464,0.008419481575428201,0.02175615061619851,0.05454019223904948,0.023816253147388236,0.029939817506343593,0.0261521752079434,0.01644500009155316,0.02341046892134744,0.017807848877735198,0.018489286665460354,0.018369644270182756,0.012387875454545077,0.018041929553644385,0.024274064793716903,0.012679145650665703,0.020190319194557754,0.029076127535001273,0.048455369169999596,0.03275991718110858,0.013048436994883204,0.041054602277761636,0.018151167563010037,0.024586211408980454
hamburg,2020,13,2020-03-23,2020.224043715847,2020-03-29,2020.24043715847,male,0.01517061274145522,0.005106650740657798,-0,-0,0.005195059497544844,-0,0.005642306100639183,0.01173252347841739,-0,0.006339186381260658,0.012465894097099084,0.012538711602429472,0.018504892215577586,0.06261448269516212,0.0126687431155676,0.025538270158516882,0.03215634054928352,0.012824781360540272,0.05808002339967788,0.030075095548244155,0.0368394463882409,0.02990339655519328,0.06504065888593533,0.025163687586970677,0.04497344257271275,0.05666926768873399,0.037994677345914794,0.04746125274373922,0.024887954918197185,0.03388904055404248,0.019113512323043688,0.026074136028373922,0.02900328686806059,0.04350059013253707,0.010338627693648754,0.014447606865519824,0.02542381408648386,0.03373814246273667,0.03361326161487789,0.04579575996241541,0.030408089150729574,0.056747352797597767,0.028602665023709443,0.037734487954054215,0.03852026388854272,0.04416154702177755,0.04860630997513122,0.04148134080943615,0.04402102792481568,0.07030991208114515,0.06458769465103469,0.054128962771555586,0.04321435156700434,0.03968594012741911,0.03601206701581435,0.041257562850015805,0.01857251632018874,0.03524193955550368,0.04265228769568704,0.04072674456520484,0.051005807134158546,0.04450503974627693,0.015794798561581988,0.039217584926829904,0.02985136666922528,0.02534577599999638,0.04033123642481093,0.043209147244036204,0.028509013609085872,0.022307584203469774,0.029060518812068902,0.02919059164635338,0.0298565696554765,0.03889494268703751,0.017402111535642723,0.03003867450234462,0.048163898510341675,0.04056021445523075,0.025751575328628776,0.04640990421706133,0.031656834152052817
hamburg,2020,14,2020-03-30,2020.2431693989072,2020-04-05,2020.25956284153,female,-0,0.005314671584346822,0.00537187746224954,-0,0.0053302731811678185,-0,0.005871131431604497,0.0061415626664147295,0.006339186381260658,-0,0.01960769628302628,0.013589375529244961,0.006573215435966263,0.006828048271176257,-0,0.020752140327365692,0.01372981241499424,0.006973667594864792,0.020127894998943505,0.03072027258971668,0.03334789080895334,0.031261394990446154,0.023618563000681193,0.02116830804295771,0.024237647810652917,0.031485129936182556,0.025892045064830553,0.017672602745281225,0.024424935423798158,0.016751898038033827,0.022094293160190178,0.01941002213545338,0.019207146817994344,0.0135529660281875,0.021038255274045806,0.03216154376616962,0.01837484610772913,0.014790903366165726,0.022359606541863378,0.051063063299592794,0.06702437632279096,0.01999784483209072,0.02073133202901571,0.012736359630900538,0.037901009014864574,0.04049776580148282,0.01811475486771989,0.040825622070337214,0.013298100234577928,0.016751898038033827,0.0494651194460162,0.027947108663261708,0.01496255246639305,0.03712564986460271,0.025819208857950006,0.030376870909910564,0.041512565717546246,0.011789736417122243,0.025257332976888112,0.004352582158105526,0.04999602694049271,0.01428636232171272,0.04990754198165981,0.015690767071246836,0.010962755515028915,0.035122258609295104,0.023748622223149062,0.012325460624785496,0.018369644270182756,0.030970020690342243,0.02405556327791183,0.024274064793716903,0.02536658614494264,0.02692216805830875,0.007264907465600685,0.03229682758802961,0.05242681969177731,0.039149933968746664,0.06844061984707421,0.0363138768340037,0.0409817448296617
hamburg,2020,14,2020-03-30,2020.2431693989072,2020-04-05,2020.25956284153,male,0.010114983714056279,0.010213803028291233,-0,0.005085848702057417,-0,0.005434283946279259,0.005642306100639183,-0,-0,0.006339186381260658,0.024934777343796385,-0,0.006167565743876809,0.012517906590501499,0.0063339857475604045,0.019155127633317535,-0,0.012824781360540272,0.025808803693866775,0.02406076568428216,0.04210584253412989,0.03488810103295564,0.037156872157314835,0.03774489550473253,0.03270268116534689,0.024279267221947544,0.04179359073428013,0.021901811750174947,0.03200024428471833,0.023722610352628317,0.019113512323043688,0.03585595917652014,0.02900328686806059,0.020070672885458985,0.01723045438239712,0.028894026058956992,0.029060518812068902,0.018744177903784062,0.026141769977233623,0.015259038610442869,0.022801798519511415,0.028363333966020723,0.03677700220273344,0.016767503066751895,0.02995542649321534,0.05299939982998402,0.022089090950548597,0.013823437216201025,0.04402102792481568,0.028940852091888458,0.032281217898311385,0.027057438250009416,0.025205307739443926,0.032468534484154224,0.018005516934847407,0.018749379778797173,0.02600129956643897,0.019576484525562116,0.04265228769568704,0.018093947624718002,0.055643760807845416,0.024721475524169246,0.0368602611334012,0.02800954224628782,0.023878681770913925,0.031682849991800474,0.020159107087386257,0.036001659811947535,0.035637408988830326,0.022307584203469774,0.0435994729122561,0.04379723903580002,0.0298565696554765,0.015555526444964511,0.04351620319052145,0.08013651695902932,0.048163898510341675,0.016221329847915026,0.03434173745530661,0.04640990421706133,0.046274583673522954
hamburg,2020,15,2020-04-06,2020.2622950819673,2020-04-12,2020.27868852459,female,0.00542908340308526,0.005314671584346822,-0,0.005418682318251812,0.0053302731811678185,-0,0.005871131431604497,-0,-0,-0,0.02614697259232536,-0,0.006573215435966263,0.006828048271176257,-0,-0,0.01372981241499424,0.006973667594864792,0.033550821303411006,0.03686546482099745,0.027785822254071876,0.02083537360402634,0.01889503249051205,0.046576453061768774,0.012117411733295511,0.015742782790398663,0.018489286665460354,0.03534601016741689,0.02791589189985886,0.013402126938235783,0.025252130450804308,0.03559057692525954,0.028815982764439984,0.023722610352628317,0.014026291530446865,0.010718304559228361,0.029398708857967443,0.025892045064830553,0.04100256123298812,-0,0.01488453007786929,0.015997660566351175,0.037318187635001415,0.033972294860823427,0.012632334259115106,0.017995113334160907,0.02264573033332204,0.03628785867722936,0.03103766100735226,0.02093941538720949,0.037094427590631564,0.03992532330342692,0.029924208524151456,0.0185621126060625,0.029507970727501363,0.053171175100878106,0.022640528068518795,0.011789736417122243,0.004206970174240745,0.013053638300148022,0.018171974828907887,0.01428636232171272,0.014967753963120995,-0,0.01644500009155316,0.02341046892134744,0.0059335385148102425,0.018489286665460354,0.006120760213804969,0.0247735002775484,0.018041929553644385,0.03641274594845814,0.03170886584455822,0.020190319194557754,0.014536031505045306,-0,0.04586862415577186,0.01957128256780228,0.041054602277761636,0.01210180809998616,0.06483760546511605
hamburg,2020,15,2020-04-06,2020.2622950819673,2020-04-12,2020.27868852459,male,0.01517061274145522,0.005106650740657798,0.010161792839493746,-0,0.005195059497544844,0.005434283946279259,0.005642306100639183,-0,0.00597514327855689,-0,-0,0.006266377556829031,-0,-0,0.0063339857475604045,0.012767567283017733,0.019290377621711437,0.01924356027822808,0.019352800811928403,0.012028991206470531,0.005262666295407436,0.019935420867528926,0.01857251632018874,0.029357085349008386,0.03679261324207747,0.016184918503956883,0.026589196777882945,0.021901811750174947,0.03200024428471833,0.027109465340516947,0.015930039810160994,0.009776919059188786,0.02900328686806059,0.010036968598628295,0.010338627693648754,0.01805753496950152,0.007264907465600685,0.022489662615540466,0.02987738160569892,0.015259038610442869,0.007597755029522502,0.008102231180201475,0.016340967300420138,0.008383075694054132,0.02567873931850904,0.013246086960794733,0.022089090950548597,0.004607404111015946,0.022005855667115312,0.028940852091888458,0.008071026327846035,0.0077277741878464005,0.018000315134246866,0.032468534484154224,0.021605287729002425,0.018749379778797173,0.011139593093019493,0.007831789748571537,0.025585093169684187,0.045254486293824905,0.03245292474289763,0.009886139707352614,0.02632906444856477,0.016803914818648753,0.017911884603606484,0.0126687431155676,0.013438536333678437,0.014400793881940366,0.014249952332634055,0.022307584203469774,-0,0.021891407369930563,0.03732339136842299,0.031115707636310098,0.07836061252278431,0.020023854839438908,0.02407637290652759,0.03244251825132789,0.042928114577088256,0.023197173354265063,0.046274583673522954
hamburg,2020,16,2020-04-13,2020.2814207650274,2020-04-19,2020.2978142076502,female,-0,-0,-0,-0,-0,-0,-0,0.0061415626664147295,-0,0.006646024690024559,-0,0.0067968441834456396,-0,-0,-0,0.0069164599547856965,-0,-0,0.0067084327032152545,0.018432066355112433,0.027785822254071876,0.005210661058478578,0.0047218143736140646,0.016933956997830492,0.020195521214244932,0.00786819524397923,0.018489286665460354,0.014135521104354294,0.010463452658639629,0.026807708940176676,0.015784395403182796,0.012939209704444394,-0,0.010166993856035466,0.014026291530446865,0.0142915637508084,0.01102516870917996,0.014790903366165726,0.011181202022291139,0.010936750039578199,0.01116559866991332,0.015997660566351175,0.00414456516311655,0.02547583954254101,0.02526773803062301,0.013495751149453748,0.01811475486771989,0.00906959089131662,0.017729822219928186,0.025127269980875076,0.004118563097248782,0.019961430843658905,0.007478137690988677,0.011134391979197931,0.007374122837664597,0.01518621729564192,0.015092590040751079,0.007857793671261137,0.004206970174240745,0.017407313276408307,-0,0.004763418167881299,0.004987039132350607,0.01045825161244615,0.005481088858459028,-0,0.01187295534942598,-0,0.006120760213804969,-0,0.012023790003689352,0.006068754118689121,0.006339186381260658,0.013459341713950376,-0,0.024222040540008326,0.026204201392723697,0.04568125929342967,0.034206448313292746,0.03025720116039645,0.049923156963451655
hamburg,2020,16,2020-04-13,2020.2814207650274,2020-04-19,2020.2978142076502,male,0.005054645659759895,-0,-0,0.005085848702057417,-0,-0,0.005642306100639183,-0,-0,0.006339186381260658,-0,0.006266377556829031,-0,0.006255976304517954,-0,-0,-0,-0,0.006448399809051898,0.018041929553644385,0.015784395403182796,0.004981838633879792,0.004643807349082134,0.029357085349008386,0.01635137057016812,0.008091829560669015,0.007597755029522502,-0,0.010666293865828298,0.016944360386214385,0.009558478451078909,0.01303283308219876,0.009667698640431205,0.010036968598628295,0.020674109251490356,0.003608925231153918,0.02542381408648386,-0,0.011202006499415215,0.007628959597872207,-0,0.012153820229216194,0.00816984175787542,0.008383075694054132,0.008559904499466014,0.013246086960794733,0.004414987418870811,0.004607404111015946,0.022005855667115312,0.028940852091888458,0.008071026327846035,0.0077277741878464005,0.018000315134246866,0.014426801089835895,0.018005516934847407,0.02250006711548699,0.01857251632018874,0.019576484525562116,0.0127935736740862,-0,0.013906659403238498,0.014832515217222104,0.015794798561581988,0.005600701603197585,0.011940570829995095,0.0063339857475604045,-0,0.014400793881940366,0.007124488038577494,0.022307584203469774,0.01453083005150185,0.007296111834213189,0.007462535449723384,0.015555526444964511,0.017402111535642723,-0,-0,0.00810743199074506,0.01716803373988884,0.023197173354265063,0.028004339444842118
hamburg,2020,17,2020-04-20,2020.3005464480875,2020-04-26,2020.3169398907103,female,-0,-0,-0,-0,-0,-0,-0,-0,-0,-0,-0,-0,-0,0.006828048271176257,-0,-0,-0,0.013953471941975461,0.0067084327032152545,-0,0.016668671297279614,0.005210661058478578,0.0047218143736140646,0.012699950727104952,0.012117411733295511,0.00786819524397923,0.007394925791684666,0.0035361202294481955,0.00348931706789617,0.013402126938235783,0.006313183217977983,0.00646920239273339,0.019207146817994344,0.010166993856035466,0.010520664201067077,0.0035725227175621927,0.007348119156845715,0.01109278308737655,-0,0.00364532777022918,0.003723333296920117,-0,0.00828946068757165,0.016985973960557763,0.012632334259115106,-0,0.01811475486771989,0.013604979608929159,-0,-0,0.01236186926637474,0.0079826126812,0.007478137690988677,0.00371293255327242,-0,0.007592554269948531,0.007545747457218475,0.011789736417122243,0.008419481575428201,0.004352582158105526,-0,0.01428636232171272,0.009979757588370606,0.005231463147008865,-0,0.0058503290871796815,0.0059335385148102425,0.012325460624785496,0.012247442192931599,0.018577718178029532,0.018041929553644385,0.01213301537128127,0.006339186381260658,-0,0.007264907465600685,0.008071026327846035,0.026204201392723697,-0,0.02736439883644126,0.018151167563010037,0.03725053914794925
hamburg,2020,17,2020-04-20,2020.3005464480875,2020-04-26,2020.3169398907103,male,0.005054645659759895,0.005106650740657798,-0,-0,-0,-0,-0,-0,0.00597514327855689,-0,-0,0.006266377556829031,0.006167565743876809,-0,-0,-0,-0,0.0064119953076371364,-0,0.012028991206470531,0.010520664201067077,0.009964154596493578,0.004643807349082134,0.008388276532692397,0.008175042575181122,0.008091829560669015,0.022791393959198103,0.018250002150173802,-0,0.003390510531843826,-0,0.01303283308219876,0.016112095892539705,0.0033437075013491397,0.0068904565028238135,0.010832728267824117,0.003629726678935282,0.007493739936929543,-0,0.011446459729104798,-0,0.004050957786852583,0.00816984175787542,0.012575120393330197,0.00427977611520186,0.00883034971790915,0.013251288285829547,-0,0.004399386096655418,0.004134164335210349,0.008071026327846035,0.003863743539848575,0.0035985245103836694,0.010822326102092914,0.007202498784557124,-0,0.011139593093019493,0.011742925826227591,0.008528699372468524,0.004524196805412104,-0,0.009886139707352614,0.005262666295407436,-0,0.005969942681265255,0.0063339857475604045,0.006718834046028912,0.007197298064514397,0.007124488038577494,0.00743653172469191,0.007264907465600685,-0,-0,0.015555526444964511,0.017402111535642723,-0,0.008024219084426654,-0,0.025751575328628776,-0,0.023134745548924536
hamburg,2020,18,2020-04-27,2020.3196721311476,2020-05-03,2020.3360655737704,female,-0,0.010635087474764283,-0,-0,-0,-0,-0,-0,-0,-0,-0,-0,-0,-0,-0,0.0069164599547856965,-0,-0,-0,-0,-0,0.02083537360402634,-0,0.008466289174640396,0.012117411733295511,0.003936549000260211,0.0036973314416898846,0.0035361202294481955,0.0069788682925356485,0.003348907835987936,0.0031564958006180316,0.012939209704444394,-0,-0,0.0035049181170700625,0.0035725227175621927,-0,0.018489286665460354,-0,0.010936750039578199,0.003723333296920117,0.007998215078505908,-0,0.0042433731319792235,0.008419481575428201,0.008996778243757634,-0,0.00906959089131662,-0,-0,0.004118563097248782,0.003993753362091565,0.003738934416303768,-0,-0,0.011389247168088262,-0,0.003931348606847413,0.004206970174240745,-0,0.004544998619330876,0.00952727272483302,-0,-0,-0,-0,-0,-0,-0,-0,-0,-0,-0,-0,-0,-0,0.013100450070966259,0.0065212088883461914,0.013683000077598486,0.006047951695206187,0.01191976605737966
hamburg,2020,18,2020-04-27,2020.3196721311476,2020-05-03,2020.3360655737704,male,-0,-0,-0,-0,-0,-0,0.005642306100639183,-0,-0,-0,-0,-0,-0,-0,-0,-0,-0,0.0064119953076371364,-0,0.012028991206470531,0.015784395403182796,0.01494694797932523,0.023217982639368674,-0,0.004087360635379416,0.012138216584987522,0.003796138560742797,0.010947152228198982,-0,-0,0.003187697703935032,-0,0.003224099948131548,-0,-0,0.003608925231153918,-0,-0,-0,0.007628959597872207,-0,0.012153820229216194,-0,-0,-0,0.004414987418870811,-0,0.004607404111015946,-0,0.008268657375683799,-0,0.003863743539848575,0.0035985245103836694,-0,-0,0.003749335165157985,-0,0.011742925826227591,0.004264174833559011,0.004524196805412104,0.009272426661402104,-0,-0,-0,0.005969942681265255,-0,-0,-0,-0,-0,-0,0.007296111834213189,0.007462535449723384,-0,-0,0.01001096358616428,-0,-0,0.025751575328628776,0.007732974960938583,0.010957554418900645
hamburg,2020,19,2020-05-04,2020.3387978142077,2020-05-10,2020.3551912568305,female,-0,-0,-0,-0,-0,-0,-0,-0,-0,-0,0.006536810847169685,-0,-0,-0,-0,0.0069164599547856965,-0,0.006973667594864792,-0,-0,-0,-0,-0,-0,0.00404055697766933,-0,0.01109278308737655,0.0070672802325678265,0.00348931706789617,-0,0.0031564958006180316,0.00646920239273339,0.006401594026198965,-0,0.007010072489501038,-0,-0,-0,0.0037285336695298504,-0,0.003723333296920117,0.003998953761745314,0.00414456516311655,-0,-0,-0,0.009053988172539539,-0,-0,0.004186168495544676,0.008242653247524817,0.003993753362091565,0.003738934416303768,-0,0.007374122837664597,0.003796138560742797,0.0037701366691073185,-0,0.008419481575428201,0.004352582158105526,-0,-0,0.004987039132350607,-0,-0,0.0058503290871796815,0.0059335385148102425,-0,0.006120760213804969,-0,-0,0.006068754118689121,-0,0.006729235390917331,-0,-0,-0,-0,0.0205232495034856,0.006047951695206187,0.007446933213145208
hamburg,2020,19,2020-05-04,2020.3387978142077,2020-05-10,2020.3551912568305,male,-0,-0,-0,-0,-0,-0,-0,-0,-0,-0,-0,-0,-0,0.006255976304517954,-0,-0,-0,-0,-0,-0,-0,-0,0.004643807349082134,-0,-0,0.004045757382003803,-0,-0,-0,0.010166993856035466,0.003187697703935032,0.003260502217811224,-0,0.0033437075013491397,-0,0.003608925231153918,0.007264907465600685,-0,0.0037337340426538855,-0,-0,-0,-0,-0,-0,0.004414987418870811,0.004414987418870811,-0,-0,-0,0.004035356573860712,0.0077277741878464005,0.010801521776873102,-0,0.0035985245103836694,0.003749335165157985,0.00371293255327242,-0,-0,0.004524196805412104,0.004633406421319078,0.0049454351591699695,0.010531066306453505,-0,-0,0.0126687431155676,-0,-0,-0,-0,-0,-0,-0,-0,-0,0.020023854839438908,-0,0.00810743199074506,-0,0.007732974960938583,0.0036505281350378074
hamburg,2020,20,2020-05-11,2020.3579234972678,2020-05-17,2020.3743169398906,female,-0,-0,-0,-0,0.0053302731811678185,-0,-0,-0,-0,-0,-0,-0,-0,-0,-0,-0,-0,0.006973667594864792,-0,-0,-0,-0,-0,0.004232972284309839,-0,-0,-0,0.0070672802325678265,-0,-0,-0,0.0032345005940119563,-0,0.003390510531843826,-0,-0,-0,-0,-0,-0,-0,0.003998953761745314,0.00414456516311655,-0,-0,-0,-0,-0,0.008866755912421307,0.004186168495544676,-0,-0,0.003738934416303768,0.00371293255327242,-0,0.011389247168088262,-0,-0,-0,-0,0.004544998619330876,-0,-0,0.005231463147008865,-0,-0,-0,-0,-0,-0,-0,-0,-0,-0,-0,-0,-0,-0,0.006838449637916147,-0,0.003723333296920117
hamburg,2020,20,2020-05-11,2020.3579234972678,2020-05-17,2020.3743169398906,male,-0,-0,-0,-0,-0,-0,-0,-0,-0,-0,-0,-0,-0,-0,0.0063339857475604045,0.00638599210793978,-0,-0,-0,-0,-0,-0,0.004643807349082134,0.004191368914435681,-0,-0,-0,-0,-0,0.003390510531843826,0.003187697703935032,-0,0.003224099948131548,-0,0.0034477142929898856,-0,-0,-0,0.0037337340426538855,-0,0.003801338940633584,-0,-0,-0,-0,-0,-0,0.004607404111015946,-0,-0,0.008071026327846035,0.003863743539848575,-0,-0,-0,-0,-0,-0,0.008528699372468524,-0,0.004633406421319078,-0,-0,-0,0.005969942681265255,0.0063339857475604045,-0,-0,-0,-0,-0,-0,-0,-0,-0,-0,-0,0.00810743199074506,-0,-0,-0
hamburg,2020,21,2020-05-18,2020.377049180328,2020-05-24,2020.3934426229507,female,0.010863934777497159,-0,-0,-0,-0,-0,-0,-0,-0,-0,-0,-0,-0,-0,-0,-0,-0,-0,-0,-0,0.011113587529125463,-0,-0,-0,-0,0.00786819524397923,-0,-0,-0,0.003348907835987936,-0,-0,-0,-0,-0,-0,-0,-0,-0,-0,-0,-0,-0,-0,-0,-0,-0,-0,-0,-0,-0,-0,-0,-0,-0,-0,-0,-0,-0,-0,-0,0.004763418167881299,0.004987039132350607,-0,-0,-0,-0,-0,-0,-0,-0,-0,0.006339186381260658,-0,0.007264907465600685,-0,-0,0.0065212088883461914,-0,0.006047951695206187,0.0022360480753789583
hamburg,2020,21,2020-05-18,2020.377049180328,2020-05-24,2020.3934426229507,male,-0,0.005106650740657798,-0,-0,-0,-0,-0,-0,-0,-0,-0,-0,-0,-0,-0,-0,-0,-0,-0,-0,-0,-0,-0,-0,-0,-0,0.003796138560742797,-0,-0,-0,0.003187697703935032,-0,-0,0.0033437075013491397,-0,-0,-0,-0,-0,-0,-0,-0,-0,-0,-0,-0,-0,-0,0.004399386096655418,-0,-0,-0,-0,-0,-0,-0,0.00371293255327242,-0,-0,-0,-0,-0,-0,-0,-0,-0,-0,-0,-0,-0,-0,-0,-0,-0,-0,-0,-0,-0,0.008580707927871615,0.007732974960938583,0.001216814236782445
hamburg,2020,22,2020-05-25,2020.396174863388,2020-05-31,2020.4125683060108,female,-0,-0,-0,-0,-0,-0,-0,-0,-0,-0,-0,-0,-0,-0,0.006937262725709608,-0,-0,-0,-0,-0,-0,-0,-0,-0,-0,0.003936549000260211,-0,-0,-0,-0,-0,-0,0.003203298662611505,-0,-0,-0,-0,0.0036973314416898846,-0,-0,-0,-0,-0,0.0042433731319792235,-0,-0,-0,-0,-0,0.004186168495544676,0.004118563097248782,-0,-0,-0,0.0036869307032371557,0.003796138560742797,-0,-0,-0,-0,-0,-0,-0,-0,-0,-0,-0,-0,-0,-0,-0,-0,-0,-0,-0,-0,-0,-0,-0,-0,-0
hamburg,2020,22,2020-05-25,2020.396174863388,2020-05-31,2020.4125683060108,male,-0,0.005106650740657798,-0,-0,-0,-0,-0,0.005865930844721004,-0,-0,-0,-0,-0,-0,-0,-0,-0,-0,-0,-0,-0,-0,-0,-0,-0,-0,-0,-0,-0,0.003390510531843826,-0,-0,-0,-0,-0,-0,-0,-0,-0,-0,0.003801338940633584,-0,-0,-0,-0,-0,0.004414987418870811,-0,-0,-0,-0,0.003863743539848575,-0,-0,-0,-0,-0,-0,-0,-0,-0,-0,-0,-0,-0,-0,-0,-0,-0,-0,-0,0.007296111834213189,-0,-0,-0,-0,-0,-0,0.008580707927871615,-0,-0
hamburg,2020,23,2020-06-01,2020.4153005464482,2020-06-07,2020.431693989071,female,-0,-0,-0,-0,-0,-0,-0,-0,-0,-0,-0,-0,-0,-0,-0,-0,-0,-0,-0,-0,0.005553896583354971,0.005210661058478578,-0,-0,-0,-0,-0,-0,-0,-0,-0,-0,-0,-0,-0,-0,0.003676529966864721,-0,-0,-0,0.003723333296920117,-0,-0,-0,-0,0.004498194549718561,0.004529397258114548,-0,-0,0.004186168495544676,-0,-0,-0,0.00371293255327242,-0,-0,-0,-0,-0,-0,-0,-0,-0,0.005231463147008865,-0,-0,-0,-0,0.006120760213804969,-0,0.006011547474138592,-0,-0,-0,-0,-0,-0,-0,-0,-0,7.436053167918634e-4
hamburg,2020,23,2020-06-01,2020.4153005464482,2020-06-07,2020.431693989071,male,-0,0.005106650740657798,-0,-0,-0,-0,-0,-0,-0,-0,-0,0.006266377556829031,-0,-0,-0,-0,-0,0.0064119953076371364,-0,-0,-0,-0,-0,0.004191368914435681,-0,-0,-0,-0,-0,0.003390510531843826,-0,-0,-0,-0,0.0034477142929898856,0.003608925231153918,-0,-0,0.007467736196293589,-0,-0,0.004050957786852583,0.004087360635379416,-0,-0,-0,0.004414987418870811,-0,-0,-0,-0,-0,-0,-0,-0,-0,-0,-0,-0,-0,0.004633406421319078,-0,-0,-0,0.005969942681265255,0.0063339857475604045,-0,-0,-0,-0,-0,-0,-0,-0,-0,-0,-0,-0,-0,-0,-0
hamburg,2020,24,2020-06-08,2020.4344262295083,2020-06-14,2020.450819672131,female,-0,-0,-0,-0,-0,-0,-0,-0,-0,-0,-0,-0,0.006573215435966263,-0,-0,0.0069164599547856965,-0,-0,-0,-0,-0,-0,-0,-0,-0,-0,-0,-0,0.00348931706789617,-0,-0,-0,-0,-0,-0,0.0035725227175621927,-0,-0,0.0037285336695298504,-0,0.003723333296920117,-0,-0,-0,-0,-0,0.004529397258114548,-0,-0,-0,-0,-0,-0,-0,0.0036869307032371557,-0,-0,-0,-0,-0,-0,-0,-0,-0,-0,-0,-0,0.006162365127346456,-0,-0,-0,-0,-0,-0,-0,-0,-0,-0,-0,-0,-0
hamburg,2020,24,2020-06-08,2020.4344262295083,2020-06-14,2020.450819672131,male,0.005054645659759895,-0,-0,-0,-0,0.005434283946279259,0.005642306100639183,0.005865930844721004,0.00597514327855689,-0,-0,-0,0.006167565743876809,-0,-0,-0,-0,-0,-0,-0,-0,-0,-0,0.004191368914435681,-0,-0,-0,0.0036505281350378074,-0,-0,-0,-0,-0,0.0033437075013491397,0.0034477142929898856,-0,-0,-0,-0,0.003816940083414855,0.003801338940633584,-0,-0,-0,0.00427977611520186,-0,-0,-0,-0,-0,-0,-0,-0,-0,0.0035985245103836694,-0,-0,-0,-0,-0,-0,-0,-0,-0,-0,-0,-0,-0,-0,-0,-0,-0,0.007462535449723384,-0,-0,-0,-0,-0,-0,-0,-0
hamburg,2020,25,2020-06-15,2020.4535519125684,2020-06-21,2020.4699453551912,female,-0,-0,-0,-0,-0,-0,-0,-0,-0,-0,-0,-0,-0,-0,-0,-0,-0,-0,-0,-0,0.005553896583354971,-0,-0,-0,0.00404055697766933,0.00786819524397923,-0,0.0035361202294481955,-0,-0,-0,-0,-0,-0,-0,-0,0.003676529966864721,-0,-0,-0,-0,0.003998953761745314,-0,-0,-0,-0,-0,-0,0.0044305887457612245,0.008372674018343875,-0,-0,-0,-0,-0,-0,-0,-0,-0,-0,-0,-0,-0,-0,-0,-0,0.0059335385148102425,-0,-0,-0,-0,-0,-0,-0,-0,-0,-0,-0,-0,0.006047951695206187,7.436053167918634e-4
hamburg,2020,25,2020-06-15,2020.4535519125684,2020-06-21,2020.4699453551912,male,-0,-0,-0,-0,-0,-0,-0,-0,-0,-0,-0,-0,0.006167565743876809,-0,-0,0.00638599210793978,-0,-0,0.006448399809051898,-0,-0,0.004981838633879792,0.004643807349082134,0.004191368914435681,-0,-0,-0,-0,0.0035569216481055464,-0,0.003187697703935032,-0,-0,-0,-0,-0,-0,0.003749335165157985,-0,-0,0.003801338940633584,0.004050957786852583,-0,0.004191368914435681,-0,-0,-0,0.004607404111015946,0.004399386096655418,0.004134164335210349,0.004035356573860712,-0,-0,-0,-0,-0,-0,-0,-0,-0,0.004633406421319078,-0,-0,-0,-0,-0,-0,0.007197298064514397,-0,-0,-0,-0,-0,-0,-0,-0,-0,-0,-0,-0,-0
hamburg,2020,26,2020-06-22,2020.4726775956285,2020-06-28,2020.4890710382513,female,-0,0.005314671584346822,0.00537187746224954,0.005418682318251812,-0,-0,-0,-0,-0,0.006646024690024559,-0,-0,-0,-0,-0,-0,-0,-0,-0,-0,-0,-0,0.0047218143736140646,-0,0.00807622713526865,-0,-0,-0,0.00348931706789617,-0,0.006313183217977983,0.0032345005940119563,-0,-0,0.007010072489501038,0.0035725227175621927,0.003676529966864721,-0,-0,-0,0.003723333296920117,-0,-0,-0,-0,0.004498194549718561,-0,-0,0.0044305887457612245,-0,-0,-0,-0,-0,-0,-0,-0,-0,-0,-0,-0,-0,-0,-0,-0,0.0058503290871796815,-0,-0,-0,-0,0.006011547474138592,-0,-0,-0,-0,-0,0.006552412810674354,-0,-0,-0,0.0014872212673678522
hamburg,2020,26,2020-06-22,2020.4726775956285,2020-06-28,2020.4890710382513,male,-0,-0,-0,-0,-0,-0,-0,-0,-0,-0,-0,-0,-0,-0,0.0126687431155676,-0,-0,-0,0.006448399809051898,0.006011547474138592,-0,-0,-0,0.012580321651257461,-0,-0,-0,0.007301312564138671,0.0035569216481055464,0.006776041468690766,-0,0.003260502217811224,-0,-0,0.0034477142929898856,-0,-0,-0,-0,-0,0.007597755029522502,-0,-0,-0,-0,-0,0.004414987418870811,0.004607404111015946,-0,-0,-0,0.003863743539848575,-0,-0,-0,-0,-0,0.007831789748571537,-0,-0,-0,-0,-0,-0,-0,-0,-0,-0,-0,0.00743653172469191,-0,0.007296111834213189,-0,-0,-0,-0,0.008024219084426654,0.00810743199074506,-0,-0,-0
hamburg,2020,27,2020-06-29,2020.4918032786886,2020-07-05,2020.5081967213114,female,-0,-0,-0,0.005418682318251812,-0,-0,-0,-0,-0,-0,-0,-0,-0,0.006828048271176257,-0,-0,-0,-0,-0,-0,-0,-0,0.0047218143736140646,-0,0.00404055697766933,-0,-0,-0,-0,-0,0.0031564958006180316,-0,-0,-0,0.0035049181170700625,-0,-0,-0,-0,-0,-0,-0,-0,-0,-0,-0,0.004529397258114548,-0,-0,0.004186168495544676,-0,-0,-0,-0,-0,-0,-0,-0,-0,0.004352582158105526,-0,-0,-0,-0,-0,-0,-0,-0,-0,-0,-0,-0,-0,-0,-0,-0,-0,-0,-0,-0,7.436053167918634e-4
hamburg,2020,27,2020-06-29,2020.4918032786886,2020-07-05,2020.5081967213114,male,-0,0.005106650740657798,-0,-0,-0,-0,-0,-0,-0,-0,-0,-0,-0,-0,-0,-0,-0,-0,-0,-0,-0,-0,-0,-0,-0,-0,-0,-0,-0,0.006776041468690766,-0,0.003260502217811224,-0,0.0033437075013491397,-0,-0,-0,-0,-0,-0,0.003801338940633584,-0,0.004087360635379416,-0,0.00427977611520186,-0,-0,-0,0.004399386096655418,-0,-0,-0,0.0035985245103836694,-0,-0,-0,-0,-0,-0,-0,-0,0.0049454351591699695,-0,-0,-0,-0,-0,-0,-0,0.00743653172469191,-0,-0,-0,-0,-0,-0,-0,-0,-0,-0,0.001216814236782445
hamburg,2020,28,2020-07-06,2020.5109289617487,2020-07-12,2020.5273224043715,female,-0,-0,-0,-0,-0,-0,-0,-0,-0,-0,-0,-0,-0,-0,-0,-0,-0,-0,-0,-0,-0,-0,-0,-0,-0,-0,-0,-0,-0,-0,-0,-0,-0,-0,-0,-0,-0,-0,-0,-0,-0,-0,-0,-0,-0,-0,-0,-0,-0,-0,-0,0.0079826126812,-0,-0,0.007374122837664597,-0,-0,-0,-0,-0,-0,-0,-0,-0,-0,-0,0.0059335385148102425,-0,-0,-0,-0,0.006068754118689121,-0,-0,-0,-0,-0,-0,-0,-0,-0
hamburg,2020,28,2020-07-06,2020.5109289617487,2020-07-12,2020.5273224043715,male,-0,-0,0.0050806481937046895,-0,-0,-0,-0,-0,-0,-0,-0,-0,-0,-0,-0,-0,-0,-0,-0,-0,-0,-0,-0,0.004191368914435681,-0,0.004045757382003803,0.007597755029522502,-0,0.0035569216481055464,-0,-0,-0,-0,-0,-0,-0,-0,-0,-0,-0,-0,-0,-0,-0,-0,-0,-0,-0,-0,-0,-0,-0,-0,-0,-0,-0,-0,-0,-0,-0,-0,-0,-0,0.005600701603197585,-0,-0,-0,-0,0.007124488038577494,-0,-0,-0,-0,-0,-0,-0,-0,-0,-0,-0,-0
hamburg,2020,29,2020-07-13,2020.5300546448088,2020-07-19,2020.5464480874316,female,-0,-0,-0,-0,-0,-0,-0,-0,-0,-0,-0,-0,-0,-0,-0,0.0069164599547856965,-0,-0,-0,-0,-0,-0,-0,-0,-0,-0,0.0036973314416898846,-0,0.00348931706789617,0.003348907835987936,-0,-0,-0,-0,-0,0.0035725227175621927,-0,0.0036973314416898846,-0,-0,-0,-0,0.00414456516311655,-0,-0,0.004498194549718561,-0,-0,-0,-0,-0,-0,-0,-0,-0,-0,-0,-0,-0,0.004352582158105526,-0,-0,-0,-0,-0,-0,-0,-0,-0,-0,-0,-0,-0,-0,-0,-0,-0,-0,-0,-0,-0
hamburg,2020,29,2020-07-13,2020.5300546448088,2020-07-19,2020.5464480874316,male,-0,-0,-0,-0,-0,-0,-0,-0,-0,-0,-0,-0,-0,-0,-0,-0,-0,-0,-0,-0,-0,-0,-0,-0,0.004087360635379416,0.004045757382003803,-0,0.0036505281350378074,-0,-0,-0,-0,0.003224099948131548,0.006687630023829551,-0,-0,-0,-0,-0,0.003816940083414855,-0,-0,-0,-0,-0,-0,-0,-0,-0,0.004134164335210349,-0,-0,-0,-0,-0,-0,-0,-0,-0,-0,-0,-0,-0,-0,-0,-0,-0,-0,-0,-0,-0,-0,-0,-0,-0,-0,-0,-0,-0,-0,-0
hamburg,2020,30,2020-07-20,2020.549180327869,2020-07-26,2020.5655737704917,female,-0,-0,-0,0.005418682318251812,-0,0.005699512338984012,-0,0.0061415626664147295,0.006339186381260658,-0,-0,-0,-0,0.006828048271176257,0.01388065245547877,0.0069164599547856965,-0,0.006973667594864792,-0,-0,-0,0.005210661058478578,-0,-0,-0,0.00786819524397923,0.0036973314416898846,-0,-0,0.003348907835987936,0.009470062275339882,0.0032345005940119563,-0,0.003390510531843826,-0,-0,0.003676529966864721,0.014790903366165726,-0,-0,0.003723333296920117,-0,-0,0.0042433731319792235,-0,0.008996778243757634,0.004529397258114548,0.0045345977113313085,-0,-0,-0,-0,-0,0.007420929495915969,0.0036869307032371557,-0,0.0037701366691073185,0.003931348606847413,-0,-0,-0,-0,-0,0.005231463147008865,-0,-0,-0,0.006162365127346456,-0,-0,-0,-0,-0,0.006729235390917331,-0,-0,-0,-0,-0,-0,0.0029796853688030733
hamburg,2020,30,2020-07-20,2020.549180327869,2020-07-26,2020.5655737704917,male,-0,0.005106650740657798,-0,-0,-0,-0,-0,-0,-0,0.012673944382853637,-0,-0,0.006167565743876809,0.006255976304517954,-0,-0,0.00642759723369247,0.012824781360540272,0.006448399809051898,-0,-0,-0,-0,-0,0.008175042575181122,-0,0.003796138560742797,-0,-0,-0,-0,0.0065160082364414396,0.003224099948131548,0.010036968598628295,0.0034477142929898856,-0,0.018161571194918236,-0,-0,0.003816940083414855,0.007597755029522502,0.004050957786852583,0.004087360635379416,-0,-0,0.00883034971790915,-0,0.004607404111015946,-0,0.008268657375683799,0.004035356573860712,0.003863743539848575,-0,0.003608925231153918,-0,-0,0.00371293255327242,0.0039157474297410386,0.004264174833559011,-0,-0,0.0049454351591699695,-0,0.005600701603197585,0.005969942681265255,-0,-0,-0,-0,-0,-0,0.007296111834213189,0.007462535449723384,-0,-0,-0,-0,-0,-0,-0,0.006084355941765483
hamburg,2020,31,2020-07-27,2020.568306010929,2020-08-02,2020.5846994535518,female,-0,-0,-0,-0,-0,0.005699512338984012,-0,-0,-0,-0,0.006536810847169685,-0,0.006573215435966263,0.020492037196472048,0.006937262725709608,-0,0.00686445306387115,-0,-0,0.012283850779894996,-0,0.005210661058478578,0.0047218143736140646,-0,0.00404055697766933,0.003936549000260211,0.0036973314416898846,0.017672602745281225,-0,0.003348907835987936,-0,0.00646920239273339,-0,0.003390510531843826,0.007010072489501038,0.010718304559228361,0.003676529966864721,0.0036973314416898846,0.011181202022291139,-0,-0,0.011997783997604384,0.00414456516311655,0.0042433731319792235,-0,0.008996778243757634,0.004529397258114548,0.0045345977113313085,0.0044305887457612245,-0,0.004118563097248782,-0,-0,-0,0.0036869307032371557,0.003796138560742797,0.0037701366691073185,-0,0.004206970174240745,0.004352582158105526,0.004544998619330876,-0,-0,-0,0.005481088858459028,-0,-0,-0,-0,-0,-0,-0,0.006339186381260658,-0,-0,-0,-0,-0,-0,-0,0.0014872212673678522
hamburg,2020,31,2020-07-27,2020.568306010929,2020-08-02,2020.5846994535518,male,-0,0.005106650740657798,-0,-0,-0,0.005434283946279259,-0,-0,-0,0.006339186381260658,0.012465894097099084,0.006266377556829031,-0,-0,0.0063339857475604045,-0,-0,0.012824781360540272,0.006448399809051898,0.006011547474138592,0.005262666295407436,0.004981838633879792,-0,-0,0.008175042575181122,0.004045757382003803,0.003796138560742797,0.0036505281350378074,0.010666293865828298,0.010166993856035466,-0,-0,0.009667698640431205,0.0033437075013491397,-0,0.003608925231153918,-0,-0,0.0037337340426538855,0.007628959597872207,0.007597755029522502,0.008102231180201475,-0,-0,-0,0.00883034971790915,0.008835550601276452,-0,0.004399386096655418,0.004134164335210349,-0,0.003863743539848575,0.0035985245103836694,-0,0.0035985245103836694,-0,0.00742613023831921,0.0039157474297410386,0.004264174833559011,-0,0.004633406421319078,-0,-0,0.005600701603197585,0.005969942681265255,-0,-0,-0,-0,-0,-0,0.014593247528391407,-0,0.007774581164424722,-0,-0,-0,-0,-0,0.007732974960938583,0.0024336569480174867
hamburg,2020,32,2020-08-03,2020.5874316939892,2020-08-09,2020.603825136612,female,-0,0.005314671584346822,-0,-0,0.015997660566351175,0.011394448307400865,0.017610181572017453,0.0061415626664147295,0.012673944382853637,0.019935420867528926,-0,0.0067968441834456396,0.026287443396635506,-0,0.020819767354506157,0.0069164599547856965,0.00686445306387115,0.02791068910778323,0.020127894998943505,0.012283850779894996,0.011113587529125463,0.005210661058478578,-0,-0,0.00404055697766933,0.011805339956782778,0.014790903366165726,0.0070672802325678265,0.0069788682925356485,0.006703232032585742,0.006313183217977983,-0,0.003203298662611505,0.0135529660281875,0.014026291530446865,0.0035725227175621927,0.014697276823043805,0.014790903366165726,-0,0.007290911104813628,-0,0.01999784483209072,-0,0.0042433731319792235,0.008419481575428201,0.004498194549718561,0.009053988172539539,0.013604979608929159,0.0044305887457612245,0.012559516622681456,0.008242653247524817,0.0079826126812,0.007478137690988677,-0,0.0036869307032371557,0.003796138560742797,0.0037701366691073185,-0,0.004206970174240745,0.008700327802714423,-0,0.004763418167881299,-0,-0,-0,0.0058503290871796815,-0,-0,-0,-0,0.006011547474138592,-0,-0,-0,-0,-0,-0,-0,-0,-0,0.0029796853688030733
hamburg,2020,32,2020-08-03,2020.5874316939892,2020-08-09,2020.603825136612,male,-0,-0,0.0050806481937046895,0.005085848702057417,0.005195059497544844,-0,-0,0.005865930844721004,-0,-0,0.0062351738061373,0.025080447381949242,0.006167565743876809,0.025033624825184057,0.0063339857475604045,0.019155127633317535,0.00642759723369247,0.0064119953076371364,0.006448399809051898,0.02406076568428216,0.08951700671370266,0.019935420867528926,0.0092880294457223,0.012580321651257461,0.020440016726415582,0.016184918503956883,0.003796138560742797,0.010947152228198982,0.007108885903421963,0.003390510531843826,0.019113512323043688,0.0065160082364414396,0.016112095892539705,0.0033437075013491397,0.01723045438239712,0.007223301669917921,0.018161571194918236,0.022489662615540466,0.0037337340426538855,-0,0.02660480475902166,0.020257945491047983,0.0204296126386492,0.016767503066751895,0.008559904499466014,-0,0.013251288285829547,0.004607404111015946,0.004399386096655418,0.008268657375683799,-0,0.011592091986654127,-0,0.003608925231153918,0.010801521776873102,0.007498940686620647,0.011139593093019493,0.0039157474297410386,0.004264174833559011,0.013573771454237438,-0,-0,0.005262666295407436,0.011202006499415215,-0,0.0126687431155676,-0,-0,-0,-0,-0,-0,-0,-0,-0,-0,-0,-0,0.008580707927871615,0.007732974960938583,0.0024336569480174867
hamburg,2020,33,2020-08-10,2020.6065573770493,2020-08-16,2020.622950819672,female,-0,-0,-0,0.005418682318251812,0.0053302731811678185,0.011394448307400865,0.005871131431604497,-0,0.025350978535455072,-0,0.006536810847169685,0.0067968441834456396,0.019716937581699536,0.006828048271176257,0.006937262725709608,0.020752140327365692,0.00686445306387115,0.006973667594864792,0.020127894998943505,0.012283850779894996,0.011113587529125463,0.005210661058478578,0.009449258491130937,0.004232972284309839,0.0161589104167443,0.003936549000260211,0.0036973314416898846,0.017672602745281225,0.00348931706789617,0.013402126938235783,0.0031564958006180316,0.0032345005940119563,0.009605287075572209,0.0135529660281875,-0,0.0035725227175621927,0.014697276823043805,0.007394925791684666,0.007452133958149193,-0,0.01116559866991332,-0,0.00414456516311655,0.0042433731319792235,0.004212170595212086,-0,0.009053988172539539,0.0045345977113313085,0.0044305887457612245,0.004186168495544676,0.004118563097248782,0.0079826126812,-0,0.007420929495915969,0.0036869307032371557,0.007592554269948531,-0,-0,0.008419481575428201,-0,0.004544998619330876,0.004763418167881299,-0,0.005231463147008865,-0,-0,0.01187295534942598,-0,-0,0.006193568834347745,-0,-0,-0,-0,0.007264907465600685,-0,-0,0.0065212088883461914,-0,-0,0.0029796853688030733
hamburg,2020,33,2020-08-10,2020.6065573770493,2020-08-16,2020.622950819672,male,0.005054645659759895,-0,-0,-0,-0,0.005434283946279259,-0,0.005865930844721004,-0,-0,0.01870256292238956,0.012538711602429472,0.006167565743876809,0.006255976304517954,0.031682849991800474,0.00638599210793978,0.00642759723369247,0.01924356027822808,-0,0.006011547474138592,-0,0.02990339655519328,0.004643807349082134,0.004191368914435681,0.012263045869935648,0.012138216584987522,-0,-0,0.021329573928131205,0.0135529660281875,0.006370390194367517,0.003260502217811224,0.006443199164428961,0.006687630023829551,0.0068904565028238135,0.007223301669917921,-0,0.011243615478634129,0.007467736196293589,0.003816940083414855,0.007597755029522502,0.004050957786852583,-0,0.008383075694054132,0.00427977611520186,-0,-0,0.004607404111015946,0.008799144428611716,-0,0.008071026327846035,0.011592091986654127,0.010801521776873102,0.010822326102092914,0.0035985245103836694,0.003749335165157985,0.00371293255327242,0.007831789748571537,-0,-0,-0,0.0049454351591699695,-0,-0,-0,-0,-0,-0,-0,-0,0.007264907465600685,-0,-0,-0,-0,-0,-0,-0,-0,-0,-0
hamburg,2020,34,2020-08-17,2020.6256830601094,2020-08-23,2020.6420765027322,female,-0,0.005314671584346822,-0,0.005418682318251812,-0,-0,0.005871131431604497,-0,-0,-0,-0,0.0067968441834456396,0.013142060569296185,-0,-0,0.0069164599547856965,-0,0.02092901119952365,0.013417730961730804,0.012283850779894996,0.005553896583354971,0.01041664326165472,0.014171931013309177,0.008466289174640396,0.020195521214244932,0.011805339956782778,0.01109278308737655,0.010603881102422153,0.0069788682925356485,-0,0.0031564958006180316,0.009704105421198058,0.016008063767416442,0.003390510531843826,0.014026291530446865,0.007145290892723908,0.003676529966864721,0.0036973314416898846,-0,0.010936750039578199,0.003723333296920117,0.003998953761745314,-0,-0,-0,0.008996778243757634,0.004529397258114548,-0,-0,0.008372674018343875,-0,-0,0.011217609862723512,0.00371293255327242,0.007374122837664597,0.003796138560742797,-0,0.003931348606847413,-0,-0,-0,0.004763418167881299,0.004987039132350607,0.005231463147008865,-0,-0,-0,-0,-0,-0,-0,-0,0.006339186381260658,-0,-0,-0,-0,-0,-0,-0,-0
hamburg,2020,34,2020-08-17,2020.6256830601094,2020-08-23,2020.6420765027322,male,0.005054645659759895,0.010213803028291233,-0,-0,-0,-0,0.005642306100639183,-0,-0,-0,-0,0.012538711602429472,0.018504892215577586,-0,0.0063339857475604045,0.00638599210793978,-0,-0,0.006448399809051898,-0,0.0368394463882409,0.024919169863908314,0.0092880294457223,0.012580321651257461,0.004087360635379416,0.016184918503956883,0.007597755029522502,0.007301312564138671,0.017776638200561638,0.006776041468690766,0.009558478451078909,-0,0.012887196789636148,0.0033437075013491397,0.013781826172628861,0.003608925231153918,0.007264907465600685,0.007493739936929543,0.014936544990546254,0.003816940083414855,0.003801338940633584,0.012153820229216194,0.00816984175787542,0.004191368914435681,-0,0.00883034971790915,0.008835550601276452,-0,0.013204476379222639,0.004134164335210349,0.004035356573860712,0.011592091986654127,0.0035985245103836694,0.007212900226197233,0.0035985245103836694,0.007498940686620647,0.00742613023831921,0.0039157474297410386,-0,0.009048787267324722,-0,0.0049454351591699695,0.005262666295407436,-0,-0,-0,-0,-0,0.007124488038577494,-0,-0,-0,0.007462535449723384,-0,0.008700327802714423,-0,0.008024219084426654,0.00810743199074506,-0,-0,0.0024336569480174867
hamburg,2020,35,2020-08-24,2020.6448087431695,2020-08-30,2020.6612021857923,female,0.00542908340308526,0.005314671584346822,-0,-0,0.0053302731811678185,0.005699512338984012,0.005871131431604497,0.0061415626664147295,0.006339186381260658,-0,-0,-0,0.006573215435966263,-0,0.006937262725709608,-0,-0,0.02092901119952365,0.013417730961730804,0.03072027258971668,0.011113587529125463,0.031261394990446154,0.0047218143736140646,0.004232972284309839,0.04040409296147972,0.011805339956782778,0.018489286665460354,0.014135521104354294,-0,-0,0.006313183217977983,0.009704105421198058,0.009605287075572209,0.003390510531843826,0.0035049181170700625,0.007145290892723908,0.003676529966864721,-0,0.0037285336695298504,-0,-0,-0,-0,0.0042433731319792235,0.008419481575428201,0.013495751149453748,-0,0.013604979608929159,0.013298100234577928,0.004186168495544676,-0,0.003993753362091565,-0,0.007420929495915969,-0,-0,0.0037701366691073185,-0,-0,0.004352582158105526,0.01363098641881596,0.004763418167881299,0.004987039132350607,-0,-0,0.0058503290871796815,0.0059335385148102425,0.006162365127346456,-0,-0,-0,-0,-0,-0,-0,-0,0.006552412810674354,0.0065212088883461914,-0,-0,7.436053167918634e-4
hamburg,2020,35,2020-08-24,2020.6448087431695,2020-08-30,2020.6612021857923,male,-0,0.005106650740657798,-0,-0,-0,0.005434283946279259,0.005642306100639183,-0,-0,0.006339186381260658,-0,-0,0.012335863091210585,0.012517906590501499,-0,0.00638599210793978,-0,0.025657929048640265,0.006448399809051898,-0,0.010520664201067077,-0,0.013932666363999407,0.029357085349008386,0.02452378193602447,0.012138216584987522,0.011394448307400865,0.010947152228198982,0.028441376581190107,0.010166993856035466,0.009558478451078909,0.01629415261230751,0.009667698640431205,0.010036968598628295,0.0034477142929898856,-0,0.003629726678935282,0.022489662615540466,0.0037337340426538855,-0,0.003801338940633584,0.008102231180201475,-0,0.004191368914435681,-0,0.004414987418870811,0.008835550601276452,-0,0.004399386096655418,0.008268657375683799,0.004035356573860712,0.0077277741878464005,-0,0.010822326102092914,0.0035985245103836694,0.007498940686620647,0.00371293255327242,0.011742925826227591,0.004264174833559011,-0,-0,0.009886139707352614,-0,-0,0.005969942681265255,-0,0.006718834046028912,-0,0.007124488038577494,0.00743653172469191,-0,-0,-0,0.007774581164424722,-0,-0,-0,0.00810743199074506,0.008580707927871615,-0,-0
hamburg,2020,36,2020-08-31,2020.6639344262296,2020-09-06,2020.6803278688524,female,-0,-0,0.00537187746224954,-0,-0,0.005699512338984012,0.005871131431604497,-0,0.006339186381260658,-0,-0,0.0067968441834456396,0.013142060569296185,0.027322776955817422,0.006937262725709608,-0,0.01372981241499424,0.02791068910778323,0.020127894998943505,0.03072027258971668,0.027785822254071876,0.015628348276951847,0.047253063228823305,0.008466289174640396,0.0161589104167443,0.027551697711517227,0.018489286665460354,0.014135521104354294,0.020934213293103472,0.013402126938235783,0.015784395403182796,0.0032345005940119563,0.009605287075572209,0.010166993856035466,0.007010072489501038,-0,0.01102516870917996,0.0036973314416898846,0.0037285336695298504,0.00364532777022918,-0,-0,0.012434686626035387,0.0042433731319792235,0.004212170595212086,-0,0.004529397258114548,0.0045345977113313085,0.0044305887457612245,-0,-0,0.003993753362091565,-0,0.011134391979197931,-0,0.007592554269948531,-0,-0,0.004206970174240745,0.008700327802714423,0.009085193614769562,0.004763418167881299,0.004987039132350607,-0,-0,0.0058503290871796815,-0,0.006162365127346456,-0,-0,-0,-0,-0,-0,-0,-0,0.006552412810674354,-0,-0,-0,0.0029796853688030733
hamburg,2020,36,2020-08-31,2020.6639344262296,2020-09-06,2020.6803278688524,male,0.005054645659759895,-0,-0,0.005085848702057417,-0,-0,-0,-0,-0,0.012673944382853637,-0,-0,0.012335863091210585,0.012517906590501499,0.0126687431155676,0.00638599210793978,0.019290377621711437,0.0064119953076371364,-0,0.006011547474138592,0.015784395403182796,0.009964154596493578,0.013932666363999407,0.012580321651257461,0.01635137057016812,0.020231935366603407,0.018993868491525404,0.02555387782421946,0.014218743790855273,0.027109465340516947,0.015930039810160994,0.032593412582920846,0.003224099948131548,0.013381321580855659,0.013781826172628861,0.014447606865519824,0.003629726678935282,0.007493739936929543,0.011202006499415215,0.015259038610442869,0.003801338940633584,0.012153820229216194,0.016340967300420138,0.008383075694054132,0.017116016595036396,-0,0.013251288285829547,-0,0.008799144428611716,0.008268657375683799,0.008071026327846035,0.003863743539848575,0.018000315134246866,-0,0.0035985245103836694,-0,0.00742613023831921,0.0039157474297410386,0.004264174833559011,-0,0.009272426661402104,-0,0.010531066306453505,-0,0.005969942681265255,0.0063339857475604045,-0,0.014400793881940366,-0,0.00743653172469191,-0,0.007296111834213189,-0,0.007774581164424722,-0,-0,-0,-0,-0,-0,0.001216814236782445
hamburg,2020,37,2020-09-07,2020.6830601092897,2020-09-13,2020.6994535519125,female,-0,-0,-0,-0,-0,0.005699512338984012,0.005871131431604497,-0,-0,0.006646024690024559,0.01307444352642146,0.0067968441834456396,-0,0.05466512335425276,0.04164787386935595,0.0069164599547856965,-0,-0,0.020127894998943505,0.04916323328812339,0.005553896583354971,0.005210661058478578,0.01889503249051205,0.012699950727104952,0.028280088638943494,0.031485129936182556,0.018489286665460354,0.0070672802325678265,0.024424935423798158,0.013402126938235783,0.018936647625938004,0.009704105421198058,0.006401594026198965,0.016944360386214385,0.007010072489501038,0.0142915637508084,0.007348119156845715,0.0036973314416898846,0.011181202022291139,0.007290911104813628,0.007441732468655598,-0,0.012434686626035387,0.008492293414629589,-0,-0,0.013584174170386924,0.013604979608929159,-0,0.004186168495544676,0.008242653247524817,0.0079826126812,-0,0.0222711685975637,0.007374122837664597,-0,0.007545747457218475,0.003931348606847413,0.008419481575428201,0.004352582158105526,0.004544998619330876,0.004763418167881299,0.004987039132350607,0.005231463147008865,0.005481088858459028,0.0058503290871796815,-0,0.018489286665460354,0.006120760213804969,-0,-0,-0,0.006339186381260658,-0,0.007264907465600685,-0,-0,0.0065212088883461914,-0,-0,7.436053167918634e-4
hamburg,2020,37,2020-09-07,2020.6830601092897,2020-09-13,2020.6994535519125,male,0.005054645659759895,0.010213803028291233,-0,-0,-0,-0,0.01692355361152795,0.005865930844721004,0.00597514327855689,0.025350978535455072,-0,0.006266377556829031,0.018504892215577586,0.06261448269516212,0.0126687431155676,0.019155127633317535,0.012861190351738811,0.01924356027822808,0.012902800658613022,-0,0.010520664201067077,-0,0.023217982639368674,0.016772704744035773,-0,0.028326914119026943,0.026589196777882945,0.018250002150173802,0.021329573928131205,0.02033077390869288,0.022302381972495757,0.022812203081912327,0.019331993073529896,0.010036968598628295,0.010338627693648754,0.01805753496950152,0.003629726678935282,0.018744177903784062,0.0037337340426538855,0.007628959597872207,0.007597755029522502,0.016205724983095086,0.004087360635379416,-0,0.008559904499466014,-0,0.008835550601276452,0.00921521649229578,-0,0.012403479173694871,0.004035356573860712,0.003863743539848575,0.0035985245103836694,0.007212900226197233,0.0035985245103836694,0.011248816603374616,0.011139593093019493,0.0039157474297410386,0.004264174833559011,0.013573771454237438,0.009272426661402104,-0,-0,-0,0.011940570829995095,-0,-0,-0,0.014249952332634055,0.014874127101577476,-0,-0,0.007462535449723384,-0,-0,-0,0.016049676592490326,-0,-0,-0,0.007301312564138671
hamburg,2020,38,2020-09-14,2020.7021857923498,2020-09-20,2020.7185792349726,female,0.010863934777497159,-0,0.00537187746224954,0.005418682318251812,0.0053302731811678185,-0,0.011737724652059486,-0,-0,0.006646024690024559,0.01307444352642146,0.013589375529244961,0.006573215435966263,0.020492037196472048,0.006937262725709608,0.0069164599547856965,0.00686445306387115,0.02791068910778323,0.02683892503831361,0.02457580649161621,0.03334789080895334,0.05210930069632286,0.04252218118399032,0.03810395727872194,0.03636070954899522,0.031485129936182556,0.014790903366165726,0.0318129293857595,0.02791589189985886,0.010052571612347957,0.022094293160190178,0.009704105421198058,0.02241162893230172,0.016944360386214385,0.010520664201067077,0.017865068501209603,0.007348119156845715,0.0036973314416898846,0.007452133958149193,0.010936750039578199,0.018608929336019413,0.007998215078505908,-0,0.0042433731319792235,0.004212170595212086,0.008996778243757634,0.013584174170386924,0.013604979608929159,0.013298100234577928,0.008372674018343875,0.016481411617619894,0.015966450975643053,0.007478137690988677,0.007420929495915969,0.014754493023809816,0.011389247168088262,-0,0.011789736417122243,-0,0.004352582158105526,0.004544998619330876,0.004763418167881299,-0,0.005231463147008865,-0,-0,-0,0.006162365127346456,0.012247442192931599,-0,0.012023790003689352,-0,-0,-0,-0,0.008071026327846035,-0,-0,-0,-0,0.003723333296920117
hamburg,2020,38,2020-09-14,2020.7021857923498,2020-09-20,2020.7185792349726,male,0.01517061274145522,0.010213803028291233,-0,-0,-0,-0,-0,0.005865930844721004,0.00597514327855689,0.012673944382853637,0.012465894097099084,0.012538711602429472,-0,0.012517906590501499,0.0063339857475604045,0.012767567283017733,0.00642759723369247,0.012824781360540272,0.025808803693866775,0.036095324721732734,0.026313456550184463,0.024919169863908314,0.02786386400250457,0.03774489550473253,0.04497344257271275,0.03237487610689073,0.011394448307400865,0.007301312564138671,0.04266790049896971,0.02033077390869288,0.022302381972495757,0.026074136028373922,0.009667698640431205,0.010036968598628295,0.010338627693648754,0.007223301669917921,0.010895141305903801,0.007493739936929543,0.011202006499415215,-0,0.015201821854517133,0.008102231180201475,0.00816984175787542,0.008383075694054132,0.017116016595036396,-0,0.004414987418870811,0.013823437216201025,0.013204476379222639,0.008268657375683799,0.004035356573860712,0.003863743539848575,0.0035985245103836694,0.007212900226197233,0.010801521776873102,0.011248816603374616,0.00371293255327242,0.0039157474297410386,0.004264174833559011,0.018093947624718002,0.004633406421319078,-0,0.010531066306453505,-0,0.011940570829995095,0.0190094741930718,-0,-0,0.007124488038577494,0.014874127101577476,0.021797768041415647,0.014593247528391407,0.014926142003848475,0.007774581164424722,-0,-0,0.008024219084426654,-0,0.008580707927871615,-0,0.001216814236782445
hamburg,2020,39,2020-09-21,2020.72131147541,2020-09-27,2020.7377049180327,female,0.00542908340308526,-0,-0,-0,0.0053302731811678185,0.005699512338984012,-0,0.018432066355112433,0.006339186381260658,0.013287697575658008,-0,0.0067968441834456396,0.013142060569296185,0.020492037196472048,0.01388065245547877,0.013833839982296826,0.0343313305857317,0.02092901119952365,0.0738404021643111,0.06145870466096587,0.0500272569619132,0.026048122994539687,0.01889503249051205,0.04234003261451287,0.03636070954899522,0.019675321821815844,0.04809103110070469,0.0318129293857595,0.02791589189985886,0.016751898038033827,0.025252130450804308,0.02264573033332204,0.016008063767416442,0.016944360386214385,0.017532155210811945,0.0035725227175621927,0.014697276823043805,0.007394925791684666,0.014905336036696496,0.014582844610372604,0.007441732468655598,0.003998953761745314,0.02073133202901571,0.008492293414629589,0.004212170595212086,0.008996778243757634,0.009053988172539539,0.00906959089131662,0.008866755912421307,0.016751898038033827,0.016481411617619894,0.027947108663261708,0.003738934416303768,0.007420929495915969,0.01106677754689829,0.003796138560742797,0.007545747457218475,0.007857793671261137,0.012627132995985318,-0,-0,0.01905108942008456,0.004987039132350607,0.01045825161244615,-0,-0,-0,0.012325460624785496,-0,0.012387875454545077,0.006011547474138592,-0,-0,0.006729235390917331,0.007264907465600685,-0,-0,0.013048436994883204,-0,-0,0.0029796853688030733
hamburg,2020,39,2020-09-21,2020.72131147541,2020-09-27,2020.7377049180327,male,0.005054645659759895,0.005106650740657798,0.0050806481937046895,-0,0.005195059497544844,-0,0.005642306100639183,0.01173252347841739,-0,0.025350978535455072,0.012465894097099084,0.012538711602429472,0.02467465329063319,0.012517906590501499,-0,0.0319273995216093,-0,0.03207308914986711,0.03871280682278704,0.06619130991446304,0.0368394463882409,0.07478815565109591,0.037156872157314835,0.033550821303411006,0.053155559143714726,0.05666926768873399,0.026589196777882945,0.014598448988184133,0.03555415201608146,0.0135529660281875,0.03186496123444981,0.01303283308219876,0.009667698640431205,0.013381321580855659,0.024123194601358353,0.025283345615132038,0.010895141305903801,0.022489662615540466,0.011202006499415215,0.007628959597872207,0.007597755029522502,0.020257945491047983,0.012257844643743538,0.004191368914435681,0.00427977611520186,0.013246086960794733,0.017672602745281225,-0,-0,0.020668907183925566,0.01210180809998616,0.027057438250009416,0.007202498784557124,0.010822326102092914,0.021605287729002425,0.02250006711548699,0.011139593093019493,0.019576484525562116,0.017053596089904432,0.004524196805412104,0.01854130518405447,0.014832515217222104,0.005262666295407436,0.011202006499415215,-0,0.0126687431155676,-0,0.007197298064514397,0.007124488038577494,-0,0.007264907465600685,-0,-0,-0,0.008700327802714423,-0,-0,0.00810743199074506,-0,-0,0.001216814236782445
hamburg,2020,40,2020-09-28,2020.74043715847,2020-10-04,2020.7568306010928,female,0.00542908340308526,-0,-0,0.005418682318251812,-0,0.005699512338984012,-0,0.0061415626664147295,-0,0.02658399411854058,0.006536810847169685,0.013589375529244961,0.013142060569296185,0.027322776955817422,0.01388065245547877,0.04843975462895492,0.02746325093644055,0.03488810103295564,0.013417730961730804,0.03072027258971668,0.061151542747440196,0.06775332037824695,0.047253063228823305,0.03386822699817294,0.028280088638943494,0.019675321821815844,0.014790903366165726,0.021204722876538334,0.020934213293103472,0.023457290016590363,0.028410159521071628,0.03559057692525954,0.016008063767416442,0.027109465340516947,0.017532155210811945,0.025012814813486828,0.01102516870917996,0.007394925791684666,0.026089743854916102,0.014582844610372604,0.007441732468655598,-0,0.016585444689736547,0.02547583954254101,0.029476753027064314,0.02699500581011762,0.013584174170386924,0.018140763933183292,0.022167124149778353,0.016751898038033827,0.01236186926637474,0.011976979202098424,0.011217609862723512,0.007420929495915969,0.01106677754689829,0.030376870909910564,0.0037701366691073185,0.011789736417122243,0.012627132995985318,0.013053638300148022,0.01363098641881596,0.01428636232171272,0.024950384828363172,0.015690767071246836,0.005481088858459028,0.017558163984875513,0.017807848877735198,0.03697994607979251,0.018369644270182756,0.006193568834347745,0.006011547474138592,-0,0.006339186381260658,0.006729235390917331,-0,0.008071026327846035,0.03275991718110858,0.0065212088883461914,-0,0.006047951695206187,0.017131621733031416
hamburg,2020,40,2020-09-28,2020.74043715847,2020-10-04,2020.7568306010928,male,0.005054645659759895,0.015321456961439862,-0,0.015253837084577991,0.005195059497544844,0.005434283946279259,0.011280023362759599,0.01173252347841739,0.011956174414916292,0.019014676094624178,0.01870256292238956,-0,0.05553964956498517,0.03755755991123014,0.04435931528301436,0.025538270158516882,0.019290377621711437,0.01924356027822808,0.03226040498597997,0.036095324721732734,0.05790302611850882,0.06979962508175645,0.055742666681638,0.02096542586552854,0.02452378193602447,0.016184918503956883,0.04559278167644049,0.029200997487152117,0.028441376581190107,0.027109465340516947,0.028675505129473783,0.03585595917652014,0.019331993073529896,0.013381321580855659,0.027567305981562446,0.014447606865519824,0.018161571194918236,0.003749335165157985,0.022406426690912987,0.019077098953877037,0.022801798519511415,0.004050957786852583,0.028602665023709443,0.020960223768826204,0.008559904499466014,0.017662199211200397,0.008835550601276452,0.013823437216201025,0.008799144428611716,0.020668907183925566,-0,0.015461898525116095,0.010801521776873102,0.025252130450804308,0.010801521776873102,0.014998962954432291,0.02600129956643897,0.011742925826227591,0.008528699372468524,0.004524196805412104,0.01854130518405447,0.014832515217222104,0.015794798561581988,0.011202006499415215,0.005969942681265255,0.0063339857475604045,0.020159107087386257,0.014400793881940366,-0,0.00743653172469191,-0,0.021891407369930563,0.007462535449723384,0.007774581164424722,-0,0.01001096358616428,0.008024219084426654,0.016221329847915026,0.01716803373988884,0.007732974960938583,0.008523498519785691
hamburg,2020,41,2020-10-05,2020.75956284153,2020-10-11,2020.775956284153,female,0.00542908340308526,0.005314671584346822,-0,0.005418682318251812,-0,0.005699512338984012,-0,0.018432066355112433,0.006339186381260658,-0,0.01960769628302628,0.013589375529244961,0.019716937581699536,0.04099215303028327,0.027765011140936866,0.041517769870723725,0.04120031748019919,0.02092901119952365,0.013417730961730804,0.012283850779894996,0.055591705160362534,0.05210930069632286,0.009449258491130937,0.029638044681042794,0.04444779080129266,0.03936329498163858,0.022193135242206584,0.0318129293857595,0.024424935423798158,0.010052571612347957,0.022094293160190178,0.00646920239273339,0.02561630853388735,0.027109465340516947,0.021038255274045806,0.039311255629478986,0.007348119156845715,0.018489286665460354,0.014905336036696496,0.014582844610372604,0.007441732468655598,0.0279991366439112,0.02073133202901571,0.0042433731319792235,0.016840326596036313,0.017995113334160907,0.03170366267296771,0.00906959089131662,0.017729822219928186,0.016751898038033827,0.024726677997167823,0.0079826126812,0.026183390912565288,0.0185621126060625,0.007374122837664597,0.026578791459724534,0.030189561858581068,0.03144350475711054,0.029466347131083353,0.017407313276408307,0.004544998619330876,0.023816253147388236,0.014967753963120995,0.015690767071246836,-0,0.01170651761799311,-0,0.006162365127346456,-0,-0,0.012023790003689352,-0,0.012679145650665703,-0,0.007264907465600685,0.01614850718550038,-0,-0,0.006838449637916147,0.006047951695206187,0.008195845849617116
hamburg,2020,41,2020-10-05,2020.75956284153,2020-10-11,2020.775956284153,male,-0,0.015321456961439862,-0,0.005085848702057417,0.005195059497544844,0.010874336951551836,0.005642306100639183,0.005865930844721004,0.00597514327855689,0.006339186381260658,0.01870256292238956,0.012538711602429472,0.037021575690936115,0.01877538916167991,0.04435931528301436,0.025538270158516882,0.03215634054928352,0.012824781360540272,0.03871280682278704,0.05414978443857711,0.026313456550184463,0.0398732833888109,0.06039145496489793,0.04613926348213077,0.04906433992784663,0.03642315323459947,0.007597755029522502,0.06938306797828363,0.04978262229611121,0.027109465340516947,0.03823925656133371,0.026074136028373922,0.03867117585767399,0.016725889667241825,0.03791141659887134,0.028894026058956992,0.02542381408648386,0.026240619753038208,0.026141769977233623,0.026708858086354943,0.015201821854517133,0.024310481802278915,0.012257844643743538,0.025153282554055953,0.02139720170624013,0.022073484324758055,0.03534601016741689,0.02304110398143001,-0,0.028940852091888458,0.020174713138630188,0.03866076812160925,0.021605287729002425,0.02164170286860065,0.021605287729002425,0.018749379778797173,0.02600129956643897,0.007831789748571537,0.017053596089904432,0.013573771454237438,0.013906659403238498,-0,0.010531066306453505,0.005600701603197585,0.005969942681265255,0.0063339857475604045,0.006718834046028912,0.007197298064514397,0.007124488038577494,0.00743653172469191,0.01453083005150185,0.007296111834213189,0.014926142003848475,0.007774581164424722,-0,0.03003867450234462,-0,0.016221329847915026,-0,-0,0.008523498519785691
hamburg,2020,42,2020-10-12,2020.77868852459,2020-10-18,2020.795081967213,female,0.00542908340308526,0.005314671584346822,-0,-0,0.015997660566351175,0.011394448307400865,-0,0.018432066355112433,0.012673944382853637,0.013287697575658008,0.01960769628302628,0.033982701658544,0.019716937581699536,0.020492037196472048,0.020819767354506157,0.027676564003035045,0.04120031748019919,0.048850939107006414,0.04697721340543084,0.04916323328812339,0.07227820884477448,0.06775332037824695,0.047253063228823305,0.04234003261451287,0.052530924702504665,0.07087227498266166,0.05549279957370351,0.042418096209019505,0.05933463904530671,0.05698681452927201,0.03788539764276301,0.04853864680140423,0.028815982764439984,0.02033077390869288,0.014026291530446865,0.025012814813486828,0.03307731804824879,0.03329065414601013,0.026089743854916102,0.043766012755767615,0.018608929336019413,0.0440054147152564,0.041465728362415195,0.021230733487564962,0.02526773803062301,0.02699500581011762,0.03623582240274669,0.03628785867722936,0.044343701971882615,0.029315461873366925,0.04534296333520837,0.023951515259748424,0.04863753916192432,0.0185621126060625,0.03320219760901483,0.007592554269948531,0.022640528068518795,0.027510075680981037,0.025257332976888112,0.004352582158105526,0.022718562095255523,0.01428636232171272,0.014967753963120995,0.015690767071246836,-0,0.0058503290871796815,0.023748622223149062,0.012325460624785496,0.018369644270182756,0.018577718178029532,0.018041929553644385,0.030345652687833437,0.012679145650665703,0.013459341713950376,-0,-0,0.006552412810674354,0.0065212088883461914,0.006838449637916147,-0,0.019368406621194236
hamburg,2020,42,2020-10-12,2020.77868852459,2020-10-18,2020.795081967213,male,0.01517061274145522,0.005106650740657798,0.015243434034403385,-0,0.010385437020405574,0.010874336951551836,0.005642306100639183,0.01173252347841739,0.01793269177375792,0.012673944382853637,0.03741185491621222,0.006266377556829031,0.018504892215577586,0.03129781689276104,0.0126687431155676,0.0319273995216093,0.03215634054928352,0.03207308914986711,0.04517121392180975,0.05414978443857711,0.07370501021915227,0.04984508210137078,0.055742666681638,0.06712330384531386,0.06543114846224601,0.03237487610689073,0.06460331404172481,0.054769232846208486,0.03911350656623497,0.08815748607987794,0.04142409519326814,0.032593412582920846,0.03222398240944775,0.03345716097679191,0.01723045438239712,0.03612134278216725,0.02542381408648386,0.044994260574033315,0.0410858269296194,0.03816119923994037,0.02660480475902166,0.036475189696544084,0.0204296126386492,0.025153282554055953,0.03852026388854272,0.030907583552730985,0.022089090950548597,0.046092421959464544,0.017604979810963983,0.028940852091888458,0.04035725660475935,0.027057438250009416,0.03241129878911425,0.036074510282755816,0.03601206701581435,0.014998962954432291,0.01857251632018874,0.02349370645315294,0.02985136666922528,0.013573771454237438,0.004633406421319078,0.0049454351591699695,0.015794798561581988,0.016803914818648753,0.017911884603606484,0.0126687431155676,0.020159107087386257,0.028800374119588697,0.007124488038577494,0.00743653172469191,0.029060518812068902,-0,0.022390819969881008,0.023332433856291586,0.02610535168614876,-0,0.008024219084426654,0.00810743199074506,0.025751575328628776,0.023197173354265063,0.017043192679666256
hamburg,2020,43,2020-10-19,2020.7978142076502,2020-10-25,2020.8142076502731,female,0.00542908340308526,0.01595084618731619,-0,0.0162577412173633,-0,0.022791393959198103,0.017610181572017453,0.03686546482099745,0.006339186381260658,0.019935420867528926,0.01307444352642146,0.04077878533393879,0.03286398282571445,0.03415961753844482,0.09028272938476835,0.08306871479261847,0.048070211859561424,0.09774260416936317,0.0872772024057391,0.08606358130177552,0.07784503872384359,0.07296556812339615,0.14188298928901252,0.08895965104379637,0.09702365902298533,0.0945178482053065,0.12216659419035207,0.12382411007176328,0.11873705927417601,0.09724767709671354,0.07263750915249105,0.061484735414998076,0.07367376597417606,0.07798044144880159,0.04559278167644049,0.08223018307845462,0.09192881085051241,0.05919407894031788,0.05219258417968321,0.058361137966881575,0.040950520240296676,0.06802407363001714,0.037318187635001415,0.06796679878611611,0.08426664069814944,0.08102709597612967,0.03623582240274669,0.07260105828348264,0.09760194020640224,0.07122635844822553,0.0494651194460162,0.047914067816677265,0.04863753916192432,0.04084123432517421,0.04796091098031463,0.056976403126703615,0.030189561858581068,0.05897022474267987,0.042100638322103624,0.06094850451252984,0.018171974828907887,0.0333426874733578,0.04990754198165981,0.04708651221702175,0.04386489604021393,0.029268635503098047,0.035627001859946744,0.02464864095688728,0.03674578013809947,0.0247735002775484,0.02405556327791183,0.024274064793716903,-0,0.013459341713950376,0.014536031505045306,0.03229682758802961,0.03275991718110858,0.0065212088883461914,0.02736439883644126,0.006047951695206187,0.02905531590546209
hamburg,2020,43,2020-10-19,2020.7978142076502,2020-10-25,2020.8142076502731,male,0.030350855723541886,0.0204296126386492,0.02033077390869288,0.02542381408648386,0.015581534230392942,0.005434283946279259,0.005642306100639183,0.035200311369057435,0.029892990573834894,0.06340584103012065,0.04988672201322749,0.03762000503407771,0.04936622551161262,0.06261448269516212,0.07606921254312198,0.08305308985443255,0.06433257860051632,0.1155579052228274,0.05808002339967788,0.114385315499743,0.15279225600816834,0.09974319949900903,0.13016277134216078,0.13433336465140042,0.08998581517389156,0.10529733893732021,0.07981362073210324,0.09131412876416013,0.07469442102004262,0.09494502571108787,0.06693586238322259,0.07499645543614704,0.05801755370224043,0.11719436352549853,0.05170329562506108,0.08311558963533457,0.04722703959806754,0.06374946089924406,0.04482251231234999,0.04579575996241541,0.05322322832530158,0.07702742206936658,0.06949241389494241,0.041928899617336514,0.10278591911088111,0.06625378943214699,0.07956363793344755,0.05531581109867697,0.061640920212855506,0.041346033090963276,0.04035725660475935,0.08121458823906896,0.025205307739443926,0.03968594012741911,0.061240046841530144,0.04500987408050042,0.04829922397057983,0.03132383255288551,0.017053596089904432,0.03619939704158505,0.0649261158331191,0.04945470954932712,0.02105906369521445,0.03361326161487789,0.023878681770913925,0.031682849991800474,0.026885749220666822,0.043209147244036204,0.035637408988830326,0.014874127101577476,0.029060518812068902,0.02919059164635338,0.014926142003848475,0.031115707636310098,0.03481004874182383,0.03003867450234462,0.04013348348268534,0.016221329847915026,0.025751575328628776,-0,0.03043930741028471
hamburg,2020,44,2020-10-26,2020.8169398907103,2020-11-01,2020.8333333333333,female,0.06520206088861366,0.02658399411854058,0.04301138335710295,0.0162577412173633,0.015997660566351175,0.011394448307400865,0.011737724652059486,0.018432066355112433,0.019014676094624178,0.05317638042097855,0.03268707135379651,0.04077878533393879,0.03944135410752286,0.08201664610643816,0.13896311497118996,0.15239067932826064,0.10993492668930649,0.104734603618805,0.13433336465140042,0.11683475521591759,0.14466223624872138,0.14081408770217355,0.1608296570405024,0.12712887488655547,0.161805078359291,0.08269371757203837,0.14440672704459975,0.0813343753165378,0.10475544555904195,0.12746770333905977,0.10741286137304927,0.09387708852638955,0.08329267275582708,0.08815748607987794,0.12987084233705165,0.10012352971400927,0.1066520970895172,0.07400703888844636,0.07084103243968999,0.08026150958516333,0.07820437749843837,0.07202826226885042,0.1120402153755984,0.06796679878611611,0.10957015761017386,0.0630101603572375,0.11785104598616372,0.06352038073420105,0.08428226600098115,0.08799601281058879,0.08659486259118672,0.0718876678478599,0.06361409522519164,0.04084123432517421,0.08488644797795514,0.06457728172651246,0.06039666100780951,0.07470483597070458,0.07580883257063165,0.07401745370143516,0.045447054164869355,0.052405998714648024,0.04491619311203666,0.03661568840391218,0.03837976003511822,0.07613170393052872,0.04750289074674576,0.012325460624785496,0.018369644270182756,0.030970020690342243,0.030069892540127745,0.03641274594845814,0.012679145650665703,0.04712294520526912,0.03634509863931343,0.040378072758094935,0.026204201392723697,0.013048436994883204,0.061588858561446407,0.02420643327404232,0.05216135285778959
hamburg,2020,44,2020-10-26,2020.8169398907103,2020-11-01,2020.8333333333333,male,0.005054645659759895,0.05108388373901877,0.015243434034403385,0.020335975942431007,0.005195059497544844,0.04350059013253707,0.07901680475106292,0.02933627360702296,0.02391509850257945,0.031693256331342824,0.0873344985228391,0.08154790948683537,0.06788869682791542,0.08767827655121557,0.1458980842027767,0.10863219172745686,0.06433257860051632,0.0962786756260525,0.1356263164998354,0.114385315499743,0.1422427708630951,0.12969881351219628,0.10689699944547368,0.16797099905482613,0.15962996607121346,0.11340557191873393,0.1140622065340517,0.13520401820755173,0.15662564404741994,0.12210404745571657,0.09245494281437175,0.10763692420844331,0.09673191600169644,0.1205508276769027,0.06204700288271908,0.07226779438012423,0.09086093560815671,0.07125760122270898,0.08593857472841517,0.07252815662211376,0.09127245566537635,0.06485843142050485,0.061312932679183245,0.07969383715778582,0.0984980282570969,0.07951676629248369,0.0751422657821507,0.09683610974997439,0.09689862609914787,0.053759379569208725,0.06458769465103469,0.06573833565634588,0.06483760546511605,0.10468770928381757,0.0648428119531784,0.06753463608866968,0.0631663497368649,0.04307903933904428,0.05545115517244169,0.08601149519301902,0.10206169401694025,0.04450503974627693,0.052671466797591125,0.039217584926829904,0.04179879491557686,0.05069870695909137,0.047055283961695435,0.036001659811947535,0.05703366586662338,0.05207286421429129,0.0363294877343124,0.02919059164635338,0.022390819969881008,0.03889494268703751,0.06093809231672459,0.03003867450234462,0.05619555387504352,0.024331291532909555,0.05152111489266297,0.06188561067266464,0.038967797211359845
hamburg,2020,45,2020-11-02,2020.8360655737704,2020-11-08,2020.8524590163934,female,0.00542908340308526,0.031906586750892585,0.021501244613538126,0.0596365842592678,0.048002549383415014,0.04559278167644049,0.09398127655452695,0.055310605564410184,0.04437492859882831,0.05982920539796896,0.09811770993085427,0.10200959188112192,0.09206945946804242,0.10254624638038597,0.09028272938476835,0.1385199340935758,0.17876572881172262,0.1676736409223188,0.17470113785577226,0.23392738515546685,0.13908824907925638,0.14603887887135317,0.1608296570405024,0.1144009498554613,0.1091637036504022,0.12211447190625985,0.11846082998241507,0.10965874415128248,0.14671678446398573,0.13418738823661297,0.10425003086322385,0.11656374769836866,0.11536507754067267,0.08476665271767003,0.12635739680028335,0.06434299147603721,0.1287448458120406,0.08141249747224595,0.11936770145826607,0.08026150958516333,0.11175359927996976,0.09605987134137488,0.12450172611828429,0.1275146182218833,0.10535465491333063,0.09003790526370341,0.08156353397275182,0.13621024077577085,0.11092502708832236,0.096388078113646955,0.0659622189918993,0.09587232554443466,0.08982954521754315,0.07799606486283436,0.08857940247281733,0.060776703548349784,0.06417117929658397,0.1022544723733844,0.07159085865186116,0.052234225971386564,0.07273124007584172,0.06671197485566142,0.04491619311203666,0.06279149601391203,0.03837976003511822,0.046836686699525225,0.035627001859946744,0.02464864095688728,0.055128412193479186,0.030970020690342243,0.018041929553644385,0.07892827039575233,0.02536658614494264,0.033654888530837174,0.0436202903635261,0.048455369169999596,0.06554048606909141,0.032624632154471145,0.07528807653701429,0.03025720116039645,0.07378832829753537
hamburg,2020,45,2020-11-02,2020.8360655737704,2020-11-08,2020.8524590163934,male,0.05565417194359651,0.0204296126386492,0.04574891874917547,0.04576973706096312,0.03636070954899522,0.05438402876712825,0.05078198818327173,0.04107021460134682,0.047835995971061966,0.05706490011497759,0.1435515625146538,0.10666772912032749,0.09877936141155513,0.10648535571991206,0.11414558930074044,0.19826348557171883,0.13518837759592406,0.2056083531890371,0.2003358129495255,0.12644079928483773,0.15807040918867024,0.2046738739104717,0.13016277134216078,0.08811581551076796,0.1145572936711452,0.1296258317584404,0.11786668138392002,0.10228573379582812,0.1352405129863151,0.09834173271786294,0.11479702176817166,0.08478748665615642,0.07091913883231207,0.12725398051961492,0.10000369934611791,0.09035044689835461,0.10905427428097213,0.09002227823127802,0.09715911169640051,0.07252815662211376,0.09127245566537635,0.1176165155839283,0.10222842120236811,0.07129925828455348,0.07278331288404366,0.11047166298688524,0.04418756911843879,0.10606850463504945,0.10130621815705945,0.07444967027999577,0.11307725772044083,0.061869992098277496,0.0828603826695474,0.054123757356098576,0.11533380825418676,0.06753463608866968,0.055732255528174776,0.05875157738693126,0.07252815662211376,0.06336419029119505,0.055643760807845416,0.07419971326639135,0.057939466685974474,0.05042804390166324,0.10156672583442335,0.02534577599999638,0.047055283961695435,0.050412428768259146,0.04276678169526403,0.0669566891789786,0.06541552882288913,0.05109949907406189,0.022390819969881008,0.062250045406859474,0.04351620319052145,0.0400554233178139,0.0642284499599908,0.04867397323689687,0.01716803373988884,0.023197173354265063,0.060896443554352406
hamburg,2020,46,2020-11-09,2020.8551912568305,2020-11-15,2020.8715846994535,female,0.02715628976647721,0.01595084618731619,0.021501244613538126,0.03252056698886141,0.05333774560244267,0.017095209751665015,0.08222497484919472,0.06145870466096587,0.10784014482431624,0.0465244064904953,0.07193453261262,0.06798241919183069,0.10523481249008415,0.07517871843253444,0.10418750567529654,0.16626512550350336,0.10993492668930649,0.1886702601426544,0.12760844811450014,0.2092576817147869,0.12238029610134887,0.11470842647313338,0.0803552542519358,0.11015900039231646,0.09702365902298533,0.11028406520454775,0.10363520311368331,0.11319711821925654,0.07679828340241564,0.090537972780833,0.07579841739885061,0.09387708852638955,0.08008443678681071,0.11192035754342212,0.10176471254206085,0.08938678289150734,0.09928993287588751,0.0703047050456619,0.09323112741128141,0.08756889238656647,0.08193331484302963,0.12010259166901359,0.08296975693008829,0.08071981845149145,0.10957015761017386,0.09003790526370341,0.08609483299207217,0.09076717200003417,0.06652974153323028,0.1005820136710773,0.07833978115908252,0.03193780591009149,0.05987085330555248,0.08543334288944987,0.0701120450992263,0.08358434038654278,0.09061610876479784,0.06683693521729715,0.046316220726337454,0.06530098494432571,0.059089960588984906,0.04287607165729657,0.06988814389613474,0.02092380910645847,0.04386489604021393,0.0409817448296617,0.017807848877735198,0.04314669540901133,0.06125566522671559,0.03716727959238675,0.05413937360402129,0.030345652687833437,0.04440095080227126,0.05385828185890182,0.014536031505045306,0.048455369169999596,0.05898063654445748,0.013048436994883204,0.05474320545367557,0.01210180809998616,0.08423018167645825
hamburg,2020,46,2020-11-09,2020.8551912568305,2020-11-15,2020.8715846994535,male,0.025288548144338875,0.05619555387504352,0.02033077390869288,0.005085848702057417,0.04155940311487037,0.027182303354678642,0.06207824014251769,0.052812009272526335,0.047835995971061966,0.06975276224102595,0.03117294190532744,0.056445424359845196,0.08641776822492586,0.13784734915402555,0.1331968448182482,0.10223884166920733,0.18033112457449382,0.1155579052228274,0.18738642627262256,0.13849907861592486,0.16334909817165422,0.104734603618805,0.083636424064175,0.07971987704177777,0.09408025537461225,0.10935129739090396,0.1064488811165782,0.04746125274373922,0.07469442102004262,0.10513060191176551,0.08926697726311646,0.06194808501713636,0.07737113196299335,0.07363731437876718,0.10690742084790816,0.07950114242155493,0.10177513291597624,0.0487416365867072,0.04482251231234999,0.08398538605000773,0.05322322832530158,0.1013739500276297,0.06540511573259303,0.10068621513418911,0.07278331288404366,0.11047166298688524,0.07956363793344755,0.10606850463504945,0.11012773423625595,0.06617569004677477,0.08882421972710348,0.06573833565634588,0.0828603826695474,0.06134416949802251,0.07565781278398359,0.09381978519989762,0.0891992611604736,0.05483169864143239,0.03411799021843927,0.06789390362147658,0.06028212818409628,0.06924768763812855,0.0421318636020912,0.03361326161487789,0.05374896881281492,0.05069870695909137,0.05378020108824925,0.028800374119588697,0.028509013609085872,0.0371880944687795,0.06541552882288913,0.05109949907406189,0.03732339136842299,0.07781899977869741,0.02610535168614876,0.0400554233178139,0.04013348348268534,0.04867397323689687,0.07729822361389364,0.06188561067266464,0.09625262744864811
hamburg,2020,47,2020-11-16,2020.8743169398906,2020-11-22,2020.8907103825136,female,0.021724937569143943,0.01595084618731619,0.04301138335710295,0.021678118033694314,0.015997660566351175,0.03989409934840773,0.046966804006784504,0.03686546482099745,0.08244372092736582,0.08643860282494671,0.1243140777136568,0.06118277946933135,0.09206945946804242,0.06834168981839103,0.07638167023114753,0.09692467460015795,0.08930343981644798,0.1536788648547231,0.10743891514151181,0.11068010576102655,0.07784503872384359,0.11993059515685785,0.0803552542519358,0.11015900039231646,0.0646605851810751,0.06299454144508015,0.0703047050456619,0.06364533342638877,0.07679828340241564,0.10396345770257359,0.06315593709696103,0.06796159198525012,0.044832921281759225,0.0644106752177457,0.04910077430186073,0.04646195067373005,0.1066520970895172,0.09993075925738139,0.09696635222890468,0.08756889238656647,0.08938678289150734,0.09605987134137488,0.107881831202662,0.09348117592329351,0.08004798069729602,0.08102709597612967,0.08609483299207217,0.0771419917814787,0.09760194020640224,0.1005820136710773,0.0659622189918993,0.0599020892581348,0.08982954521754315,0.07799606486283436,0.06272902065613944,0.04557196343549718,0.041512565717546246,0.07076813324576048,0.07580883257063165,0.0565911826971255,0.045447054164869355,0.047643419253039575,0.03992532330342692,0.04708651221702175,0.03837976003511822,0.046836686699525225,0.04156460727272956,0.03697994607979251,0.03674578013809947,0.0495588086099905,0.03608491750120283,0.018203185743359794,0.03170886584455822,0.04712294520526912,0.029076127535001273,0.048455369169999596,-0,0.05874116563101736,0.061588858561446407,0.06053722436351458,0.09541909266102502
hamburg,2020,47,2020-11-16,2020.8743169398906,2020-11-22,2020.8907103825136,male,0.005054645659759895,0.030647429619646536,0.015243434034403385,0.020335975942431007,0.020772948634042315,0.032624632154471145,0.056429807419365687,0.09980050935340219,0.08374579995701735,0.0887929663964249,0.04364631218933612,0.06899254872435326,0.06788869682791542,0.09395002012416669,0.09510652056030494,0.10223884166920733,0.13518837759592406,0.1412677164236113,0.09037649211937324,0.07221572208816558,0.10532860218912637,0.11971169132780406,0.07434031393870215,0.07971987704177777,0.07361127754054876,0.06476992116770877,0.1140622065340517,0.05842360807708806,0.05689831767388896,0.07798044144880159,0.07012245913213595,0.04237646227736401,0.05801755370224043,0.07698576041845435,0.07239797533816587,0.06865410107656966,0.0581320815382085,0.06750339555094702,0.0747256658782865,0.06488967036922123,0.10269734427744646,0.052692287881020816,0.08176665271683839,0.050318738066287845,0.09421049095123595,0.08836063058248012,0.07956363793344755,0.08761056251739786,0.06605073127415463,0.0827301755164763,0.04843454978298581,0.07347588619195182,0.06483760546511605,0.06134416949802251,0.0828707992558781,0.06378069918176019,0.07432469162300773,0.05483169864143239,0.05118278094013288,0.05430594720703528,0.07885015197212866,0.024721475524169246,0.06848227465230265,0.03361326161487789,0.023878681770913925,0.05069870695909137,0.047055283961695435,0.06482198600404518,0.04276678169526403,0.0371880944687795,0.029060518812068902,0.06570709619778486,0.0447912854166238,0.07003393991888583,0.02610535168614876,0.0701120450992263,-0,0.056788998236937824,0.06870096292718744,0.03093359901762195,0.07552241610677209
hamburg,2020,48,2020-11-23,2020.8934426229507,2020-11-29,2020.9098360655737,female,0.01629415261230751,0.021267148364867018,0.021501244613538126,0.021678118033694314,0.010661092799352354,0.017095209751665015,0.04109623515107383,0.055310605564410184,0.025350978535455072,0.02658399411854058,0.039227992774347235,0.013589375529244961,0.03944135410752286,0.08201664610643816,0.06943513743372597,0.041517769870723725,0.05494101396362606,0.048850939107006414,0.09399690477674962,0.04916323328812339,0.061151542747440196,0.1303712930635081,0.051979170520600644,0.03386822699817294,0.04848659826614938,0.0590535192152731,0.06660263478556433,0.04949114419685335,0.06282794000728255,0.05698681452927201,0.053676093576418754,0.04206420885248601,0.06085479482533826,0.05762711979351158,0.04910077430186073,0.05003766697322137,0.06617048342525081,0.06660263478556433,0.0633798093143819,0.07296036082197542,0.026053325600267803,0.06001662124479957,0.05806440596828428,0.0637182226354939,0.04211625095975073,0.04499946507567004,0.07249170582975899,0.040825622070337214,0.0798448686664354,0.054456904995659625,0.0494651194460162,0.0599020892581348,0.044895375141964296,0.044557084296413356,0.029507970727501363,0.034175227792043225,0.04529091799851986,0.03144350475711054,0.037890601432940846,0.052234225971386564,0.018171974828907887,0.04287607165729657,0.029939817506343593,0.0261521752079434,0.02192782270989646,0.02341046892134744,0.029684871383974375,0.012325460624785496,0.024492567227658763,0.018577718178029532,0.030069892540127745,0.01213301537128127,0.006339186381260658,0.006729235390917331,0.021802970221906862,-0,0.03275991718110858,0.01957128256780228,0.006838449637916147,0.07870953910533904,0.09243410580367274
hamburg,2020,48,2020-11-23,2020.8934426229507,2020-11-29,2020.9098360655737,male,0.020231935366603407,0.015321456961439862,0.015243434034403385,0.015253837084577991,0.010385437020405574,0.01630975750366404,0.039493393589873846,0.04107021460134682,0.041856040944250744,0.031693256331342824,0.04364631218933612,0.025080447381949242,0.030845146490088796,0.025033624825184057,0.05069870695909137,0.08305308985443255,0.06433257860051632,0.05774685254720283,0.07745966366718275,0.05414978443857711,0.04737277209805504,0.04485894371439514,0.0510942939618579,0.029357085349008386,0.04497344257271275,0.04452065310584561,0.04559278167644049,0.04381285218285383,0.053342950939217225,0.04406266317321818,0.04461433336172354,0.029331070672825185,0.04189767445922572,0.060240479947107003,0.06204700288271908,0.032510160483754776,0.0581320815382085,0.044994260574033315,0.059771939579495954,0.049610858218473844,0.04561880448933728,0.07297077542533255,0.03269227462379457,0.05870993037578388,0.017116016595036396,0.05299939982998402,0.017672602745281225,0.03226040498597997,0.03961828856001279,0.049621268146422426,0.060547636479052515,0.054128962771555586,0.04682107264453606,0.032468534484154224,0.04682107264453606,0.04876245609667059,0.02228677528269061,0.046992827507310285,0.05118278094013288,0.027145884334841594,0.03708922388012275,0.04450503974627693,0.057939466685974474,0.02800954224628782,0.023878681770913925,0.02534577599999638,0.04033123642481093,0.02160008556828771,0.014249952332634055,0.022307584203469774,0.01453083005150185,0.04379723903580002,0.0298565696554765,0.015555526444964511,0.008700327802714423,0.020023854839438908,0.02407637290652759,0.024331291532909555,0.03434173745530661,0.023197173354265063,0.05967823201258295
hamburg,2020,49,2020-11-30,2020.9125683060108,2020-12-06,2020.9289617486338,female,0.021724937569143943,0.021267148364867018,0.021501244613538126,0.027099059918251102,0.048002549383415014,0.02849340505637608,0.05871513625035029,0.02457580649161621,0.05706490011497759,0.06647767498697602,0.06539470264438214,0.05437882332613802,0.05259338780898294,0.07517871843253444,0.11113868280528162,0.11078432746143067,0.10993492668930649,0.07678266034825244,0.12760844811450014,0.10452097421302015,0.12794727969190123,0.08861586454402241,0.10874162020865447,0.06776373393878579,0.09297587079547927,0.06299454144508015,0.08881901083735454,0.0813343753165378,0.06282794000728255,0.06369219076336763,0.08212081037348454,0.04530132706168568,0.08329267275582708,0.09155374973027493,0.03156317723674844,0.0786522524908435,0.06617048342525081,0.051791783639664475,0.055919656609534886,0.06931017082824968,0.08193331484302963,0.06802407363001714,0.053915541165227114,0.05946999357957668,0.067399260560762,0.10355183719884298,0.10423960999334744,0.03628785867722936,0.04877807073461048,0.07961050961665472,0.05358760235524373,0.03992532330342692,0.05987085330555248,0.07056505745868465,0.07380395045209141,0.06837813770179602,0.04529091799851986,0.07863662887965775,0.03368090537024011,0.052234225971386564,0.0636349206905713,0.04287607165729657,0.024950384828363172,0.04708651221702175,0.0328952025597092,0.029268635503098047,0.029684871383974375,0.02464864095688728,0.024492567227658763,0.0247735002775484,0.018041929553644385,0.04855946623009569,0.03170886584455822,0.04712294520526912,0.007264907465600685,0.07269999641595629,0.03931645956234851,0.07833457331946389,0.05474320545367557,0.06053722436351458,0.10586529094277218
hamburg,2020,49,2020-11-30,2020.9125683060108,2020-12-06,2020.9289617486338,male,0.020231935366603407,0.010213803028291233,0.025413409001518537,0.02542381408648386,0.046753411793750844,0.032624632154471145,0.045139986816681604,0.04107021460134682,0.03587677352801609,0.0380363077694295,0.04364631218933612,0.03134984822602566,0.030845146490088796,0.09395002012416669,0.0633850156564848,0.11503153945423626,0.05145865307419943,0.04490578412595868,0.11623020192336539,0.06619130991446304,0.06844061984707421,0.04984508210137078,0.083636424064175,0.05873075387718815,0.08589169734088149,0.07692847570295407,0.06840417191987419,0.06938306797828363,0.06045913356343741,0.08476665271767003,0.08288121584429546,0.07499645543614704,0.05801755370224043,0.0635880634051986,0.06549883362032671,0.057804116135553286,0.043594268550743664,0.07876161790055192,0.07098683113415509,0.03816119923994037,0.049418274927323626,0.08108438520696994,0.061312932679183245,0.037734487954054215,0.07706908375365175,0.04416154702177755,0.08399059445559036,0.04148134080943615,0.03961828856001279,0.053759379569208725,0.07266354550313987,0.07347588619195182,0.04682107264453606,0.057731235215871826,0.057632325559681515,0.04876245609667059,0.07432469162300773,0.04307903933904428,0.06825838046653337,0.04072674456520484,0.0649261158331191,0.06924768763812855,0.02632906444856477,0.06724826519540697,0.09558579854965922,0.0633850156564848,0.060505988029409846,0.050412428768259146,0.05703366586662338,0.0371880944687795,0.06541552882288913,0.036496004295904674,0.0447912854166238,0.031115707636310098,0.06964862274617534,0.05007410202920865,0.08029796582437891,0.056788998236937824,0.08589169734088149,0.05414457902104155,0.07308533619992695
hamburg,2020,50,2020-12-07,2020.931693989071,2020-12-13,2020.948087431694,female,0.032593412582920846,0.031906586750892585,0.016122499116499107,0.010837929351467157,0.03199504108396636,0.03989409934840773,0.06459290111407484,0.04916323328812339,0.05706490011497759,0.08643860282494671,0.07848039302601426,0.013589375529244961,0.06574874881337008,0.04099215303028327,0.05553964956498517,0.07614211916906452,0.08930343981644798,0.06979962508175645,0.1545133340490879,0.11683475521591759,0.12238029610134887,0.10949199314040543,0.09927951299997391,0.09319987143182129,0.1253565774194815,0.04723744904880816,0.08511562228835749,0.07072126953219447,0.07679828340241564,0.11739240974343232,0.07895951779806254,0.10035798123246456,0.08008443678681071,0.06780018141709734,0.09122557346916739,0.05718983729600024,0.05881404796618773,0.09252266315680532,0.09696635222890468,0.11313458227236556,0.07820437749843837,0.09605987134137488,0.107881831202662,0.09348117592329351,0.07583487050920791,0.05850690167409966,0.10877809642022526,0.08622504857047392,0.05321281767624837,0.07541826505650084,0.09072029025937679,0.0878762103864222,0.07484543800880447,0.07799606486283436,0.10705332070128533,0.04937143045083696,0.08306350647936625,0.07470483597070458,0.06737843358774864,0.052234225971386564,0.0772826004095318,0.047643419253039575,0.04491619311203666,0.03138627019029515,0.04935061069705398,0.029268635503098047,0.04156460727272956,0.030813927986886827,0.030621414297924948,0.018577718178029532,0.030069892540127745,0.06677966168094139,0.08248538695134285,0.05385828185890182,0.03634509863931343,0.05653392044446876,0.06554048606909141,0.07179914562965965,0.07528807653701429,0.04236605379965862,0.15664129110830013
hamburg,2020,50,2020-12-07,2020.931693989071,2020-12-13,2020.948087431694,male,0.01517061274145522,0.0204296126386492,0.04066429571146475,0.0355957804857931,0.046753411793750844,0.010874336951551836,0.02820724908706472,0.09980050935340219,0.0598031754726617,0.09513777768582844,0.03741185491621222,0.0627186081038073,0.06788869682791542,0.06261448269516212,0.03802069635670289,0.05748135855242818,0.11585496548381714,0.10270255455758696,0.12269303218827503,0.13246698279424274,0.08424580696834029,0.09974319949900903,0.07899076521914389,0.06292685954659982,0.09408025537461225,0.06476992116770877,0.06460331404172481,0.10593823935632167,0.10317669223597485,0.05423307119005987,0.05736683214963408,0.09458036176743949,0.06769604583256325,0.04350059013253707,0.04825238050217909,0.06865410107656966,0.06903941087997181,0.06374946089924406,0.06724826519540697,0.06870616980208197,0.09888876916045942,0.09325717407517997,0.0776783897002084,0.046123649636549864,0.09421049095123595,0.04858028566712269,0.04860630997513122,0.05531581109867697,0.052832830412224294,0.07444967027999577,0.05650789216864769,0.054128962771555586,0.0720490911042908,0.10468770928381757,0.057632325559681515,0.10133226886607072,0.06688379543032635,0.05483169864143239,0.05118278094013288,0.05883487150928615,0.06028212818409628,0.06429613355261093,0.10011831969226892,0.03361326161487789,0.07167417334286143,0.02534577599999638,0.026885749220666822,0.09366350372132774,0.04276678169526403,0.05207286421429129,0.06541552882288913,0.08031879797255057,0.05225504687974333,0.023332433856291586,0.06964862274617534,0.03003867450234462,0.02407637290652759,0.03244251825132789,0.060110329421515715,0.05414457902104155,0.11820544948978712
hamburg,2020,51,2020-12-14,2020.950819672131,2020-12-20,2020.967213114754,female,0.010863934777497159,0.021267148364867018,0.04301138335710295,0.048788480495843896,0.0800271486576184,0.06270298927921564,0.05284324098520251,0.04301138335710295,0.05706490011497759,0.05317638042097855,0.045764532482237726,0.04077878533393879,0.06574874881337008,0.061500353873676805,0.10418750567529654,0.06921123914523301,0.08242809617697663,0.09774260416936317,0.14105915100275487,0.10452097421302015,0.10567249919959253,0.08861586454402241,0.13240963692642732,0.11864324538789973,0.13750323929314281,0.07087227498266166,0.09252266315680532,0.1379933358435731,0.10125932691373517,0.10731906791466507,0.11057588426951553,0.09063694504701088,0.11215486225618862,0.08476665271767003,0.0982531654541574,0.0786522524908435,0.1066520970895172,0.11105009374293454,0.1081684259584292,0.10582881677437629,0.11548494331305129,0.14816648915795103,0.08296975693008829,0.1360277637351707,0.12645122460481267,0.1260915522735209,0.09063173597567634,0.12711844943071968,0.11537028909024552,0.10477628750763247,0.08659486259118672,0.1358765689580463,0.09357494442529432,0.07427782470407329,0.07750132569778131,0.06457728172651246,0.11329613362231511,0.07076813324576048,0.08423539010656583,0.09144435741311144,0.0636349206905713,0.0953253208335256,0.08487603098784396,0.0523175096548341,0.04935061069705398,0.0702682558118554,0.05344705778406935,0.012325460624785496,0.04899667615812779,0.08055836827637072,0.030069892540127745,0.07892827039575233,0.03170886584455822,0.04038848083788758,0.058163316446342726,0.048455369169999596,0.03275991718110858,0.039149933968746664,0.06844061984707421,0.06053722436351458,0.15365278790816939
hamburg,2020,51,2020-12-14,2020.950819672131,2020-12-20,2020.967213114754,male,0.03540845263453481,0.025538270158516882,0.03558016980574878,0.05085485936383723,0.057153397253861773,0.0598239994118628,0.045139986816681604,0.07630355563312714,0.041856040944250744,0.06975276224102595,0.03741185491621222,0.03134984822602566,0.04319353427824543,0.0751422657821507,0.057044077280656885,0.12142646265260891,0.07720969218456054,0.0898555901776534,0.12916187871914175,0.13246698279424274,0.10532860218912637,0.11971169132780406,0.083636424064175,0.07971987704177777,0.11865366914468414,0.10935129739090396,0.08742304719162623,0.05842360807708806,0.07469442102004262,0.13229494538051428,0.09883667020370525,0.10110823319509926,0.07414763903978726,0.0803344220891591,0.09654957744458377,0.07950114242155493,0.09449701036796083,0.07125760122270898,0.08967848470613664,0.07634521673747006,0.0646345528371858,0.1013739500276297,0.08176665271683839,0.10908553979159742,0.08992330713499534,0.09720599924248063,0.10611540021527474,0.13377552841833604,0.09249140760318342,0.07030991208114515,0.10499512847217686,0.06573833565634588,0.06483760546511605,0.06134416949802251,0.04321955589049912,0.09381978519989762,0.09291856846210846,0.07442884048297053,0.07679828340241564,0.05883487150928615,0.07885015197212866,0.08409997109339186,0.057939466685974474,0.08407392901590731,0.10156672583442335,0.07606921254312198,0.05378020108824925,0.036001659811947535,0.04276678169526403,0.0744028032484254,0.1017907634807617,0.06570709619778486,0.0298565696554765,0.0856104339031121,0.08707406213562643,0.06009471138033788,0.12049349494877168,0.056788998236937824,0.060110329421515715,0.023197173354265063,0.10234825669709116
hamburg,2020,52,2020-12-21,2020.9699453551912,2020-12-27,2020.9863387978141,female,0.03802590016042626,0.02658399411854058,0.010749511000238682,0.021678118033694314,0.058673489268388744,0.03419083805032202,0.046966804006784504,0.07375708400249739,0.06340584103012065,0.02658399411854058,0.039227992774347235,0.04077878533393879,0.05259338780898294,0.061500353873676805,0.1250490378329057,0.04843975462895492,0.09617969262132423,0.07678266034825244,0.0872772024057391,0.11068010576102655,0.11680869673939548,0.10949199314040543,0.08981391824773975,0.11864324538789973,0.08488644797795514,0.0945178482053065,0.09622657928428617,0.11319711821925654,0.094267794708282407,0.09724767709671354,0.08527708661353291,0.08091772580160633,0.108950056047995,0.09494502571108787,0.12635739680028335,0.07507456807065975,0.09192881085051241,0.09622657928428617,0.07084103243968999,0.09487209271777246,0.12294322241203379,0.1000662195036104,0.13281105932921516,0.09773218460350211,0.10957015761017386,0.10805899868345013,0.07702742206936658,0.12711844943071968,0.08872004203121035,0.08380309218317719,0.0659622189918993,0.0878762103864222,0.08982954521754315,0.07056505745868465,0.07380395045209141,0.060776703548349784,0.06795117838508802,0.09044420975506315,0.09266852265543786,0.06094850451252984,0.06818548489315078,0.07624627166915819,0.07488189045110875,0.09421049095123595,0.04386489604021393,0.052692287881020816,0.035627001859946744,0.06781580177276138,0.04899667615812779,0.07435593625908996,0.05413937360402129,0.06677966168094139,0.057090928669601304,0.05385828185890182,0.03634509863931343,0.048455369169999596,0.04586862415577186,0.02610014907521543,0.061588858561446407,0.0363138768340037,0.13946365321022675
hamburg,2020,52,2020-12-21,2020.9699453551912,2020-12-27,2020.9863387978141,male,0.010114983714056279,0.025538270158516882,0.04574891874917547,0.04067990791786589,0.03636070954899522,0.027182303354678642,0.05078198818327173,0.09980050935340219,0.08374579995701735,0.06340584103012065,0.01870256292238956,0.043896122379626354,0.02467465329063319,0.050084512049894864,0.057044077280656885,0.08305308985443255,0.04502548759164985,0.10912722716834027,0.10976817479277431,0.07823562446575583,0.05790302611850882,0.07478815565109591,0.09759152066872685,0.05873075387718815,0.053155559143714726,0.07692847570295407,0.1064488811165782,0.08035004621045631,0.07113783735579747,0.08137083230792774,0.08926697726311646,0.07173145227035833,0.07737113196299335,0.0803344220891591,0.0758452856882902,0.07950114242155493,0.07631397090608369,0.0937781100930188,0.0747256658782865,0.05725230599908168,0.07985528464871892,0.08108438520696994,0.08586044577266788,0.06710247698282602,0.10706895285271611,0.08393851042321679,0.0751422657821507,0.07376749876542414,0.11453644780189391,0.0827301755164763,0.08882421972710348,0.06960696700662906,0.05042283885667613,0.07940219134800339,0.07926157698844173,0.07128884401596379,0.055732255528174776,0.046992827507310285,0.07252815662211376,0.08148541159012818,0.051005807134158546,0.03956104499479871,0.057939466685974474,0.06724826519540697,0.08363121569406655,0.07606921254312198,0.05378020108824925,0.02160008556828771,0.07843873021098685,0.05207286421429129,0.01453083005150185,0.021891407369930563,0.0671961979297107,0.03889494268703751,0.02610535168614876,0.03003867450234462,0.0642284499599908,0.03244251825132789,0.08589169734088149,0.10835080526178209,0.10722527462545195
hamburg,2020,53,2020-12-28,2020.9890710382513,2021-01-03,2021.0054794520547,female,0.032593412582920846,0.01595084618731619,0.010749511000238682,0.021678118033694314,0.03733379883682261,0.03419083805032202,0.005871131431604497,0.03072027258971668,0.04437492859882831,0.0465244064904953,0.01307444352642146,0.033982701658544,0.026287443396635506,0.07517871843253444,0.04164787386935595,0.06921123914523301,0.06868534230562054,0.09075675383179027,0.09399690477674962,0.06760753074967857,0.12794727969190123,0.1303712930635081,0.09927951299997391,0.11864324538789973,0.08083960438921389,0.11028406520454775,0.12957891497082258,0.09903464651708185,0.1257318824299847,0.10396345770257359,0.09160063222236234,0.10683968176942009,0.07688160643720546,0.07798044144880159,0.07718365355756147,0.10728259272653207,0.047783948139108676,0.09993075925738139,0.055919656609534886,0.08026150958516333,0.09311131292537884,0.06802407363001714,0.04976700735651442,0.08922530580489871,0.067399260560762,0.05400403294447563,0.09063173597567634,0.07260105828348264,0.05321281767624837,0.07541826505650084,0.05358760235524373,0.06789390362147658,0.09732061342200124,0.08543334288944987,0.06642040184631297,0.10640198523560628,0.06795117838508802,0.1022544723733844,0.08423539010656583,0.10452097421302015,0.0636349206905713,0.052405998714648024,0.034929728969465036,0.04708651221702175,0.08776161702158079,0.05855375438105659,0.05938669843986569,0.03697994607979251,0.04287086736817866,0.03716727959238675,0.042100638322103624,0.06677966168094139,0.06343707910621249,0.04038848083788758,0.07271561824355245,0.05653392044446876,0.07210116322939279,0.05220819984766702,0.041054602277761636,0.07870953910533904,0.1984931601034344
hamburg,2020,53,2020-12-28,2020.9890710382513,2021-01-03,2021.0054794520547,male,0.030350855723541886,0.06130772654453145,0.030496540934826247,0.030506947036964844,0.020772948634042315,0.01630975750366404,0.02256249415888399,0.01173252347841739,0.03587677352801609,0.031693256331342824,0.05612267520981016,0.056445424359845196,0.012335863091210585,0.03129781689276104,0.0190094741930718,0.0510942939618579,0.05789782032524452,0.05774685254720283,0.06454083650710833,0.08426143226491173,0.07370501021915227,0.06481157303260637,0.07899076521914389,0.06712330384531386,0.06543114846224601,0.089084664879961,0.07981362073210324,0.07303847039799351,0.08537604886709572,0.08476665271767003,0.05417581153408853,0.07826166361952726,0.09996201928288326,0.0635880634051986,0.07239797533816587,0.050578990433010104,0.0581320815382085,0.0862719262585209,0.04855946623009569,0.06106824491413834,0.049418274927323626,0.06485843142050485,0.061312932679183245,0.05870993037578388,0.0599333252294803,0.0397431838301227,0.07956363793344755,0.046092421959464544,0.07045570928644355,0.041346033090963276,0.060547636479052515,0.07734509325515433,0.06844061984707421,0.036074510282755816,0.0720542983144574,0.07504332300277293,0.04829922397057983,0.06267175164411774,0.06398895487809886,0.06789390362147658,0.06028212818409628,0.05935025685820077,0.08429789130850805,0.05042804390166324,0.02985136666922528,0.0190094741930718,0.0672378517380958,0.07203346947693125,0.028509013609085872,0.059511641199466454,0.07268437459304743,0.06570709619778486,0.0671961979297107,0.031115707636310098,0.06093809231672459,0.09016292169214218,0.0642284499599908,0.08114688262169206,0.06870096292718744,0.06962779487223103,0.14383313952642077
hamburg,2021,1,2021-01-04,2021.0082191780823,2021-01-10,2021.0246575342467,female,0.03141748903711387,0.011139593093019493,0.01091594566857925,0.01101996760680905,0.04975139242161237,0.03802590016042626,0.028920040516489626,0.011852150603862919,0.03713085357875095,0.012725957084356844,0.05313473787478791,0.045957102242106626,0.020361986118910415,0.0722469654570811,0.061318138814350505,0.08350100661083022,0.04789324864639044,0.10830390766554099,0.08001152463333412,0.13531871616991595,0.18659317891120378,0.10777240453078224,0.13022532777076798,0.14382271072101707,0.10712106005807615,0.14484474359176144,0.14203420153138988,0.08225622423259621,0.09368955060180342,0.12169228333060053,0.10807463113720332,0.1156204440841168,0.10253061558850994,0.06907585925243327,0.08692821832853562,0.07171583073842223,0.10653225167607122,0.1089187906188305,0.05662241667969944,0.09488772120772578,0.0891888433063549,0.07164293031809112,0.0890690381340064,0.08368850779398053,0.10259834905391592,0.08929302194145777,0.11775723369833488,0.05940231626840119,0.05018861237137771,0.08037608642305248,0.10151462419454277,0.099555640417147,0.10066016474883842,0.08650631533266298,0.07116387295557847,0.06310908024319327,0.05368129894706296,0.08747513471429207,0.07146588686564018,0.06378590556400113,0.05729395184282767,0.05987085330555248,0.08187081648311477,0.05549800512620334,0.03187016442218581,0.06688900212327284,0.041601036392344484,0.06629023585212797,0.0500324619673039,0.07464234629802248,0.04398459710981265,0.05506594604182277,0.10510454929982047,0.06495214832296592,0.03463313064899739,0.07486106048094708,0.05817893390744267,0.03363927843344811,0.0740382833336648,0.0849229074597749,0.17216027768018413
hamburg,2021,1,2021-01-04,2021.0082191780823,2021-01-10,2021.0246575342467,male,0.029945020501444982,0.051984375721374265,0.02088219238070096,0.020845777772977137,0.020694917526936325,0.02638629344935969,0.01656983971564772,0.011436057440606802,0.053155559143714726,0.023935908074983355,0.06996624885748641,0.03748470736268477,0.04391173555637019,0.049314176147994666,0.043766012755767615,0.07554324634185314,0.08207393642749258,0.07631397090608369,0.10619355960963502,0.10441155461335429,0.10201480209235744,0.17467505036485173,0.06574354223459442,0.07879286520271885,0.06774290681979354,0.09287168478177314,0.1040885076148269,0.09066299041152816,0.11347331955098582,0.11869015230988152,0.1012749573234822,0.08621463131220183,0.08240726318376468,0.09452305766594474,0.09164751475671841,0.06343707910621249,0.077569026568693,0.06676924831747175,0.08458956457755777,0.06493652882749508,0.06190643544581538,0.07377791353043679,0.08649068936152009,0.04551991786960274,0.08928260406855472,0.09527843498319087,0.08500624351421981,0.07137215822308132,0.060453927514271324,0.0799177805862344,0.06692024229187675,0.06941951659161984,0.11301472191769556,0.06547280085679431,0.07309575082831428,0.07651706914569108,0.07989694859871697,0.08655319327427684,0.07532973682778829,0.08214685147285326,0.10104050167063942,0.09936808201179038,0.050584195493633334,0.048398115875771905,0.07998027659885462,0.03658967009613205,0.0586422540538127,0.04815348887414115,0.03704239050900569,0.05125044755453048,0.06875823857973187,0.06038624892250179,0.030251998134053146,0.09270498759402768,0.0974716961355247,0.045426235982268075,0.031615208835539886,0.10950241506291973,0.06805010767082507,0.1088041508727319,0.1326598739046573
hamburg,2021,2,2021-01-11,2021.027397260274,2021-01-17,2021.0438356164384,female,0.02094461748183015,0.011139593093019493,0.01637737875364091,0.03858271016747606,0.016580243031184678,0.01629415261230751,0.03471118267457441,0.011852150603862919,0.012372271740083287,0.025455029353872036,0.03320219760901483,0.026256227629550655,0.03394107448015803,0.006562814122280046,0.0408672547603266,0.06261448269516212,0.06158365239916939,0.0676648051978688,0.06666511479746938,0.07376749876542414,0.0903869102114322,0.07182518156054393,0.08195414764636236,0.09147561233739078,0.07932928015113494,0.057127368667969455,0.07470483597070458,0.08225622423259621,0.08327183941623313,0.0555969107227635,0.06751901581746515,0.05777808722394185,0.09590879272975168,0.05920449078691724,0.045186827481403145,0.05377499570770461,0.09182462693464849,0.04128878762375218,0.07551200099235775,0.07209595601453897,0.0334259409054129,0.04523887271391622,0.07286142219411701,0.058569371959419476,0.0812041719845034,0.059511641199466454,0.049787827277014945,0.0456864638638262,0.09585148716430554,0.07143985111465084,0.05919407894031788,0.08294892371986728,0.06037583683927891,0.03759398622377517,0.06741488079599328,0.04454147092590018,0.034503044200046816,0.05322843365061269,0.05954808289422968,0.0425169769302963,0.04406786758160957,0.027624536345130603,0.04814307924002447,0.04540541780800134,0.010619484286249373,0.027858661215628747,0.03565822325284605,0.012044594817923965,0.03751592987099191,0.055971712585321375,0.03141228589467296,0.048944627164408505,0.0803552542519358,0.051953144524530835,0.04849180311732818,0.02993461451175702,0.04154899480070872,0.04036766468038552,0.03363927843344811,0.0565963883595821,0.09841467057770815
hamburg,2021,2,2021-01-11,2021.027397260274,2021-01-17,2021.0438356164384,male,0.019961430843658905,0.036381524102531655,0.01565955766473659,0.05212491633929076,0.015519115567216623,0.010551870523468895,0.01656983971564772,0.02287983278826568,0.023618563000681193,0.05386869263718087,-0,0.03748470736268477,0.05646624695443742,0.04314669540901133,0.03751592987099191,0.06294768473675043,0.03155277092323773,0.07631397090608369,0.08118854760656438,0.04911118412768986,0.11903934961463025,0.10972648690219917,0.0798448686664354,0.09632035273704445,0.07970425310981666,0.08512603932646533,0.08865753551385232,0.07614732678911182,0.08863149115379819,0.07676703729878885,0.05736162641004863,0.03830170250281466,0.056023768613225715,0.0749547954123836,0.05768438325000966,0.07754298776175922,0.055393894175165576,0.1113314948156288,0.03843179845508518,0.04964729297540838,0.08126666954319432,0.04269912611958655,0.06176586838889535,0.07450695226483534,0.04249615992071718,0.05627884390323163,0.0357779054326154,0.07137215822308132,0.11165979799178272,0.0488249146765687,0.037630412561842845,0.06533222415891268,0.04283964164442654,0.06547280085679431,0.04749768599454951,0.05464430148087418,0.08370413292309198,0.07148671547581971,0.06739405381672953,0.051864656235340624,0.06427530782242645,0.04729470106512635,0.04046133745476666,0.021506446764364646,0.057116957237259375,0.03049133788453498,0.019540070832188793,0.03438856839416482,0.03704239050900569,0.06589973982454454,0.061115099928952456,0.0830478815427511,0.022687348470507424,0.015441092343604745,0.04059143881022278,0.018166773011649994,0.06324965093115235,0.04209022989960784,0.07656393808286578,0.06344228545405513,0.08801163923408717
hamburg,2021,3,2021-01-18,2021.0465753424658,2021-01-24,2021.0630136986301,female,0.005236663670438811,0.011139593093019493,0.03275991718110858,0.02755690046768034,0.022104697581028895,0.00542908340308526,0.011566086196461307,0.01778183997879256,0.024752690369950796,0.025455029353872036,0.026563183486388017,0.03282235654288404,0.03394107448015803,0.019690927727868554,0.061318138814350505,0.0278170389393853,0.08212601859231732,0.027057438250009416,0.053327334930468304,0.049168438207035044,0.0508236288453737,0.05642460177358529,0.11090939377764229,0.08711573186992799,0.08726678493668494,0.06474909524776822,0.07097120982590625,0.0679459715857919,0.05549800512620334,0.06255200755006156,0.08779286973240377,0.04814307924002447,0.04296974895042808,0.07565781278398359,0.05909516650160319,0.05736162641004863,0.06242185123883868,0.060063475312048926,0.041517769870723725,0.06830003512577844,0.07059629983584592,0.07541826505650084,0.060714230611193847,0.050199022414988075,0.06837813770179602,0.051005807134158546,0.0814958279010297,0.03654804083075729,0.041059806385100615,0.0535719862730239,0.042272377594068426,0.053899924984523916,0.03621500790753163,0.07145026541348344,0.048679178106830694,0.04825238050217909,0.05368129894706296,0.05322843365061269,0.051604397433992096,0.06378590556400113,0.0484761885653489,0.041444911773675035,0.024065968091178745,0.03026240418725459,0.021246339860430657,0.033431144249339136,0.00593873910845527,0.04217349733790853,0.06254680129135462,0.06219277692234349,0.04398459710981265,0.024466554984993116,0.0061779669785036575,0.07145026541348344,0.03463313064899739,0.02244804463657235,0.04986590205313114,0.02690655998191206,0.05383746030859666,0.0565963883595821,0.09184546370111775
hamburg,2021,3,2021-01-18,2021.0465753424658,2021-01-24,2021.0630136986301,male,0.019961430843658905,0.02078855486951126,0.03654804083075729,0.005210661058478578,0.015519115567216623,0.03166203731896339,0.022094293160190178,0.011436057440606802,0.03542926680690537,0.03590799507088156,0.025429016629750174,0.024986802310579447,0.05018861237137771,0.055482388470261386,0.03751592987099191,0.031464317342481514,0.03786458248724768,0.03814038397402376,0.037453484873130424,0.0552481391938897,0.07365814385873078,0.06979962508175645,0.06574354223459442,0.05251530893761165,0.055779105735197586,0.050282302838890076,0.06551445328470075,0.06526453921769663,0.06025089200322708,0.07676703729878885,0.0674929820425494,0.05426950918577807,0.056023768613225715,0.07169500203647033,0.061078657135998894,0.05638295662607967,0.07017973635041655,0.03708402017014045,0.049970001936972715,0.03818721833405045,0.05416019527521727,0.04269912611958655,0.03293162560639593,0.057939466685974474,0.05950643524515318,0.06061010921606201,0.026828519670183897,0.02675568215158173,0.051146345107314924,0.04438533747864398,0.05854854852264078,0.03674057646248593,0.05842360807708806,0.06547280085679431,0.04749768599454951,0.0473519531444791,0.0684770677998214,0.04137725791782401,0.06342666641209678,0.051864656235340624,0.06427530782242645,0.03783335976959742,0.050584195493633334,0.06454083650710833,0.057116957237259375,0.018291616769384955,0.026053325600267803,0.013750617911807095,0.02963284171665657,0.06589973982454454,0.03818721833405045,0.03018435883900562,0.03782295220121339,0.030881568100855482,0.07308533619992695,0.05451937041569583,0.04215788468306782,0.058933783452878294,0.02550705484115976,0.018119956679774157,0.09036086498519547
hamburg,2021,4,2021-01-25,2021.0657534246575,2021-01-31,2021.0821917808219,female,0.010468653705347542,0.027848255643444543,0.01637737875364091,0.02204227108722312,0.03869199133606432,0.01629415261230751,0.005782721525274816,-0,0.012372271740083287,0.03818721833405045,0.013277294918819153,0.019690927727868554,0.04073194863973225,0.03939451861792638,0.0408672547603266,0.04869479271976955,0.03420124489177989,0.027057438250009416,0.053327334930468304,0.049168438207035044,0.05647145260439263,0.04616008195019439,0.06748256853623141,0.06532181108529846,0.05155234583003042,0.04569687300617045,0.026136567362656626,0.07510060564157056,0.045087941683140294,0.045166009402983244,0.04387530481793648,0.04493180659506327,0.04627978830330441,0.019727341526875847,0.04866356349858639,0.03584555200389647,0.04038327679772796,0.033779769478671215,0.06417638571792679,0.05691393475506906,0.03714126100861542,0.04523887271391622,0.05666406201897573,0.03764082009169099,0.0469980322089748,0.03824966421303955,0.04073194863973225,0.027406020750380154,0.054753616409124295,0.04017511561852642,0.0676543916571415,0.04560319080003762,0.03621500790753163,0.026313456550184463,0.06366615890427901,0.040825622070337214,0.04217349733790853,0.03801549255350606,0.0277806194750044,0.03826007186682844,0.06611321062292938,0.018416460826856485,0.04814307924002447,0.04540541780800134,0.021246339860430657,0.02228677528269061,0.03565822325284605,0.04820553707598237,0.031261394990446154,0.006214371316084415,0.01884821550296966,0.018348836925189373,0.018530901476172684,0.01947764741716979,0.04155940311487037,0.02244804463657235,0.05817893390744267,0.03363927843344811,0.04710212635171474,0.07075771908354098,0.08965764880796709
hamburg,2021,4,2021-01-25,2021.0657534246575,2021-01-31,2021.0821917808219,male,0.014972955460375015,0.025985691766443362,0.03654804083075729,0.02605852820651066,0.015519115567216623,0.0369435201973836,0.027619333582200315,0.02287983278826568,0.029523579584744965,0.01196657680746688,0.025429016629750174,0.024986802310579447,0.025085649890862198,0.030813927986886827,0.00625077567914549,0.031464317342481514,0.03155277092323773,0.05086006445207428,0.04369835588001018,0.030689054161477596,0.05098498672599386,0.04485894371439514,0.06104742047666037,0.039384110737078704,0.04780997204857335,0.0696382088081604,0.057798910352190994,0.036246229653478575,0.03543447035130267,0.06629544248563665,0.037110038725270904,0.05746053555134058,0.0395402291685254,0.052130121554653554,0.020351582046756276,0.04580616912664389,0.03322821422192664,0.05192711854149282,0.049970001936972715,0.03818721833405045,0.03868158359582761,0.04658686238227465,0.028815982764439984,0.037240131696213506,0.046748207116564654,0.06061010921606201,0.06709727026851031,0.08476665271767003,0.023243994257461535,0.03994613928385569,0.0836624659225597,0.04899147125641434,0.03894177772667087,0.03272869752833626,0.02922701209825631,0.06922165299773993,0.04563962274903346,0.026323861815248883,0.0435994729122561,0.060516400138693235,0.06427530782242645,0.04256381523231625,0.03540324909274682,0.04302179196398028,0.0628331462941315,0.048793685377244954,0.03908748700863085,0.03438856839416482,0.03704239050900569,0.036600077417683057,0.045826987461351866,0.03018435883900562,0.030251998134053146,0.046331834629735294,0.0487104073373914,0.009079992706433657,0.02107467001655247,0.03366529526503517,0.02550705484115976,0.036241026027849385,0.06922165299773993
hamburg,2021,5,2021-02-01,2021.0849315068492,2021-02-07,2021.1013698630136,female,-0,0.005569498251956764,0.03275991718110858,0.005512292156648544,0.011051174228849372,0.021724937569143943,0.017350094156640673,0.00592833792167956,0.0185621126060625,0.006365189557546502,0.013277294918819153,0.01312645662852338,0.03394107448015803,0.019690927727868554,0.027244736019444875,0.0278170389393853,0.07527766146953588,0.04058623474975733,0.05999579722846092,0.06761794428102148,0.0960390328860889,0.05642460177358529,0.06748256853623141,0.047898453438179264,0.04758096209224422,0.019035483706049034,0.03733900257180066,0.04647756462089169,0.03815079160594054,0.07298119003077552,0.03712564986460271,0.05135455021016223,0.016523024821490682,0.05920449078691724,0.045186827481403145,0.046602476366937574,0.036709354419722846,0.01876498540697031,0.04529091799851986,0.05691393475506906,0.025996096965921842,0.06409828945256013,0.032369672868652374,0.041830020014312116,0.025631916223012953,0.06801886682341618,0.049787827277014945,0.05482649315562814,0.06387962053352846,0.022312786434970013,0.0549618359558148,0.058048788541581124,0.0523175096548341,0.03759398622377517,0.033696515480125346,0.029690074353566534,0.026833722353991372,0.03801549255350606,0.0277806194750044,0.05102142244574989,0.0396599202833872,0.050657066397018655,0.01925396412869344,0.03026240418725459,0.010619484286249373,0.016715486322566215,0.03565822325284605,0.024097182543471058,0.018754581654336435,0.018650544242480107,0.01884821550296966,0.03670415074774868,0.024711070579739352,0.02597008397112666,0.020778150712009624,0.01496255246639305,0.016616654651957382,0.020179915156756156,0.03363927843344811,0.042444117433228894,0.04007103534141143
hamburg,2021,5,2021-02-01,2021.0849315068492,2021-02-07,2021.1013698630136,male,0.009979757588370606,0.041585423909386174,0.010437447432891652,0.031266598117788875,0.02587123470959719,0.03166203731896339,0.022094293160190178,0.011436057440606802,0.029523579584744965,0.01196657680746688,0.01907189704608009,0.031235379361559235,0.031360254498927265,0.03697994607979251,0.018754581654336435,0.05034996828152198,0.03786458248724768,0.03814038397402376,0.04369835588001018,0.036829039018782296,0.04531694066035277,0.0398732833888109,0.06574354223459442,0.026251025003527908,0.043823260950158836,0.050282302838890076,0.05008971706102237,0.05800714209329616,0.04961606318218475,0.04884052933326955,0.030361261796526377,0.04468719589964194,0.0461288542512245,0.029315461873366925,0.030532962301419123,0.02818643780526826,0.048007754186143996,0.025954476180500403,0.05765835439833115,0.04964729297540838,0.04255340671710965,0.03881688438138674,0.05764273709357906,0.028961663675616558,0.021246339860430657,0.043287212143289566,0.0402479719364623,0.05798111308005291,0.06975796922124632,0.04438533747864398,0.029268635503098047,0.03265585174475918,0.02725514147086117,0.029086533352894357,0.01460885190932469,0.05828825626649333,0.026620412744845168,0.03385261683673502,0.03963390045236935,0.05619034825270808,0.04590505629073466,0.04729470106512635,0.030345652687833437,0.05916284341302825,0.02855063643920362,0.024388518335081114,0.05212491633929076,0.03438856839416482,0.03704239050900569,0.029279041359514337,0.03818721833405045,0.022635325804230225,0.060526812250061485,0.023160757125374496,0.008117833613398493,0.03633989500379043,0.052702698425861984,0.01682992322846593,0.02550705484115976,0.018119956679774157,0.031667240486388824
hamburg,2021,6,2021-02-08,2021.1041095890412,2021-02-14,2021.1205479452055,female,0.010468653705347542,0.016710284651006022,0.03822364508768359,0.016533428127661683,0.005527893812761903,0.010863934777497159,0.005782721525274816,0.03556976268832088,0.024752690369950796,0.006365189557546502,0.006640824025636648,0.026256227629550655,0.027151087050402017,0.019690927727868554,0.013620583693301576,0.0278170389393853,0.027359196099544254,0.006760439438083146,0.04665972768415453,0.02457580649161621,0.0508236288453737,0.035897587887843536,0.06266133910325324,0.06096412281014396,0.03964951234941883,0.04188726607735551,0.03733900257180066,0.06436381723333442,0.017339690687083274,0.045166009402983244,0.02699500581011762,0.04814307924002447,0.03966512425114968,0.02959121802028503,0.03127700437403043,0.03943094621730098,0.044057458765341895,0.033779769478671215,0.030189561858581068,0.030345652687833437,0.052005196529690705,0.041465728362415195,0.032369672868652374,0.04601435284877916,0.06837813770179602,0.021246339860430657,0.04073194863973225,0.03654804083075729,0.02280700080045453,0.07143985111465084,0.042272377594068426,0.03730778016972627,0.03621500790753163,0.045113964243396774,0.033696515480125346,0.029690074353566534,0.034503044200046816,0.02280700080045453,0.03969114409778556,0.034008718661960216,0.0396599202833872,0.02302029476710931,0.028878417390679725,0.03530958542955223,0.021246339860430657,0.02228677528269061,0.02971088623715266,0.018073140390041906,0.012502302837021037,0.018650544242480107,0.03141228589467296,0.018348836925189373,0.01235666803029795,0.01947764741716979,0.020778150712009624,0.03741705865900149,0.03323862087072909,0.020179915156756156,0.04037286871897694,0.03536682431478768,0.03861393333506731
hamburg,2021,6,2021-02-08,2021.1041095890412,2021-02-14,2021.1205479452055,male,0.03494013595879937,0.025985691766443362,0.03654804083075729,0.015633549840278968,0.06211468363600894,0.010551870523468895,0.005522693260200158,0.011436057440606802,0.0059023349638452445,0.029919005531132456,0.025429016629750174,0.012491900337300056,0.01254391285671498,0.018489286665460354,0.00625077567914549,0.031464317342481514,0.05049050448218209,0.031781710301532415,0.04369835588001018,0.04911118412768986,0.08500103500690134,0.05483169864143239,0.06104742047666037,0.05251530893761165,0.035850755589945056,0.03480484525991087,0.06165653871843941,0.06526453921769663,0.04252218118399032,0.07327800716273258,0.03373814246273667,0.03830170250281466,0.0395402291685254,0.03583514483335566,0.033925464296857395,0.03523153250576789,0.048007754186143996,0.03337390749475842,0.06535305031239681,0.02672966877680145,0.030944005207223825,0.05823619797161901,0.037052797921164934,0.04965770291065087,0.025496649739538132,0.05194793932688346,0.026828519670183897,0.04459871997402092,0.03254138000532251,0.06659222145755128,0.025085649890862198,0.03674057646248593,0.031152129436576814,0.04364110782313006,0.02556948549461241,0.025491447189510977,0.026620412744845168,0.030090704575728534,0.0356686303879782,0.03024679510823622,0.05049570953394812,0.028373739641276312,0.025283345615132038,0.03226040498597997,0.03426368598426466,0.018291616769384955,0.026053325600267803,0.013750617911807095,0.014816910769176628,0.014640060685233372,0.045826987461351866,0.037734487954054215,0.03782295220121339,0.015441092343604745,0.04059143881022278,0.05451937041569583,0.07379874306671984,0.058933783452878294,-0,0.036241026027849385,0.041054602277761636
hamburg,2021,7,2021-02-15,2021.123287671233,2021-02-21,2021.1397260273973,female,0.01570637178153197,0.033420737562001555,0.01637737875364091,0.033066911431721704,0.016580243031184678,0.01629415261230751,0.011566086196461307,0.03556976268832088,0.024752690369950796,0.019092704680395946,0.026563183486388017,0.045957102242106626,0.047523709760751855,0.019690927727868554,0.04768505740191277,0.034773624379385075,0.0410493981709377,0.03382139652792902,0.053327334930468304,0.05531581109867697,0.05647145260439263,0.05129208859177388,0.04819512743144641,0.047898453438179264,0.05551882734142537,0.03807793822626715,0.04854905651470802,0.06078711571183947,0.03467996185028371,0.0555969107227635,0.047253063228823305,0.04493180659506327,0.04627978830330441,0.03617337894209628,0.03823405273626483,0.05018861237137771,0.033035691594636325,0.04128878762375218,0.04529091799851986,0.02655277817343493,0.03714126100861542,0.041465728362415195,0.04856467108857387,0.020908202830396985,0.055550060679891745,0.046753411793750844,0.0452596908215068,0.031974228286176395,0.02280700080045453,0.03124578561155328,0.02958601506058414,0.03730778016972627,0.024138801842335366,0.033831803295450234,0.04118990923791182,0.05196876012061076,0.034503044200046816,0.04561880448933728,0.03969114409778556,0.0425169769302963,0.035252346607322294,0.0368394463882409,0.03850985618267699,0.020174713138630188,0.03187016442218581,0.033431144249339136,0.011883357725328935,0.03012192264474778,0.018754581654336435,0.006214371316084415,0.006281979439199475,0.012231838520603982,0.0061779669785036575,0.012986021372251058,0.013849444135345498,0.01496255246639305,0.04154899480070872,0.05383225492232595,0.020179915156756156,0.02829049429754094,0.029138562473594712
hamburg,2021,7,2021-02-15,2021.123287671233,2021-02-21,2021.1397260273973,male,0.024955587324263617,0.025985691766443362,0.010437447432891652,0.020845777772977137,0.02587123470959719,0.02638629344935969,0.03866597198938124,-0,0.011805339956782778,0.023935908074983355,0.012715554539894168,0.01873897602928555,0.01254391285671498,0.03697994607979251,0.012502302837021037,0.025168890104205904,0.03786458248724768,0.02542381408648386,0.04369835588001018,0.09211634242508923,0.07932928015113494,0.08476665271767003,0.04225676490953954,0.07003393991888583,0.0517969888216807,0.05415498985663954,0.057798910352190994,0.0398732833888109,0.04961606318218475,0.034882897543232226,0.026984600410755597,0.05107347351826374,0.056023768613225715,0.055388688633082155,0.037318187635001415,0.04933499588719,0.03692270541889027,0.03708402017014045,0.049970001936972715,0.06493652882749508,0.027073046371698873,0.031053270323770327,0.04940786504001814,0.05379581723299806,0.021246339860430657,0.043287212143289566,0.0402479719364623,0.05351993269948451,0.055799928062980265,0.03550211647581174,0.04599873904071044,0.03674057646248593,0.054529781326330476,0.04364110782313006,0.02556948549461241,0.05828825626649333,0.053249254957050386,0.030090704575728534,0.01981577514491542,0.017282471641719487,0.05049570953394812,0.05202601734634378,0.03540324909274682,0.016127700729256407,0.03426368598426466,0.0548941645116886,0.032572599545633685,0.041267971105844625,0.02963284171665657,0.058574577819914195,0.022911046528549278,0.022635325804230225,0.045389804182773726,0.046331834629735294,0.0487104073373914,0.009079992706433657,0.02107467001655247,0.008414280733668927,0.04252218118399032,0.07251253485083464,0.034013922064202035
hamburg,2021,8,2021-02-22,2021.1424657534246,2021-02-28,2021.158904109589,female,0.02094461748183015,0.016710284651006022,0.03275991718110858,0.04409388963139131,0.03316577437281314,0.05433197438070381,0.03471118267457441,0.01778183997879256,0.04331843813580664,0.044557084296413356,0.026563183486388017,0.045957102242106626,0.013573771454237438,0.05910037241473689,0.027244736019444875,0.02086138403030935,0.05473799997673576,0.0676648051978688,0.053327334930468304,0.06146391081073331,0.03387863377506636,0.025642321351701185,0.07713157634267345,0.0827562169210053,0.09521071105178354,0.019035483706049034,0.05601856300809312,0.05363445063004696,0.041621853043584414,0.07298119003077552,0.06751901581746515,0.03850985618267699,0.0661236238550237,0.05261941412549073,0.03823405273626483,0.05018861237137771,0.05874637150871082,0.05255174572966058,0.033967091462747054,0.05311391661419813,0.04085684658470434,0.04523887271391622,0.0647647146869388,0.050199022414988075,0.034175227792043225,0.03399831185903285,0.05884528328396243,0.0456864638638262,0.07757944209511854,0.04017511561852642,0.06342146006582373,0.041455320067003455,0.06037583683927891,0.01503537346797201,0.05617473138884007,0.04825238050217909,0.04600914824557059,0.030408089150729574,0.04366192529106801,0.04676902582842347,0.035252346607322294,0.050657066397018655,0.04814307924002447,0.04035725660475935,0.04249615992071718,0.016715486322566215,0.00593873910845527,0.03012192264474778,0.03751592987099191,0.03730778016972627,0.01884821550296966,0.030584992869379296,0.018530901476172684,0.006490004984736952,0.03463313064899739,0.01496255246639305,0.04986590205313114,0.020179915156756156,0.026911762673521824,0.01414592393288367,0.024768297799871143
hamburg,2021,8,2021-02-22,2021.1424657534246,2021-02-28,2021.158904109589,male,0.014972955460375015,0.0467846398677903,0.005221062101703512,0.031266598117788875,0.010349029762614797,0.010551870523468895,0.03313975779114117,0.0400398112988978,0.011805339956782778,0.03590799507088156,0.0317921166608589,0.024986802310579447,0.006271578183767644,0.030813927986886827,0.031261394990446154,0.037760506834652784,0.03786458248724768,0.06358285704276034,0.06869054917895673,0.09211634242508923,0.056653650681028414,0.07478815565109591,0.07044529518679374,0.08317808949135633,0.035850755589945056,0.0386763797264933,0.04238166651699509,0.04350059013253707,0.0531607644622462,0.06280190858083935,0.06411390869625266,0.05107347351826374,0.029653653577336573,0.052130121554653554,0.061078657135998894,0.05285885684858066,0.06278628973123314,0.07419450584138715,0.0730488850169945,0.061115099928952456,0.05803317111956267,0.054352796129020525,0.06588412004443844,0.020684513388169623,0.038244460386929136,0.03895738941592654,0.05814769898993326,0.04905913501936042,0.046493178572735924,0.0488249146765687,0.03344675428424764,0.053077479428229823,0.054529781326330476,0.054555808612033296,0.05847046070899056,0.0327807302933699,0.04563962274903346,0.026323861815248883,0.05549800512620334,0.04753932402672352,0.05049570953394812,0.04729470106512635,0.050584195493633334,0.021506446764364646,0.022838214497025486,0.03658967009613205,0.032572599545633685,0.006874854437892958,0.04445819969569323,0.014640060685233372,0.045826987461351866,0.04528050893743188,0.01512379910698572,-0,0.008117833613398493,0.009079992706433657,0.031615208835539886,0.025246927925235238,0.02550705484115976,0.04530653159405573,0.01876498540697031
hamburg,2021,9,2021-03-01,2021.1616438356164,2021-03-07,2021.1780821917807,female,0.02094461748183015,0.05014176720091785,0.021839385499940696,0.016533428127661683,0.055284577900910174,0.05433197438070381,0.028920040516489626,0.03556976268832088,0.03713085357875095,0.05729395184282767,0.06643081513992388,0.019690927727868554,0.04073194863973225,0.032827559826413374,0.03405554930090421,0.06261448269516212,0.013677798709381312,0.0676648051978688,0.053327334930468304,0.0799177805862344,0.05647145260439263,0.05642460177358529,0.04819512743144641,0.056606799686064475,0.05155234583003042,0.03807793822626715,0.05975632163995214,0.05363445063004696,0.03815079160594054,0.052119711124449006,0.05063104106265907,0.02246365137478491,0.052890088589399746,0.03288479597962832,0.06605593788368815,0.028675505129473783,0.051401396473187734,0.06382235025430076,0.041517769870723725,0.06070902453648832,0.048288814307289096,0.056554743074497905,0.05261420886114938,0.04601435284877916,0.055550060679891745,0.059511641199466454,0.036204600663048446,0.031974228286176395,0.06387962053352846,0.03124578561155328,0.04650358787657199,0.041455320067003455,0.028165626531800828,0.041356441364500215,0.026209404014061723,0.04454147092590018,0.038338129336639964,0.02660480475902166,0.0277806194750044,0.029757713005673345,0.035252346607322294,0.06448356549965097,0.03850985618267699,0.03026240418725459,0.03718289074890309,0.027858661215628747,0.0237694317289319,0.024097182543471058,0.031261394990446154,0.03108969208031053,0.01884821550296966,0.03670415074774868,0.030891974280044986,0.01947764741716979,0.020778150712009624,0.01496255246639305,0.016616654651957382,0.03363927843344811,-0,-0,0.027681766771685642
hamburg,2021,9,2021-03-01,2021.1616438356164,2021-03-07,2021.1780821917807,male,0.029945020501444982,0.031183348142826493,0.04177277401429003,0.04690955235147974,0.041403278621194514,0.04750289074674576,0.07736592422037898,0.011436057440606802,0.029523579584744965,0.03590799507088156,0.05723668881627874,0.03748470736268477,0.031360254498927265,0.049314176147994666,0.012502302837021037,0.025168890104205904,0.03786458248724768,0.031781710301532415,0.08118854760656438,0.04296974895042808,0.06231772642442061,0.05483169864143239,0.05165124392210303,0.07441321814068014,0.043823260950158836,0.046415108860386904,0.03852546774225384,0.0398732833888109,0.06025089200322708,0.034882897543232226,0.037110038725270904,0.060656963818070925,0.07251253485083464,0.04561359992571841,0.061078657135998894,0.04580616912664389,0.059089960588984906,0.05935025685820077,0.06535305031239681,0.05729395184282767,0.050292712901256656,0.06989335088990568,0.06588412004443844,0.037240131696213506,0.038244460386929136,0.05627884390323163,0.0491996677314283,0.07584007809849119,0.060453927514271324,0.05770520634073556,0.06273422693308452,0.03265585174475918,0.04283964164442654,0.050917320457034294,0.02922701209825631,0.040065831333026714,0.06467099812227874,0.04137725791782401,0.03963390045236935,0.017282471641719487,0.04590505629073466,0.03783335976959742,0.04046133745476666,0.03226040498597997,0.022838214497025486,0.03658967009613205,0.04560319080003762,0.013750617911807095,0.03704239050900569,0.021959035878733293,0.022911046528549278,0.03018435883900562,0.03782295220121339,0.023160757125374496,0.05683584939605949,0.018166773011649994,0.04215788468306782,0.03366529526503517,0.02550705484115976,0.018119956679774157,0.024627831099257123
hamburg,2021,10,2021-03-08,2021.1808219178083,2021-03-14,2021.1972602739727,female,0.005236663670438811,0.0389938167090741,0.02729676329734818,0.02204227108722312,0.03316577437281314,0.021724937569143943,0.028920040516489626,0.00592833792167956,0.024752690369950796,0.044557084296413356,0.03320219760901483,0.03938931467724504,0.06110989381410723,0.032827559826413374,0.0408672547603266,0.04173114059930998,0.09582543920089025,0.08798038639178628,0.08668341000048602,0.05531581109867697,0.07907929968085729,0.06155762159562014,0.08195414764636236,0.06096412281014396,0.05948561143312352,0.06856037750203971,0.05975632163995214,0.057210660188689054,0.07979799677198164,0.0555969107227635,0.07089831044947996,0.07705346061813396,0.07274165463331046,0.055914451014818935,0.04866356349858639,0.046602476366937574,0.06977359016502424,0.05255174572966058,0.026417509294523595,0.05311391661419813,0.052005196529690705,0.03769285777217115,0.05666406201897573,0.03764082009169099,0.03845261383765349,0.05525855025043205,0.03167764682280737,0.04111705160023255,0.07301243385961952,0.07143985111465084,0.050729937402528534,0.041455320067003455,0.06037583683927891,0.045113964243396774,0.037443077380776374,0.040825622070337214,0.05368129894706296,0.015201821854517133,0.04366192529106801,0.04676902582842347,0.026438319868376768,0.032229185633108004,0.05777808722394185,0.020174713138630188,0.03718289074890309,0.02228677528269061,0.0237694317289319,0.018073140390041906,0.018754581654336435,0.04975139242161237,0.01884821550296966,0.024466554984993116,0.018530901476172684,0.006490004984736952,0.020778150712009624,0.02993461451175702,0.024924372356685764,0.0067240347182130535,0.020179915156756156,0.01414592393288367,0.028410159521071628
hamburg,2021,10,2021-03-08,2021.1808219178083,2021-03-14,2021.1972602739727,male,0.014972955460375015,0.06759191045657721,0.05221861029559286,0.06255721380928397,0.06211468363600894,0.06334336493423982,0.0552481391938897,0.0400398112988978,0.03542926680690537,0.04788283906436989,0.04451024419894368,0.07500166294146135,0.05018861237137771,0.012325460624785496,0.043766012755767615,0.04405225435799227,0.018926243838959245,0.0699506278558274,0.11244669182011024,0.08596982634358367,0.028316508453141574,0.05483169864143239,0.08454268840612454,0.09193922925357989,0.07571509609970091,0.07738154744978096,0.05394677354070843,0.05075075770857362,0.06380152471385736,0.055820750399100824,0.04385969165213108,0.07024222066049794,0.056023768613225715,0.048871758660731866,0.06787307645034851,0.06696189587921807,0.05170329562506108,0.05935025685820077,0.06920082529481165,0.06875823857973187,0.046420313504227644,0.0621198898514465,0.04116909275958698,0.04965770291065087,0.07226779438012423,0.06494173532546214,0.0491996677314283,0.05351993269948451,0.07906367594136877,0.08880338417123257,0.07528807653701429,0.06533222415891268,0.05842360807708806,0.054555808612033296,0.04384407849101936,0.025491447189510977,0.07228341607788467,0.056429807419365687,0.02773899726122771,0.04753932402672352,0.04590505629073466,0.08516249897627355,0.030345652687833437,0.03764082009169099,0.03997736327011706,0.012195429970057726,0.026053325600267803,0.02063249272556671,0.022224348570298577,0.036600077417683057,0.045826987461351866,0.037734487954054215,0.03782295220121339,0.06178669311409217,0.0487104073373914,0.018166773011649994,0.02107467001655247,0.03366529526503517,0.008502695114267609,0.06344228545405513,0.01641899187425904
hamburg,2021,11,2021-03-15,2021.2,2021-03-21,2021.2164383561644,female,0.02094461748183015,0.0389938167090741,0.07100245244709096,0.02755690046768034,0.03316577437281314,0.02715628976647721,0.06944034438214132,0.01778183997879256,0.049511964006903206,0.044557084296413356,0.07307492157362547,0.06566544361556387,0.1290888977189669,0.032827559826413374,0.06813341668900867,0.11136276169547991,0.05473799997673576,0.060896443554352406,0.10002974940260181,0.09837820163499726,0.0960390328860889,0.08722511508133823,0.11090939377764229,0.09147561233739078,0.07139298679571786,0.08762098005532326,0.06349434896111678,0.05363445063004696,0.06938306797828363,0.052119711124449006,0.06751901581746515,0.09633077202001174,0.05950643524515318,0.08224580776937579,0.0695340695427177,0.08248017869652209,0.06977359016502424,0.05255174572966058,0.09062652690485784,0.08728761987688023,0.03714126100861542,0.07164293031809112,0.05261420886114938,0.07950114242155493,0.09832089334812504,0.03824966421303955,0.07243442606481779,0.09141310250761807,0.054753616409124295,0.0669723092812668,0.10574544734267785,0.11616245069924654,0.04426563548656102,0.033831803295450234,0.07491313542199625,0.04825238050217909,0.038338129336639964,0.0342116517353205,0.04366192529106801,0.06378590556400113,0.026438319868376768,0.041444911773675035,0.03850985618267699,0.07569426579577415,0.058444431463834316,0.033431144249339136,0.0237694317289319,0.024097182543471058,0.031261394990446154,0.024867144964795872,0.03141228589467296,0.012231838520603982,0.030891974280044986,0.02597008397112666,0.020778150712009624,0.04490578412595868,0.05817893390744267,0.04036766468038552,0.0134541403680991,0.01414592393288367,0.018936647625938004
hamburg,2021,11,2021-03-15,2021.2,2021-03-21,2021.2164383561644,male,0.03494013595879937,0.08319892279338445,0.08357392365727528,0.06255721380928397,0.06729512577911685,0.07390809826909112,0.06630585575422379,0.08011568488388261,0.04724785850163257,0.05986044132553374,0.06996624885748641,0.06874782482003088,0.05646624695443742,0.049314176147994666,0.08131354276150345,0.06924768763812855,0.06312469918975974,0.10177513291597624,0.10619355960963502,0.06753463608866968,0.09634119130506676,0.08476665271767003,0.11746016257009484,0.07003393991888583,0.04780997204857335,0.08899611338163041,0.06165653871843941,0.07977716483245136,0.08153749316550117,0.06978400413015177,0.09113701832498285,0.06384838219158666,0.05272351952179698,0.0684302061509808,0.07126801548504154,0.05285885684858066,0.11455208220305182,0.048215946722602196,0.11153472987074696,0.04200696259464282,0.08901174010567586,0.07766276638162092,0.04116909275958698,0.0869334270288855,0.07652227680329424,0.07794398683432274,0.11187866792742236,0.05351993269948451,0.07441321814068014,0.03994613928385569,0.06692024229187675,0.053077479428229823,0.08571460536934276,0.09095469938534326,0.05847046070899056,0.08016255706469592,0.053249254957050386,0.07148671547581971,0.0435994729122561,0.07349150825264818,0.06427530782242645,0.06622254966392115,0.08095939060287294,0.05916284341302825,0.0685499637819632,0.06099535941945097,0.026053325600267803,0.05503471299413413,0.07411639452886187,0.05125044755453048,0.045826987461351866,0.037734487954054215,0.03782295220121339,0.015441092343604745,0.06495735482250264,0.02724993874489564,-0,0.025246927925235238,0.034013922064202035,0.07251253485083464,0.0222815730537926
hamburg,2021,12,2021-03-22,2021.2191780821918,2021-03-28,2021.2356164383561,female,0.04713335463517197,0.07802210389664586,0.09834173271786294,0.05512320667797219,0.060813146129682104,0.09783638035606547,0.09261122066075365,0.10083730762659208,0.1300689368403604,0.06366095253402744,0.0863708904054031,0.05909516650160319,0.10188975716685822,0.0853916745032933,0.06813341668900867,0.1462161764036879,0.09582543920089025,0.14898001021488957,0.10002974940260181,0.20927856559069835,0.15261493605286394,0.07695972190358144,0.1495432245561661,0.14382271072101707,0.10712106005807615,0.10287449409519106,0.08592294892787126,0.08941803657908699,0.10063932444995187,0.11821587315881267,0.09117348218961673,0.09633077202001174,0.1223959328610229,0.09212155164515132,0.03823405273626483,0.11479181027604679,0.08079793968392537,0.08260517695625974,0.11708491725497261,0.09488772120772578,0.08546980275472381,0.07541826505650084,0.09717474087372777,0.058569371959419476,0.11543803928225772,0.07227300161219152,0.07243442606481779,0.07311658009134651,0.09585148716430554,0.10719922096403033,0.07188246065437942,0.058048788541581124,0.0684302061509808,0.045113964243396774,0.07491313542199625,0.0593971103250329,0.06903420397170902,0.05703366586662338,0.05557608847627475,0.08931906663284382,0.04406786758160957,0.04605078508584807,0.05777808722394185,0.05044886408683336,0.0531243272434509,0.05015738225305069,0.03565822325284605,0.06026130406143199,0.056289255166136136,0.06841458561074809,0.050271892778607524,0.04282402878958494,0.024711070579739352,0.0389625933133828,0.06235417008575301,0.01496255246639305,0.04154899480070872,0.020179915156756156,0.020179915156756156,0.03536682431478768,0.033514397823016205
hamburg,2021,12,2021-03-22,2021.2191780821918,2021-03-28,2021.2356164383561,male,0.03494013595879937,0.06759191045657721,0.07835019683989028,0.1095232589142147,0.13985991606646148,0.11090418267513058,0.12162452498952211,0.08583961140429322,0.11819502582285103,0.1317840497491918,0.09542951176340762,0.0937676913215179,0.06273943321055661,0.06781580177276138,0.050022051957037725,0.14489167415493318,0.03155277092323773,0.0826780927465368,0.10619355960963502,0.1105602510638016,0.08500103500690134,0.12470501265411225,0.10805378786657287,0.14016232922520777,0.12359476510224554,0.08512603932646533,0.08093855819806665,0.0725177421074043,0.06734719314386911,0.10820490176792602,0.1350736799210451,0.07663163773337119,0.11210275000640688,0.10757439494796003,0.09164751475671841,0.0951846634093395,0.10345284034855604,0.09647664220075904,0.142347055842656,0.09169960651113615,0.11613118093327075,0.08543855144006424,0.10710542789098677,0.07450695226483534,0.09779470202998607,0.07360607017446603,0.08500624351421981,0.07137215822308132,0.060453927514271324,0.07547554810833232,0.07110138753801085,0.0735019229623845,0.06621734303770525,0.06547280085679431,0.08041254274260168,0.0874542996989647,0.0760900429972465,0.09408546479141179,0.03963390045236935,0.04753932402672352,0.059683437984089836,0.07568905822109914,0.055643760807845416,0.06454083650710833,0.07426740983893598,0.042688717577295594,0.05212491633929076,0.061916847835518186,0.06670156150574652,0.05125044755453048,0.03818721833405045,0.07549117076978722,0.045389804182773726,0.06178669311409217,0.04059143881022278,0.05451937041569583,0.06324965093115235,0.058933783452878294,0.034013922064202035,0.05437361788567465,0.028144815266662404
hamburg,2021,13,2021-03-29,2021.2383561643835,2021-04-04,2021.2547945205479,female,0.04713335463517197,0.0668681753546265,0.06554048606909141,0.10478670848506033,0.14940242039895218,0.09239764105504368,0.10999224777723746,0.11865366914468414,0.11766863335967945,0.13378074181337563,0.1329413919445671,0.08538125741197128,0.06790431721016875,0.07881890463553758,0.09541388311061369,0.11833053365599377,0.11638655123900521,0.14219584269052532,0.14009976084117085,0.11684517861018397,0.13563674366154924,0.09749774492360597,0.06748256853623141,0.13073099499812713,0.09521071105178354,0.091433939109193,0.09340303563412598,0.11448433316532636,0.07632959381942711,0.12169228333060053,0.06751901581746515,0.12205192523431811,0.07274165463331046,0.0855375140009148,0.07649103086551562,0.07889181511678613,0.10653225167607122,0.1314816853114165,0.0944032402032402,0.09868558352428383,0.08546980275472381,0.09428863245377518,0.1012280661083417,0.0711274231195362,0.0897618283823024,0.046753411793750844,0.11322317488599616,0.1005611734035175,0.12327159890751568,0.08037608642305248,0.08457914764692011,0.053899924984523916,0.0523175096548341,0.08274059207672407,0.06741488079599328,0.08168332185404907,0.08438643480653357,0.05322843365061269,0.047633009721030815,0.05527416683915676,0.08817311255190044,0.07830853412917692,0.08187081648311477,0.06559775824061712,0.04249615992071718,0.04458310659101211,0.02971088623715266,0.04217349733790853,0.025007612311860886,0.03108969208031053,0.03141228589467296,0.030584992869379296,0.030891974280044986,0.03246333123654997,0.020778150712009624,0.052390382987264866,0.05817893390744267,0.0067240347182130535,0.020179915156756156,0.042444117433228894,0.022583303190004095
hamburg,2021,13,2021-03-29,2021.2383561643835,2021-04-04,2021.2547945205479,male,0.07989174060313872,0.09361140999951133,0.09926388319002132,0.11474490687045519,0.10874683109445271,0.13205513660195325,0.11608948794122009,0.11448954462663567,0.08270934240224062,0.14977789899877889,0.12091046168615495,0.11254049452776418,0.08786058400362123,0.055482388470261386,0.031261394990446154,0.12596644943708685,0.08839188365332061,0.11451039047708433,0.13746674292631283,0.09826358512441119,0.14174220587241537,0.10972648690219917,0.08454268840612454,0.10947114930164314,0.11561523250946704,0.08512603932646533,0.10022773025837421,0.07977716483245136,0.09572645705890168,0.08375100833860846,0.12155155456709844,0.08621463131220183,0.09890439885766895,0.11084164948568857,0.09504400636562949,0.0951846634093395,0.12194768094825514,0.09276228969203958,0.09998285931032455,0.10699600285292445,0.08901174010567586,0.06600907841667729,0.11123248315344797,0.0869334270288855,0.08503228605862033,0.07794398683432274,0.08053232797249253,0.11156599687280658,0.11631358816654194,0.0799177805862344,0.1004100817134537,0.06941951659161984,0.10131142829781996,0.07639208551974996,0.07309575082831428,0.07287183677765864,0.0760900429972465,0.10915328179577273,0.07532973682778829,0.060516400138693235,0.0367197617652276,0.061489941567371684,0.050584195493633334,0.05378020108824925,0.03426368598426466,0.0548941645116886,0.0586422540538127,0.05503471299413413,0.007405327271815587,0.05125044755453048,0.015269441663739312,0.07549117076978722,0.05295775742552236,0.054056087002616514,0.032468534484154224,0.045426235982268075,0.06324965093115235,0.050511324692360714,0.05954287693627384,0.027182303354678642,0.028144815266662404
hamburg,2021,14,2021-04-05,2021.2575342465752,2021-04-11,2021.2739726027398,female,0.03141748903711387,0.0389938167090741,0.03275991718110858,0.07167417334286143,0.04975139242161237,0.0706431634367804,0.08681362705277477,0.14241484119152956,0.12387102166741105,0.07003393991888583,0.15291220808550876,0.09195485686209204,0.0814958279010297,0.07881890463553758,0.0749547954123836,0.13226887915536148,0.14380706751683026,0.13541777370464758,0.14677936081038356,0.17845265531400217,0.11866409290355802,0.13860335608784716,0.08195414764636236,0.08711573186992799,0.15082612443949084,0.07618378014406874,0.08592294892787126,0.08941803657908699,0.09368955060180342,0.08689696613737548,0.11483350222764724,0.05456621952996323,0.1257058194945134,0.06249473873298298,0.07996986059153427,0.08248017869652209,0.0991753143556754,0.10515665453676903,0.11330655630728927,0.09109013625088136,0.0891888433063549,0.09051192747893928,0.09312173156536796,0.10044134202710375,0.08548542841909959,0.08078231542804601,0.07696492960551526,0.09141310250761807,0.06844582669590007,0.09825837528902041,0.05919407894031788,0.053899924984523916,0.07245525506294959,0.04887696355046279,0.07116387295557847,0.06310908024319327,0.06135458177513876,0.06083397047334043,0.03969114409778556,0.07655352275984226,0.05729395184282767,0.06448356549965097,0.03850985618267699,0.03530958542955223,0.06375987365799766,0.03900942841394738,0.02971088623715266,0.012044594817923965,0.03751592987099191,0.03108969208031053,0.05655994873331235,0.018348836925189373,0.018530901476172684,0.03246333123654997,0.03463313064899739,0.01496255246639305,0.04154899480070872,0.0134541403680991,-0,0.03536682431478768,0.01602366857291963
hamburg,2021,14,2021-04-05,2021.2575342465752,2021-04-11,2021.2739726027398,male,0.059907295252058936,0.051984375721374265,0.046992827507310285,0.07820958532501779,0.06211468363600894,0.052780777578602445,0.04419277353933138,0.09156937722293895,0.11819502582285103,0.13777956975891245,0.12091046168615495,0.13132007745358917,0.11298866535540934,0.12337063349569642,0.10009747961053914,0.11335866976349626,0.11999835129070395,0.12724876777889166,0.11870057607606871,0.09211634242508923,0.1530999597185817,0.12969881351219628,0.13627801812537751,0.12262006026642504,0.08768348532670313,0.0696382088081604,0.08093855819806665,0.1160790646984307,0.08508437118655493,0.07676703729878885,0.07762631198984751,0.1021971598143796,0.09230387467597795,0.09452305766594474,0.06447835904755217,0.08106876086502884,0.077569026568693,0.08533438052684968,0.09613801562306874,0.09169960651113615,0.08901174010567586,0.09321029008955385,0.05764273709357906,0.09936287206574562,0.09779470202998607,0.08661048859363366,0.05367088820630141,0.09816459834130081,0.0976852965829671,0.07103369508704686,0.050183407350351136,0.114385315499743,0.05063104106265907,0.06183354877627452,0.05847046070899056,0.03642315323459947,0.05705969440561281,0.07901680475106292,0.06342666641209678,0.07781899977869741,0.059683437984089836,0.05675776415430596,0.07589215401997285,0.06454083650710833,0.0628331462941315,0.07320510455231208,0.07168458768862301,0.04815348887414115,0.014816910769176628,0.029279041359514337,0.08404788695146485,0.052832830412224294,0.030251998134053146,0.03860872947250306,0.04059143881022278,0.009079992706433657,0.031615208835539886,0.03366529526503517,0.034013922064202035,0.009059189078280308,0.017589374530914144
hamburg,2021,15,2021-04-12,2021.2767123287672,2021-04-18,2021.2931506849316,female,0.04713335463517197,0.05014176720091785,0.02729676329734818,0.05512320667797219,0.03869199133606432,0.08695426183551405,0.05207286421429129,0.10083730762659208,0.10527128624183203,0.09552328377878959,0.09302275456975558,0.09852928742131792,0.08829291566010053,0.06567065018651978,0.061318138814350505,0.18108774941958997,0.0889752777568786,0.1150836546392196,0.14677936081038356,0.13531871616991595,0.12998031552191108,0.13346272567265144,0.13988077208991226,0.1394584392454068,0.09123599173133945,0.07237193912048741,0.08592294892787126,0.08225622423259621,0.11453123633588973,0.09037649211937324,0.0844124770405244,0.08990247113873337,0.06942993048583779,0.055914451014818935,0.07996986059153427,0.08965764880796709,0.07344464208464464,0.0713357082410395,0.09062652690485784,0.07589736161499283,0.07803251951382255,0.08674070546332019,0.06881030740951369,0.0920642502531988,0.06409828945256013,0.06801886682341618,0.07243442606481779,0.08683967050236754,0.07757944209511854,0.0446403556849714,0.06342146006582373,0.099555640417147,0.0684302061509808,0.07145026541348344,0.05242681969177731,0.0593971103250329,0.06903420397170902,0.04181961164598368,0.051604397433992096,0.05527416683915676,0.0396599202833872,0.06448356549965097,0.07223134377027683,0.04035725660475935,0.04780997204857335,0.03900942841394738,0.041601036392344484,0.04820553707598237,0.0500324619673039,0.03730778016972627,0.025132472494472556,0.030584992869379296,0.018530901476172684,0.01947764741716979,0.02770257785150514,0.02993461451175702,0.03323862087072909,0.0067240347182130535,0.0134541403680991,0.042444117433228894,0.019670119854168545
hamburg,2021,15,2021-04-12,2021.2767123287672,2021-04-18,2021.2931506849316,male,0.044926602100198235,0.05718463157413378,0.04177277401429003,0.031266598117788875,0.05175534738011686,0.06862806673336797,0.060776703548349784,0.09729977446148004,0.1004465520812029,0.08382392573561398,0.11453644780189391,0.06249473873298298,0.1067042038771693,0.1110188270510799,0.13141391421311407,0.14489167415493318,0.10103008144393708,0.12724876777889166,0.14998128437239516,0.1105602510638016,0.11336388111198657,0.12470501265411225,0.13627801812537751,0.12262006026642504,0.09964941987351743,0.09287168478177314,0.07708470689386922,0.09066299041152816,0.07798564925295955,0.07327800716273258,0.07762631198984751,0.08621463131220183,0.11870578795994301,0.061911641640403275,0.06787307645034851,0.07048695159790687,0.11455208220305182,0.0779075322454004,0.09613801562306874,0.10699600285292445,0.046420313504227644,0.08932427557268986,0.06588412004443844,0.10765255653531702,0.10630819360054058,0.09527843498319087,0.09844071983816578,0.09369996935764799,0.060453927514271324,0.06659222145755128,0.050183407350351136,0.08167811367956153,0.08571460536934276,0.07639208551974996,0.06944034438214132,0.06557693198912652,0.08751159601119952,0.10161882752650747,0.05946478762943292,0.05619034825270808,0.059683437984089836,0.06622254966392115,0.07589215401997285,0.0806885699913786,0.03997736327011706,0.06099535941945097,0.05212491633929076,0.04815348887414115,0.05186986142465715,0.029279041359514337,0.045826987461351866,0.03018435883900562,0.03782295220121339,0.023160757125374496,0.01623173309372802,0.018166773011649994,0.031615208835539886,0.03366529526503517,0.02550705484115976,0.009059189078280308,0.01876498540697031
hamburg,2021,16,2021-04-19,2021.295890410959,2021-04-25,2021.3123287671233,female,0.02617818829382411,0.027848255643444543,0.05460786322252667,0.03858271016747606,0.027634941872547066,0.04345895533417718,0.05207286421429129,0.04149695326115035,0.13627280447996104,0.08915238083337289,0.03984726345103573,0.0788084888608465,0.07469962849511574,0.0722469654570811,0.0885898202048393,0.12529923939251736,0.10267650316209351,0.07443404793144749,0.14009976084117085,0.0860739985297875,0.0903869102114322,0.08208956107145984,0.07713157634267345,0.056606799686064475,0.04758096209224422,0.07618378014406874,0.026136567362656626,0.04647756462089169,0.08327183941623313,0.0555969107227635,0.05063104106265907,0.09311652224510958,0.05620075949789431,0.055914451014818935,0.05561773297759006,0.06094850451252984,0.05507635706188782,0.060063475312048926,0.07173145227035833,0.05311391661419813,0.04085684658470434,0.052780777578602445,0.0647647146869388,0.058569371959419476,0.11115431618488966,0.051005807134158546,0.0814958279010297,0.07311658009134651,0.05931902123709756,0.06250515124048729,0.0549618359558148,0.03730778016972627,0.04426563548656102,0.03759398622377517,0.033696515480125346,0.05196876012061076,0.04984508210137078,0.06083397047334043,0.07146588686564018,0.04676902582842347,0.04406786758160957,0.032229185633108004,0.05777808722394185,0.05044886408683336,0.03718289074890309,0.04458310659101211,0.02971088623715266,0.04820553707598237,0.031261394990446154,0.018650544242480107,0.03141228589467296,0.05506594604182277,0.030891974280044986,0.051953144524530835,0.006926861339210263,0.007483338439113557,0.016616654651957382,-0,0.020179915156756156,0.021215127119388867,0.017480137701716886
hamburg,2021,16,2021-04-19,2021.295890410959,2021-04-25,2021.3123287671233,male,0.024955587324263617,0.051984375721374265,0.03654804083075729,0.04690955235147974,0.041403278621194514,0.03166203731896339,0.07736592422037898,0.08011568488388261,0.05906393103372852,0.10180118385989748,0.12091046168615495,0.05624240449948423,0.11298866535540934,0.07398620926872651,0.050022051957037725,0.11335866976349626,0.11999835129070395,0.06358285704276034,0.10619355960963502,0.1290107039038677,0.1360642590920621,0.06979962508175645,0.0798448686664354,0.11385375020229538,0.08768348532670313,0.073507130318032,0.06551445328470075,0.09066299041152816,0.07443925538044018,0.09423132867376563,0.0674929820425494,0.07024222066049794,0.09230387467597795,0.08474061030630313,0.0746631761805726,0.06343707910621249,0.055393894175165576,0.08162082379459776,0.10383319769708874,0.05729395184282767,0.050292712901256656,0.0621198898514465,0.07000790488484442,0.06622254966392115,0.051000602031338736,0.04761739542692194,0.09396564833699544,0.08923051473534678,0.0837197580569043,0.10213984731854842,0.0794751026470978,0.0735019229623845,0.08571460536934276,0.07275206919286502,0.09870121316041594,0.05828825626649333,0.053249254957050386,0.07148671547581971,0.05549800512620334,0.07781899977869741,0.06427530782242645,0.05202601734634378,0.06070381846229822,0.05916284341302825,0.051401396473187734,0.024388518335081114,0.06516040871092947,0.06879989363939092,0.03704239050900569,0.014640060685233372,0.045826987461351866,0.06794076478701136,0.03782295220121339,0.046331834629735294,0.024352101271867984,0.03633989500379043,0.031615208835539886,0.01682992322846593,0.034013922064202035,0.027182303354678642,0.0222815730537926
hamburg,2021,17,2021-04-26,2021.3150684931506,2021-05-02,2021.331506849315,female,0.03665731772344312,0.05014176720091785,0.021839385499940696,0.04409388963139131,0.060813146129682104,0.0706431634367804,0.06944034438214132,0.06522809351660581,0.03713085357875095,0.09552328377878959,0.046493178572735924,0.03938931467724504,0.03394107448015803,0.06567065018651978,0.1090594851981071,0.1043959232607713,0.08212601859231732,0.0676648051978688,0.053327334930468304,0.09837820163499726,0.0734238126902084,0.07695972190358144,0.07713157634267345,0.10019647007313867,0.05551882734142537,0.04950675905361215,0.07097120982590625,0.07510060564157056,0.04855946623009569,0.06255200755006156,0.07427782470407329,0.08990247113873337,0.05950643524515318,0.04275116886229263,0.04866356349858639,0.05736162641004863,0.06609759077869493,0.06757629016816227,0.04529091799851986,0.06070902453648832,0.02971088623715266,0.041465728362415195,0.04856467108857387,0.050199022414988075,0.055550060679891745,0.021246339860430657,0.049787827277014945,0.05025627769209413,0.07301243385961952,0.0669723092812668,0.05919407894031788,0.053899924984523916,0.0684302061509808,0.026313456550184463,0.037443077380776374,0.07425178754514407,0.04600914824557059,0.04181961164598368,0.0277806194750044,0.034008718661960216,0.026438319868376768,0.0368394463882409,0.028878417390679725,0.04035725660475935,0.021246339860430657,0.033431144249339136,0.02971088623715266,0.018073140390041906,0.018754581654336435,0.03730778016972627,0.01884821550296966,0.012231838520603982,0.037073612751732314,0.03246333123654997,0.006926861339210263,0.007483338439113557,0.05817893390744267,0.0134541403680991,-0,0.021215127119388867,0.013110852692427163
hamburg,2021,17,2021-04-26,2021.3150684931506,2021-05-02,2021.331506849315,male,0.039930527297750026,0.0467846398677903,0.046992827507310285,0.02605852820651066,0.046576453061768774,0.03166203731896339,0.06630585575422379,0.05148988397405265,0.09453347658879271,0.0718408031253306,0.1081684259584292,0.05624240449948423,0.04391173555637019,0.06164612638086032,0.06253638877551028,0.10074873611228352,0.10735554312837768,0.09540867356073006,0.08118854760656438,0.07367897334703796,0.11903934961463025,0.08975661939862567,0.08454268840612454,0.10070184537166257,0.10364041348780173,0.12773876769068176,0.08093855819806665,0.06526453921769663,0.04961606318218475,0.07676703729878885,0.060740260992557096,0.04468719589964194,0.06921123914523301,0.0684302061509808,0.09164751475671841,0.05638295662607967,0.044312475363688875,0.06305701712186924,0.06920082529481165,0.07258022922694818,0.04255340671710965,0.03493493246386896,0.07824604012570086,0.06207824014251769,0.09353847887664919,0.07360607017446603,0.06262489522664405,0.062447882475018396,0.06510313702109297,0.06214592093647032,0.06692024229187675,0.053077479428229823,0.05842360807708806,0.04000338327299791,0.04019072767806515,0.07651706914569108,0.026620412744845168,0.06019362572036922,0.02773899726122771,0.03889494268703751,0.05049570953394812,0.05675776415430596,0.04046133745476666,0.03226040498597997,0.0628331462941315,0.03049133788453498,0.03908748700863085,0.041267971105844625,-0,0.043927348737796176,0.022911046528549278,0.04528050893743188,0.01512379910698572,0.046331834629735294,0.024352101271867984,0.018166773011649994,0.052702698425861984,0.01682992322846593,0.01700678076022049,0.036241026027849385,0.015243434034403385
hamburg,2021,18,2021-05-03,2021.3342465753424,2021-05-09,2021.3506849315067,female,0.005236663670438811,0.033420737562001555,0.06554048606909141,0.04409388963139131,0.03869199133606432,0.05976673359912875,0.04628499293360102,0.04743002426336422,0.08048024740385135,0.07640250081043853,0.09302275456975558,0.03938931467724504,0.05431635807494059,0.05910037241473689,0.027244736019444875,0.06261448269516212,0.027359196099544254,0.08798038639178628,0.04665972768415453,0.09837820163499726,0.05647145260439263,0.04616008195019439,0.043370481498337804,0.03918636139677676,0.03171927218930691,0.04569687300617045,0.04854905651470802,0.06436381723333442,0.05549800512620334,0.06255200755006156,0.06751901581746515,0.025673536750258193,0.05950643524515318,0.02630305128720792,0.04171032390431999,0.05736162641004863,0.044057458765341895,0.04879889025916121,0.05284324098520251,0.04552512242385097,0.07059629983584592,0.04523887271391622,0.05261420886114938,0.020908202830396985,0.03845261383765349,0.016996377359348447,0.05431635807494059,0.0456864638638262,0.045624009053482836,0.0446403556849714,0.016902746845166933,0.029018895573813784,0.028165626531800828,0.030075095548244155,0.02246365137478491,0.040825622070337214,0.04600914824557059,0.01900427229203403,0.03175049123604822,0.02550705484115976,0.0484761885653489,0.0368394463882409,0.033696515480125346,0.04035725660475935,0.03187016442218581,0.016715486322566215,0.041601036392344484,0.03614736085562561,0.012502302837021037,0.024867144964795872,0.012564717879042194,0.012231838520603982,0.030891974280044986,0.0389625933133828,0.020778150712009624,0.01496255246639305,0.024924372356685764,0.0067240347182130535,-0,-0,0.0072857103759284385
hamburg,2021,18,2021-05-03,2021.3342465753424,2021-05-09,2021.3506849315067,male,0.019961430843658905,0.06238540753007263,0.05221861029559286,0.03648039334560602,0.041403278621194514,0.04750289074674576,0.03866597198938124,0.05148988397405265,0.07679828340241564,0.11978987116096468,0.06359847613163315,0.031235379361559235,0.037635616326503654,0.04314669540901133,0.043766012755767615,0.05664844501283934,0.06944034438214132,0.05086006445207428,0.06869054917895673,0.09211634242508923,0.06798762599478211,0.09474706496722418,0.07044529518679374,0.048137874423750476,0.039836855479570076,0.05802275950749141,0.06165653871843941,0.08340725627278542,0.06025089200322708,0.041861245131797516,0.0674929820425494,0.05426950918577807,0.056023768613225715,0.052130121554653554,0.0746631761805726,0.07401745370143516,0.044312475363688875,0.05192711854149282,0.088438763294798,0.08404788695146485,0.06964862274617534,0.027166695200194997,0.04116909275958698,0.04965770291065087,0.046748207116564654,0.03895738941592654,0.026828519670183897,0.04013348348268534,0.055799928062980265,0.05770520634073556,0.07110138753801085,0.04082041798642933,0.062322932660192544,0.03272869752833626,0.06944034438214132,0.04370876462439663,0.04563962274903346,0.04890298800694941,0.0435994729122561,0.03024679510823622,0.022947462582570632,0.018910638162396836,0.050584195493633334,0.05916284341302825,0.04569166843473787,0.03049133788453498,0.032572599545633685,-0,0.014816910769176628,0.021959035878733293,-0,0.022635325804230225,0.01512379910698572,-0,0.01623173309372802,0.009079992706433657,0.052702698425861984,0.008414280733668927,0.01700678076022049,0.009059189078280308,0.01641899187425904
hamburg,2021,19,2021-05-10,2021.3534246575343,2021-05-16,2021.3698630136987,female,0.01570637178153197,0.033420737562001555,0.02729676329734818,0.016533428127661683,0.022104697581028895,0.01629415261230751,0.03471118267457441,0.023707003236566184,0.0185621126060625,0.025455029353872036,0.006640824025636648,0.026256227629550655,0.04073194863973225,0.01312645662852338,0.03405554930090421,0.006952864809371217,0.0410493981709377,0.047357157882094554,0.026656831396661633,0.030725475662914902,0.016933956997830492,0.06155762159562014,0.057835350846688664,0.017412515017688462,0.035684241094578885,0.026651628730552348,0.018666149840991908,0.032171950201509536,0.03467996185028371,0.0555969107227635,0.02362376536333145,0.03208869877710804,0.03305130151083315,0.02959121802028503,0.01737610283963735,0.025090852400289885,0.033035691594636325,0.02251567386930727,0.05662241667969944,0.034138803874279464,0.03714126100861542,0.022614516752292035,0.012138216584987522,0.02927383843104301,0.025631916223012953,0.012746762179525249,0.022624921277220225,0.04111705160023255,0.05018861237137771,0.022312786434970013,0.008450686636884294,0.016580243031184678,0.02011749097362581,0.030075095548244155,0.026209404014061723,0.018551708894017745,0.019165531466089826,0.01900427229203403,0.01984178506119964,0.017001579059527188,0.008809546189630155,0.018416460826856485,0.014437203976637282,0.020174713138630188,0.03718289074890309,0.016715486322566215,0.01782345422334967,0.012044594817923965,0.03751592987099191,0.006214371316084415,0.006281979439199475,0.024466554984993116,-0,-0,0.006926861339210263,-0,-0,0.020179915156756156,0.0067240347182130535,-0,0.0043681834662727785
hamburg,2021,19,2021-05-10,2021.3534246575343,2021-05-16,2021.3698630136987,male,0.024955587324263617,0.036381524102531655,0.01565955766473659,0.02605852820651066,0.020694917526936325,0.005278267876625255,0.027619333582200315,0.02287983278826568,0.017714216902418683,0.017948297156832372,0.006354788285470629,0.031235379361559235,0.037635616326503654,0.018489286665460354,0.025007612311860886,0.05034996828152198,0.05049050448218209,0.057221071638160335,0.04994397694647196,0.04296974895042808,0.06231772642442061,0.02990339655519328,0.05165124392210303,0.061276489747583734,0.03187016442218581,0.046415108860386904,0.05008971706102237,0.04350059013253707,0.06734719314386911,0.04884052933326955,0.03373814246273667,0.03191699313520967,0.02635507762293479,0.029315461873366925,0.027140681619807493,0.03523153250576789,0.01845807557928742,0.048215946722602196,0.023056710897638263,0.061115099928952456,0.03868158359582761,0.0155243171196172,0.03293162560639593,0.037240131696213506,0.016996377359348447,0.02597008397112666,0.0357779054326154,0.022291977512103288,0.03254138000532251,0.04438533747864398,0.012538711602429472,0.024487364778082346,0.035049409472550266,0.018177176646680372,0.03287959269037175,0.025491447189510977,0.0304236982781644,0.01880139855757781,0.03170366267296771,0.012960014884929158,0.0367197617652276,0.018910638162396836,0.03540324909274682,0.016127700729256407,0.03426368598426466,0.0548941645116886,0.013027631779014988,0.03438856839416482,0.014816910769176628,-0,0.015269441663739312,0.015087388531530141,0.007561349723445207,0.023160757125374496,-0,0.02724993874489564,0.010536267359929925,0.01682992322846593,0.008502695114267609,0.009059189078280308,0.007036076001273164
hamburg,2021,20,2021-05-17,2021.372602739726,2021-05-23,2021.3890410958904,female,0.02094461748183015,0.005569498251956764,-0,0.01101996760680905,0.016580243031184678,0.010863934777497159,0.03471118267457441,0.04743002426336422,0.03093880211216547,0.044557084296413356,0.06643081513992388,0.03282235654288404,0.04073194863973225,0.06567065018651978,0.0408672547603266,0.02086138403030935,0.027359196099544254,0.0676648051978688,0.03998777126970584,0.018432066355112433,0.04517121392180975,0.03076710026721393,0.019269569908297247,0.013058839605933103,0.019820977127133783,0.026651628730552348,0.011196805379356746,0.010723505631432432,0.013870249680017977,0.027791025033654132,0.016871536711235546,0.016044474987537857,0.019826179109866764,0.023015092464833173,0.013901458012643687,0.021506446764364646,0.025694347026373132,0.01876498540697031,0.011321632404405547,0.01517061274145522,0.0222815730537926,0.01507698551465495,0.040466541502732635,0.03345716097679191,0.017084806333101374,0.016996377359348447,0.027151087050402017,0.009132001813229757,0.013683000077598486,0.017849463143106564,0.008450686636884294,0.024872347452362567,0.02011749097362581,0.030075095548244155,0.02246365137478491,0.00370773218222291,0.011498471202837403,0.011399649447227923,0.003967751371641334,0.004248573556591155,0.013214879021494076,-0,0.01925396412869344,0.005044244649821531,0.015930039810160994,0.005569498251956764,0.01782345422334967,0.006021948677558128,0.018754581654336435,-0,0.012564717879042194,-0,0.01235666803029795,0.012986021372251058,-0,-0,-0,-0,-0,0.007072480939606985,0.0050962497203174036
hamburg,2021,20,2021-05-17,2021.372602739726,2021-05-23,2021.3890410958904,male,0.014972955460375015,0.02078855486951126,0.010437447432891652,0.015633549840278968,0.0051742574235774715,0.010551870523468895,0.027619333582200315,0.02859746216291918,0.03542926680690537,0.05386869263718087,0.0317921166608589,0.04998561693752056,0.06273943321055661,0.049314176147994666,0.10009747961053914,0.037760506834652784,0.05049050448218209,0.031781710301532415,0.03120936374568795,0.01227344832387483,0.033982701658544,0.04485894371439514,0.0234728970577103,0.021875800803470166,0.043823260950158836,0.04254299820398647,0.02311393629713059,0.014494419891242694,0.017714216902418683,0.03836935235737405,0.030361261796526377,0.019144723802626776,0.03294723549135314,0.02605852820651066,0.027140681619807493,0.03170886584455822,0.02953918844667389,0.02224515746610213,0.0038429419984537592,0.011451660874139914,0.01933719500735183,0.0116441036060514,0.01646580667475668,0.01654903309082355,0.008497494264191401,0.030298825389861624,0.022354404305684895,0.02675568215158173,0.02788987794467474,0.008871956799435624,0.03344675428424764,0.04082041798642933,0.023363647868262456,0.029086533352894357,-0,0.021849789869776325,0.019014676094624178,0.01880139855757781,0.011888558914063657,0.012960014884929158,0.01835924059664533,0.014182333849122519,0.010114983714056279,0.00537707799972235,0.011420454011749976,0.024388518335081114,-0,-0,0.007405327271815587,0.021959035878733293,0.00763416036108147,0.007545747457218475,-0,0.007717372643216724,0.008117833613398493,0.009079992706433657,0.010536267359929925,0.008414280733668927,-0,-0,0.0035153188191119765
hamburg,2021,21,2021-05-24,2021.3917808219178,2021-05-30,2021.4082191780822,female,0.01570637178153197,0.016710284651006022,0.021839385499940696,0.01101996760680905,0.022104697581028895,0.021724937569143943,0.011566086196461307,0.029638044681042794,0.0185621126060625,0.012725957084356844,0.013277294918819153,0.019690927727868554,0.006786442825027931,0.03939451861792638,0.027244736019444875,0.034773624379385075,0.0410493981709377,0.01352695925732107,0.03332187413617073,0.018432066355112433,0.005642306100639183,0.03076710026721393,0.03372773571395979,0.004352582158105526,0.015857217555683697,0.0076133573113537825,0.01493134349693433,0.017870270288280813,0.024274064793716903,0.010421844303680755,0.0067500380869473355,0.00962609092220405,0.019826179109866764,0.019727341526875847,0.0034737160234086795,0.0035829234331317228,0.014681672415575582,0.033779769478671215,0.007545747457218475,0.007582152752366816,0.011139593093019493,0.022614516752292035,-0,0.004180968077167981,0.0085443019336265,0.008497494264191401,0.013573771454237438,0.01370380555568146,0.02280700080045453,0.0044617914135902225,0.012679145650665703,0.016580243031184678,0.004024955767797943,0.003759735916092501,0.003744134790467952,0.00370773218222291,0.011498471202837403,0.011399649447227923,0.01984178506119964,0.008502695114267609,0.004404586536875719,-0,0.004810222476222118,0.020174713138630188,0.005309471053109519,0.005569498251956764,-0,0.012044594817923965,-0,0.012434686626035387,-0,-0,0.0061779669785036575,-0,-0,-0,-0,-0,0.0067240347182130535,0.007072480939606985,0.0050962497203174036
hamburg,2021,21,2021-05-24,2021.3917808219178,2021-05-30,2021.4082191780822,male,0.009979757588370606,0.005195059497544844,0.005221062101703512,0.020845777772977137,0.010349029762614797,0.01583120963236622,0.027619333582200315,0.011436057440606802,0.011805339956782778,0.005980343876362871,0.012715554539894168,0.01873897602928555,0.04391173555637019,0.018489286665460354,0.018754581654336435,0.031464317342481514,0.012616730471292277,0.012710353268446101,0.012481497839660073,0.01227344832387483,0.011326833536955195,0.009964154596493578,0.014083506992924363,0.008747135654730063,0.011945772024446666,0.011597293146249922,0.026963789618278017,0.018119956679774157,0.010629886411403843,0.006973667594864792,0.01686633502407105,0.015956047782908676,0.013178469782645783,0.009771718081667798,0.003390510531843826,0.021137095348754083,0.022151517500562122,0.007415728754027102,0.011524476959215213,0.00763416036108147,0.01933719500735183,0.019404820194351795,0.01646580667475668,0.012408680414448115,0.012746762179525249,0.004326579988220815,0.022354404305684895,0.004456590967648947,0.013943069151946876,0.013313704226862691,0.02090300073941348,0.012242240968300224,0.01557113111465948,0.003634927042177917,0.010957554418900645,0.003640127405946399,0.003801338940633584,0.015040574971984157,0.00792540393112291,-0,0.004586602272132791,0.004727014846080024,0.010114983714056279,-0,0.005709913479989479,0.018291616769384955,0.006510807585062592,-0,0.007405327271815587,-0,-0,-0,-0,0.015441092343604745,0.008117833613398493,-0,-0,0.008414280733668927,0.008502695114267609,0.018119956679774157,0.008206247489956096
hamburg,2021,22,2021-05-31,2021.4109589041095,2021-06-06,2021.427397260274,female,0.01570637178153197,0.011139593093019493,0.00546028667006821,0.005512292156648544,0.022104697581028895,0.010863934777497159,0.005782721525274816,0.00592833792167956,0.03093880211216547,0.025455029353872036,0.019919814888100344,0.01312645662852338,0.027151087050402017,0.01312645662852338,0.006807245543943892,0.0278170389393853,0.027359196099544254,0.01352695925732107,0.026656831396661633,0.03687066850910866,0.01129042562004973,0.015383875387355223,0.03372773571395979,0.013058839605933103,0.011893760103312842,0.019035483706049034,0.0037337340426538855,0.021444020988765872,0.006932062032199865,0.013891055233020673,0.0067500380869473355,0.01925396412869344,0.016523024821490682,0.013152463199081293,0.006947664114295283,0.014333175202281044,0.011009565403622116,0.011259218854422043,0.003775337046391954,0.011378844891029515,0.014853321155237414,0.0037701366691073185,0.016184918503956883,0.008362272344714289,0.01281437879630789,0.004248573556591155,0.018099149434690816,0.01370380555568146,0.013683000077598486,0.008923965698159696,0.008450686636884294,0.00414456516311655,0.008045022298518056,0.003759735916092501,0.007488539187764362,0.011129190865902368,0.011498471202837403,-0,0.011904162483377698,-0,-0,-0,-0,-0,0.005309471053109519,0.011139593093019493,-0,0.018073140390041906,-0,0.006214371316084415,0.006281979439199475,0.012231838520603982,0.01235666803029795,0.006490004984736952,0.006926861339210263,-0,-0,0.0067240347182130535,-0,-0,0.0043681834662727785
hamburg,2021,22,2021-05-31,2021.4109589041095,2021-06-06,2021.427397260274,male,0.014972955460375015,0.010390638059310358,-0,0.020845777772977137,0.0051742574235774715,0.01583120963236622,0.01656983971564772,0.0400398112988978,0.011805339956782778,0.029919005531132456,0.012715554539894168,-0,0.018817004201356447,0.018489286665460354,0.012502302837021037,0.012585522909699205,0.012616730471292277,0.03814038397402376,-0,0.006136362052479218,0.033982701658544,0.024919169863908314,0.05165124392210303,0.01312645662852338,0.015930039810160994,0.011597293146249922,0.00770177033017048,0.010869135864267278,0.007082882355239951,0.010463452658639629,0.01686633502407105,0.012762366006361344,0.009880938718907498,0.009771718081667798,0.01017739589067374,0.02465904588882532,0.007384524313634336,0.007415728754027102,0.007686168021811396,0.003816940083414855,0.01546710007179904,0.019404820194351795,0.020580472114999304,0.020684513388169623,0.021246339860430657,0.008653519992832884,0.01788587565262237,0.013376120242808409,0.023243994257461535,0.017750629317229673,0.004180968077167981,0.012242240968300224,0.01557113111465948,0.003634927042177917,0.0036505281350378074,0.0072805096475691685,0.003801338940633584,0.007519743690575015,0.0039625509751080625,0.008643118263024918,0.009178810053818976,0.004727014846080024,0.005054645659759895,0.016127700729256407,-0,-0,0.013027631779014988,-0,-0,0.007316914757024442,-0,0.007545747457218475,-0,-0,-0,-0,-0,0.008414280733668927,-0,-0,0.0023452528858511536
hamburg,2021,23,2021-06-07,2021.4301369863015,2021-06-13,2021.4465753424658,female,0.005236663670438811,0.016710284651006022,0.00546028667006821,0.005512292156648544,0.016580243031184678,0.010863934777497159,0.017350094156640673,0.00592833792167956,-0,0.012725957084356844,0.026563183486388017,0.006562814122280046,0.006786442825027931,0.019690927727868554,0.0204296126386492,0.013906659403238498,0.006838449637916147,0.02028915765754561,0.026656831396661633,0.012289052008682562,0.01129042562004973,0.015383875387355223,0.02409198013345158,-0,0.015857217555683697,0.0076133573113537825,0.011196805379356746,0.007145290892723908,0.006932062032199865,0.006947664114295283,-0,0.0064171959491335275,0.026438319868376768,0.013152463199081293,-0,0.010749511000238682,-0,0.011259218854422043,0.011321632404405547,0.003790938181377859,-0,0.0037701366691073185,0.016184918503956883,0.020908202830396985,0.01281437879630789,0.008497494264191401,-0,-0,-0,-0,0.004227771861252387,0.00828946068757165,-0,0.003759735916092501,0.003744134790467952,-0,0.0038325412308768125,0.003801338940633584,0.003967751371641334,-0,0.008809546189630155,-0,-0,-0,0.005309471053109519,-0,0.00593873910845527,-0,-0,-0,0.006281979439199475,-0,0.0061779669785036575,-0,0.006926861339210263,-0,0.008305063176946391,-0,-0,0.007072480939606985,0.003640127405946399
hamburg,2021,23,2021-06-07,2021.4301369863015,2021-06-13,2021.4465753424658,male,0.0049922396313357474,0.01559193734820765,0.005221062101703512,0.010421844303680755,0.015519115567216623,0.010551870523468895,-0,0.011436057440606802,-0,0.005980343876362871,0.025429016629750174,0.01873897602928555,0.025085649890862198,0.04314669540901133,0.031261394990446154,-0,0.012616730471292277,0.02542381408648386,0.018723370408923815,0.01841125898514139,0.016991175659695823,0.01494694797932523,0.014083506992924363,0.004373383903372552,0.019914612895994433,0.003863743539848575,0.011555683884026953,0.021745746265098582,0.003541320583335314,0.0174385237319118,-0,0.009574081321230209,0.01976375535138826,0.0065160082364414396,0.01017739589067374,0.014088708401723202,0.01107197865395119,0.011123989753121252,0.023056710897638263,0.003816940083414855,0.01546710007179904,0.019404820194351795,-0,0.004134164335210349,0.004248573556591155,0.008653519992832884,0.013412529620047454,0.013376120242808409,0.009293230374865555,0.008871956799435624,-0,-0,0.011680511770580458,0.003634927042177917,-0,-0,0.007602955789610853,-0,0.0039625509751080625,-0,-0,0.009454459436405776,-0,0.010749511000238682,0.005709913479989479,-0,0.006510807585062592,0.006874854437892958,-0,-0,-0,0.007545747457218475,-0,-0,-0,0.009079992706433657,0.02107467001655247,-0,-0,-0,0.0011700131626993324
hamburg,2021,24,2021-06-14,2021.4493150684932,2021-06-20,2021.4657534246576,female,-0,0.005569498251956764,-0,0.01101996760680905,-0,0.00542908340308526,0.005782721525274816,0.00592833792167956,0.012372271740083287,0.012725957084356844,0.013277294918819153,0.006562814122280046,0.020361986118910415,0.01312645662852338,0.006807245543943892,0.006952864809371217,0.02051804745101276,0.02028915765754561,0.01332410689098527,0.03687066850910866,0.005642306100639183,0.015383875387355223,0.02409198013345158,0.021766554969380177,0.023785038863731137,0.003806539321038674,0.007467736196293589,0.010723505631432432,0.006932062032199865,0.006947664114295283,0.0067500380869473355,0.00962609092220405,0.026438319868376768,0.009860134770317457,0.006947664114295283,0.010749511000238682,-0,0.007504141436826126,0.003775337046391954,-0,0.00371293255327242,0.0075353459489994855,0.016184918503956883,0.004180968077167981,0.01281437879630789,-0,0.009048787267324722,0.01370380555568146,0.004560599985233796,0.0044617914135902225,-0,0.012434686626035387,-0,0.007514542938803311,0.003744134790467952,0.00370773218222291,-0,-0,0.003967751371641334,-0,-0,-0,-0,-0,-0,-0,0.00593873910845527,-0,-0,-0,-0,0.006115559601955722,-0,-0,0.013849444135345498,0.007483338439113557,-0,-0,-0,-0,7.280050960454046e-4
hamburg,2021,24,2021-06-14,2021.4493150684932,2021-06-20,2021.4657534246576,male,-0,0.005195059497544844,0.010437447432891652,-0,0.0051742574235774715,0.005278267876625255,0.011045973123877359,0.005720314623075404,-0,0.01196657680746688,0.01907189704608009,0.012491900337300056,0.006271578183767644,0.006162365127346456,-0,0.012585522909699205,-0,0.006354788285470629,0.006240374429955163,0.006136362052479218,0.005663108361845575,0.009964154596493578,0.01877538916167991,0.01312645662852338,0.015930039810160994,0.003863743539848575,0.01925916605470958,0.003624526316206946,0.017714216902418683,0.00348931706789617,0.010120184725916173,0.012762366006361344,0.009880938718907498,0.013027631779014988,0.003390510531843826,0.007046477409624154,0.007384524313634336,0.00370773218222291,-0,0.003816940083414855,0.0038689439265003588,0.00775897883421337,0.008232251599903536,0.008273858202872625,-0,0.008653519992832884,-0,0.0089187648059436,0.009293230374865555,0.004435789189096282,0.016720687994640968,0.004082160226884292,0.007784982720497809,0.003634927042177917,0.007306513294578523,-0,0.003801338940633584,0.007519743690575015,0.0039625509751080625,0.004321379555807597,0.013766222039876739,0.009454459436405776,-0,0.010749511000238682,-0,-0,0.006510807585062592,-0,0.007405327271815587,-0,-0,-0,-0,-0,0.008117833613398493,-0,-0,-0,-0,-0,0.0011700131626993324
hamburg,2021,25,2021-06-21,2021.468493150685,2021-06-27,2021.4849315068493,female,0.010468653705347542,0.011139593093019493,0.00546028667006821,0.01101996760680905,0.016580243031184678,0.00542908340308526,0.011566086196461307,0.00592833792167956,0.0061883682152110014,0.012725957084356844,0.026563183486388017,-0,-0,0.006562814122280046,-0,0.034773624379385075,0.02051804745101276,0.02028915765754561,0.03332187413617073,0.0061415626664147295,0.005642306100639183,0.025642321351701185,0.004815422957523926,0.017412515017688462,0.00792540393112291,-0,0.0037337340426538855,0.010723505631432432,0.0034685156762824733,0.013891055233020673,0.0033749095170002483,0.0064171959491335275,0.003302104842938069,0.006573215435966263,0.006947664114295283,0.0035829234331317228,-0,0.0037545355403623185,-0,-0,0.00371293255327242,0.0075353459489994855,0.004045757382003803,0.004180968077167981,0.0085443019336265,0.004248573556591155,0.004524196805412104,0.004565800441571103,-0,-0,0.008450686636884294,0.00414456516311655,0.012070600847419764,0.003759735916092501,-0,0.00370773218222291,-0,0.007602955789610853,-0,-0,-0,-0,0.004810222476222118,0.005044244649821531,0.010619484286249373,0.005569498251956764,0.00593873910845527,-0,-0,0.006214371316084415,0.006281979439199475,-0,-0,-0,-0,-0,-0,0.0067240347182130535,0.0067240347182130535,-0,-0
hamburg,2021,25,2021-06-21,2021.468493150685,2021-06-27,2021.4849315068493,male,0.0049922396313357474,-0,0.005221062101703512,0.005210661058478578,-0,0.005278267876625255,0.005522693260200158,0.005720314623075404,0.0059023349638452445,0.01196657680746688,0.012715554539894168,0.006245575054287377,-0,0.012325460624785496,-0,0.031464317342481514,0.006307982586878362,0.006354788285470629,0.012481497839660073,0.01227344832387483,-0,-0,0.004695812019103001,0.004373383903372552,0.003983352564350079,0.007732974960938583,0.02311393629713059,0.018119956679774157,0.017714216902418683,-0,-0,0.003192898022971868,0.016471008321855496,0.013027631779014988,0.003390510531843826,0.017615383333597048,-0,0.011123989753121252,0.007686168021811396,-0,0.0038689439265003588,0.00775897883421337,0.008232251599903536,-0,-0,0.004326579988220815,0.008939568377917506,-0,0.004649007813746687,-0,0.004180968077167981,0.004082160226884292,-0,-0,-0,0.0072805096475691685,0.003801338940633584,-0,-0,-0,0.009178810053818976,0.004727014846080024,0.005054645659759895,-0,-0,-0,0.006510807585062592,-0,-0,-0,-0,0.015087388531530141,-0,-0,-0,-0,-0,-0,-0,0.009059189078280308,0.0011700131626993324
hamburg,2021,26,2021-06-28,2021.4876712328767,2021-07-04,2021.504109589041,female,-0,0.005569498251956764,-0,-0,-0,-0,-0,-0,-0,-0,-0,-0,-0,-0,0.006807245543943892,0.006952864809371217,0.013677798709381312,0.01352695925732107,0.026656831396661633,-0,0.005642306100639183,-0,0.004815422957523926,0.013058839605933103,0.00792540393112291,0.0076133573113537825,0.0037337340426538855,0.007145290892723908,0.017339690687083274,0.006947664114295283,0.0033749095170002483,0.01283518392685368,0.003302104842938069,0.009860134770317457,0.010421844303680755,-0,-0,-0,0.003775337046391954,0.003790938181377859,0.00371293255327242,-0,-0,0.008362272344714289,0.004269375260251284,0.004248573556591155,0.009048787267324722,-0,0.004560599985233796,-0,-0,-0,-0,0.003759735916092501,-0,0.00370773218222291,0.011498471202837403,0.003801338940633584,0.011904162483377698,-0,-0,0.004602203650517907,-0,0.005044244649821531,0.010619484286249373,-0,-0,-0,-0,0.006214371316084415,-0,-0,-0,0.006490004984736952,-0,-0,-0,-0,-0,-0,0.0014560203843819654
hamburg,2021,26,2021-06-28,2021.4876712328767,2021-07-04,2021.504109589041,male,0.009979757588370606,-0,-0,0.005210661058478578,-0,0.005278267876625255,-0,-0,-0,-0,0.01907189704608009,0.006245575054287377,0.01254391285671498,0.006162365127346456,0.00625077567914549,0.0062923806967118065,0.018926243838959245,0.02542381408648386,0.037453484873130424,-0,0.033982701658544,0.024919169863908314,0.03286398282571445,0.004373383903372552,0.015930039810160994,0.003863743539848575,0.00770177033017048,0.02537178868248336,0.014171931013309177,0.00348931706789617,0.010120184725916173,0.012762366006361344,0.006588817410399463,0.0032553018920135506,0.01017739589067374,0.007046477409624154,0.01107197865395119,0.014832515217222104,0.007686168021811396,-0,0.0038689439265003588,0.0038793447013583844,0.00411336268563894,-0,-0,-0,0.008939568377917506,-0,0.004649007813746687,0.008871956799435624,0.012538711602429472,-0,-0,-0,0.0036505281350378074,-0,-0,0.003759735916092501,-0,-0,0.004586602272132791,-0,-0,0.010749511000238682,-0,-0,-0,0.006874854437892958,-0,-0,-0,0.007545747457218475,0.007561349723445207,0.015441092343604745,-0,-0,-0,-0,-0,-0,-0
hamburg,2021,27,2021-07-05,2021.5068493150684,2021-07-11,2021.5232876712328,female,0.005236663670438811,-0,-0,0.005512292156648544,-0,-0,0.005782721525274816,0.00592833792167956,0.0061883682152110014,-0,0.026563183486388017,-0,0.006786442825027931,-0,-0,0.013906659403238498,0.013677798709381312,-0,0.006661626686297544,0.0430165876602783,0.03387863377506636,0.010255411216783925,0.014452808310744417,0.013058839605933103,0.00792540393112291,0.0076133573113537825,0.007467736196293589,0.025023219818294442,0.017339690687083274,0.0034737160234086795,0.0067500380869473355,0.0064171959491335275,0.003302104842938069,0.006573215435966263,0.006947664114295283,0.0035829234331317228,-0,0.0037545355403623185,0.003775337046391954,-0,-0,0.0075353459489994855,0.008091829560669015,-0,0.004269375260251284,0.004248573556591155,-0,0.009132001813229757,0.02280700080045453,0.008923965698159696,-0,-0,0.008045022298518056,-0,0.007488539187764362,0.00370773218222291,0.0038325412308768125,0.007602955789610853,0.003967751371641334,0.004248573556591155,-0,-0,-0,-0,-0,-0,-0,-0,-0,-0,0.006281979439199475,-0,-0,-0,0.006926861339210263,-0,-0,-0,-0,0.007072480939606985,-0
hamburg,2021,27,2021-07-05,2021.5068493150684,2021-07-11,2021.5232876712328,male,0.0049922396313357474,-0,-0,0.005210661058478578,0.015519115567216623,-0,0.005522693260200158,-0,0.0059023349638452445,0.01196657680746688,0.006354788285470629,0.006245575054287377,0.006271578183767644,0.006162365127346456,0.00625077567914549,-0,0.006307982586878362,0.019066695138797746,0.024965992317620228,0.04296974895042808,0.005663108361845575,0.009964154596493578,0.028165626531800828,0.039384110737078704,0.015930039810160994,0.019331993073529896,0.01540988308693832,0.0072493052883192835,0.014171931013309177,0.010463452658639629,0.013490549799966361,0.009574081321230209,0.01976375535138826,0.009771718081667798,0.01017739589067374,-0,0.01107197865395119,0.007415728754027102,-0,0.011451660874139914,0.007732974960938583,0.00775897883421337,0.012346265559716659,-0,-0,0.008653519992832884,0.004472192307027267,0.004456590967648947,0.004649007813746687,0.008871956799435624,-0,-0,-0,-0,0.0036505281350378074,0.003640127405946399,-0,-0,0.0039625509751080625,0.004321379555807597,0.004586602272132791,0.004727014846080024,-0,-0,-0,-0,-0,-0,-0,-0,-0,-0,-0,-0,0.008117833613398493,-0,-0,-0,-0,-0,-0
hamburg,2021,28,2021-07-12,2021.5260273972603,2021-07-18,2021.5424657534247,female,0.005236663670438811,-0,-0,0.005512292156648544,0.005527893812761903,0.010863934777497159,0.005782721525274816,0.00592833792167956,-0,-0,0.006640824025636648,0.019690927727868554,0.020361986118910415,0.01312645662852338,-0,0.02086138403030935,0.027359196099544254,0.03382139652792902,0.03998777126970584,0.018432066355112433,0.01129042562004973,0.041028581748861724,0.014452808310744417,0.013058839605933103,0.011893760103312842,0.0304601195937375,0.01493134349693433,0.007145290892723908,0.02080416110966395,0.04168950721766337,0.016871536711235546,0.02246365137478491,0.009912144657398491,0.006573215435966263,-0,0.010749511000238682,-0,0.007504141436826126,0.007545747457218475,-0,0.011139593093019493,0.0075353459489994855,0.004045757382003803,0.008362272344714289,0.004269375260251284,0.004248573556591155,0.004524196805412104,0.009132001813229757,0.004560599985233796,0.008923965698159696,0.004227771861252387,0.00414456516311655,-0,0.003759735916092501,0.014972955460375015,0.014842918185189164,0.007665364951277586,-0,-0,-0,0.004404586536875719,0.004602203650517907,-0,-0,0.005309471053109519,-0,-0,-0,0.00625077567914549,-0,-0,-0,-0,-0,-0,-0,-0,-0,-0,-0,7.280050960454046e-4
hamburg,2021,28,2021-07-12,2021.5260273972603,2021-07-18,2021.5424657534247,male,-0,-0,0.005221062101703512,0.005210661058478578,0.0051742574235774715,-0,0.005522693260200158,0.005720314623075404,-0,0.01196657680746688,0.012715554539894168,0.012491900337300056,0.006271578183767644,0.018489286665460354,0.012502302837021037,0.018874224935293928,0.012616730471292277,0.02542381408648386,0.024965992317620228,0.0552481391938897,0.06231772642442061,0.0398732833888109,0.04225676490953954,0.021875800803470166,0.015930039810160994,0.02320237567476316,0.03081913106945035,0.014494419891242694,0.02479951267375945,0.010463452658639629,0.01686633502407105,0.015956047782908676,0.009880938718907498,0.0032553018920135506,0.027140681619807493,0.0035205191709188123,-0,0.011123989753121252,0.015368270773853679,0.011451660874139914,0.0038689439265003588,0.00775897883421337,0.012346265559716659,0.012408680414448115,0.004248573556591155,-0,0.013412529620047454,-0,0.009293230374865555,0.004435789189096282,0.004180968077167981,0.004082160226884292,-0,0.003634927042177917,0.0036505281350378074,0.010926347853038289,-0,0.007519743690575015,-0,-0,0.009178810053818976,-0,-0,-0,0.011420454011749976,-0,0.013027631779014988,-0,0.007405327271815587,-0,-0,-0,-0,-0,0.008117833613398493,-0,-0,-0,-0,-0,0.0011700131626993324
hamburg,2021,29,2021-07-19,2021.545205479452,2021-07-25,2021.5616438356165,female,0.005236663670438811,0.011139593093019493,0.00546028667006821,0.01101996760680905,0.011051174228849372,0.00542908340308526,0.023134745548924536,0.01778183997879256,0.0185621126060625,0.012725957084356844,0.05313473787478791,0.03282235654288404,0.03394107448015803,0.019690927727868554,0.03405554930090421,0.0278170389393853,0.013677798709381312,0.03382139652792902,0.053327334930468304,0.07376749876542414,0.03952461730428584,0.04616008195019439,0.057835350846688664,0.03047572873679638,0.04758096209224422,0.02284341678160602,0.02240122445005047,0.03932686742965571,0.03120936374568795,0.027791025033654132,0.03712564986460271,0.01925396412869344,0.03305130151083315,0.016439798447055985,0.03475281046944847,0.025090852400289885,0.007337717688158038,0.030023065490478285,0.022640528068518795,0.003790938181377859,0.011139593093019493,0.018843013618069403,0.024274064793716903,0.008362272344714289,0.01281437879630789,0.012746762179525249,0.013573771454237438,0.027406020750380154,0.02280700080045453,0.03124578561155328,0.008450686636884294,0.012434686626035387,0.008045022298518056,0.01127482223489776,0.01122801210752824,0.007420929495915969,0.011498471202837403,0.003801338940633584,0.003967751371641334,0.017001579059527188,0.004404586536875719,-0,0.00962609092220405,-0,0.010619484286249373,-0,-0,-0,0.00625077567914549,-0,-0,-0,-0,-0,-0,0.007483338439113557,0.008305063176946391,-0,-0,-0,-0
hamburg,2021,29,2021-07-19,2021.545205479452,2021-07-25,2021.5616438356165,male,0.0049922396313357474,0.005195059497544844,0.005221062101703512,0.020845777772977137,-0,0.01583120963236622,0.011045973123877359,0.017157630306755607,0.023618563000681193,0.01196657680746688,-0,0.012491900337300056,0.006271578183767644,0.049314176147994666,0.03751592987099191,0.05034996828152198,0.018926243838959245,0.03814038397402376,0.09368955060180342,0.04911118412768986,0.04531694066035277,0.024919169863908314,0.028165626531800828,0.048137874423750476,0.043823260950158836,0.01546710007179904,0.03852546774225384,0.0072493052883192835,0.04607160351848892,0.027900283525187867,0.030361261796526377,0.025533067604319865,0.016471008321855496,0.019545272786826284,0.01356857009694599,0.007046477409624154,0.014764895976167997,0.01854130518405447,0.023056710897638263,0.015269441663739312,0.0038689439265003588,0.023285612873469672,0.012346265559716659,0.01654903309082355,0.012746762179525249,0.02163650070423713,0.022354404305684895,-0,0.013943069151946876,0.008871956799435624,0.012538711602429472,-0,0.011680511770580458,0.014541232959114825,0.007306513294578523,0.014567240237249476,-0,0.007519743690575015,0.0039625509751080625,0.008643118263024918,0.004586602272132791,0.009454459436405776,-0,0.00537707799972235,0.005709913479989479,0.012195429970057726,-0,-0,0.007405327271815587,-0,-0,-0,0.01512379910698572,-0,-0,-0,-0,-0,-0,-0,0.0035153188191119765
hamburg,2021,30,2021-07-26,2021.5643835616438,2021-08-01,2021.5808219178082,female,0.005236663670438811,0.011139593093019493,0.021839385499940696,0.01101996760680905,0.005527893812761903,-0,0.057861379786963776,0.059292991567180445,0.012372271740083287,0.025455029353872036,0.026563183486388017,0.03282235654288404,0.006786442825027931,0.01312645662852338,-0,0.04173114059930998,0.0684302061509808,0.027057438250009416,0.08001152463333412,0.0860739985297875,0.06777414750141005,0.02051284539906611,0.043370481498337804,0.017412515017688462,0.027749402811548553,0.026651628730552348,0.02240122445005047,0.032171950201509536,0.03120936374568795,0.013891055233020673,0.030371667871593303,0.0064171959491335275,0.026438319868376768,0.03946216989421609,0.01737610283963735,0.03943094621730098,0.033035691594636325,0.0375315411321785,0.041517769870723725,0.030345652687833437,0.0334259409054129,0.022614516752292035,0.024274064793716903,0.008362272344714289,0.021355584601614706,0.012746762179525249,0.009048787267324722,0.027406020750380154,0.01824480032511044,0.008923965698159696,0.016902746845166933,0.00414456516311655,0.008045022298518056,0.01879619667735517,0.003744134790467952,-0,0.007665364951277586,0.015201821854517133,0.015872822315913367,-0,0.004404586536875719,0.009204814650129236,-0,0.010083777653838487,0.005309471053109519,0.005569498251956764,-0,0.006021948677558128,0.00625077567914549,-0,-0,-0,-0,0.012986021372251058,-0,0.007483338439113557,-0,-0,0.0067240347182130535,0.01414592393288367,0.003640127405946399
hamburg,2021,30,2021-07-26,2021.5643835616438,2021-08-01,2021.5808219178082,male,0.014972955460375015,0.025985691766443362,-0,0.010421844303680755,0.0051742574235774715,0.02638629344935969,0.011045973123877359,0.02859746216291918,0.017714216902418683,0.023935908074983355,0.06359847613163315,0.01873897602928555,0.06901858325003735,0.030813927986886827,0.03751592987099191,0.025168890104205904,0.05049050448218209,0.06358285704276034,0.037453484873130424,0.10441155461335429,0.022650932598651512,0.0598239994118628,0.06104742047666037,0.04376080837758144,0.03187016442218581,0.03093880211216547,0.03081913106945035,0.014494419891242694,0.03543447035130267,0.0174385237319118,0.020237137390453824,0.019144723802626776,0.029653653577336573,0.0065160082364414396,0.027140681619807493,0.014088708401723202,0.014764895976167997,0.014832515217222104,0.026901357290817052,0.022911046528549278,0.030944005207223825,0.0155243171196172,0.020580472114999304,0.012408680414448115,0.012746762179525249,0.004326579988220815,0.013412529620047454,0.017833857789692514,0.018593323754685687,0.017750629317229673,0.016720687994640968,0.004082160226884292,-0,0.01090554348620109,0.021917418324447695,0.0072805096475691685,0.003801338940633584,0.011280023362759599,0.00792540393112291,0.004321379555807597,0.009178810053818976,0.014182333849122519,-0,0.016127700729256407,0.005709913479989479,-0,-0,-0,0.007405327271815587,0.007316914757024442,0.00763416036108147,0.007545747457218475,-0,0.007717372643216724,-0,-0,0.010536267359929925,-0,-0,0.018119956679774157,0.007036076001273164
hamburg,2021,31,2021-08-02,2021.5835616438355,2021-08-08,2021.6,female,0.01570637178153197,0.027848255643444543,0.00546028667006821,0.033066911431721704,0.011051174228849372,0.01629415261230751,0.057861379786963776,0.059292991567180445,0.09287168478177314,0.12102512812509002,0.07307492157362547,0.03938931467724504,0.0950908920045918,0.05910037241473689,0.1090594851981071,0.09046504596840252,0.13695058276686406,0.13541777370464758,0.10670941455880338,0.0860739985297875,0.07907929968085729,0.035897587887843536,0.043370481498337804,0.047898453438179264,0.04758096209224422,0.057127368667969455,0.04854905651470802,0.042902093110681674,0.03815079160594054,0.04168950721766337,0.04387530481793648,0.02246365137478491,0.023134745548924536,0.03946216989421609,0.024326089099468276,0.0430165876602783,0.04038327679772796,0.04879889025916121,0.033967091462747054,0.022754978014472772,0.052005196529690705,0.052780777578602445,0.044515448652137087,0.041830020014312116,0.04272514748443179,0.05525855025043205,0.027151087050402017,0.009132001813229757,0.041059806385100615,0.03571025894933535,0.02958601506058414,0.00828946068757165,0.028165626531800828,0.01503537346797201,0.014972955460375015,0.011129190865902368,0.019165531466089826,0.003801338940633584,0.007935805517359338,0.02550705484115976,0.013214879021494076,0.009204814650129236,0.00962609092220405,0.005044244649821531,0.010619484286249373,0.016715486322566215,0.011883357725328935,0.006021948677558128,-0,-0,-0,0.012231838520603982,0.0061779669785036575,0.012986021372251058,0.006926861339210263,-0,-0,-0,-0,0.01414592393288367,0.010198199966192732
hamburg,2021,31,2021-08-02,2021.5835616438355,2021-08-08,2021.6,male,0.019961430843658905,0.025985691766443362,0.01565955766473659,0.02605852820651066,0.031048067217778943,0.005278267876625255,0.03866597198938124,0.02287983278826568,0.05906393103372852,0.09580981042909949,0.06996624885748641,0.11254049452776418,0.10042050181591566,0.10484402389824087,0.05627884390323163,0.11966478348432806,0.10735554312837768,0.10814237182444868,0.07493917291207998,0.09826358512441119,0.07932928015113494,0.06481157303260637,0.05165124392210303,0.06565503047522177,0.06774290681979354,0.06576436855281335,0.03852546774225384,0.05075075770857362,0.03189097717832465,0.031391473330127144,0.030361261796526377,0.03191699313520967,0.03294723549135314,0.022801798519511415,0.040711132344735924,0.04933499588719,0.02584522177727002,0.03337390749475842,0.023056710897638263,0.04200696259464282,0.03481004874182383,0.023285612873469672,0.037052797921164934,0.04551991786960274,0.012746762179525249,0.043287212143289566,0.0357779054326154,0.031214566867818642,0.02788987794467474,0.03994613928385569,0.02090300073941348,0.020408804469361337,0.02725514147086117,0.007270108192405292,0.007306513294578523,0.010926347853038289,0.007602955789610853,0.007519743690575015,0.03170366267296771,0.008643118263024918,0.009178810053818976,0.009454459436405776,0.010114983714056279,-0,0.017126420019844144,0.018291616769384955,0.006510807585062592,-0,0.022224348570298577,-0,-0,-0,0.007561349723445207,0.007717372643216724,0.008117833613398493,-0,-0,-0,-0,0.009059189078280308,0.010551870523468895
hamburg,2021,32,2021-08-09,2021.6027397260275,2021-08-15,2021.6191780821919,female,0.03665731772344312,0.027848255643444543,0.04368274276733994,0.033066911431721704,0.03316577437281314,0.05433197438070381,0.10419792653473117,0.10083730762659208,0.08667820132517381,0.09552328377878959,0.12628441973603602,0.09195485686209204,0.1971621058908581,0.18409348512521884,0.09541388311061369,0.13226887915536148,0.0889752777568786,0.08798038639178628,0.09335615151698876,0.1414814968481565,0.0903869102114322,0.08208956107145984,0.07713157634267345,0.06096412281014396,0.09123599173133945,0.04569687300617045,0.08218330903387164,0.06436381723333442,0.07285621490313127,0.059074342854268685,0.033748549213596254,0.05777808722394185,0.05620075949789431,0.055914451014818935,0.06257283259009029,0.05736162641004863,0.05507635706188782,0.04128878762375218,0.01886902304778601,0.04552512242385097,0.07059629983584592,0.033925464296857395,0.060714230611193847,0.07950114242155493,0.04272514748443179,0.08929302194145777,0.05431635807494059,0.05025627769209413,0.045624009053482836,0.03571025894933535,0.03804671538051579,0.041455320067003455,0.02011749097362581,0.041356441364500215,0.003744134790467952,0.025975286569046966,0.038338129336639964,0.01900427229203403,0.01984178506119964,0.021251541985756222,0.022026664475484493,0.009204814650129236,0.004810222476222118,0.015129000619842995,0.010619484286249373,0.027858661215628747,0.00593873910845527,0.006021948677558128,0.012502302837021037,0.012434686626035387,0.006281979439199475,-0,0.01235666803029795,0.012986021372251058,0.020778150712009624,0.007483338439113557,0.016616654651957382,-0,-0,-0,0.014567240237249476
hamburg,2021,32,2021-08-09,2021.6027397260275,2021-08-15,2021.6191780821919,male,0.014972955460375015,0.01559193734820765,0.03132383255288551,0.020845777772977137,0.041403278621194514,0.04750289074674576,0.06630585575422379,0.1030255929460548,0.09453347658879271,0.155780709751473,0.09542951176340762,0.10002453939026333,0.11927388643422826,0.08632922126796908,0.14394785652389747,0.1512016133196954,0.12632090825535763,0.07631397090608369,0.11870057607606871,0.07982403670812757,0.056653650681028414,0.08975661939862567,0.04225676490953954,0.048137874423750476,0.055779105735197586,0.050282302838890076,0.08093855819806665,0.036246229653478575,0.06734719314386911,0.05232792012463811,0.040487357699816186,0.03191699313520967,0.049428684816718846,0.06517082175222269,0.040711132344735924,0.07048695159790687,0.044312475363688875,0.03337390749475842,0.046123649636549864,0.04200696259464282,0.05803317111956267,0.04269912611958655,0.020580472114999304,0.057939466685974474,0.06375987365799766,0.04761739542692194,0.0491996677314283,0.04459871997402092,0.046493178572735924,0.031063676537320735,0.054363207006305404,0.028571447866759088,0.03894177772667087,0.018177176646680372,0.02922701209825631,0.03642315323459947,0.01140485058758098,0.026323861815248883,0.015852015969977255,0.017282471641719487,0.01835924059664533,0.02363937245441662,-0,0.00537707799972235,-0,-0,0.032572599545633685,0.027510075680981037,0.007405327271815587,0.014640060685233372,-0,0.007545747457218475,0.01512379910698572,-0,-0,0.009079992706433657,0.02107467001655247,0.008414280733668927,-0,0.009059189078280308,0.009381646249935602
hamburg,2021,33,2021-08-16,2021.6219178082192,2021-08-22,2021.6383561643836,female,0.01570637178153197,0.016710284651006022,0.04368274276733994,0.049610858218473844,0.027634941872547066,0.02715628976647721,0.07523079369170049,0.04743002426336422,0.08048024740385135,0.15292263871400658,0.06643081513992388,0.1379933358435731,0.17673078476840987,0.13142955368950174,0.11588102348240537,0.13226887915536148,0.11638655123900521,0.07443404793144749,0.14009976084117085,0.0860739985297875,0.0734238126902084,0.05129208859177388,0.043370481498337804,0.07839706742933998,0.05948561143312352,0.07237193912048741,0.04854905651470802,0.06436381723333442,0.052031222551806776,0.03821844126417123,0.07765235083851142,0.05456621952996323,0.02974730705346839,0.055914451014818935,0.04171032390431999,0.05018861237137771,0.047726695584121286,0.04128878762375218,0.011321632404405547,0.04552512242385097,0.07059629983584592,0.04900708596312342,0.040466541502732635,0.02927383843104301,0.034175227792043225,0.03399831185903285,0.027151087050402017,0.027406020750380154,0.041059806385100615,0.0446403556849714,0.033816193144946535,0.029018895573813784,0.04426563548656102,0.01503537346797201,0.014972955460375015,0.014842918185189164,0.019165531466089826,0.01900427229203403,0.007935805517359338,0.021251541985756222,0.008809546189630155,0.02302029476710931,0.004810222476222118,0.020174713138630188,0.005309471053109519,0.03900942841394738,0.0237694317289319,-0,0.00625077567914549,0.012434686626035387,0.012564717879042194,-0,0.01235666803029795,0.006490004984736952,0.013849444135345498,-0,0.024924372356685764,0.0134541403680991,0.0067240347182130535,0.021215127119388867,0.010198199966192732
hamburg,2021,33,2021-08-16,2021.6219178082192,2021-08-22,2021.6383561643836,male,0.024955587324263617,0.031183348142826493,0.03654804083075729,0.020845777772977137,0.020694917526936325,0.05806440596828428,0.07736592422037898,0.08583961140429322,0.08862107341342781,0.08382392573561398,0.08906382921972791,0.15010644499770273,0.13184660812824187,0.12954763713593534,0.10636030004357815,0.14489167415493318,0.10735554312837768,0.05086006445207428,0.11244669182011024,0.04296974895042808,0.07932928015113494,0.12470501265411225,0.046951189912724935,0.07879286520271885,0.07571509609970091,0.05802275950749141,0.08479790362852982,0.05800714209329616,0.04252218118399032,0.05232792012463811,0.04385969165213108,0.03191699313520967,0.06921123914523301,0.042350441087009784,0.05089650008429897,0.042282786053017545,0.048007754186143996,0.040794397574719504,0.023056710897638263,0.02672966877680145,0.06190643544581538,0.03881688438138674,0.028815982764439984,0.037240131696213506,0.033993108458347285,0.043287212143289566,0.05367088820630141,0.031214566867818642,0.02788987794467474,0.017750629317229673,0.04599873904071044,0.04490578412595868,0.023363647868262456,0.02544982680800896,0.021917418324447695,0.021849789869776325,0.019014676094624178,0.02256249415888399,0.02377463410667591,0.021605287729002425,0.013766222039876739,0.009454459436405776,0.010114983714056279,0.021506446764364646,0.017126420019844144,0.006094757159748407,-0,0.02063249272556671,-0,0.014640060685233372,0.015269441663739312,0.015087388531530141,-0,0.015441092343604745,0.008117833613398493,0.009079992706433657,-0,-0,0.008502695114267609,-0,0.01641899187425904
hamburg,2021,34,2021-08-23,2021.641095890411,2021-08-29,2021.6575342465753,female,0.01570637178153197,0.0389938167090741,0.03822364508768359,0.04409388963139131,0.060813146129682104,0.04889257822279298,0.09840425087718008,0.11865366914468414,0.1300689368403604,0.14653948522478852,0.11963351161218341,0.1379933358435731,0.12228647564203085,0.23681080697749451,0.11588102348240537,0.09046504596840252,0.11638655123900521,0.0676648051978688,0.053327334930468304,0.049168438207035044,0.0903869102114322,0.07182518156054393,0.06266133910325324,0.03918636139677676,0.07139298679571786,0.08380830057050676,0.05601856300809312,0.042902093110681674,0.03120936374568795,0.06255200755006156,0.07765235083851142,0.06420241783244271,0.03966512425114968,0.04932979095160679,0.03823405273626483,0.06094850451252984,0.044057458765341895,0.07509019061164056,0.033967091462747054,0.07209595601453897,0.05943875788654936,0.052780777578602445,0.05666406201897573,0.050199022414988075,0.04272514748443179,0.03399831185903285,0.036204600663048446,0.0456864638638262,0.05018861237137771,0.0491059792145148,0.033816193144946535,0.012434686626035387,0.024138801842335366,0.030075095548244155,0.007488539187764362,0.025975286569046966,0.034503044200046816,0.003801338940633584,0.01984178506119964,0.004248573556591155,0.01762058509569122,0.02302029476710931,0.014437203976637282,0.03530958542955223,0.005309471053109519,-0,0.00593873910845527,0.006021948677558128,0.012502302837021037,0.006214371316084415,0.006281979439199475,0.012231838520603982,0.0061779669785036575,0.01947764741716979,0.013849444135345498,0.007483338439113557,0.024924372356685764,-0,0.0134541403680991,0.01414592393288367,0.026225011881204716
hamburg,2021,34,2021-08-23,2021.641095890411,2021-08-29,2021.6575342465753,male,0.049917951969001964,0.0467846398677903,0.05221861029559286,0.057340803456906786,0.03622541515409771,0.06334336493423982,0.11608948794122009,0.08011568488388261,0.1122799318687561,0.12578400834012213,0.12728004423105221,0.15010644499770273,0.08786058400362123,0.16661985912573993,0.19411385911369014,0.13227409239934443,0.1769342755892203,0.12724876777889166,0.13746674292631283,0.06753463608866968,0.07365814385873078,0.07977716483245136,0.06574354223459442,0.05251530893761165,0.055779105735197586,0.08512603932646533,0.07708470689386922,0.09066299041152816,0.07443925538044018,0.041861245131797516,0.0674929820425494,0.05107347351826374,0.05931902123709756,0.03583514483335566,0.05089650008429897,0.06343707910621249,0.0406174591203795,0.03708402017014045,0.03843179845508518,0.03818721833405045,0.05803317111956267,0.04269912611958655,0.07000790488484442,0.04965770291065087,0.046748207116564654,0.04761739542692194,0.0491996677314283,0.035673833956322454,0.03254138000532251,0.013313704226862691,0.025085649890862198,0.020408804469361337,0.007784982720497809,0.03272869752833626,0.02556948549461241,0.01820838756426024,0.015207023375178961,-0,0.011888558914063657,0.017282471641719487,0.01835924059664533,0.009454459436405776,0.01517061274145522,-0,0.022838214497025486,0.024388518335081114,-0,0.02063249272556671,0.007405327271815587,0.007316914757024442,-0,0.03018435883900562,0.007561349723445207,0.007717372643216724,0.01623173309372802,0.009079992706433657,-0,0.008414280733668927,0.01700678076022049,0.009059189078280308,0.0222815730537926
hamburg,2021,35,2021-08-30,2021.6602739726027,2021-09-05,2021.676712328767,female,0.04189247026803308,0.016710284651006022,0.02729676329734818,0.05512320667797219,0.027634941872547066,0.08151666052909237,0.06365053979508231,0.0889648599476334,0.11766863335967945,0.10190017756583156,0.11963351161218341,0.1445735900560832,0.14950150476613175,0.11169627625041882,0.08177186090019954,0.07653789977922135,0.09582543920089025,0.12185907346941338,0.08668341000048602,0.06761794428102148,0.06777414750141005,0.07182518156054393,0.057835350846688664,0.08711573186992799,0.05948561143312352,0.06856037750203971,0.04854905651470802,0.06436381723333442,0.052031222551806776,0.027791025033654132,0.07765235083851142,0.05135455021016223,0.04296974895042808,0.03946216989421609,0.04866356349858639,0.03943094621730098,0.05874637150871082,0.04128878762375218,0.03773969172913588,0.06070902453648832,0.055721844376790224,0.04523887271391622,0.04856467108857387,0.050199022414988075,0.07692847570295407,0.06801886682341618,0.0452596908215068,0.06854475692270412,0.05018861237137771,0.0669723092812668,0.02958601506058414,0.041455320067003455,0.02011749097362581,0.04887696355046279,0.007488539187764362,0.03711524243786269,0.019165531466089826,0.02280700080045453,0.015872822315913367,0.017001579059527188,0.035252346607322294,0.009204814650129236,0.024065968091178745,0.005044244649821531,0.015930039810160994,0.02228677528269061,0.01782345422334967,0.018073140390041906,0.012502302837021037,-0,-0,0.024466554984993116,0.0061779669785036575,0.01947764741716979,0.020778150712009624,0.02993461451175702,0.016616654651957382,0.0134541403680991,0.0134541403680991,0.007072480939606985,0.022583303190004095
hamburg,2021,35,2021-08-30,2021.6602739726027,2021-09-05,2021.676712328767,male,0.029945020501444982,0.041585423909386174,0.03132383255288551,0.06777414750141005,0.020694917526936325,0.08447497845532187,0.10502118102930084,0.09729977446148004,0.07679828340241564,0.06584767390909986,0.13365040709426582,0.12505946287385436,0.2073364010107012,0.1110188270510799,0.11888820422474097,0.09445012526446099,0.12632090825535763,0.1208791890648729,0.1562396847027333,0.08596982634358367,0.08500103500690134,0.03488810103295564,0.06574354223459442,0.061276489747583734,0.10364041348780173,0.046415108860386904,0.08093855819806665,0.05800714209329616,0.04961606318218475,0.04884052933326955,0.05736162641004863,0.04468719589964194,0.05931902123709756,0.061911641640403275,0.054290330909082585,0.05638295662607967,0.0406174591203795,0.03337390749475842,0.06920082529481165,0.022911046528549278,0.06190643544581538,0.04269912611958655,0.04528571346771252,0.02482552508297713,0.038244460386929136,0.043287212143289566,0.05367088820630141,0.062447882475018396,0.023243994257461535,0.03994613928385569,0.041814407462603606,0.024487364778082346,0.04283964164442654,0.03272869752833626,0.03653242986483672,0.03642315323459947,0.019014676094624178,0.04137725791782401,0.011888558914063657,0.04321955589049912,0.0367197617652276,0.033103334598675205,0.01517061274145522,0.021506446764364646,0.011420454011749976,0.012195429970057726,0.013027631779014988,0.006874854437892958,0.014816910769176628,0.007316914757024442,0.00763416036108147,0.007545747457218475,0.01512379910698572,-0,0.024352101271867984,0.018166773011649994,0.010536267359929925,0.01682992322846593,0.008502695114267609,0.018119956679774157,0.01641899187425904
hamburg,2021,36,2021-09-06,2021.6794520547944,2021-09-12,2021.695890410959,female,0.02617818829382411,0.044567493212691336,0.00546028667006821,0.033066911431721704,0.06634750884942543,0.08695426183551405,0.08102188786736168,0.0711586658345771,0.04331843813580664,0.12102512812509002,0.10632382552796832,0.197245622016092,0.11549015487464313,0.1445892334908596,0.13635622286930674,0.12529923939251736,0.07527766146953588,0.060896443554352406,0.12673792172319115,0.06146391081073331,0.06212509606741109,0.06155762159562014,0.043370481498337804,0.07839706742933998,0.05155234583003042,0.057127368667969455,0.03733900257180066,0.02859746216291918,0.05549800512620334,0.03474240351761011,0.04387530481793648,0.04493180659506327,0.04296974895042808,0.03946216989421609,0.03823405273626483,0.06454083650710833,0.04038327679772796,0.07885015197212866,0.05662241667969944,0.06070902453648832,0.0334259409054129,0.0678678696588728,0.04856467108857387,0.050199022414988075,0.03845261383765349,0.03824966421303955,0.036204600663048446,0.05482649315562814,0.02280700080045453,0.03571025894933535,0.02958601506058414,0.029018895573813784,0.016091289450864764,0.033831803295450234,0.029950223497072753,0.029690074353566534,0.019165531466089826,0.015201821854517133,0.011904162483377698,0.004248573556591155,0.013214879021494076,0.018416460826856485,0.004810222476222118,0.005044244649821531,0.010619484286249373,0.016715486322566215,0.011883357725328935,0.018073140390041906,0.012502302837021037,0.012434686626035387,0.012564717879042194,0.006115559601955722,0.0061779669785036575,0.01947764741716979,0.006926861339210263,0.007483338439113557,0.008305063176946391,0.0134541403680991,0.020179915156756156,0.01414592393288367,0.03132383255288551
hamburg,2021,36,2021-09-06,2021.6794520547944,2021-09-12,2021.695890410959,male,0.019961430843658905,0.041585423909386174,0.01565955766473659,0.03648039334560602,0.041403278621194514,0.10561518287323785,0.09395522952791913,0.05148988397405265,0.09453347658879271,0.0718408031253306,0.12091046168615495,0.13132007745358917,0.08786058400362123,0.13572016103053175,0.07505373802331586,0.15750710248200606,0.07575675673258721,0.1208791890648729,0.0874386734429447,0.06753463608866968,0.07932928015113494,0.06481157303260637,0.05165124392210303,0.056893111981200686,0.05976673359912875,0.05415498985663954,0.04238166651699509,0.05437882332613802,0.0531607644622462,0.06280190858083935,0.05061022080454732,0.06384838219158666,0.0461288542512245,0.048871758660731866,0.033925464296857395,0.04933499588719,0.0406174591203795,0.048215946722602196,0.03843179845508518,0.04200696259464282,0.03868158359582761,0.03493493246386896,0.04528571346771252,0.05379581723299806,0.033993108458347285,0.03895738941592654,0.05367088820630141,0.04013348348268534,0.03719329818918244,0.0488249146765687,0.04599873904071044,0.024487364778082346,0.04283964164442654,0.03272869752833626,0.01826560762847452,0.021849789869776325,0.04563962274903346,0.030090704575728534,0.02377463410667591,0.021605287729002425,0.022947462582570632,0.014182333849122519,0.010114983714056279,0.010749511000238682,0.011420454011749976,0.012195429970057726,0.026053325600267803,0.02063249272556671,0.014816910769176628,0.021959035878733293,0.00763416036108147,-0,0.01512379910698572,-0,0.024352101271867984,0.009079992706433657,0.031615208835539886,0.008414280733668927,0.008502695114267609,0.018119956679774157,0.017589374530914144
hamburg,2021,37,2021-09-13,2021.6986301369864,2021-09-19,2021.7150684931507,female,0.02617818829382411,0.016710284651006022,0.01637737875364091,0.033066911431721704,0.022104697581028895,0.010863934777497159,0.057861379786963776,0.04149695326115035,0.061896023058197525,0.108272642624876,0.0863708904054031,0.1379933358435731,0.08829291566010053,0.13142955368950174,0.0749547954123836,0.09743001810174663,0.06158365239916939,0.04058623474975733,0.05999579722846092,0.02457580649161621,0.0508236288453737,0.06669114815792276,0.05301501574025177,0.0827562169210053,0.035684241094578885,0.057127368667969455,0.026136567362656626,0.03574668396785748,0.03815079160594054,0.03474240351761011,0.047253063228823305,0.03529917836627809,0.02974730705346839,0.02630305128720792,0.04171032390431999,0.03943094621730098,0.04038327679772796,0.02251567386930727,0.041517769870723725,0.04173114059930998,0.0334259409054129,0.022614516752292035,0.044515448652137087,0.02927383843104301,0.05127126806898398,0.021246339860430657,0.04073194863973225,0.01827080945561934,0.031932602715587184,0.017849463143106564,0.02958601506058414,0.02072612995572637,0.008045022298518056,0.01503537346797201,0.018718168536506805,0.018551708894017745,-0,0.011399649447227923,0.01984178506119964,0.017001579059527188,0.01762058509569122,0.009204814650129236,0.00962609092220405,0.010083777653838487,0.005309471053109519,0.005569498251956764,0.00593873910845527,0.006021948677558128,0.012502302837021037,0.006214371316084415,0.01884821550296966,0.024466554984993116,0.01235666803029795,-0,-0,-0,-0,0.0067240347182130535,0.026911762673521824,0.01414592393288367,0.01383904136612803
hamburg,2021,37,2021-09-13,2021.6986301369864,2021-09-19,2021.7150684931507,male,0.024955587324263617,0.025985691766443362,0.02088219238070096,0.03648039334560602,0.031048067217778943,0.04222033533054472,0.07736592422037898,0.05148988397405265,0.08862107341342781,0.08981391824773975,0.07632959381942711,0.1187996019590591,0.14441715596713092,0.12337063349569642,0.09383541337359108,0.10074873611228352,0.06312469918975974,0.057221071638160335,0.08118854760656438,0.030689054161477596,0.07365814385873078,0.02990339655519328,0.03286398282571445,0.026251025003527908,0.05976673359912875,0.0386763797264933,0.05394677354070843,0.036246229653478575,0.03897820500888205,0.034882897543232226,0.04385969165213108,0.035106648071403936,0.036241026027849385,0.052130121554653554,0.027140681619807493,0.017615383333597048,0.03322821422192664,0.01854130518405447,0.026901357290817052,0.045826987461351866,0.050292712901256656,0.03881688438138674,0.03293162560639593,0.06207824014251769,0.025496649739538132,0.012980820073743847,0.03130302002374237,0.02675568215158173,0.03719329818918244,0.02218793302268236,0.04599873904071044,0.028571447866759088,0.01557113111465948,0.018177176646680372,0.01826560762847452,0.014567240237249476,0.0304236982781644,0.02256249415888399,0.015852015969977255,0.017282471641719487,0.013766222039876739,0.03783335976959742,0.005054645659759895,0.00537707799972235,0.011420454011749976,0.006094757159748407,0.026053325600267803,0.013750617911807095,0.014816910769176628,0.029279041359514337,0.015269441663739312,0.022635325804230225,0.03782295220121339,-0,0.008117833613398493,0.018166773011649994,-0,0.025246927925235238,0.034013922064202035,0.009059189078280308,0.01641899187425904
hamburg,2021,38,2021-09-20,2021.717808219178,2021-09-26,2021.7342465753425,female,0.02617818829382411,0.016710284651006022,0.01637737875364091,0.02204227108722312,0.04422400007564283,0.02715628976647721,0.07523079369170049,0.07709512232328666,0.09907111592017757,0.07003393991888583,0.11297824273415187,0.07223655099868821,0.12228647564203085,0.052530924702504665,0.06813341668900867,0.07653789977922135,0.06158365239916939,0.027057438250009416,0.04665972768415453,0.0430165876602783,0.03387863377506636,-0,0.014452808310744417,0.017412515017688462,0.027749402811548553,0.03426888941201995,0.029872178617365304,0.032171950201509536,0.07285621490313127,0.01736569936487648,0.020247541439710096,0.03208869877710804,0.016523024821490682,0.009860134770317457,0.03127700437403043,0.046602476366937574,0.025694347026373132,0.04504110110749318,0.04529091799851986,0.02655277817343493,0.04085684658470434,0.03015314073250295,0.05261420886114938,0.041830020014312116,0.03845261383765349,0.012746762179525249,0.027151087050402017,0.027406020750380154,0.041059806385100615,0.022312786434970013,0.042272377594068426,0.012434686626035387,0.024138801842335366,0.026313456550184463,0.01122801210752824,0.011129190865902368,0.019165531466089826,0.003801338940633584,0.0277806194750044,0.017001579059527188,0.008809546189630155,0.009204814650129236,0.014437203976637282,0.005044244649821531,0.015930039810160994,0.011139593093019493,0.011883357725328935,0.018073140390041906,0.00625077567914549,0.018650544242480107,0.025132472494472556,0.018348836925189373,0.024711070579739352,-0,0.006926861339210263,0.02244804463657235,0.008305063176946391,0.0067240347182130535,0.0067240347182130535,0.01414592393288367,0.013110852692427163
hamburg,2021,38,2021-09-20,2021.717808219178,2021-09-26,2021.7342465753425,male,0.029945020501444982,0.031183348142826493,0.04177277401429003,0.020845777772977137,0.041403278621194514,0.04750289074674576,0.07183559593654887,0.057210660188689054,0.09453347658879271,0.09580981042909949,0.06996624885748641,0.04373478649448098,0.1381288952794154,0.0801573490425217,0.09383541337359108,0.14489167415493318,0.06312469918975974,0.031781710301532415,0.04369835588001018,0.04911118412768986,0.028316508453141574,0.05483169864143239,0.01877538916167991,0.03500257793853837,0.04780997204857335,0.0386763797264933,0.05008971706102237,0.05437882332613802,0.04607160351848892,0.041861245131797516,0.040487357699816186,0.03191699313520967,0.0461288542512245,0.07169500203647033,0.020351582046756276,0.05285885684858066,0.03692270541889027,0.040794397574719504,0.023056710897638263,0.030548571466337864,0.03868158359582761,0.023285612873469672,0.024695463167001108,0.04137725791782401,0.016996377359348447,0.04761739542692194,0.0357779054326154,0.035673833956322454,0.02788987794467474,0.03550211647581174,0.041814407462603606,0.03674057646248593,0.023363647868262456,0.029086533352894357,0.021917418324447695,0.014567240237249476,0.026620412744845168,0.01880139855757781,0.00792540393112291,0.025928463206526003,0.004586602272132791,0.009454459436405776,0.010114983714056279,0.04302179196398028,0.022838214497025486,0.012195429970057726,-0,0.027510075680981037,-0,0.014640060685233372,0.00763416036108147,-0,0.022687348470507424,0.007717372643216724,0.01623173309372802,0.009079992706433657,-0,-0,0.01700678076022049,-0,0.015243434034403385
hamburg,2021,39,2021-09-27,2021.7369863013698,2021-10-03,2021.7534246575342,female,0.02094461748183015,0.044567493212691336,0.02729676329734818,-0,0.04975139242161237,0.021724937569143943,0.057861379786963776,0.15430471549507477,0.08667820132517381,0.12102512812509002,0.0863708904054031,0.08538125741197128,0.0814958279010297,0.05910037241473689,0.06813341668900867,0.06261448269516212,0.08212601859231732,0.060896443554352406,0.04665972768415453,0.05531581109867697,0.0734238126902084,0.06155762159562014,0.05301501574025177,0.047898453438179264,0.06345269815129845,0.04188726607735551,0.04854905651470802,0.06436381723333442,0.04855946623009569,0.03474240351761011,0.03712564986460271,0.04814307924002447,0.036355505911910044,0.06249473873298298,0.027801430594386087,0.0430165876602783,0.02202146227260865,0.04128878762375218,0.03773969172913588,0.04931938108200913,0.03714126100861542,0.04900708596312342,0.024274064793716903,0.020908202830396985,0.025631916223012953,0.05525855025043205,0.009048787267324722,0.06397333567194446,0.01824480032511044,0.026776492860773275,0.02113189323487207,0.03316577437281314,0.04024276791037024,0.01879619667735517,0.029950223497072753,0.022265966370232804,0.007665364951277586,0.007602955789610853,0.03175049123604822,0.021251541985756222,0.013214879021494076,0.009204814650129236,0.004810222476222118,0.02522091530521477,0.010619484286249373,0.027858661215628747,0.0237694317289319,-0,0.00625077567914549,0.006214371316084415,0.025132472494472556,0.006115559601955722,0.024711070579739352,0.012986021372251058,0.020778150712009624,0.01496255246639305,0.008305063176946391,-0,0.020179915156756156,0.007072480939606985,0.020398400387839855
hamburg,2021,39,2021-09-27,2021.7369863013698,2021-10-03,2021.7534246575342,male,0.029945020501444982,0.0467846398677903,0.04177277401429003,0.02605852820651066,0.05175534738011686,0.07390809826909112,0.08289684073083105,0.09156937722293895,0.06497297432422909,0.05986044132553374,0.13365040709426582,0.15010644499770273,0.12555986729726773,0.10484402389824087,0.05627884390323163,0.06924768763812855,0.08839188365332061,0.031781710301532415,0.06869054917895673,0.04911118412768986,0.028316508453141574,0.0398732833888109,0.03286398282571445,0.07003393991888583,0.07173145227035833,0.04254299820398647,0.03081913106945035,0.06526453921769663,0.08153749316550117,0.024414530538704307,0.09113701832498285,0.03191699313520967,0.03294723549135314,0.05865266578992195,0.04750289074674576,0.05638295662607967,0.03692270541889027,0.04450503974627693,0.05765835439833115,0.02672966877680145,0.046420313504227644,0.031053270323770327,0.04940786504001814,0.037240131696213506,0.05950643524515318,0.034627927184788056,0.044723627206883984,0.04013348348268534,0.023243994257461535,0.06214592093647032,0.025085649890862198,0.03674057646248593,0.01557113111465948,0.03636591318659535,0.02556948549461241,0.014567240237249476,0.03803110396466461,0.01880139855757781,0.00792540393112291,0.03024679510823622,0.004586602272132791,0.014182333849122519,0.005054645659759895,0.010749511000238682,0.005709913479989479,0.006094757159748407,0.013027631779014988,0.03438856839416482,-0,0.007316914757024442,0.030548571466337864,0.015087388531530141,0.007561349723445207,0.007717372643216724,0.01623173309372802,0.018166773011649994,0.04215788468306782,0.01682992322846593,0.01700678076022049,0.009059189078280308,0.01641899187425904
hamburg,2021,40,2021-10-04,2021.7561643835616,2021-10-10,2021.772602739726,female,0.02094461748183015,0.0389938167090741,0.021839385499940696,-0,0.011051174228849372,0.021724937569143943,0.028920040516489626,0.04149695326115035,0.04331843813580664,0.03818721833405045,0.03320219760901483,0.03282235654288404,0.047523709760751855,0.0853916745032933,0.027244736019444875,0.04173114059930998,0.04789324864639044,0.04058623474975733,0.006661626686297544,0.049168438207035044,0.05647145260439263,0.05642460177358529,0.038551487018638385,0.017412515017688462,0.05948561143312352,0.053316924260572426,0.026136567362656626,0.032171950201509536,0.041621853043584414,0.0486427440282171,0.05063104106265907,0.03529917836627809,0.049584833407722656,0.046040375872653166,0.03823405273626483,0.03584555200389647,0.047726695584121286,0.026271835510753603,0.033967091462747054,0.034138803874279464,0.03714126100861542,0.04523887271391622,0.020231935366603407,0.041830020014312116,0.04272514748443179,0.025496649739538132,0.03167764682280737,0.027406020750380154,0.027369601573864595,0.03124578561155328,0.025361383607928202,0.016580243031184678,0.02011749097362581,0.022552089646446647,0.018718168536506805,0.00370773218222291,0.030668241886397156,0.02660480475902166,0.01984178506119964,0.017001579059527188,0.030845146490088796,0.013813034452186325,0.01925396412869344,0.020174713138630188,0.026557980829654097,0.005569498251956764,-0,0.012044594817923965,0.025007612311860886,0.012434686626035387,0.025132472494472556,-0,-0,0.006490004984736952,-0,0.01496255246639305,0.016616654651957382,-0,0.0067240347182130535,0.007072480939606985,0.012382674215872823
hamburg,2021,40,2021-10-04,2021.7561643835616,2021-10-10,2021.772602739726,male,0.014972955460375015,0.02078855486951126,0.04177277401429003,0.005210661058478578,0.020694917526936325,0.03166203731896339,0.03866597198938124,0.057210660188689054,0.053155559143714726,0.04189247026803308,0.10180118385989748,0.024986802310579447,0.06273943321055661,0.055482388470261386,0.025007612311860886,0.037760506834652784,0.03786458248724768,0.031781710301532415,0.024965992317620228,0.0552481391938897,0.05098498672599386,0.0598239994118628,0.046951189912724935,0.048137874423750476,0.0836937161698274,0.061896023058197525,0.06165653871843941,0.04350059013253707,0.04252218118399032,0.059308609367566,0.05061022080454732,0.041491749110056195,0.036241026027849385,0.039092690919112424,0.037318187635001415,0.038759641698381385,0.048007754186143996,0.03337390749475842,0.05381663876662873,0.04964729297540838,0.03868158359582761,0.03881688438138674,0.008232251599903536,0.02482552508297713,0.05525334472190322,0.034627927184788056,0.0402479719364623,0.017833857789692514,0.041845632570713935,0.026625615407831257,0.012538711602429472,0.020408804469361337,0.023363647868262456,0.02544982680800896,0.0036505281350378074,0.01820838756426024,0.007602955789610853,0.011280023362759599,0.011888558914063657,0.017282471641719487,0.013766222039876739,0.014182333849122519,0.010114983714056279,0.03226040498597997,0.017126420019844144,0.03049133788453498,0.013027631779014988,0.02063249272556671,0.014816910769176628,-0,0.022911046528549278,-0,0.01512379910698572,0.015441092343604745,-0,0.009079992706433657,0.010536267359929925,-0,0.008502695114267609,-0,0.015243434034403385
hamburg,2021,41,2021-10-11,2021.7753424657535,2021-10-17,2021.7917808219179,female,0.01570637178153197,0.016710284651006022,0.02729676329734818,0.02204227108722312,0.022104697581028895,0.04889257822279298,0.04628499293360102,0.04149695326115035,0.061896023058197525,0.07640250081043853,0.05313473787478791,0.07223655099868821,0.047523709760751855,0.052530924702504665,0.061318138814350505,0.11833053365599377,0.07527766146953588,0.060896443554352406,0.053327334930468304,0.06146391081073331,0.10169698016251257,0.07182518156054393,0.043370481498337804,0.10455744746407206,0.07139298679571786,0.06093809231672459,0.05975632163995214,0.050053281994088254,0.03120936374568795,0.052119711124449006,0.03712564986460271,0.01925396412869344,0.05950643524515318,0.03288479597962832,0.052140531986948055,0.05377499570770461,0.02202146227260865,0.0375315411321785,0.04529091799851986,0.022754978014472772,0.055721844376790224,0.041465728362415195,0.032369672868652374,0.04601435284877916,0.055550060679891745,0.025496649739538132,0.04073194863973225,0.022838214497025486,0.031932602715587184,0.03571025894933535,0.03804671538051579,0.024872347452362567,0.028165626531800828,0.026313456550184463,0.018718168536506805,0.03711524243786269,0.015331860027223648,0.02660480475902166,0.015872822315913367,0.0127519634546151,0.004404586536875719,0.018416460826856485,0.014437203976637282,0.015129000619842995,0.026557980829654097,0.033431144249339136,0.0237694317289319,0.018073140390041906,0.025007612311860886,0.012434686626035387,0.012564717879042194,0.006115559601955722,0.024711070579739352,0.006490004984736952,0.020778150712009624,-0,0.008305063176946391,0.0067240347182130535,0.020179915156756156,0.021215127119388867,0.008741934780205749
hamburg,2021,41,2021-10-11,2021.7753424657535,2021-10-17,2021.7917808219179,male,0.024955587324263617,0.010390638059310358,0.01565955766473659,0.02605852820651066,0.031048067217778943,0.0369435201973836,0.01656983971564772,0.02859746216291918,0.06497297432422909,0.029919005531132456,0.05087567971989995,0.06874782482003088,0.05018861237137771,0.09866995389284372,0.06879468675510582,0.08814706843446984,0.05680461528528622,0.04449983529412531,0.024965992317620228,0.07367897334703796,0.056653650681028414,0.06979962508175645,0.06574354223459442,0.04376080837758144,0.04780997204857335,0.073507130318032,0.026963789618278017,0.04712814991996296,0.04607160351848892,0.04534816787174568,0.023613360638545626,0.028722330965627346,0.049428684816718846,0.03257780280417161,0.04750289074674576,0.03170886584455822,0.022151517500562122,0.040794397574719504,0.026901357290817052,0.04200696259464282,0.03481004874182383,0.05046968428033964,0.024695463167001108,0.037240131696213506,0.038244460386929136,0.05627884390323163,0.01788587565262237,0.05351993269948451,0.03719329818918244,0.04438533747864398,0.037630412561842845,0.028571447866759088,0.031152129436576814,0.04364110782313006,0.02556948549461241,0.029133359559179166,0.022817405363896353,0.04137725791782401,0.015852015969977255,0.025928463206526003,0.022947462582570632,0.014182333849122519,0.04046133745476666,0.00537707799972235,0.017126420019844144,0.024388518335081114,0.006510807585062592,0.006874854437892958,0.007405327271815587,0.014640060685233372,0.00763416036108147,0.015087388531530141,0.007561349723445207,-0,0.01623173309372802,0.009079992706433657,0.010536267359929925,0.008414280733668927,0.008502695114267609,0.009059189078280308,0.024627831099257123
hamburg,2021,42,2021-10-18,2021.7945205479452,2021-10-24,2021.8109589041096,female,0.02094461748183015,0.05014176720091785,0.03822364508768359,0.06064134561271229,0.055284577900910174,0.07607962776914119,0.13897354280202798,0.14241484119152956,0.1300689368403604,0.1720715845983301,0.15291220808550876,0.12483532495405561,0.06790431721016875,0.11827320337579979,0.08177186090019954,0.08350100661083022,0.11638655123900521,0.09475227445082586,0.07334049519587547,0.0860739985297875,0.06777414750141005,0.08208956107145984,0.10608413649042348,0.06967986457273363,0.10712106005807615,0.057127368667969455,0.041075418710248265,0.04647756462089169,0.09021501195936776,0.0555969107227635,0.07427782470407329,0.06099015331659387,0.0661236238550237,0.05261941412549073,0.07649103086551562,0.05736162641004863,0.04038327679772796,0.07509019061164056,0.06417638571792679,0.05311391661419813,0.06687858873790699,0.052780777578602445,0.07691285260967541,0.05438402876712825,0.07265313096131482,0.051005807134158546,0.04073194863973225,0.0456864638638262,0.05931902123709756,0.04017511561852642,0.0549618359558148,0.04975139242161237,0.06037583683927891,0.05264023518807825,0.048679178106830694,0.03339992419357441,0.030668241886397156,0.04561880448933728,0.03572066609488178,0.04676902582842347,0.022026664475484493,0.027624536345130603,0.033696515480125346,0.02522091530521477,0.03187016442218581,0.02228677528269061,0.00593873910845527,0.018073140390041906,0.031261394990446154,0.03730778016972627,0.006281979439199475,0.018348836925189373,0.04943388976220084,0.012986021372251058,0.020778150712009624,0.02244804463657235,0.05817893390744267,0.02690655998191206,0.020179915156756156,0.021215127119388867,0.04079960165601752
hamburg,2021,42,2021-10-18,2021.7945205479452,2021-10-24,2021.8109589041096,male,0.024955587324263617,0.031183348142826493,0.03654804083075729,0.04169471138854916,0.046576453061768774,0.04222033533054472,0.12162452498952211,0.13167978595135388,0.14778580739361144,0.08382392573561398,0.19741787444801798,0.143843568333916,0.13184660812824187,0.13572016103053175,0.11888820422474097,0.10705332070128533,0.0947105985966024,0.0826780927465368,0.07493917291207998,0.04911118412768986,0.10768903198295486,0.07478815565109591,0.0798448686664354,0.05251530893761165,0.0836937161698274,0.05415498985663954,0.05008971706102237,0.08340725627278542,0.06734719314386911,0.05232792012463811,0.05398841673719735,0.05426950918577807,0.042834437358960406,0.048871758660731866,0.07126801548504154,0.06343707910621249,0.06278628973123314,0.08533438052684968,0.04227758182328256,0.05346787917805228,0.03481004874182383,0.04269912611958655,0.04940786504001814,0.06207824014251769,0.07226779438012423,0.02597008397112666,0.06709727026851031,0.05798111308005291,0.060453927514271324,0.026625615407831257,0.050183407350351136,0.04082041798642933,0.05063104106265907,0.04364110782313006,0.04019072767806515,0.03642315323459947,0.04183522419926048,0.026323861815248883,0.0356686303879782,0.034570689112885765,0.04590505629073466,0.04729470106512635,0.025283345615132038,0.021506446764364646,0.04569166843473787,0.03049133788453498,0.032572599545633685,0.027510075680981037,0.03704239050900569,0.021959035878733293,0.022911046528549278,0.07549117076978722,0.01512379910698572,0.046331834629735294,0.07308533619992695,0.018166773011649994,0.031615208835539886,-0,0.008502695114267609,0.009059189078280308,0.05279118814115951
hamburg,2021,43,2021-10-25,2021.813698630137,2021-10-31,2021.8301369863013,female,0.03141748903711387,0.044567493212691336,0.03822364508768359,0.07167417334286143,0.055284577900910174,0.07607962776914119,0.12737908645366391,0.16024545624153402,0.14247219809420342,0.15292263871400658,0.20620350517015748,0.1906586995536836,0.1699221279317907,0.06567065018651978,0.06813341668900867,0.16713631387257613,0.10267650316209351,0.1150836546392196,0.07334049519587547,0.05531581109867697,0.04517121392180975,0.05642460177358529,0.07230424501552835,0.0827562169210053,0.03964951234941883,0.07618378014406874,0.05228627825790987,0.10731906791466507,0.07632959381942711,0.07645978494651215,0.06751901581746515,0.04493180659506327,0.06281752743514266,0.06578519487937336,0.09041295545070843,0.09324675540805379,0.08446977000121655,0.04879889025916121,0.10196270000352309,0.06830003512577844,0.05943875788654936,0.056554743074497905,0.08096459870537567,0.04601435284877916,0.06837813770179602,0.08078231542804601,0.0950908920045918,0.07311658009134651,0.10955973567408248,0.05803837692638292,0.042272377594068426,0.06634750884942543,0.03219276307843709,0.06016238959266302,0.033696515480125346,0.029690074353566534,0.0575177988243929,0.04561880448933728,0.0277806194750044,0.029757713005673345,0.05729395184282767,0.0368394463882409,0.06741488079599328,0.04035725660475935,0.021246339860430657,0.033431144249339136,0.03565822325284605,0.05423307119005987,0.031261394990446154,0.012434686626035387,0.01884821550296966,0.06119319171413154,0.0061779669785036575,0.02597008397112666,0.020778150712009624,0.05988126528766179,0.05817893390744267,0.03363927843344811,0.026911762673521824,0.04952237391505408,0.06194287881889401
hamburg,2021,43,2021-10-25,2021.813698630137,2021-10-31,2021.8301369863013,male,0.029945020501444982,0.051984375721374265,0.03654804083075729,0.07299160463830433,0.08283434121284676,0.06334336493423982,0.19917174987343858,0.14315005719056703,0.14778580739361144,0.14977789899877889,0.1400267644882791,0.15637007605281278,0.13184660812824187,0.1418986319143879,0.12514807580630002,0.13227409239934443,0.08839188365332061,0.10177513291597624,0.08118854760656438,0.07367897334703796,0.07365814385873078,0.0398732833888109,0.0751422657821507,0.07879286520271885,0.06774290681979354,0.08512603932646533,0.0732259338591474,0.08703760114550706,0.03897820500888205,0.05232792012463811,0.0674929820425494,0.05107347351826374,0.06261448269516212,0.052130121554653554,0.08145937082200577,0.03523153250576789,0.06278628973123314,0.05563855524075443,0.04227758182328256,0.07640250081043853,0.07351754503089716,0.06989335088990568,0.05352513805449651,0.037240131696213506,0.07226779438012423,0.06061010921606201,0.05367088820630141,0.07584007809849119,0.06975796922124632,0.05770520634073556,0.06273422693308452,0.0775898576236303,0.05063104106265907,0.050917320457034294,0.06577998829695428,0.03642315323459947,0.03803110396466461,0.02256249415888399,0.0356686303879782,0.025928463206526003,0.059683437984089836,0.05675776415430596,0.030345652687833437,0.03764082009169099,0.03426368598426466,0.0548941645116886,0.03908748700863085,0.04815348887414115,0.04445819969569323,0.021959035878733293,0.061115099928952456,0.037734487954054215,0.030251998134053146,0.030881568100855482,0.024352101271867984,0.045426235982268075,0.04215788468306782,0.025246927925235238,0.02550705484115976,0.036241026027849385,0.0551388232260507
hamburg,2021,44,2021-11-01,2021.8328767123287,2021-11-07,2021.849315068493,female,0.010468653705347542,0.033420737562001555,0.049147618534525886,0.04409388963139131,0.055284577900910174,0.06520206088861366,0.12737908645366391,0.11865366914468414,0.2604640344611399,0.20399521233549525,0.33299553953797595,0.23019275578293,0.2244163608753496,0.0853916745032933,0.0749547954123836,0.20202192361308258,0.0684302061509808,0.0676648051978688,0.10670941455880338,0.05531581109867697,0.0960390328860889,0.07695972190358144,0.07713157634267345,0.09583585838469176,0.08726678493668494,0.1143175666792975,0.08966285778172967,0.10731906791466507,0.05897022474267987,0.10777240453078224,0.0641399407794915,0.05135455021016223,0.11577157997607565,0.08882942861738001,0.08344892306882734,0.10401556179613322,0.07712116090595439,0.060063475312048926,0.09818543764839668,0.05311391661419813,0.09662772246219957,0.0678678696588728,0.11338472651118207,0.0878762103864222,0.10687615664687043,0.08503749456906902,0.08602712102017077,0.09598693678440862,0.08671466206329258,0.06250515124048729,0.0676543916571415,0.06219798314559973,0.04024276791037024,0.022552089646446647,0.033696515480125346,0.04454147092590018,0.05368129894706296,0.03801549255350606,0.047633009721030815,0.05527416683915676,0.0396599202833872,0.04605078508584807,0.033696515480125346,0.0706431634367804,0.015930039810160994,0.033431144249339136,0.02971088623715266,0.03012192264474778,0.031261394990446154,0.024867144964795872,0.025132472494472556,0.030584992869379296,0.018530901476172684,0.02597008397112666,0.006926861339210263,0.03741705865900149,0.03323862087072909,0.05383225492232595,0.026911762673521824,0.03536682431478768,0.0466337043503344
hamburg,2021,44,2021-11-01,2021.8328767123287,2021-11-07,2021.849315068493,male,0.019961430843658905,0.05718463157413378,0.05221861029559286,0.06777414750141005,0.05175534738011686,0.10561518287323785,0.12162452498952211,0.16035499339140477,0.24258857895674188,0.1977989197337384,0.19741787444801798,0.24414544829115223,0.21362781550175047,0.12954763713593534,0.12514807580630002,0.13858250057673263,0.11999835129070395,0.08904299356784338,0.07493917291207998,0.07367897334703796,0.06798762599478211,0.08476665271767003,0.13157552236257783,0.048137874423750476,0.08768348532670313,0.08125104514647673,0.09251224463684395,0.10155630550227096,0.08153749316550117,0.06629544248563665,0.08775640823826689,0.07343422738638068,0.0791053392571109,0.0782147931521246,0.08825124498246299,0.0951846634093395,0.08866274438743194,0.08533438052684968,0.06535305031239681,0.1146458887086903,0.1122590869124382,0.08543855144006424,0.09885750978014546,0.06622254966392115,0.08503228605862033,0.0909442811795283,0.05814769898993326,0.1070950064488693,0.07441321814068014,0.07547554810833232,0.0794751026470978,0.0857666911807185,0.07011725211541753,0.06183354877627452,0.07675141425401331,0.0473519531444791,0.03422726200453944,0.03385261683673502,0.05153152520303465,0.0648428119531784,0.03213032447265111,0.07568905822109914,0.03540324909274682,0.04302179196398028,0.02855063643920362,0.0548941645116886,0.06516040871092947,0.03438856839416482,0.05928257970286076,0.029279041359514337,0.022911046528549278,0.03018435883900562,0.022687348470507424,0.03860872947250306,0.0487104073373914,0.03633989500379043,0.052702698425861984,0.058933783452878294,0.05954287693627384,0.05437361788567465,0.051614807761036816
hamburg,2021,45,2021-11-08,2021.8520547945207,2021-11-14,2021.868493150685,female,0.03665731772344312,0.07244484056284078,0.10927834418918402,0.06616007018377265,0.08294892371986728,0.1577157338840818,0.1679762158793433,0.1899750018349836,0.3102247412654416,0.32550184155150724,0.3463581428530888,0.24337745658593496,0.17673078476840987,0.1643402161296678,0.1910031613516955,0.16713631387257613,0.13695058276686406,0.16932739105218872,0.08668341000048602,0.07376749876542414,0.11300429929121543,0.11804909470514646,0.09642975531232327,0.09583585838469176,0.09123599173133945,0.08762098005532326,0.13455233004193615,0.09299670802327104,0.10410934929610008,0.12169228333060053,0.11483350222764724,0.12205192523431811,0.11908625689392181,0.11517746210380522,0.11129501681288768,0.13274849978988193,0.11756439786041871,0.1014000007705672,0.13221674674424902,0.13288925885922534,0.12639388537081897,0.13582964653039578,0.12554944215599673,0.13816017827633545,0.14968924408487252,0.10206169401694025,0.14497510637181907,0.082261432464986,0.09128287393694133,0.09825837528902041,0.06342146006582373,0.07879807308824174,0.07245525506294959,0.06769083905881368,0.06366615890427901,0.07425178754514407,0.07287183677765864,0.05703366586662338,0.07146588686564018,0.08506353712912064,0.079350111911237,0.041444911773675035,0.033696515480125346,0.04540541780800134,0.026557980829654097,0.05015738225305069,0.041601036392344484,0.06026130406143199,0.018754581654336435,0.06219277692234349,0.06284876515781745,0.05506594604182277,0.04325598616952369,0.01947764741716979,0.02770257785150514,0.01496255246639305,0.04986590205313114,0.03363927843344811,0.05383746030859666,0.021215127119388867,0.04517121392180975
hamburg,2021,45,2021-11-08,2021.8520547945207,2021-11-14,2021.868493150685,male,0.029945020501444982,0.06759191045657721,0.07835019683989028,0.057340803456906786,0.06729512577911685,0.17438287136065903,0.21579996606567747,0.21774244678570134,0.32568498470359364,0.37224519645775106,0.34437420991114875,0.26297262860767395,0.18215747919294073,0.1789796634525804,0.18784046145764108,0.11966478348432806,0.13264423405823525,0.1718576783762448,0.09368955060180342,0.09211634242508923,0.05098498672599386,0.07977716483245136,0.09864911439157424,0.11385375020229538,0.09167356062740721,0.0696382088081604,0.06551445328470075,0.06888841075195637,0.11702758834806021,0.14665420819288588,0.09451263874518434,0.0894128276298545,0.09230387467597795,0.09452305766594474,0.10863740260228934,0.08459998151028221,0.077569026568693,0.07048174454469568,0.10383319769708874,0.15291742339949324,0.1122590869124382,0.1048752868775135,0.13598084117108872,0.0869334270288855,0.1148230792366133,0.10394782648468924,0.05814769898993326,0.1070950064488693,0.11631358816654194,0.08880338417123257,0.0836624659225597,0.08985038118459006,0.07401745370143516,0.06183354877627452,0.06944034438214132,0.051000602031338736,0.0760900429972465,0.056429807419365687,0.05153152520303465,0.04321955589049912,0.05049570953394812,0.03783335976959742,0.03540324909274682,0.03764082009169099,0.017126420019844144,0.06710247698282602,0.03908748700863085,0.05503471299413413,0.07411639452886187,0.029279041359514337,0.030548571466337864,0.03018435883900562,0.09839383117873989,0.03860872947250306,0.01623173309372802,0.018166773011649994,0.031615208835539886,0.04209022989960784,0.07656393808286578,0.07251253485083464,0.0469199617386654
hamburg,2021,46,2021-11-15,2021.8712328767124,2021-11-21,2021.8876712328768,female,0.03141748903711387,0.044567493212691336,0.01637737875364091,0.07719406900679761,0.07188246065437942,0.20676211892855823,0.19118583141288298,0.20782193535525617,0.25425055883529074,0.2934983252810581,0.2728984408608642,0.2829516289082333,0.27214570624172496,0.13142955368950174,0.1431865575464745,0.1950429290971939,0.0889752777568786,0.20325913556344352,0.12673792172319115,0.15379881897728662,0.13563674366154924,0.13860335608784716,0.13022532777076798,0.13073099499812713,0.12301098247145723,0.1410278662617761,0.10087898839141127,0.13239399715526792,0.14233662733529376,0.13910389086394123,0.15881106247818355,0.1381288952794154,0.1257058194945134,0.15143108008126566,0.11129501681288768,0.13634058191110823,0.17276548157079316,0.16910827917962512,0.13599648202107625,0.10628735103794289,0.12267218305729728,0.22657851674030144,0.13771700424183522,0.11719957525840952,0.12399611946271641,0.1744767858615423,0.13590263699170183,0.14175784845544034,0.1049899179623207,0.12508552548537274,0.10151462419454277,0.09540346401136256,0.09260080212304922,0.06769083905881368,0.06741488079599328,0.07425178754514407,0.09590358313028598,0.06463975930492338,0.0953096922120521,0.05102142244574989,0.026438319868376768,0.07369980284368877,0.07705346061813396,0.060547636479052515,0.06907585925243327,0.0780429351330855,0.04754973353997798,0.03614736085562561,0.03751592987099191,0.03730778016972627,0.05655994873331235,0.03670415074774868,0.04325598616952369,0.02597008397112666,0.03463313064899739,0.02993461451175702,0.04986590205313114,0.04036766468038552,0.04710212635171474,0.04952237391505408,0.060485163817097586
hamburg,2021,46,2021-11-15,2021.8712328767124,2021-11-21,2021.8876712328768,male,0.049917951969001964,0.0467846398677903,0.07312178740840533,0.06255721380928397,0.11911752843695887,0.15850332497125452,0.19917174987343858,0.27519330323156993,0.23073073480687653,0.29998845640708616,0.4340250958526934,0.3635047804375643,0.26402313835671465,0.20989986473545388,0.20665770468593045,0.18275236283238241,0.16427761864712806,0.10814237182444868,0.09994117926379399,0.10441155461335429,0.10768903198295486,0.1346983074812016,0.14098615330308853,0.11385375020229538,0.10763171343386695,0.10061848415941757,0.08865753551385232,0.14877141385877235,0.13478172334477578,0.11869015230988152,0.1046512359413988,0.13417696136552895,0.12201022749481552,0.1271601512665983,0.11883608522664303,0.14107479338030535,0.12934954461850912,0.12619580486713297,0.13078833901475648,0.11847125370263309,0.15102429878838897,0.12431929016019452,0.12360518985164337,0.16155991726894525,0.10630819360054058,0.12129094675149361,0.14324912964476968,0.13390586345105532,0.11631358816654194,0.133264618240274,0.1213534925081209,0.08985038118459006,0.08961076806761355,0.08367288266956416,0.07309575082831428,0.11664192279886687,0.08751159601119952,0.09031919265036124,0.03963390045236935,0.05619034825270808,0.0688727900740807,0.061489941567371684,0.04552512242385097,0.09145998487289997,0.051401396473187734,0.07320510455231208,0.026053325600267803,0.04815348887414115,0.05186986142465715,0.036600077417683057,0.061115099928952456,0.06794076478701136,0.045389804182773726,0.09270498759402768,0.0487104073373914,0.06360888886015278,0.08434476725927151,0.08420934796125634,0.04252218118399032,0.027182303354678642,0.05982920539796896
hamburg,2021,47,2021-11-22,2021.890410958904,2021-11-28,2021.9068493150685,female,0.04713335463517197,0.061292108143714955,0.05460786322252667,0.11582890749828698,0.17157073238705464,0.17405938937812507,0.24345059816441697,0.3209862587075834,0.291558241898076,0.40879908869035547,0.3263129089791544,0.289550253385838,0.20397433058134476,0.2170375058779647,0.21150796758187174,0.2229645288864422,0.15752274980812384,0.2440043877398544,0.21363303690873897,0.12916187871914175,0.0847301933454071,0.13860335608784716,0.1737046050014404,0.14818734851324133,0.15082612443949084,0.19831568423985121,0.14577814830430202,0.12164537370045093,0.18059202844988195,0.13910389086394123,0.17573421301734288,0.13170063869419693,0.13233143811768655,0.10859050474757212,0.11826277969528208,0.14711831732873276,0.18749602060948603,0.12771791653654474,0.16626512550350336,0.14809869631102415,0.1524532625029507,0.17740387283032155,0.1661138427830332,0.1423522700971272,0.15397092754950853,0.14890700139506677,0.16766320733451265,0.12344360647083301,0.16442889602558897,0.11167022034878102,0.09727893550931005,0.14940242039895218,0.08857419360759189,0.09027231131358177,0.09740396934759228,0.10398429933373245,0.07670975282423968,0.12555465472636806,0.07941260724161575,0.07655352275984226,0.0396599202833872,0.09214238853060076,0.09151207643945716,0.05044886408683336,0.04780997204857335,0.055732255528174776,0.0534939059322579,0.04820553707598237,0.06880510052419161,0.012434686626035387,0.050271892778607524,0.08568856248322218,0.030891974280044986,0.051953144524530835,0.020778150712009624,0.01496255246639305,0.06649850159922174,0.03363927843344811,0.020179915156756156,0.042444117433228894,0.03788539764276301
hamburg,2021,47,2021-11-22,2021.890410958904,2021-11-28,2021.9068493150685,male,0.09488772120772578,0.0467846398677903,0.09403337064687806,0.1251897760620561,0.09319987143182129,0.1479213923600047,0.2712832112195183,0.3096964013146921,0.35539410884335926,0.3120242760303527,0.3763723984031376,0.38237523361922277,0.21992521331405532,0.27799536818683135,0.20665770468593045,0.15750710248200606,0.1769342755892203,0.19736567668111724,0.13746674292631283,0.1105602510638016,0.1360642590920621,0.16467407064253128,0.11746016257009484,0.12262006026642504,0.12359476510224554,0.15099822317301786,0.11952927217419133,0.1669485115529769,0.14543398595754845,0.14665420819288588,0.11479181027604679,0.12778047002403878,0.17154986364960667,0.14674807262777456,0.11203500415976185,0.10577150027572821,0.16636424200727903,0.1559319624128712,0.1963060733407216,0.17589595896653437,0.13939065775028733,0.12431929016019452,0.1813851842697932,0.165712163212673,0.12759802256251448,0.09961295006482919,0.17463852789954906,0.12496563758056316,0.12097300698514081,0.17776390025381822,0.1339215036769318,0.14301969898577885,0.1286197365920889,0.09824274578599146,0.14262862633214646,0.0874542996989647,0.1217965271046692,0.09408546479141179,0.11105009374293454,0.09945665117446231,0.08725115873701392,0.08516249897627355,0.08095939060287294,0.0699245928634981,0.07426740983893598,0.06710247698282602,0.07168458768862301,0.06879989363939092,0.06670156150574652,0.058574577819914195,0.05346787917805228,0.06038624892250179,0.06809696897713328,0.054056087002616514,0.04059143881022278,0.045426235982268075,0.031615208835539886,0.050511324692360714,0.051031832656084485,0.05437361788567465,0.0375315411321785
hamburg,2021,48,2021-11-29,2021.9095890410958,2021-12-05,2021.9260273972602,female,0.07857934234548479,0.033420737562001555,0.08740221219716894,0.07167417334286143,0.12723834229902434,0.18495453517979293,0.31321702524995154,0.35677634175371264,0.2977814071453232,0.33190176910301994,0.3062753992700919,0.3886249946743338,0.3609023160813157,0.25659685557238454,0.19783545846948927,0.23693617677066536,0.16438194782655802,0.2507966264311942,0.20025751192515295,0.15996379034422953,0.15261493605286394,0.13346272567265144,0.15920747279817427,0.15691772329357223,0.16275443646424062,0.18685411420767692,0.14952236465696492,0.13239399715526792,0.14929290631804354,0.14954843953227095,0.1452775492802085,0.16387073684739217,0.1223959328610229,0.13494855547335435,0.1356732387440163,0.14711831732873276,0.135959986711753,0.15781483409330058,0.13599648202107625,0.15190044706567613,0.14872969468795974,0.1660616764297477,0.1417734910431651,0.15912401774283752,0.13256082162344968,0.14890700139506677,0.14043867382190625,0.16007854293303145,0.15528001442487346,0.14297798442926254,0.11421854933126771,0.08294892371986728,0.08454268840612454,0.08650631533266298,0.08240726318376468,0.08911591838596418,0.08822520082589988,0.07605879731918885,0.07543909524986672,0.07655352275984226,0.08376142510334994,0.08291767392018562,0.08187081648311477,0.060547636479052515,0.10098840055800865,0.055732255528174776,0.0534939059322579,0.04820553707598237,0.056289255166136136,0.03108969208031053,0.03769806154308678,0.03670415074774868,0.04325598616952369,0.0389625933133828,0.04849180311732818,0.06737322684580158,0.024924372356685764,0.020179915156756156,0.020179915156756156,0.007072480939606985,0.037156872157314835
hamburg,2021,48,2021-11-29,2021.9095890410958,2021-12-05,2021.9260273972602,male,0.06989855788420381,0.0467846398677903,0.09403337064687806,0.10430213524393123,0.12949029448749141,0.19555966621547066,0.32682048664374874,0.3614887755537898,0.34945197297733727,0.2578876251978592,0.3507712255579968,0.31950033573479714,0.3902229166907291,0.22846394825167016,0.20038801369794518,0.20801510619382607,0.13264423405823525,0.15910836993486888,0.14998128437239516,0.1290107039038677,0.14742077270277984,0.12470501265411225,0.1503984876283024,0.13577751054932846,0.16352645473428287,0.16263446168101342,0.2045172589147075,0.130605880999527,0.14543398595754845,0.15714721528076236,0.12831217770591416,0.11179007760440222,0.1088041508727319,0.14021968364337428,0.14263384061485196,0.10929918795066183,0.12564848108245485,0.1373468264727872,0.1693169571325591,0.17589595896653437,0.15877976705530877,0.13598605478722656,0.14423465012481052,0.17816045508339518,0.15741321862415913,0.13864506713516966,0.13877020047787916,0.09816459834130081,0.10700121356380421,0.15995857432347957,0.12973530442749112,0.14301969898577885,0.11691293072384101,0.12374071178399186,0.09504400636562949,0.05828825626649333,0.13323333818836425,0.0978520097369547,0.10311416833861804,0.09512735864189964,0.059683437984089836,0.10410413887500011,0.08095939060287294,0.0860739985297875,0.051401396473187734,0.07320510455231208,0.07168458768862301,0.061916847835518186,0.10379151456425317,0.0878866279775669,0.030548571466337864,0.03018435883900562,0.06809696897713328,0.03860872947250306,0.032468534484154224,0.02724993874489564,0.031615208835539886,0.06735760662307688,0.034013922064202035,0.07251253485083464,0.0375315411321785
hamburg,2021,49,2021-12-06,2021.9287671232876,2021-12-12,2021.945205479452,female,0.06285397144675144,0.11149304056391267,0.10927834418918402,0.13792555625816774,0.17711689623461727,0.2831398506511481,0.3190346855130705,0.3090634466593185,0.3538077277177866,0.2870978934288541,0.3263129089791544,0.4283099032153023,0.3404065710891778,0.23681080697749451,0.26622875524227646,0.209001854915555,0.13695058276686406,0.1828984756445177,0.15345981891013624,0.12916187871914175,0.17526463085415536,0.11804909470514646,0.1688683005690215,0.13509453402493282,0.20650630440653112,0.1486619011067793,0.15326685062819148,0.18616002920985353,0.18754820847012948,0.16348472372394782,0.13174234420496983,0.1477805925942686,0.14226884208837687,0.15472716893555533,0.1774925750075934,0.16868570888981785,0.11756439786041871,0.14276419785233857,0.15112860138064235,0.212787175814293,0.15617709697083546,0.20387514236362,0.15799738760467147,0.184291786298337,0.13256082162344968,0.11057588426951553,0.14497510637181907,0.16923870280207293,0.12784302358678176,0.1295580630788035,0.1650600925950232,0.11616245069924654,0.11678784996757763,0.10533381273292532,0.06366615890427901,0.0593971103250329,0.10358309940124799,0.05703366586662338,0.07543909524986672,0.08931906663284382,0.08376142510334994,0.08753243104948401,0.06259365763845329,0.09084530832839245,0.0531243272434509,0.10036319127821731,0.07134091537976937,0.03614736085562561,0.0750641530459448,0.03730778016972627,0.03769806154308678,0.067315952718758107,0.04943388976220084,0.04545746325929546,0.020778150712009624,0.03741705865900149,0.04154899480070872,0.04036766468038552,0.04710212635171474,0.01414592393288367,0.036428356878448344
hamburg,2021,49,2021-12-06,2021.9287671232876,2021-12-12,2021.945205479452,male,0.049917951969001964,0.041585423909386174,0.08880338417123257,0.13563153008043385,0.17618292882421419,0.23263721013849933,0.287934506429296,0.3787661161133916,0.30192885434680083,0.27592517130069877,0.4083955300977861,0.4957472362566158,0.3523313372788643,0.25322114802372264,0.3574779437281193,0.26489073952393166,0.12632090825535763,0.17823350498711213,0.1562396847027333,0.17208201907069676,0.14174220587241537,0.1546802294949075,0.1598125259549898,0.17525941329838735,0.14355677688990146,0.10836643780326541,0.16973431555074125,0.15967690998011186,0.18808052764043676,0.15714721528076236,0.16889960206412025,0.1309760107840499,0.18477188700708752,0.18268452488059175,0.17665251928013442,0.16226932273962705,0.14415121909594608,0.17080902889617888,0.1269360042919453,0.16057406838335753,0.178176108625551,0.15544691233139715,0.14423465012481052,0.1283799447618712,0.14889135666129394,0.15599976547287026,0.14324912964476968,0.12049870701235647,0.14427115124202863,0.15106080467188268,0.1548784185325464,0.14301969898577885,0.13642921406975264,0.08003235666675251,0.08041254274260168,0.07651706914569108,0.09131933790385922,0.0978520097369547,0.09914405480310667,0.08214685147285326,0.1194354568586637,0.04729470106512635,0.10121764584405343,0.06454083650710833,0.07426740983893598,0.06099535941945097,0.0586422540538127,0.06879989363939092,0.05928257970286076,0.06589973982454454,0.061115099928952456,0.06794076478701136,0.05295775742552236,0.046331834629735294,0.04059143881022278,0.03633989500379043,0.04215788468306782,0.07578279464508757,0.051031832656084485,0.04530653159405573,0.04222553955455039
hamburg,2021,50,2021-12-13,2021.9479452054795,2021-12-19,2021.964383561644,female,0.06809176216323323,0.05571663880187674,0.11475011835787938,0.14897479529579102,0.1438592115490776,0.2613054452594258,0.2608821250814805,0.35677634175371264,0.42859826944767737,0.4023844501481321,0.6143654268210365,0.6471199276166361,0.42243282352239814,0.22362777084508056,0.24570236423931252,0.2159827232561336,0.22616070183591713,0.2440043877398544,0.2403996368213752,0.27099571605780526,0.2659569680130773,0.25181553876039997,0.23657051571877058,0.2792866690926325,0.21844739725013843,0.19067435685864026,0.21694873621891228,0.23280435651392334,0.23280435651392334,0.24367524794159712,0.1825018846810297,0.17996586134815143,0.20525857406240497,0.21080833230991894,0.22632260471297433,0.20464777137842285,0.2169644014418488,0.2180609787749958,0.16626512550350336,0.22421268415910517,0.17480027044063787,0.26065217482430286,0.21077178445741082,0.1423522700971272,0.19682282301139617,0.19579454842129587,0.18582081810749776,0.16465842116436105,0.17357938756406577,0.15193173834860763,0.19050212676344627,0.12031628509782893,0.09663293213421341,0.10909596163265001,0.11990974713343529,0.14489167415493318,0.1112637499737648,0.0836676742957982,0.0953096922120521,0.08931906663284382,0.08817311255190044,0.0690914799913048,0.07223134377027683,0.07569426579577415,0.06907585925243327,0.08362600732447399,0.041601036392344484,0.04217349733790853,0.03751592987099191,0.08708968828207932,0.03769806154308678,0.018348836925189373,0.024711070579739352,0.0389625933133828,0.04155940311487037,0.02993461451175702,0.008305063176946391,0.02690655998191206,0.026911762673521824,0.06367657164635179,0.0466337043503344
hamburg,2021,50,2021-12-13,2021.9479452054795,2021-12-19,2021.964383561644,male,0.06989855788420381,0.09361140999951133,0.1306475856322813,0.16175813252911295,0.16580084544832172,0.26444125759407183,0.3379308759758534,0.39604919909055625,0.4386711189539971,0.607772808215823,0.7232565696849639,0.5840978350434699,0.4407897593898023,0.3151736117271176,0.2631660044304224,0.22696499851574858,0.16427761864712806,0.24842446687029696,0.25648188979128844,0.16592604415613027,0.16446019484849328,0.23469523730356254,0.22104796383998693,0.21477653766887989,0.20748780370698602,0.2014320396709382,0.2045172589147075,0.19239668918582867,0.2307568504351242,0.19913521019870678,0.15536346331117928,0.2142073948779507,0.15172834534613605,0.18922346662256653,0.2175022436252408,0.176402070509248,0.2256436605394485,0.14106436512808415,0.1269360042919453,0.17206636736293487,0.20145814058883005,0.178802254175902,0.2020375843399033,0.17816045508339518,0.16167467338010696,0.195074246352129,0.10740243986931818,0.1652009391560886,0.14893307596180688,0.11547452019144033,0.14649776784459467,0.11029448728581163,0.14813520014069603,0.13831659354322634,0.1353082890719735,0.1312418802833349,0.10274944710237296,0.09408546479141179,0.10311416833861804,0.10811110688091286,0.09644538427043586,0.07568905822109914,0.16711544691468105,0.0860739985297875,0.07426740983893598,0.13428644361623993,0.07168458768862301,0.08945970819175456,0.06670156150574652,0.029279041359514337,0.061115099928952456,0.07549117076978722,0.022687348470507424,0.09270498759402768,0.05683584939605949,0.06360888886015278,0.04215788468306782,0.03366529526503517,0.034013922064202035,0.009059189078280308,0.05279118814115951
hamburg,2021,51,2021-12-20,2021.9671232876713,2021-12-26,2021.9835616438356,female,0.12577879574675993,0.08917321652908738,0.1038071457351502,0.14344727511944708,0.2159409501274004,0.2667671072168233,0.2666991595728904,0.41647778070192576,0.42859826944767737,0.3511167496219612,0.5204061982677516,0.5210259735850659,0.38823730952142455,0.2697882537355392,0.23886377539116863,0.28584822782847086,0.31552413098407384,0.2711891217188944,0.3006736021270393,0.25864537937729287,0.2432677444111033,0.3601116535122076,0.3673903921553428,0.2836626924006269,0.2941206315099331,0.2556614595507763,0.25444390222536395,0.3010554048039568,0.20843277532497753,0.22274519088748884,0.1994327482968096,0.237944369846304,0.23180148632029146,0.19430697903578883,0.28218306386209713,0.21184212506322314,0.24645471616801462,0.25198274679321775,0.23064716488461323,0.25468950162229764,0.17107510213524538,0.23793392214943318,0.26359979605415385,0.21367480818349224,0.21397242948739453,0.24699286346132593,0.258514731317187,0.17381938791724508,0.17815523723705318,0.15193173834860763,0.13963050036058886,0.1868175831873478,0.20152078284523003,0.10909596163265001,0.09365829434679476,0.11885693281961361,0.09974319949900903,0.12936518347402515,0.08736054223329841,0.0935801537914715,0.06611321062292938,0.09675275473464998,0.04814307924002447,0.09084530832839245,0.10098840055800865,0.055732255528174776,0.0772878081437956,0.05423307119005987,0.00625077567914549,0.0435266118984468,0.06284876515781745,0.067315952718758107,0.024711070579739352,0.006490004984736952,0.04849180311732818,0.052390382987264866,0.03323862087072909,0.07403307592482662,0.0067240347182130535,0.007072480939606985,0.03569985180587178
hamburg,2021,51,2021-12-20,2021.9671232876713,2021-12-26,2021.9835616438356,male,0.07489751293420865,0.10922623482204274,0.10972127591822357,0.15653176178099498,0.20214198930588256,0.26444125759407183,0.38241714066375787,0.43063260757518046,0.4803570657898744,0.5412304921543771,0.4917470335389407,0.42643818309231074,0.3965417384989995,0.35857748825291363,0.2945808291414888,0.28386137364382064,0.29099871647297326,0.3570852548894644,0.31922826993029246,0.25834227638045876,0.16446019484849328,0.2246879310713209,0.244615652892451,0.22355987954728462,0.19949538811334902,0.2674518153532046,0.23932870824740193,0.19239668918582867,0.20585894266665025,0.21663543275116093,0.20274232192831304,0.223821000408584,0.19468800152610702,0.17288026241363302,0.23793914599760332,0.2577517532021446,0.18117645788108738,0.1856903528880942,0.15004907967370848,0.22954509909881818,0.21699051015723209,0.18658796021862672,0.1689987235895684,0.16155991726894525,0.19577888957456355,0.1907317670171357,0.14773365942374544,0.19203656043678666,0.13960964443752194,0.14215934303002337,0.17584378279892054,0.12256272525681239,0.12472065011286616,0.08731366356386083,0.11700152977489875,0.14584072352116859,0.08751159601119952,0.08278225833857573,0.08723553254204441,0.11244148056353823,0.07805855856588875,0.06622254966392115,0.06576957513367426,0.0699245928634981,0.08569897963610641,0.06099535941945097,0.11735071574013127,0.08257392736316037,0.04445819969569323,0.073231141187157,0.05346787917805228,0.04528050893743188,0.03782295220121339,0.023160757125374496,0.06495735482250264,0.03633989500379043,0.031615208835539886,0.01682992322846593,0.05954287693627384,0.036241026027849385,0.032837966395039796
hamburg,2021,52,2021-12-27,2021.986301369863,2022-01-02,2022.0027397260274,female,0.08381871734672515,0.07802210389664586,0.11475011835787938,0.13239921041180033,0.12170270769860347,0.11960223975884511,0.2725116175428155,0.2494851327697679,0.3164501409841818,0.2231629783493684,0.2662235285513924,0.3489703494227182,0.27214570624172496,0.29618632322200744,0.31415868869644137,0.3768123732617207,0.39815562371617813,0.38686995658394585,0.4281526132171124,0.4689695923284233,0.5218768635954312,0.4686337784322877,0.5179954475797802,0.5512883972941143,0.4258247768694235,0.40505712004315125,0.408463663146915,0.29746238644633954,0.4316812665622044,0.41492622660749195,0.3554569368149379,0.2830823383796386,0.30154704525667275,0.2933832778863553,0.29965373200958084,0.2982625568194867,0.3387159673720812,0.28215169410149976,0.31029274580746,0.23182760248630152,0.3501953572200183,0.2720150242581907,0.29206548043026814,0.27248025361611533,0.36427978493141544,0.22565410576728534,0.26760862001199054,0.22424924145968414,0.2605842351701941,0.21910013768294148,0.2244372508400723,0.18265843338423324,0.18536680055646057,0.22974879670249687,0.1799710793761746,0.20445461304847454,0.1804407040427136,0.19416605361650638,0.1868123644722554,0.1830602438797109,0.14556435021483888,0.1290419814157987,0.12044137434168538,0.13633015460825815,0.07439238835825664,0.10036319127821731,0.0891888433063549,0.06629023585212797,0.1126342974046232,0.09331968612177409,0.05655994873331235,0.067315952718758107,0.05561773297759006,0.07145026541348344,0.05541992189338195,0.05988126528766179,0.03323862087072909,0.02690655998191206,0.04710212635171474,0.04952237391505408,0.05610705836626599
hamburg,2021,52,2021-12-27,2021.986301369863,2022-01-02,2022.0027397260274,male,0.06989855788420381,0.08319892279338445,0.09403337064687806,0.1826688699812045,0.19694809643217853,0.17967365261437818,0.287934506429296,0.34997548190059924,0.319746242590537,0.3601954317580406,0.36997223273044205,0.42643818309231074,0.2766309109799831,0.21608715622477553,0.2443230806408158,0.3534831276434037,0.3671809178120721,0.35068746249430977,0.33179186999633736,0.5179691872943928,0.5063791919641539,0.47548166242735995,0.49986850182249376,0.4657427203746245,0.4479329407309731,0.46992457494824913,0.40984730745929326,0.33442951266415494,0.38040564062119814,0.31477077908119466,0.35532080963912677,0.34893893934584114,0.30721170620617777,0.261174790515841,0.3163559697224771,0.3392236661193105,0.2812838048961012,0.29742054781131577,0.2426042519056967,0.28709266463992933,0.29081569544441344,0.2528344710550477,0.2847293058707231,0.3028232400397896,0.22990026466865,0.21679208424907442,0.25544198359183434,0.27711709277548385,0.2375578064600981,0.24012276049071002,0.1968176032920823,0.22082341179545223,0.21454679120535333,0.24047277421147156,0.18659839760429875,0.17871354976453863,0.20188097728396776,0.1770177592332517,0.16666680934531344,0.20343662829984394,0.13323333818836425,0.15149366210107207,0.10121764584405343,0.17768563321057484,0.1429101983462978,0.15874325575242934,0.07168458768862301,0.06879989363939092,0.11121163861701083,0.0878866279775669,0.09934724223073173,0.04528050893743188,0.07566822792760271,0.0849749924781519,0.05683584939605949,0.05451937041569583,0.07379874306671984,0.06735760662307688,0.07656393808286578,0.036241026027849385,0.062177158255690715
