State,week_end_num,A00,A01,A02,A03,A04,A05,A06,A07,A08,A09,A10,A11,A12,A13,A14,A15,A16,A17,A18,A19,A20,A21,A22,A23,A24,A25,A26,A27,A28,A29,A30,A31,A32,A33,A34,A35,A36,A37,A38,A39,A40,A41,A42,A43,A44,A45,A46,A47,A48,A49,A50,A51,A52,A53,A54,A55,A56,A57,A58,A59,A60,A61,A62,A63,A64,A65,A66,A67,A68,A69,A70,A71,A72,A73,A74,A75,A76,A77,A78,A79,A80+
hamburg,2020.0109289617487,-0,-0,-0,-0,-0,-0,-0,-0,-0,-0,-0,-0,-0,-0,-0,-0,-0,-0,-0,-0,-0,-0,-0,-0,-0,-0,-0,-0,-0,-0,-0,-0,-0,-0,-0,-0,-0,-0,-0,-0,-0,-0,-0,-0,-0,-0,-0,-0,-0,-0,-0,-0,-0,-0,-0,-0,-0,-0,-0,-0,-0,-0,-0,-0,-0,-0,-0,-0,-0,-0,-0,-0,-0,-0,-0,-0,-0,-0,-0,-0,-0
hamburg,2020.0300546448088,-0,-0,-0,-0,-0,-0,-0,-0,-0,-0,-0,-0,-0,-0,-0,-0,-0,-0,-0,-0,-0,-0,-0,-0,-0,-0,-0,-0,-0,-0,-0,-0,-0,-0,-0,-0,-0,-0,-0,-0,-0,-0,-0,-0,-0,-0,-0,-0,-0,-0,-0,-0,-0,-0,-0,-0,-0,-0,-0,-0,-0,-0,-0,-0,-0,-0,-0,-0,-0,-0,-0,-0,-0,-0,-0,-0,-0,-0,-0,-0,-0
hamburg,2020.049180327869,-0,-0,-0,-0,-0,-0,-0,-0,-0,-0,-0,-0,-0,-0,-0,-0,-0,-0,-0,-0,-0,-0,-0,-0,-0,-0,-0,-0,-0,-0,-0,-0,-0,-0,-0,-0,-0,-0,-0,-0,-0,-0,-0,-0,-0,-0,-0,-0,-0,-0,-0,-0,-0,-0,-0,-0,-0,-0,-0,-0,-0,-0,-0,-0,-0,-0,-0,-0,-0,-0,-0,-0,-0,-0,-0,-0,-0,-0,-0,-0,-0
hamburg,2020.068306010929,-0,-0,-0,-0,-0,-0,-0,-0,-0,-0,-0,-0,-0,-0,-0,-0,-0,-0,-0,-0,-0,-0,-0,-0,-0,-0,-0,-0,-0,-0,-0,-0,-0,-0,-0,-0,-0,-0,-0,-0,-0,-0,-0,-0,-0,-0,-0,-0,-0,-0,-0,-0,-0,-0,-0,-0,-0,-0,-0,-0,-0,-0,-0,-0,-0,-0,-0,-0,-0,-0,-0,-0,-0,-0,-0,-0,-0,-0,-0,-0,-0
hamburg,2020.0874316939892,-0,-0,-0,-0,-0,-0,-0,-0,-0,-0,-0,-0,-0,-0,-0,-0,-0,-0,-0,-0,-0,-0,-0,-0,-0,-0,-0,-0,-0,-0,-0,-0,-0,-0,-0,-0,-0,-0,-0,-0,-0,-0,-0,-0,-0,-0,-0,-0,-0,-0,-0,-0,-0,-0,-0,-0,-0,-0,-0,-0,-0,-0,-0,-0,-0,-0,-0,-0,-0,-0,-0,-0,-0,-0,-0,-0,-0,-0,-0,-0,-0
hamburg,2020.1065573770493,-0,-0,-0,-0,-0,-0,-0,-0,-0,-0,-0,-0,-0,-0,-0,-0,-0,-0,-0,-0,-0,-0,-0,-0,-0,-0,-0,-0,-0,-0,-0,-0,-0,-0,-0,-0,-0,-0,-0,-0,-0,-0,-0,-0,-0,-0,-0,-0,-0,-0,-0,-0,-0,-0,-0,-0,-0,-0,-0,-0,-0,-0,-0,-0,-0,-0,-0,-0,-0,-0,-0,-0,-0,-0,-0,-0,-0,-0,-0,-0,-0
hamburg,2020.1256830601094,-0,-0,-0,-0,-0,-0,-0,-0,-0,-0,-0,-0,-0,-0,-0,-0,-0,-0,-0,-0,-0,-0,-0,-0,-0,-0,-0,-0,-0,-0,-0,-0,-0,-0,-0,-0,-0,-0,-0,-0,-0,-0,-0,-0,-0,-0,-0,-0,-0,-0,-0,-0,-0,-0,-0,-0,-0,-0,-0,-0,-0,-0,-0,-0,-0,-0,-0,-0,-0,-0,-0,-0,-0,-0,-0,-0,-0,-0,-0,-0,-0
hamburg,2020.1448087431695,-0,-0,-0,-0,-0,-0,-0,-0,-0,-0,-0,-0,-0,-0,-0,-0,-0,-0,-0,-0,-0,-0,-0,-0,-0,-0,-0,-0,-0,-0,-0,-0,-0,-0,-0,-0,-0,-0,-0,-0,-0,-0,-0,-0,-0,-0,-0,-0,-0,-0,-0,-0,-0,-0,-0,-0,-0,-0,-0,-0,-0,-0,-0,-0,-0,-0,-0,-0,-0,-0,-0,-0,-0,-0,-0,-0,-0,-0,-0,-0,-0
hamburg,2020.1639344262296,-0,-0,-0,-0,-0,-0,-0,-0,-0,-0,-0,-0,-0,-0,-0,-0,-0,-0,-0,-0,-0,-0,-0,-0,-0,-0,-0,-0,-0,-0,-0,-0,-0,-0,-0,-0,-0,-0,-0,-0,-0,-0,-0,-0,-0,-0,-0,-0,-0,-0,-0,-0,-0,-0,-0,-0,-0,-0,-0,-0,-0,-0,-0,-0,-0,-0,-0,-0,-0,-0,-0,-0,-0,-0,-0,-0,-0,-0,-0,-0,-0
hamburg,2020.1830601092897,-0,-0,-0,-0,-0,-0,-0,-0,-0,-0,-0,-0,-0,-0,-0,-0,-0,-0,-0,-0,-0,-0,-0,-0,-0,-0,-0,-0,-0,-0,-0,0.003260502217811224,-0,0.0033437075013491397,-0,-0,-0,-0,0.007467736196293589,-0,0.003801338940633584,-0,-0,0.004191368914435681,-0,-0,-0,-0,-0,-0,-0,-0,0.0035985245103836694,0.003608925231153918,-0,-0,-0,-0,-0,0.004524196805412104,-0,-0,-0,-0,-0,-0,0.006718834046028912,0.007197298064514397,-0,-0,-0,-0,-0,-0,-0,0.01001096358616428,-0,-0,-0,0.007732974960938583,-0
hamburg,2020.2021857923498,-0,0.005106650740657798,-0,-0,0.005195059497544844,0.005434283946279259,-0,-0,-0,0.006339186381260658,-0,0.012538711602429472,0.018504892215577586,-0,0.0126687431155676,-0,0.00642759723369247,0.012824781360540272,0.03226040498597997,0.018041929553644385,0.015784395403182796,0.019935420867528926,0.0092880294457223,0.008388276532692397,0.01635137057016812,0.008091829560669015,0.007597755029522502,0.0036505281350378074,0.007108885903421963,0.006776041468690766,0.025486244639998552,0.019555676697656663,-0,0.023415671263178877,0.0034477142929898856,0.03612134278216725,0.010895141305903801,0.014993761454582546,0.014936544990546254,0.003816940083414855,-0,0.008102231180201475,0.012257844643743538,0.012575120393330197,0.00427977611520186,0.00883034971790915,0.013251288285829547,0.013823437216201025,0.022005855667115312,0.008268657375683799,0.008071026327846035,0.02319197103429321,0.025205307739443926,0.018036727749395545,0.014400793881940366,0.02250006711548699,0.01857251632018874,-0,0.0127935736740862,0.004524196805412104,0.004633406421319078,0.014832515217222104,-0,0.005600701603197585,-0,0.0063339857475604045,-0,0.007197298064514397,-0,-0,0.007264907465600685,-0,-0,-0,-0,0.03003867450234462,0.008024219084426654,0.00810743199074506,-0,-0,0.004867427799176182
hamburg,2020.22131147541,0.010114983714056279,0.005106650740657798,0.0050806481937046895,-0,-0,0.005434283946279259,-0,0.005865930844721004,0.00597514327855689,0.006339186381260658,0.012465894097099084,0.012538711602429472,0.02467465329063319,0.01877538916167991,0.0063339857475604045,0.025538270158516882,0.03215634054928352,0.0384890407771948,0.03871280682278704,0.04813266960799165,0.052635029921646904,0.024919169863908314,0.01857251632018874,0.029357085349008386,0.040882867027663215,0.028326914119026943,0.026589196777882945,0.04015950356368071,0.04266790049896971,0.04066949977974817,0.05099019182725639,0.032593412582920846,0.054795260251763026,0.02676608750513643,0.031016848592746348,0.025283345615132038,0.036324284100357374,0.007493739936929543,0.04482251231234999,0.019077098953877037,0.041814407462603606,0.040528990118982186,0.03677700220273344,0.037734487954054215,0.034237668853286905,0.061838754963570844,0.05303063165520905,0.05070391203169792,0.03961828856001279,0.016533428127661683,0.04843454978298581,0.061869992098277496,0.03241129878911425,0.050511324692360714,0.028810779882300387,0.041257562850015805,0.029716089209353567,0.06267175164411774,0.0469199617386654,0.031672443654340666,0.03245292474289763,0.05935025685820077,0.02632906444856477,0.02800954224628782,0.023878681770913925,0.031682849991800474,0.020159107087386257,0.036001659811947535,0.02138159528810311,0.022307584203469774,0.007264907465600685,0.021891407369930563,0.014926142003848475,0.015555526444964511,0.008700327802714423,0.01001096358616428,0.016049676592490326,0.00810743199074506,-0,0.023197173354265063,0.008523498519785691
hamburg,2020.24043715847,0.01517061274145522,0.005106650740657798,-0,-0,0.005195059497544844,-0,0.005642306100639183,0.01173252347841739,-0,0.006339186381260658,0.012465894097099084,0.012538711602429472,0.018504892215577586,0.06261448269516212,0.0126687431155676,0.025538270158516882,0.03215634054928352,0.012824781360540272,0.05808002339967788,0.030075095548244155,0.0368394463882409,0.02990339655519328,0.06504065888593533,0.025163687586970677,0.04497344257271275,0.05666926768873399,0.037994677345914794,0.04746125274373922,0.024887954918197185,0.03388904055404248,0.019113512323043688,0.026074136028373922,0.02900328686806059,0.04350059013253707,0.010338627693648754,0.014447606865519824,0.02542381408648386,0.03373814246273667,0.03361326161487789,0.04579575996241541,0.030408089150729574,0.056747352797597767,0.028602665023709443,0.037734487954054215,0.03852026388854272,0.04416154702177755,0.04860630997513122,0.04148134080943615,0.04402102792481568,0.07030991208114515,0.06458769465103469,0.054128962771555586,0.04321435156700434,0.03968594012741911,0.03601206701581435,0.041257562850015805,0.01857251632018874,0.03524193955550368,0.04265228769568704,0.04072674456520484,0.051005807134158546,0.04450503974627693,0.015794798561581988,0.039217584926829904,0.02985136666922528,0.02534577599999638,0.04033123642481093,0.043209147244036204,0.028509013609085872,0.022307584203469774,0.029060518812068902,0.02919059164635338,0.0298565696554765,0.03889494268703751,0.017402111535642723,0.03003867450234462,0.048163898510341675,0.04056021445523075,0.025751575328628776,0.04640990421706133,0.031656834152052817
hamburg,2020.25956284153,0.010114983714056279,0.010213803028291233,-0,0.005085848702057417,-0,0.005434283946279259,0.005642306100639183,-0,-0,0.006339186381260658,0.024934777343796385,-0,0.006167565743876809,0.012517906590501499,0.0063339857475604045,0.019155127633317535,-0,0.012824781360540272,0.025808803693866775,0.02406076568428216,0.04210584253412989,0.03488810103295564,0.037156872157314835,0.03774489550473253,0.03270268116534689,0.024279267221947544,0.04179359073428013,0.021901811750174947,0.03200024428471833,0.023722610352628317,0.019113512323043688,0.03585595917652014,0.02900328686806059,0.020070672885458985,0.01723045438239712,0.028894026058956992,0.029060518812068902,0.018744177903784062,0.026141769977233623,0.015259038610442869,0.022801798519511415,0.028363333966020723,0.03677700220273344,0.016767503066751895,0.02995542649321534,0.05299939982998402,0.022089090950548597,0.013823437216201025,0.04402102792481568,0.028940852091888458,0.032281217898311385,0.027057438250009416,0.025205307739443926,0.032468534484154224,0.018005516934847407,0.018749379778797173,0.02600129956643897,0.019576484525562116,0.04265228769568704,0.018093947624718002,0.055643760807845416,0.024721475524169246,0.0368602611334012,0.02800954224628782,0.023878681770913925,0.031682849991800474,0.020159107087386257,0.036001659811947535,0.035637408988830326,0.022307584203469774,0.0435994729122561,0.04379723903580002,0.0298565696554765,0.015555526444964511,0.04351620319052145,0.08013651695902932,0.048163898510341675,0.016221329847915026,0.03434173745530661,0.04640990421706133,0.046274583673522954
hamburg,2020.27868852459,0.01517061274145522,0.005106650740657798,0.010161792839493746,-0,0.005195059497544844,0.005434283946279259,0.005642306100639183,-0,0.00597514327855689,-0,-0,0.006266377556829031,-0,-0,0.0063339857475604045,0.012767567283017733,0.019290377621711437,0.01924356027822808,0.019352800811928403,0.012028991206470531,0.005262666295407436,0.019935420867528926,0.01857251632018874,0.029357085349008386,0.03679261324207747,0.016184918503956883,0.026589196777882945,0.021901811750174947,0.03200024428471833,0.027109465340516947,0.015930039810160994,0.009776919059188786,0.02900328686806059,0.010036968598628295,0.010338627693648754,0.01805753496950152,0.007264907465600685,0.022489662615540466,0.02987738160569892,0.015259038610442869,0.007597755029522502,0.008102231180201475,0.016340967300420138,0.008383075694054132,0.02567873931850904,0.013246086960794733,0.022089090950548597,0.004607404111015946,0.022005855667115312,0.028940852091888458,0.008071026327846035,0.0077277741878464005,0.018000315134246866,0.032468534484154224,0.021605287729002425,0.018749379778797173,0.011139593093019493,0.007831789748571537,0.025585093169684187,0.045254486293824905,0.03245292474289763,0.009886139707352614,0.02632906444856477,0.016803914818648753,0.017911884603606484,0.0126687431155676,0.013438536333678437,0.014400793881940366,0.014249952332634055,0.022307584203469774,-0,0.021891407369930563,0.03732339136842299,0.031115707636310098,0.07836061252278431,0.020023854839438908,0.02407637290652759,0.03244251825132789,0.042928114577088256,0.023197173354265063,0.046274583673522954
hamburg,2020.2978142076502,0.005054645659759895,-0,-0,0.005085848702057417,-0,-0,0.005642306100639183,-0,-0,0.006339186381260658,-0,0.006266377556829031,-0,0.006255976304517954,-0,-0,-0,-0,0.006448399809051898,0.018041929553644385,0.015784395403182796,0.004981838633879792,0.004643807349082134,0.029357085349008386,0.01635137057016812,0.008091829560669015,0.007597755029522502,-0,0.010666293865828298,0.016944360386214385,0.009558478451078909,0.01303283308219876,0.009667698640431205,0.010036968598628295,0.020674109251490356,0.003608925231153918,0.02542381408648386,-0,0.011202006499415215,0.007628959597872207,-0,0.012153820229216194,0.00816984175787542,0.008383075694054132,0.008559904499466014,0.013246086960794733,0.004414987418870811,0.004607404111015946,0.022005855667115312,0.028940852091888458,0.008071026327846035,0.0077277741878464005,0.018000315134246866,0.014426801089835895,0.018005516934847407,0.02250006711548699,0.01857251632018874,0.019576484525562116,0.0127935736740862,-0,0.013906659403238498,0.014832515217222104,0.015794798561581988,0.005600701603197585,0.011940570829995095,0.0063339857475604045,-0,0.014400793881940366,0.007124488038577494,0.022307584203469774,0.01453083005150185,0.007296111834213189,0.007462535449723384,0.015555526444964511,0.017402111535642723,-0,-0,0.00810743199074506,0.01716803373988884,0.023197173354265063,0.028004339444842118
hamburg,2020.3169398907103,0.005054645659759895,0.005106650740657798,-0,-0,-0,-0,-0,-0,0.00597514327855689,-0,-0,0.006266377556829031,0.006167565743876809,-0,-0,-0,-0,0.0064119953076371364,-0,0.012028991206470531,0.010520664201067077,0.009964154596493578,0.004643807349082134,0.008388276532692397,0.008175042575181122,0.008091829560669015,0.022791393959198103,0.018250002150173802,-0,0.003390510531843826,-0,0.01303283308219876,0.016112095892539705,0.0033437075013491397,0.0068904565028238135,0.010832728267824117,0.003629726678935282,0.007493739936929543,-0,0.011446459729104798,-0,0.004050957786852583,0.00816984175787542,0.012575120393330197,0.00427977611520186,0.00883034971790915,0.013251288285829547,-0,0.004399386096655418,0.004134164335210349,0.008071026327846035,0.003863743539848575,0.0035985245103836694,0.010822326102092914,0.007202498784557124,-0,0.011139593093019493,0.011742925826227591,0.008528699372468524,0.004524196805412104,-0,0.009886139707352614,0.005262666295407436,-0,0.005969942681265255,0.0063339857475604045,0.006718834046028912,0.007197298064514397,0.007124488038577494,0.00743653172469191,0.007264907465600685,-0,-0,0.015555526444964511,0.017402111535642723,-0,0.008024219084426654,-0,0.025751575328628776,-0,0.023134745548924536
hamburg,2020.3360655737704,-0,-0,-0,-0,-0,-0,0.005642306100639183,-0,-0,-0,-0,-0,-0,-0,-0,-0,-0,0.0064119953076371364,-0,0.012028991206470531,0.015784395403182796,0.01494694797932523,0.023217982639368674,-0,0.004087360635379416,0.012138216584987522,0.003796138560742797,0.010947152228198982,-0,-0,0.003187697703935032,-0,0.003224099948131548,-0,-0,0.003608925231153918,-0,-0,-0,0.007628959597872207,-0,0.012153820229216194,-0,-0,-0,0.004414987418870811,-0,0.004607404111015946,-0,0.008268657375683799,-0,0.003863743539848575,0.0035985245103836694,-0,-0,0.003749335165157985,-0,0.011742925826227591,0.004264174833559011,0.004524196805412104,0.009272426661402104,-0,-0,-0,0.005969942681265255,-0,-0,-0,-0,-0,-0,0.007296111834213189,0.007462535449723384,-0,-0,0.01001096358616428,-0,-0,0.025751575328628776,0.007732974960938583,0.010957554418900645
hamburg,2020.3551912568305,-0,-0,-0,-0,-0,-0,-0,-0,-0,-0,-0,-0,-0,0.006255976304517954,-0,-0,-0,-0,-0,-0,-0,-0,0.004643807349082134,-0,-0,0.004045757382003803,-0,-0,-0,0.010166993856035466,0.003187697703935032,0.003260502217811224,-0,0.0033437075013491397,-0,0.003608925231153918,0.007264907465600685,-0,0.0037337340426538855,-0,-0,-0,-0,-0,-0,0.004414987418870811,0.004414987418870811,-0,-0,-0,0.004035356573860712,0.0077277741878464005,0.010801521776873102,-0,0.0035985245103836694,0.003749335165157985,0.00371293255327242,-0,-0,0.004524196805412104,0.004633406421319078,0.0049454351591699695,0.010531066306453505,-0,-0,0.0126687431155676,-0,-0,-0,-0,-0,-0,-0,-0,-0,0.020023854839438908,-0,0.00810743199074506,-0,0.007732974960938583,0.0036505281350378074
hamburg,2020.3743169398906,-0,-0,-0,-0,-0,-0,-0,-0,-0,-0,-0,-0,-0,-0,0.0063339857475604045,0.00638599210793978,-0,-0,-0,-0,-0,-0,0.004643807349082134,0.004191368914435681,-0,-0,-0,-0,-0,0.003390510531843826,0.003187697703935032,-0,0.003224099948131548,-0,0.0034477142929898856,-0,-0,-0,0.0037337340426538855,-0,0.003801338940633584,-0,-0,-0,-0,-0,-0,0.004607404111015946,-0,-0,0.008071026327846035,0.003863743539848575,-0,-0,-0,-0,-0,-0,0.008528699372468524,-0,0.004633406421319078,-0,-0,-0,0.005969942681265255,0.0063339857475604045,-0,-0,-0,-0,-0,-0,-0,-0,-0,-0,-0,0.00810743199074506,-0,-0,-0
hamburg,2020.3934426229507,-0,0.005106650740657798,-0,-0,-0,-0,-0,-0,-0,-0,-0,-0,-0,-0,-0,-0,-0,-0,-0,-0,-0,-0,-0,-0,-0,-0,0.003796138560742797,-0,-0,-0,0.003187697703935032,-0,-0,0.0033437075013491397,-0,-0,-0,-0,-0,-0,-0,-0,-0,-0,-0,-0,-0,-0,0.004399386096655418,-0,-0,-0,-0,-0,-0,-0,0.00371293255327242,-0,-0,-0,-0,-0,-0,-0,-0,-0,-0,-0,-0,-0,-0,-0,-0,-0,-0,-0,-0,-0,0.008580707927871615,0.007732974960938583,0.001216814236782445
hamburg,2020.4125683060108,-0,0.005106650740657798,-0,-0,-0,-0,-0,0.005865930844721004,-0,-0,-0,-0,-0,-0,-0,-0,-0,-0,-0,-0,-0,-0,-0,-0,-0,-0,-0,-0,-0,0.003390510531843826,-0,-0,-0,-0,-0,-0,-0,-0,-0,-0,0.003801338940633584,-0,-0,-0,-0,-0,0.004414987418870811,-0,-0,-0,-0,0.003863743539848575,-0,-0,-0,-0,-0,-0,-0,-0,-0,-0,-0,-0,-0,-0,-0,-0,-0,-0,-0,0.007296111834213189,-0,-0,-0,-0,-0,-0,0.008580707927871615,-0,-0
hamburg,2020.431693989071,-0,0.005106650740657798,-0,-0,-0,-0,-0,-0,-0,-0,-0,0.006266377556829031,-0,-0,-0,-0,-0,0.0064119953076371364,-0,-0,-0,-0,-0,0.004191368914435681,-0,-0,-0,-0,-0,0.003390510531843826,-0,-0,-0,-0,0.0034477142929898856,0.003608925231153918,-0,-0,0.007467736196293589,-0,-0,0.004050957786852583,0.004087360635379416,-0,-0,-0,0.004414987418870811,-0,-0,-0,-0,-0,-0,-0,-0,-0,-0,-0,-0,-0,0.004633406421319078,-0,-0,-0,0.005969942681265255,0.0063339857475604045,-0,-0,-0,-0,-0,-0,-0,-0,-0,-0,-0,-0,-0,-0,-0
hamburg,2020.450819672131,0.005054645659759895,-0,-0,-0,-0,0.005434283946279259,0.005642306100639183,0.005865930844721004,0.00597514327855689,-0,-0,-0,0.006167565743876809,-0,-0,-0,-0,-0,-0,-0,-0,-0,-0,0.004191368914435681,-0,-0,-0,0.0036505281350378074,-0,-0,-0,-0,-0,0.0033437075013491397,0.0034477142929898856,-0,-0,-0,-0,0.003816940083414855,0.003801338940633584,-0,-0,-0,0.00427977611520186,-0,-0,-0,-0,-0,-0,-0,-0,-0,0.0035985245103836694,-0,-0,-0,-0,-0,-0,-0,-0,-0,-0,-0,-0,-0,-0,-0,-0,-0,0.007462535449723384,-0,-0,-0,-0,-0,-0,-0,-0
hamburg,2020.4699453551912,-0,-0,-0,-0,-0,-0,-0,-0,-0,-0,-0,-0,0.006167565743876809,-0,-0,0.00638599210793978,-0,-0,0.006448399809051898,-0,-0,0.004981838633879792,0.004643807349082134,0.004191368914435681,-0,-0,-0,-0,0.0035569216481055464,-0,0.003187697703935032,-0,-0,-0,-0,-0,-0,0.003749335165157985,-0,-0,0.003801338940633584,0.004050957786852583,-0,0.004191368914435681,-0,-0,-0,0.004607404111015946,0.004399386096655418,0.004134164335210349,0.004035356573860712,-0,-0,-0,-0,-0,-0,-0,-0,-0,0.004633406421319078,-0,-0,-0,-0,-0,-0,0.007197298064514397,-0,-0,-0,-0,-0,-0,-0,-0,-0,-0,-0,-0,-0
hamburg,2020.4890710382513,-0,-0,-0,-0,-0,-0,-0,-0,-0,-0,-0,-0,-0,-0,0.0126687431155676,-0,-0,-0,0.006448399809051898,0.006011547474138592,-0,-0,-0,0.012580321651257461,-0,-0,-0,0.007301312564138671,0.0035569216481055464,0.006776041468690766,-0,0.003260502217811224,-0,-0,0.0034477142929898856,-0,-0,-0,-0,-0,0.007597755029522502,-0,-0,-0,-0,-0,0.004414987418870811,0.004607404111015946,-0,-0,-0,0.003863743539848575,-0,-0,-0,-0,-0,0.007831789748571537,-0,-0,-0,-0,-0,-0,-0,-0,-0,-0,-0,0.00743653172469191,-0,0.007296111834213189,-0,-0,-0,-0,0.008024219084426654,0.00810743199074506,-0,-0,-0
hamburg,2020.5081967213114,-0,0.005106650740657798,-0,-0,-0,-0,-0,-0,-0,-0,-0,-0,-0,-0,-0,-0,-0,-0,-0,-0,-0,-0,-0,-0,-0,-0,-0,-0,-0,0.006776041468690766,-0,0.003260502217811224,-0,0.0033437075013491397,-0,-0,-0,-0,-0,-0,0.003801338940633584,-0,0.004087360635379416,-0,0.00427977611520186,-0,-0,-0,0.004399386096655418,-0,-0,-0,0.0035985245103836694,-0,-0,-0,-0,-0,-0,-0,-0,0.0049454351591699695,-0,-0,-0,-0,-0,-0,-0,0.00743653172469191,-0,-0,-0,-0,-0,-0,-0,-0,-0,-0,0.001216814236782445
hamburg,2020.5273224043715,-0,-0,0.0050806481937046895,-0,-0,-0,-0,-0,-0,-0,-0,-0,-0,-0,-0,-0,-0,-0,-0,-0,-0,-0,-0,0.004191368914435681,-0,0.004045757382003803,0.007597755029522502,-0,0.0035569216481055464,-0,-0,-0,-0,-0,-0,-0,-0,-0,-0,-0,-0,-0,-0,-0,-0,-0,-0,-0,-0,-0,-0,-0,-0,-0,-0,-0,-0,-0,-0,-0,-0,-0,-0,0.005600701603197585,-0,-0,-0,-0,0.007124488038577494,-0,-0,-0,-0,-0,-0,-0,-0,-0,-0,-0,-0
hamburg,2020.5464480874316,-0,-0,-0,-0,-0,-0,-0,-0,-0,-0,-0,-0,-0,-0,-0,-0,-0,-0,-0,-0,-0,-0,-0,-0,0.004087360635379416,0.004045757382003803,-0,0.0036505281350378074,-0,-0,-0,-0,0.003224099948131548,0.006687630023829551,-0,-0,-0,-0,-0,0.003816940083414855,-0,-0,-0,-0,-0,-0,-0,-0,-0,0.004134164335210349,-0,-0,-0,-0,-0,-0,-0,-0,-0,-0,-0,-0,-0,-0,-0,-0,-0,-0,-0,-0,-0,-0,-0,-0,-0,-0,-0,-0,-0,-0,-0
hamburg,2020.5655737704917,-0,0.005106650740657798,-0,-0,-0,-0,-0,-0,-0,0.012673944382853637,-0,-0,0.006167565743876809,0.006255976304517954,-0,-0,0.00642759723369247,0.012824781360540272,0.006448399809051898,-0,-0,-0,-0,-0,0.008175042575181122,-0,0.003796138560742797,-0,-0,-0,-0,0.0065160082364414396,0.003224099948131548,0.010036968598628295,0.0034477142929898856,-0,0.018161571194918236,-0,-0,0.003816940083414855,0.007597755029522502,0.004050957786852583,0.004087360635379416,-0,-0,0.00883034971790915,-0,0.004607404111015946,-0,0.008268657375683799,0.004035356573860712,0.003863743539848575,-0,0.003608925231153918,-0,-0,0.00371293255327242,0.0039157474297410386,0.004264174833559011,-0,-0,0.0049454351591699695,-0,0.005600701603197585,0.005969942681265255,-0,-0,-0,-0,-0,-0,0.007296111834213189,0.007462535449723384,-0,-0,-0,-0,-0,-0,-0,0.006084355941765483
hamburg,2020.5846994535518,-0,0.005106650740657798,-0,-0,-0,0.005434283946279259,-0,-0,-0,0.006339186381260658,0.012465894097099084,0.006266377556829031,-0,-0,0.0063339857475604045,-0,-0,0.012824781360540272,0.006448399809051898,0.006011547474138592,0.005262666295407436,0.004981838633879792,-0,-0,0.008175042575181122,0.004045757382003803,0.003796138560742797,0.0036505281350378074,0.010666293865828298,0.010166993856035466,-0,-0,0.009667698640431205,0.0033437075013491397,-0,0.003608925231153918,-0,-0,0.0037337340426538855,0.007628959597872207,0.007597755029522502,0.008102231180201475,-0,-0,-0,0.00883034971790915,0.008835550601276452,-0,0.004399386096655418,0.004134164335210349,-0,0.003863743539848575,0.0035985245103836694,-0,0.0035985245103836694,-0,0.00742613023831921,0.0039157474297410386,0.004264174833559011,-0,0.004633406421319078,-0,-0,0.005600701603197585,0.005969942681265255,-0,-0,-0,-0,-0,-0,0.014593247528391407,-0,0.007774581164424722,-0,-0,-0,-0,-0,0.007732974960938583,0.0024336569480174867
hamburg,2020.603825136612,-0,-0,0.0050806481937046895,0.005085848702057417,0.005195059497544844,-0,-0,0.005865930844721004,-0,-0,0.0062351738061373,0.025080447381949242,0.006167565743876809,0.025033624825184057,0.0063339857475604045,0.019155127633317535,0.00642759723369247,0.0064119953076371364,0.006448399809051898,0.02406076568428216,0.08951700671370266,0.019935420867528926,0.0092880294457223,0.012580321651257461,0.020440016726415582,0.016184918503956883,0.003796138560742797,0.010947152228198982,0.007108885903421963,0.003390510531843826,0.019113512323043688,0.0065160082364414396,0.016112095892539705,0.0033437075013491397,0.01723045438239712,0.007223301669917921,0.018161571194918236,0.022489662615540466,0.0037337340426538855,-0,0.02660480475902166,0.020257945491047983,0.0204296126386492,0.016767503066751895,0.008559904499466014,-0,0.013251288285829547,0.004607404111015946,0.004399386096655418,0.008268657375683799,-0,0.011592091986654127,-0,0.003608925231153918,0.010801521776873102,0.007498940686620647,0.011139593093019493,0.0039157474297410386,0.004264174833559011,0.013573771454237438,-0,-0,0.005262666295407436,0.011202006499415215,-0,0.0126687431155676,-0,-0,-0,-0,-0,-0,-0,-0,-0,-0,-0,-0,0.008580707927871615,0.007732974960938583,0.0024336569480174867
hamburg,2020.622950819672,0.005054645659759895,-0,-0,-0,-0,0.005434283946279259,-0,0.005865930844721004,-0,-0,0.01870256292238956,0.012538711602429472,0.006167565743876809,0.006255976304517954,0.031682849991800474,0.00638599210793978,0.00642759723369247,0.01924356027822808,-0,0.006011547474138592,-0,0.02990339655519328,0.004643807349082134,0.004191368914435681,0.012263045869935648,0.012138216584987522,-0,-0,0.021329573928131205,0.0135529660281875,0.006370390194367517,0.003260502217811224,0.006443199164428961,0.006687630023829551,0.0068904565028238135,0.007223301669917921,-0,0.011243615478634129,0.007467736196293589,0.003816940083414855,0.007597755029522502,0.004050957786852583,-0,0.008383075694054132,0.00427977611520186,-0,-0,0.004607404111015946,0.008799144428611716,-0,0.008071026327846035,0.011592091986654127,0.010801521776873102,0.010822326102092914,0.0035985245103836694,0.003749335165157985,0.00371293255327242,0.007831789748571537,-0,-0,-0,0.0049454351591699695,-0,-0,-0,-0,-0,-0,-0,-0,0.007264907465600685,-0,-0,-0,-0,-0,-0,-0,-0,-0,-0
hamburg,2020.6420765027322,0.005054645659759895,0.010213803028291233,-0,-0,-0,-0,0.005642306100639183,-0,-0,-0,-0,0.012538711602429472,0.018504892215577586,-0,0.0063339857475604045,0.00638599210793978,-0,-0,0.006448399809051898,-0,0.0368394463882409,0.024919169863908314,0.0092880294457223,0.012580321651257461,0.004087360635379416,0.016184918503956883,0.007597755029522502,0.007301312564138671,0.017776638200561638,0.006776041468690766,0.009558478451078909,-0,0.012887196789636148,0.0033437075013491397,0.013781826172628861,0.003608925231153918,0.007264907465600685,0.007493739936929543,0.014936544990546254,0.003816940083414855,0.003801338940633584,0.012153820229216194,0.00816984175787542,0.004191368914435681,-0,0.00883034971790915,0.008835550601276452,-0,0.013204476379222639,0.004134164335210349,0.004035356573860712,0.011592091986654127,0.0035985245103836694,0.007212900226197233,0.0035985245103836694,0.007498940686620647,0.00742613023831921,0.0039157474297410386,-0,0.009048787267324722,-0,0.0049454351591699695,0.005262666295407436,-0,-0,-0,-0,-0,0.007124488038577494,-0,-0,-0,0.007462535449723384,-0,0.008700327802714423,-0,0.008024219084426654,0.00810743199074506,-0,-0,0.0024336569480174867
hamburg,2020.6612021857923,-0,0.005106650740657798,-0,-0,-0,0.005434283946279259,0.005642306100639183,-0,-0,0.006339186381260658,-0,-0,0.012335863091210585,0.012517906590501499,-0,0.00638599210793978,-0,0.025657929048640265,0.006448399809051898,-0,0.010520664201067077,-0,0.013932666363999407,0.029357085349008386,0.02452378193602447,0.012138216584987522,0.011394448307400865,0.010947152228198982,0.028441376581190107,0.010166993856035466,0.009558478451078909,0.01629415261230751,0.009667698640431205,0.010036968598628295,0.0034477142929898856,-0,0.003629726678935282,0.022489662615540466,0.0037337340426538855,-0,0.003801338940633584,0.008102231180201475,-0,0.004191368914435681,-0,0.004414987418870811,0.008835550601276452,-0,0.004399386096655418,0.008268657375683799,0.004035356573860712,0.0077277741878464005,-0,0.010822326102092914,0.0035985245103836694,0.007498940686620647,0.00371293255327242,0.011742925826227591,0.004264174833559011,-0,-0,0.009886139707352614,-0,-0,0.005969942681265255,-0,0.006718834046028912,-0,0.007124488038577494,0.00743653172469191,-0,-0,-0,0.007774581164424722,-0,-0,-0,0.00810743199074506,0.008580707927871615,-0,-0
hamburg,2020.6803278688524,0.005054645659759895,-0,-0,0.005085848702057417,-0,-0,-0,-0,-0,0.012673944382853637,-0,-0,0.012335863091210585,0.012517906590501499,0.0126687431155676,0.00638599210793978,0.019290377621711437,0.0064119953076371364,-0,0.006011547474138592,0.015784395403182796,0.009964154596493578,0.013932666363999407,0.012580321651257461,0.01635137057016812,0.020231935366603407,0.018993868491525404,0.02555387782421946,0.014218743790855273,0.027109465340516947,0.015930039810160994,0.032593412582920846,0.003224099948131548,0.013381321580855659,0.013781826172628861,0.014447606865519824,0.003629726678935282,0.007493739936929543,0.011202006499415215,0.015259038610442869,0.003801338940633584,0.012153820229216194,0.016340967300420138,0.008383075694054132,0.017116016595036396,-0,0.013251288285829547,-0,0.008799144428611716,0.008268657375683799,0.008071026327846035,0.003863743539848575,0.018000315134246866,-0,0.0035985245103836694,-0,0.00742613023831921,0.0039157474297410386,0.004264174833559011,-0,0.009272426661402104,-0,0.010531066306453505,-0,0.005969942681265255,0.0063339857475604045,-0,0.014400793881940366,-0,0.00743653172469191,-0,0.007296111834213189,-0,0.007774581164424722,-0,-0,-0,-0,-0,-0,0.001216814236782445
hamburg,2020.6994535519125,0.005054645659759895,0.010213803028291233,-0,-0,-0,-0,0.01692355361152795,0.005865930844721004,0.00597514327855689,0.025350978535455072,-0,0.006266377556829031,0.018504892215577586,0.06261448269516212,0.0126687431155676,0.019155127633317535,0.012861190351738811,0.01924356027822808,0.012902800658613022,-0,0.010520664201067077,-0,0.023217982639368674,0.016772704744035773,-0,0.028326914119026943,0.026589196777882945,0.018250002150173802,0.021329573928131205,0.02033077390869288,0.022302381972495757,0.022812203081912327,0.019331993073529896,0.010036968598628295,0.010338627693648754,0.01805753496950152,0.003629726678935282,0.018744177903784062,0.0037337340426538855,0.007628959597872207,0.007597755029522502,0.016205724983095086,0.004087360635379416,-0,0.008559904499466014,-0,0.008835550601276452,0.00921521649229578,-0,0.012403479173694871,0.004035356573860712,0.003863743539848575,0.0035985245103836694,0.007212900226197233,0.0035985245103836694,0.011248816603374616,0.011139593093019493,0.0039157474297410386,0.004264174833559011,0.013573771454237438,0.009272426661402104,-0,-0,-0,0.011940570829995095,-0,-0,-0,0.014249952332634055,0.014874127101577476,-0,-0,0.007462535449723384,-0,-0,-0,0.016049676592490326,-0,-0,-0,0.007301312564138671
hamburg,2020.7185792349726,0.01517061274145522,0.010213803028291233,-0,-0,-0,-0,-0,0.005865930844721004,0.00597514327855689,0.012673944382853637,0.012465894097099084,0.012538711602429472,-0,0.012517906590501499,0.0063339857475604045,0.012767567283017733,0.00642759723369247,0.012824781360540272,0.025808803693866775,0.036095324721732734,0.026313456550184463,0.024919169863908314,0.02786386400250457,0.03774489550473253,0.04497344257271275,0.03237487610689073,0.011394448307400865,0.007301312564138671,0.04266790049896971,0.02033077390869288,0.022302381972495757,0.026074136028373922,0.009667698640431205,0.010036968598628295,0.010338627693648754,0.007223301669917921,0.010895141305903801,0.007493739936929543,0.011202006499415215,-0,0.015201821854517133,0.008102231180201475,0.00816984175787542,0.008383075694054132,0.017116016595036396,-0,0.004414987418870811,0.013823437216201025,0.013204476379222639,0.008268657375683799,0.004035356573860712,0.003863743539848575,0.0035985245103836694,0.007212900226197233,0.010801521776873102,0.011248816603374616,0.00371293255327242,0.0039157474297410386,0.004264174833559011,0.018093947624718002,0.004633406421319078,-0,0.010531066306453505,-0,0.011940570829995095,0.0190094741930718,-0,-0,0.007124488038577494,0.014874127101577476,0.021797768041415647,0.014593247528391407,0.014926142003848475,0.007774581164424722,-0,-0,0.008024219084426654,-0,0.008580707927871615,-0,0.001216814236782445
hamburg,2020.7377049180327,0.005054645659759895,0.005106650740657798,0.0050806481937046895,-0,0.005195059497544844,-0,0.005642306100639183,0.01173252347841739,-0,0.025350978535455072,0.012465894097099084,0.012538711602429472,0.02467465329063319,0.012517906590501499,-0,0.0319273995216093,-0,0.03207308914986711,0.03871280682278704,0.06619130991446304,0.0368394463882409,0.07478815565109591,0.037156872157314835,0.033550821303411006,0.053155559143714726,0.05666926768873399,0.026589196777882945,0.014598448988184133,0.03555415201608146,0.0135529660281875,0.03186496123444981,0.01303283308219876,0.009667698640431205,0.013381321580855659,0.024123194601358353,0.025283345615132038,0.010895141305903801,0.022489662615540466,0.011202006499415215,0.007628959597872207,0.007597755029522502,0.020257945491047983,0.012257844643743538,0.004191368914435681,0.00427977611520186,0.013246086960794733,0.017672602745281225,-0,-0,0.020668907183925566,0.01210180809998616,0.027057438250009416,0.007202498784557124,0.010822326102092914,0.021605287729002425,0.02250006711548699,0.011139593093019493,0.019576484525562116,0.017053596089904432,0.004524196805412104,0.01854130518405447,0.014832515217222104,0.005262666295407436,0.011202006499415215,-0,0.0126687431155676,-0,0.007197298064514397,0.007124488038577494,-0,0.007264907465600685,-0,-0,-0,0.008700327802714423,-0,-0,0.00810743199074506,-0,-0,0.001216814236782445
hamburg,2020.7568306010928,0.005054645659759895,0.015321456961439862,-0,0.015253837084577991,0.005195059497544844,0.005434283946279259,0.011280023362759599,0.01173252347841739,0.011956174414916292,0.019014676094624178,0.01870256292238956,-0,0.05553964956498517,0.03755755991123014,0.04435931528301436,0.025538270158516882,0.019290377621711437,0.01924356027822808,0.03226040498597997,0.036095324721732734,0.05790302611850882,0.06979962508175645,0.055742666681638,0.02096542586552854,0.02452378193602447,0.016184918503956883,0.04559278167644049,0.029200997487152117,0.028441376581190107,0.027109465340516947,0.028675505129473783,0.03585595917652014,0.019331993073529896,0.013381321580855659,0.027567305981562446,0.014447606865519824,0.018161571194918236,0.003749335165157985,0.022406426690912987,0.019077098953877037,0.022801798519511415,0.004050957786852583,0.028602665023709443,0.020960223768826204,0.008559904499466014,0.017662199211200397,0.008835550601276452,0.013823437216201025,0.008799144428611716,0.020668907183925566,-0,0.015461898525116095,0.010801521776873102,0.025252130450804308,0.010801521776873102,0.014998962954432291,0.02600129956643897,0.011742925826227591,0.008528699372468524,0.004524196805412104,0.01854130518405447,0.014832515217222104,0.015794798561581988,0.011202006499415215,0.005969942681265255,0.0063339857475604045,0.020159107087386257,0.014400793881940366,-0,0.00743653172469191,-0,0.021891407369930563,0.007462535449723384,0.007774581164424722,-0,0.01001096358616428,0.008024219084426654,0.016221329847915026,0.01716803373988884,0.007732974960938583,0.008523498519785691
hamburg,2020.775956284153,-0,0.015321456961439862,-0,0.005085848702057417,0.005195059497544844,0.010874336951551836,0.005642306100639183,0.005865930844721004,0.00597514327855689,0.006339186381260658,0.01870256292238956,0.012538711602429472,0.037021575690936115,0.01877538916167991,0.04435931528301436,0.025538270158516882,0.03215634054928352,0.012824781360540272,0.03871280682278704,0.05414978443857711,0.026313456550184463,0.0398732833888109,0.06039145496489793,0.04613926348213077,0.04906433992784663,0.03642315323459947,0.007597755029522502,0.06938306797828363,0.04978262229611121,0.027109465340516947,0.03823925656133371,0.026074136028373922,0.03867117585767399,0.016725889667241825,0.03791141659887134,0.028894026058956992,0.02542381408648386,0.026240619753038208,0.026141769977233623,0.026708858086354943,0.015201821854517133,0.024310481802278915,0.012257844643743538,0.025153282554055953,0.02139720170624013,0.022073484324758055,0.03534601016741689,0.02304110398143001,-0,0.028940852091888458,0.020174713138630188,0.03866076812160925,0.021605287729002425,0.02164170286860065,0.021605287729002425,0.018749379778797173,0.02600129956643897,0.007831789748571537,0.017053596089904432,0.013573771454237438,0.013906659403238498,-0,0.010531066306453505,0.005600701603197585,0.005969942681265255,0.0063339857475604045,0.006718834046028912,0.007197298064514397,0.007124488038577494,0.00743653172469191,0.01453083005150185,0.007296111834213189,0.014926142003848475,0.007774581164424722,-0,0.03003867450234462,-0,0.016221329847915026,-0,-0,0.008523498519785691
hamburg,2020.795081967213,0.01517061274145522,0.005106650740657798,0.015243434034403385,-0,0.010385437020405574,0.010874336951551836,0.005642306100639183,0.01173252347841739,0.01793269177375792,0.012673944382853637,0.03741185491621222,0.006266377556829031,0.018504892215577586,0.03129781689276104,0.0126687431155676,0.0319273995216093,0.03215634054928352,0.03207308914986711,0.04517121392180975,0.05414978443857711,0.07370501021915227,0.04984508210137078,0.055742666681638,0.06712330384531386,0.06543114846224601,0.03237487610689073,0.06460331404172481,0.054769232846208486,0.03911350656623497,0.08815748607987794,0.04142409519326814,0.032593412582920846,0.03222398240944775,0.03345716097679191,0.01723045438239712,0.03612134278216725,0.02542381408648386,0.044994260574033315,0.0410858269296194,0.03816119923994037,0.02660480475902166,0.036475189696544084,0.0204296126386492,0.025153282554055953,0.03852026388854272,0.030907583552730985,0.022089090950548597,0.046092421959464544,0.017604979810963983,0.028940852091888458,0.04035725660475935,0.027057438250009416,0.03241129878911425,0.036074510282755816,0.03601206701581435,0.014998962954432291,0.01857251632018874,0.02349370645315294,0.02985136666922528,0.013573771454237438,0.004633406421319078,0.0049454351591699695,0.015794798561581988,0.016803914818648753,0.017911884603606484,0.0126687431155676,0.020159107087386257,0.028800374119588697,0.007124488038577494,0.00743653172469191,0.029060518812068902,-0,0.022390819969881008,0.023332433856291586,0.02610535168614876,-0,0.008024219084426654,0.00810743199074506,0.025751575328628776,0.023197173354265063,0.017043192679666256
hamburg,2020.8142076502731,0.030350855723541886,0.0204296126386492,0.02033077390869288,0.02542381408648386,0.015581534230392942,0.005434283946279259,0.005642306100639183,0.035200311369057435,0.029892990573834894,0.06340584103012065,0.04988672201322749,0.03762000503407771,0.04936622551161262,0.06261448269516212,0.07606921254312198,0.08305308985443255,0.06433257860051632,0.1155579052228274,0.05808002339967788,0.114385315499743,0.15279225600816834,0.09974319949900903,0.13016277134216078,0.13433336465140042,0.08998581517389156,0.10529733893732021,0.07981362073210324,0.09131412876416013,0.07469442102004262,0.09494502571108787,0.06693586238322259,0.07499645543614704,0.05801755370224043,0.11719436352549853,0.05170329562506108,0.08311558963533457,0.04722703959806754,0.06374946089924406,0.04482251231234999,0.04579575996241541,0.05322322832530158,0.07702742206936658,0.06949241389494241,0.041928899617336514,0.10278591911088111,0.06625378943214699,0.07956363793344755,0.05531581109867697,0.061640920212855506,0.041346033090963276,0.04035725660475935,0.08121458823906896,0.025205307739443926,0.03968594012741911,0.061240046841530144,0.04500987408050042,0.04829922397057983,0.03132383255288551,0.017053596089904432,0.03619939704158505,0.0649261158331191,0.04945470954932712,0.02105906369521445,0.03361326161487789,0.023878681770913925,0.031682849991800474,0.026885749220666822,0.043209147244036204,0.035637408988830326,0.014874127101577476,0.029060518812068902,0.02919059164635338,0.014926142003848475,0.031115707636310098,0.03481004874182383,0.03003867450234462,0.04013348348268534,0.016221329847915026,0.025751575328628776,-0,0.03043930741028471
hamburg,2020.8333333333333,0.005054645659759895,0.05108388373901877,0.015243434034403385,0.020335975942431007,0.005195059497544844,0.04350059013253707,0.07901680475106292,0.02933627360702296,0.02391509850257945,0.031693256331342824,0.0873344985228391,0.08154790948683537,0.06788869682791542,0.08767827655121557,0.1458980842027767,0.10863219172745686,0.06433257860051632,0.0962786756260525,0.1356263164998354,0.114385315499743,0.1422427708630951,0.12969881351219628,0.10689699944547368,0.16797099905482613,0.15962996607121346,0.11340557191873393,0.1140622065340517,0.13520401820755173,0.15662564404741994,0.12210404745571657,0.09245494281437175,0.10763692420844331,0.09673191600169644,0.1205508276769027,0.06204700288271908,0.07226779438012423,0.09086093560815671,0.07125760122270898,0.08593857472841517,0.07252815662211376,0.09127245566537635,0.06485843142050485,0.061312932679183245,0.07969383715778582,0.0984980282570969,0.07951676629248369,0.0751422657821507,0.09683610974997439,0.09689862609914787,0.053759379569208725,0.06458769465103469,0.06573833565634588,0.06483760546511605,0.10468770928381757,0.0648428119531784,0.06753463608866968,0.0631663497368649,0.04307903933904428,0.05545115517244169,0.08601149519301902,0.10206169401694025,0.04450503974627693,0.052671466797591125,0.039217584926829904,0.04179879491557686,0.05069870695909137,0.047055283961695435,0.036001659811947535,0.05703366586662338,0.05207286421429129,0.0363294877343124,0.02919059164635338,0.022390819969881008,0.03889494268703751,0.06093809231672459,0.03003867450234462,0.05619555387504352,0.024331291532909555,0.05152111489266297,0.06188561067266464,0.038967797211359845
hamburg,2020.8524590163934,0.05565417194359651,0.0204296126386492,0.04574891874917547,0.04576973706096312,0.03636070954899522,0.05438402876712825,0.05078198818327173,0.04107021460134682,0.047835995971061966,0.05706490011497759,0.1435515625146538,0.10666772912032749,0.09877936141155513,0.10648535571991206,0.11414558930074044,0.19826348557171883,0.13518837759592406,0.2056083531890371,0.2003358129495255,0.12644079928483773,0.15807040918867024,0.2046738739104717,0.13016277134216078,0.08811581551076796,0.1145572936711452,0.1296258317584404,0.11786668138392002,0.10228573379582812,0.1352405129863151,0.09834173271786294,0.11479702176817166,0.08478748665615642,0.07091913883231207,0.12725398051961492,0.10000369934611791,0.09035044689835461,0.10905427428097213,0.09002227823127802,0.09715911169640051,0.07252815662211376,0.09127245566537635,0.1176165155839283,0.10222842120236811,0.07129925828455348,0.07278331288404366,0.11047166298688524,0.04418756911843879,0.10606850463504945,0.10130621815705945,0.07444967027999577,0.11307725772044083,0.061869992098277496,0.0828603826695474,0.054123757356098576,0.11533380825418676,0.06753463608866968,0.055732255528174776,0.05875157738693126,0.07252815662211376,0.06336419029119505,0.055643760807845416,0.07419971326639135,0.057939466685974474,0.05042804390166324,0.10156672583442335,0.02534577599999638,0.047055283961695435,0.050412428768259146,0.04276678169526403,0.0669566891789786,0.06541552882288913,0.05109949907406189,0.022390819969881008,0.062250045406859474,0.04351620319052145,0.0400554233178139,0.0642284499599908,0.04867397323689687,0.01716803373988884,0.023197173354265063,0.060896443554352406
hamburg,2020.8715846994535,0.025288548144338875,0.05619555387504352,0.02033077390869288,0.005085848702057417,0.04155940311487037,0.027182303354678642,0.06207824014251769,0.052812009272526335,0.047835995971061966,0.06975276224102595,0.03117294190532744,0.056445424359845196,0.08641776822492586,0.13784734915402555,0.1331968448182482,0.10223884166920733,0.18033112457449382,0.1155579052228274,0.18738642627262256,0.13849907861592486,0.16334909817165422,0.104734603618805,0.083636424064175,0.07971987704177777,0.09408025537461225,0.10935129739090396,0.1064488811165782,0.04746125274373922,0.07469442102004262,0.10513060191176551,0.08926697726311646,0.06194808501713636,0.07737113196299335,0.07363731437876718,0.10690742084790816,0.07950114242155493,0.10177513291597624,0.0487416365867072,0.04482251231234999,0.08398538605000773,0.05322322832530158,0.1013739500276297,0.06540511573259303,0.10068621513418911,0.07278331288404366,0.11047166298688524,0.07956363793344755,0.10606850463504945,0.11012773423625595,0.06617569004677477,0.08882421972710348,0.06573833565634588,0.0828603826695474,0.06134416949802251,0.07565781278398359,0.09381978519989762,0.0891992611604736,0.05483169864143239,0.03411799021843927,0.06789390362147658,0.06028212818409628,0.06924768763812855,0.0421318636020912,0.03361326161487789,0.05374896881281492,0.05069870695909137,0.05378020108824925,0.028800374119588697,0.028509013609085872,0.0371880944687795,0.06541552882288913,0.05109949907406189,0.03732339136842299,0.07781899977869741,0.02610535168614876,0.0400554233178139,0.04013348348268534,0.04867397323689687,0.07729822361389364,0.06188561067266464,0.09625262744864811
hamburg,2020.8907103825136,0.005054645659759895,0.030647429619646536,0.015243434034403385,0.020335975942431007,0.020772948634042315,0.032624632154471145,0.056429807419365687,0.09980050935340219,0.08374579995701735,0.0887929663964249,0.04364631218933612,0.06899254872435326,0.06788869682791542,0.09395002012416669,0.09510652056030494,0.10223884166920733,0.13518837759592406,0.1412677164236113,0.09037649211937324,0.07221572208816558,0.10532860218912637,0.11971169132780406,0.07434031393870215,0.07971987704177777,0.07361127754054876,0.06476992116770877,0.1140622065340517,0.05842360807708806,0.05689831767388896,0.07798044144880159,0.07012245913213595,0.04237646227736401,0.05801755370224043,0.07698576041845435,0.07239797533816587,0.06865410107656966,0.0581320815382085,0.06750339555094702,0.0747256658782865,0.06488967036922123,0.10269734427744646,0.052692287881020816,0.08176665271683839,0.050318738066287845,0.09421049095123595,0.08836063058248012,0.07956363793344755,0.08761056251739786,0.06605073127415463,0.0827301755164763,0.04843454978298581,0.07347588619195182,0.06483760546511605,0.06134416949802251,0.0828707992558781,0.06378069918176019,0.07432469162300773,0.05483169864143239,0.05118278094013288,0.05430594720703528,0.07885015197212866,0.024721475524169246,0.06848227465230265,0.03361326161487789,0.023878681770913925,0.05069870695909137,0.047055283961695435,0.06482198600404518,0.04276678169526403,0.0371880944687795,0.029060518812068902,0.06570709619778486,0.0447912854166238,0.07003393991888583,0.02610535168614876,0.0701120450992263,-0,0.056788998236937824,0.06870096292718744,0.03093359901762195,0.07552241610677209
hamburg,2020.9098360655737,0.020231935366603407,0.015321456961439862,0.015243434034403385,0.015253837084577991,0.010385437020405574,0.01630975750366404,0.039493393589873846,0.04107021460134682,0.041856040944250744,0.031693256331342824,0.04364631218933612,0.025080447381949242,0.030845146490088796,0.025033624825184057,0.05069870695909137,0.08305308985443255,0.06433257860051632,0.05774685254720283,0.07745966366718275,0.05414978443857711,0.04737277209805504,0.04485894371439514,0.0510942939618579,0.029357085349008386,0.04497344257271275,0.04452065310584561,0.04559278167644049,0.04381285218285383,0.053342950939217225,0.04406266317321818,0.04461433336172354,0.029331070672825185,0.04189767445922572,0.060240479947107003,0.06204700288271908,0.032510160483754776,0.0581320815382085,0.044994260574033315,0.059771939579495954,0.049610858218473844,0.04561880448933728,0.07297077542533255,0.03269227462379457,0.05870993037578388,0.017116016595036396,0.05299939982998402,0.017672602745281225,0.03226040498597997,0.03961828856001279,0.049621268146422426,0.060547636479052515,0.054128962771555586,0.04682107264453606,0.032468534484154224,0.04682107264453606,0.04876245609667059,0.02228677528269061,0.046992827507310285,0.05118278094013288,0.027145884334841594,0.03708922388012275,0.04450503974627693,0.057939466685974474,0.02800954224628782,0.023878681770913925,0.02534577599999638,0.04033123642481093,0.02160008556828771,0.014249952332634055,0.022307584203469774,0.01453083005150185,0.04379723903580002,0.0298565696554765,0.015555526444964511,0.008700327802714423,0.020023854839438908,0.02407637290652759,0.024331291532909555,0.03434173745530661,0.023197173354265063,0.05967823201258295
hamburg,2020.9289617486338,0.020231935366603407,0.010213803028291233,0.025413409001518537,0.02542381408648386,0.046753411793750844,0.032624632154471145,0.045139986816681604,0.04107021460134682,0.03587677352801609,0.0380363077694295,0.04364631218933612,0.03134984822602566,0.030845146490088796,0.09395002012416669,0.0633850156564848,0.11503153945423626,0.05145865307419943,0.04490578412595868,0.11623020192336539,0.06619130991446304,0.06844061984707421,0.04984508210137078,0.083636424064175,0.05873075387718815,0.08589169734088149,0.07692847570295407,0.06840417191987419,0.06938306797828363,0.06045913356343741,0.08476665271767003,0.08288121584429546,0.07499645543614704,0.05801755370224043,0.0635880634051986,0.06549883362032671,0.057804116135553286,0.043594268550743664,0.07876161790055192,0.07098683113415509,0.03816119923994037,0.049418274927323626,0.08108438520696994,0.061312932679183245,0.037734487954054215,0.07706908375365175,0.04416154702177755,0.08399059445559036,0.04148134080943615,0.03961828856001279,0.053759379569208725,0.07266354550313987,0.07347588619195182,0.04682107264453606,0.057731235215871826,0.057632325559681515,0.04876245609667059,0.07432469162300773,0.04307903933904428,0.06825838046653337,0.04072674456520484,0.0649261158331191,0.06924768763812855,0.02632906444856477,0.06724826519540697,0.09558579854965922,0.0633850156564848,0.060505988029409846,0.050412428768259146,0.05703366586662338,0.0371880944687795,0.06541552882288913,0.036496004295904674,0.0447912854166238,0.031115707636310098,0.06964862274617534,0.05007410202920865,0.08029796582437891,0.056788998236937824,0.08589169734088149,0.05414457902104155,0.07308533619992695
hamburg,2020.948087431694,0.01517061274145522,0.0204296126386492,0.04066429571146475,0.0355957804857931,0.046753411793750844,0.010874336951551836,0.02820724908706472,0.09980050935340219,0.0598031754726617,0.09513777768582844,0.03741185491621222,0.0627186081038073,0.06788869682791542,0.06261448269516212,0.03802069635670289,0.05748135855242818,0.11585496548381714,0.10270255455758696,0.12269303218827503,0.13246698279424274,0.08424580696834029,0.09974319949900903,0.07899076521914389,0.06292685954659982,0.09408025537461225,0.06476992116770877,0.06460331404172481,0.10593823935632167,0.10317669223597485,0.05423307119005987,0.05736683214963408,0.09458036176743949,0.06769604583256325,0.04350059013253707,0.04825238050217909,0.06865410107656966,0.06903941087997181,0.06374946089924406,0.06724826519540697,0.06870616980208197,0.09888876916045942,0.09325717407517997,0.0776783897002084,0.046123649636549864,0.09421049095123595,0.04858028566712269,0.04860630997513122,0.05531581109867697,0.052832830412224294,0.07444967027999577,0.05650789216864769,0.054128962771555586,0.0720490911042908,0.10468770928381757,0.057632325559681515,0.10133226886607072,0.06688379543032635,0.05483169864143239,0.05118278094013288,0.05883487150928615,0.06028212818409628,0.06429613355261093,0.10011831969226892,0.03361326161487789,0.07167417334286143,0.02534577599999638,0.026885749220666822,0.09366350372132774,0.04276678169526403,0.05207286421429129,0.06541552882288913,0.08031879797255057,0.05225504687974333,0.023332433856291586,0.06964862274617534,0.03003867450234462,0.02407637290652759,0.03244251825132789,0.060110329421515715,0.05414457902104155,0.11820544948978712
hamburg,2020.967213114754,0.03540845263453481,0.025538270158516882,0.03558016980574878,0.05085485936383723,0.057153397253861773,0.0598239994118628,0.045139986816681604,0.07630355563312714,0.041856040944250744,0.06975276224102595,0.03741185491621222,0.03134984822602566,0.04319353427824543,0.0751422657821507,0.057044077280656885,0.12142646265260891,0.07720969218456054,0.0898555901776534,0.12916187871914175,0.13246698279424274,0.10532860218912637,0.11971169132780406,0.083636424064175,0.07971987704177777,0.11865366914468414,0.10935129739090396,0.08742304719162623,0.05842360807708806,0.07469442102004262,0.13229494538051428,0.09883667020370525,0.10110823319509926,0.07414763903978726,0.0803344220891591,0.09654957744458377,0.07950114242155493,0.09449701036796083,0.07125760122270898,0.08967848470613664,0.07634521673747006,0.0646345528371858,0.1013739500276297,0.08176665271683839,0.10908553979159742,0.08992330713499534,0.09720599924248063,0.10611540021527474,0.13377552841833604,0.09249140760318342,0.07030991208114515,0.10499512847217686,0.06573833565634588,0.06483760546511605,0.06134416949802251,0.04321955589049912,0.09381978519989762,0.09291856846210846,0.07442884048297053,0.07679828340241564,0.05883487150928615,0.07885015197212866,0.08409997109339186,0.057939466685974474,0.08407392901590731,0.10156672583442335,0.07606921254312198,0.05378020108824925,0.036001659811947535,0.04276678169526403,0.0744028032484254,0.1017907634807617,0.06570709619778486,0.0298565696554765,0.0856104339031121,0.08707406213562643,0.06009471138033788,0.12049349494877168,0.056788998236937824,0.060110329421515715,0.023197173354265063,0.10234825669709116
hamburg,2020.9863387978141,0.010114983714056279,0.025538270158516882,0.04574891874917547,0.04067990791786589,0.03636070954899522,0.027182303354678642,0.05078198818327173,0.09980050935340219,0.08374579995701735,0.06340584103012065,0.01870256292238956,0.043896122379626354,0.02467465329063319,0.050084512049894864,0.057044077280656885,0.08305308985443255,0.04502548759164985,0.10912722716834027,0.10976817479277431,0.07823562446575583,0.05790302611850882,0.07478815565109591,0.09759152066872685,0.05873075387718815,0.053155559143714726,0.07692847570295407,0.1064488811165782,0.08035004621045631,0.07113783735579747,0.08137083230792774,0.08926697726311646,0.07173145227035833,0.07737113196299335,0.0803344220891591,0.0758452856882902,0.07950114242155493,0.07631397090608369,0.0937781100930188,0.0747256658782865,0.05725230599908168,0.07985528464871892,0.08108438520696994,0.08586044577266788,0.06710247698282602,0.10706895285271611,0.08393851042321679,0.0751422657821507,0.07376749876542414,0.11453644780189391,0.0827301755164763,0.08882421972710348,0.06960696700662906,0.05042283885667613,0.07940219134800339,0.07926157698844173,0.07128884401596379,0.055732255528174776,0.046992827507310285,0.07252815662211376,0.08148541159012818,0.051005807134158546,0.03956104499479871,0.057939466685974474,0.06724826519540697,0.08363121569406655,0.07606921254312198,0.05378020108824925,0.02160008556828771,0.07843873021098685,0.05207286421429129,0.01453083005150185,0.021891407369930563,0.0671961979297107,0.03889494268703751,0.02610535168614876,0.03003867450234462,0.0642284499599908,0.03244251825132789,0.08589169734088149,0.10835080526178209,0.10722527462545195
hamburg,2021.0054794520547,0.030350855723541886,0.06130772654453145,0.030496540934826247,0.030506947036964844,0.020772948634042315,0.01630975750366404,0.02256249415888399,0.01173252347841739,0.03587677352801609,0.031693256331342824,0.05612267520981016,0.056445424359845196,0.012335863091210585,0.03129781689276104,0.0190094741930718,0.0510942939618579,0.05789782032524452,0.05774685254720283,0.06454083650710833,0.08426143226491173,0.07370501021915227,0.06481157303260637,0.07899076521914389,0.06712330384531386,0.06543114846224601,0.089084664879961,0.07981362073210324,0.07303847039799351,0.08537604886709572,0.08476665271767003,0.05417581153408853,0.07826166361952726,0.09996201928288326,0.0635880634051986,0.07239797533816587,0.050578990433010104,0.0581320815382085,0.0862719262585209,0.04855946623009569,0.06106824491413834,0.049418274927323626,0.06485843142050485,0.061312932679183245,0.05870993037578388,0.0599333252294803,0.0397431838301227,0.07956363793344755,0.046092421959464544,0.07045570928644355,0.041346033090963276,0.060547636479052515,0.07734509325515433,0.06844061984707421,0.036074510282755816,0.0720542983144574,0.07504332300277293,0.04829922397057983,0.06267175164411774,0.06398895487809886,0.06789390362147658,0.06028212818409628,0.05935025685820077,0.08429789130850805,0.05042804390166324,0.02985136666922528,0.0190094741930718,0.0672378517380958,0.07203346947693125,0.028509013609085872,0.059511641199466454,0.07268437459304743,0.06570709619778486,0.0671961979297107,0.031115707636310098,0.06093809231672459,0.09016292169214218,0.0642284499599908,0.08114688262169206,0.06870096292718744,0.06962779487223103,0.14383313952642077
hamburg,2021.0246575342467,0.029945020501444982,0.051984375721374265,0.02088219238070096,0.020845777772977137,0.020694917526936325,0.02638629344935969,0.01656983971564772,0.011436057440606802,0.053155559143714726,0.023935908074983355,0.06996624885748641,0.03748470736268477,0.04391173555637019,0.049314176147994666,0.043766012755767615,0.07554324634185314,0.08207393642749258,0.07631397090608369,0.10619355960963502,0.10441155461335429,0.10201480209235744,0.17467505036485173,0.06574354223459442,0.07879286520271885,0.06774290681979354,0.09287168478177314,0.1040885076148269,0.09066299041152816,0.11347331955098582,0.11869015230988152,0.1012749573234822,0.08621463131220183,0.08240726318376468,0.09452305766594474,0.09164751475671841,0.06343707910621249,0.077569026568693,0.06676924831747175,0.08458956457755777,0.06493652882749508,0.06190643544581538,0.07377791353043679,0.08649068936152009,0.04551991786960274,0.08928260406855472,0.09527843498319087,0.08500624351421981,0.07137215822308132,0.060453927514271324,0.0799177805862344,0.06692024229187675,0.06941951659161984,0.11301472191769556,0.06547280085679431,0.07309575082831428,0.07651706914569108,0.07989694859871697,0.08655319327427684,0.07532973682778829,0.08214685147285326,0.10104050167063942,0.09936808201179038,0.050584195493633334,0.048398115875771905,0.07998027659885462,0.03658967009613205,0.0586422540538127,0.04815348887414115,0.03704239050900569,0.05125044755453048,0.06875823857973187,0.06038624892250179,0.030251998134053146,0.09270498759402768,0.0974716961355247,0.045426235982268075,0.031615208835539886,0.10950241506291973,0.06805010767082507,0.1088041508727319,0.1326598739046573
hamburg,2021.0438356164384,0.019961430843658905,0.036381524102531655,0.01565955766473659,0.05212491633929076,0.015519115567216623,0.010551870523468895,0.01656983971564772,0.02287983278826568,0.023618563000681193,0.05386869263718087,-0,0.03748470736268477,0.05646624695443742,0.04314669540901133,0.03751592987099191,0.06294768473675043,0.03155277092323773,0.07631397090608369,0.08118854760656438,0.04911118412768986,0.11903934961463025,0.10972648690219917,0.0798448686664354,0.09632035273704445,0.07970425310981666,0.08512603932646533,0.08865753551385232,0.07614732678911182,0.08863149115379819,0.07676703729878885,0.05736162641004863,0.03830170250281466,0.056023768613225715,0.0749547954123836,0.05768438325000966,0.07754298776175922,0.055393894175165576,0.1113314948156288,0.03843179845508518,0.04964729297540838,0.08126666954319432,0.04269912611958655,0.06176586838889535,0.07450695226483534,0.04249615992071718,0.05627884390323163,0.0357779054326154,0.07137215822308132,0.11165979799178272,0.0488249146765687,0.037630412561842845,0.06533222415891268,0.04283964164442654,0.06547280085679431,0.04749768599454951,0.05464430148087418,0.08370413292309198,0.07148671547581971,0.06739405381672953,0.051864656235340624,0.06427530782242645,0.04729470106512635,0.04046133745476666,0.021506446764364646,0.057116957237259375,0.03049133788453498,0.019540070832188793,0.03438856839416482,0.03704239050900569,0.06589973982454454,0.061115099928952456,0.0830478815427511,0.022687348470507424,0.015441092343604745,0.04059143881022278,0.018166773011649994,0.06324965093115235,0.04209022989960784,0.07656393808286578,0.06344228545405513,0.08801163923408717
hamburg,2021.0630136986301,0.019961430843658905,0.02078855486951126,0.03654804083075729,0.005210661058478578,0.015519115567216623,0.03166203731896339,0.022094293160190178,0.011436057440606802,0.03542926680690537,0.03590799507088156,0.025429016629750174,0.024986802310579447,0.05018861237137771,0.055482388470261386,0.03751592987099191,0.031464317342481514,0.03786458248724768,0.03814038397402376,0.037453484873130424,0.0552481391938897,0.07365814385873078,0.06979962508175645,0.06574354223459442,0.05251530893761165,0.055779105735197586,0.050282302838890076,0.06551445328470075,0.06526453921769663,0.06025089200322708,0.07676703729878885,0.0674929820425494,0.05426950918577807,0.056023768613225715,0.07169500203647033,0.061078657135998894,0.05638295662607967,0.07017973635041655,0.03708402017014045,0.049970001936972715,0.03818721833405045,0.05416019527521727,0.04269912611958655,0.03293162560639593,0.057939466685974474,0.05950643524515318,0.06061010921606201,0.026828519670183897,0.02675568215158173,0.051146345107314924,0.04438533747864398,0.05854854852264078,0.03674057646248593,0.05842360807708806,0.06547280085679431,0.04749768599454951,0.0473519531444791,0.0684770677998214,0.04137725791782401,0.06342666641209678,0.051864656235340624,0.06427530782242645,0.03783335976959742,0.050584195493633334,0.06454083650710833,0.057116957237259375,0.018291616769384955,0.026053325600267803,0.013750617911807095,0.02963284171665657,0.06589973982454454,0.03818721833405045,0.03018435883900562,0.03782295220121339,0.030881568100855482,0.07308533619992695,0.05451937041569583,0.04215788468306782,0.058933783452878294,0.02550705484115976,0.018119956679774157,0.09036086498519547
hamburg,2021.0821917808219,0.014972955460375015,0.025985691766443362,0.03654804083075729,0.02605852820651066,0.015519115567216623,0.0369435201973836,0.027619333582200315,0.02287983278826568,0.029523579584744965,0.01196657680746688,0.025429016629750174,0.024986802310579447,0.025085649890862198,0.030813927986886827,0.00625077567914549,0.031464317342481514,0.03155277092323773,0.05086006445207428,0.04369835588001018,0.030689054161477596,0.05098498672599386,0.04485894371439514,0.06104742047666037,0.039384110737078704,0.04780997204857335,0.0696382088081604,0.057798910352190994,0.036246229653478575,0.03543447035130267,0.06629544248563665,0.037110038725270904,0.05746053555134058,0.0395402291685254,0.052130121554653554,0.020351582046756276,0.04580616912664389,0.03322821422192664,0.05192711854149282,0.049970001936972715,0.03818721833405045,0.03868158359582761,0.04658686238227465,0.028815982764439984,0.037240131696213506,0.046748207116564654,0.06061010921606201,0.06709727026851031,0.08476665271767003,0.023243994257461535,0.03994613928385569,0.0836624659225597,0.04899147125641434,0.03894177772667087,0.03272869752833626,0.02922701209825631,0.06922165299773993,0.04563962274903346,0.026323861815248883,0.0435994729122561,0.060516400138693235,0.06427530782242645,0.04256381523231625,0.03540324909274682,0.04302179196398028,0.0628331462941315,0.048793685377244954,0.03908748700863085,0.03438856839416482,0.03704239050900569,0.036600077417683057,0.045826987461351866,0.03018435883900562,0.030251998134053146,0.046331834629735294,0.0487104073373914,0.009079992706433657,0.02107467001655247,0.03366529526503517,0.02550705484115976,0.036241026027849385,0.06922165299773993
hamburg,2021.1013698630136,0.009979757588370606,0.041585423909386174,0.010437447432891652,0.031266598117788875,0.02587123470959719,0.03166203731896339,0.022094293160190178,0.011436057440606802,0.029523579584744965,0.01196657680746688,0.01907189704608009,0.031235379361559235,0.031360254498927265,0.03697994607979251,0.018754581654336435,0.05034996828152198,0.03786458248724768,0.03814038397402376,0.04369835588001018,0.036829039018782296,0.04531694066035277,0.0398732833888109,0.06574354223459442,0.026251025003527908,0.043823260950158836,0.050282302838890076,0.05008971706102237,0.05800714209329616,0.04961606318218475,0.04884052933326955,0.030361261796526377,0.04468719589964194,0.0461288542512245,0.029315461873366925,0.030532962301419123,0.02818643780526826,0.048007754186143996,0.025954476180500403,0.05765835439833115,0.04964729297540838,0.04255340671710965,0.03881688438138674,0.05764273709357906,0.028961663675616558,0.021246339860430657,0.043287212143289566,0.0402479719364623,0.05798111308005291,0.06975796922124632,0.04438533747864398,0.029268635503098047,0.03265585174475918,0.02725514147086117,0.029086533352894357,0.01460885190932469,0.05828825626649333,0.026620412744845168,0.03385261683673502,0.03963390045236935,0.05619034825270808,0.04590505629073466,0.04729470106512635,0.030345652687833437,0.05916284341302825,0.02855063643920362,0.024388518335081114,0.05212491633929076,0.03438856839416482,0.03704239050900569,0.029279041359514337,0.03818721833405045,0.022635325804230225,0.060526812250061485,0.023160757125374496,0.008117833613398493,0.03633989500379043,0.052702698425861984,0.01682992322846593,0.02550705484115976,0.018119956679774157,0.031667240486388824
hamburg,2021.1205479452055,0.03494013595879937,0.025985691766443362,0.03654804083075729,0.015633549840278968,0.06211468363600894,0.010551870523468895,0.005522693260200158,0.011436057440606802,0.0059023349638452445,0.029919005531132456,0.025429016629750174,0.012491900337300056,0.01254391285671498,0.018489286665460354,0.00625077567914549,0.031464317342481514,0.05049050448218209,0.031781710301532415,0.04369835588001018,0.04911118412768986,0.08500103500690134,0.05483169864143239,0.06104742047666037,0.05251530893761165,0.035850755589945056,0.03480484525991087,0.06165653871843941,0.06526453921769663,0.04252218118399032,0.07327800716273258,0.03373814246273667,0.03830170250281466,0.0395402291685254,0.03583514483335566,0.033925464296857395,0.03523153250576789,0.048007754186143996,0.03337390749475842,0.06535305031239681,0.02672966877680145,0.030944005207223825,0.05823619797161901,0.037052797921164934,0.04965770291065087,0.025496649739538132,0.05194793932688346,0.026828519670183897,0.04459871997402092,0.03254138000532251,0.06659222145755128,0.025085649890862198,0.03674057646248593,0.031152129436576814,0.04364110782313006,0.02556948549461241,0.025491447189510977,0.026620412744845168,0.030090704575728534,0.0356686303879782,0.03024679510823622,0.05049570953394812,0.028373739641276312,0.025283345615132038,0.03226040498597997,0.03426368598426466,0.018291616769384955,0.026053325600267803,0.013750617911807095,0.014816910769176628,0.014640060685233372,0.045826987461351866,0.037734487954054215,0.03782295220121339,0.015441092343604745,0.04059143881022278,0.05451937041569583,0.07379874306671984,0.058933783452878294,-0,0.036241026027849385,0.041054602277761636
hamburg,2021.1397260273973,0.024955587324263617,0.025985691766443362,0.010437447432891652,0.020845777772977137,0.02587123470959719,0.02638629344935969,0.03866597198938124,-0,0.011805339956782778,0.023935908074983355,0.012715554539894168,0.01873897602928555,0.01254391285671498,0.03697994607979251,0.012502302837021037,0.025168890104205904,0.03786458248724768,0.02542381408648386,0.04369835588001018,0.09211634242508923,0.07932928015113494,0.08476665271767003,0.04225676490953954,0.07003393991888583,0.0517969888216807,0.05415498985663954,0.057798910352190994,0.0398732833888109,0.04961606318218475,0.034882897543232226,0.026984600410755597,0.05107347351826374,0.056023768613225715,0.055388688633082155,0.037318187635001415,0.04933499588719,0.03692270541889027,0.03708402017014045,0.049970001936972715,0.06493652882749508,0.027073046371698873,0.031053270323770327,0.04940786504001814,0.05379581723299806,0.021246339860430657,0.043287212143289566,0.0402479719364623,0.05351993269948451,0.055799928062980265,0.03550211647581174,0.04599873904071044,0.03674057646248593,0.054529781326330476,0.04364110782313006,0.02556948549461241,0.05828825626649333,0.053249254957050386,0.030090704575728534,0.01981577514491542,0.017282471641719487,0.05049570953394812,0.05202601734634378,0.03540324909274682,0.016127700729256407,0.03426368598426466,0.0548941645116886,0.032572599545633685,0.041267971105844625,0.02963284171665657,0.058574577819914195,0.022911046528549278,0.022635325804230225,0.045389804182773726,0.046331834629735294,0.0487104073373914,0.009079992706433657,0.02107467001655247,0.008414280733668927,0.04252218118399032,0.07251253485083464,0.034013922064202035
hamburg,2021.158904109589,0.014972955460375015,0.0467846398677903,0.005221062101703512,0.031266598117788875,0.010349029762614797,0.010551870523468895,0.03313975779114117,0.0400398112988978,0.011805339956782778,0.03590799507088156,0.0317921166608589,0.024986802310579447,0.006271578183767644,0.030813927986886827,0.031261394990446154,0.037760506834652784,0.03786458248724768,0.06358285704276034,0.06869054917895673,0.09211634242508923,0.056653650681028414,0.07478815565109591,0.07044529518679374,0.08317808949135633,0.035850755589945056,0.0386763797264933,0.04238166651699509,0.04350059013253707,0.0531607644622462,0.06280190858083935,0.06411390869625266,0.05107347351826374,0.029653653577336573,0.052130121554653554,0.061078657135998894,0.05285885684858066,0.06278628973123314,0.07419450584138715,0.0730488850169945,0.061115099928952456,0.05803317111956267,0.054352796129020525,0.06588412004443844,0.020684513388169623,0.038244460386929136,0.03895738941592654,0.05814769898993326,0.04905913501936042,0.046493178572735924,0.0488249146765687,0.03344675428424764,0.053077479428229823,0.054529781326330476,0.054555808612033296,0.05847046070899056,0.0327807302933699,0.04563962274903346,0.026323861815248883,0.05549800512620334,0.04753932402672352,0.05049570953394812,0.04729470106512635,0.050584195493633334,0.021506446764364646,0.022838214497025486,0.03658967009613205,0.032572599545633685,0.006874854437892958,0.04445819969569323,0.014640060685233372,0.045826987461351866,0.04528050893743188,0.01512379910698572,-0,0.008117833613398493,0.009079992706433657,0.031615208835539886,0.025246927925235238,0.02550705484115976,0.04530653159405573,0.01876498540697031
hamburg,2021.1780821917807,0.029945020501444982,0.031183348142826493,0.04177277401429003,0.04690955235147974,0.041403278621194514,0.04750289074674576,0.07736592422037898,0.011436057440606802,0.029523579584744965,0.03590799507088156,0.05723668881627874,0.03748470736268477,0.031360254498927265,0.049314176147994666,0.012502302837021037,0.025168890104205904,0.03786458248724768,0.031781710301532415,0.08118854760656438,0.04296974895042808,0.06231772642442061,0.05483169864143239,0.05165124392210303,0.07441321814068014,0.043823260950158836,0.046415108860386904,0.03852546774225384,0.0398732833888109,0.06025089200322708,0.034882897543232226,0.037110038725270904,0.060656963818070925,0.07251253485083464,0.04561359992571841,0.061078657135998894,0.04580616912664389,0.059089960588984906,0.05935025685820077,0.06535305031239681,0.05729395184282767,0.050292712901256656,0.06989335088990568,0.06588412004443844,0.037240131696213506,0.038244460386929136,0.05627884390323163,0.0491996677314283,0.07584007809849119,0.060453927514271324,0.05770520634073556,0.06273422693308452,0.03265585174475918,0.04283964164442654,0.050917320457034294,0.02922701209825631,0.040065831333026714,0.06467099812227874,0.04137725791782401,0.03963390045236935,0.017282471641719487,0.04590505629073466,0.03783335976959742,0.04046133745476666,0.03226040498597997,0.022838214497025486,0.03658967009613205,0.04560319080003762,0.013750617911807095,0.03704239050900569,0.021959035878733293,0.022911046528549278,0.03018435883900562,0.03782295220121339,0.023160757125374496,0.05683584939605949,0.018166773011649994,0.04215788468306782,0.03366529526503517,0.02550705484115976,0.018119956679774157,0.024627831099257123
hamburg,2021.1972602739727,0.014972955460375015,0.06759191045657721,0.05221861029559286,0.06255721380928397,0.06211468363600894,0.06334336493423982,0.0552481391938897,0.0400398112988978,0.03542926680690537,0.04788283906436989,0.04451024419894368,0.07500166294146135,0.05018861237137771,0.012325460624785496,0.043766012755767615,0.04405225435799227,0.018926243838959245,0.0699506278558274,0.11244669182011024,0.08596982634358367,0.028316508453141574,0.05483169864143239,0.08454268840612454,0.09193922925357989,0.07571509609970091,0.07738154744978096,0.05394677354070843,0.05075075770857362,0.06380152471385736,0.055820750399100824,0.04385969165213108,0.07024222066049794,0.056023768613225715,0.048871758660731866,0.06787307645034851,0.06696189587921807,0.05170329562506108,0.05935025685820077,0.06920082529481165,0.06875823857973187,0.046420313504227644,0.0621198898514465,0.04116909275958698,0.04965770291065087,0.07226779438012423,0.06494173532546214,0.0491996677314283,0.05351993269948451,0.07906367594136877,0.08880338417123257,0.07528807653701429,0.06533222415891268,0.05842360807708806,0.054555808612033296,0.04384407849101936,0.025491447189510977,0.07228341607788467,0.056429807419365687,0.02773899726122771,0.04753932402672352,0.04590505629073466,0.08516249897627355,0.030345652687833437,0.03764082009169099,0.03997736327011706,0.012195429970057726,0.026053325600267803,0.02063249272556671,0.022224348570298577,0.036600077417683057,0.045826987461351866,0.037734487954054215,0.03782295220121339,0.06178669311409217,0.0487104073373914,0.018166773011649994,0.02107467001655247,0.03366529526503517,0.008502695114267609,0.06344228545405513,0.01641899187425904
hamburg,2021.2164383561644,0.03494013595879937,0.08319892279338445,0.08357392365727528,0.06255721380928397,0.06729512577911685,0.07390809826909112,0.06630585575422379,0.08011568488388261,0.04724785850163257,0.05986044132553374,0.06996624885748641,0.06874782482003088,0.05646624695443742,0.049314176147994666,0.08131354276150345,0.06924768763812855,0.06312469918975974,0.10177513291597624,0.10619355960963502,0.06753463608866968,0.09634119130506676,0.08476665271767003,0.11746016257009484,0.07003393991888583,0.04780997204857335,0.08899611338163041,0.06165653871843941,0.07977716483245136,0.08153749316550117,0.06978400413015177,0.09113701832498285,0.06384838219158666,0.05272351952179698,0.0684302061509808,0.07126801548504154,0.05285885684858066,0.11455208220305182,0.048215946722602196,0.11153472987074696,0.04200696259464282,0.08901174010567586,0.07766276638162092,0.04116909275958698,0.0869334270288855,0.07652227680329424,0.07794398683432274,0.11187866792742236,0.05351993269948451,0.07441321814068014,0.03994613928385569,0.06692024229187675,0.053077479428229823,0.08571460536934276,0.09095469938534326,0.05847046070899056,0.08016255706469592,0.053249254957050386,0.07148671547581971,0.0435994729122561,0.07349150825264818,0.06427530782242645,0.06622254966392115,0.08095939060287294,0.05916284341302825,0.0685499637819632,0.06099535941945097,0.026053325600267803,0.05503471299413413,0.07411639452886187,0.05125044755453048,0.045826987461351866,0.037734487954054215,0.03782295220121339,0.015441092343604745,0.06495735482250264,0.02724993874489564,-0,0.025246927925235238,0.034013922064202035,0.07251253485083464,0.0222815730537926
hamburg,2021.2356164383561,0.03494013595879937,0.06759191045657721,0.07835019683989028,0.1095232589142147,0.13985991606646148,0.11090418267513058,0.12162452498952211,0.08583961140429322,0.11819502582285103,0.1317840497491918,0.09542951176340762,0.0937676913215179,0.06273943321055661,0.06781580177276138,0.050022051957037725,0.14489167415493318,0.03155277092323773,0.0826780927465368,0.10619355960963502,0.1105602510638016,0.08500103500690134,0.12470501265411225,0.10805378786657287,0.14016232922520777,0.12359476510224554,0.08512603932646533,0.08093855819806665,0.0725177421074043,0.06734719314386911,0.10820490176792602,0.1350736799210451,0.07663163773337119,0.11210275000640688,0.10757439494796003,0.09164751475671841,0.0951846634093395,0.10345284034855604,0.09647664220075904,0.142347055842656,0.09169960651113615,0.11613118093327075,0.08543855144006424,0.10710542789098677,0.07450695226483534,0.09779470202998607,0.07360607017446603,0.08500624351421981,0.07137215822308132,0.060453927514271324,0.07547554810833232,0.07110138753801085,0.0735019229623845,0.06621734303770525,0.06547280085679431,0.08041254274260168,0.0874542996989647,0.0760900429972465,0.09408546479141179,0.03963390045236935,0.04753932402672352,0.059683437984089836,0.07568905822109914,0.055643760807845416,0.06454083650710833,0.07426740983893598,0.042688717577295594,0.05212491633929076,0.061916847835518186,0.06670156150574652,0.05125044755453048,0.03818721833405045,0.07549117076978722,0.045389804182773726,0.06178669311409217,0.04059143881022278,0.05451937041569583,0.06324965093115235,0.058933783452878294,0.034013922064202035,0.05437361788567465,0.028144815266662404
hamburg,2021.2547945205479,0.07989174060313872,0.09361140999951133,0.09926388319002132,0.11474490687045519,0.10874683109445271,0.13205513660195325,0.11608948794122009,0.11448954462663567,0.08270934240224062,0.14977789899877889,0.12091046168615495,0.11254049452776418,0.08786058400362123,0.055482388470261386,0.031261394990446154,0.12596644943708685,0.08839188365332061,0.11451039047708433,0.13746674292631283,0.09826358512441119,0.14174220587241537,0.10972648690219917,0.08454268840612454,0.10947114930164314,0.11561523250946704,0.08512603932646533,0.10022773025837421,0.07977716483245136,0.09572645705890168,0.08375100833860846,0.12155155456709844,0.08621463131220183,0.09890439885766895,0.11084164948568857,0.09504400636562949,0.0951846634093395,0.12194768094825514,0.09276228969203958,0.09998285931032455,0.10699600285292445,0.08901174010567586,0.06600907841667729,0.11123248315344797,0.0869334270288855,0.08503228605862033,0.07794398683432274,0.08053232797249253,0.11156599687280658,0.11631358816654194,0.0799177805862344,0.1004100817134537,0.06941951659161984,0.10131142829781996,0.07639208551974996,0.07309575082831428,0.07287183677765864,0.0760900429972465,0.10915328179577273,0.07532973682778829,0.060516400138693235,0.0367197617652276,0.061489941567371684,0.050584195493633334,0.05378020108824925,0.03426368598426466,0.0548941645116886,0.0586422540538127,0.05503471299413413,0.007405327271815587,0.05125044755453048,0.015269441663739312,0.07549117076978722,0.05295775742552236,0.054056087002616514,0.032468534484154224,0.045426235982268075,0.06324965093115235,0.050511324692360714,0.05954287693627384,0.027182303354678642,0.028144815266662404
hamburg,2021.2739726027398,0.059907295252058936,0.051984375721374265,0.046992827507310285,0.07820958532501779,0.06211468363600894,0.052780777578602445,0.04419277353933138,0.09156937722293895,0.11819502582285103,0.13777956975891245,0.12091046168615495,0.13132007745358917,0.11298866535540934,0.12337063349569642,0.10009747961053914,0.11335866976349626,0.11999835129070395,0.12724876777889166,0.11870057607606871,0.09211634242508923,0.1530999597185817,0.12969881351219628,0.13627801812537751,0.12262006026642504,0.08768348532670313,0.0696382088081604,0.08093855819806665,0.1160790646984307,0.08508437118655493,0.07676703729878885,0.07762631198984751,0.1021971598143796,0.09230387467597795,0.09452305766594474,0.06447835904755217,0.08106876086502884,0.077569026568693,0.08533438052684968,0.09613801562306874,0.09169960651113615,0.08901174010567586,0.09321029008955385,0.05764273709357906,0.09936287206574562,0.09779470202998607,0.08661048859363366,0.05367088820630141,0.09816459834130081,0.0976852965829671,0.07103369508704686,0.050183407350351136,0.114385315499743,0.05063104106265907,0.06183354877627452,0.05847046070899056,0.03642315323459947,0.05705969440561281,0.07901680475106292,0.06342666641209678,0.07781899977869741,0.059683437984089836,0.05675776415430596,0.07589215401997285,0.06454083650710833,0.0628331462941315,0.07320510455231208,0.07168458768862301,0.04815348887414115,0.014816910769176628,0.029279041359514337,0.08404788695146485,0.052832830412224294,0.030251998134053146,0.03860872947250306,0.04059143881022278,0.009079992706433657,0.031615208835539886,0.03366529526503517,0.034013922064202035,0.009059189078280308,0.017589374530914144
hamburg,2021.2931506849316,0.044926602100198235,0.05718463157413378,0.04177277401429003,0.031266598117788875,0.05175534738011686,0.06862806673336797,0.060776703548349784,0.09729977446148004,0.1004465520812029,0.08382392573561398,0.11453644780189391,0.06249473873298298,0.1067042038771693,0.1110188270510799,0.13141391421311407,0.14489167415493318,0.10103008144393708,0.12724876777889166,0.14998128437239516,0.1105602510638016,0.11336388111198657,0.12470501265411225,0.13627801812537751,0.12262006026642504,0.09964941987351743,0.09287168478177314,0.07708470689386922,0.09066299041152816,0.07798564925295955,0.07327800716273258,0.07762631198984751,0.08621463131220183,0.11870578795994301,0.061911641640403275,0.06787307645034851,0.07048695159790687,0.11455208220305182,0.0779075322454004,0.09613801562306874,0.10699600285292445,0.046420313504227644,0.08932427557268986,0.06588412004443844,0.10765255653531702,0.10630819360054058,0.09527843498319087,0.09844071983816578,0.09369996935764799,0.060453927514271324,0.06659222145755128,0.050183407350351136,0.08167811367956153,0.08571460536934276,0.07639208551974996,0.06944034438214132,0.06557693198912652,0.08751159601119952,0.10161882752650747,0.05946478762943292,0.05619034825270808,0.059683437984089836,0.06622254966392115,0.07589215401997285,0.0806885699913786,0.03997736327011706,0.06099535941945097,0.05212491633929076,0.04815348887414115,0.05186986142465715,0.029279041359514337,0.045826987461351866,0.03018435883900562,0.03782295220121339,0.023160757125374496,0.01623173309372802,0.018166773011649994,0.031615208835539886,0.03366529526503517,0.02550705484115976,0.009059189078280308,0.01876498540697031
hamburg,2021.3123287671233,0.024955587324263617,0.051984375721374265,0.03654804083075729,0.04690955235147974,0.041403278621194514,0.03166203731896339,0.07736592422037898,0.08011568488388261,0.05906393103372852,0.10180118385989748,0.12091046168615495,0.05624240449948423,0.11298866535540934,0.07398620926872651,0.050022051957037725,0.11335866976349626,0.11999835129070395,0.06358285704276034,0.10619355960963502,0.1290107039038677,0.1360642590920621,0.06979962508175645,0.0798448686664354,0.11385375020229538,0.08768348532670313,0.073507130318032,0.06551445328470075,0.09066299041152816,0.07443925538044018,0.09423132867376563,0.0674929820425494,0.07024222066049794,0.09230387467597795,0.08474061030630313,0.0746631761805726,0.06343707910621249,0.055393894175165576,0.08162082379459776,0.10383319769708874,0.05729395184282767,0.050292712901256656,0.0621198898514465,0.07000790488484442,0.06622254966392115,0.051000602031338736,0.04761739542692194,0.09396564833699544,0.08923051473534678,0.0837197580569043,0.10213984731854842,0.0794751026470978,0.0735019229623845,0.08571460536934276,0.07275206919286502,0.09870121316041594,0.05828825626649333,0.053249254957050386,0.07148671547581971,0.05549800512620334,0.07781899977869741,0.06427530782242645,0.05202601734634378,0.06070381846229822,0.05916284341302825,0.051401396473187734,0.024388518335081114,0.06516040871092947,0.06879989363939092,0.03704239050900569,0.014640060685233372,0.045826987461351866,0.06794076478701136,0.03782295220121339,0.046331834629735294,0.024352101271867984,0.03633989500379043,0.031615208835539886,0.01682992322846593,0.034013922064202035,0.027182303354678642,0.0222815730537926
hamburg,2021.331506849315,0.039930527297750026,0.0467846398677903,0.046992827507310285,0.02605852820651066,0.046576453061768774,0.03166203731896339,0.06630585575422379,0.05148988397405265,0.09453347658879271,0.0718408031253306,0.1081684259584292,0.05624240449948423,0.04391173555637019,0.06164612638086032,0.06253638877551028,0.10074873611228352,0.10735554312837768,0.09540867356073006,0.08118854760656438,0.07367897334703796,0.11903934961463025,0.08975661939862567,0.08454268840612454,0.10070184537166257,0.10364041348780173,0.12773876769068176,0.08093855819806665,0.06526453921769663,0.04961606318218475,0.07676703729878885,0.060740260992557096,0.04468719589964194,0.06921123914523301,0.0684302061509808,0.09164751475671841,0.05638295662607967,0.044312475363688875,0.06305701712186924,0.06920082529481165,0.07258022922694818,0.04255340671710965,0.03493493246386896,0.07824604012570086,0.06207824014251769,0.09353847887664919,0.07360607017446603,0.06262489522664405,0.062447882475018396,0.06510313702109297,0.06214592093647032,0.06692024229187675,0.053077479428229823,0.05842360807708806,0.04000338327299791,0.04019072767806515,0.07651706914569108,0.026620412744845168,0.06019362572036922,0.02773899726122771,0.03889494268703751,0.05049570953394812,0.05675776415430596,0.04046133745476666,0.03226040498597997,0.0628331462941315,0.03049133788453498,0.03908748700863085,0.041267971105844625,-0,0.043927348737796176,0.022911046528549278,0.04528050893743188,0.01512379910698572,0.046331834629735294,0.024352101271867984,0.018166773011649994,0.052702698425861984,0.01682992322846593,0.01700678076022049,0.036241026027849385,0.015243434034403385
hamburg,2021.3506849315067,0.019961430843658905,0.06238540753007263,0.05221861029559286,0.03648039334560602,0.041403278621194514,0.04750289074674576,0.03866597198938124,0.05148988397405265,0.07679828340241564,0.11978987116096468,0.06359847613163315,0.031235379361559235,0.037635616326503654,0.04314669540901133,0.043766012755767615,0.05664844501283934,0.06944034438214132,0.05086006445207428,0.06869054917895673,0.09211634242508923,0.06798762599478211,0.09474706496722418,0.07044529518679374,0.048137874423750476,0.039836855479570076,0.05802275950749141,0.06165653871843941,0.08340725627278542,0.06025089200322708,0.041861245131797516,0.0674929820425494,0.05426950918577807,0.056023768613225715,0.052130121554653554,0.0746631761805726,0.07401745370143516,0.044312475363688875,0.05192711854149282,0.088438763294798,0.08404788695146485,0.06964862274617534,0.027166695200194997,0.04116909275958698,0.04965770291065087,0.046748207116564654,0.03895738941592654,0.026828519670183897,0.04013348348268534,0.055799928062980265,0.05770520634073556,0.07110138753801085,0.04082041798642933,0.062322932660192544,0.03272869752833626,0.06944034438214132,0.04370876462439663,0.04563962274903346,0.04890298800694941,0.0435994729122561,0.03024679510823622,0.022947462582570632,0.018910638162396836,0.050584195493633334,0.05916284341302825,0.04569166843473787,0.03049133788453498,0.032572599545633685,-0,0.014816910769176628,0.021959035878733293,-0,0.022635325804230225,0.01512379910698572,-0,0.01623173309372802,0.009079992706433657,0.052702698425861984,0.008414280733668927,0.01700678076022049,0.009059189078280308,0.01641899187425904
hamburg,2021.3698630136987,0.024955587324263617,0.036381524102531655,0.01565955766473659,0.02605852820651066,0.020694917526936325,0.005278267876625255,0.027619333582200315,0.02287983278826568,0.017714216902418683,0.017948297156832372,0.006354788285470629,0.031235379361559235,0.037635616326503654,0.018489286665460354,0.025007612311860886,0.05034996828152198,0.05049050448218209,0.057221071638160335,0.04994397694647196,0.04296974895042808,0.06231772642442061,0.02990339655519328,0.05165124392210303,0.061276489747583734,0.03187016442218581,0.046415108860386904,0.05008971706102237,0.04350059013253707,0.06734719314386911,0.04884052933326955,0.03373814246273667,0.03191699313520967,0.02635507762293479,0.029315461873366925,0.027140681619807493,0.03523153250576789,0.01845807557928742,0.048215946722602196,0.023056710897638263,0.061115099928952456,0.03868158359582761,0.0155243171196172,0.03293162560639593,0.037240131696213506,0.016996377359348447,0.02597008397112666,0.0357779054326154,0.022291977512103288,0.03254138000532251,0.04438533747864398,0.012538711602429472,0.024487364778082346,0.035049409472550266,0.018177176646680372,0.03287959269037175,0.025491447189510977,0.0304236982781644,0.01880139855757781,0.03170366267296771,0.012960014884929158,0.0367197617652276,0.018910638162396836,0.03540324909274682,0.016127700729256407,0.03426368598426466,0.0548941645116886,0.013027631779014988,0.03438856839416482,0.014816910769176628,-0,0.015269441663739312,0.015087388531530141,0.007561349723445207,0.023160757125374496,-0,0.02724993874489564,0.010536267359929925,0.01682992322846593,0.008502695114267609,0.009059189078280308,0.007036076001273164
hamburg,2021.3890410958904,0.014972955460375015,0.02078855486951126,0.010437447432891652,0.015633549840278968,0.0051742574235774715,0.010551870523468895,0.027619333582200315,0.02859746216291918,0.03542926680690537,0.05386869263718087,0.0317921166608589,0.04998561693752056,0.06273943321055661,0.049314176147994666,0.10009747961053914,0.037760506834652784,0.05049050448218209,0.031781710301532415,0.03120936374568795,0.01227344832387483,0.033982701658544,0.04485894371439514,0.0234728970577103,0.021875800803470166,0.043823260950158836,0.04254299820398647,0.02311393629713059,0.014494419891242694,0.017714216902418683,0.03836935235737405,0.030361261796526377,0.019144723802626776,0.03294723549135314,0.02605852820651066,0.027140681619807493,0.03170886584455822,0.02953918844667389,0.02224515746610213,0.0038429419984537592,0.011451660874139914,0.01933719500735183,0.0116441036060514,0.01646580667475668,0.01654903309082355,0.008497494264191401,0.030298825389861624,0.022354404305684895,0.02675568215158173,0.02788987794467474,0.008871956799435624,0.03344675428424764,0.04082041798642933,0.023363647868262456,0.029086533352894357,-0,0.021849789869776325,0.019014676094624178,0.01880139855757781,0.011888558914063657,0.012960014884929158,0.01835924059664533,0.014182333849122519,0.010114983714056279,0.00537707799972235,0.011420454011749976,0.024388518335081114,-0,-0,0.007405327271815587,0.021959035878733293,0.00763416036108147,0.007545747457218475,-0,0.007717372643216724,0.008117833613398493,0.009079992706433657,0.010536267359929925,0.008414280733668927,-0,-0,0.0035153188191119765
hamburg,2021.4082191780822,0.009979757588370606,0.005195059497544844,0.005221062101703512,0.020845777772977137,0.010349029762614797,0.01583120963236622,0.027619333582200315,0.011436057440606802,0.011805339956782778,0.005980343876362871,0.012715554539894168,0.01873897602928555,0.04391173555637019,0.018489286665460354,0.018754581654336435,0.031464317342481514,0.012616730471292277,0.012710353268446101,0.012481497839660073,0.01227344832387483,0.011326833536955195,0.009964154596493578,0.014083506992924363,0.008747135654730063,0.011945772024446666,0.011597293146249922,0.026963789618278017,0.018119956679774157,0.010629886411403843,0.006973667594864792,0.01686633502407105,0.015956047782908676,0.013178469782645783,0.009771718081667798,0.003390510531843826,0.021137095348754083,0.022151517500562122,0.007415728754027102,0.011524476959215213,0.00763416036108147,0.01933719500735183,0.019404820194351795,0.01646580667475668,0.012408680414448115,0.012746762179525249,0.004326579988220815,0.022354404305684895,0.004456590967648947,0.013943069151946876,0.013313704226862691,0.02090300073941348,0.012242240968300224,0.01557113111465948,0.003634927042177917,0.010957554418900645,0.003640127405946399,0.003801338940633584,0.015040574971984157,0.00792540393112291,-0,0.004586602272132791,0.004727014846080024,0.010114983714056279,-0,0.005709913479989479,0.018291616769384955,0.006510807585062592,-0,0.007405327271815587,-0,-0,-0,-0,0.015441092343604745,0.008117833613398493,-0,-0,0.008414280733668927,0.008502695114267609,0.018119956679774157,0.008206247489956096
hamburg,2021.427397260274,0.014972955460375015,0.010390638059310358,-0,0.020845777772977137,0.0051742574235774715,0.01583120963236622,0.01656983971564772,0.0400398112988978,0.011805339956782778,0.029919005531132456,0.012715554539894168,-0,0.018817004201356447,0.018489286665460354,0.012502302837021037,0.012585522909699205,0.012616730471292277,0.03814038397402376,-0,0.006136362052479218,0.033982701658544,0.024919169863908314,0.05165124392210303,0.01312645662852338,0.015930039810160994,0.011597293146249922,0.00770177033017048,0.010869135864267278,0.007082882355239951,0.010463452658639629,0.01686633502407105,0.012762366006361344,0.009880938718907498,0.009771718081667798,0.01017739589067374,0.02465904588882532,0.007384524313634336,0.007415728754027102,0.007686168021811396,0.003816940083414855,0.01546710007179904,0.019404820194351795,0.020580472114999304,0.020684513388169623,0.021246339860430657,0.008653519992832884,0.01788587565262237,0.013376120242808409,0.023243994257461535,0.017750629317229673,0.004180968077167981,0.012242240968300224,0.01557113111465948,0.003634927042177917,0.0036505281350378074,0.0072805096475691685,0.003801338940633584,0.007519743690575015,0.0039625509751080625,0.008643118263024918,0.009178810053818976,0.004727014846080024,0.005054645659759895,0.016127700729256407,-0,-0,0.013027631779014988,-0,-0,0.007316914757024442,-0,0.007545747457218475,-0,-0,-0,-0,-0,0.008414280733668927,-0,-0,0.0023452528858511536
hamburg,2021.4465753424658,0.0049922396313357474,0.01559193734820765,0.005221062101703512,0.010421844303680755,0.015519115567216623,0.010551870523468895,-0,0.011436057440606802,-0,0.005980343876362871,0.025429016629750174,0.01873897602928555,0.025085649890862198,0.04314669540901133,0.031261394990446154,-0,0.012616730471292277,0.02542381408648386,0.018723370408923815,0.01841125898514139,0.016991175659695823,0.01494694797932523,0.014083506992924363,0.004373383903372552,0.019914612895994433,0.003863743539848575,0.011555683884026953,0.021745746265098582,0.003541320583335314,0.0174385237319118,-0,0.009574081321230209,0.01976375535138826,0.0065160082364414396,0.01017739589067374,0.014088708401723202,0.01107197865395119,0.011123989753121252,0.023056710897638263,0.003816940083414855,0.01546710007179904,0.019404820194351795,-0,0.004134164335210349,0.004248573556591155,0.008653519992832884,0.013412529620047454,0.013376120242808409,0.009293230374865555,0.008871956799435624,-0,-0,0.011680511770580458,0.003634927042177917,-0,-0,0.007602955789610853,-0,0.0039625509751080625,-0,-0,0.009454459436405776,-0,0.010749511000238682,0.005709913479989479,-0,0.006510807585062592,0.006874854437892958,-0,-0,-0,0.007545747457218475,-0,-0,-0,0.009079992706433657,0.02107467001655247,-0,-0,-0,0.0011700131626993324
hamburg,2021.4657534246576,-0,0.005195059497544844,0.010437447432891652,-0,0.0051742574235774715,0.005278267876625255,0.011045973123877359,0.005720314623075404,-0,0.01196657680746688,0.01907189704608009,0.012491900337300056,0.006271578183767644,0.006162365127346456,-0,0.012585522909699205,-0,0.006354788285470629,0.006240374429955163,0.006136362052479218,0.005663108361845575,0.009964154596493578,0.01877538916167991,0.01312645662852338,0.015930039810160994,0.003863743539848575,0.01925916605470958,0.003624526316206946,0.017714216902418683,0.00348931706789617,0.010120184725916173,0.012762366006361344,0.009880938718907498,0.013027631779014988,0.003390510531843826,0.007046477409624154,0.007384524313634336,0.00370773218222291,-0,0.003816940083414855,0.0038689439265003588,0.00775897883421337,0.008232251599903536,0.008273858202872625,-0,0.008653519992832884,-0,0.0089187648059436,0.009293230374865555,0.004435789189096282,0.016720687994640968,0.004082160226884292,0.007784982720497809,0.003634927042177917,0.007306513294578523,-0,0.003801338940633584,0.007519743690575015,0.0039625509751080625,0.004321379555807597,0.013766222039876739,0.009454459436405776,-0,0.010749511000238682,-0,-0,0.006510807585062592,-0,0.007405327271815587,-0,-0,-0,-0,-0,0.008117833613398493,-0,-0,-0,-0,-0,0.0011700131626993324
hamburg,2021.4849315068493,0.0049922396313357474,-0,0.005221062101703512,0.005210661058478578,-0,0.005278267876625255,0.005522693260200158,0.005720314623075404,0.0059023349638452445,0.01196657680746688,0.012715554539894168,0.006245575054287377,-0,0.012325460624785496,-0,0.031464317342481514,0.006307982586878362,0.006354788285470629,0.012481497839660073,0.01227344832387483,-0,-0,0.004695812019103001,0.004373383903372552,0.003983352564350079,0.007732974960938583,0.02311393629713059,0.018119956679774157,0.017714216902418683,-0,-0,0.003192898022971868,0.016471008321855496,0.013027631779014988,0.003390510531843826,0.017615383333597048,-0,0.011123989753121252,0.007686168021811396,-0,0.0038689439265003588,0.00775897883421337,0.008232251599903536,-0,-0,0.004326579988220815,0.008939568377917506,-0,0.004649007813746687,-0,0.004180968077167981,0.004082160226884292,-0,-0,-0,0.0072805096475691685,0.003801338940633584,-0,-0,-0,0.009178810053818976,0.004727014846080024,0.005054645659759895,-0,-0,-0,0.006510807585062592,-0,-0,-0,-0,0.015087388531530141,-0,-0,-0,-0,-0,-0,-0,0.009059189078280308,0.0011700131626993324
hamburg,2021.504109589041,0.009979757588370606,-0,-0,0.005210661058478578,-0,0.005278267876625255,-0,-0,-0,-0,0.01907189704608009,0.006245575054287377,0.01254391285671498,0.006162365127346456,0.00625077567914549,0.0062923806967118065,0.018926243838959245,0.02542381408648386,0.037453484873130424,-0,0.033982701658544,0.024919169863908314,0.03286398282571445,0.004373383903372552,0.015930039810160994,0.003863743539848575,0.00770177033017048,0.02537178868248336,0.014171931013309177,0.00348931706789617,0.010120184725916173,0.012762366006361344,0.006588817410399463,0.0032553018920135506,0.01017739589067374,0.007046477409624154,0.01107197865395119,0.014832515217222104,0.007686168021811396,-0,0.0038689439265003588,0.0038793447013583844,0.00411336268563894,-0,-0,-0,0.008939568377917506,-0,0.004649007813746687,0.008871956799435624,0.012538711602429472,-0,-0,-0,0.0036505281350378074,-0,-0,0.003759735916092501,-0,-0,0.004586602272132791,-0,-0,0.010749511000238682,-0,-0,-0,0.006874854437892958,-0,-0,-0,0.007545747457218475,0.007561349723445207,0.015441092343604745,-0,-0,-0,-0,-0,-0,-0
hamburg,2021.5232876712328,0.0049922396313357474,-0,-0,0.005210661058478578,0.015519115567216623,-0,0.005522693260200158,-0,0.0059023349638452445,0.01196657680746688,0.006354788285470629,0.006245575054287377,0.006271578183767644,0.006162365127346456,0.00625077567914549,-0,0.006307982586878362,0.019066695138797746,0.024965992317620228,0.04296974895042808,0.005663108361845575,0.009964154596493578,0.028165626531800828,0.039384110737078704,0.015930039810160994,0.019331993073529896,0.01540988308693832,0.0072493052883192835,0.014171931013309177,0.010463452658639629,0.013490549799966361,0.009574081321230209,0.01976375535138826,0.009771718081667798,0.01017739589067374,-0,0.01107197865395119,0.007415728754027102,-0,0.011451660874139914,0.007732974960938583,0.00775897883421337,0.012346265559716659,-0,-0,0.008653519992832884,0.004472192307027267,0.004456590967648947,0.004649007813746687,0.008871956799435624,-0,-0,-0,-0,0.0036505281350378074,0.003640127405946399,-0,-0,0.0039625509751080625,0.004321379555807597,0.004586602272132791,0.004727014846080024,-0,-0,-0,-0,-0,-0,-0,-0,-0,-0,-0,-0,0.008117833613398493,-0,-0,-0,-0,-0,-0
hamburg,2021.5424657534247,-0,-0,0.005221062101703512,0.005210661058478578,0.0051742574235774715,-0,0.005522693260200158,0.005720314623075404,-0,0.01196657680746688,0.012715554539894168,0.012491900337300056,0.006271578183767644,0.018489286665460354,0.012502302837021037,0.018874224935293928,0.012616730471292277,0.02542381408648386,0.024965992317620228,0.0552481391938897,0.06231772642442061,0.0398732833888109,0.04225676490953954,0.021875800803470166,0.015930039810160994,0.02320237567476316,0.03081913106945035,0.014494419891242694,0.02479951267375945,0.010463452658639629,0.01686633502407105,0.015956047782908676,0.009880938718907498,0.0032553018920135506,0.027140681619807493,0.0035205191709188123,-0,0.011123989753121252,0.015368270773853679,0.011451660874139914,0.0038689439265003588,0.00775897883421337,0.012346265559716659,0.012408680414448115,0.004248573556591155,-0,0.013412529620047454,-0,0.009293230374865555,0.004435789189096282,0.004180968077167981,0.004082160226884292,-0,0.003634927042177917,0.0036505281350378074,0.010926347853038289,-0,0.007519743690575015,-0,-0,0.009178810053818976,-0,-0,-0,0.011420454011749976,-0,0.013027631779014988,-0,0.007405327271815587,-0,-0,-0,-0,-0,0.008117833613398493,-0,-0,-0,-0,-0,0.0011700131626993324
hamburg,2021.5616438356165,0.0049922396313357474,0.005195059497544844,0.005221062101703512,0.020845777772977137,-0,0.01583120963236622,0.011045973123877359,0.017157630306755607,0.023618563000681193,0.01196657680746688,-0,0.012491900337300056,0.006271578183767644,0.049314176147994666,0.03751592987099191,0.05034996828152198,0.018926243838959245,0.03814038397402376,0.09368955060180342,0.04911118412768986,0.04531694066035277,0.024919169863908314,0.028165626531800828,0.048137874423750476,0.043823260950158836,0.01546710007179904,0.03852546774225384,0.0072493052883192835,0.04607160351848892,0.027900283525187867,0.030361261796526377,0.025533067604319865,0.016471008321855496,0.019545272786826284,0.01356857009694599,0.007046477409624154,0.014764895976167997,0.01854130518405447,0.023056710897638263,0.015269441663739312,0.0038689439265003588,0.023285612873469672,0.012346265559716659,0.01654903309082355,0.012746762179525249,0.02163650070423713,0.022354404305684895,-0,0.013943069151946876,0.008871956799435624,0.012538711602429472,-0,0.011680511770580458,0.014541232959114825,0.007306513294578523,0.014567240237249476,-0,0.007519743690575015,0.0039625509751080625,0.008643118263024918,0.004586602272132791,0.009454459436405776,-0,0.00537707799972235,0.005709913479989479,0.012195429970057726,-0,-0,0.007405327271815587,-0,-0,-0,0.01512379910698572,-0,-0,-0,-0,-0,-0,-0,0.0035153188191119765
hamburg,2021.5808219178082,0.014972955460375015,0.025985691766443362,-0,0.010421844303680755,0.0051742574235774715,0.02638629344935969,0.011045973123877359,0.02859746216291918,0.017714216902418683,0.023935908074983355,0.06359847613163315,0.01873897602928555,0.06901858325003735,0.030813927986886827,0.03751592987099191,0.025168890104205904,0.05049050448218209,0.06358285704276034,0.037453484873130424,0.10441155461335429,0.022650932598651512,0.0598239994118628,0.06104742047666037,0.04376080837758144,0.03187016442218581,0.03093880211216547,0.03081913106945035,0.014494419891242694,0.03543447035130267,0.0174385237319118,0.020237137390453824,0.019144723802626776,0.029653653577336573,0.0065160082364414396,0.027140681619807493,0.014088708401723202,0.014764895976167997,0.014832515217222104,0.026901357290817052,0.022911046528549278,0.030944005207223825,0.0155243171196172,0.020580472114999304,0.012408680414448115,0.012746762179525249,0.004326579988220815,0.013412529620047454,0.017833857789692514,0.018593323754685687,0.017750629317229673,0.016720687994640968,0.004082160226884292,-0,0.01090554348620109,0.021917418324447695,0.0072805096475691685,0.003801338940633584,0.011280023362759599,0.00792540393112291,0.004321379555807597,0.009178810053818976,0.014182333849122519,-0,0.016127700729256407,0.005709913479989479,-0,-0,-0,0.007405327271815587,0.007316914757024442,0.00763416036108147,0.007545747457218475,-0,0.007717372643216724,-0,-0,0.010536267359929925,-0,-0,0.018119956679774157,0.007036076001273164
hamburg,2021.6,0.019961430843658905,0.025985691766443362,0.01565955766473659,0.02605852820651066,0.031048067217778943,0.005278267876625255,0.03866597198938124,0.02287983278826568,0.05906393103372852,0.09580981042909949,0.06996624885748641,0.11254049452776418,0.10042050181591566,0.10484402389824087,0.05627884390323163,0.11966478348432806,0.10735554312837768,0.10814237182444868,0.07493917291207998,0.09826358512441119,0.07932928015113494,0.06481157303260637,0.05165124392210303,0.06565503047522177,0.06774290681979354,0.06576436855281335,0.03852546774225384,0.05075075770857362,0.03189097717832465,0.031391473330127144,0.030361261796526377,0.03191699313520967,0.03294723549135314,0.022801798519511415,0.040711132344735924,0.04933499588719,0.02584522177727002,0.03337390749475842,0.023056710897638263,0.04200696259464282,0.03481004874182383,0.023285612873469672,0.037052797921164934,0.04551991786960274,0.012746762179525249,0.043287212143289566,0.0357779054326154,0.031214566867818642,0.02788987794467474,0.03994613928385569,0.02090300073941348,0.020408804469361337,0.02725514147086117,0.007270108192405292,0.007306513294578523,0.010926347853038289,0.007602955789610853,0.007519743690575015,0.03170366267296771,0.008643118263024918,0.009178810053818976,0.009454459436405776,0.010114983714056279,-0,0.017126420019844144,0.018291616769384955,0.006510807585062592,-0,0.022224348570298577,-0,-0,-0,0.007561349723445207,0.007717372643216724,0.008117833613398493,-0,-0,-0,-0,0.009059189078280308,0.010551870523468895
hamburg,2021.6191780821919,0.014972955460375015,0.01559193734820765,0.03132383255288551,0.020845777772977137,0.041403278621194514,0.04750289074674576,0.06630585575422379,0.1030255929460548,0.09453347658879271,0.155780709751473,0.09542951176340762,0.10002453939026333,0.11927388643422826,0.08632922126796908,0.14394785652389747,0.1512016133196954,0.12632090825535763,0.07631397090608369,0.11870057607606871,0.07982403670812757,0.056653650681028414,0.08975661939862567,0.04225676490953954,0.048137874423750476,0.055779105735197586,0.050282302838890076,0.08093855819806665,0.036246229653478575,0.06734719314386911,0.05232792012463811,0.040487357699816186,0.03191699313520967,0.049428684816718846,0.06517082175222269,0.040711132344735924,0.07048695159790687,0.044312475363688875,0.03337390749475842,0.046123649636549864,0.04200696259464282,0.05803317111956267,0.04269912611958655,0.020580472114999304,0.057939466685974474,0.06375987365799766,0.04761739542692194,0.0491996677314283,0.04459871997402092,0.046493178572735924,0.031063676537320735,0.054363207006305404,0.028571447866759088,0.03894177772667087,0.018177176646680372,0.02922701209825631,0.03642315323459947,0.01140485058758098,0.026323861815248883,0.015852015969977255,0.017282471641719487,0.01835924059664533,0.02363937245441662,-0,0.00537707799972235,-0,-0,0.032572599545633685,0.027510075680981037,0.007405327271815587,0.014640060685233372,-0,0.007545747457218475,0.01512379910698572,-0,-0,0.009079992706433657,0.02107467001655247,0.008414280733668927,-0,0.009059189078280308,0.009381646249935602
hamburg,2021.6383561643836,0.024955587324263617,0.031183348142826493,0.03654804083075729,0.020845777772977137,0.020694917526936325,0.05806440596828428,0.07736592422037898,0.08583961140429322,0.08862107341342781,0.08382392573561398,0.08906382921972791,0.15010644499770273,0.13184660812824187,0.12954763713593534,0.10636030004357815,0.14489167415493318,0.10735554312837768,0.05086006445207428,0.11244669182011024,0.04296974895042808,0.07932928015113494,0.12470501265411225,0.046951189912724935,0.07879286520271885,0.07571509609970091,0.05802275950749141,0.08479790362852982,0.05800714209329616,0.04252218118399032,0.05232792012463811,0.04385969165213108,0.03191699313520967,0.06921123914523301,0.042350441087009784,0.05089650008429897,0.042282786053017545,0.048007754186143996,0.040794397574719504,0.023056710897638263,0.02672966877680145,0.06190643544581538,0.03881688438138674,0.028815982764439984,0.037240131696213506,0.033993108458347285,0.043287212143289566,0.05367088820630141,0.031214566867818642,0.02788987794467474,0.017750629317229673,0.04599873904071044,0.04490578412595868,0.023363647868262456,0.02544982680800896,0.021917418324447695,0.021849789869776325,0.019014676094624178,0.02256249415888399,0.02377463410667591,0.021605287729002425,0.013766222039876739,0.009454459436405776,0.010114983714056279,0.021506446764364646,0.017126420019844144,0.006094757159748407,-0,0.02063249272556671,-0,0.014640060685233372,0.015269441663739312,0.015087388531530141,-0,0.015441092343604745,0.008117833613398493,0.009079992706433657,-0,-0,0.008502695114267609,-0,0.01641899187425904
hamburg,2021.6575342465753,0.049917951969001964,0.0467846398677903,0.05221861029559286,0.057340803456906786,0.03622541515409771,0.06334336493423982,0.11608948794122009,0.08011568488388261,0.1122799318687561,0.12578400834012213,0.12728004423105221,0.15010644499770273,0.08786058400362123,0.16661985912573993,0.19411385911369014,0.13227409239934443,0.1769342755892203,0.12724876777889166,0.13746674292631283,0.06753463608866968,0.07365814385873078,0.07977716483245136,0.06574354223459442,0.05251530893761165,0.055779105735197586,0.08512603932646533,0.07708470689386922,0.09066299041152816,0.07443925538044018,0.041861245131797516,0.0674929820425494,0.05107347351826374,0.05931902123709756,0.03583514483335566,0.05089650008429897,0.06343707910621249,0.0406174591203795,0.03708402017014045,0.03843179845508518,0.03818721833405045,0.05803317111956267,0.04269912611958655,0.07000790488484442,0.04965770291065087,0.046748207116564654,0.04761739542692194,0.0491996677314283,0.035673833956322454,0.03254138000532251,0.013313704226862691,0.025085649890862198,0.020408804469361337,0.007784982720497809,0.03272869752833626,0.02556948549461241,0.01820838756426024,0.015207023375178961,-0,0.011888558914063657,0.017282471641719487,0.01835924059664533,0.009454459436405776,0.01517061274145522,-0,0.022838214497025486,0.024388518335081114,-0,0.02063249272556671,0.007405327271815587,0.007316914757024442,-0,0.03018435883900562,0.007561349723445207,0.007717372643216724,0.01623173309372802,0.009079992706433657,-0,0.008414280733668927,0.01700678076022049,0.009059189078280308,0.0222815730537926
hamburg,2021.676712328767,0.029945020501444982,0.041585423909386174,0.03132383255288551,0.06777414750141005,0.020694917526936325,0.08447497845532187,0.10502118102930084,0.09729977446148004,0.07679828340241564,0.06584767390909986,0.13365040709426582,0.12505946287385436,0.2073364010107012,0.1110188270510799,0.11888820422474097,0.09445012526446099,0.12632090825535763,0.1208791890648729,0.1562396847027333,0.08596982634358367,0.08500103500690134,0.03488810103295564,0.06574354223459442,0.061276489747583734,0.10364041348780173,0.046415108860386904,0.08093855819806665,0.05800714209329616,0.04961606318218475,0.04884052933326955,0.05736162641004863,0.04468719589964194,0.05931902123709756,0.061911641640403275,0.054290330909082585,0.05638295662607967,0.0406174591203795,0.03337390749475842,0.06920082529481165,0.022911046528549278,0.06190643544581538,0.04269912611958655,0.04528571346771252,0.02482552508297713,0.038244460386929136,0.043287212143289566,0.05367088820630141,0.062447882475018396,0.023243994257461535,0.03994613928385569,0.041814407462603606,0.024487364778082346,0.04283964164442654,0.03272869752833626,0.03653242986483672,0.03642315323459947,0.019014676094624178,0.04137725791782401,0.011888558914063657,0.04321955589049912,0.0367197617652276,0.033103334598675205,0.01517061274145522,0.021506446764364646,0.011420454011749976,0.012195429970057726,0.013027631779014988,0.006874854437892958,0.014816910769176628,0.007316914757024442,0.00763416036108147,0.007545747457218475,0.01512379910698572,-0,0.024352101271867984,0.018166773011649994,0.010536267359929925,0.01682992322846593,0.008502695114267609,0.018119956679774157,0.01641899187425904
hamburg,2021.695890410959,0.019961430843658905,0.041585423909386174,0.01565955766473659,0.03648039334560602,0.041403278621194514,0.10561518287323785,0.09395522952791913,0.05148988397405265,0.09453347658879271,0.0718408031253306,0.12091046168615495,0.13132007745358917,0.08786058400362123,0.13572016103053175,0.07505373802331586,0.15750710248200606,0.07575675673258721,0.1208791890648729,0.0874386734429447,0.06753463608866968,0.07932928015113494,0.06481157303260637,0.05165124392210303,0.056893111981200686,0.05976673359912875,0.05415498985663954,0.04238166651699509,0.05437882332613802,0.0531607644622462,0.06280190858083935,0.05061022080454732,0.06384838219158666,0.0461288542512245,0.048871758660731866,0.033925464296857395,0.04933499588719,0.0406174591203795,0.048215946722602196,0.03843179845508518,0.04200696259464282,0.03868158359582761,0.03493493246386896,0.04528571346771252,0.05379581723299806,0.033993108458347285,0.03895738941592654,0.05367088820630141,0.04013348348268534,0.03719329818918244,0.0488249146765687,0.04599873904071044,0.024487364778082346,0.04283964164442654,0.03272869752833626,0.01826560762847452,0.021849789869776325,0.04563962274903346,0.030090704575728534,0.02377463410667591,0.021605287729002425,0.022947462582570632,0.014182333849122519,0.010114983714056279,0.010749511000238682,0.011420454011749976,0.012195429970057726,0.026053325600267803,0.02063249272556671,0.014816910769176628,0.021959035878733293,0.00763416036108147,-0,0.01512379910698572,-0,0.024352101271867984,0.009079992706433657,0.031615208835539886,0.008414280733668927,0.008502695114267609,0.018119956679774157,0.017589374530914144
hamburg,2021.7150684931507,0.024955587324263617,0.025985691766443362,0.02088219238070096,0.03648039334560602,0.031048067217778943,0.04222033533054472,0.07736592422037898,0.05148988397405265,0.08862107341342781,0.08981391824773975,0.07632959381942711,0.1187996019590591,0.14441715596713092,0.12337063349569642,0.09383541337359108,0.10074873611228352,0.06312469918975974,0.057221071638160335,0.08118854760656438,0.030689054161477596,0.07365814385873078,0.02990339655519328,0.03286398282571445,0.026251025003527908,0.05976673359912875,0.0386763797264933,0.05394677354070843,0.036246229653478575,0.03897820500888205,0.034882897543232226,0.04385969165213108,0.035106648071403936,0.036241026027849385,0.052130121554653554,0.027140681619807493,0.017615383333597048,0.03322821422192664,0.01854130518405447,0.026901357290817052,0.045826987461351866,0.050292712901256656,0.03881688438138674,0.03293162560639593,0.06207824014251769,0.025496649739538132,0.012980820073743847,0.03130302002374237,0.02675568215158173,0.03719329818918244,0.02218793302268236,0.04599873904071044,0.028571447866759088,0.01557113111465948,0.018177176646680372,0.01826560762847452,0.014567240237249476,0.0304236982781644,0.02256249415888399,0.015852015969977255,0.017282471641719487,0.013766222039876739,0.03783335976959742,0.005054645659759895,0.00537707799972235,0.011420454011749976,0.006094757159748407,0.026053325600267803,0.013750617911807095,0.014816910769176628,0.029279041359514337,0.015269441663739312,0.022635325804230225,0.03782295220121339,-0,0.008117833613398493,0.018166773011649994,-0,0.025246927925235238,0.034013922064202035,0.009059189078280308,0.01641899187425904
hamburg,2021.7342465753425,0.029945020501444982,0.031183348142826493,0.04177277401429003,0.020845777772977137,0.041403278621194514,0.04750289074674576,0.07183559593654887,0.057210660188689054,0.09453347658879271,0.09580981042909949,0.06996624885748641,0.04373478649448098,0.1381288952794154,0.0801573490425217,0.09383541337359108,0.14489167415493318,0.06312469918975974,0.031781710301532415,0.04369835588001018,0.04911118412768986,0.028316508453141574,0.05483169864143239,0.01877538916167991,0.03500257793853837,0.04780997204857335,0.0386763797264933,0.05008971706102237,0.05437882332613802,0.04607160351848892,0.041861245131797516,0.040487357699816186,0.03191699313520967,0.0461288542512245,0.07169500203647033,0.020351582046756276,0.05285885684858066,0.03692270541889027,0.040794397574719504,0.023056710897638263,0.030548571466337864,0.03868158359582761,0.023285612873469672,0.024695463167001108,0.04137725791782401,0.016996377359348447,0.04761739542692194,0.0357779054326154,0.035673833956322454,0.02788987794467474,0.03550211647581174,0.041814407462603606,0.03674057646248593,0.023363647868262456,0.029086533352894357,0.021917418324447695,0.014567240237249476,0.026620412744845168,0.01880139855757781,0.00792540393112291,0.025928463206526003,0.004586602272132791,0.009454459436405776,0.010114983714056279,0.04302179196398028,0.022838214497025486,0.012195429970057726,-0,0.027510075680981037,-0,0.014640060685233372,0.00763416036108147,-0,0.022687348470507424,0.007717372643216724,0.01623173309372802,0.009079992706433657,-0,-0,0.01700678076022049,-0,0.015243434034403385
hamburg,2021.7534246575342,0.029945020501444982,0.0467846398677903,0.04177277401429003,0.02605852820651066,0.05175534738011686,0.07390809826909112,0.08289684073083105,0.09156937722293895,0.06497297432422909,0.05986044132553374,0.13365040709426582,0.15010644499770273,0.12555986729726773,0.10484402389824087,0.05627884390323163,0.06924768763812855,0.08839188365332061,0.031781710301532415,0.06869054917895673,0.04911118412768986,0.028316508453141574,0.0398732833888109,0.03286398282571445,0.07003393991888583,0.07173145227035833,0.04254299820398647,0.03081913106945035,0.06526453921769663,0.08153749316550117,0.024414530538704307,0.09113701832498285,0.03191699313520967,0.03294723549135314,0.05865266578992195,0.04750289074674576,0.05638295662607967,0.03692270541889027,0.04450503974627693,0.05765835439833115,0.02672966877680145,0.046420313504227644,0.031053270323770327,0.04940786504001814,0.037240131696213506,0.05950643524515318,0.034627927184788056,0.044723627206883984,0.04013348348268534,0.023243994257461535,0.06214592093647032,0.025085649890862198,0.03674057646248593,0.01557113111465948,0.03636591318659535,0.02556948549461241,0.014567240237249476,0.03803110396466461,0.01880139855757781,0.00792540393112291,0.03024679510823622,0.004586602272132791,0.014182333849122519,0.005054645659759895,0.010749511000238682,0.005709913479989479,0.006094757159748407,0.013027631779014988,0.03438856839416482,-0,0.007316914757024442,0.030548571466337864,0.015087388531530141,0.007561349723445207,0.007717372643216724,0.01623173309372802,0.018166773011649994,0.04215788468306782,0.01682992322846593,0.01700678076022049,0.009059189078280308,0.01641899187425904
hamburg,2021.772602739726,0.014972955460375015,0.02078855486951126,0.04177277401429003,0.005210661058478578,0.020694917526936325,0.03166203731896339,0.03866597198938124,0.057210660188689054,0.053155559143714726,0.04189247026803308,0.10180118385989748,0.024986802310579447,0.06273943321055661,0.055482388470261386,0.025007612311860886,0.037760506834652784,0.03786458248724768,0.031781710301532415,0.024965992317620228,0.0552481391938897,0.05098498672599386,0.0598239994118628,0.046951189912724935,0.048137874423750476,0.0836937161698274,0.061896023058197525,0.06165653871843941,0.04350059013253707,0.04252218118399032,0.059308609367566,0.05061022080454732,0.041491749110056195,0.036241026027849385,0.039092690919112424,0.037318187635001415,0.038759641698381385,0.048007754186143996,0.03337390749475842,0.05381663876662873,0.04964729297540838,0.03868158359582761,0.03881688438138674,0.008232251599903536,0.02482552508297713,0.05525334472190322,0.034627927184788056,0.0402479719364623,0.017833857789692514,0.041845632570713935,0.026625615407831257,0.012538711602429472,0.020408804469361337,0.023363647868262456,0.02544982680800896,0.0036505281350378074,0.01820838756426024,0.007602955789610853,0.011280023362759599,0.011888558914063657,0.017282471641719487,0.013766222039876739,0.014182333849122519,0.010114983714056279,0.03226040498597997,0.017126420019844144,0.03049133788453498,0.013027631779014988,0.02063249272556671,0.014816910769176628,-0,0.022911046528549278,-0,0.01512379910698572,0.015441092343604745,-0,0.009079992706433657,0.010536267359929925,-0,0.008502695114267609,-0,0.015243434034403385
hamburg,2021.7917808219179,0.024955587324263617,0.010390638059310358,0.01565955766473659,0.02605852820651066,0.031048067217778943,0.0369435201973836,0.01656983971564772,0.02859746216291918,0.06497297432422909,0.029919005531132456,0.05087567971989995,0.06874782482003088,0.05018861237137771,0.09866995389284372,0.06879468675510582,0.08814706843446984,0.05680461528528622,0.04449983529412531,0.024965992317620228,0.07367897334703796,0.056653650681028414,0.06979962508175645,0.06574354223459442,0.04376080837758144,0.04780997204857335,0.073507130318032,0.026963789618278017,0.04712814991996296,0.04607160351848892,0.04534816787174568,0.023613360638545626,0.028722330965627346,0.049428684816718846,0.03257780280417161,0.04750289074674576,0.03170886584455822,0.022151517500562122,0.040794397574719504,0.026901357290817052,0.04200696259464282,0.03481004874182383,0.05046968428033964,0.024695463167001108,0.037240131696213506,0.038244460386929136,0.05627884390323163,0.01788587565262237,0.05351993269948451,0.03719329818918244,0.04438533747864398,0.037630412561842845,0.028571447866759088,0.031152129436576814,0.04364110782313006,0.02556948549461241,0.029133359559179166,0.022817405363896353,0.04137725791782401,0.015852015969977255,0.025928463206526003,0.022947462582570632,0.014182333849122519,0.04046133745476666,0.00537707799972235,0.017126420019844144,0.024388518335081114,0.006510807585062592,0.006874854437892958,0.007405327271815587,0.014640060685233372,0.00763416036108147,0.015087388531530141,0.007561349723445207,-0,0.01623173309372802,0.009079992706433657,0.010536267359929925,0.008414280733668927,0.008502695114267609,0.009059189078280308,0.024627831099257123
hamburg,2021.8109589041096,0.024955587324263617,0.031183348142826493,0.03654804083075729,0.04169471138854916,0.046576453061768774,0.04222033533054472,0.12162452498952211,0.13167978595135388,0.14778580739361144,0.08382392573561398,0.19741787444801798,0.143843568333916,0.13184660812824187,0.13572016103053175,0.11888820422474097,0.10705332070128533,0.0947105985966024,0.0826780927465368,0.07493917291207998,0.04911118412768986,0.10768903198295486,0.07478815565109591,0.0798448686664354,0.05251530893761165,0.0836937161698274,0.05415498985663954,0.05008971706102237,0.08340725627278542,0.06734719314386911,0.05232792012463811,0.05398841673719735,0.05426950918577807,0.042834437358960406,0.048871758660731866,0.07126801548504154,0.06343707910621249,0.06278628973123314,0.08533438052684968,0.04227758182328256,0.05346787917805228,0.03481004874182383,0.04269912611958655,0.04940786504001814,0.06207824014251769,0.07226779438012423,0.02597008397112666,0.06709727026851031,0.05798111308005291,0.060453927514271324,0.026625615407831257,0.050183407350351136,0.04082041798642933,0.05063104106265907,0.04364110782313006,0.04019072767806515,0.03642315323459947,0.04183522419926048,0.026323861815248883,0.0356686303879782,0.034570689112885765,0.04590505629073466,0.04729470106512635,0.025283345615132038,0.021506446764364646,0.04569166843473787,0.03049133788453498,0.032572599545633685,0.027510075680981037,0.03704239050900569,0.021959035878733293,0.022911046528549278,0.07549117076978722,0.01512379910698572,0.046331834629735294,0.07308533619992695,0.018166773011649994,0.031615208835539886,-0,0.008502695114267609,0.009059189078280308,0.05279118814115951
hamburg,2021.8301369863013,0.029945020501444982,0.051984375721374265,0.03654804083075729,0.07299160463830433,0.08283434121284676,0.06334336493423982,0.19917174987343858,0.14315005719056703,0.14778580739361144,0.14977789899877889,0.1400267644882791,0.15637007605281278,0.13184660812824187,0.1418986319143879,0.12514807580630002,0.13227409239934443,0.08839188365332061,0.10177513291597624,0.08118854760656438,0.07367897334703796,0.07365814385873078,0.0398732833888109,0.0751422657821507,0.07879286520271885,0.06774290681979354,0.08512603932646533,0.0732259338591474,0.08703760114550706,0.03897820500888205,0.05232792012463811,0.0674929820425494,0.05107347351826374,0.06261448269516212,0.052130121554653554,0.08145937082200577,0.03523153250576789,0.06278628973123314,0.05563855524075443,0.04227758182328256,0.07640250081043853,0.07351754503089716,0.06989335088990568,0.05352513805449651,0.037240131696213506,0.07226779438012423,0.06061010921606201,0.05367088820630141,0.07584007809849119,0.06975796922124632,0.05770520634073556,0.06273422693308452,0.0775898576236303,0.05063104106265907,0.050917320457034294,0.06577998829695428,0.03642315323459947,0.03803110396466461,0.02256249415888399,0.0356686303879782,0.025928463206526003,0.059683437984089836,0.05675776415430596,0.030345652687833437,0.03764082009169099,0.03426368598426466,0.0548941645116886,0.03908748700863085,0.04815348887414115,0.04445819969569323,0.021959035878733293,0.061115099928952456,0.037734487954054215,0.030251998134053146,0.030881568100855482,0.024352101271867984,0.045426235982268075,0.04215788468306782,0.025246927925235238,0.02550705484115976,0.036241026027849385,0.0551388232260507
hamburg,2021.849315068493,0.019961430843658905,0.05718463157413378,0.05221861029559286,0.06777414750141005,0.05175534738011686,0.10561518287323785,0.12162452498952211,0.16035499339140477,0.24258857895674188,0.1977989197337384,0.19741787444801798,0.24414544829115223,0.21362781550175047,0.12954763713593534,0.12514807580630002,0.13858250057673263,0.11999835129070395,0.08904299356784338,0.07493917291207998,0.07367897334703796,0.06798762599478211,0.08476665271767003,0.13157552236257783,0.048137874423750476,0.08768348532670313,0.08125104514647673,0.09251224463684395,0.10155630550227096,0.08153749316550117,0.06629544248563665,0.08775640823826689,0.07343422738638068,0.0791053392571109,0.0782147931521246,0.08825124498246299,0.0951846634093395,0.08866274438743194,0.08533438052684968,0.06535305031239681,0.1146458887086903,0.1122590869124382,0.08543855144006424,0.09885750978014546,0.06622254966392115,0.08503228605862033,0.0909442811795283,0.05814769898993326,0.1070950064488693,0.07441321814068014,0.07547554810833232,0.0794751026470978,0.0857666911807185,0.07011725211541753,0.06183354877627452,0.07675141425401331,0.0473519531444791,0.03422726200453944,0.03385261683673502,0.05153152520303465,0.0648428119531784,0.03213032447265111,0.07568905822109914,0.03540324909274682,0.04302179196398028,0.02855063643920362,0.0548941645116886,0.06516040871092947,0.03438856839416482,0.05928257970286076,0.029279041359514337,0.022911046528549278,0.03018435883900562,0.022687348470507424,0.03860872947250306,0.0487104073373914,0.03633989500379043,0.052702698425861984,0.058933783452878294,0.05954287693627384,0.05437361788567465,0.051614807761036816
hamburg,2021.868493150685,0.029945020501444982,0.06759191045657721,0.07835019683989028,0.057340803456906786,0.06729512577911685,0.17438287136065903,0.21579996606567747,0.21774244678570134,0.32568498470359364,0.37224519645775106,0.34437420991114875,0.26297262860767395,0.18215747919294073,0.1789796634525804,0.18784046145764108,0.11966478348432806,0.13264423405823525,0.1718576783762448,0.09368955060180342,0.09211634242508923,0.05098498672599386,0.07977716483245136,0.09864911439157424,0.11385375020229538,0.09167356062740721,0.0696382088081604,0.06551445328470075,0.06888841075195637,0.11702758834806021,0.14665420819288588,0.09451263874518434,0.0894128276298545,0.09230387467597795,0.09452305766594474,0.10863740260228934,0.08459998151028221,0.077569026568693,0.07048174454469568,0.10383319769708874,0.15291742339949324,0.1122590869124382,0.1048752868775135,0.13598084117108872,0.0869334270288855,0.1148230792366133,0.10394782648468924,0.05814769898993326,0.1070950064488693,0.11631358816654194,0.08880338417123257,0.0836624659225597,0.08985038118459006,0.07401745370143516,0.06183354877627452,0.06944034438214132,0.051000602031338736,0.0760900429972465,0.056429807419365687,0.05153152520303465,0.04321955589049912,0.05049570953394812,0.03783335976959742,0.03540324909274682,0.03764082009169099,0.017126420019844144,0.06710247698282602,0.03908748700863085,0.05503471299413413,0.07411639452886187,0.029279041359514337,0.030548571466337864,0.03018435883900562,0.09839383117873989,0.03860872947250306,0.01623173309372802,0.018166773011649994,0.031615208835539886,0.04209022989960784,0.07656393808286578,0.07251253485083464,0.0469199617386654
hamburg,2021.8876712328768,0.049917951969001964,0.0467846398677903,0.07312178740840533,0.06255721380928397,0.11911752843695887,0.15850332497125452,0.19917174987343858,0.27519330323156993,0.23073073480687653,0.29998845640708616,0.4340250958526934,0.3635047804375643,0.26402313835671465,0.20989986473545388,0.20665770468593045,0.18275236283238241,0.16427761864712806,0.10814237182444868,0.09994117926379399,0.10441155461335429,0.10768903198295486,0.1346983074812016,0.14098615330308853,0.11385375020229538,0.10763171343386695,0.10061848415941757,0.08865753551385232,0.14877141385877235,0.13478172334477578,0.11869015230988152,0.1046512359413988,0.13417696136552895,0.12201022749481552,0.1271601512665983,0.11883608522664303,0.14107479338030535,0.12934954461850912,0.12619580486713297,0.13078833901475648,0.11847125370263309,0.15102429878838897,0.12431929016019452,0.12360518985164337,0.16155991726894525,0.10630819360054058,0.12129094675149361,0.14324912964476968,0.13390586345105532,0.11631358816654194,0.133264618240274,0.1213534925081209,0.08985038118459006,0.08961076806761355,0.08367288266956416,0.07309575082831428,0.11664192279886687,0.08751159601119952,0.09031919265036124,0.03963390045236935,0.05619034825270808,0.0688727900740807,0.061489941567371684,0.04552512242385097,0.09145998487289997,0.051401396473187734,0.07320510455231208,0.026053325600267803,0.04815348887414115,0.05186986142465715,0.036600077417683057,0.061115099928952456,0.06794076478701136,0.045389804182773726,0.09270498759402768,0.0487104073373914,0.06360888886015278,0.08434476725927151,0.08420934796125634,0.04252218118399032,0.027182303354678642,0.05982920539796896
hamburg,2021.9068493150685,0.09488772120772578,0.0467846398677903,0.09403337064687806,0.1251897760620561,0.09319987143182129,0.1479213923600047,0.2712832112195183,0.3096964013146921,0.35539410884335926,0.3120242760303527,0.3763723984031376,0.38237523361922277,0.21992521331405532,0.27799536818683135,0.20665770468593045,0.15750710248200606,0.1769342755892203,0.19736567668111724,0.13746674292631283,0.1105602510638016,0.1360642590920621,0.16467407064253128,0.11746016257009484,0.12262006026642504,0.12359476510224554,0.15099822317301786,0.11952927217419133,0.1669485115529769,0.14543398595754845,0.14665420819288588,0.11479181027604679,0.12778047002403878,0.17154986364960667,0.14674807262777456,0.11203500415976185,0.10577150027572821,0.16636424200727903,0.1559319624128712,0.1963060733407216,0.17589595896653437,0.13939065775028733,0.12431929016019452,0.1813851842697932,0.165712163212673,0.12759802256251448,0.09961295006482919,0.17463852789954906,0.12496563758056316,0.12097300698514081,0.17776390025381822,0.1339215036769318,0.14301969898577885,0.1286197365920889,0.09824274578599146,0.14262862633214646,0.0874542996989647,0.1217965271046692,0.09408546479141179,0.11105009374293454,0.09945665117446231,0.08725115873701392,0.08516249897627355,0.08095939060287294,0.0699245928634981,0.07426740983893598,0.06710247698282602,0.07168458768862301,0.06879989363939092,0.06670156150574652,0.058574577819914195,0.05346787917805228,0.06038624892250179,0.06809696897713328,0.054056087002616514,0.04059143881022278,0.045426235982268075,0.031615208835539886,0.050511324692360714,0.051031832656084485,0.05437361788567465,0.0375315411321785
hamburg,2021.9260273972602,0.06989855788420381,0.0467846398677903,0.09403337064687806,0.10430213524393123,0.12949029448749141,0.19555966621547066,0.32682048664374874,0.3614887755537898,0.34945197297733727,0.2578876251978592,0.3507712255579968,0.31950033573479714,0.3902229166907291,0.22846394825167016,0.20038801369794518,0.20801510619382607,0.13264423405823525,0.15910836993486888,0.14998128437239516,0.1290107039038677,0.14742077270277984,0.12470501265411225,0.1503984876283024,0.13577751054932846,0.16352645473428287,0.16263446168101342,0.2045172589147075,0.130605880999527,0.14543398595754845,0.15714721528076236,0.12831217770591416,0.11179007760440222,0.1088041508727319,0.14021968364337428,0.14263384061485196,0.10929918795066183,0.12564848108245485,0.1373468264727872,0.1693169571325591,0.17589595896653437,0.15877976705530877,0.13598605478722656,0.14423465012481052,0.17816045508339518,0.15741321862415913,0.13864506713516966,0.13877020047787916,0.09816459834130081,0.10700121356380421,0.15995857432347957,0.12973530442749112,0.14301969898577885,0.11691293072384101,0.12374071178399186,0.09504400636562949,0.05828825626649333,0.13323333818836425,0.0978520097369547,0.10311416833861804,0.09512735864189964,0.059683437984089836,0.10410413887500011,0.08095939060287294,0.0860739985297875,0.051401396473187734,0.07320510455231208,0.07168458768862301,0.061916847835518186,0.10379151456425317,0.0878866279775669,0.030548571466337864,0.03018435883900562,0.06809696897713328,0.03860872947250306,0.032468534484154224,0.02724993874489564,0.031615208835539886,0.06735760662307688,0.034013922064202035,0.07251253485083464,0.0375315411321785
hamburg,2021.945205479452,0.049917951969001964,0.041585423909386174,0.08880338417123257,0.13563153008043385,0.17618292882421419,0.23263721013849933,0.287934506429296,0.3787661161133916,0.30192885434680083,0.27592517130069877,0.4083955300977861,0.4957472362566158,0.3523313372788643,0.25322114802372264,0.3574779437281193,0.26489073952393166,0.12632090825535763,0.17823350498711213,0.1562396847027333,0.17208201907069676,0.14174220587241537,0.1546802294949075,0.1598125259549898,0.17525941329838735,0.14355677688990146,0.10836643780326541,0.16973431555074125,0.15967690998011186,0.18808052764043676,0.15714721528076236,0.16889960206412025,0.1309760107840499,0.18477188700708752,0.18268452488059175,0.17665251928013442,0.16226932273962705,0.14415121909594608,0.17080902889617888,0.1269360042919453,0.16057406838335753,0.178176108625551,0.15544691233139715,0.14423465012481052,0.1283799447618712,0.14889135666129394,0.15599976547287026,0.14324912964476968,0.12049870701235647,0.14427115124202863,0.15106080467188268,0.1548784185325464,0.14301969898577885,0.13642921406975264,0.08003235666675251,0.08041254274260168,0.07651706914569108,0.09131933790385922,0.0978520097369547,0.09914405480310667,0.08214685147285326,0.1194354568586637,0.04729470106512635,0.10121764584405343,0.06454083650710833,0.07426740983893598,0.06099535941945097,0.0586422540538127,0.06879989363939092,0.05928257970286076,0.06589973982454454,0.061115099928952456,0.06794076478701136,0.05295775742552236,0.046331834629735294,0.04059143881022278,0.03633989500379043,0.04215788468306782,0.07578279464508757,0.051031832656084485,0.04530653159405573,0.04222553955455039
hamburg,2021.964383561644,0.06989855788420381,0.09361140999951133,0.1306475856322813,0.16175813252911295,0.16580084544832172,0.26444125759407183,0.3379308759758534,0.39604919909055625,0.4386711189539971,0.607772808215823,0.7232565696849639,0.5840978350434699,0.4407897593898023,0.3151736117271176,0.2631660044304224,0.22696499851574858,0.16427761864712806,0.24842446687029696,0.25648188979128844,0.16592604415613027,0.16446019484849328,0.23469523730356254,0.22104796383998693,0.21477653766887989,0.20748780370698602,0.2014320396709382,0.2045172589147075,0.19239668918582867,0.2307568504351242,0.19913521019870678,0.15536346331117928,0.2142073948779507,0.15172834534613605,0.18922346662256653,0.2175022436252408,0.176402070509248,0.2256436605394485,0.14106436512808415,0.1269360042919453,0.17206636736293487,0.20145814058883005,0.178802254175902,0.2020375843399033,0.17816045508339518,0.16167467338010696,0.195074246352129,0.10740243986931818,0.1652009391560886,0.14893307596180688,0.11547452019144033,0.14649776784459467,0.11029448728581163,0.14813520014069603,0.13831659354322634,0.1353082890719735,0.1312418802833349,0.10274944710237296,0.09408546479141179,0.10311416833861804,0.10811110688091286,0.09644538427043586,0.07568905822109914,0.16711544691468105,0.0860739985297875,0.07426740983893598,0.13428644361623993,0.07168458768862301,0.08945970819175456,0.06670156150574652,0.029279041359514337,0.061115099928952456,0.07549117076978722,0.022687348470507424,0.09270498759402768,0.05683584939605949,0.06360888886015278,0.04215788468306782,0.03366529526503517,0.034013922064202035,0.009059189078280308,0.05279118814115951
hamburg,2021.9835616438356,0.07489751293420865,0.10922623482204274,0.10972127591822357,0.15653176178099498,0.20214198930588256,0.26444125759407183,0.38241714066375787,0.43063260757518046,0.4803570657898744,0.5412304921543771,0.4917470335389407,0.42643818309231074,0.3965417384989995,0.35857748825291363,0.2945808291414888,0.28386137364382064,0.29099871647297326,0.3570852548894644,0.31922826993029246,0.25834227638045876,0.16446019484849328,0.2246879310713209,0.244615652892451,0.22355987954728462,0.19949538811334902,0.2674518153532046,0.23932870824740193,0.19239668918582867,0.20585894266665025,0.21663543275116093,0.20274232192831304,0.223821000408584,0.19468800152610702,0.17288026241363302,0.23793914599760332,0.2577517532021446,0.18117645788108738,0.1856903528880942,0.15004907967370848,0.22954509909881818,0.21699051015723209,0.18658796021862672,0.1689987235895684,0.16155991726894525,0.19577888957456355,0.1907317670171357,0.14773365942374544,0.19203656043678666,0.13960964443752194,0.14215934303002337,0.17584378279892054,0.12256272525681239,0.12472065011286616,0.08731366356386083,0.11700152977489875,0.14584072352116859,0.08751159601119952,0.08278225833857573,0.08723553254204441,0.11244148056353823,0.07805855856588875,0.06622254966392115,0.06576957513367426,0.0699245928634981,0.08569897963610641,0.06099535941945097,0.11735071574013127,0.08257392736316037,0.04445819969569323,0.073231141187157,0.05346787917805228,0.04528050893743188,0.03782295220121339,0.023160757125374496,0.06495735482250264,0.03633989500379043,0.031615208835539886,0.01682992322846593,0.05954287693627384,0.036241026027849385,0.032837966395039796
hamburg,2022.0027397260274,0.06989855788420381,0.08319892279338445,0.09403337064687806,0.1826688699812045,0.19694809643217853,0.17967365261437818,0.287934506429296,0.34997548190059924,0.319746242590537,0.3601954317580406,0.36997223273044205,0.42643818309231074,0.2766309109799831,0.21608715622477553,0.2443230806408158,0.3534831276434037,0.3671809178120721,0.35068746249430977,0.33179186999633736,0.5179691872943928,0.5063791919641539,0.47548166242735995,0.49986850182249376,0.4657427203746245,0.4479329407309731,0.46992457494824913,0.40984730745929326,0.33442951266415494,0.38040564062119814,0.31477077908119466,0.35532080963912677,0.34893893934584114,0.30721170620617777,0.261174790515841,0.3163559697224771,0.3392236661193105,0.2812838048961012,0.29742054781131577,0.2426042519056967,0.28709266463992933,0.29081569544441344,0.2528344710550477,0.2847293058707231,0.3028232400397896,0.22990026466865,0.21679208424907442,0.25544198359183434,0.27711709277548385,0.2375578064600981,0.24012276049071002,0.1968176032920823,0.22082341179545223,0.21454679120535333,0.24047277421147156,0.18659839760429875,0.17871354976453863,0.20188097728396776,0.1770177592332517,0.16666680934531344,0.20343662829984394,0.13323333818836425,0.15149366210107207,0.10121764584405343,0.17768563321057484,0.1429101983462978,0.15874325575242934,0.07168458768862301,0.06879989363939092,0.11121163861701083,0.0878866279775669,0.09934724223073173,0.04528050893743188,0.07566822792760271,0.0849749924781519,0.05683584939605949,0.05451937041569583,0.07379874306671984,0.06735760662307688,0.07656393808286578,0.036241026027849385,0.062177158255690715
