State,week_end_num,A00,A01,A02,A03,A04,A05,A06,A07,A08,A09,A10,A11,A12,A13,A14,A15,A16,A17,A18,A19,A20,A21,A22,A23,A24,A25,A26,A27,A28,A29,A30,A31,A32,A33,A34,A35,A36,A37,A38,A39,A40,A41,A42,A43,A44,A45,A46,A47,A48,A49,A50,A51,A52,A53,A54,A55,A56,A57,A58,A59,A60,A61,A62,A63,A64,A65,A66,A67,A68,A69,A70,A71,A72,A73,A74,A75,A76,A77,A78,A79,A80+
saxony-anhalt,2020.0109289617487,-0,-0,-0,-0,-0,-0,-0,-0,-0,-0,-0,-0,-0,-0,-0,-0,-0,-0,-0,-0,-0,-0,-0,-0,-0,-0,-0,-0,-0,-0,-0,-0,-0,-0,-0,-0,-0,-0,-0,-0,-0,-0,-0,-0,-0,-0,-0,-0,-0,-0,-0,-0,-0,-0,-0,-0,-0,-0,-0,-0,-0,-0,-0,-0,-0,-0,-0,-0,-0,-0,-0,-0,-0,-0,-0,-0,-0,-0,-0,-0,-0
saxony-anhalt,2020.0300546448088,-0,-0,-0,-0,-0,-0,-0,-0,-0,-0,-0,-0,-0,-0,-0,-0,-0,-0,-0,-0,-0,-0,-0,-0,-0,-0,-0,-0,-0,-0,-0,-0,-0,-0,-0,-0,-0,-0,-0,-0,-0,-0,-0,-0,-0,-0,-0,-0,-0,-0,-0,-0,-0,-0,-0,-0,-0,-0,-0,-0,-0,-0,-0,-0,-0,-0,-0,-0,-0,-0,-0,-0,-0,-0,-0,-0,-0,-0,-0,-0,-0
saxony-anhalt,2020.049180327869,-0,-0,-0,-0,-0,-0,-0,-0,-0,-0,-0,-0,-0,-0,-0,-0,-0,-0,-0,-0,-0,-0,-0,-0,-0,-0,-0,-0,-0,-0,-0,-0,-0,-0,-0,-0,-0,-0,-0,-0,-0,-0,-0,-0,-0,-0,-0,-0,-0,-0,-0,-0,-0,-0,-0,-0,-0,-0,-0,-0,-0,-0,-0,-0,-0,-0,-0,-0,-0,-0,-0,-0,-0,-0,-0,-0,-0,-0,-0,-0,-0
saxony-anhalt,2020.068306010929,-0,-0,-0,-0,-0,-0,-0,-0,-0,-0,-0,-0,-0,-0,-0,-0,-0,-0,-0,-0,-0,-0,-0,-0,-0,-0,-0,-0,-0,-0,-0,-0,-0,-0,-0,-0,-0,-0,-0,-0,-0,-0,-0,-0,-0,-0,-0,-0,-0,-0,-0,-0,-0,-0,-0,-0,-0,-0,-0,-0,-0,-0,-0,-0,-0,-0,-0,-0,-0,-0,-0,-0,-0,-0,-0,-0,-0,-0,-0,-0,-0
saxony-anhalt,2020.0874316939892,-0,-0,-0,-0,-0,-0,-0,-0,-0,-0,-0,-0,-0,-0,-0,-0,-0,-0,-0,-0,-0,-0,-0,-0,-0,-0,-0,-0,-0,-0,-0,-0,-0,-0,-0,-0,-0,-0,-0,-0,-0,-0,-0,-0,-0,-0,-0,-0,-0,-0,-0,-0,-0,-0,-0,-0,-0,-0,-0,-0,-0,-0,-0,-0,-0,-0,-0,-0,-0,-0,-0,-0,-0,-0,-0,-0,-0,-0,-0,-0,-0
saxony-anhalt,2020.1065573770493,-0,-0,-0,-0,-0,-0,-0,-0,-0,-0,-0,-0,-0,-0,-0,-0,-0,-0,-0,-0,-0,-0,-0,-0,-0,-0,-0,-0,-0,-0,-0,-0,-0,-0,-0,-0,-0,-0,-0,-0,-0,-0,-0,-0,-0,-0,-0,-0,-0,-0,-0,-0,-0,-0,-0,-0,-0,-0,-0,-0,-0,-0,-0,-0,-0,-0,-0,-0,-0,-0,-0,-0,-0,-0,-0,-0,-0,-0,-0,-0,-0
saxony-anhalt,2020.1256830601094,-0,-0,-0,-0,-0,-0,-0,-0,-0,-0,-0,-0,-0,-0,-0,-0,-0,-0,-0,-0,-0,-0,-0,-0,-0,-0,-0,-0,-0,-0,-0,-0,-0,-0,-0,-0,-0,-0,-0,-0,-0,-0,-0,-0,-0,-0,-0,-0,-0,-0,-0,-0,-0,-0,-0,-0,-0,-0,-0,-0,-0,-0,-0,-0,-0,-0,-0,-0,-0,-0,-0,-0,-0,-0,-0,-0,-0,-0,-0,-0,-0
saxony-anhalt,2020.1448087431695,-0,-0,-0,-0,-0,-0,-0,-0,-0,-0,-0,-0,-0,-0,-0,-0,-0,-0,-0,-0,-0,-0,-0,-0,-0,-0,-0,-0,-0,-0,-0,-0,-0,-0,-0,-0,-0,-0,-0,-0,-0,-0,-0,-0,-0,-0,-0,-0,-0,-0,-0,-0,-0,-0,-0,-0,-0,-0,-0,-0,-0,-0,-0,-0,-0,-0,-0,-0,-0,-0,-0,-0,-0,-0,-0,-0,-0,-0,-0,-0,-0
saxony-anhalt,2020.1639344262296,-0,-0,-0,-0,-0,-0,-0,-0,-0,-0,-0,-0,-0,-0,-0,-0,-0,-0,-0,-0,-0,-0,-0,-0,-0,-0,-0,-0,-0,-0,-0,-0,-0,-0,-0,-0,-0,-0,-0,-0,-0,-0,-0,-0,-0,-0,-0,-0,-0,-0,-0,-0,-0,-0,-0,-0,-0,-0,-0,-0,-0,-0,-0,-0,-0,-0,-0,-0,-0,-0,-0,-0,-0,-0,-0,-0,-0,-0,-0,-0,-0
saxony-anhalt,2020.1830601092897,-0,-0,-0,-0,-0,-0,-0,-0,-0,-0,-0,-0,-0,-0,-0,-0,-0,-0,-0,-0,-0,-0,-0,-0,-0,-0,-0,-0,-0,-0,-0,-0,-0,-0,-0,-0,-0,-0,-0,-0,-0,-0,-0,-0,-0,-0,-0,-0,-0,-0,-0,-0,-0,-0,-0,-0,-0,-0,-0,-0,-0,-0,-0,-0,-0,-0,-0,-0,-0,-0,-0,-0,-0,-0,-0,-0,-0,-0,-0,-0,-0
saxony-anhalt,2020.2021857923498,-0,-0,-0,-0,-0,-0,-0,-0,-0,-0,-0,-0,-0,-0,-0,-0,-0,-0,-0,0.011045973123877359,-0,-0,-0,-0,0.00567350949556945,-0,-0,-0,-0,0.005491489955775094,-0,0.011196805379356746,-0,-0,-0,0.0073637213637754466,-0,0.0036505281350378074,0.003671329599461501,-0,-0,-0,-0,0.003978152166262342,-0,0.004612604572039852,-0,-0,0.0038325412308768125,-0,0.0032657025441347374,-0,0.0030888917409951843,-0,-0,0.00277167386576647,0.00537707799972235,-0,-0,-0,-0,0.0028808798011093497,-0,0.0031564958006180316,-0,0.0030576898969653043,-0,-0,0.0032969045129798693,-0,0.003608925231153918,-0,-0,-0,-0,-0,-0,-0,0.0051118512516052615,0.004331780421159893,-0
saxony-anhalt,2020.22131147541,-0,-0,-0,-0,-0,-0,0.010681897068388959,-0,-0,0.011155196437593964,-0,-0,-0,-0,-0,-0,-0,-0,-0,0.005522693260200158,-0,0.010390638059310358,0.011139593093019493,0.016153708800865068,-0,0.006027149280045188,0.006313183217977983,0.012720755811868267,0.006068754118689121,0.005491489955775094,0.011342436937713953,0.011196805379356746,0.010661092799352354,0.010754712075558268,0.01473888859917765,0.011045973123877359,0.011108386417910789,0.018250002150173802,0.003671329599461501,0.007394925791684666,0.010926347853038289,0.015160209707930345,0.003837741614408134,0.01193536963605799,0.004451390522233534,0.004612604572039852,0.009158006386131764,0.017443725476314047,0.019155127633317535,0.01293400841061952,0.01958688844263142,0.012673944382853637,0.01235666803029795,0.0059959456729130785,0.017272068185691096,0.008320665671008401,0.0026884694975347276,0.005169056906383001,0.005325072648370196,0.01067149493283023,0.005496690505210404,0.0028808798011093497,0.006115559601955722,-0,0.006365189557546502,-0,0.0031772970674157778,-0,-0,-0,0.003608925231153918,-0,-0,0.005210661058478578,0.006630422698426997,0.006729235390917331,0.009823727880315363,-0,0.010229406095077343,0.008663921724721541,0.0029900859657976397
saxony-anhalt,2020.24043715847,-0,0.005990745073540965,0.005741116915482853,0.005444685034233358,-0,0.005486289406854119,-0,-0,-0,-0,-0,0.00556429769523413,-0,0.005600701603197585,-0,-0,-0,-0,0.005657907795766694,0.016564638058662623,0.0051118512516052615,0.005195059497544844,0.016710284651006022,0.010770315304649863,0.011342436937713953,-0,0.03156838039428185,0.012720755811868267,-0,0.016476209969480418,0.022682146201540552,0.0037337340426538855,0.007108885903421963,0.0071712944721202465,0.011056375334347382,0.0036817303347937884,0.003702531811699247,0.010947152228198982,0.01101996760680905,0.01109278308737655,0.003640127405946399,0.015160209707930345,0.01920194489718205,0.019888602943288165,0.008897961242292548,0.018447671888057474,0.018317625923310314,0.004362983029698865,0.019155127633317535,0.0032345005940119563,0.01958688844263142,0.0063339857475604045,0.0061779669785036575,0.014993761454582546,0.008637917398898307,0.008320665671008401,0.00537707799972235,0.00775897883421337,0.015971652572796494,0.005335473714479772,0.008242653247524817,0.008648319127665926,0.0030576898969653043,-0,0.003182497385412486,0.006115559601955722,0.00952727272483302,0.006479603687694912,0.009886139707352614,0.014078305584640034,0.010832728267824117,0.008372674018343875,0.010052571612347957,0.020850979858236047,-0,0.013464543060316143,0.009823727880315363,0.004825823921693603,-0,-0,0.010468653705347542
saxony-anhalt,2020.25956284153,0.0062923806967118065,-0,-0,-0,-0,-0,-0,-0,-0,-0,-0,0.00556429769523413,-0,0.005600701603197585,0.011441258584595685,0.005865930844721004,0.005803523842653571,0.0059335385148102425,0.016980772261945817,0.016564638058662623,0.020455622861971112,0.005195059497544844,0.005569498251956764,0.010770315304649863,0.00567350949556945,0.012054997228162716,0.025257332976888112,0.019077098953877037,0.012138216584987522,0.02196944027250908,0.01511859759464297,0.007462535449723384,0.010661092799352354,0.010754712075558268,0.0036869307032371557,0.0073637213637754466,0.014811709287531545,0.007301312564138671,-0,0.007394925791684666,-0,0.007582152752366816,0.003837741614408134,0.003978152166262342,0.013350113560393501,0.009220417414162218,0.018317625923310314,0.017443725476314047,0.007660164184941631,0.006464001746029936,-0,0.0063339857475604045,0.0061779669785036575,0.01798991153460109,0.008637917398898307,0.0055434954735562566,0.013448939022773868,0.012928807117320678,0.013308502895578911,0.005335473714479772,0.005496690505210404,0.008648319127665926,0.006115559601955722,-0,0.006365189557546502,0.006115559601955722,0.0031772970674157778,0.006479603687694912,0.006588817410399463,0.0035205191709188123,-0,-0,0.005028643138811854,-0,-0,0.013464543060316143,-0,0.004825823921693603,-0,-0,0.007478137690988677
saxony-anhalt,2020.27868852459,0.012590724168666974,-0,-0,-0,-0,-0,-0,0.005533094365837986,-0,0.00557989936695659,-0,0.00556429769523413,0.005392679615272976,0.005600701603197585,0.005720314623075404,-0,0.005803523842653571,-0,0.005657907795766694,-0,0.0051118512516052615,-0,0.005569498251956764,0.010770315304649863,0.00567350949556945,0.01808354400633923,0.006313183217977983,0.006359988921251389,0.006068754118689121,0.010983559904755745,0.007561349723445207,0.007462535449723384,0.007108885903421963,0.0035829234331317228,-0,0.029466347131083353,0.003702531811699247,0.018250002150173802,-0,-0,0.010926347853038289,0.003790938181377859,0.003837741614408134,-0,-0,0.009220417414162218,-0,0.004362983029698865,0.0038325412308768125,0.006464001746029936,0.0065264095407653,0.0063339857475604045,0.0030888917409951843,0.0059959456729130785,0.008637917398898307,0.013865048293070885,0.0026884694975347276,0.002584464224470131,0.002662468159768038,0.005335473714479772,0.008242653247524817,0.0028808798011093497,0.006115559601955722,0.009470062275339882,0.003182497385412486,-0,-0,-0,0.0032969045129798693,0.0035205191709188123,-0,-0,-0,-0,-0,-0,-0,0.009652095742195298,0.0051118512516052615,-0,0.007478137690988677
saxony-anhalt,2020.2978142076502,-0,-0,-0,-0,0.005325072648370196,-0,-0,-0,-0,-0,-0,-0,0.005392679615272976,-0,-0,-0,-0,0.0059335385148102425,0.016980772261945817,0.011045973123877359,-0,0.010390638059310358,0.016710284651006022,0.010770315304649863,-0,-0,0.04420318238268499,0.025439421717838546,0.024284469650704445,0.016476209969480418,0.0037805374242024375,0.011196805379356746,-0,0.0035829234331317228,0.01473888859917765,0.0073637213637754466,0.011108386417910789,0.007301312564138671,-0,0.0036973314416898846,0.003640127405946399,0.003790938181377859,0.003837741614408134,0.003978152166262342,-0,0.009220417414162218,-0,0.004362983029698865,0.011493270053125997,-0,0.0032657025441347374,0.003166896432976778,0.0061779669785036575,0.003000486564872446,-0,-0,-0,-0,-0,0.008003415878652047,0.0027456724863896592,0.008648319127665926,0.0030576898969653043,-0,-0,-0,-0,0.009719708335039781,0.0032969045129798693,0.0035205191709188123,0.003608925231153918,0.004186168495544676,-0,0.005210661058478578,0.006630422698426997,-0,0.009823727880315363,0.009652095742195298,-0,-0,0.003738934416303768
saxony-anhalt,2020.3169398907103,-0,0.005990745073540965,-0,-0,-0,0.010973157708851891,-0,-0,0.005496690505210404,-0,-0,-0,-0,-0,-0,0.005865930844721004,0.005803523842653571,-0,-0,0.005522693260200158,0.015342263095088661,0.015586735789043028,0.005569498251956764,0.010770315304649863,0.011342436937713953,-0,0.012627132995985318,0.012720755811868267,0.012138216584987522,0.005491489955775094,-0,-0,-0,-0,0.0036869307032371557,0.0036817303347937884,-0,-0,0.003671329599461501,-0,0.003640127405946399,0.003790938181377859,-0,-0,-0,-0,0.004581401813715118,-0,-0,-0,0.0032657025441347374,-0,0.0030888917409951843,-0,-0,0.00277167386576647,0.00537707799972235,0.002584464224470131,0.002662468159768038,0.0026676684262789594,-0,-0,0.006115559601955722,-0,-0,0.0030576898969653043,-0,-0,0.0032969045129798693,-0,-0,-0,-0,0.005210661058478578,0.006630422698426997,0.006729235390917331,-0,0.004825823921693603,-0,0.004331780421159893,0.010468653705347542
saxony-anhalt,2020.3360655737704,-0,-0,-0,-0,-0,-0,-0,-0,-0,-0,-0,-0,-0,-0,-0,-0,-0,-0,-0,-0,0.0051118512516052615,-0,-0,-0,0.011342436937713953,0.012054997228162716,-0,-0,-0,0.005491489955775094,-0,-0,0.007108885903421963,0.0071712944721202465,-0,0.0036817303347937884,-0,-0,0.003671329599461501,-0,-0,-0,0.003837741614408134,-0,-0,-0,-0,-0,-0,0.0032345005940119563,0.009792521994884472,-0,0.0030888917409951843,-0,-0,-0,-0,-0,0.002662468159768038,-0,-0,-0,-0,0.0031564958006180316,0.003182497385412486,0.0030576898969653043,-0,0.0032397009177293707,-0,-0,-0,-0,0.005028643138811854,0.005210661058478578,0.006630422698426997,-0,-0,-0,0.0051118512516052615,0.008663921724721541,0.003738934416303768
saxony-anhalt,2020.3551912568305,-0,-0,0.005741116915482853,0.005444685034233358,-0,-0,-0,-0,-0,-0,-0,-0,-0,-0,-0,0.005865930844721004,-0,-0,-0,0.005522693260200158,-0,-0,0.011139593093019493,-0,0.00567350949556945,0.006027149280045188,0.006313183217977983,-0,0.006068754118689121,-0,-0,-0,-0,-0,-0,0.0036817303347937884,-0,-0,-0,-0,-0,-0,-0,-0,0.004451390522233534,0.009220417414162218,-0,-0,-0,-0,-0,-0,-0,-0,0.0028808798011093497,-0,-0,-0,-0,-0,0.0027456724863896592,-0,-0,-0,0.003182497385412486,-0,-0,-0,0.0032969045129798693,-0,-0,-0,0.005028643138811854,-0,-0,-0,-0,-0,0.010229406095077343,-0,0.003738934416303768
saxony-anhalt,2020.3743169398906,-0,0.005990745073540965,-0,-0,-0,-0,-0,-0,-0,-0,-0,-0,-0,-0,-0,-0,-0,-0,-0,-0,-0,0.005195059497544844,-0,-0,-0,-0,-0,-0,-0,-0,-0,-0,-0,-0,0.0036869307032371557,-0,-0,-0,-0,-0,-0,-0,-0,-0,-0,-0,-0,-0,-0,-0,-0,-0,-0,-0,-0,-0,-0,-0,-0,-0,-0,-0,-0,-0,-0,-0,-0,0.006479603687694912,-0,-0,0.003608925231153918,-0,-0,-0,-0,-0,-0,-0,0.0051118512516052615,-0,0.0014976215658567178
saxony-anhalt,2020.3934426229507,-0,-0,-0,-0,-0,-0,-0,-0,-0,-0,-0,-0,-0,-0,-0,-0,-0,-0,-0,-0,-0,-0,-0,-0,-0,0.006027149280045188,-0,-0,-0,-0,-0,-0,-0,-0,-0,-0,-0,-0,-0,-0,-0,-0,-0,-0,-0,-0,-0,-0,0.0038325412308768125,-0,0.0032657025441347374,-0,-0,-0,-0,-0,-0,-0,-0,-0,-0,-0,-0,-0,-0,-0,0.0031772970674157778,-0,-0,-0,-0,-0,-0,-0,-0,-0,-0,-0,-0,-0,-0
saxony-anhalt,2020.4125683060108,-0,-0,0.005741116915482853,-0,-0,-0,-0,-0,-0,-0,-0,-0,-0,-0,-0,-0,-0,-0,-0,-0,-0,-0,-0,-0,-0,-0,-0,-0,-0,-0,-0,-0,-0,0.0035829234331317228,-0,-0,-0,-0,-0,-0,0.003640127405946399,-0,-0,-0,-0,-0,-0,-0,-0,-0,-0,-0,-0,-0,0.0028808798011093497,-0,0.0026884694975347276,-0,-0,-0,-0,-0,-0,-0,-0,-0,0.0031772970674157778,-0,-0,-0,-0,0.004186168495544676,-0,-0,-0,-0,-0,-0,-0,-0,7.488053914101972e-4
saxony-anhalt,2020.431693989071,0.0062923806967118065,-0,-0,-0,-0,-0,-0,-0,-0,-0,-0,-0,-0,-0,-0,-0,-0,-0,-0,-0,-0,-0,-0,-0,-0,-0,-0,-0,-0,-0,-0,-0,0.003551721292663989,-0,-0,-0,-0,-0,-0,-0,-0,-0,-0,-0,-0,-0,-0,-0,-0,-0,-0,-0,-0,0.003000486564872446,-0,-0,-0,-0,-0,-0,-0,-0,-0,-0,-0,-0,-0,-0,-0,0.0035205191709188123,-0,-0,-0,-0,-0,-0,-0,-0,-0,-0,7.488053914101972e-4
saxony-anhalt,2020.450819672131,0.012590724168666974,-0,-0,-0,-0,-0,0.005340674248317607,-0,0.005496690505210404,-0,-0,-0,-0,0.005600701603197585,-0,-0,-0,-0,-0,-0,-0,0.005195059497544844,-0,-0,0.00567350949556945,0.012054997228162716,0.012627132995985318,-0,-0,-0,0.0037805374242024375,-0,-0,0.0035829234331317228,-0,-0,0.003702531811699247,-0,-0,0.007394925791684666,-0,0.003790938181377859,0.003837741614408134,0.007956608696085646,0.004451390522233534,-0,0.004581401813715118,-0,-0,-0,-0,-0,0.0030888917409951843,-0,-0,-0,-0,-0,-0,-0,-0,-0,-0,-0,-0,-0,-0,-0,0.0032969045129798693,-0,-0,-0,-0,-0,-0,-0,-0,-0,-0,-0,-0
saxony-anhalt,2020.4699453551912,0.012590724168666974,0.005990745073540965,0.005741116915482853,-0,0.005325072648370196,0.010973157708851891,0.01601846697056299,0.011061576440359837,-0,0.00557989936695659,-0,0.00556429769523413,0.016184918503956883,-0,-0,0.005865930844721004,0.005803523842653571,-0,-0,0.005522693260200158,-0,-0,-0,0.005382278537721043,0.00567350949556945,0.006027149280045188,0.006313183217977983,0.012720755811868267,0.006068754118689121,-0,-0,-0,0.007108885903421963,-0,-0,0.0073637213637754466,-0,-0,-0,-0,0.003640127405946399,0.003790938181377859,-0,0.003978152166262342,0.004451390522233534,-0,-0,-0,-0,-0,0.0032657025441347374,0.003166896432976778,-0,-0,-0,-0,-0,-0,-0,0.0026676684262789594,-0,-0,-0,-0,-0,-0,-0,-0,-0,-0,-0,-0,0.005028643138811854,-0,-0,-0,-0,-0,-0,-0,-0
saxony-anhalt,2020.4890710382513,0.0062923806967118065,-0,0.005741116915482853,-0,-0,-0,-0,-0,-0,-0,-0,-0,0.005392679615272976,-0,-0,-0,-0,-0,-0,-0,-0,-0,-0,-0,-0,0.006027149280045188,0.006313183217977983,-0,-0,-0,-0,-0,-0,-0,0.0036869307032371557,-0,-0,-0,-0,0.007394925791684666,0.003640127405946399,-0,-0,-0,-0,-0,-0,-0,0.0038325412308768125,-0,-0,-0,-0,-0,-0,-0,-0,-0,0.002662468159768038,-0,-0,-0,-0,-0,-0,-0,-0,-0,-0,-0,-0,-0,-0,-0,-0,-0,-0,-0,-0,-0,-0
saxony-anhalt,2020.5081967213114,-0,-0,-0,-0,-0,-0,-0,-0,-0,0.00557989936695659,-0,-0,-0,-0,-0,-0,-0,-0,-0,-0,-0,-0,-0,-0,-0,-0,-0,0.012720755811868267,-0,-0,-0,0.0037337340426538855,0.003551721292663989,-0,-0,-0,-0,0.0036505281350378074,0.003671329599461501,0.0036973314416898846,-0,-0,-0,-0,-0,-0,0.004581401813715118,0.004362983029698865,-0,-0,-0,0.003166896432976778,-0,-0,-0,-0,0.0026884694975347276,-0,-0,-0,-0,-0,-0,-0,-0,-0,-0,-0,-0,-0,-0,-0,-0,-0,-0,-0,-0,-0,-0,-0,7.488053914101972e-4
saxony-anhalt,2020.5273224043715,-0,-0,0.005741116915482853,-0,-0,-0,-0,-0,-0,-0,-0,-0,0.005392679615272976,-0,-0,0.005865930844721004,-0,-0,-0,0.005522693260200158,0.0051118512516052615,-0,0.005569498251956764,0.005382278537721043,0.00567350949556945,-0,-0,0.006359988921251389,-0,-0,0.0037805374242024375,0.0037337340426538855,-0,-0,-0,0.0073637213637754466,-0,-0,-0,-0,-0,-0,-0,-0,-0,-0,-0,-0,-0,-0,-0,-0,0.0030888917409951843,0.003000486564872446,-0,-0,-0,-0,-0,-0,-0,-0,-0,-0,-0,-0,-0,-0,-0,-0,0.003608925231153918,-0,-0,-0,-0,-0,-0,-0,-0,-0,-0
saxony-anhalt,2020.5464480874316,-0,-0,-0,-0,-0,-0,-0,-0,0.005496690505210404,-0,-0,-0,0.005392679615272976,-0,-0,-0,-0,-0,0.005657907795766694,0.005522693260200158,0.0051118512516052615,0.010390638059310358,-0,0.010770315304649863,0.011342436937713953,-0,-0,-0,-0,-0,0.0037805374242024375,-0,0.003551721292663989,-0,0.0036869307032371557,-0,-0,-0,-0,-0,-0,-0,-0,0.003978152166262342,-0,-0,-0,-0,-0,-0,-0,-0,0.0030888917409951843,0.003000486564872446,-0,-0,-0,0.005169056906383001,-0,-0,0.008242653247524817,-0,-0,-0,-0,0.0030576898969653043,-0,-0,-0,-0,-0,-0,-0,-0,-0,0.006729235390917331,-0,-0,-0,-0,7.488053914101972e-4
saxony-anhalt,2020.5655737704917,-0,0.005990745073540965,-0,-0,-0,-0,-0,-0,-0,-0,-0,-0,-0,-0,-0,-0,-0,0.0059335385148102425,-0,-0,-0,-0,-0,-0,-0,-0,-0,-0,-0,-0,-0,-0,0.003551721292663989,-0,-0,-0,-0,-0,-0,0.0036973314416898846,0.0072805096475691685,-0,-0,-0,-0,-0,-0,-0,-0,-0,-0,-0,-0,-0,-0,0.0055434954735562566,-0,-0,-0,0.0026676684262789594,0.005496690505210404,0.0028808798011093497,-0,-0,-0,-0,-0,-0,0.0032969045129798693,-0,-0,-0,-0,-0,-0,-0,0.004909031709944994,-0,-0,0.004331780421159893,-0
saxony-anhalt,2020.5846994535518,-0,-0,-0,-0,-0,-0,-0,-0,-0,-0,-0,-0,-0,-0,-0,-0,-0,-0,-0,-0,-0,-0,-0,-0,-0,-0,-0,-0,0.012138216584987522,-0,-0,-0,0.003551721292663989,-0,-0,-0,-0,-0,0.003671329599461501,-0,-0,0.003790938181377859,-0,-0,-0,0.004612604572039852,-0,0.004362983029698865,0.0038325412308768125,-0,0.0032657025441347374,-0,0.0030888917409951843,-0,-0,-0,-0,0.002584464224470131,-0,-0,0.0027456724863896592,-0,-0,-0,-0,-0,-0,-0,-0,-0,-0,-0,-0,-0,-0,-0,-0,-0,-0,-0,7.488053914101972e-4
saxony-anhalt,2020.603825136612,-0,-0,-0,-0,-0,0.005486289406854119,-0,-0,-0,-0,-0,0.00556429769523413,-0,-0,-0,-0,-0,-0,-0,-0,-0,-0,0.011139593093019493,-0,-0,-0,-0,-0,0.012138216584987522,-0,0.007561349723445207,-0,-0,-0,-0,-0,0.003702531811699247,-0,-0,-0,-0,0.003790938181377859,-0,-0,0.004451390522233534,-0,-0,-0,0.0038325412308768125,0.0032345005940119563,-0,-0,-0,0.003000486564872446,-0,-0,0.0026884694975347276,-0,-0,-0,-0,0.005761919216217912,-0,-0,-0,0.0030576898969653043,0.0031772970674157778,-0,-0,-0,-0,-0,-0,0.005210661058478578,-0,-0,-0,-0,-0,-0,7.488053914101972e-4
saxony-anhalt,2020.622950819672,-0,0.005990745073540965,-0,-0,-0,-0,-0,-0,0.010999163202516062,-0,-0,-0,-0,-0,-0,-0,-0,-0,-0,-0,0.010224205072293177,0.015586735789043028,0.016710284651006022,0.010770315304649863,0.011342436937713953,-0,-0,-0,-0,-0,-0,0.0037337340426538855,0.007108885903421963,-0,-0,-0,-0,0.0036505281350378074,0.003671329599461501,-0,-0,-0,-0,-0,-0,0.004612604572039852,-0,0.004362983029698865,-0,-0,0.0032657025441347374,-0,0.0030888917409951843,-0,0.0028808798011093497,-0,-0,0.005169056906383001,-0,-0,-0,-0,-0,0.0031564958006180316,0.003182497385412486,-0,-0,-0,-0,-0,-0,-0,0.005028643138811854,-0,-0,-0,-0,-0,-0,-0,0.0014976215658567178
saxony-anhalt,2020.6420765027322,0.0062923806967118065,-0,-0,-0,0.005325072648370196,0.005486289406854119,-0,-0,-0,-0,-0,0.00556429769523413,0.005392679615272976,0.005600701603197585,-0,-0,-0,-0,-0,-0,0.010224205072293177,-0,-0,0.005382278537721043,0.00567350949556945,-0,-0,-0,0.006068754118689121,0.005491489955775094,-0,-0,0.003551721292663989,-0,0.0036869307032371557,-0,0.003702531811699247,0.0036505281350378074,-0,0.0036973314416898846,0.003640127405946399,-0,-0,-0,0.004451390522233534,0.009220417414162218,-0,0.004362983029698865,0.007660164184941631,0.0032345005940119563,-0,-0,0.0030888917409951843,-0,-0,0.00277167386576647,-0,-0,-0,-0,0.005496690505210404,-0,-0,0.0031564958006180316,-0,-0,-0,-0,0.0032969045129798693,-0,-0,-0,-0,-0,0.006630422698426997,-0,-0,-0,-0,-0,7.488053914101972e-4
saxony-anhalt,2020.6612021857923,-0,-0,-0,-0,0.005325072648370196,-0,-0,-0,-0,-0,0.0055434954735562566,-0,-0,0.011202006499415215,-0,0.011727322305289757,-0,0.0059335385148102425,-0,-0,0.0051118512516052615,0.005195059497544844,-0,-0,-0,-0,-0,-0,0.006068754118689121,-0,0.007561349723445207,0.007462535449723384,-0,-0,-0,-0,-0,-0,-0,0.0036973314416898846,-0,-0,-0,0.003978152166262342,0.004451390522233534,0.004612604572039852,0.004581401813715118,-0,-0,-0,0.0032657025441347374,0.003166896432976778,-0,-0,-0,-0,-0,-0,0.002662468159768038,-0,-0,-0,0.0030576898969653043,-0,-0,0.0030576898969653043,-0,-0,-0,-0,-0,-0,0.005028643138811854,-0,-0,-0,-0,-0,0.010229406095077343,-0,-0
saxony-anhalt,2020.6803278688524,-0,-0,0.005741116915482853,-0,-0,-0,-0,-0,-0,-0,-0,0.00556429769523413,0.005392679615272976,-0,0.005720314623075404,-0,-0,-0,-0,0.005522693260200158,-0,-0,-0,-0,-0,-0,0.006313183217977983,0.012720755811868267,0.006068754118689121,-0,0.0037805374242024375,0.007462535449723384,0.003551721292663989,-0,-0,0.0036817303347937884,-0,0.0036505281350378074,-0,-0,0.003640127405946399,-0,-0,-0,-0,-0,-0,0.004362983029698865,-0,-0,-0,-0,0.0030888917409951843,-0,-0,-0,0.0026884694975347276,0.002584464224470131,-0,-0,-0,-0,-0,-0,-0,-0,0.0031772970674157778,-0,-0,-0,-0,-0,-0,-0,0.006630422698426997,-0,-0,-0,-0,-0,0.0014976215658567178
saxony-anhalt,2020.6994535519125,-0,0.005990745073540965,-0,-0,-0,-0,-0,-0,-0,-0,-0,-0,0.005392679615272976,-0,-0,-0,0.017412515017688462,0.0059335385148102425,0.011321632404405547,0.005522693260200158,0.0051118512516052615,-0,0.011139593093019493,0.016153708800865068,0.00567350949556945,-0,-0,-0,-0,0.005491489955775094,0.011342436937713953,-0,0.003551721292663989,-0,-0,-0,0.003702531811699247,-0,-0,0.007394925791684666,0.003640127405946399,0.01136844261605168,-0,0.003978152166262342,-0,0.004612604572039852,0.004581401813715118,0.004362983029698865,0.0038325412308768125,-0,0.0065264095407653,-0,-0,-0,-0,0.0055434954735562566,0.0026884694975347276,0.002584464224470131,0.002662468159768038,-0,-0,-0,-0,-0,-0,-0,-0,-0,-0,-0,0.003608925231153918,-0,-0,-0,-0,-0,0.009823727880315363,-0,-0,-0,0.002241248299245859
saxony-anhalt,2020.7185792349726,0.0062923806967118065,-0,0.005741116915482853,0.005444685034233358,-0,-0,-0,-0,-0,-0,0.0055434954735562566,0.011123989753121252,0.010785918538417625,0.016803914818648753,-0,0.005865930844721004,0.011607695467007982,0.023748622223149062,0.011321632404405547,-0,-0,-0,-0,0.016153708800865068,0.00567350949556945,-0,0.006313183217977983,0.006359988921251389,-0,0.005491489955775094,0.0037805374242024375,0.0037337340426538855,0.003551721292663989,-0,0.0036869307032371557,0.0036817303347937884,0.003702531811699247,-0,0.003671329599461501,-0,-0,0.003790938181377859,0.003837741614408134,0.003978152166262342,-0,-0,0.004581401813715118,0.00872113128729869,0.007660164184941631,-0,0.009792521994884472,0.003166896432976778,-0,0.003000486564872446,0.0028808798011093497,-0,-0,-0,0.002662468159768038,0.0026676684262789594,0.0027456724863896592,-0,-0,0.0031564958006180316,-0,-0,-0,-0,-0,-0,-0,-0,-0,-0,-0,-0,-0,-0,0.0051118512516052615,0.004331780421159893,0.0029900859657976397
saxony-anhalt,2020.7377049180327,-0,-0,-0,-0,-0,-0,0.005340674248317607,-0,-0,-0,0.016627057976860322,0.00556429769523413,-0,-0,0.011441258584595685,0.005865930844721004,0.011607695467007982,-0,0.011321632404405547,0.011045973123877359,0.0051118512516052615,0.015586735789043028,0.0222815730537926,0.005382278537721043,-0,0.006027149280045188,-0,0.006359988921251389,-0,0.010983559904755745,-0,-0,0.003551721292663989,0.0035829234331317228,-0,0.0036817303347937884,0.007405327271815587,0.0036505281350378074,0.003671329599461501,0.0036973314416898846,-0,0.003790938181377859,0.003837741614408134,-0,0.008897961242292548,0.009220417414162218,-0,-0,0.007660164184941631,0.0032345005940119563,0.013053638300148022,0.015841612800131105,0.0061779669785036575,0.003000486564872446,0.0057567186402568615,-0,0.00537707799972235,0.00775897883421337,0.005325072648370196,-0,0.0027456724863896592,0.0028808798011093497,0.0030576898969653043,-0,-0,0.0030576898969653043,-0,-0,-0,-0,0.003608925231153918,0.004186168495544676,-0,0.01042704534623277,-0,-0,-0,0.004825823921693603,-0,0.004331780421159893,0.0014976215658567178
saxony-anhalt,2020.7568306010928,-0,-0,0.005741116915482853,-0,-0,-0,0.005340674248317607,0.011061576440359837,0.005496690505210404,-0,-0,-0,0.010785918538417625,0.011202006499415215,-0,0.011727322305289757,0.017412515017688462,-0,-0,-0,-0,-0,0.005569498251956764,-0,-0,-0,0.006313183217977983,-0,0.006068754118689121,0.016476209969480418,0.0037805374242024375,0.0037337340426538855,0.003551721292663989,0.0035829234331317228,-0,-0,0.003702531811699247,-0,-0,-0,0.0072805096475691685,-0,-0,-0,-0,0.004612604572039852,-0,-0,-0,-0,0.0032657025441347374,0.009506468917735723,-0,-0,0.0028808798011093497,-0,-0,0.005169056906383001,0.002662468159768038,-0,0.0027456724863896592,0.005761919216217912,0.0030576898969653043,0.0031564958006180316,-0,0.006115559601955722,0.0031772970674157778,0.0032397009177293707,0.006588817410399463,-0,-0,-0,-0,0.01563875140413218,-0,0.020195521214244932,-0,0.009652095742195298,0.020460824908193256,0.008663921724721541,0.005980343876362871
saxony-anhalt,2020.775956284153,0.0062923806967118065,-0,-0,0.005444685034233358,-0,-0,-0,-0,0.016497016565171854,0.00557989936695659,-0,0.00556429769523413,0.016184918503956883,0.011202006499415215,0.011441258584595685,0.011727322305289757,0.005803523842653571,0.0059335385148102425,0.011321632404405547,0.016564638058662623,0.020455622861971112,0.005195059497544844,0.005569498251956764,0.005382278537721043,0.011342436937713953,0.006027149280045188,0.012627132995985318,0.006359988921251389,0.006068754118689121,0.016476209969480418,0.011342436937713953,0.007462535449723384,0.007108885903421963,0.0035829234331317228,-0,0.0036817303347937884,-0,-0,0.007348119156845715,0.0036973314416898846,-0,0.003790938181377859,-0,0.003978152166262342,0.004451390522233534,0.013833839982296826,0.004581401813715118,-0,0.011493270053125997,0.0032345005940119563,0.0032657025441347374,0.003166896432976778,0.01235666803029795,0.0059959456729130785,-0,0.00277167386576647,0.008071026327846035,0.002584464224470131,-0,-0,0.005496690505210404,-0,0.0030576898969653043,-0,-0,-0,0.006349587650215769,0.0032397009177293707,-0,-0,-0,-0,-0,0.01563875140413218,0.01989380493278631,-0,0.009823727880315363,0.004825823921693603,0.010229406095077343,0.008663921724721541,0.005236663670438811
saxony-anhalt,2020.795081967213,-0,0.005990745073540965,0.011488068903929045,-0,0.005325072648370196,-0,-0,-0,-0,0.00557989936695659,0.0055434954735562566,0.00556429769523413,-0,0.005600701603197585,0.011441258584595685,0.011727322305289757,0.011607695467007982,0.029684871383974375,-0,0.005522693260200158,0.020455622861971112,0.015586735789043028,0.0222815730537926,-0,0.0170171841631739,0.012054997228162716,0.012627132995985318,0.012720755811868267,0.006068754118689121,0.02746325093644055,0.0037805374242024375,0.01493134349693433,0.003551721292663989,0.017927489980436632,0.01473888859917765,0.022094293160190178,0.007405327271815587,0.010947152228198982,-0,0.018489286665460354,0.0072805096475691685,0.003790938181377859,-0,0.01591443503276083,0.013350113560393501,0.013833839982296826,0.02290064194637099,0.017443725476314047,0.007660164184941631,0.006464001746029936,0.0065264095407653,0.003166896432976778,0.009267225734339593,0.003000486564872446,0.0057567186402568615,0.01109278308737655,0.008071026327846035,0.005169056906383001,0.005325072648370196,0.01067149493283023,0.013740215162360118,0.020174713138630188,0.006115559601955722,0.006313183217977983,0.012725957084356844,0.0030576898969653043,0.00952727272483302,0.006479603687694912,-0,0.0035205191709188123,0.003608925231153918,0.004186168495544676,0.005028643138811854,0.005210661058478578,-0,-0,-0,-0,0.010229406095077343,0.008663921724721541,0.005236663670438811
saxony-anhalt,2020.8142076502731,0.012590724168666974,0.005990745073540965,0.005741116915482853,0.016335765666323752,-0,0.016460605028178192,0.005340674248317607,0.005533094365837986,0.010999163202516062,0.022312786434970013,0.0332542308478493,0.011123989753121252,0.005392679615272976,0.005600701603197585,0.028607867885026058,0.011727322305289757,0.03483086267467107,0.01187295534942598,0.011321632404405547,0.04418756911843879,0.010224205072293177,0.051979170520600644,0.033420737562001555,0.04308424364899083,0.028363333966020723,0.03616817532375723,0.06316114341664944,0.06999228387067176,0.030356058759776715,0.049449504601761174,0.02646433309740225,0.033597651529979206,0.03554374490386645,0.05738244937152886,0.033176181009125415,0.022094293160190178,0.04073715271478626,0.04381285218285383,0.03306170812423626,0.02218793302268236,0.0327807302933699,0.03411799021843927,0.026885749220666822,0.03182853893489875,0.02670365541504032,0.023056710897638263,0.013740215162360118,0.013084846142679749,0.022983878662088706,0.009698904450954024,0.022848619066712792,0.0190094741930718,0.01545149543332269,0.0359912526101636,0.02303069937322874,0.008320665671008401,0.01613810395633775,0.018104351245178223,0.034612316795295764,0.0320210570929211,0.027478859179937688,0.011529678112048001,0.02141280812906678,0.009470062275339882,0.015909233441330897,0.01834363509023906,0.006349587650215769,0.016200523362532936,0.0032969045129798693,-0,0.003608925231153918,0.004186168495544676,-0,0.020850979858236047,0.01989380493278631,0.013464543060316143,0.004909031709944994,0.019311185343457573,0.010229406095077343,0.01299642397082048,0.01645540338211426
saxony-anhalt,2020.8333333333333,0.018884628711859346,0.005990745073540965,0.028722330965627346,0.016335765666323752,0.03730257643787271,0.010973157708851891,0.005340674248317607,0.016595848008395496,0.010999163202516062,0.027895080734673915,0.022167124149778353,0.04452065310584561,0.016184918503956883,0.016803914818648753,0.017162832023064938,0.041059806385100615,0.029024098476770753,0.05938669843986569,0.062291695253397006,0.04418756911843879,0.06138581861899121,0.05717942585278269,0.0668681753546265,0.03769806154308678,0.05674214712002825,0.048231561196436276,0.04420318238268499,0.06362450795683891,0.030356058759776715,0.07693889110107896,0.034029532274063135,0.04480689886213997,0.056882700597393324,0.0466180903562889,0.018426864511842004,0.014728485652022423,0.011108386417910789,0.04746125274373922,0.0735019229623845,0.033280247486788594,0.040065831333026714,0.026531967553775116,0.06531660454927042,0.0437712171344689,0.02670365541504032,0.027671361234899224,0.04580616912664389,0.0523539463082838,0.026818114304136324,0.019399618253764822,0.03590799507088156,0.031688053161308447,0.033993108458347285,0.044994260574033315,0.048955036958984524,0.03883249603314058,0.03497656043786869,0.028446579426369033,0.023956717655714922,0.03735981751693186,0.021985046867073175,0.011529678112048001,0.027536089446162745,0.022104697581028895,0.025460231900261403,0.012226637297539115,0.00952727272483302,0.022682146201540552,0.009886139707352614,0.028165626531800828,0.010832728267824117,0.02512206746780387,0.005028643138811854,0.01563875140413218,0.006630422698426997,0.013464543060316143,0.02456019911947642,0.01447881554465439,0.04604558047898727,0.025996096965921842,0.02094461748183015
saxony-anhalt,2020.8524590163934,0.031479926786973464,0.017979507937036752,0.005741116915482853,0.02178216150305884,0.010655891733390849,0.027432034463506887,0.02670365541504032,-0,0.027499670178551053,0.039056263556700985,0.011082380869623426,0.022255561917126576,0.026974195013475727,0.016803914818648753,0.0572314830897162,0.058663077528110105,0.06969027851909089,0.04156460727272956,0.03963390045236935,0.07735550873672067,0.02556948549461241,0.0467794351874785,0.0222815730537926,0.05386348724777792,0.028363333966020723,0.0723667318785126,0.08212601859231732,0.05089129499242058,0.030356058759776715,0.054946219460894494,0.06051119408379383,0.05601335740347587,0.039097894830108997,0.04303220057294105,0.02579839853187138,0.03315016442224681,0.04814828405682522,0.018250002150173802,0.04408868522039551,0.014790903366165726,0.029133359559179166,0.026531967553775116,0.0422515606824088,0.035809126916119094,0.05342623639842934,0.036896686957493124,0.05497224695503578,0.0348985080139588,0.05365006673103122,0.04528050893743188,0.032645445212578623,0.031688053161308447,0.033993108458347285,0.032988861874155756,0.03454987528417737,0.036058899458987825,0.04305301779711293,0.03103766100735226,0.02928424428850047,0.03735981751693186,0.030231186033897517,0.03170886584455822,0.027536089446162745,0.0347372000424662,0.009548076540247592,0.02139720170624013,0.025403003918641028,0.016200523362532936,0.03295764208392984,0.017599778050425095,0.010832728267824117,0.020934213293103472,0.015082187022835283,0.03128220750292925,0.006630422698426997,0.013464543060316143,0.009823727880315363,0.009652095742195298,0.020460824908193256,0.017329287219607265,0.02916977997100291
saxony-anhalt,2020.8715846994535,0.04407827639996077,0.011982180400191667,0.005741116915482853,0.016335765666323752,-0,0.03841098308084917,0.02136078673786922,0.05534183877781021,0.027499670178551053,0.016736293013998777,0.0332542308478493,0.03338431417272397,0.043167512679019124,0.04482251231234999,0.0400554233178139,0.052796393423216736,0.03483086267467107,0.035627001859946744,0.07929282459104042,0.06630064911967244,0.07674620657346841,0.0623802012880515,0.044567493212691336,0.0484761885653489,0.06242185123883868,0.03616817532375723,0.012627132995985318,0.06362450795683891,0.09111618184238487,0.07143985111465084,0.049158028369738496,0.029866975629546513,0.04621212815681235,0.028685910867197864,0.07005997496596231,0.04051858201106582,0.055555266238123804,0.029200997487152117,0.025715157310816306,0.02588684247524432,0.04370876462439663,0.04928815148572561,0.05378020108824925,0.027848255643444543,0.044515448652137087,0.041512565717546246,0.03206268273431162,0.0348985080139588,0.04597792063724117,0.022635325804230225,0.039175953557591986,0.031688053161308447,0.05254654047208713,0.02099143635685808,0.03743266989050533,0.05826222711254159,0.03766683892542164,0.023275208216344843,0.042600245051943264,0.0320210570929211,0.030231186033897517,0.03170886584455822,0.033654888530837174,0.0347372000424662,0.04456228875428901,0.02139720170624013,0.01905108942008456,0.019441233793008373,0.023067115511044147,0.024643438491696115,0.010832728267824117,0.016746696362837068,0.025137675008584763,0.03128220750292925,0.02652676490016438,0.03366529526503517,0.019649311988794837,0.004825823921693603,0.05628404953442621,0.017329287219607265,0.044884966160059284
saxony-anhalt,2020.8907103825136,0.03777611816926561,0.03596003101730909,0.01723045438239712,0.027229127846227406,0.026641223399901156,0.021943429291970015,0.02670365541504032,0.04427083991527267,0.032999268475063015,0.0334779743681285,0.027712983394538208,0.06679528173005299,0.07556407658528416,0.03361326161487789,0.0400554233178139,0.052796393423216736,0.023217982639368674,0.029684871383974375,0.028306102789338466,0.06077149746738387,0.08186560828984249,0.04158021974943788,0.027848255643444543,0.03231243728242788,0.07945947878868724,0.06633188893481774,0.05684105508301524,0.04453106201483111,0.08503749456906902,0.06044351541749699,0.056726530090435004,0.04107021460134682,0.042657491962929006,0.03585595917652014,0.02579839853187138,0.029466347131083353,0.02962243578944013,0.054769232846208486,0.05879322443142814,0.04438013303847859,0.0327807302933699,0.05687228921567053,0.026885749220666822,0.051729321496076015,0.048970651654758786,0.0553574553915423,0.05497224695503578,0.030532962301419123,0.061318138814350505,0.0420485962304584,0.042444117433228894,0.07291349513268355,0.0463630624506018,0.032988861874155756,0.03743266989050533,0.04715937821904849,0.02959121802028503,0.038796068853001964,0.02928424428850047,0.026682844734998726,0.04672738841304081,0.04901229086639981,0.05508676808403727,0.025262535503498197,0.025460231900261403,0.012226637297539115,0.025403003918641028,0.04861671970197451,0.03295764208392984,0.045774941640215214,0.014447606865519824,0.0334987877677958,0.040227155835207376,0.020850979858236047,0.01989380493278631,0.013464543060316143,0.02456019911947642,0.03862434106176391,0.035809126916119094,0.0606725820281205,0.05686187783603229
saxony-anhalt,2020.9098360655737,0.025179295140243644,0.005990745073540965,0.028722330965627346,0.02178216150305884,0.05330130825963373,0.027432034463506887,0.04273035175895994,0.033196994287997925,0.04950675905361215,0.011155196437593964,0.044343701971882615,0.03338431417272397,0.059365874675785524,0.07285621490313127,0.05150549943101606,0.07627751745985958,0.06969027851909089,0.05938669843986569,0.11331697899435247,0.08841792789336683,0.06650370825358362,0.05717942585278269,0.0835947571178912,0.09699240076384104,0.08513645636665997,0.08443331083710984,0.07580362498447747,0.082724967237132,0.08503749456906902,0.049449504601761174,0.06429092711928432,0.05601335740347587,0.07466838365251674,0.028685910867197864,0.062676957915329,0.0995087507523871,0.07409035745075715,0.06572792250140694,0.055118001162992085,0.04438013303847859,0.051000602031338736,0.04169991555995001,0.08838667480687899,0.06765959842724736,0.07569947337097646,0.059974973220461504,0.04122633809502915,0.04798693497834227,0.05365006673103122,0.06793555798875794,0.042444117433228894,0.03803110396466461,0.06800845321178411,0.05999579722846092,0.057601090970496545,0.06381714386841089,0.06997666286119751,0.05432676894493024,0.04526489534970382,0.06940910269948743,0.03572586966843318,0.05189588737903802,0.033654888530837174,0.056856672146997765,0.035007781440237876,0.01834363509023906,0.04128878762375218,0.02916457705346386,0.03955584103744631,0.010562272635097854,0.025283345615132038,0.037687654001782055,0.050292712901256656,0.020850979858236047,0.0331605710554351,0.026927370751480138,0.04913720870139721,0.03379537961823492,0.035809126916119094,0.05199999132683292,0.050126152153479826
saxony-anhalt,2020.9289617486338,0.0062923806967118065,0.011982180400191667,0.02297867636345579,0.04902270067452132,0.031974228286176395,0.043901326771355345,0.06945596523050415,0.04427083991527267,0.04950675905361215,0.07255940017875696,0.08317808949135633,0.05565417194359651,0.10798604729472615,0.056034179825060024,0.0572314830897162,0.08802205685236349,0.040643479443550776,0.118841297124105,0.05662762234528283,0.08841792789336683,0.06650370825358362,0.06758149693044782,0.07244484056284078,0.09160063222236234,0.0965026904903786,0.0723667318785126,0.07580362498447747,0.15282876313284782,0.09719557978414188,0.07143985111465084,0.07564739764245053,0.08217289258525733,0.11382248182460615,0.07532973682778829,0.08851168726555038,0.07000269787959686,0.07038281063269912,0.07303847039799351,0.05879322443142814,0.0813968730317115,0.0874542996989647,0.06066737595758469,0.0422515606824088,0.06367657164635179,0.07569947337097646,0.0553574553915423,0.09624220818133872,0.11787189318422071,0.11502632793861349,0.05175534738011686,0.0881887390286246,0.05705448869677495,0.06491570284082832,0.05999579722846092,0.0662433761739864,0.07492355041646409,0.06458769465103469,0.0646762045936596,0.06125045909779729,0.06139623090444711,0.05772602943979995,0.060552842537606184,0.061208810085238104,0.06001662124479957,0.035007781440237876,0.02139720170624013,0.022229550793465908,0.0421318636020912,0.04285005021692715,0.028165626531800828,0.050578990433010104,0.037687654001782055,0.02011228896174468,0.026068933420563725,0.02652676490016438,0.013464543060316143,0.039306051697124464,0.05794987828136857,0.03069425723155213,0.043328846804145935,0.06659742812129714
saxony-anhalt,2020.948087431694,0.031479926786973464,0.02397232484672574,0.005741116915482853,0.059922913236947,0.026641223399901156,0.021943429291970015,0.05342103105331768,0.033196994287997925,0.04400021031311559,0.08931906663284382,0.044343701971882615,0.05008971706102237,0.07556407658528416,0.04482251231234999,0.0801417249791171,0.09389271671730506,0.07550158588002946,0.11289486183930388,0.1246581003060771,0.13268072704052764,0.07674620657346841,0.13004808475184268,0.10591218633973193,0.07003393991888583,0.06810217579154891,0.10254624638038597,0.0947679029047681,0.11457813954875325,0.1397764920563128,0.08793871596459608,0.10215026776763798,0.0896472308620131,0.06399416128119675,0.06814903714477409,0.10327568856053589,0.07368938809432042,0.10004537944276083,0.07669412979667488,0.06982566001151784,0.11472927241132796,0.04370876462439663,0.11001309182487953,0.06915916991398163,0.07164293031809112,0.10244725144450799,0.06920603221976453,0.11459377396244048,0.0872824111410459,0.08432914193765323,0.10032151092683471,0.07838144389483122,0.08243330442658663,0.12991254638029995,0.07500687044730293,0.0691279284002573,0.07769922079895633,0.08344371471749915,0.0698569019444411,0.10390093285921707,0.06673800823957492,0.05772602943979995,0.07497562542009331,0.07039843176418228,0.07898034941002852,0.07641291610321321,0.05504512400794593,0.03810916109077172,0.0421318636020912,0.03955584103744631,0.045774941640215214,0.05780932191944251,0.016746696362837068,0.0452596908215068,0.04693037112793482,0.06634230221070346,0.08082918820976204,0.06388482692567367,0.028966866572847146,0.07164813748758547,0.06500941984650686,0.13177883655433192
saxony-anhalt,2020.967213114754,0.025179295140243644,0.041954920596754805,0.04596751143863206,0.05447252134363683,0.03730257643787271,0.07135653679907603,0.09085051742112732,0.03873362231784216,0.03849944847889435,0.08373017481538565,0.07762631198984751,0.0612244284610415,0.03777091439053865,0.061640920212855506,0.08587086295998554,0.08802205685236349,0.13365562047675528,0.11289486183930388,0.10197312041711361,0.12161410063719233,0.12284418863785818,0.15609364677881235,0.09475227445082586,0.11317627289526799,0.12491872499740199,0.18714636329422626,0.08212601859231732,0.10820490176792602,0.09719557978414188,0.11545367395449195,0.12487702495900868,0.11208711634165153,0.12450693858363182,0.16874309477705185,0.08481873757953697,0.12902634265747867,0.140861014627774,0.13886405068252747,0.08821478316692585,0.07399141667287135,0.10934087549867683,0.07964175742893319,0.1345627569882939,0.14736862509898582,0.11582369590274444,0.1107739052819903,0.11459377396244048,0.12661281733169832,0.0996754697525211,0.12300055784118297,0.1176165155839283,0.11099798260028801,0.09895128797747296,0.1260759144025092,0.11526084665884329,0.105474497612774,0.10769424276328075,0.11907062112945839,0.08790225436820005,0.09880020096502821,0.13204471015840685,0.0894076186811438,0.08571460536934276,0.08530312929357695,0.08916279868018656,0.06116195498598568,0.06035501267909344,0.06807614172467283,0.08573543968763245,0.045774941640215214,0.07950635037800766,0.06701916961628962,0.06035501267909344,0.13568887950148167,0.11947715253356053,0.040398888919763454,0.07863662887965775,0.048288814307289096,0.10238472842421725,0.09971193960505131,0.15501923751831698
saxony-anhalt,2020.9863387978141,0.031479926786973464,0.0299658324870681,0.040216747787704746,0.027229127846227406,0.03730257643787271,0.032921219019025824,0.02670365541504032,0.03873362231784216,0.016497016565171854,0.05022504753312871,0.07762631198984751,0.022255561917126576,0.07016411528463071,0.061640920212855506,0.06295809733495329,0.041059806385100615,0.06969027851909089,0.05344705778406935,0.10197312041711361,0.08288642413928374,0.10747539043929671,0.11962829963531814,0.05571663880187674,0.14016232922520777,0.09081926287256281,0.10254624638038597,0.08212601859231732,0.06999228387067176,0.13369211416883378,0.09894086816941755,0.07943343903509957,0.07843352236145838,0.14944414010949078,0.08610004160894476,0.07374666924165656,0.10688657804512777,0.07779816863196623,0.12057167595735115,0.08821478316692585,0.07028908394232902,0.10569334151574764,0.08343850636668683,0.06915916991398163,0.11148782940291133,0.06679007504649638,0.09691425519818925,0.07789711665325866,0.11787189318422071,0.08049066351340668,0.11651684269447746,0.12088961326987721,0.08878254862370434,0.083480173187769,0.11405699511557599,0.09507005393761044,0.11658980605214105,0.12656590326248052,0.12166101023913024,0.10390093285921707,0.10414582225844154,0.09899817713955758,0.10384361848551989,0.10103529155703013,0.0916318872405718,0.1050993387790001,0.051984375721374265,0.09215280697645946,0.09727893550931005,0.07584007809849119,0.06339542834226018,0.054196633219874876,0.05025627769209413,0.08552188832089341,0.052145737203879765,0.0796209255519945,0.026927370751480138,0.05405088159445467,0.11112826055481881,0.10238472842421725,0.10405203469268608,0.16627555881079384
saxony-anhalt,2021.0054794520547,0.031479926786973464,0.0299658324870681,0.01723045438239712,0.027229127846227406,0.021313967530290846,0.032921219019025824,0.02670365541504032,0.027666158467289727,0.027499670178551053,0.016736293013998777,0.05543553853056972,0.03338431417272397,0.016184918503956883,0.04482251231234999,0.02288503507700988,0.052796393423216736,0.029024098476770753,0.06533222415891268,0.07929282459104042,0.10501076000488377,0.06650370825358362,0.036381524102531655,0.08917321652908738,0.07542347260406294,0.06810217579154891,0.09047025502303901,0.10741807212570094,0.11457813954875325,0.09111618184238487,0.09894086816941755,0.07943343903509957,0.10834559441566918,0.08534479760878093,0.0896889026583522,0.0995869002171453,0.0884439721464631,0.07409035745075715,0.08400101126832642,0.08453747994523722,0.11843477069101443,0.06922165299773993,0.0720490911042908,0.06915916991398163,0.08757410115109715,0.07569947337097646,0.09691425519818925,0.13753973568558786,0.08291767392018562,0.0996754697525211,0.11003914689617886,0.06531139801376946,0.11099798260028801,0.08657402792855791,0.09903464651708185,0.10660520102527593,0.11658980605214105,0.11578200315723085,0.09834173271786294,0.09323633674301507,0.08811060669197428,0.1292869892434668,0.10961705634843671,0.09796662534036382,0.11377036790357328,0.0859750349479349,0.10095713991549311,0.11123769428885996,0.08429789130850805,0.07913658676582404,0.052822419841336087,0.10844460058115789,0.09217885310024139,0.09055880903174293,0.05736162641004863,0.1128323262559037,0.1617842135406448,0.06388482692567367,0.14499596444695828,0.10238472842421725,0.11273331173599561,0.18878507609790038
saxony-anhalt,2021.0246575342467,0.04399500591148987,0.0061415626664147295,0.011748127000910156,0.05109949907406189,0.016153708800865068,0.03681863165140663,0.05965220216285492,0.047726695584121286,0.03291601572611887,0.04361508599993017,0.027697375080772323,0.06617048342525081,0.06082355830046883,0.02682331698690273,0.04443738190897566,0.022744573463521888,0.06377028641883636,0.11575073362003892,0.09373643501954602,0.12809845141561282,0.11400488095951565,0.14698794917558577,0.14391657004494007,0.10389572245900044,0.10054554320832157,0.061729425139871404,0.13205513660195325,0.13285276573058757,0.14532969478703225,0.12054040353981298,0.14677936081038356,0.12093131011079145,0.11140445089786746,0.13478693684068924,0.10708979572859668,0.13894225931578735,0.1316745727669526,0.13215940115239436,0.10528691785755975,0.10951804795061054,0.11789795219354224,0.17436200149460784,0.13631451365790642,0.11894553518298111,0.0914287299580194,0.12888559404427483,0.12448608872536515,0.12357391560971956,0.17439330629682562,0.1304807673019494,0.10051949289344304,0.13436985881912425,0.14339513150028108,0.12729568246418982,0.13256603489670132,0.12171834425452328,0.15949435057244438,0.1440052151175397,0.11494815526690823,0.11829926258623263,0.1487453393730892,0.10884062712816589,0.12280770255807628,0.09937329195836292,0.11560480936174027,0.10734512163613391,0.09361661936934741,0.09754463277502726,0.0766108070622905,0.11529732744371551,0.11251964946699573,0.0783554046810794,0.07810542889247452,0.10436466056969598,0.06492090933671017,0.17293243560776977,0.11276979074770918,0.14981961901056598,0.14274334067237912,0.21748135644633285,0.21834295954125366
saxony-anhalt,2021.0438356164384,0.031422692180069635,0.02457580649161621,0.035252346607322294,0.03406075270783216,0.021537659680270146,0.02103305317005181,0.03253097349605066,0.053035836961240784,0.03291601572611887,0.059980179221676665,0.016616654651957382,0.04410429845495134,0.06635271548867451,0.042928114577088256,0.055555266238123804,0.06825838046653337,0.06957051826190214,0.09257996505390262,0.14066809309334682,0.10579755322182578,0.13575144257839977,0.09118390044135224,0.11818981399016366,0.12579443352841987,0.08465727467756495,0.11790837580092856,0.12003483539934195,0.1835559883798231,0.1263521841494431,0.16279095058364185,0.13044948892459632,0.12093131011079145,0.12627920709250548,0.15965604601536817,0.08565731103709066,0.10965874415128248,0.0987220526825703,0.1431865575464745,0.1016552987420246,0.1168295435195708,0.09945665117446231,0.07620981827039307,0.08704801856864756,0.1112637499737648,0.09540346401136256,0.11108657157385665,0.1337181811074324,0.17859353815471926,0.13510496108001296,0.14200813042374946,0.11025801001052964,0.15077918852011024,0.13701314736179646,0.1459502303318758,0.11748622137308458,0.1304234236244996,0.12027458875007699,0.1086426134776498,0.09664335147981269,0.12098864332163896,0.13791512863748578,0.11443221858099406,0.11987847511397356,0.12424631595617258,0.11560480936174027,0.11385896160040203,0.09673712568415481,0.07802210389664586,0.10662083304198854,0.09153812224230162,0.12705589673959886,0.07088789626118955,0.06941951659161984,0.11481265624766859,0.09199132130022782,0.14522018928310182,0.1621806465265192,0.14981961901056598,0.15295393061205365,0.13038171917152547,0.2226773007419804
saxony-anhalt,2021.0630136986301,0.025137675008584763,0.03072027258971668,0.04700323691116025,0.017027587568208664,0.005382278537721043,0.026297848656494666,0.06508231096769956,0.053035836961240784,0.03840057539685578,0.03270788443690115,0.06650370825358362,0.04410429845495134,0.027634941872547066,0.02682331698690273,0.016658267964057123,0.06825838046653337,0.06377028641883636,0.07520475605560152,0.09373643501954602,0.10579755322182578,0.13575144257839977,0.10132705872322209,0.0719084966269846,0.11484392522077036,0.1270350458592801,0.06734198640505012,0.09600777521881765,0.09486167372707782,0.13900482630708894,0.09037649211937324,0.1685552866543507,0.06420762425690744,0.08167290550559564,0.0673523998832152,0.07851164015919083,0.08405309536330766,0.12068634164922915,0.058694312755200116,0.05806440596828428,0.08759493621442582,0.09208508711569283,0.06895089351036592,0.1173611392378224,0.07670975282423968,0.07949072651020846,0.09774260416936317,0.1290993235698645,0.08234997249547088,0.10456786839764372,0.12663888072177035,0.11025801001052964,0.07533494436648473,0.10830911850748232,0.10554223491289355,0.11446869878454372,0.0840114280831492,0.12307874261917741,0.1168034850456546,0.08879817528356496,0.08600628658501575,0.11355149000557574,0.08649589801804983,0.09646622288856357,0.09626304671803945,0.08667820132517381,0.10083730762659208,0.07800127266855121,0.08127187767647293,0.08661048859363366,0.0644002623286713,0.09798746456812676,0.10076436636854966,0.082448929178535,0.05215614763930052,0.09740917909738157,0.0967683837898426,0.11982635512332962,0.1394740811414408,0.183602953893336,0.17935535568357897,0.21112160067086286
saxony-anhalt,2021.0821917808219,0.018853417388396066,0.055310605564410184,0.029372694160960736,0.05109949907406189,0.04847098371572723,0.026297848656494666,0.037953046955728764,0.047726695584121286,0.03291601572611887,0.059980179221676665,0.027697375080772323,0.06065175774909876,0.0442292045001874,0.04829401913867109,0.06667552814008557,0.03980563157767228,0.046373471728391395,0.06362971432344736,0.08201143789855991,0.0723667318785126,0.06511355005091747,0.06583726073226559,0.05135455021016223,0.04918925788787994,0.04230880720952247,0.06734198640505012,0.03598084541046255,0.0632236192936038,0.07577237947852171,0.09037649211937324,0.1086843004993087,0.07932928015113494,0.10768903198295486,0.07089831044947996,0.05351993269948451,0.03652722621056747,0.051167165580086396,0.0917412799522426,0.07985528464871892,0.0583819613286117,0.058912959870170284,0.07258022922694818,0.07189808223637938,0.06519164784106478,0.03973277587948891,0.05329089759494853,0.07373104710430926,0.07777212971028441,0.0740486981529114,0.07671496050113384,0.061588858561446407,0.09172565240791679,0.06368177801817299,0.06205741530056891,0.13558460787389456,0.11881523764203054,0.09227782848958005,0.09504921587897956,0.10186891637518185,0.11291570705048298,0.07837623605103423,0.07812105234405406,0.08768869410270663,0.08383434251496245,0.05456101407074061,0.08455831379190511,0.05614870329280817,0.05525334472190322,0.0766108070622905,0.05761670826274095,0.04715417350122899,0.07462151642382209,0.034700775731061395,0.06259365763845329,0.02704183013301061,0.03453946837294732,0.11276979074770918,0.10327568856053589,0.09682048067442035,0.12493957502913297,0.1670997967017578
saxony-anhalt,2021.1013698630136,0.025137675008584763,0.03686546482099745,0.01762058509569122,0.017027587568208664,0.02692216805830875,0.010515463149157066,0.016262942843654794,0.026511156942443794,0.06036021871835655,0.021802970221906862,0.03323862087072909,-0,0.011051174228849372,0.03755755991123014,0.02221394412551947,0.028430970892399748,0.02318156639590512,0.023129543235192472,0.1113314948156288,0.05565417194359651,0.05425909832725232,0.06077149746738387,0.04621733278034269,0.06559255167695961,0.021152701693511106,0.05050091458622938,0.023982729643337277,0.0632236192936038,0.04418756911843879,0.07831894980372585,0.07061712809771505,0.07554845390193152,0.051958349722705036,0.05671091306553775,0.049949181943532414,0.04018031963785379,0.04385448726457489,0.033009675078052914,0.05443087775946044,0.0583819613286117,0.05154714067249704,0.039904507331330934,0.03782815598514792,0.04984508210137078,0.05961055443038754,0.062177158255690715,0.055289783432565645,0.036584466436134756,0.0740486981529114,0.053686504318222444,0.07780337641786379,0.06222401426971692,0.05730956904282846,0.03412319363161541,0.0662433761739864,0.055029507488012754,0.061500353873676805,0.07059109277168506,0.06528015881169388,0.08869920651707591,0.051338934798528385,0.06137020019471945,0.07891264670163568,0.04966290787905651,0.04171552807728913,0.05527416683915676,0.04366712965935757,0.032494550730002576,0.043287212143289566,0.030496540934826247,0.03264024194727222,0.03356643137424577,0.05639857355248293,0.026074136028373922,0.02704183013301061,0.04836168199407969,0.08455310532945849,0.06194287881889401,0.08662090593120887,0.0923195023940835,0.12311001656329179
saxony-anhalt,2021.1205479452055,-0,0.07375708400249739,0.052884883297957694,0.017027587568208664,0.021537659680270146,0.02103305317005181,0.03253097349605066,0.015904031850427058,0.01096795661168318,0.010900342395795225,0.016616654651957382,0.03858791402744222,0.005527893812761903,0.021459627425638325,0.016658267964057123,0.01136844261605168,0.02318156639590512,0.03469557226008304,0.052707903699061254,0.01668947796998015,0.0379738621466557,0.04557196343549718,0.030803521823315843,0.03278593357273398,0.04230880720952247,0.02805116467661672,0.029981441481754627,0.05057378537291367,0.04418756911843879,0.036131750009987265,0.07605358970800746,0.033982701658544,0.04453106201483111,0.024804715154559683,0.021402403846663844,0.05845484316033447,0.051167165580086396,0.0660351114486936,0.04354222496423847,0.03283276311046914,0.0662850292191406,0.036277451418165865,0.03782815598514792,0.0038325412308768125,0.015888427080825895,0.026641223399901156,0.0414605242144518,0.05030832799871698,0.03918636139677676,0.04985028708853226,0.04537419056222851,0.029466347131083353,0.03819762597534099,0.05894940114538459,0.05117757581959828,0.03474760699326894,0.06430133998646459,0.040716336417706674,0.03132383255288551,0.05105265308300593,0.062151127155035346,0.0557895168980467,0.03505981648583682,0.034138803874279464,0.025668334182533628,0.02600129956643897,0.028066773096576427,0.03574668396785748,0.03329585747640478,0.03388383716429119,0.02538739629821702,0.041028581748861724,0.017344892421598913,0.041720732250773315,0.06492090933671017,0.041450115920081715,0.07045050223636083,0.03612134278216725,0.03564781611979677,0.054285125477477714,0.08204268715363666
saxony-anhalt,2021.1397260273973,0.012564717879042194,0.04916323328812339,0.035252346607322294,0.0397379798545483,0.005382278537721043,0.026297848656494666,0.016262942843654794,0.021204722876538334,0.01645540338211426,0.03816119923994037,0.03323862087072909,0.027562103224358234,0.005527893812761903,0.016091289450864764,0.055555266238123804,0.017053596089904432,0.046373471728391395,0.04048215364976119,0.023415671263178877,0.05008971706102237,0.0379738621466557,0.035439673896214906,0.06163050787840381,0.03278593357273398,0.03172967853613814,0.05611226398025767,0.053983211335809564,0.05689831767388896,0.08209476928716274,0.018062736775831804,0.07605358970800746,0.05287447271664255,0.04824717567496483,0.028347725457044493,0.039243604549532005,0.05845484316033447,0.04750809549946297,0.0660351114486936,0.07259064375417251,0.05473279450031702,0.022083888741433234,0.05079760342765161,0.04161144471692278,0.05368129894706296,0.023837062680235832,0.03996175127464278,0.050677886673886896,0.036584466436134756,0.03918636139677676,0.061359787914475834,0.04861671970197451,0.05567499422135209,0.035018188445193214,0.06205741530056891,0.048169103329226276,0.04633703926524695,0.061500353873676805,0.06516040871092947,0.06005306329345557,0.05373855805850542,0.054040470779700006,0.04741441003021243,0.03505981648583682,0.02793150027922066,0.03529917836627809,0.058527725094200844,0.024945182332989004,0.02924262087116468,0.023306422193959144,0.04066429571146475,0.050787193264208746,0.03356643137424577,0.030361261796526377,0.015643952968499925,0.021631298540399815,0.062187570699602734,0.021126691121516255,0.09293940566693829,0.06622775629065258,0.0923195023940835,0.0625988639018515
saxony-anhalt,2021.158904109589,0.012564717879042194,0.04916323328812339,0.052884883297957694,0.04542103143791714,0.05385828185890182,0.03155797407972988,0.05422786576418694,0.026511156942443794,0.054868137056629775,0.01635137057016812,0.03323862087072909,0.03858791402744222,0.03316577437281314,0.021459627425638325,0.027770213918436898,0.028430970892399748,0.04057062257147433,0.05784055663370483,0.035132665637161324,0.0723667318785126,0.0488301195616166,0.030376870909910564,0.035939216632492915,0.06012594746739015,0.047601781137507425,0.03927482811395119,0.029981441481754627,0.03792182418496114,0.06313511182340843,0.07228862331151054,0.048882168440720464,0.056653650681028414,0.07795961023739693,0.04961606318218475,0.039243604549532005,0.0767357912139374,0.08408434584533724,0.044015823521106445,0.05443087775946044,0.07298639733428208,0.03312935116212396,0.06895089351036592,0.06432737216353493,0.0575177988243929,0.07153878703776881,0.048850939107006414,0.07373104710430926,0.05488375352810062,0.056612005350090255,0.053686504318222444,0.03564781611979677,0.05567499422135209,0.047752719464939156,0.05894940114538459,0.027088654498067428,0.06951844867089224,0.05590924542062987,0.06787828324235139,0.04438013303847859,0.040300012226055996,0.0486323342961583,0.04183522419926048,0.043828465334589756,0.05898063654445748,0.012829982643439736,0.02274977573873999,0.03742746614614804,0.01949325326389783,0.026636020735359246,0.044057458765341895,0.0435266118984468,0.03729737270653412,0.030361261796526377,0.031287410632354476,0.04327159915406562,0.03453946837294732,0.07045050223636083,0.030959614495534173,0.040742356790355296,0.04885614399465342,0.06908106616486713
saxony-anhalt,2021.1780821917807,0.006281979439199475,0.04301138335710295,0.005871131431604497,0.022702955280536542,0.05385828185890182,0.026297848656494666,0.03253097349605066,0.04242330045281737,0.03291601572611887,0.021802970221906862,0.04432808866544464,0.04410429845495134,0.038697195206966725,0.04829401913867109,0.03888453490618025,0.028430970892399748,0.046373471728391395,0.04048215364976119,0.02927383843104301,0.05565417194359651,0.0379738621466557,0.055706227653618885,0.030803521823315843,0.06012594746739015,0.09524717777311839,0.05050091458622938,0.04198094158918831,0.06954969041924147,0.03155797407972988,0.06023527391983167,0.09780512160837417,0.033982701658544,0.04453106201483111,0.060256098032071825,0.04637867636807048,0.04383366971954734,0.06579560804578126,0.0843968516985602,0.05443087775946044,0.025533067604319865,0.05523252261298737,0.036277451418165865,0.05675255847568841,0.04600914824557059,0.043703560251945855,0.01775583109285882,0.0599020892581348,0.05030832799871698,0.06968507154564868,0.061359787914475834,0.061588858561446407,0.026193796151603447,0.05730956904282846,0.05584677833097377,0.04515560036689872,0.06372342901147951,0.03633469136879395,0.03256739628761064,0.03393587108520574,0.06180231166345988,0.054040470779700006,0.06974234828215517,0.05551882734142537,0.046555634427008205,0.048137874423750476,0.045514713315881195,0.034305313420909346,0.0389938167090741,0.03995654727719487,0.030496540934826247,0.014504822791571606,0.03356643137424577,0.039035447932492855,0.05215614763930052,0.021631298540399815,0.03453946837294732,0.06340063468593267,0.04128878762375218,0.03564781611979677,0.06514999567172149,0.061880404480677165
saxony-anhalt,2021.1972602739727,0.031422692180069635,0.07375708400249739,0.04112745982793685,0.09656520643870978,0.059246138194162114,0.08945970819175456,0.08679279230249998,0.058340314613490145,0.08781891367243505,0.08726678493668494,0.08314163123287827,0.07720969218456054,0.049756597399390125,0.05903269558461643,0.07223134377027683,0.05118278094013288,0.046373471728391395,0.06362971432344736,0.06442629455526408,0.0723667318785126,0.11944066881619454,0.07597547560282895,0.08732928978230901,0.038254868039676496,0.06347872990352608,0.05611226398025767,0.06598825200045613,0.06954969041924147,0.056820232338330626,0.07831894980372585,0.07605358970800746,0.049095569389721865,0.07052860804239033,0.06380152471385736,0.07493917291207998,0.09502316831743671,0.07311137277480335,0.0660351114486936,0.07622023352457465,0.02188620518059192,0.09208508711569283,0.07258022922694818,0.05296816802351142,0.04217349733790853,0.031781710301532415,0.09329884876455947,0.08295413202163715,0.05030832799871698,0.06968507154564868,0.06519685436457569,0.055102384621166824,0.08517291602377208,0.05730956904282846,0.06826358729711711,0.05720545446473802,0.06661825478150546,0.05590924542062987,0.05429553634121432,0.03915513788547763,0.040300012226055996,0.04593107925991204,0.08370413292309198,0.07306450694940986,0.0527703670181296,0.048137874423750476,0.029253026722375113,0.028066773096576427,0.022744573463521888,0.03329585747640478,0.023717407980089054,0.0290136926713774,0.03356643137424577,0.017344892421598913,0.031287410632354476,0.03785937869966785,0.02762973910857567,0.04930376628152293,0.030959614495534173,0.030553774522355855,0.05971467382409355,0.051802194004223735
saxony-anhalt,2021.2164383561644,0.03770846908647452,0.09221531769544673,0.09993596926032958,0.028384145318614166,0.04847098371572723,0.07366335123002246,0.07593381479471223,0.09550244553853429,0.1097994407326424,0.07635042437785693,0.06095891671041996,0.049621268146422426,0.03316577437281314,0.05366568283669936,0.06667552814008557,0.06256242006903343,0.06957051826190214,0.10416145353584362,0.09373643501954602,0.11137318399294341,0.08140728932487756,0.08104272030555179,0.06676924831747175,0.06012594746739015,0.058184139728855507,0.07857413448186808,0.08399580286170043,0.08220414193736,0.07577237947852171,0.08434476725927151,0.13044948892459632,0.10201480209235744,0.08167290550559564,0.07799085705763328,0.06780018141709734,0.08039171055687414,0.08408434584533724,0.08072502652999969,0.1089240015223887,0.05107867862838363,0.07733988551514773,0.06895089351036592,0.0794751026470978,0.07287183677765864,0.05961055443038754,0.05773644099245908,0.09679443222561011,0.05488375352810062,0.08712614930872083,0.09590879272975168,0.07131487969135163,0.07861579740538267,0.07642853904628381,0.06205741530056891,0.04515560036689872,0.0782147931521246,0.06430133998646459,0.062442676226742266,0.07573071883312478,0.10215026776763798,0.05674214712002825,0.0557895168980467,0.06429092711928432,0.05898063654445748,0.04171552807728913,0.05527416683915676,0.028066773096576427,0.0389938167090741,0.03329585747640478,0.03388383716429119,0.021761352792532013,0.02610535168614876,0.04771628603544198,0.046940780519288,0.010811923938442575,0.02762973910857567,0.04225676490953954,0.030959614495534173,0.030553774522355855,0.04885614399465342,0.03524714308114974
saxony-anhalt,2021.2356164383561,0.06915396299372702,0.11068010576102655,0.14703488167307027,0.09656520643870978,0.09159021388713387,0.13161201459486851,0.15741843438959557,0.15926484822641365,0.12079058340671035,0.08180831819831028,0.11643866778202021,0.10481276093776384,0.07742320941779338,0.06977359016502424,0.10004537944276083,0.1024159899249628,0.09859180580612742,0.10416145353584362,0.10546407649750997,0.1671467473546638,0.13575144257839977,0.12161410063719233,0.12847898907944155,0.10937214118162447,0.09524717777311839,0.10104571178477653,0.108022522976298,0.10752228728832294,0.10738159686812182,0.1084706548665621,0.17400199762366592,0.1360642590920621,0.14859410761397696,0.10993492668930649,0.07851164015919083,0.1060007666493867,0.05848087241070243,0.0843968516985602,0.07259064375417251,0.10951804795061054,0.07733988551514773,0.10527649677988776,0.10599034542865461,0.11510450072783751,0.07949072651020846,0.09329884876455947,0.12448608872536515,0.08692821832853562,0.10020689013279582,0.13432293775103987,0.08429268287214599,0.10156672583442335,0.11149825172544202,0.11486477121328424,0.12050391907645791,0.12462161295353259,0.08108438520696994,0.08146457897459046,0.08879817528356496,0.11022153276083595,0.09731019394069675,0.08649589801804983,0.08183956733132301,0.07762110422168288,0.06740446730531582,0.05202081214140184,0.05614870329280817,0.05850169582038018,0.0299658324870681,0.0508340390161108,0.036272247789418094,0.02610535168614876,0.04771628603544198,0.05215614763930052,0.03785937869966785,0.05527416683915676,0.03521592193507238,0.07227300161219152,0.040742356790355296,0.086881340048841793,0.05827784460334798
saxony-anhalt,2021.2547945205479,0.06286438402618895,0.07991257258856975,0.10582360618097635,0.06814383032566618,0.09698719105580757,0.08419372268033551,0.09765403792609657,0.06895610041029239,0.10430213524393123,0.13641878674912958,0.12754068206395913,0.1213795532622576,0.07742320941779338,0.10738159686812182,0.10560476172978536,0.06825838046653337,0.06957051826190214,0.09836778194177677,0.14066809309334682,0.11694941266776329,0.15206211889683366,0.12668579485682227,0.09761235974616546,0.07106493774577399,0.06877385922319078,0.1122851431091383,0.09600777521881765,0.14552784818985579,0.13900482630708894,0.15071660736016662,0.16311436247476557,0.12471543762609043,0.09653915811777417,0.1205821001007099,0.12853633061268555,0.10234304645245036,0.07311137277480335,0.11010689014265976,0.1016552987420246,0.1168295435195708,0.1695621547973411,0.11981071913632617,0.08704801856864756,0.11510450072783751,0.07551720854930126,0.03996175127464278,0.11525563512023898,0.08234997249547088,0.09584627757058095,0.13432293775103987,0.08753763981035662,0.10484402389824087,0.08917842545432338,0.07137215822308132,0.1084393897256401,0.09271019687305321,0.1482864305651644,0.1004882325328118,0.07573071883312478,0.08600628658501575,0.09731019394069675,0.06416076645546802,0.07891264670163568,0.09004832328792742,0.05456101407074061,0.045514713315881195,0.05614870329280817,0.08127187767647293,0.0666130481156685,0.06101097773113807,0.0435266118984468,0.041028581748861724,0.06507710445565737,0.0730332630892781,0.05950643524515318,0.041450115920081715,0.06340063468593267,0.07227300161219152,0.030553774522355855,0.054285125477477714,0.059719879799254576
saxony-anhalt,2021.2739726027398,0.031422692180069635,0.07991257258856975,0.023498908803311888,0.05109949907406189,0.09698719105580757,0.06312990550632057,0.08679279230249998,0.08488123948264159,0.12628441973603602,0.09818543764839668,0.11088854937071717,0.07168979486228885,0.09956606034839179,0.10200959188112192,0.08335517282468916,0.08533438052684968,0.13923945319493772,0.10995577071396581,0.11719436352549853,0.1671467473546638,0.15206211889683366,0.1063967745847782,0.15421083741882236,0.15865980144210706,0.08994935214207346,0.08419372268033551,0.09600777521881765,0.13285276573058757,0.10738159686812182,0.11450517901368581,0.1086843004993087,0.09823232611991341,0.1151201352997823,0.08154270132591035,0.10352057501523264,0.12063943292653287,0.14265991203620504,0.1137807906836016,0.13436985881912425,0.09125161912850836,0.11789795219354224,0.0798448686664354,0.10977859677064154,0.122786853381122,0.08744909094643435,0.11553705895244504,0.10141042107139757,0.1098307066913097,0.10020689013279582,0.11510971225129488,0.14273291208554234,0.11140445089786746,0.12744163953356286,0.10554223491289355,0.0692528945677739,0.12171834425452328,0.12027458875007699,0.10320795421283911,0.057439712558591385,0.11291570705048298,0.1270819603517517,0.09207987789928945,0.09353847887664919,0.09004832328792742,0.07382998738678877,0.07479336313555021,0.06551445328470075,0.05525334472190322,0.0299658324870681,0.0644002623286713,0.0435266118984468,0.05595609578711482,0.039035447932492855,0.06781580177276138,0.07033074022830382,0.062187570699602734,0.07045050223636083,0.08260517695625974,0.06622775629065258,0.07601713644432308,0.05539909971776432
saxony-anhalt,2021.2931506849316,0.05657556571287094,0.07375708400249739,0.07640770845656222,0.05109949907406189,0.04847098371572723,0.12107203719571982,0.11394755544817609,0.14863061179142772,0.1537831727716912,0.11456771660890464,0.1942078092564742,0.1213795532622576,0.09956606034839179,0.10738159686812182,0.10004537944276083,0.13660126516191082,0.17410634631525096,0.17372025720231046,0.19939098846103698,0.24533664153909926,0.16838312980440953,0.1419090603339171,0.1851058727231817,0.14222712813420144,0.14293626990620975,0.1460180203778793,0.17414286840678078,0.09486167372707782,0.1326755137557775,0.12657111593475046,0.21759623603414566,0.12093131011079145,0.1448708161216265,0.07799085705763328,0.1392603089695363,0.08405309536330766,0.12435056485041059,0.165247888094552,0.14528276382853486,0.12779610840766706,0.12527317667389024,0.12344881883012178,0.11357233547997295,0.10742328287886899,0.11132107252652101,0.0844072685926794,0.11986805111166557,0.1006705849014138,0.12637824740888112,0.13816539211098225,0.09727372577256954,0.09828442447117665,0.10830911850748232,0.09311131292537884,0.08130833462404603,0.1333271784005363,0.12867707828053274,0.10592781814812054,0.10710021716966985,0.10753270881607313,0.10542760261052947,0.09207987789928945,0.06136499405433992,0.10558913001851097,0.07061712809771505,0.1106019396228087,0.09361661936934741,0.07476732571848216,0.03662609573067052,0.08814706843446984,0.050787193264208746,0.03729737270653412,0.05639857355248293,0.041720732250773315,0.048679178106830694,0.07601713644432308,0.09865953414116792,0.06710768369766308,0.08152186868741501,0.06514999567172149,0.056117469594776245
saxony-anhalt,2021.3123287671233,0.05657556571287094,0.03072027258971668,0.09405420829842547,0.10224926213813473,0.09159021388713387,0.1263417588493245,0.12480926246794417,0.1911753931063855,0.14828121571562236,0.2348623902943546,0.1664164086640933,0.16005767880713992,0.2159618366875723,0.11813248386511356,0.13343144550157204,0.15940567909140477,0.11020068862964079,0.16211805164361473,0.21702184063299934,0.12252102710770783,0.19014723018428398,0.12668579485682227,0.11304598980967032,0.13674724835318813,0.13233665136794132,0.10666772912032749,0.15009079990306085,0.05689831767388896,0.13900482630708894,0.12657111593475046,0.18489713139924338,0.09823232611991341,0.118841297124105,0.1205821001007099,0.14283719804807746,0.09868037364661322,0.13533435682075284,0.12847898907944155,0.11255612832882134,0.13876498658259026,0.1105185625382221,0.0798448686664354,0.09462203751728361,0.10358309940124799,0.1312262408633916,0.13333239175062558,0.10141042107139757,0.11441137276188305,0.13510496108001296,0.13432293775103987,0.13948450907474605,0.11468758054329556,0.11787189318422071,0.11486477121328424,0.07829291062126818,0.08691259223060482,0.10067579497848163,0.1276814270369264,0.11494815526690823,0.11291570705048298,0.10813716099922256,0.07812105234405406,0.09061610876479784,0.08383434251496245,0.08025630155307859,0.08130312648711605,0.04366712965935757,0.05199999132683292,0.03329585747640478,0.0508340390161108,0.0725646074400197,0.03729737270653412,0.052057248586954666,0.03650641159870935,0.06492090933671017,0.062187570699602734,0.028170829349389727,0.06710768369766308,0.03564781611979677,0.06514999567172149,0.05468073976476109
saxony-anhalt,2021.331506849315,0.10061848415941757,0.08606358130177552,0.06464496577317648,0.09088177198847734,0.07002873291103127,0.08419372268033551,0.11937812536027366,0.10612061083790783,0.14277984074280112,0.07089310335507115,0.11643866778202021,0.13795162531902394,0.11617808558928296,0.10200959188112192,0.06667552814008557,0.11950842431166793,0.06957051826190214,0.1331342848147873,0.14066809309334682,0.08907945596412295,0.06511355005091747,0.1672928163236943,0.11818981399016366,0.09294982427248437,0.12173398081515084,0.08419372268033551,0.10201480209235744,0.12018598412211925,0.11370261988431433,0.11450517901368581,0.1032444265429445,0.06798762599478211,0.10768903198295486,0.16320825662636643,0.09994638926778619,0.09502316831743671,0.10970564296944152,0.06970589944253437,0.09801872342543008,0.094903349702382,0.07733988551514773,0.09074112658334096,0.13631451365790642,0.06519164784106478,0.09540346401136256,0.0844072685926794,0.09679443222561011,0.1098307066913097,0.10020689013279582,0.11895595900036174,0.10051949289344304,0.11468758054329556,0.12106161295414575,0.09311131292537884,0.1084393897256401,0.09271019687305321,0.10627692975977684,0.1086426134776498,0.09402816123529158,0.07525162380996908,0.11084164948568857,0.10325484721338668,0.07599109841447495,0.09626304671803945,0.08346454812595354,0.06178148693200822,0.0467846398677903,0.06175545602942435,0.0466180903562889,0.0508340390161108,0.05441526142399516,0.04476005853964989,0.06073505491523971,0.046940780519288,0.048679178106830694,0.020720927882963213,0.06340063468593267,0.04645154137822887,0.040742356790355296,0.06514999567172149,0.04532214519427977
saxony-anhalt,2021.3506849315067,0.025137675008584763,0.03686546482099745,0.07640770845656222,0.10224926213813473,0.07541826505650084,0.057866585576585736,0.09765403792609657,0.03712044615096944,0.04938184033085439,0.054524575870755494,0.09423653810569987,0.10481276093776384,0.08295413202163715,0.10200959188112192,0.027770213918436898,0.05687228921567053,0.0811781313572151,0.12733738444220807,0.08787100159163537,0.1002225202261995,0.09227261925386256,0.09625262744864811,0.13362434018964145,0.09842509028032413,0.06347872990352608,0.08419372268033551,0.06598825200045613,0.06954969041924147,0.06945596523050415,0.10243683093590472,0.1086843004993087,0.08689175744067777,0.08538646595737433,0.09218406232655986,0.09637244917275233,0.051146345107314924,0.06579560804578126,0.0660351114486936,0.03990971132357084,0.08394371882410427,0.07733988551514773,0.09437198351924288,0.06054243042102582,0.08054795215325344,0.08744909094643435,0.12888559404427483,0.06912272148313099,0.08234997249547088,0.06532701762184202,0.10742849363255917,0.07780337641786379,0.06222401426971692,0.07642853904628381,0.0806885699913786,0.0662433761739864,0.08981391824773975,0.08948054401061135,0.08417809740410986,0.04176756983559749,0.06718057776016344,0.062151127155035346,0.0557895168980467,0.06136499405433992,0.07451215972113467,0.044926602100198235,0.02600129956643897,0.031188551262359844,0.01949325326389783,0.059943737224098396,0.06778976784925951,0.02538739629821702,0.03356643137424577,0.030361261796526377,0.026074136028373922,0.032447721496849546,0.02762973910857567,0.04225676490953954,0.03612134278216725,0.04583739663183136,0.03256219303011402,0.03452906146380004
saxony-anhalt,2021.3698630136987,0.012564717879042194,0.02457580649161621,0.04112745982793685,0.05677858687397599,0.05385828185890182,0.02103305317005181,0.05965220216285492,0.021204722876538334,0.03291601572611887,0.054524575870755494,0.06650370825358362,0.04410429845495134,0.0718876678478599,0.016091289450864764,0.03332707746968938,0.028430970892399748,0.034773624379385075,0.046269379044268207,0.08787100159163537,0.08350621496789681,0.0379738621466557,0.08104272030555179,0.08732928978230901,0.0820062296912091,0.07406432038569533,0.10104571178477653,0.05998538522341881,0.04424481777693484,0.04418756911843879,0.07228862331151054,0.08692821832853562,0.06042789727624168,0.0630986676147572,0.05671091306553775,0.05351993269948451,0.051146345107314924,0.05482128767035077,0.06236458256510981,0.04354222496423847,0.07298639733428208,0.058912959870170284,0.036277451418165865,0.05675255847568841,0.06903420397170902,0.03973277587948891,0.05773644099245908,0.050677886673886896,0.06404101893250651,0.056612005350090255,0.04217870155722661,0.05185945104655092,0.07533494436648473,0.054123757356098576,0.05274434062606309,0.08130833462404603,0.04343813794749522,0.06709727026851031,0.04343293360212402,0.057439712558591385,0.08331871444205419,0.0486323342961583,0.04183522419926048,0.05259859307124008,0.02482552508297713,0.028878417390679725,0.035757091120693925,0.034305313420909346,0.01949325326389783,0.016642662968114338,0.030496540934826247,0.0435266118984468,0.022375213253533068,0.0216833202022213,0.0208561819440096,0.04327159915406562,0.06910189381982798,0.021126691121516255,0.04128878762375218,0.015274643191165104,0.021709331052645418,0.020138299026342812
saxony-anhalt,2021.3890410958904,0.006281979439199475,0.0061415626664147295,0.01762058509569122,0.017027587568208664,0.010765114227763857,0.026297848656494666,0.016262942843654794,0.021204722876538334,0.027426831719842754,0.02725514147086117,0.022156719716449013,0.02204747329218073,0.03316577437281314,-0,0.016658267964057123,0.028430970892399748,0.028977272368875834,0.05784055663370483,0.04684709607212461,0.01668947796998015,0.07054422921767205,0.040508173905232696,0.06163050787840381,0.06559255167695961,0.052895293881357074,0.061729425139871404,0.01798991153460109,0.03792182418496114,0.037874990063963825,0.036131750009987265,0.07061712809771505,0.037760506834652784,0.029684871383974375,0.021256744111607988,0.035673833956322454,0.03652722621056747,0.03288479597962832,0.0403468485312164,0.018135562119047578,0.043781625893439875,0.011040772019425564,0.04716458293738316,0.04161144471692278,0.06135458177513876,0.031781710301532415,0.03996175127464278,0.027634941872547066,0.02286422592514429,0.021766554969380177,0.02299948556111598,0.02916457705346386,0.022916248820422,0.03819762597534099,0.03412319363161541,0.048169103329226276,0.028956460778900777,0.025153282554055953,0.03799988114702858,0.03915513788547763,0.024175218756174933,0.027010613913061827,0.019519263018854288,0.046748207116564654,0.034138803874279464,0.012829982643439736,0.032504957231985314,0.018707764793239677,0.01949325326389783,0.019971834837752535,0.02033077390869288,0.021761352792532013,0.01118640314079471,0.017344892421598913,0.00521586157983388,0.010811923938442575,0.006906058572441684,0.028170829349389727,0.02063769478948283,0.015274643191165104,0.016278547725639688,0.014385189563441887
saxony-anhalt,2021.4082191780822,0.031422692180069635,0.012283850779894996,-0,0.00567350949556945,0.016153708800865068,0.010515463149157066,-0,0.0318129293857595,0.03291601572611887,0.03270788443690115,0.022156719716449013,0.01102516870917996,0.022109899792226023,0.010728706704150942,0.02221394412551947,0.017053596089904432,0.028977272368875834,0.028914837623944253,0.04684709607212461,0.05008971706102237,0.03254658326073652,0.01518621729564192,0.025668334182533628,0.02185499205547191,0.037021575690936115,0.03927482811395119,0.023982729643337277,0.018957455206140072,0.03155797407972988,0.018062736775831804,0.021719735396459258,0.011326833536955195,0.029684871383974375,0.017714216902418683,0.024965992317620228,0.02556428293729232,0.014614053370672519,0.018333231421905304,0.021766554969380177,0.02188620518059192,0.03312935116212396,0.021761352792532013,0.018910638162396836,0.015331860027223648,0.01191456486552351,-0,0.018421662669086174,0.0045710008984342744,0.004352582158105526,0.019165531466089826,0.012960014884929158,0.022916248820422,0.006365189557546502,0.009303632234718395,0.01805753496950152,0.01447361409682835,0.008383075694054132,0.01356857009694599,0.01827080945561934,0.01880139855757781,0.01890543627124627,0.011155196437593964,0.008762738281435603,0.015513914015330582,0.00962609092220405,0.006500406283859512,0.0062351738061373,0.0064952056340352796,0.006656426020355008,0.010161792839493746,0.010879538039362388,0.022375213253533068,0.0043369808546132845,0.01042704534623277,0.0054082812354987984,-0,0.014083506992924363,0.0103178235619476,-0,0.04342252491295,0.011508873503826681
saxony-anhalt,2021.427397260274,0.006281979439199475,-0,-0,0.011352839207489517,-0,0.010515463149157066,0.016262942843654794,0.021204722876538334,0.03291601572611887,0.010900342395795225,0.03323862087072909,0.03307731804824879,0.022109899792226023,-0,0.011108386417910789,-0,0.028977272368875834,0.017344892421598913,0.035132665637161324,0.022255561917126576,0.010848331520319662,0.010125385738290495,0.010265813269109149,0.04371917337086659,0.015862419141904678,0.022437640147034817,0.011992582797944648,0.02527814308643993,0.018931445732191323,0.03010631360789256,0.016288950982899834,0.00755094821210531,0.011129190865902368,0.017714216902418683,0.003567322360554648,0.007301312564138671,0.007306513294578523,-0,-0,0.007296111834213189,0.022083888741433234,0.014510024242519383,0.007561349723445207,0.019165531466089826,0.007946207105682173,0.004440989632957202,0.013818235833936423,0.013714208297844595,0.004352582158105526,0.007665364951277586,0.016200523362532936,0.022916248820422,0.009548076540247592,0.009303632234718395,0.012039393613587837,0.00868472519474094,0.027947108663261708,0.018993868491525404,0.007826588965596397,0.01074430992543354,0.008102231180201475,0.005574698809193734,-0,0.0031044926700280707,0.0064171959491335275,0.01300162527088269,0.0062351738061373,0.0064952056340352796,0.009984958586699498,0.01693915869175938,0.007254506013557681,0.007457334703679101,0.008674323458690894,0.00521586157983388,0.0054082812354987984,0.006906058572441684,0.007041276705191476,-0,0.010182596908770295,-0,0.0050338436419635705
saxony-anhalt,2021.4465753424658,-0,-0,-0,-0,0.005382278537721043,-0,-0,0.005299069992201008,0.01645540338211426,0.010900342395795225,0.005538294919439953,0.005512292156648544,-0,0.010728706704150942,0.005553896583354971,-0,0.005793122682923962,0.005782721525274816,-0,0.00556429769523413,-0,-0,0.005132653300607687,-0,-0,0.011217609862723512,0.0059959456729130785,0.006318383849591955,0.006307982586878362,0.018062736775831804,0.00542908340308526,0.003775337046391954,-0,0.003541320583335314,0.003567322360554648,0.0036505281350378074,-0,-0,-0,-0,0.00735852062761398,0.003624526316206946,0.0037805374242024375,-0,0.003972951768688912,-0,-0,0.009142403640825391,-0,0.007665364951277586,-0,0.003270902870972542,0.003182497385412486,0.003099292359832304,-0,-0,-0,-0,0.002610465523232866,0.002683269228943592,0.005403080694905341,0.005574698809193734,0.002922482122514309,0.006203970074175833,-0,0.003250101566730168,0.0031200936037415155,-0,0.003328106500541602,0.006776041468690766,-0,0.0037285336695298504,-0,-0,-0,-0,0.014083506992924363,0.0051586558735601425,-0,-0,7.176049514830961e-4
saxony-anhalt,2021.4657534246576,-0,-0,-0,0.00567350949556945,0.005382278537721043,-0,-0,0.005299069992201008,0.005486289406854119,-0,-0,0.005512292156648544,0.005527893812761903,-0,-0,-0,-0,-0,0.01170651761799311,0.01668947796998015,-0,-0,0.010265813269109149,-0,-0,-0,0.011992582797944648,-0,-0,-0,0.00542908340308526,0.003775337046391954,0.00370773218222291,0.003541320583335314,0.003567322360554648,-0,0.0036505281350378074,0.0036661292325725816,0.003624526316206946,0.007296111834213189,-0,-0,0.0037805374242024375,-0,-0,-0,-0,0.0045710008984342744,0.004352582158105526,0.0038325412308768125,0.0032397009177293707,0.003270902870972542,0.003182497385412486,0.006203970074175833,0.0030108871660274915,0.0028964806677350525,-0,-0,-0,-0,-0,0.002787274699628602,-0,-0,-0,-0,-0,-0,-0,-0,-0,-0,-0,-0,-0,-0,-0,-0,-0,-0,7.176049514830961e-4
saxony-anhalt,2021.4849315068493,-0,-0,-0,-0,-0,-0,-0,-0,-0,0.005449885578993458,-0,-0,-0,-0,-0,-0,-0,-0,-0,-0,-0,-0,-0,0.005465487216382864,-0,-0,-0,-0,-0,-0,-0,-0,-0,-0,-0,-0,-0,-0,-0,-0,-0,0.007254506013557681,-0,0.0038325412308768125,0.003972951768688912,0.008877157686964345,0.004607404111015946,-0,-0,-0,-0,-0,-0,0.003099292359832304,-0,-0,-0,-0,0.002610465523232866,-0,0.002698870036282934,-0,-0,-0,-0,-0,-0,-0,0.006656426020355008,-0,-0,-0,-0,-0,-0,-0,-0,-0,-0,-0,-0
saxony-anhalt,2021.504109589041,-0,-0,-0,-0,-0,-0,-0,-0,-0,-0,-0,0.005512292156648544,-0,-0,-0,-0,-0,-0,-0,-0,-0,0.005059846165506341,-0,-0,0.00528866893337292,-0,-0,-0,-0,-0,-0,0.011326833536955195,-0,-0,0.003567322360554648,-0,-0,-0,-0,0.00364532777022918,-0,-0,0.0037805374242024375,-0,-0,-0,-0,0.0045710008984342744,-0,-0,0.0032397009177293707,-0,-0,-0,0.0030108871660274915,-0,-0,-0,-0,0.002683269228943592,-0,-0,-0,-0,-0,-0,0.0031200936037415155,-0,-0,-0,-0,-0,-0,-0,-0,-0,-0,-0,-0,-0,-0
saxony-anhalt,2021.5232876712328,-0,-0,-0,-0,-0,-0,-0,-0,-0,-0,-0,-0,-0,-0,-0,-0,-0,-0,-0,0.00556429769523413,-0,-0,-0,-0,-0,-0,0.0059959456729130785,0.006318383849591955,-0,0.006021948677558128,0.00542908340308526,0.011326833536955195,-0,0.003541320583335314,0.003567322360554648,0.0036505281350378074,-0,-0,-0,-0,-0,0.003624526316206946,-0,0.0038325412308768125,-0,-0,-0,-0,-0,0.007665364951277586,0.0032397009177293707,0.003270902870972542,-0,-0,-0,0.0028964806677350525,0.0027924749786266065,-0,-0,0.002683269228943592,-0,-0,-0,-0,-0,-0,-0,-0,-0,-0,-0,-0,-0,-0,-0,-0,-0,-0,-0,-0,-0
saxony-anhalt,2021.5424657534247,-0,-0,-0,-0,-0,-0,0.005418682318251812,-0,-0,-0,-0,-0,0.005527893812761903,0.03219276307843709,0.011108386417910789,-0,-0,-0,0.01170651761799311,-0,-0,0.010125385738290495,-0,-0,0.010572674748807659,0.0056111027244387535,-0,0.012637535522759372,-0,0.006021948677558128,-0,-0,0.00370773218222291,-0,0.007134889464607528,-0,0.007306513294578523,-0,0.014510024242519383,0.00364532777022918,-0,0.003624526316206946,0.007561349723445207,0.0038325412308768125,0.007946207105682173,-0,-0,-0,-0,-0,-0,-0,0.003182497385412486,-0,0.006016748075591187,-0,-0,0.0027144708483027614,0.002610465523232866,-0,-0,-0,-0,-0,0.0032084989832143057,-0,-0,-0,-0,-0,-0,-0,-0,-0,-0,-0,-0,-0,-0,-0,7.176049514830961e-4
saxony-anhalt,2021.5616438356165,-0,-0,-0,-0,-0,-0,-0,0.005299069992201008,0.005486289406854119,-0,-0,-0,-0,0.005361476388858467,0.016658267964057123,0.017053596089904432,0.01158689082757279,-0,0.0058555296725085965,0.00556429769523413,0.010848331520319662,-0,-0,-0,0.00528866893337292,0.011217609862723512,-0,0.006318383849591955,0.006307982586878362,-0,0.010858733691253035,-0,-0,-0,0.007134889464607528,-0,-0,-0,-0,-0,-0,0.003624526316206946,-0,0.007665364951277586,0.003972951768688912,0.008877157686964345,-0,0.0045710008984342744,0.004352582158105526,0.0038325412308768125,0.0032397009177293707,-0,-0,-0,-0,0.0028964806677350525,-0,-0,0.005221062101703512,-0,0.002698870036282934,-0,-0,-0,0.0032084989832143057,-0,-0,-0,-0,-0,-0,-0,-0,-0,-0,0.006906058572441684,-0,-0,0.005091049210924473,-0,-0
saxony-anhalt,2021.5808219178082,-0,0.0061415626664147295,-0,-0,0.010765114227763857,0.005257465769371192,0.005418682318251812,-0,0.005486289406854119,-0,-0,0.01102516870917996,-0,-0,-0,-0,-0,0.005782721525274816,0.0058555296725085965,0.01668947796998015,0.0054238828604055945,0.005059846165506341,0.005132653300607687,-0,0.015862419141904678,0.011217609862723512,0.01798991153460109,-0,0.01262193173338156,-0,0.00542908340308526,-0,0.014837716700948375,-0,0.007134889464607528,0.0036505281350378074,0.007306513294578523,0.010999163202516062,-0,0.007296111834213189,0.00735852062761398,0.007254506013557681,0.0037805374242024375,0.0038325412308768125,0.003972951768688912,0.004440989632957202,0.004607404111015946,0.009142403640825391,0.008705528673083116,0.007665364951277586,-0,0.003270902870972542,0.003182497385412486,0.009303632234718395,0.0030108871660274915,-0,-0,-0,0.010437447432891652,-0,0.002698870036282934,-0,0.002922482122514309,-0,-0,-0,-0,-0,-0,-0,-0,0.0037285336695298504,0.0043369808546132845,0.00521586157983388,-0,-0,-0,0.0051586558735601425,0.005091049210924473,-0,0.0035933241507815398
saxony-anhalt,2021.6,0.006281979439199475,-0,-0,-0,-0,-0,0.005418682318251812,-0,-0,-0,-0,0.005512292156648544,0.011051174228849372,0.010728706704150942,0.02221394412551947,0.03980563157767228,0.028977272368875834,0.0115608850399869,0.017563365741245812,0.00556429769523413,0.0054238828604055945,0.01518621729564192,-0,0.005465487216382864,-0,0.02805116467661672,0.0059959456729130785,-0,0.006307982586878362,-0,0.00542908340308526,0.003775337046391954,0.007420929495915969,0.010629886411403843,0.014265556610544404,0.010957554418900645,0.007306513294578523,0.014666068012795774,0.007254506013557681,0.00364532777022918,0.0036817303347937884,-0,-0,-0,0.003972951768688912,-0,0.009210015570955302,0.0045710008984342744,0.008705528673083116,-0,-0,-0,-0,0.003099292359832304,0.0030108871660274915,0.0028964806677350525,0.0027924749786266065,0.0027144708483027614,0.002610465523232866,0.002683269228943592,0.002698870036282934,0.002787274699628602,0.002922482122514309,-0,-0,-0,0.0031200936037415155,0.003250101566730168,-0,-0,-0,0.0037285336695298504,-0,-0,0.0054082812354987984,-0,0.007041276705191476,-0,-0,0.0054238828604055945,-0
saxony-anhalt,2021.6191780821919,-0,0.0061415626664147295,-0,-0,0.016153708800865068,0.005257465769371192,-0,0.005299069992201008,0.005486289406854119,0.005449885578993458,0.005538294919439953,0.01102516870917996,0.005527893812761903,0.03219276307843709,0.011108386417910789,0.005683910631373779,0.02318156639590512,0.028914837623944253,0.01170651761799311,0.011123989753121252,0.016273346097787213,0.020247541439710096,0.010265813269109149,0.02185499205547191,0.00528866893337292,-0,-0,0.018957455206140072,0.006307982586878362,0.018062736775831804,0.010858733691253035,0.00755094821210531,0.011129190865902368,0.003541320583335314,0.003567322360554648,0.007301312564138671,0.014614053370672519,0.0036661292325725816,0.014510024242519383,0.007296111834213189,0.0036817303347937884,0.007254506013557681,0.007561349723445207,-0,0.01191456486552351,0.004440989632957202,0.009210015570955302,0.0045710008984342744,-0,0.0038325412308768125,0.009719708335039781,0.006547212155654591,0.009548076540247592,0.003099292359832304,0.009027983651655722,0.0028964806677350525,0.0027924749786266065,-0,0.002610465523232866,0.00537187746224954,-0,0.005574698809193734,0.005839927918087977,-0,-0,-0,0.0031200936037415155,-0,-0,0.0033853101930444904,-0,0.007457334703679101,-0,-0,0.0054082812354987984,-0,-0,-0,-0,-0,0.00144041994990653
saxony-anhalt,2021.6383561643836,-0,0.012283850779894996,-0,0.022702955280536542,0.016153708800865068,0.010515463149157066,0.010843130435630415,0.005299069992201008,0.005486289406854119,0.010900342395795225,0.027697375080772323,0.016533428127661683,0.022109899792226023,0.010728706704150942,0.011108386417910789,0.01136844261605168,0.02318156639590512,0.028914837623944253,0.017563365741245812,0.01668947796998015,0.027119870764864957,0.010125385738290495,0.010265813269109149,0.038254868039676496,0.021152701693511106,0.022437640147034817,0.023982729643337277,0.012637535522759372,0.006307982586878362,0.006021948677558128,0.021719735396459258,0.026427914580409124,0.011129190865902368,0.003541320583335314,0.003567322360554648,0.01460885190932469,0.02192262051690897,0.007332516954591532,-0,0.007296111834213189,0.0036817303347937884,0.007254506013557681,0.011347638072338734,0.011498471202837403,0.003972951768688912,0.01775583109285882,0.009210015570955302,0.013714208297844595,0.008705528673083116,0.011498471202837403,0.006479603687694912,0.013095248761019083,0.006365189557546502,0.003099292359832304,0.0030108871660274915,0.00868472519474094,0.005590300484036865,0.0027144708483027614,0.002610465523232866,0.00537187746224954,-0,0.002787274699628602,-0,0.006203970074175833,0.00962609092220405,0.003250101566730168,-0,-0,0.003328106500541602,0.0033853101930444904,-0,-0,0.0043369808546132845,-0,-0,-0,-0,-0,-0,-0,0.00144041994990653
saxony-anhalt,2021.6575342465753,-0,0.0061415626664147295,0.011748127000910156,0.011352839207489517,0.010765114227763857,0.015773992246864873,0.005418682318251812,0.005299069992201008,0.01096795661168318,0.010900342395795225,-0,0.016533428127661683,0.027634941872547066,0.021459627425638325,0.011108386417910789,0.005683910631373779,0.028977272368875834,0.04048215364976119,0.035132665637161324,0.04452065310584561,0.027119870764864957,0.010125385738290495,0.010265813269109149,0.005465487216382864,0.015862419141904678,0.022437640147034817,0.01798991153460109,0.012637535522759372,0.037874990063963825,0.03010631360789256,0.010858733691253035,0.003775337046391954,0.011129190865902368,0.003541320583335314,0.01069750027562577,0.007301312564138671,0.01826560762847452,0.010999163202516062,0.007254506013557681,0.007296111834213189,0.0036817303347937884,0.018135562119047578,0.015129000619842995,0.015331860027223648,0.01191456486552351,-0,0.013818235833936423,0.013714208297844595,0.004352582158105526,-0,0.022682146201540552,0.013095248761019083,0.003182497385412486,0.006203970074175833,0.009027983651655722,0.005787922103842218,0.008383075694054132,0.0027144708483027614,-0,0.00537187746224954,0.008102231180201475,0.002787274699628602,0.002922482122514309,0.006203970074175833,-0,0.006500406283859512,-0,0.003250101566730168,0.003328106500541602,-0,-0,-0,-0,-0,-0,-0,-0,-0,-0,-0,0.0028756795132703814
saxony-anhalt,2021.676712328767,-0,0.03072027258971668,-0,0.011352839207489517,0.032307234050443064,0.015773992246864873,0.027109465340516947,0.015904031850427058,0.01645540338211426,0.02725514147086117,0.04432808866544464,0.027562103224358234,0.027634941872547066,0.042928114577088256,0.02221394412551947,0.03411799021843927,0.05797070147840489,0.046269379044268207,0.04098694892970919,0.03338431417272397,0.0379738621466557,0.010125385738290495,0.030803521823315843,0.027322776955817422,0.010572674748807659,0.022437640147034817,0.0059959456729130785,0.006318383849591955,0.03155797407972988,0.02408677772395836,0.016288950982899834,0.018879426823316448,0.011129190865902368,0.007082882355239951,0.007134889464607528,0.02191221613250108,0.010957554418900645,0.025668334182533628,0.018135562119047578,0.014588046069124746,0.01840605714395244,0.05079760342765161,0.015129000619842995,0.007665364951277586,0.015888427080825895,0.031079285861553903,0.013818235833936423,0.018286414940164444,0.017412515017688462,0.015331860027223648,0.012960014884929158,-0,0.01591443503276083,-0,0.006016748075591187,0.005787922103842218,0.005590300484036865,0.00542908340308526,0.010437447432891652,0.00537187746224954,0.008102231180201475,-0,0.002922482122514309,-0,0.0032084989832143057,-0,-0,-0,0.003328106500541602,0.0033853101930444904,-0,0.007457334703679101,0.013006826571470939,-0,0.0054082812354987984,-0,-0,-0,0.005091049210924473,0.0054238828604055945,-0
saxony-anhalt,2021.695890410959,0.012564717879042194,0.012283850779894996,0.029372694160960736,0.011352839207489517,0.032307234050443064,0.010515463149157066,0.016262942843654794,0.026511156942443794,0.06585288049829609,0.054524575870755494,0.04987110704237662,0.03307731804824879,0.0442292045001874,0.03755755991123014,0.04443738190897566,0.03411799021843927,0.046373471728391395,0.03469557226008304,0.02927383843104301,0.03338431417272397,0.016273346097787213,0.01518621729564192,0.010265813269109149,0.02185499205547191,0.021152701693511106,0.033660091897678726,0.01798991153460109,0.018957455206140072,0.018931445732191323,0.012039393613587837,0.021719735396459258,0.03020517092041948,0.025975286569046966,0.04607160351848892,0.039243604549532005,0.02556428293729232,0.010957554418900645,0.018333231421905304,0.021766554969380177,0.014588046069124746,0.029450738291013447,0.025392598837839772,0.011347638072338734,0.007665364951277586,0.01191456486552351,0.004440989632957202,0.02303069937322874,0.02286422592514429,0.021766554969380177,0.0038325412308768125,0.009719708335039781,0.013095248761019083,0.003182497385412486,0.012403479173694871,0.015045776476522381,0.00868472519474094,0.011176000904313569,0.00813863686494731,0.013048436994883204,0.002683269228943592,0.010801521776873102,0.005574698809193734,0.002922482122514309,-0,0.0032084989832143057,-0,0.0031200936037415155,0.0064952056340352796,0.009984958586699498,-0,0.007254506013557681,0.0037285336695298504,0.013006826571470939,-0,-0,0.013813034452186325,-0,0.0103178235619476,-0,0.0054238828604055945,0.007909801555657911
saxony-anhalt,2021.7150684931507,0.04399500591148987,0.04301138335710295,0.011748127000910156,0.028384145318614166,0.021537659680270146,0.02103305317005181,0.05422786576418694,0.03712044615096944,0.04938184033085439,0.054524575870755494,0.08314163123287827,0.1213795532622576,0.09402816123529158,0.13964092832526204,0.11673573307459686,0.028430970892399748,0.028977272368875834,0.05784055663370483,0.017563365741245812,0.04452065310584561,0.03254658326073652,0.025314560798192203,0.025668334182533628,0.03278593357273398,0.047601781137507425,0.022437640147034817,0.0059959456729130785,0.012637535522759372,0.037874990063963825,0.018062736775831804,0.03801549255350606,0.011326833536955195,0.011129190865902368,0.014171931013309177,0.0285350278740059,0.032874389401630066,0.01826560762847452,0.010999163202516062,0.018135562119047578,0.02188620518059192,0.01840605714395244,0.025392598837839772,0.015129000619842995,0.026833722353991372,0.01191456486552351,0.01775583109285882,0.009210015570955302,0.02743723720769735,0.004352582158105526,0.019165531466089826,0.009719708335039781,0.009818526898106836,0.025465434447165505,0.012403479173694871,0.009027983651655722,0.011581689669017459,0.01956087865384955,0.00542908340308526,0.007826588965596397,0.01074430992543354,-0,0.005574698809193734,0.005839927918087977,0.0031044926700280707,-0,0.003250101566730168,0.0031200936037415155,-0,-0,0.0033853101930444904,0.003624526316206946,-0,0.013006826571470939,0.0208561819440096,-0,-0,-0,0.0103178235619476,-0,0.0054238828604055945,0.008627515672217152
saxony-anhalt,2021.7342465753425,0.012564717879042194,0.012283850779894996,0.035252346607322294,0.011352839207489517,0.04308424364899083,0.026297848656494666,0.04880409514160422,0.047726695584121286,0.04938184033085439,0.04361508599993017,0.06650370825358362,0.06617048342525081,0.08295413202163715,0.04829401913867109,0.04999602694049271,0.10811631770352814,0.06377028641883636,0.05784055663370483,0.07614732678911182,0.03338431417272397,0.0054238828604055945,0.030376870909910564,0.025668334182533628,0.04371917337086659,0.010572674748807659,0.033660091897678726,0.0059959456729130785,0.012637535522759372,0.01262193173338156,0.03010631360789256,0.00542908340308526,0.018879426823316448,0.014837716700948375,0.03543447035130267,0.035673833956322454,0.0036505281350378074,0.01826560762847452,0.018333231421905304,0.018135562119047578,0.03283276311046914,0.01840605714395244,0.04716458293738316,0.026479941041068513,0.0038325412308768125,0.03973277587948891,0.01775583109285882,0.013818235833936423,0.018286414940164444,0.017412515017688462,0.030673444954389232,0.0032397009177293707,0.01964411002375528,0.009548076540247592,0.006203970074175833,0.006016748075591187,0.005787922103842218,0.008383075694054132,0.0027144708483027614,0.013048436994883204,-0,0.005403080694905341,0.011155196437593964,0.011685712939020211,0.0031044926700280707,0.0064171959491335275,-0,0.0031200936037415155,0.0064952056340352796,-0,0.006776041468690766,0.018130360305438,0.0037285336695298504,0.008674323458690894,0.01042704534623277,0.0054082812354987984,-0,0.007041276705191476,-0,0.005091049210924473,0.016278547725639688,0.007192097344997588
saxony-anhalt,2021.7534246575342,0.006281979439199475,0.012283850779894996,0.005871131431604497,0.022702955280536542,0.02692216805830875,0.03155797407972988,0.037953046955728764,0.06895610041029239,0.027426831719842754,0.07635042437785693,0.11643866778202021,0.10481276093776384,0.08849085183489995,0.06440546877294497,0.04443738190897566,0.10811631770352814,0.07537660469480159,0.052057248586954666,0.02927383843104301,0.022255561917126576,0.04340170754085238,0.030376870909910564,0.010265813269109149,0.005465487216382864,0.010572674748807659,0.0056111027244387535,0.011992582797944648,0.018957455206140072,0.03155797407972988,0.018062736775831804,0.03801549255350606,0.015102993060748082,0.025975286569046966,0.017714216902418683,0.01069750027562577,0.03652722621056747,0.029232215022036583,0.0403468485312164,0.029024098476770753,0.029180185807636972,0.025767183058360264,0.014510024242519383,0.011347638072338734,0.02299948556111598,0.027806633375535787,0.031079285861553903,0.027634941872547066,0.013714208297844595,0.021766554969380177,0.02299948556111598,0.016200523362532936,0.006547212155654591,0.019097906590280194,0.009303632234718395,0.02407637290652759,0.017370901101993855,0.011176000904313569,0.01356857009694599,0.02088219238070096,0.01074430992543354,0.008102231180201475,0.011155196437593964,0.008762738281435603,0.018619333059512348,0.00962609092220405,0.009750914176774251,0.009355641565193784,0.003250101566730168,0.009984958586699498,-0,0.003624526316206946,0.007457334703679101,-0,0.0208561819440096,0.016221329847915026,0.013813034452186325,0.007041276705191476,0.0051586558735601425,-0,0.010853532605523353,0.012226637297539115
saxony-anhalt,2021.772602739726,0.025137675008584763,0.02457580649161621,0.023498908803311888,0.011352839207489517,0.032307234050443064,0.04207982147919543,0.04880409514160422,0.0318129293857595,0.09880541085470433,0.08726678493668494,0.1330925781876231,0.0827301755164763,0.06082355830046883,0.08051670379642034,0.11673573307459686,0.13090302723773295,0.08698030535554184,0.03469557226008304,0.052707903699061254,0.03895218551898528,0.03254658326073652,0.01518621729564192,0.025668334182533628,0.038254868039676496,0.015862419141904678,0.01682992322846593,0.029981441481754627,0.03792182418496114,0.037874990063963825,0.036131750009987265,0.03258300606323596,0.026427914580409124,0.029684871383974375,0.028347725457044493,0.0285350278740059,0.032874389401630066,0.014614053370672519,0.0403468485312164,0.03990971132357084,0.04012827946804521,0.036813427968497014,0.029018895573813784,0.026479941041068513,0.04217349733790853,0.03973277587948891,0.031079285861553903,0.027634941872547066,0.04115868452354951,0.021766554969380177,0.04601435284877916,0.019441233793008373,0.029466347131083353,0.0222815730537926,0.012403479173694871,0.012039393613587837,0.028956460778900777,0.008383075694054132,0.01628374935400671,0.010437447432891652,0.01074430992543354,0.013506153849995107,0.005574698809193734,0.017526953457563752,0.006203970074175833,0.00962609092220405,0.003250101566730168,0.018707764793239677,0.0064952056340352796,0.009984958586699498,0.010161792839493746,0.007254506013557681,0.0037285336695298504,0.02602210997372426,0.01042704534623277,-0,0.020720927882963213,-0,0.0051586558735601425,0.010182596908770295,0.016278547725639688,0.012944410998783754
saxony-anhalt,2021.7917808219179,0.025137675008584763,0.0061415626664147295,0.029372694160960736,0.0397379798545483,0.05385828185890182,0.0683989650752135,0.09765403792609657,0.18585734842758628,0.17578638907501581,0.14188298928901252,0.17197245721527848,0.1103309645866877,0.12171313206869616,0.06440546877294497,0.09448138199542859,0.05118278094013288,0.028977272368875834,0.08099584733136346,0.035132665637161324,0.07793357123487915,0.04340170754085238,0.040508173905232696,0.010265813269109149,0.03278593357273398,0.04230880720952247,0.02805116467661672,0.05998538522341881,0.03159959935043292,0.056820232338330626,0.04817951296855259,0.03801549255350606,0.026427914580409124,0.04824717567496483,0.05316596978130451,0.035673833956322454,0.05480046573444069,0.04750809549946297,0.044015823521106445,0.05080280851015746,0.014588046069124746,0.029450738291013447,0.054425672313786186,0.03404514248860458,0.05368129894706296,0.035757091120693925,0.0355229306856734,0.03685505744633147,0.04573330502080725,0.05225504687974333,0.03450824765175377,0.022682146201540552,0.03273910407717774,0.019097906590280194,0.015508712463970627,0.012039393613587837,0.02605852820651066,0.016767503066751895,0.018993868491525404,0.02610014907521543,0.008055423908687609,0.016205724983095086,0.011155196437593964,0.002922482122514309,0.015513914015330582,0.00962609092220405,0.009750914176774251,0.01559193734820765,0.022744573463521888,0.016642662968114338,0.0135529660281875,0.014504822791571606,0.01491573901923189,0.017344892421598913,0.00521586157983388,0.0054082812354987984,0.02762973910857567,-0,0.0051586558735601425,0.015274643191165104,0.021709331052645418,0.017979507937036752
saxony-anhalt,2021.8109589041096,0.03770846908647452,0.04916323328812339,0.035252346607322294,0.00567350949556945,0.059246138194162114,0.04207982147919543,0.13567845232931344,0.18585734842758628,0.13728426147637687,0.19108666758575948,0.19976682819028868,0.19876981486353995,0.09956606034839179,0.13426037639278282,0.11673573307459686,0.07964175742893319,0.12762408644640072,0.08678758361623128,0.06442629455526408,0.08350621496789681,0.04340170754085238,0.06077149746738387,0.04108062281967631,0.06012594746739015,0.08465727467756495,0.06734198640505012,0.07198660462300467,0.04424481777693484,0.05050611963903743,0.05420704406589456,0.048882168440720464,0.06420762425690744,0.08538646595737433,0.08508957970222066,0.057085722957636593,0.05845484316033447,0.05482128767035077,0.06236458256510981,0.04354222496423847,0.05107867862838363,0.07365293648795476,0.08711052315131129,0.07189808223637938,0.04984508210137078,0.05961055443038754,0.062177158255690715,0.04607160351848892,0.08692821832853562,0.03047572873679638,0.053686504318222444,0.05834552045105913,0.01964411002375528,0.035018188445193214,0.05274434062606309,0.03310853791032595,0.055029507488012754,0.039129118307042195,0.0298565696554765,0.02871192522061522,0.02685973578081949,0.01890543627124627,0.04741441003021243,0.032135527686933986,0.021719735396459258,0.00962609092220405,0.04226196913719692,0.034305313420909346,0.009745713201848466,0.019971834837752535,0.044057458765341895,0.014504822791571606,0.0186453423773541,0.0216833202022213,-0,0.021631298540399815,-0,0.03521592193507238,0.02579839853187138,0.010182596908770295,0.010853532605523353,0.030928395923604832
saxony-anhalt,2021.8301369863013,0.031422692180069635,0.055310605564410184,0.04112745982793685,0.03406075270783216,0.04308424364899083,0.07366335123002246,0.13024617993036058,0.1167461564490143,0.11529211590145502,0.22938840917742648,0.19976682819028868,0.12690472804671377,0.11617808558928296,0.15577549415030298,0.11673573307459686,0.06825838046653337,0.1043959232607713,0.10416145353584362,0.052707903699061254,0.05008971706102237,0.09227261925386256,0.09118390044135224,0.13362434018964145,0.0820062296912091,0.08465727467756495,0.06734198640505012,0.09000144219535906,0.05689831767388896,0.08209476928716274,0.04817951296855259,0.06518123479560113,0.0717679025298025,0.11140445089786746,0.08508957970222066,0.07851164015919083,0.09502316831743671,0.09506484442216698,0.06970589944253437,0.07622023352457465,0.06933620551295623,0.07365293648795476,0.06531660454927042,0.05675255847568841,0.08054795215325344,0.07949072651020846,0.0844072685926794,0.06912272148313099,0.05946478762943292,0.056612005350090255,0.07671496050113384,0.06807093491285825,0.05894940114538459,0.044567493212691336,0.07447570753800799,0.05117757581959828,0.05792384929678916,0.06709727026851031,0.0461444680983624,0.04176756983559749,0.06987252291793872,0.054040470779700006,0.06695148247925468,0.04967331781742496,0.04345375098672249,0.038504652330522394,0.04226196913719692,0.028066773096576427,0.02924262087116468,0.0299658324870681,0.05422786576418694,0.05804358273371855,0.01491573901923189,0.02602210997372426,0.031287410632354476,0.021631298540399815,0.020720927882963213,0.04930376628152293,0.04645154137822887,0.030553774522355855,0.0705806786449218,0.05036037835743476
saxony-anhalt,2021.849315068493,0.08802726566228719,0.06760753074967857,0.035252346607322294,0.07382477999880403,0.1401466871221377,0.14215412879490352,0.13024617993036058,0.1911753931063855,0.2528814991814331,0.2184421753597096,0.31107742003337047,0.28735410473038187,0.3159426645350741,0.1665363921733838,0.15570769138273735,0.22216029407999144,0.16829444316475617,0.15632313512912027,0.11719436352549853,0.14482910008011263,0.1466229200855748,0.12161410063719233,0.1696560605921741,0.1312731591373209,0.09524717777311839,0.061729425139871404,0.11403093803101436,0.08853252270454917,0.14532969478703225,0.12054040353981298,0.1413355003655043,0.12093131011079145,0.14859410761397696,0.11348374227147452,0.14283719804807746,0.13527700779069712,0.08408434584533724,0.15789307123398522,0.15255756796148903,0.08759493621442582,0.12896378767124297,0.09074112658334096,0.14389571240275956,0.08822520082589988,0.14317612887074455,0.0888502641836923,0.08295413202163715,0.1098307066913097,0.11765299802147224,0.1304807673019494,0.08753763981035662,0.10484402389824087,0.10193143877528056,0.11175359927996976,0.09336657020603346,0.09561184639303341,0.07828770278633788,0.11136276169547991,0.08618337954990704,0.10215026776763798,0.09460640910718073,0.10884062712816589,0.07013808018540806,0.05587280627587468,0.07061712809771505,0.07153878703776881,0.04366712965935757,0.0389938167090741,0.049949181943532414,0.0644002623286713,0.0290136926713774,0.04849180311732818,0.06507710445565737,0.03650641159870935,0.048679178106830694,0.03453946837294732,0.06340063468593267,0.08777203458976808,0.03564781611979677,0.03256219303011402,0.08564168532107097
saxony-anhalt,2021.868493150685,0.1069126315499115,0.06145870466096587,0.09405420829842547,0.18761083397203276,0.210364538695837,0.263557984655728,0.2608141851269339,0.4044230035796693,0.4682507433545548,0.4927916762144947,0.568008582842882,0.5930279407255906,0.5332233943871546,0.4200528214270821,0.3733607656939679,0.36507574751595256,0.26720092888264774,0.3363816637268184,0.3818566367380827,0.21181079770812558,0.17926143237136438,0.2282602556810127,0.20056549663453635,0.15865980144210706,0.1747533128768821,0.10666772912032749,0.19821128695598444,0.16453844198817097,0.1326755137557775,0.186953269963656,0.16311436247476557,0.2649011926382967,0.20442329014365973,0.2165414420789349,0.20008525008655376,0.21221283353159076,0.22698066675641815,0.18732380104097512,0.17438808882848347,0.2046216688594709,0.1880231204089434,0.1707255552193797,0.20460600735439366,0.1881327160877025,0.2308613130792857,0.18676017735010875,0.16604602653396994,0.16941607945356643,0.23994514248876433,0.20353581568112084,0.1362363089767052,0.17704906563431788,0.16254578484523396,0.19261589921071345,0.12653462723985717,0.11301472191769556,0.13988077208991226,0.12223956547585262,0.15157188973174254,0.12368337553874033,0.12437662710662299,0.08649589801804983,0.13451583574614603,0.09004832328792742,0.08346454812595354,0.12037361763057702,0.08737095972113554,0.04224635645579311,0.08994414313961192,0.05761670826274095,0.09072029025937679,0.10450013236676062,0.082448929178535,0.09391876371259418,0.05950643524515318,0.11752791548503527,0.10571418384025082,0.06710768369766308,0.056034179825060024,0.07601713644432308,0.09572645705890168
saxony-anhalt,2021.8876712328768,0.15099822317301786,0.16610340950818944,0.20596335530539586,0.2503002404776471,0.28067210855627606,0.3693594922299113,0.6161018501110029,0.8335545404655453,1.052557146134679,1.185065660030696,1.1422902463216786,1.2323754748129327,1.1962279394761683,0.963593104210609,0.8678539019937391,0.8077273467837686,0.6588624627619906,0.48788361280880865,0.4349532185294812,0.26210505944258566,0.24460520385511847,0.31984565207505705,0.23664364772344174,0.30132214532381774,0.3128560587833609,0.22481849417038363,0.1861756851603098,0.23430347458680217,0.2783822323003101,0.32003923951135027,0.3322000678491142,0.2914641157044129,0.30134306620677215,0.3768647514690438,0.37579100876404264,0.3333461789491741,0.31143314291639174,0.34947814829832635,0.3603158632228961,0.33292227189995316,0.2841437114531698,0.3420082463659483,0.402394930938255,0.3653742366263122,0.37867706993645206,0.38314004249811606,0.30019243014335867,0.2750103378237413,0.23120081812211232,0.2959666761538122,0.3086658923026612,0.24935450772238396,0.29998845640708616,0.28295685728078424,0.22617114716761244,0.19139981715783694,0.24644426676112868,0.20934121726875604,0.20656373204683043,0.2584520203649285,0.1812547301786692,0.20671513249342738,0.16380813993000765,0.183368126749949,0.14776494819938948,0.13666382933656335,0.12173398081515084,0.10730864642973144,0.13664297460331534,0.1254868913522622,0.12342275703891428,0.12318298917270419,0.10850713088806627,0.17754475282961238,0.1299177593880548,0.0967683837898426,0.11982635512332962,0.15499315989958506,0.1274312140150208,0.11950321234734598,0.1259925125031889
saxony-anhalt,2021.9068493150685,0.18251232124658107,0.2092576817147869,0.2885776618244905,0.35304335012974386,0.5411096409638736,0.5709684212556732,0.8304423416216471,1.271692015170662,1.5078375079116964,1.4029551355928727,1.5401046418254276,1.674405377233557,1.2358260010409574,1.1606638354602237,1.0091959968314894,0.9754232261322817,0.8057627018608037,0.7276912096284449,0.6597261440231161,0.5480196274860245,0.4356506323454143,0.4166926955613154,0.4277751191625925,0.32880374996651984,0.36074522984570045,0.3940686089941754,0.31870507046088936,0.1835559883798231,0.3164553727259468,0.33215296793333704,0.4032700843660034,0.4473297707499468,0.37228185797720476,0.40898776650937274,0.5196656289737794,0.5616899178744712,0.4291645205207457,0.5343581836495023,0.5175962926731323,0.5020316407004796,0.5029189736938703,0.5358450052083332,0.5397697878878837,0.48129126415161855,0.45474137926643676,0.3697260882429183,0.42540011526156,0.42688906749419914,0.4063725433155807,0.39242341426144145,0.40978441373728436,0.41405611855863783,0.3095917801790123,0.4109479599083693,0.3684115916629615,0.37767662042917677,0.3335398166523241,0.3238849771362985,0.32196468891977637,0.2854508509182797,0.2626224634073942,0.2627269900859668,0.22536686276628465,0.22697022126211197,0.16706849629003614,0.16925435365874672,0.11548494331305129,0.22788420995448852,0.21679730597380212,0.1730472168191265,0.1488652821154733,0.21295425839676632,0.1780769696047987,0.1513997890996065,0.11908104497191356,0.13137220896575064,0.19750661077199597,0.18604521905056187,0.15295393061205365,0.18480319807684614,0.1800858761252223
saxony-anhalt,2021.9260273972602,0.2961183371255674,0.30184516992277305,0.34175699992288033,0.4445447896564849,0.49761095283983764,0.7360236606485003,1.0180297213027734,1.2879898465474782,1.209484263286275,1.5094380769023648,1.6086087924943,1.822585846592479,1.4285826659351235,1.1003679107218975,1.1679597808352291,0.9406822155562271,0.9766895741910876,0.8627041187210981,0.6834461203513785,0.6436766555430202,0.4629987250204971,0.4983879586375098,0.4847342974054194,0.46091065731419556,0.3820399784787791,0.38842067376053424,0.4153036273966476,0.48880219906420835,0.37998134976840825,0.4291802498052436,0.4525329975941631,0.5654904870618438,0.5744279130707863,0.6164859758225211,0.6386595739638167,0.6060050972890015,0.6580251269421551,0.5973673266281284,0.656987691829289,0.7160385650570273,0.7375479053231477,0.6899587596750674,0.5932909235025474,0.6129763299363041,0.6072151310182402,0.6161860418049685,0.6394071042236742,0.583834898755054,0.5073663677669044,0.4735872533307583,0.48166389851762464,0.4701764414190619,0.4249597291090392,0.46723807516404703,0.48977329360740285,0.4301869339094364,0.41515161841602,0.43321234666147773,0.3561113993660189,0.3962797488711724,0.3468292726152109,0.3244082287263313,0.29287602649949285,0.30180855802961265,0.32176586203862334,0.20839100826090248,0.212437348395984,0.22136129389473472,0.19006894450025213,0.1934405547243403,0.21071957328409774,0.2054673971385601,0.16502357688220845,0.21417606609786638,0.14076194672339362,0.13829573814712262,0.21163849759244832,0.1705168716136235,0.15805997752753523,0.16847181659531932,0.18297153220454732
saxony-anhalt,2021.945205479452,0.24559787177678288,0.32037932729324115,0.4009066798880969,0.39305738441134763,0.49761095283983764,0.7413560751596474,0.9793548342499147,0.9359964187458816,1.1589942076445379,1.25759408842996,1.4602979189333232,1.396283149312307,1.0888969639730026,1.1826079394433195,1.0035338702801826,0.9464698898099067,0.8234207639353854,0.7335554283875428,0.6715874134908879,0.5817630073175213,0.4684711193559724,0.46773653631659673,0.40707481478281665,0.4333591649301057,0.3873676479358216,0.3997223978660765,0.3428405088793574,0.463297776757104,0.4054082457088024,0.46561155095332335,0.5292518269769317,0.47018168865017934,0.5294356891421308,0.5341060061177303,0.5232635290015741,0.5543103528124893,0.5840925763046692,0.6047845700523399,0.686380922383477,0.6126132766398645,0.5698486046726081,0.61651228590659235,0.585643927312564,0.5083745666535546,0.5750746217246515,0.6027118437431903,0.4672013466365468,0.5607279921306478,0.4809973572395703,0.5084113242739553,0.4228469759830342,0.41735841307986016,0.3640389039191878,0.40781902325554187,0.38962565484611267,0.42726655511646333,0.3251041614993965,0.3812542327128516,0.295715652069081,0.32867292551738747,0.3413958352877197,0.3103816749581385,0.26938577252532037,0.3080538737736995,0.21213973587794296,0.20839100826090248,0.24061904930025982,0.22788420995448852,0.17670469625922552,0.19684370189390277,0.16705284609123763,0.15682905620613843,0.17372547460365134,0.17754475282961238,0.20042977433441062,0.16600429350158138,0.19043949777935285,0.18086858798702396,0.15805997752753523,0.19024639221991796,0.16637467533445632
saxony-anhalt,2021.964383561644,0.2014268194889285,0.3142005408009646,0.32993408691405424,0.3587607479341501,0.44871969469910217,0.7200296972507423,0.791906669335427,0.8928381174886572,0.8905158353241732,1.0125203976994541,1.0122393795142781,0.7772942452678148,0.8636663598074619,0.756375219742774,0.6762389072909955,0.6923880354686937,0.5943586472386759,0.4353936893249946,0.458565615907584,0.38525118291971805,0.39738535406888836,0.4422109749860911,0.41225304942998886,0.2958307046241605,0.40334869168219734,0.36017448718392825,0.39717575886071804,0.3677622111928739,0.4054082457088024,0.38670755306833093,0.5511937997822745,0.47018168865017934,0.42087584947775153,0.5233685809179314,0.5160627260053885,0.4731831916225439,0.4918152758871025,0.43813622833327137,0.42244330835412347,0.48730097508000947,0.5624100597234231,0.5211887971394342,0.5053920349017412,0.431025852217057,0.46275738627654667,0.44130370002966574,0.49973724629114497,0.39924554856219385,0.35813766765299393,0.4271931545308495,0.40651928582339647,0.404160974241054,0.3512214543370433,0.33286470454249206,0.32297453192071324,0.2582691138528217,0.31386049342672917,0.2556771364404365,0.26947985876299946,0.24765641196581,0.20294069423136343,0.2039169058006499,0.25177373683620397,0.19893685241245582,0.16063144531948886,0.17903706070109354,0.140485600408719,0.13010021498881522,0.15333465021321896,0.1628483299659345,0.1561405874953438,0.126920366166981,0.10850713088806627,0.109591001488623,0.10282760143764592,0.14522018928310182,0.1409965815396249,0.11361402645384826,0.14274334067237912,0.13038171917152547,0.1425764835338776
saxony-anhalt,2021.9835616438356,0.13210205562378036,0.1476241488572541,0.14703488167307027,0.2560063522149933,0.25361827871428966,0.3958396092679151,0.4244931335642483,0.35102775077989706,0.5346944222609087,0.42132144334827615,0.4561419929681556,0.4483000911014425,0.4049732694886215,0.35520562538409195,0.31746510874027417,0.3193015182760886,0.23809063782289802,0.307300630087888,0.22290186079233376,0.15598933422711644,0.18470404642062463,0.2536862092677584,0.23148809335122414,0.21896958894088567,0.24375883880410779,0.26425833001404286,0.24637634566755584,0.19623821770479252,0.20230903768747,0.21112682182619838,0.2557711978776258,0.28766783457399187,0.24913505838146968,0.3198037954268316,0.296824350919901,0.3701083982666409,0.29306428416873,0.3347121251712107,0.2873227318501243,0.28156612871066095,0.28044207076894884,0.22897057169531246,0.29199749972130373,0.276677960632501,0.2947324860713899,0.23133139757496424,0.2909307371585969,0.2888025066441057,0.2574382037977587,0.27284616727134986,0.28585868515658963,0.18690108270010247,0.19766842445849458,0.23309164060197618,0.18991759251198176,0.17977801268794305,0.17351156157805522,0.1630517664678932,0.13848865088023318,0.18832581379800134,0.11625626010999685,0.13958357454544112,0.16380813993000765,0.12424631595617258,0.09310610360616421,0.0910692997870691,0.08737095972113554,0.09103283599548498,0.0966120934492781,0.13227930564385582,0.10888752520846458,0.08955867840567697,0.05639857355248293,0.08869920651707591,0.07033074022830382,0.08293329881767608,0.06340063468593267,0.07227300161219152,0.10702205641252746,0.06514999567172149,0.1137390995760288
saxony-anhalt,2022.0027397260274,0.11950321234734598,0.22159107046815055,0.15881627838383006,0.1250021251745037,0.23198429975782492,0.17907358625586572,0.22814012966721658,0.2337550117418136,0.23635112032185396,0.24033694771174335,0.1942078092564742,0.28181185624135796,0.2159618366875723,0.2257585581610452,0.2672113824614206,0.2107456788641985,0.11600610205741126,0.15632313512912027,0.24641814325310343,0.18947397715318828,0.22281308112163337,0.1825279760988327,0.12847898907944155,0.2025178489191054,0.158842357919893,0.19666101195621608,0.19219313784730224,0.14552784818985579,0.23399006653846505,0.17487331562410277,0.21759623603414566,0.24972548371430242,0.19325265738092987,0.2129855864407486,0.20366110527526574,0.19388420392369243,0.21230681638011945,0.2793912292738062,0.25815414437450146,0.19364411094587852,0.21758057062086517,0.23261631687934717,0.21219716974001301,0.1804407040427136,0.22687621190778248,0.18230880859616003,0.16604602653396994,0.17859353815471926,0.1656599972623561,0.15738192404254422,0.1589779717182742,0.17704906563431788,0.19766842445849458,0.1459502303318758,0.17180028905173395,0.11881523764203054,0.11467715758151045,0.1168034850456546,0.13325419155421336,0.12368337553874033,0.11625626010999685,0.11722563393081702,0.09061610876479784,0.05898063654445748,0.07382998738678877,0.07153878703776881,0.07800127266855121,0.05850169582038018,0.09994638926778619,0.08475623575155702,0.05804358273371855,0.08582398563348738,0.0433756858374528,0.08347496483331078,0.048679178106830694,0.041450115920081715,0.028170829349389727,0.06710768369766308,0.056034179825060024,0.07601713644432308,0.07196056861129144
