State,week_end_num,A00,A01,A02,A03,A04,A05,A06,A07,A08,A09,A10,A11,A12,A13,A14,A15,A16,A17,A18,A19,A20,A21,A22,A23,A24,A25,A26,A27,A28,A29,A30,A31,A32,A33,A34,A35,A36,A37,A38,A39,A40,A41,A42,A43,A44,A45,A46,A47,A48,A49,A50,A51,A52,A53,A54,A55,A56,A57,A58,A59,A60,A61,A62,A63,A64,A65,A66,A67,A68,A69,A70,A71,A72,A73,A74,A75,A76,A77,A78,A79,A80+
saxony,2020.0109289617487,-0,-0,-0,-0,-0,-0,-0,-0,-0,-0,-0,-0,-0,-0,-0,-0,-0,-0,-0,-0,-0,-0,-0,-0,-0,-0,-0,-0,-0,-0,-0,-0,-0,-0,-0,-0,-0,-0,-0,-0,-0,-0,-0,-0,-0,-0,-0,-0,-0,-0,-0,-0,-0,-0,-0,-0,-0,-0,-0,-0,-0,-0,-0,-0,-0,-0,-0,-0,-0,-0,-0,-0,-0,-0,-0,-0,-0,-0,-0,-0,-0
saxony,2020.0300546448088,-0,-0,-0,-0,-0,-0,-0,-0,-0,-0,-0,-0,-0,-0,-0,-0,-0,-0,-0,-0,-0,-0,-0,-0,-0,-0,-0,-0,-0,-0,-0,-0,-0,-0,-0,-0,-0,-0,-0,-0,-0,-0,-0,-0,-0,-0,-0,-0,-0,-0,-0,-0,-0,-0,-0,-0,-0,-0,-0,-0,-0,-0,-0,-0,-0,-0,-0,-0,-0,-0,-0,-0,-0,-0,-0,-0,-0,-0,-0,-0,-0
saxony,2020.049180327869,-0,-0,-0,-0,-0,-0,-0,-0,-0,-0,-0,-0,-0,-0,-0,-0,-0,-0,-0,-0,-0,-0,-0,-0,-0,-0,-0,-0,-0,-0,-0,-0,-0,-0,-0,-0,-0,-0,-0,-0,-0,-0,-0,-0,-0,-0,-0,-0,-0,-0,-0,-0,-0,-0,-0,-0,-0,-0,-0,-0,-0,-0,-0,-0,-0,-0,-0,-0,-0,-0,-0,-0,-0,-0,-0,-0,-0,-0,-0,-0,-0
saxony,2020.068306010929,-0,-0,-0,-0,-0,-0,-0,-0,-0,-0,-0,-0,-0,-0,-0,-0,-0,-0,-0,-0,-0,-0,-0,-0,-0,-0,-0,-0,-0,-0,-0,-0,-0,-0,-0,-0,-0,-0,-0,-0,-0,-0,-0,-0,-0,-0,-0,-0,-0,-0,-0,-0,-0,-0,-0,-0,-0,-0,-0,-0,-0,-0,-0,-0,-0,-0,-0,-0,-0,-0,-0,-0,-0,-0,-0,-0,-0,-0,-0,-0,-0
saxony,2020.0874316939892,-0,-0,-0,-0,-0,-0,-0,-0,-0,-0,-0,-0,-0,-0,-0,-0,-0,-0,-0,-0,-0,-0,-0,-0,-0,-0,-0,-0,-0,-0,-0,-0,-0,-0,-0,-0,-0,-0,-0,-0,-0,-0,-0,-0,-0,-0,-0,-0,-0,-0,-0,-0,-0,-0,-0,-0,-0,-0,-0,-0,-0,-0,-0,-0,-0,-0,-0,-0,-0,-0,-0,-0,-0,-0,-0,-0,-0,-0,-0,-0,-0
saxony,2020.1065573770493,-0,-0,-0,-0,-0,-0,-0,-0,-0,-0,-0,-0,-0,-0,-0,-0,-0,-0,-0,-0,-0,-0,-0,-0,-0,-0,-0,-0,-0,-0,-0,-0,-0,-0,-0,-0,-0,-0,-0,-0,-0,-0,-0,-0,-0,-0,-0,-0,-0,-0,-0,-0,-0,-0,-0,-0,-0,-0,-0,-0,-0,-0,-0,-0,-0,-0,-0,-0,-0,-0,-0,-0,-0,-0,-0,-0,-0,-0,-0,-0,-0
saxony,2020.1256830601094,-0,-0,-0,-0,-0,-0,-0,-0,-0,-0,-0,-0,-0,-0,-0,-0,-0,-0,-0,-0,-0,-0,-0,-0,-0,-0,-0,-0,-0,-0,-0,-0,-0,-0,-0,-0,-0,-0,-0,-0,-0,-0,-0,-0,-0,-0,-0,-0,-0,-0,-0,-0,-0,-0,-0,-0,-0,-0,-0,-0,-0,-0,-0,-0,-0,-0,-0,-0,-0,-0,-0,-0,-0,-0,-0,-0,-0,-0,-0,-0,-0
saxony,2020.1448087431695,-0,-0,-0,-0,-0,-0,-0,-0,-0,-0,-0,-0,-0,-0,-0,-0,-0,-0,-0,-0,-0,-0,-0,-0,-0,-0,-0,-0,-0,-0,-0,-0,-0,-0,-0,-0,-0,-0,-0,-0,-0,-0,-0,-0,-0,-0,-0,-0,-0,-0,-0,-0,-0,-0,-0,-0,-0,-0,-0,-0,-0,-0,-0,-0,-0,-0,-0,-0,-0,-0,-0,-0,-0,-0,-0,-0,-0,-0,-0,-0,-0
saxony,2020.1639344262296,-0,-0,-0,-0,-0,-0,-0,-0,-0,-0,-0,-0,-0,-0,-0,-0,-0,-0,-0,-0,-0,-0,-0,-0,-0,-0,-0,-0,-0,-0,-0,-0,-0,-0,-0,-0,-0,-0,-0,-0,-0,-0,-0,-0,-0,-0,-0,-0,-0,-0,-0,-0,-0,-0,-0,-0,-0,-0,-0,-0,-0,-0,-0,-0,-0,-0,-0,-0,-0,-0,-0,-0,-0,-0,-0,-0,-0,-0,-0,-0,-0
saxony,2020.1830601092897,-0,-0,-0,-0,-0,-0,-0,-0,-0,-0,-0,-0,-0,-0,-0,-0,-0,-0,-0,-0,-0,-0,-0,-0,-0,-0,-0,-0,-0,-0,-0,-0,-0,-0,-0,-0,-0,-0,0.002043640157790284,-0,-0,-0,-0,-0,-0,-0,-0,-0,0.002392055017686721,-0,-0,-0,-0,-0,-0,-0,-0,-0,-0,-0,-0,-0,-0,-0,-0,-0,0.0017160283146203095,-0,-0,-0,-0,0.0019812377428207965,-0,-0,-0,-0,-0,-0,-0,-0,-0
saxony,2020.2021857923498,-0,-0,-0,-0,-0,-0,0.0027976752581388934,-0,-0,-0,-0,-0,-0,-0,0.0031720967499333595,0.003166896432976778,-0,-0,0.003218899625968554,-0,-0,-0,0.00308369143235383,0.0030784911242383115,-0,0.006781242146596394,0.003478916371049182,0.0034477142929898856,0.013225281665846569,0.0028860800894626015,0.002080041601111447,-0,-0,-0,0.0019968383395411833,0.004035356573860712,0.006131161439069603,0.0020384399536850103,0.006131161439069603,0.0021060426476514314,-0,-0,0.002132043707192469,0.002199646522854582,0.0024440574358006633,0.002584464224470131,0.002636466834996906,-0,0.00717649518955648,0.002043640157790284,0.002028039547028811,0.003983352564350079,0.003894945867543119,0.001882434072264451,0.005262666295407436,0.005085848702057417,0.003203298662611505,0.004784220077497201,0.0032449012419726235,0.003203298662611505,0.0033437075013491397,0.005039044145629613,0.0018044313070670536,-0,0.001783630589441697,0.0017160283146203095,-0,-0,-0,-0,0.0017316288317807886,0.003967751371641334,-0,-0,-0,-0,-0,-0,-0,-0,2.2880050336228263e-4
saxony,2020.22131147541,0.0032084989832143057,-0,0.0029536838854148113,0.0028236766635127155,-0,-0,-0,0.005819125586151741,0.0028704792259572447,0.0029276824150337995,-0,-0,0.002932882708067575,-0,-0,0.003166896432976778,-0,0.009688502512032309,0.006437998520331927,0.0063339857475604045,0.023649777184407177,0.012200631190001126,0.018515295918255667,0.01845807557928742,0.0094336556584391,0.013558167383918133,0.013922263578133053,0.027593319775374478,0.013225281665846569,0.008663921724721541,0.02080416110966395,0.01210180809998616,0.019503657164320395,0.00770177033017048,0.015971652572796494,0.02218793302268236,0.022484460366350763,0.008154239309067744,0.020434814682275072,0.008419481575428201,0.010239808142200517,0.002158044779740347,0.002132043707192469,0.008809546189630155,0.0048882297503998065,0.020700119597103182,0.007915002346961344,0.00782138818313564,0.019144723802626776,0.02041920855296445,0.012179826313337437,0.013943069151946876,0.015586735789043028,0.016933956997830492,0.02106426580180478,0.01187295534942598,0.01281437879630789,0.017552962229019788,0.00648480433595298,0.008013817480499029,0.0133865229194174,0.00671363337435913,0.012637535522759372,0.012673944382853637,0.001783630589441697,0.008575507069992844,0.005153455357931754,0.010281416351495636,0.005101450230224663,0.00662002137330365,-0,-0,0.0024804591594204378,0.004919432692832402,0.0066512253549268294,0.011202006499415215,-0,0.005969942681265255,-0,0.003551721292663989,0.0022880503374788598
saxony,2020.24043715847,0.0032084989832143057,-0,-0,0.0028236766635127155,-0,0.002813276099801863,0.0027976752581388934,0.005819125586151741,0.0028704792259572447,0.01464526214970296,0.005725515195395651,0.002995286265072126,-0,0.01213301537128127,-0,0.006339186381260658,0.01565955766473659,0.0032293002708088333,0.01287159292533582,0.018999070391522415,0.014780500408604591,0.0182968185991316,0.018515295918255667,0.01845807557928742,0.012580321651257461,0.03729737270653412,0.024362506144470122,0.027593319775374478,0.029757713005673345,0.02599089436591945,0.024971194815076394,0.016132902342539803,0.019503657164320395,0.011555683884026953,0.023961920052196124,0.03429490655862406,0.014307168041205605,0.01019299894652979,0.00816984175787542,0.016840326596036313,0.014333175202281044,0.021579276930621616,0.019212348739321247,0.017615383333597048,0.014666068012795774,0.025876437297627643,0.029018895573813784,0.03389424394430867,0.02632906444856477,0.0347215896201702,0.02029956171720999,0.013943069151946876,0.027281155108514348,0.037635616326503654,0.033353094145075333,0.016959965472689884,0.01281437879630789,0.02074693825199469,0.014593247528391407,0.014421599647218522,0.023426075948408936,0.011753328176112956,0.009027983651655722,0.010863934777497159,0.010692299206028544,0.017152428590972393,0.010312622530319941,0.013709006926505778,0.010203400986370103,0.00662002137330365,0.010401040138686323,0.007935805517359338,0.017350094156640673,0.00984453181433411,0.013303301564821176,0.00839867821152366,0.005886733195387228,0.003983352564350079,0.0021632449958065873,0.014208340947757954,0.008013817480499029
saxony,2020.25956284153,-0,0.003073290816637081,0.0029536838854148113,0.005642306100639183,0.0027560730365790635,-0,-0,0.011638902441767738,0.005746317489889332,-0,0.005725515195395651,-0,-0,-0,0.006344387015475263,0.006339186381260658,0.01565955766473659,0.006458801099852386,0.01287159292533582,0.01266354184879604,0.02660480475902166,0.02135038246587484,0.018515295918255667,0.015383875387355223,0.02831130562098262,0.027119870764864957,0.017402111535642723,0.006895657192178224,0.023145150177944288,0.017324085486646892,0.016642662968114338,0.014114715453538935,0.007800585058505722,0.028894026058956992,0.015971652572796494,0.01815636937870107,0.02452378193602447,0.01630975750366404,0.024518579483330884,0.02526773803062301,0.014333175202281044,0.021579276930621616,0.01067149493283023,0.013209677700095337,0.026885749220666822,0.020700119597103182,0.018463277425680057,0.01303283308219876,0.04308944795946401,0.018380047945795872,0.024362506144470122,0.031875367610436675,0.031183348142826493,0.031984634684030094,0.02808238152122697,0.02204747329218073,0.035252346607322294,0.022338797600260574,0.025949273584662178,0.027244736019444875,0.016731091340357246,0.016788309778997864,0.01986259300359185,0.014484016992994944,0.019602494322149867,0.006859252377637567,0.013750617911807095,0.013709006926505778,0.010203400986370103,0.001653626292798774,0.010401040138686323,0.0019812377428207965,0.024783905234470178,0.004919432692832402,0.0066512253549268294,0.011202006499415215,0.0019604369544703195,0.021901811750174947,0.01082752718469552,0.01775583109285882,0.033654888530837174
saxony,2020.27868852459,-0,0.0061415626664147295,-0,0.0028236766635127155,0.00550709160564713,-0,0.005590300484036865,-0,-0,0.005860730258351855,-0,-0,0.005865930844721004,0.009100796342909912,0.0031720967499333595,0.006339186381260658,0.009397249067027562,0.01614330557066179,0.01287159292533582,0.01266354184879604,0.020689715457295654,0.0182968185991316,0.012341064325200612,0.012304655698178278,0.0157271780691927,0.010166993856035466,0.010437447432891652,0.013792228930400247,0.023145150177944288,0.023103531674356394,0.02080416110966395,0.018151167563010037,0.009750914176774251,0.00770177033017048,0.011982180400191667,0.014119916865459462,0.01635137057016812,0.006115559601955722,0.00816984175787542,0.023160757125374496,0.0020488403624213725,0.01726166473174986,0.01067149493283023,0.0154150846284124,0.012221436074988719,0.01293400841061952,0.023743419848001653,0.0234624923631118,0.014359182376357874,0.0367665948457725,0.016236934717412117,0.015935241403672203,0.02338445721998572,0.01881180231957845,0.015794798561581988,0.023743419848001653,0.019227954506435822,0.022338797600260574,0.014593247528391407,0.012819580078166842,0.00669283069289289,0.015113396082826297,0.01805753496950152,0.010863934777497159,0.003562122004072948,0.005143054328229515,0.005153455357931754,0.008565105355790045,0.005101450230224663,0.008273858202872625,0.00520026001733406,0.0019812377428207965,0.0024804591594204378,0.002459658171372907,-0,0.016803914818648753,0.005886733195387228,0.009953752604511815,0.008658720858514239,0.008877157686964345,0.01762578685831152
saxony,2020.2978142076502,0.0032084989832143057,-0,-0,-0,0.0027560730365790635,-0,-0,0.011638902441767738,0.008617113947610913,-0,-0,-0,-0,-0,-0,-0,-0,0.006458801099852386,0.006437998520331927,0.01266354184879604,0.014780500408604591,0.006099957769517166,0.015430689255968034,0.0030784911242383115,0.0031460951703395374,-0,-0,0.0034477142929898856,0.006609620050255059,0.005772320369706133,0.010401040138686323,0.01210180809998616,0.0019500365634153166,0.0057775209472333035,0.005990745073540965,0.0060531523002996255,0.004087360635379416,0.01019299894652979,0.006131161439069603,0.004212170595212086,0.012283850779894996,0.0043161791239144645,0.008539101079383155,0.006604419389508075,0.0024440574358006633,0.002584464224470131,0.002636466834996906,0.00782138818313564,0.00717649518955648,0.00816984175787542,0.008117833613398493,0.003983352564350079,0.011690914107985973,0.013168067147658042,0.0035101184678309845,0.005085848702057417,0.0016016246651463287,0.009574081321230209,0.00648480433595298,0.004805021995434633,0.005018242134080271,0.005039044145629613,0.007223301669917921,0.003619325954004455,0.003562122004072948,0.0017160283146203095,0.0017160283146203095,0.0051378538141556625,0.003400911211008475,-0,0.0034685156762824733,0.003967751371641334,0.004955836149344533,0.002459658171372907,0.003328106500541602,0.0027976752581388934,0.011774132882138057,0.0019916381401162723,0.0021632449958065873,0.0017732302337492335,0.009386847188447992
saxony,2020.3169398907103,-0,-0,0.005912736145419771,0.0028236766635127155,0.0027560730365790635,-0,-0,-0,0.005746317489889332,-0,0.0028600786528853693,-0,-0,0.006063553512041092,-0,0.003166896432976778,-0,0.006458801099852386,0.003218899625968554,-0,0.005912736145419771,0.0030472892864491677,-0,0.00923081925944987,0.006287180067692691,-0,0.003478916371049182,0.010343828727871672,0.013225281665846569,0.005772320369706133,0.006240374429955163,0.008065825520937807,-0,0.00770177033017048,0.0019968383395411833,0.0060531523002996255,0.010219004050034989,0.0020384399536850103,0.002043640157790284,-0,0.0020488403624213725,-0,-0,0.006604419389508075,-0,0.00775897883421337,0.002636466834996906,-0,0.002392055017686721,0.006125960826174338,0.004061358598116162,0.007967010288569753,0.0019500365634153166,0.005642306100639183,0.0035101184678309845,0.0016952276323631062,0.003203298662611505,0.004784220077497201,0.0016224253099669165,0.008013817480499029,0.0033437075013491397,0.003359308506831505,0.005418682318251812,0.00542908340308526,0.001783630589441697,0.0017160283146203095,0.0017160283146203095,0.001710828143277401,0.0017004278021459124,0.001653626292798774,0.0017316288317807886,-0,-0,-0,0.003328106500541602,0.0027976752581388934,-0,0.003983352564350079,-0,0.005325072648370196,0.008929166590890197
saxony,2020.3360655737704,0.0032084989832143057,-0,-0,-0,-0,0.002813276099801863,-0,-0,-0,-0,-0,-0,-0,-0,-0,0.003166896432976778,0.006266377556829031,0.006458801099852386,-0,0.009496067017308214,0.008866755912421307,0.0030472892864491677,0.00308369143235383,0.006151963895840346,-0,0.006781242146596394,-0,0.0034477142929898856,-0,-0,0.004160166408873586,0.004035356573860712,-0,-0,0.0019968383395411833,0.004035356573860712,0.002043640157790284,-0,-0,0.004212170595212086,0.0020488403624213725,0.0043161791239144645,0.004269375260251284,-0,0.0048882297503998065,0.0051742574235774715,0.013188872419714582,0.00782138818313564,0.004784220077497201,0.002043640157790284,0.002028039547028811,0.00597514327855689,0.011690914107985973,0.003759735916092501,0.0035101184678309845,0.003390510531843826,0.004805021995434633,0.004784220077497201,0.004862227312667634,0.0016016246651463287,0.0016744269584206722,0.003359308506831505,0.0018044313070670536,0.0018096314877705962,-0,-0,-0,-0,0.0017004278021459124,0.001653626292798774,-0,0.003967751371641334,0.0024804591594204378,0.002459658171372907,0.003328106500541602,0.0027976752581388934,-0,0.003983352564350079,0.0021632449958065873,-0,0.007093283772953485
saxony,2020.3551912568305,-0,-0,0.0029536838854148113,0.0028236766635127155,-0,0.002813276099801863,-0,-0,-0,0.0029276824150337995,-0,-0,-0,0.006063553512041092,-0,-0,-0,-0,0.003218899625968554,0.009496067017308214,0.0029536838854148113,0.006099957769517166,0.00308369143235383,0.01845807557928742,0.0031460951703395374,0.003390510531843826,0.003478916371049182,0.006895657192178224,-0,0.005772320369706133,0.006240374429955163,0.004035356573860712,0.0019500365634153166,-0,0.0019968383395411833,0.004035356573860712,0.004087360635379416,0.0020384399536850103,0.004087360635379416,0.010525865253503073,-0,0.002158044779740347,0.004269375260251284,0.008809546189630155,0.0048882297503998065,0.002584464224470131,0.005273067349034468,-0,0.00717649518955648,-0,0.002028039547028811,0.007967010288569753,0.003894945867543119,0.009407650947687885,0.007020473892650622,0.01017739589067374,0.003203298662611505,0.003192898022971868,0.0016224253099669165,0.003203298662611505,0.005018242134080271,0.0016796271261233435,0.005418682318251812,0.00542908340308526,-0,0.0017160283146203095,0.0017160283146203095,-0,0.0017004278021459124,0.001653626292798774,0.0017316288317807886,0.003967751371641334,-0,-0,0.0066512253549268294,0.0027976752581388934,-0,-0,0.008658720858514239,0.003551721292663989,0.0061779669785036575
saxony,2020.3743169398906,-0,-0,0.005912736145419771,0.0028236766635127155,0.0027560730365790635,0.002813276099801863,0.0027976752581388934,-0,-0,-0,-0,0.002995286265072126,-0,0.006063553512041092,-0,-0,-0,0.0032293002708088333,0.006437998520331927,0.0063339857475604045,0.005912736145419771,0.006099957769517166,0.00308369143235383,0.006151963895840346,0.0031460951703395374,-0,0.006958065504961515,0.006895657192178224,-0,0.0028860800894626015,0.006240374429955163,0.002017639142452774,0.0019500365634153166,0.0019240355948756038,0.003993753362091565,-0,0.004087360635379416,0.0020384399536850103,0.002043640157790284,0.010525865253503073,0.0020488403624213725,0.0043161791239144645,0.004269375260251284,0.002199646522854582,-0,0.002584464224470131,0.002636466834996906,0.0026052652624425246,0.002392055017686721,0.002043640157790284,-0,0.009958953600245485,0.00779538427865152,0.003759735916092501,0.0035101184678309845,0.003390510531843826,0.003203298662611505,0.0015964245052441485,0.0016224253099669165,0.0016016246651463287,0.0033437075013491397,0.0016796271261233435,0.0018044313070670536,0.003619325954004455,-0,0.0017160283146203095,0.0017160283146203095,0.001710828143277401,-0,0.001653626292798774,-0,-0,-0,-0,0.003328106500541602,-0,-0,0.0019916381401162723,0.0021632449958065873,0.0017732302337492335,0.004118563097248782
saxony,2020.3934426229507,-0,-0,-0,0.0028236766635127155,-0,-0,-0,-0,-0,0.0029276824150337995,-0,-0,-0,-0,0.0031720967499333595,-0,-0,-0,-0,-0,0.0029536838854148113,-0,-0,-0,-0,0.003390510531843826,-0,0.0034477142929898856,-0,-0,0.002080041601111447,-0,-0,0.0057775209472333035,0.0019968383395411833,-0,-0,0.0020384399536850103,-0,-0,0.004092561044388847,0.0043161791239144645,0.002132043707192469,0.002199646522854582,0.0048882297503998065,-0,-0,0.0026052652624425246,-0,0.002043640157790284,0.004061358598116162,0.0019916381401162723,0.003894945867543119,0.005642306100639183,-0,0.0016952276323631062,-0,0.0015964245052441485,-0,0.0016016246651463287,0.0016744269584206722,0.0016796271261233435,-0,-0,-0,-0,-0,-0,0.003400911211008475,-0,-0,-0,-0,-0,-0,0.0027976752581388934,-0,-0,0.004331780421159893,-0,0.0038897454782967204
saxony,2020.4125683060108,-0,-0,-0,-0,0.0027560730365790635,-0,-0,-0,-0,0.0029276824150337995,-0,-0,-0,-0,-0,-0,-0,-0,-0,0.003166896432976778,-0,-0,-0,-0,0.006287180067692691,0.003390510531843826,0.003478916371049182,-0,0.003307305173422107,-0,-0,0.004035356573860712,-0,0.0019240355948756038,-0,0.002017639142452774,0.002043640157790284,0.004076959818915024,-0,0.0021060426476514314,0.0020488403624213725,0.002158044779740347,-0,0.002199646522854582,-0,0.002584464224470131,0.002636466834996906,0.0026052652624425246,-0,0.002043640157790284,-0,-0,0.0019500365634153166,-0,0.0017524295286047305,-0,-0,0.0015964245052441485,-0,0.0016016246651463287,-0,0.0016796271261233435,-0,0.003619325954004455,-0,-0,-0,-0,-0,-0,-0,-0,0.0024804591594204378,-0,0.003328106500541602,-0,-0,-0,-0,0.003551721292663989,0.002059240773237899
saxony,2020.431693989071,-0,-0,-0,-0,-0,-0,0.005590300484036865,-0,-0,-0,-0,-0,-0,-0,-0,-0,-0,-0,-0,-0,0.0029536838854148113,-0,-0,0.006151963895840346,-0,-0,-0,-0,-0,-0,-0,-0,-0,-0,-0,-0,-0,-0,-0,-0,-0,-0,-0,-0,-0,0.002584464224470131,-0,-0,-0,-0,0.002028039547028811,-0,-0,-0,-0,0.0016952276323631062,-0,-0,-0,0.0016016246651463287,-0,-0,-0,-0,0.001783630589441697,0.0017160283146203095,-0,-0,-0,0.001653626292798774,0.0017316288317807886,-0,-0,-0,-0,-0,-0,-0,0.0021632449958065873,0.0017732302337492335,4.576020134534245e-4
saxony,2020.450819672131,-0,-0,-0,-0,-0,-0,-0,-0,-0,-0,-0,-0,-0,-0,-0,-0,-0,-0,-0,-0,-0,0.0030472892864491677,-0,-0,-0,0.003390510531843826,-0,-0,-0,-0,-0,-0,-0,-0,-0,0.002017639142452774,-0,-0,0.002043640157790284,-0,-0,-0,-0,-0,-0,-0,-0,-0,-0,-0,-0,-0,-0,-0,-0,-0,-0,-0,-0,-0,-0,-0,0.0018044313070670536,-0,-0,-0,-0,-0,-0,-0,-0,-0,-0,0.002459658171372907,-0,-0,-0,-0,-0,0.0017732302337492335,6.864045302822849e-4
saxony,2020.4699453551912,-0,-0,0.0029536838854148113,-0,0.0027560730365790635,-0,0.0027976752581388934,0.005819125586151741,0.0028704792259572447,0.0029276824150337995,-0,-0,-0,0.021230733487564962,0.0031720967499333595,0.006339186381260658,0.006266377556829031,-0,-0,-0,-0,-0,-0,-0,0.0031460951703395374,0.003390510531843826,-0,-0,-0,-0,-0,-0,-0,-0,0.0019968383395411833,-0,-0,-0,-0,0.0021060426476514314,-0,0.002158044779740347,0.002132043707192469,0.002199646522854582,0.0024440574358006633,-0,0.002636466834996906,-0,0.00717649518955648,0.002043640157790284,-0,-0,-0,-0,0.0017524295286047305,-0,-0,-0,0.0032449012419726235,-0,-0,-0,0.0018044313070670536,-0,-0,0.0017160283146203095,-0,-0,-0,-0,-0,-0,-0,-0,-0,-0,-0,-0,-0,0.0017732302337492335,-0
saxony,2020.4890710382513,-0,-0,-0,-0,-0,-0,-0,-0,-0,-0,-0,-0,-0,-0,-0,-0,-0,0.0032293002708088333,-0,-0,-0,-0,-0,-0,-0,-0,-0,-0,-0,-0,-0,-0,-0,-0,0.003993753362091565,0.002017639142452774,-0,0.0020384399536850103,-0,-0,-0,-0,-0,-0,0.0024440574358006633,-0,-0,-0,-0,-0,-0,-0,0.0019500365634153166,0.001882434072264451,-0,-0,-0,-0,0.0016224253099669165,-0,-0,-0,-0,-0,-0,-0,-0,-0,-0,0.001653626292798774,-0,-0,-0,-0,0.003328106500541602,-0,-0,-0,-0,-0,2.2880050336228263e-4
saxony,2020.5081967213114,-0,-0,-0,-0,-0,-0,-0,-0,-0,-0,-0,-0,-0,-0,-0,-0,-0,-0,-0,-0,0.0029536838854148113,-0,-0,-0,-0,-0,-0,-0,-0,-0,-0,-0,-0,-0,-0,-0,-0,-0,-0,-0,-0,-0,0.002132043707192469,0.002199646522854582,-0,-0,-0,-0,-0,-0,-0,0.0019916381401162723,-0,-0,-0,-0,-0,-0,-0,-0,-0,-0,-0,-0,-0,-0,-0,-0,-0,-0,-0,-0,-0,-0,-0,-0,-0,-0,-0,-0,-0
saxony,2020.5273224043715,-0,-0,-0,-0,-0,-0,-0,-0,-0,-0,-0,-0,-0,0.003031688374572533,-0,-0,-0,-0,-0,-0,-0,-0,-0,0.0030784911242383115,-0,-0,-0,-0,-0,-0,-0,-0,0.0019500365634153166,-0,-0,-0,0.002043640157790284,-0,-0,-0,-0,-0,-0,0.002199646522854582,-0,-0,-0,-0,-0,-0,-0,-0,-0,-0,-0,-0,-0,-0,-0,-0,-0,-0,-0,-0,-0,-0,-0,0.001710828143277401,-0,-0,-0,-0,-0,-0,-0,-0,-0,-0,-0,-0,-0
saxony,2020.5464480874316,-0,-0,-0,-0,-0,-0,-0,-0,-0,-0,-0,0.002995286265072126,-0,-0,-0,-0,-0,-0,-0,-0,0.0029536838854148113,-0,-0,-0,0.0031460951703395374,-0,-0,-0,0.003307305173422107,-0,-0,0.002017639142452774,-0,-0,-0,-0,-0,-0,0.002043640157790284,-0,-0,-0,-0,-0,-0,-0,-0,-0,-0,0.002043640157790284,-0,-0,-0,-0,-0,-0,-0,0.0015964245052441485,-0,0.0016016246651463287,-0,-0,-0,-0,-0,-0,-0,-0,-0,-0,-0,-0,-0,-0,-0,-0,-0,-0,-0,-0,-0
saxony,2020.5655737704917,-0,-0,0.0029536838854148113,-0,-0,-0,-0,-0,-0,-0,-0,-0,-0,-0,-0,-0,0.006266377556829031,-0,-0,-0,-0,-0,-0,-0,0.0031460951703395374,-0,-0,-0,-0,-0,-0,-0,-0,-0,-0,0.002017639142452774,0.004087360635379416,0.0020384399536850103,-0,-0,-0,-0,-0,-0,-0,-0,-0,-0,-0,-0,-0,-0,-0,-0,0.0017524295286047305,0.0016952276323631062,-0,-0,-0,-0,-0,-0,-0,0.0018096314877705962,-0,-0,-0,-0,-0,-0,-0,-0,-0,-0,-0,-0,-0,-0,0.0021632449958065873,-0,4.576020134534245e-4
saxony,2020.5846994535518,-0,-0,-0,-0,-0,-0,-0,-0,-0,0.005860730258351855,-0,-0,-0,-0,-0,-0,-0,-0,0.003218899625968554,0.0063339857475604045,-0,-0,-0,-0,-0,0.003390510531843826,-0,-0,-0,0.0028860800894626015,-0,-0,-0,-0,-0,-0,-0,-0,-0,-0,-0,-0,-0,-0,-0,-0,-0,0.0026052652624425246,-0,-0,-0,0.0019916381401162723,-0,-0,-0,-0,-0,0.0015964245052441485,-0,0.0016016246651463287,-0,0.0016796271261233435,-0,-0,-0,-0,-0,-0,-0,-0,0.0017316288317807886,-0,-0,0.002459658171372907,-0,-0,-0,-0,-0,-0,2.2880050336228263e-4
saxony,2020.603825136612,-0,-0,-0,-0,-0,-0,-0,-0,-0,-0,-0,-0,-0,-0,-0,-0,-0,0.0032293002708088333,0.003218899625968554,0.009496067017308214,0.005912736145419771,0.012200631190001126,0.00308369143235383,0.006151963895840346,-0,0.003390510531843826,-0,0.006895657192178224,0.003307305173422107,-0,-0,-0,0.0019500365634153166,-0,-0,0.002017639142452774,0.002043640157790284,-0,0.002043640157790284,0.004212170595212086,-0,0.002158044779740347,-0,-0,-0,0.002584464224470131,-0,-0,-0,0.002043640157790284,0.004061358598116162,-0,-0,0.003759735916092501,0.0035101184678309845,0.005085848702057417,0.003203298662611505,-0,0.0016224253099669165,-0,0.0016744269584206722,0.003359308506831505,-0,-0,-0,0.0017160283146203095,-0,-0,-0,0.003307305173422107,-0,0.0019812377428207965,0.0024804591594204378,-0,-0,-0,-0,-0,-0,-0,2.2880050336228263e-4
saxony,2020.622950819672,-0,0.003073290816637081,-0,-0,-0,0.002813276099801863,-0,-0,0.0028704792259572447,-0,-0,-0,-0,-0,-0,0.003166896432976778,-0,-0,0.003218899625968554,0.009496067017308214,0.011820943501131212,-0,0.006172766360933059,-0,0.0031460951703395374,0.003390510531843826,-0,-0,-0,-0,-0,0.002017639142452774,0.0039001462573153684,-0,0.0019968383395411833,0.002017639142452774,-0,-0,0.006131161439069603,0.0021060426476514314,0.004092561044388847,-0,-0,0.002199646522854582,0.0024440574358006633,-0,0.005273067349034468,-0,-0,-0,-0,-0,-0,-0,-0,-0,-0,0.003192898022971868,-0,0.0016016246651463287,-0,-0,0.0018044313070670536,0.0018096314877705962,0.001783630589441697,-0,-0,-0,-0,0.001653626292798774,-0,0.0019812377428207965,-0,-0,-0,-0,-0,-0,-0,-0,-0
saxony,2020.6420765027322,-0,0.0061415626664147295,-0,-0,-0,-0,-0,-0,0.005746317489889332,0.0029276824150337995,-0,0.002995286265072126,0.002932882708067575,-0,0.0031720967499333595,-0,-0,0.006458801099852386,0.003218899625968554,0.003166896432976778,0.0029536838854148113,0.0030472892864491677,0.00308369143235383,0.0030784911242383115,0.0031460951703395374,-0,0.003478916371049182,0.0034477142929898856,0.003307305173422107,0.005772320369706133,-0,0.002017639142452774,0.007800585058505722,-0,-0,0.002017639142452774,0.006131161439069603,-0,0.002043640157790284,0.004212170595212086,0.0020488403624213725,0.002158044779740347,-0,0.002199646522854582,0.0024440574358006633,-0,0.005273067349034468,-0,-0,0.002043640157790284,0.002028039547028811,0.003983352564350079,-0,-0,-0,0.003390510531843826,0.0016016246651463287,-0,-0,-0,-0,0.003359308506831505,-0,0.0018096314877705962,-0,0.0017160283146203095,-0,-0,-0,-0,-0,-0,-0,-0,0.003328106500541602,-0,-0,0.0019916381401162723,-0,-0,-0
saxony,2020.6612021857923,-0,-0,0.0029536838854148113,-0,-0,-0,0.0027976752581388934,0.0029068812480877357,-0,0.00878874266967398,0.0028600786528853693,-0,0.011737724652059486,0.003031688374572533,0.0031720967499333595,-0,0.009397249067027562,-0,-0,-0,0.0029536838854148113,0.006099957769517166,-0,0.012304655698178278,-0,0.006781242146596394,0.003478916371049182,-0,0.003307305173422107,0.0028860800894626015,0.002080041601111447,0.006047951695206187,0.0019500365634153166,0.0038533427681110123,-0,0.002017639142452774,0.004087360635379416,0.01019299894652979,-0,-0,0.0020488403624213725,0.002158044779740347,0.004269375260251284,-0,0.0048882297503998065,-0,0.002636466834996906,0.0026052652624425246,0.002392055017686721,0.002043640157790284,-0,-0,-0,0.003759735916092501,0.005262666295407436,0.0016952276323631062,0.0016016246651463287,-0,-0,-0,-0,-0,-0,-0,-0,-0,0.0034373136044640058,-0,-0,-0,-0,0.0019812377428207965,-0,0.002459658171372907,-0,-0,-0,-0,-0,-0,2.2880050336228263e-4
saxony,2020.6803278688524,-0,-0,-0,-0,0.0027560730365790635,-0,0.0027976752581388934,-0,-0,-0,0.005725515195395651,-0,-0,0.003031688374572533,-0,0.006339186381260658,0.01565955766473659,0.012918404532277994,0.006437998520331927,0.01266354184879604,0.005912736145419771,0.006099957769517166,0.009256823881769351,-0,0.012580321651257461,0.006781242146596394,0.003478916371049182,-0,0.003307305173422107,0.005772320369706133,-0,0.002017639142452774,0.007800585058505722,-0,0.003993753362091565,0.0060531523002996255,0.004087360635379416,0.0020384399536850103,-0,0.0021060426476514314,0.010239808142200517,0.002158044779740347,-0,0.004404586536875719,-0,0.002584464224470131,-0,-0,-0,0.004082160226884292,0.006089556550493997,0.0019916381401162723,0.0019500365634153166,0.001882434072264451,-0,0.0016952276323631062,0.004805021995434633,-0,0.0032449012419726235,-0,0.0016744269584206722,0.003359308506831505,0.003608925231153918,-0,-0,0.0017160283146203095,-0,0.0034269129180184016,0.0017004278021459124,-0,0.0017316288317807886,-0,-0,-0,0.003328106500541602,-0,-0,-0,-0,-0,6.864045302822849e-4
saxony,2020.6994535519125,-0,-0,-0,-0,-0,0.002813276099801863,0.005590300484036865,0.005819125586151741,-0,0.0029276824150337995,0.0028600786528853693,-0,0.002932882708067575,-0,0.0031720967499333595,0.009506468917735723,0.006266377556829031,0.0032293002708088333,0.003218899625968554,0.003166896432976778,0.005912736145419771,0.009147604555409257,0.006172766360933059,0.00923081925944987,0.0031460951703395374,-0,0.006958065504961515,0.006895657192178224,0.006609620050255059,0.0028860800894626015,0.006240374429955163,0.004035356573860712,-0,0.009631291885159604,0.005990745073540965,-0,0.004087360635379416,0.0020384399536850103,-0,0.004212170595212086,-0,0.0043161791239144645,0.002132043707192469,0.004404586536875719,0.007332516954591532,0.0051742574235774715,0.005273067349034468,0.0026052652624425246,0.004784220077497201,0.004082160226884292,-0,0.003983352564350079,0.0019500365634153166,0.003759735916092501,0.0017524295286047305,0.005085848702057417,0.0016016246651463287,0.011170799786850443,0.0032449012419726235,0.0016016246651463287,0.0033437075013491397,-0,0.003608925231153918,0.003619325954004455,0.001783630589441697,0.008575507069992844,0.006874854437892958,-0,0.006802044863431811,0.001653626292798774,0.0034685156762824733,-0,-0,-0,0.003328106500541602,0.0027976752581388934,0.003926148213960467,0.003983352564350079,-0,0.0017732302337492335,0.003203298662611505
saxony,2020.7185792349726,0.0064171959491335275,0.0061415626664147295,-0,-0,-0,-0,0.005590300484036865,0.005819125586151741,0.005746317489889332,0.0029276824150337995,0.0028600786528853693,0.002995286265072126,0.002932882708067575,0.003031688374572533,0.006344387015475263,-0,0.009397249067027562,0.01937360855865311,0.006437998520331927,0.009496067017308214,0.011820943501131212,0.009147604555409257,0.009256823881769351,0.01845807557928742,0.006287180067692691,0.006781242146596394,0.010437447432891652,0.013792228930400247,0.003307305173422107,0.0028860800894626015,0.008320665671008401,-0,0.009750914176774251,0.0019240355948756038,0.005990745073540965,-0,0.006131161439069603,0.0020384399536850103,0.002043640157790284,0.004212170595212086,0.008190645030230759,0.002158044779740347,0.008539101079383155,0.006604419389508075,0.0048882297503998065,0.00775897883421337,0.005273067349034468,0.0026052652624425246,0.002392055017686721,0.006125960826174338,0.01015139080797669,0.00597514327855689,0.003894945867543119,0.011285224491147437,0.008773140035171583,0.003390510531843826,0.0064067946666550996,0.004784220077497201,0.00648480433595298,0.0064119953076371364,0.00669283069289289,-0,0.016252539591597902,0.00542908340308526,-0,0.0034321132609840565,-0,0.0051378538141556625,-0,0.003307305173422107,0.010401040138686323,0.0019812377428207965,-0,0.007384524313634336,0.003328106500541602,0.0027976752581388934,0.003926148213960467,0.005969942681265255,0.004331780421159893,0.003551721292663989,0.007093283772953485
saxony,2020.7377049180327,-0,-0,-0,-0,-0,-0,-0,-0,-0,0.0029276824150337995,-0,0.002995286265072126,0.005865930844721004,0.01213301537128127,0.009511669868726874,0.009506468917735723,0.012528309095424985,0.0032293002708088333,-0,0.0063339857475604045,0.008866755912421307,0.009147604555409257,0.009256823881769351,-0,0.012580321651257461,0.013558167383918133,0.006958065504961515,0.013792228930400247,-0,0.008663921724721541,0.002080041601111447,0.002017639142452774,0.0058503290871796815,0.00770177033017048,0.005990745073540965,0.01210180809998616,0.010219004050034989,0.006115559601955722,-0,0.0021060426476514314,0.0020488403624213725,0.0064744030399512,-0,0.004404586536875719,0.009776919059188786,0.01293400841061952,0.005273067349034468,0.00782138818313564,0.002392055017686721,0.006125960826174338,0.01015139080797669,0.007967010288569753,0.003894945867543119,0.007524944442861097,0.005262666295407436,0.003390510531843826,0.004805021995434633,0.0015964245052441485,0.004862227312667634,0.004805021995434633,0.008367473181271885,0.0016796271261233435,0.007223301669917921,0.003619325954004455,0.003562122004072948,0.005143054328229515,-0,0.0051378538141556625,0.0017004278021459124,0.00662002137330365,0.00520026001733406,0.005949140297311455,0.004955836149344533,0.004919432692832402,0.0066512253549268294,0.005600701603197585,0.003926148213960467,0.005969942681265255,0.008658720858514239,0.008877157686964345,0.0061779669785036575
saxony,2020.7568306010928,-0,0.003073290816637081,-0,-0,-0,-0,-0,-0,0.0028704792259572447,-0,0.0028600786528853693,-0,0.002932882708067575,0.006063553512041092,0.009511669868726874,0.006339186381260658,0.012528309095424985,0.012918404532277994,0.009652095742195298,0.01266354184879604,0.011820943501131212,0.009147604555409257,0.006172766360933059,0.015383875387355223,-0,0.013558167383918133,0.003478916371049182,-0,0.006609620050255059,0.005772320369706133,0.004160166408873586,0.004035356573860712,0.0039001462573153684,0.0019240355948756038,0.005990745073540965,0.01210180809998616,0.006131161439069603,0.008154239309067744,0.012257844643743538,0.008419481575428201,0.010239808142200517,0.0043161791239144645,0.006401594026198965,-0,0.0024440574358006633,0.00775897883421337,0.01582600804926714,0.005210661058478578,0.009574081321230209,0.006125960826174338,0.006089556550493997,0.011950973219418473,0.009740512227448648,-0,0.007020473892650622,0.005085848702057417,0.003203298662611505,0.004784220077497201,0.0032449012419726235,0.0064119953076371364,0.010036968598628295,0.005039044145629613,0.010832728267824117,-0,0.010692299206028544,0.0017160283146203095,0.0017160283146203095,0.0051378538141556625,0.0017004278021459124,0.0049610366452090765,0.01213301537128127,0.005949140297311455,0.009912144657398491,0.002459658171372907,0.0066512253549268294,-0,0.007847392100623672,0.005969942681265255,0.01082752718469552,0.003551721292663989,0.005720314623075404
saxony,2020.775956284153,-0,0.012289052008682562,-0,0.0028236766635127155,0.0027560730365790635,0.00843508410381549,0.01118640314079471,-0,0.011493270053125997,0.01464526214970296,0.00858590878627633,0.005985544474694745,0.029341476541735547,0.02426886236600097,0.019030281802415137,0.01584681438479691,0.034461416605112934,0.01937360855865311,0.022531280627817375,0.025330168396754896,0.014780500408604591,0.030501743985632348,0.021605287729002425,0.027692172310554285,0.0408984792996872,0.023733015099274033,0.03132383255288551,0.0310428641123024,0.023145150177944288,0.02599089436591945,0.016642662968114338,0.010083777653838487,0.013651791876088,0.01925916605470958,0.01397427752827598,0.0060531523002996255,0.01635137057016812,0.01019299894652979,0.014301966610554842,0.021053861589138773,0.020476431049993696,0.01726166473174986,0.012803976234156533,0.02202146227260865,0.017105613172310023,0.025876437297627643,0.021105882673285677,0.0208561819440096,0.023935908074983355,0.028592259302643704,0.026391496088921905,0.019919814888100344,0.021433616700117793,0.022578100931440505,0.024570604033717712,0.01187295534942598,0.014421599647218522,0.022338797600260574,0.022702955280536542,0.017630988621446398,0.020081076901403663,0.015113396082826297,0.010832728267824117,0.007244104563595258,0.005345874782669774,0.012008186398478806,0.010312622530319941,0.0034269129180184016,0.01530065083611597,0.00662002137330365,0.00520026001733406,0.005949140297311455,0.004955836149344533,0.004919432692832402,0.013303301564821176,0.0027976752581388934,0.019623302168789433,0.01791708639536092,0.0064952056340352796,0.014208340947757954,0.011675310602655163
saxony,2020.795081967213,0.00962609092220405,0.00921521649229578,0.0029536838854148113,0.005642306100639183,0.013771423416938579,0.005626704410198463,0.005590300484036865,0.008726332159748081,0.017235656105985493,0.029299853078593948,0.03435214432696426,0.020955021672638508,0.020538855664015032,0.018197983922985494,0.012684346918992246,0.028524622166475024,0.028191640624939417,0.025834816607981623,0.06117236722661607,0.022161921932850572,0.03547609872519775,0.027452845443380468,0.04630060682762218,0.04000338327299791,0.01886902304778601,0.03390465072640886,0.03829129484069351,0.04139287033828267,0.039680736157567675,0.0519947861244904,0.029133359559179166,0.03630867320160507,0.02145442527949567,0.028894026058956992,0.025959678776853377,0.01613810395633775,0.030657835751980618,0.024471757432487577,0.04291770598896189,0.04422400007564283,0.04506191913590638,0.04532214519427977,0.03842659461074213,0.03964430838321295,0.04155940311487037,0.0155243171196172,0.029018895573813784,0.0234624923631118,0.03350919447075348,0.04493701109044341,0.03045491654709628,0.03785417491261456,0.031183348142826493,0.052692287881020816,0.052671466797591125,0.04241289196573671,0.020830171520334454,0.03989930333960604,0.05515443977881336,0.024039956061912178,0.03346756767141887,0.03022598301016301,0.03973277587948891,0.030782709502421277,0.024950384828363172,0.017152428590972393,0.012028991206470531,0.013709006926505778,0.013599778248516077,0.00662002137330365,0.026006502167476627,0.009917345648964796,0.01239307669374335,0.014764895976167997,0.013303301564821176,0.016803914818648753,0.023550932333556117,0.005969942681265255,0.025985691766443362,0.015982055768658562,0.048314838469420286
saxony,2020.8142076502731,0.00962609092220405,0.012289052008682562,0.008866755912421307,0.014114715453538935,0.016523024821490682,0.02250006711548699,0.019576484525562116,0.005819125586151741,0.017235656105985493,0.023436480635720867,0.03435214432696426,0.03293162560639593,0.0234728970577103,0.02426886236600097,0.019030281802415137,0.03169845950189206,0.04386489604021393,0.05168247493762544,0.06761794428102148,0.06651932821980877,0.06209906499281215,0.06407746380161104,0.06483760546511605,0.07695972190358144,0.0849749924781519,0.057653148629555444,0.0696382088081604,0.06555610574597692,0.04960565325528393,0.06355682523840551,0.07077854741006565,0.056492275209413245,0.042912501695682885,0.061661744888013695,0.04593628385530681,0.05649748086196833,0.04906433992784663,0.030590195929035793,0.026563183486388017,0.0716168944784582,0.05735642067097857,0.05612267520981016,0.06619651653806652,0.06168256957150586,0.08070419421908485,0.056945168931505814,0.07390289087328418,0.05476402736665739,0.08620942268384549,0.07151275125027924,0.07311658009134651,0.07573071883312478,0.08969932061265494,0.06964341577690428,0.0719970190313389,0.06787307645034851,0.06411390869625266,0.07184601031463957,0.0697631762019823,0.07375708400249739,0.05690872906082314,0.0671961979297107,0.05237997250494991,0.03984205946503962,0.03743266989050533,0.027447642697634136,0.027499670178551053,0.0394153343858712,0.03571546252184531,0.02813440963721658,0.02773899726122771,0.02578799337195228,0.02726554692435965,0.04185083675721903,0.02661000742044037,0.047622600191105875,0.02944033240023838,0.03982644751018763,0.05414978443857711,0.0355229306856734,0.07398100186509736
saxony,2020.8333333333333,0.028878417390679725,0.024581008950040974,0.02660480475902166,0.016933956997830492,0.016523024821490682,0.016876738398920378,0.027967919849274787,0.023280410544644137,0.03735461377987083,0.035158683215936286,0.017173235457233083,0.026942978834129074,0.03521592193507238,0.04854385165779853,0.04124195047018165,0.04438013303847859,0.05326487094235708,0.08077710734379996,0.08695426183551405,0.0855375140009148,0.09465850382579384,0.07323634851568807,0.08028754975342273,0.08928260406855472,0.11648036105404025,0.11197246961042369,0.09403337064687806,0.1139110756102228,0.08601149519301902,0.13297788513540204,0.08327704775035202,0.09486167372707782,0.10735033238199182,0.073231141187157,0.08791788076352328,0.12316735217634932,0.07361127754054876,0.08977745533645183,0.10019647007313867,0.06950803475894698,0.094267794708282407,0.08420413953376298,0.08329267275582708,0.09696635222890468,0.11253007199633545,0.10876246375499206,0.10560476172978536,0.10958579051823031,0.09579939125051717,0.10832475103642772,0.1137807906836016,0.1395940025007039,0.12093652221825374,0.1733393883185827,0.14057423963268828,0.1477388742183816,0.1234957300872031,0.11819502582285103,0.12823919789826774,0.12834345479769085,0.09041816450013257,0.1142810865817732,0.09215280697645946,0.08696988794596665,0.06597263219375692,0.0428916845277639,0.05501909647732756,0.0428448459304193,0.047622600191105875,0.05462347961583888,0.09020980293029997,0.06549362706657415,0.07438718091395159,0.03938931467724504,0.06988814389613474,0.0672430584664936,0.04710733106432481,0.04779435770133283,0.0931686154711484,0.08707406213562643,0.1315442433267091
saxony,2020.8524590163934,0.025668334182533628,0.021506446764364646,0.032515363736050656,0.022583303190004095,0.030298825389861624,0.02250006711548699,0.0391603418027236,0.03783335976959742,0.03735461377987083,0.041023377644647675,0.03721411307599008,0.0628852091913191,0.0410858269296194,0.04854385165779853,0.06663387478213284,0.09832610318977365,0.11914358807051918,0.0840114280831492,0.08373017481538565,0.1235999774766861,0.1331603514737488,0.12822877221982143,0.11738198623947292,0.15402829720016972,0.10072789577789976,0.11197246961042369,0.10100924099679667,0.13464617263441891,0.09594525994064868,0.13008457591223319,0.11871099984434545,0.09284042901836476,0.12884910372526356,0.11760609203504636,0.11192035754342212,0.12114500694524448,0.1247936249825427,0.13676810312825544,0.14115300533862235,0.12434013995158193,0.11888299232258336,0.1317631969728997,0.16029761676031024,0.11020068862964079,0.1394740811414408,0.1606366614077279,0.1558432970062767,0.16707892975851663,0.14616403000789482,0.15745494476227587,0.18298196886435883,0.16555566551870782,0.15023682096941207,0.20165650799296983,0.15289134683478992,0.14263905489807452,0.15722545141697988,0.14218541421348274,0.1379933358435731,0.16208675423041527,0.14575207531950146,0.10755355187783931,0.1210980978087946,0.1069178422524312,0.07132529396514982,0.06864889420688888,0.09115264569240762,0.04798693497834227,0.07145026541348344,0.06456166234364173,0.06937786103560357,0.06152117849254182,0.04710212635171474,0.08373538319540595,0.04325078184238863,0.05322843365061269,0.06085479482533826,0.08566251961014452,0.10401556179613322,0.09952438063594052,0.1549514357368203
saxony,2020.8715846994535,0.025668334182533628,0.018432066355112433,0.02660480475902166,0.016933956997830492,0.0247891077137147,0.02250006711548699,0.025168890104205904,0.0436567209233051,0.04597792063724117,0.041023377644647675,0.03721411307599008,0.07487147546498492,0.07339256861418945,0.04550950876267479,0.08568856248322218,0.07928240872142116,0.08776161702158079,0.13577751054932846,0.1320968423970391,0.12994903744557604,0.12723834229902434,0.12517413846223166,0.126659731443236,0.12935475756982326,0.13855121732574419,0.13575144257839977,0.14984047902901165,0.11045602981251,0.0992534633193276,0.13297788513540204,0.1103726529618697,0.10900216513837722,0.14057945370939487,0.12532530212421303,0.09991512925168038,0.1150836546392196,0.13093951899808712,0.11020589966165335,0.1472956185415307,0.12434013995158193,0.13120017517394647,0.12959976687120323,0.11108657157385665,0.13447934147597385,0.13212290853596032,0.15285483966617294,0.1796579986214108,0.15400222007838807,0.15096693245182904,0.19023073504382182,0.19520473511737346,0.17354808325184146,0.18346205748004663,0.16013070328438508,0.15641180135389313,0.1613460542829979,0.1813330025940695,0.15178571252269818,0.16075663158169878,0.1476241488572541,0.17091858830032652,0.11933121781769193,0.12833824194775786,0.0960338232735751,0.08560001676796619,0.05834552045105913,0.04469760484195881,0.05313473787478791,0.062942478438428,0.06621734303770525,0.05202601734634378,0.05556567735615705,0.07438718091395159,0.0788084888608465,0.04658165772175836,0.07845956161432799,0.04907474974638778,0.06572792250140694,0.06281752743514266,0.09774781395307955,0.1535745571469822
saxony,2020.8907103825136,0.016039273383099933,0.018432066355112433,0.032515363736050656,0.01129042562004973,0.016523024821490682,0.02250006711548699,0.03356643137424577,0.07861058953812074,0.08049066351340668,0.08207914464162476,0.04866876836747826,0.10785056641576969,0.07632959381942711,0.0697944180973649,0.09204341339905427,0.10785056641576969,0.10031109084420917,0.14549134619048992,0.1417787052401229,0.18392649525017932,0.17465939787657683,0.14963187922112356,0.14212805762713543,0.14169006396299896,0.14801004425994546,0.13235229112185315,0.15332943485738876,0.10354662683359983,0.11912795228881701,0.13876498658259026,0.12079579550007302,0.13527700779069712,0.13275892637454514,0.13111676505551473,0.141935131391887,0.17575508343412974,0.18012762046043115,0.1572150199253495,0.17803522691576357,0.17289069704827262,0.16610340950818944,0.1425764835338776,0.18599303269831516,0.15876411935093726,0.1811399308491983,0.2203534222828471,0.19818518766776938,0.1879970262337568,0.2133928527300468,0.21893303535184475,0.20539430896651326,0.18553901364366387,0.1795536387887046,0.18655142938527547,0.20043499441632398,0.19367542735837964,0.17169072778990696,0.18059724654073933,0.18190178568476187,0.16208675423041527,0.15245847777091143,0.17151856055913792,0.15005950972790996,0.13958357454544112,0.08381871734672515,0.07036198246468409,0.08770952921194981,0.0668525552836129,0.056133086441447155,0.07615774203077677,0.0572314830897162,0.07343422738638068,0.06446273969439509,0.06402019330448808,0.04990754198165981,0.09528885405739031,0.09425737583866733,0.09762798905972785,0.1018428653973222,0.12621665541093682,0.19422346763011156
saxony,2020.9098360655737,0.016039273383099933,0.036875872197746386,0.05026148272040899,0.028228060377190212,0.008263456549009363,0.028129206823277395,0.06435340435364323,0.07569426579577415,0.06610800400766131,0.09381457580971408,0.04866876836747826,0.10485444488924334,0.10571418384025082,0.12144731128412739,0.15243761670221834,0.17139856555357824,0.16624947554648975,0.2102862225688753,0.19019942070577842,0.19027770658624177,0.21619158940315922,0.21082921680860117,0.14522018928310182,0.15711592085923284,0.20164606758441228,0.17654816547900404,0.17427330465733773,0.13464617263441891,0.14895393562461504,0.1735167789584567,0.2105316134942394,0.16358905131257337,0.18360817228634796,0.22000354395945854,0.22006620856073927,0.2385242203138008,0.19858711815878868,0.22268774537398217,0.20059159711747848,0.19190086039570708,0.20720066103708795,0.2335147346034284,0.21598794489958187,0.21842650969158112,0.24248409275108382,0.19697941483453138,0.25381161975345967,0.2586767349605624,0.2903346146698999,0.2353377345485204,0.24616213356893935,0.24753624113634382,0.21866671712154387,0.22998905644014345,0.2233405390371102,0.2089966339735763,0.22636438618242602,0.24307444257103064,0.23073595793147447,0.23607426554679978,0.22970178949236,0.1698334386673205,0.16997951518352253,0.13050683263078997,0.1016709292707952,0.0944136591020811,0.07394455005431795,0.06342146006582373,0.07655873042109615,0.0695340695427177,0.09541909266102502,0.07145026541348344,0.07687119105055445,0.11085728277599619,0.06655577482590448,0.08126666954319432,0.10212421664883226,0.09961816003593542,0.13004808475184268,0.12443396411627317,0.28113218718387323
saxony,2020.9289617486338,0.019248762203203453,0.030725475662914902,0.02660480475902166,0.022583303190004095,0.06061531528086447,0.039384110737078704,0.047554938297389535,0.09609633865821655,0.07186163188568351,0.10261919013794547,0.09165272392981481,0.10185328578689877,0.0792667849209013,0.10017041993313384,0.1842500386200988,0.16503922647027325,0.20710668741676558,0.2297383506521281,0.3454525387430971,0.24113623952072788,0.25181553876039997,0.2475832644713206,0.2164370081979298,0.2652147870463497,0.2269075483403435,0.1867497399319644,0.16031326492615044,0.2280722324778189,0.202016703371861,0.25178941255384246,0.21470865792627958,0.2263330500771914,0.21100673538605036,0.2084014500237776,0.23811675714772543,0.2527090629259444,0.22730970090109467,0.23497730828720492,0.26420606510937206,0.2807087055708124,0.22364866049300527,0.29856589259780897,0.2674413617260973,0.30029703236975397,0.26212596455348386,0.30876004963876197,0.2856286244237726,0.28749528292576704,0.2903346146698999,0.28663776201588687,0.2685965002354656,0.24753624113634382,0.31070600609057175,0.27913505720338344,0.2656538223948301,0.27032664256275046,0.21992521331405532,0.2542923627506105,0.2665737180019781,0.29244199058141107,0.25323159879251267,0.2305009178438322,0.27332708627701524,0.15773659707032825,0.14096008272089422,0.10987760566455634,0.11353585590525447,0.08572502252744417,0.10551097153264187,0.10101966121932283,0.09194443845589349,0.10522439142285434,0.11162331975874207,0.08373538319540595,0.11319711821925654,0.11212359490005491,0.108022522976298,0.12954242416527936,0.14090272748608468,0.1903298972386967,0.38225475105431356
saxony,2020.948087431694,0.04171552807728913,0.036875872197746386,0.06505107190324856,0.03670415074774868,0.06337460297280029,0.042199518439718905,0.05875157738693126,0.0436567209233051,0.09487730221389973,0.11729338654018102,0.14327520137462008,0.1318518213298903,0.14688365488839836,0.13056417640022028,0.13971913812697076,0.2000173895189402,0.22597790887089267,0.29463835413179656,0.2871763253258649,0.2474996674607611,0.2904391970683577,0.29356107851271984,0.24742652018676095,0.28376726138136216,0.2901149923177739,0.2752664895749602,0.25114148683055865,0.2800447351695675,0.2916889730052573,0.22278696948262855,0.2878717599873702,0.2648280208818747,0.2776137347868272,0.3109780273098333,0.29831485596536694,0.3581952629960668,0.35265593016347874,0.31695762238588293,0.2950148829125653,0.2870612919174046,0.3987215433809898,0.33546576603256695,0.3339794292497649,0.30029703236975397,0.39245485061567165,0.36604453420581995,0.38650323968848194,0.3976892686213349,0.39631642733960465,0.3955619040541157,0.3993293898812137,0.4058537070548273,0.40879384764960236,0.31318563676208094,0.41579110746991976,0.3709934829431698,0.3471695356536423,0.32327801188807076,0.3334351475340545,0.3440339651634357,0.3339846627554564,0.3436047365036417,0.29510901553376523,0.2231473112589672,0.15883192610389713,0.1631821749005791,0.12903676849583418,0.07200222623628529,0.11062278391484544,0.10267650316209351,0.11105009374293454,0.12112415843493007,0.10665730776592988,0.1453922694642397,0.1698856088045736,0.1345783974117479,0.17097075952628585,0.18544507916175798,0.1799867334633974,0.2028049657317276,0.42838854839281226
saxony,2020.967213114754,0.025668334182533628,0.039951343280261994,0.05617473138884007,0.06212509606741109,0.06337460297280029,0.053457468480018665,0.04476005853964989,0.08443851928755751,0.077615896454034,0.09674754505063159,0.12032149714364589,0.09286126619188291,0.11747579785032625,0.11840871141266739,0.21290204503207133,0.13643964139246664,0.20082128193229176,0.29463835413179656,0.3260198767069594,0.32070372078859266,0.36478773333195863,0.38563884581016533,0.35294387716028996,0.305422799239827,0.2901149923177739,0.34687115102286614,0.28261701415860097,0.26618171504326177,0.2750730687481888,0.356336536387721,0.3401919712868537,0.34392927491972364,0.35608522070582194,0.3768909405924872,0.3807042177410548,0.32977186111979884,0.3670604704467896,0.3538914958078454,0.35051470160157466,0.37815327198223786,0.38840495680041465,0.40498899145729955,0.4285668112355253,0.36899289880136,0.40723204103754973,0.4286035124848834,0.3944720564140884,0.4318438105981981,0.4276702601893382,0.4202572666695071,0.4566246101738278,0.39782550675592443,0.41665076088485475,0.44961660874289455,0.4299457474008758,0.43080039159197736,0.41010412428031046,0.4389962512356378,0.4183543843358429,0.39728579623967025,0.4013783041317649,0.38248523968315623,0.3605148375585299,0.2758990329780041,0.18028416201594707,0.17522810797475563,0.1824705749969435,0.13894747322885093,0.14981961901056598,0.14247741236121736,0.1492772614681726,0.1628900604655541,0.1538561884380671,0.13798812202617186,0.16321347297309022,0.1570429006155718,0.15522785893893729,0.21741869495994837,0.1560988624118932,0.2652304668163934,0.4805669965440138
saxony,2020.9863387978141,0.03208869877710804,0.024581008950040974,0.03843179845508518,0.03952461730428584,0.030298825389861624,0.039384110737078704,0.053155559143714726,0.03201065068777843,0.054602657759135295,0.05568019979209666,0.07158565148810259,0.06588412004443844,0.08220414193736,0.04854385165779853,0.07298639733428208,0.11420291503039576,0.1442607223487796,0.258932806264963,0.24513288286472684,0.32707689373932125,0.2399399184390707,0.3027604756296224,0.24742652018676095,0.22194618171508415,0.22375310885850105,0.23099189167958775,0.26513116168595163,0.2280722324778189,0.21861449802063881,0.2633959658043503,0.21888603791797645,0.25672227307801315,0.2893776954910783,0.26450397576964435,0.2641956121347416,0.27703344827186605,0.288917543904511,0.2902980108801324,0.29707015056453207,0.2997635632150103,0.32655884805358404,0.31809816567128485,0.28889662802005844,0.28037410525380757,0.2916053050587971,0.31917071773097716,0.33604147127148964,0.3530590564054708,0.3673903921553428,0.37293653231928053,0.3502634140549245,0.34768255182835117,0.4205822838377513,0.3643059677173753,0.3680502418522272,0.3129554550966329,0.3407206211767428,0.3586089041524006,0.35301717301407254,0.3311272470151382,0.3306196273102509,0.3199502938430172,0.3150846743810134,0.2540676671009201,0.17849961621849572,0.15458113525934858,0.15833120139716422,0.11662107609390848,0.13277456625545705,0.14911038336239463,0.12668579485682227,0.13106984692269555,0.13894225931578735,0.12318820150586357,0.17989802703145813,0.17670469625922552,0.1827836726861362,0.20742515426195388,0.21910535963943814,0.22955032210433246,0.4572436257554486
saxony,2021.0054794520547,0.00962609092220405,0.021506446764364646,0.020689715457295654,0.028228060377190212,0.0247891077137147,0.025314560798192203,0.025168890104205904,0.026188593531821215,0.031604802511616535,0.026370685533807756,0.03721411307599008,0.04191849122921623,0.049891927004556955,0.02426886236600097,0.06028733421606248,0.06975796922124632,0.10031109084420917,0.22649495349085366,0.2095813827339276,0.25704104393297217,0.2607253407049242,0.31809816567128485,0.3094714661331969,0.28067210855627606,0.22059363861412468,0.24801692612049006,0.23016664043798235,0.2280722324778189,0.2219305149912933,0.20249174746929752,0.2126200937686754,0.27090685423848754,0.27173275229457905,0.2703109612559555,0.254161725626825,0.23041734829090976,0.26221481136855895,0.1981277692798029,0.26215209595392225,0.19612860494149006,0.32655884805358404,0.2638611180560314,0.2202698690364295,0.2516013042541065,0.2375734778928426,0.25934043257535416,0.2962386202797564,0.3032207497300959,0.2590634553754721,0.3194951036866739,0.27675637681462456,0.33364971945326066,0.2695634911171775,0.29804813087128823,0.2568320136435783,0.2907843204756241,0.28753711357578937,0.28316076422018827,0.27961603437527144,0.23124782668736846,0.2582743397442367,0.27942782538688493,0.2515542772854981,0.1958832819751612,0.1427485549665876,0.14254519788001357,0.11181613356609758,0.09087656289261156,0.09188713725911617,0.11096671593976688,0.11799697654807106,0.12112415843493007,0.09424174753816181,0.13059024177086442,0.11652726602501849,0.08126666954319432,0.13948450907474605,0.14151799603286416,0.16261359652957746,0.19567449738354387,0.35090734082427427
saxony,2021.0246575342467,0.03636070954899522,0.03500257793853837,0.02133997819596217,0.0175789710134846,0.03929564383398356,0.030137531686282654,0.04482771679679127,0.03353521123726229,0.04347456837965489,0.05711175152268317,0.05539909971776432,0.051359755348411716,0.07157002999996702,0.07321031187823582,0.07567343550019165,0.0632704762505763,0.11698589463727464,0.165957343880182,0.24586432797118815,0.264378539494139,0.2999413856584953,0.28356858049775086,0.28190596496488746,0.2901986578663548,0.27719028182652455,0.21355471585900276,0.22206629342097978,0.22987414947059626,0.2651207085253578,0.3433901235023742,0.31472369494965025,0.29533911821407044,0.2863135809651898,0.28069302113285893,0.2959771355169741,0.24890516006525265,0.2593299805787612,0.23003084085566256,0.26259110544479247,0.23286181320456034,0.275428545416162,0.25761065573620456,0.29318978966020226,0.28400777083508444,0.21336152444070103,0.247102583495888,0.31551366768845934,0.3036548756265057,0.2738446019144516,0.364258838712142,0.28025908689208795,0.3053548010663233,0.2835528951971674,0.3289398077427742,0.3493053914232725,0.3226815184604098,0.32357626116781807,0.2817752584504286,0.26286287508223694,0.2837254337638377,0.25291807664247,0.2592411386925457,0.26368341895187464,0.19973550810910226,0.16391768458487832,0.13647613703843478,0.12450172611828429,0.11962829963531814,0.14352027627413091,0.12034755738058418,0.13556896714778657,0.08072502652999969,0.11085207167870668,0.1459815180344357,0.1150159049089291,0.1290993235698645,0.24341402736231615,0.17933448382175812,0.16385508761098455,0.2483826676720365,0.38911746376606093
saxony,2021.0438356164384,0.02974730705346839,0.0222711685975637,0.02743723720769735,0.032229185633108004,0.025257332976888112,0.019175935300943654,0.02801474504825408,0.025153282554055953,0.03767204269372773,0.017126420019844144,0.037901009014864574,0.017116016595036396,0.03577270185385106,0.03805712299368511,0.05144303763130962,0.047445638501210335,0.07268958186683085,0.12520541366658897,0.13539691947112728,0.17402808477692974,0.19874893520765213,0.14737905461556097,0.16476275110780444,0.18420829097537728,0.17457591801870467,0.15775746026493956,0.15130591626761064,0.15662042836150228,0.17544724563595154,0.1615077554839514,0.23948020412097434,0.1620189432331075,0.15102429878838897,0.14015711519032634,0.1285623949668771,0.1830758988969182,0.1767673087032499,0.17293765293005964,0.15861807433717734,0.18375428750321265,0.13858250057673263,0.15727760890652107,0.17226462267604695,0.17064729876907989,0.14727997429255715,0.1760316172473368,0.2066785875176832,0.18462055043571107,0.15630748816397447,0.2369570717655813,0.17574986582915061,0.22375310885850105,0.22951898407913338,0.24258857895674188,0.26790655016636755,0.1990151514482176,0.1836812298434561,0.1962747553439041,0.18739164504532804,0.21183168260942695,0.19965198798481548,0.2136956938334548,0.16041758615206653,0.15608843114626042,0.10010789965036002,0.07358003335189185,0.08988684414700858,0.07104931641406113,0.0760327592684856,0.08593336612771021,0.090340028813601,0.07019015039688271,0.04834086264457566,0.08804289209517731,0.07998548460330009,0.1222969001291514,0.1774351794638469,0.08858461133857032,0.08186560828984249,0.1654565505561355,0.31555552088354955
saxony,2021.0630136986301,0.009912144657398491,0.041366849640120454,0.024388518335081114,0.011716919960600964,0.016835124911993838,0.024653843422593164,0.016809116499569208,0.011176000904313569,0.02318156639590512,0.025694347026373132,0.02040360242834328,0.025673536750258193,0.0327911368526245,0.017558163984875513,0.021178712278522308,0.0632704762505763,0.06004265127694701,0.12206756189524907,0.0849749924781519,0.12424631595617258,0.09774781395307955,0.10977338578144971,0.08081877203239668,0.12978743435089496,0.11130022795457221,0.09893044836345007,0.09745606686894401,0.09391876371259418,0.10657393700594266,0.1549044960937306,0.14701923750253362,0.09756547183367548,0.10667815047681364,0.10508370721966002,0.09399169536882211,0.11335345841552824,0.10438029191288134,0.1118369783448519,0.11993580716401661,0.09791973710843493,0.13648135070423215,0.10820490176792602,0.11190472393350828,0.10872077667067172,0.10107176236327509,0.12218223088577038,0.14975703900543744,0.126529414571245,0.18501193902371163,0.1866036162979233,0.14505332419673392,0.1382071028069996,0.13160158824017143,0.10354662683359983,0.1583103379723522,0.14610666903292396,0.12068112956683731,0.14471959563036593,0.13928116475249963,0.1318883137560809,0.12066549332280789,0.11431235523522965,0.10125932691373517,0.09613801562306874,0.07642853904628381,0.06280711486508779,0.067399260560762,0.0623802012880515,0.05874116563101736,0.053259665613398524,0.04013348348268534,0.0368394463882409,0.05438923420863379,0.05280680398890015,0.0449786470722601,0.07130446541963337,0.12013386382325597,0.06642040184631297,0.07367376597417606,0.11620935538346447,0.18847716115328061
saxony,2021.0821917808219,0.01983138109312592,0.0222711685975637,0.02133997819596217,0.00878874266967398,0.008419481575428201,0.013698604185383193,0.02241162893230172,0.013969076130917543,0.017386506316479613,0.022838214497025486,0.017490541199373096,0.022822607646395064,0.0327911368526245,0.017558163984875513,0.03025720116039645,0.02529895320431984,0.05687749490627426,0.08134999973828777,0.05978235154179975,0.046555634427008205,0.08246455393518401,0.08953263359427885,0.08081877203239668,0.06334336493423982,0.07216885706997836,0.08345933977305454,0.08064169733642133,0.06607155771540504,0.06529577841038291,0.08893360653242056,0.12969881351219628,0.09341345433256437,0.11473969538355908,0.07392372045962922,0.07287704407021454,0.07156482283829417,0.07224175822762682,0.06300495405266572,0.07111700888536641,0.08158957479303752,0.08184477552198131,0.07960009368340132,0.1076004487973565,0.10872077667067172,0.08567814533242481,0.07327279983002977,0.08515729045330975,0.08431872505918474,0.11197246961042369,0.09321549941920004,0.11028406520454775,0.13006372381744416,0.10764734575916836,0.11724126914052507,0.13000638059989242,0.1091011725539625,0.10536507600666595,0.12540349039766546,0.1072304853593004,0.10743891514151181,0.07075771908354098,0.10589655453604817,0.06579560804578126,0.06346831720107006,0.05275995645974098,0.03588197711718898,0.03109489519046689,0.04504630561381224,0.036277451418165865,0.060136359500577205,0.0602092437912557,0.03332707746968938,0.030210373942077342,0.04777874335877514,0.012491900337300056,0.05771561788922545,0.04573330502080725,0.06642040184631297,0.0654832139606445,0.08266246792573015,0.13401013171243545
saxony,2021.1013698630136,0.009912144657398491,0.025455029353872036,0.02133997819596217,0.023436480635720867,0.014031492933522608,0.019175935300943654,0.02801474504825408,0.01956087865384955,0.034773624379385075,0.02854543358361907,0.03206788594183193,0.005704712909223802,0.008939568377917506,0.02634467235162405,0.021178712278522308,0.015810403303080256,0.05687749490627426,0.04378683027370379,0.04719060653688801,0.06519164784106478,0.08552188832089341,0.034638334113721636,0.056856672146997765,0.060323776454442805,0.04208502568913833,0.04943909470819803,0.060469545663339,0.03476321742337538,0.07561094466351544,0.05927216784062582,0.11527126973762464,0.07263750915249105,0.05834552045105913,0.06613924370707222,0.07863662887965775,0.04570728215060413,0.06621734303770525,0.06300495405266572,0.06094850451252984,0.0673003325132437,0.04825238050217909,0.048970651654758786,0.07529328407153865,0.07032553319072915,0.06809176216323323,0.07083061826287079,0.06449918485906356,0.05004807698661355,0.07549117076978722,0.10996619272943157,0.07349671560725272,0.07921991354751903,0.061771074569415586,0.06444712034592383,0.08475102726928596,0.08796475997767385,0.06285397144675144,0.06909668690530858,0.07519434100481133,0.06671718153140375,0.0675398428467844,0.05712216295235095,0.06410870228116528,0.06346831720107006,0.0418404283847239,0.05203642775779658,0.034555078740570545,0.036381524102531655,0.032817153259869586,0.036074510282755816,0.035111851583511704,0.024554996663133617,0.028191640624939417,0.022624921277220225,0.03247894098093046,0.04413032052296976,0.054311152640724496,0.03823405273626483,0.0654832139606445,0.053603218442159005,0.10713669222987064
saxony,2021.1205479452055,0.003302104842938069,0.0222711685975637,0.012195429970057726,0.023436480635720867,0.0056111027244387535,0.008216649132375735,0.005600701603197585,0.011176000904313569,0.020283955628496917,0.005709913479989479,0.014572441694434968,0.011410051728448493,0.008939568377917506,0.0058503290871796815,0.018151167563010037,0.028462187965017663,0.03791141659887134,0.0375315411321785,0.025163687586970677,0.0403468485312164,0.04579575996241541,0.043302825137201316,0.07782420756668122,0.04523887271391622,0.021038255274045806,0.027806633375535787,0.02350931350519697,0.024331291532909555,0.037791729508559475,0.07245004781263735,0.05184383548329646,0.05187506661448893,0.040232359859742786,0.05835072628914353,0.0536917096899088,0.051672064597033836,0.02808238152122697,0.052838035698455764,0.038593117887923384,0.04689914296637783,0.05034996828152198,0.044884966160059284,0.04301138335710295,0.0447392406320852,0.041725936424784116,0.03906667137192396,0.041267971105844625,0.05531581109867697,0.041637465537485985,0.05017299730986679,0.055112795648527294,0.06295809733495329,0.04781517683202685,0.07617857252036499,0.0696746576003342,0.07740237842961475,0.05265585099048706,0.0498034422228637,0.05438402876712825,0.07160127298093684,0.046623295020451726,0.04703966984106788,0.04554073608970957,0.043510998837337195,0.023644574819148775,0.030496540934826247,0.025912855428392206,0.02251567386930727,0.018999070391522415,0.01889503249051205,0.023405266580030695,0.014031492933522608,0.020138299026342812,0.030168749783414453,0.022484460366350763,0.03394107448015803,0.03143830161206648,0.04225676490953954,0.01840605714395244,0.05583636715666009,0.06774290681979354
saxony,2021.1397260273973,0.009912144657398491,0.015904031850427058,0.024388518335081114,0.023436480635720867,0.02244804463657235,0.024653843422593164,0.011202006499415215,0.011176000904313569,0.02318156639590512,0.01998223883392199,0.037901009014864574,0.00855470364366793,0.014900134546206362,0.020486835147121667,0.01210180809998616,0.02529895320431984,0.022109899792226023,0.0375315411321785,0.022016260070259024,0.06519164784106478,0.048850939107006414,0.034638334113721636,0.0359027914790993,0.04523887271391622,0.036069306674310506,0.03707881646067312,0.04366712965935757,0.05215614763930052,0.04123154221956109,0.04938704527164747,0.0777825452773913,0.04357345110989112,0.08049066351340668,0.04278759881317492,0.06903941087997181,0.05962617232615096,0.04413552493813263,0.05080280851015746,0.026401901369602153,0.048939422267904854,0.05034996828152198,0.057137780100764105,0.06023006789307174,0.04687311951274238,0.05490457549736099,0.02929465014804028,0.061916847835518186,0.06058928496205277,0.054654712416521284,0.06212509606741109,0.06532701762184202,0.03857750630803644,0.06575916197247954,0.03905105964986489,0.05836634380652947,0.07916262637075903,0.07305409232728007,0.04819512743144641,0.0463838810082647,0.045551145202888464,0.06271340182842024,0.052083274635122835,0.03541885971967867,0.043510998837337195,0.021823778949087637,0.02690655998191206,0.03109489519046689,0.03984726345103573,0.024180421174516364,0.029200997487152117,0.028425768048788314,0.024554996663133617,0.028191640624939417,0.03268707135379651,0.03247894098093046,0.03733900257180066,0.05716901441164973,0.02615737782407618,0.01636177384199741,0.05583636715666009,0.061479529263151485
saxony,2021.158904109589,0.01983138109312592,0.028633882199400405,0.03353521123726229,0.023436480635720867,0.04491098861874011,0.027395615268772138,0.03642315323459947,0.044723627206883984,0.026079338636698868,0.03711524243786269,0.029148968303981775,0.022822607646395064,0.023847467449782493,0.017558163984875513,0.018151167563010037,0.015810403303080256,0.050558170195738876,0.04378683027370379,0.0629320658433527,0.046555634427008205,0.05801755370224043,0.03752633737792696,0.047877634274138166,0.06334336493423982,0.054118551941168436,0.07108576619535387,0.03022598301016301,0.06607155771540504,0.04123154221956109,0.07245004781263735,0.06336939663173415,0.09341345433256437,0.07848039302601426,0.06224483917839078,0.05944396383408716,0.04173114059930998,0.05818934555078372,0.06504065888593533,0.06298412883957963,0.05097978162525814,0.08394371882410427,0.07347067883943317,0.045166009402983244,0.06819069171642961,0.05930340343358489,0.04150736156489537,0.061916847835518186,0.06586329367825826,0.07288225136328612,0.07408515003670413,0.06941430964529005,0.06295809733495329,0.07174186662759152,0.06054243042102582,0.06402019330448808,0.061562827755291004,0.06625378943214699,0.07230945225123998,0.07839706742933998,0.043927348737796176,0.07558490683705942,0.05544594962462607,0.03710483501320564,0.05621117074516503,0.021823778949087637,0.03767724646256034,0.036282655047440146,0.01905108942008456,0.029362288285803326,0.025767183058360264,0.025080447381949242,0.01753735696458627,0.02617818829382411,0.022624921277220225,0.03747950361312576,0.01697036886627717,0.051453447926050395,0.024144004257039185,0.03272869752833626,0.03349358441710086,0.049402660097141095
saxony,2021.1780821917807,0.009912144657398491,0.050917320457034294,0.05183863029659091,0.026370685533807756,0.0505269398554624,0.0575490333635472,0.05323884430278651,0.04751850500646601,0.055071151551591854,0.08568856248322218,0.05539909971776432,0.039940935287964406,0.026828519670183897,0.014634859221278308,0.042360849561590086,0.02529895320431984,0.03475281046944847,0.05317638042097855,0.04719060653688801,0.06830003512577844,0.0519062977644388,0.0750797755837966,0.044884966160059284,0.054290330909082585,0.036069306674310506,0.030897177370417774,0.04366712965935757,0.04867397323689687,0.06873220418438682,0.05268187733826386,0.08931385769352534,0.09548681686382582,0.08049066351340668,0.08171457091194595,0.06903941087997181,0.08151145237129716,0.05818934555078372,0.07113783735579747,0.07314782400153301,0.036698947076301024,0.07764714306773321,0.057137780100764105,0.07314261668186686,0.08312079795379766,0.061500353873676805,0.05128167832933688,0.07740758617587419,0.07904284429601571,0.06767521874068154,0.09082447196268856,0.06532701762184202,0.07109097330904951,0.06974755526133275,0.08399580286170043,0.07532452928961915,0.04924130712645536,0.04756014305531625,0.07230945225123998,0.0463838810082647,0.073231141187157,0.046623295020451726,0.0369539275897547,0.055669788651134415,0.039883691367567725,0.05458183591076922,0.03408676975029946,0.017272068185691096,0.020783352790503123,0.027634941872547066,0.025767183058360264,0.035111851583511704,0.03332707746968938,0.02416481392104775,0.02011228896174468,0.009990159585554366,0.030548571466337864,0.054311152640724496,0.02615737782407618,0.02250006711548699,0.05583636715666009,0.045826987461351866
saxony,2021.1972602739727,0.009912144657398491,0.060469545663339,0.030486134834770095,0.04981905717339565,0.0505269398554624,0.06851872263424665,0.05884528328396243,0.07828770278633788,0.06957051826190214,0.09712785335583277,0.06707123670473458,0.06563420420079337,0.01788587565262237,0.0409817448296617,0.03933727529904606,0.044281248774252845,0.03475281046944847,0.07508498309746073,0.07867829185324353,0.07140340108516471,0.08857940247281733,0.0750797755837966,0.07183038874828279,0.06334336493423982,0.09925867325441057,0.08345933977305454,0.06383276302765013,0.04519723652373852,0.08592815752753277,0.06915396299372702,0.13258688799494597,0.07887098354028188,0.10667815047681364,0.1089761105866559,0.09207466868340211,0.0854906369749311,0.062203189369382995,0.1118369783448519,0.11993580716401661,0.0856729367578116,0.08394371882410427,0.09389792611531682,0.0817562363516868,0.08312079795379766,0.08128229394460079,0.07083061826287079,0.12132221962040059,0.10805378786657287,0.09894086816941755,0.09321549941920004,0.10210858598380874,0.07718886128191588,0.06376508003815348,0.07226779438012423,0.08475102726928596,0.08620421405601666,0.07815229926130121,0.0964349649645036,0.07519434100481133,0.06997145585907838,0.08041254274260168,0.08234476425421307,0.06579560804578126,0.05076637294357521,0.05094334593467349,0.03947257779068166,0.029367491223124625,0.01905108942008456,0.04491619311203666,0.053259665613398524,0.03009590758592735,0.019290377621711437,0.04028440013370653,0.035200311369057435,0.029981441481754627,0.04073194863973225,0.03143830161206648,0.02615737782407618,0.040914091576404334,0.053603218442159005,0.04605078508584807
saxony,2021.2164383561644,0.016523024821490682,0.11463546575526194,0.048788480495843896,0.07620981827039307,0.09266852265543786,0.08223018307845462,0.07006518197694529,0.09787805871554454,0.08407913743036431,0.12572666984184772,0.1137807906836016,0.0913453836101648,0.09246536132285237,0.07613691154953875,0.07869912335255423,0.08543334288944987,0.12648250057727828,0.11580284952580908,0.12594038638404215,0.09315819682176571,0.0916370964120969,0.10398950974283025,0.09279875469637772,0.1025931387842108,0.15347546501843268,0.10512018086542002,0.067190991206005,0.10087898839141127,0.11690250731599373,0.10871556578748437,0.12104597659569992,0.12250539031041706,0.12884910372526356,0.12456427573696822,0.1112741722513835,0.14123121741457628,0.10839770290032491,0.14237834137730865,0.1525054152060669,0.11630316487883224,0.13438028572889327,0.14091315570589058,0.13776392837258875,0.11725690435494007,0.12307353029698988,0.12218223088577038,0.09031919265036124,0.1027807088223877,0.1015458851722067,0.1482707860181013,0.10210858598380874,0.11989411112135652,0.09966504979935248,0.14659163199708958,0.1413250720610057,0.10029025068522221,0.10196270000352309,0.09965462984827185,0.08640735092804583,0.09928993287588751,0.09328843008908339,0.10589655453604817,0.0826780927465368,0.06165653871843941,0.05640377919566345,0.048444959475450765,0.058756783265667085,0.05717942585278269,0.055284577900910174,0.06873741106241538,0.0451503958496407,0.05789782032524452,0.04834086264457566,0.050292712901256656,0.03497656043786869,0.050922525551517786,0.06575395539266125,0.05635172278733789,0.04910077430186073,0.04243370894198143,0.06170339426334358
saxony,2021.2356164383561,0.04297495324944232,0.07321031187823582,0.10678757484601176,0.03809354965617889,0.08423539010656583,0.11790316399697132,0.10653225167607122,0.12867707828053274,0.22645317191649236,0.1486201820238277,0.12254708844698266,0.1284998405387586,0.13128879857137524,0.09665898050212324,0.13325419155421336,0.09810208047010466,0.16131997349122154,0.1879187437867746,0.13539691947112728,0.1273582354437527,0.1558745906619302,0.09531490175201943,0.12576837056159731,0.12676398517596799,0.1082882751428616,0.09583585838469176,0.1311063388001181,0.1391977416708345,0.11345768547417273,0.14500117896705325,0.17589595896653437,0.13082483069463233,0.18733423857434542,0.163552536632746,0.1689256866577595,0.18905646027261258,0.16268662459622593,0.18516327673416533,0.17694992876226984,0.16534700265940216,0.15540518780455134,0.1736419962450622,0.16795013176197957,0.1578304815120182,0.1737046050014404,0.13686194971956145,0.15751753403223,0.1872663946448902,0.14325955833514006,0.20817695258403346,0.13277977955013776,0.12395963257466162,0.1615547010880942,0.14854717370920148,0.11869015230988152,0.12671707097037313,0.1291879433868893,0.15921790468950958,0.15531130774154467,0.10092066918963405,0.13355656629878188,0.11599567883133631,0.11139402859413719,0.09069424486616537,0.07642853904628381,0.07896993360299948,0.07086186079958542,0.05024586763702163,0.07949072651020846,0.08765223268162159,0.055190878420168746,0.049121593955608694,0.06849789521286305,0.06035501267909344,0.027478859179937688,0.05431635807494059,0.07719406900679761,0.05635172278733789,0.05524293366640308,0.07595464519459842,0.05902228377241519
saxony,2021.2547945205479,0.03305130151083315,0.04773190035924526,0.06709727026851031,0.0175789710134846,0.06737843358774864,0.06577478171505072,0.07567343550019165,0.09227782848958005,0.12181216368880084,0.08283434121284676,0.09918052428293432,0.06849268835882347,0.06560296480479016,0.08786058400362123,0.10294222800852347,0.06960176004153494,0.09166835145222346,0.11893511136769003,0.11648036105404025,0.1460180203778793,0.11915922385692868,0.12423067864006572,0.18576863198045554,0.150946071981497,0.1474520612901582,0.09274145255818272,0.11764257446527729,0.12177567833313736,0.13755537700448126,0.14170049234070067,0.1441303613596514,0.20156254439141455,0.17119509639438352,0.16550349972538198,0.1304859803666746,0.133264618240274,0.17475853038187525,0.1749724485372082,0.16880048072761553,0.15512876365977923,0.1701308091507624,0.14295712716355322,0.1744193936464062,0.1578304815120182,0.1340726927696229,0.12218223088577038,0.17562464346664047,0.17141421706034263,0.11457813954875325,0.1794127533467804,0.18189134924174621,0.18503803170098526,0.15156667455270592,0.1505080040376367,0.14321262924494674,0.10733991089079237,0.11727775131480246,0.1350632528722375,0.1488965715720305,0.12862494947024677,0.11100319371220553,0.13114283070315522,0.10125932691373517,0.10703768855455963,0.09282480114370856,0.0663995752653471,0.07259064375417251,0.07104931641406113,0.06393168447846136,0.06529577841038291,0.06690462220522876,0.06667552814008557,0.052374767264576905,0.06035501267909344,0.07248129132234987,0.04413032052296976,0.07147630116968709,0.06038104288063264,0.05524293366640308,0.0670139629103154,0.044484221940807325
saxony,2021.2739726027398,0.009912144657398491,0.041366849640120454,0.05183863029659091,0.04981905717339565,0.0505269398554624,0.04383887410502002,0.05884528328396243,0.05870472450173285,0.05217176329633662,0.07139819394017767,0.06707123670473458,0.09420007209310241,0.09246536132285237,0.0995869002171453,0.11203500415976185,0.10443760687810309,0.10432818745386038,0.15968734196562293,0.18901992770505413,0.183368126749949,0.16812228717838817,0.14448494401456297,0.15276096420741156,0.1448968886645642,0.13539691947112728,0.13607468634159361,0.1344689145463424,0.1252575390489795,0.1513319920372762,0.16480969965064504,0.19322656058137247,0.1620189432331075,0.17119509639438352,0.1811086219851462,0.17661599542591463,0.1691239299970443,0.1465968466771993,0.144411941505601,0.12400654429257649,0.18989149738611102,0.17854657716540526,0.15727760890652107,0.20462688936221538,0.16423588703396527,0.14287891249165463,0.17358460495127254,0.22738804267098225,0.20311818588082253,0.14325955833514006,0.19858711815878868,0.167564088354768,0.1524532625029507,0.1615547010880942,0.14854717370920148,0.18285672908486952,0.15492014263672307,0.15812778336231664,0.14955365450890465,0.1472956185415307,0.1400371925324185,0.14161185119690134,0.13451062227741295,0.10970564296944152,0.10340073681884099,0.08917842545432338,0.08974620143284337,0.1054588659406582,0.08145937082200577,0.0760327592684856,0.10141563122259292,0.07694930650129,0.08424059853718932,0.0805948247237091,0.07042446699375104,0.05497745245543081,0.064509597767947,0.08005839672026445,0.08656881926420214,0.0654832139606445,0.09831568350699259,0.05790302611850882
saxony,2021.2931506849316,0.02644352251313849,0.06684214190554581,0.06099535941945097,0.06447835904755217,0.07580883257063165,0.09595046954428976,0.10934087549867683,0.10907511795263358,0.17410634631525096,0.18011196633080145,0.15469066047805705,0.11420291503039576,0.1492198970589029,0.15239067932826064,0.13932287634351448,0.1963948077674655,0.21520470424134433,0.25384819786876717,0.24586432797118815,0.25814369261634956,0.2110015142427723,0.17921968873149843,0.20077952098140978,0.1660616764297477,0.1414241410382323,0.14846373576086377,0.12437141465433785,0.1880022450677489,0.19957890798610634,0.18792396261291008,0.27419484269241723,0.1911545164996766,0.15909272213161477,0.17135161106156244,0.19007938258464138,0.18706286338760927,0.2009204643250479,0.18516327673416533,0.1545446269043725,0.19807035095523193,0.17223331915530296,0.17773781122631266,0.20678300180224304,0.15355369563054194,0.158289474555911,0.19562752096595218,0.1445892334908596,0.17933970178643083,0.15891538069046132,0.1889990519636887,0.167564088354768,0.1707777262516764,0.15156667455270592,0.14463616382343694,0.14698794917558577,0.14610666903292396,0.16323955471457574,0.14794225161698252,0.1488965715720305,0.13514666932124178,0.14161185119690134,0.12777525723053731,0.12998552853645984,0.12520020113122027,0.08736054223329841,0.08256351083629855,0.10026941053458739,0.10748060119820846,0.08987121715998578,0.09797704495320136,0.08364684080596269,0.08072502652999969,0.08664694928427442,0.07797523364517098,0.06747736178385155,0.047523709760751855,0.09150165812197106,0.07045050223636083,0.1105446178627934,0.09831568350699259,0.06394209727370445
saxony,2021.3123287671233,0.052895293881357074,0.09232471163449187,0.05794467248340805,0.07914700260623443,0.10672504660684425,0.13987034407714125,0.16550349972538198,0.15389269630969896,0.2119100010640104,0.20016355085153656,0.17515506229291297,0.14851588446288333,0.1522081454989476,0.12598208727517934,0.1423522700971272,0.15198389052867053,0.1486462564467472,0.1753689820795127,0.17008907283997016,0.1927098466471197,0.14669592569858536,0.16474710160294567,0.212787175814293,0.09655478710876858,0.12635739680028335,0.18254884924250334,0.12773876769068176,0.1635942676975023,0.147890103490227,0.18462055043571107,0.2597271579261871,0.1890721170951333,0.16917609942247183,0.16745453601801985,0.1650809587281461,0.14322305792799692,0.1767673087032499,0.1749724485372082,0.1851006541798678,0.16943694733469755,0.18486060175370095,0.15113903165137438,0.1614816746110789,0.1749202732962248,0.14287891249165463,0.15888930111776944,0.17044904962207277,0.1529278540290372,0.18762127156301697,0.19379547378101442,0.19622777838404667,0.1524532625029507,0.15755926025404643,0.16029240070608045,0.12623229332427335,0.16726151579578794,0.1513163465739089,0.15277139480557156,0.15371015720784575,0.13677853051892555,0.15450290310150921,0.13451062227741295,0.1215359180613327,0.1215671910775719,0.08371454967844326,0.09154333140443949,0.07604838209734183,0.08319371446709636,0.06911751456652027,0.09797704495320136,0.05853813680737847,0.08424059853718932,0.06648288163925835,0.06538949610106158,0.062479119975638785,0.067909524005294,0.08864190889625567,0.08052191185459139,0.08186560828984249,0.07148150832249557,0.05812687572201309
saxony,2021.331506849315,0.04627978830330441,0.07957926182315367,0.0976227792880165,0.07034636134414472,0.11797091748912496,0.09869079340247063,0.18517371383388026,0.1314816853114165,0.11600610205741126,0.15434643913891635,0.1634586418594979,0.12563805592341826,0.11934164171238605,0.1406524508381374,0.14538705490493212,0.11394234404118486,0.18033112457449382,0.16282224842068135,0.16378205790334002,0.15535303219306743,0.12833302909834166,0.15316775908601066,0.13776392837258875,0.08447497845532187,0.1384104429292024,0.11440616130840815,0.12437141465433785,0.14965273916425678,0.1582216685102908,0.16480969965064504,0.2192411306924912,0.1620189432331075,0.16514355717775284,0.1616016467346137,0.1708455486719115,0.1591605293130664,0.18682802061910964,0.20351493411144464,0.1830654622182544,0.19397815365155716,0.18486060175370095,0.14705052584830766,0.1744193936464062,0.19201568348433934,0.1737046050014404,0.13686194971956145,0.16269184089062863,0.1318049025338462,0.1771795091749621,0.1889990519636887,0.14505332419673392,0.1483802979464026,0.185533795056887,0.1779204346937017,0.16208675423041527,0.160208943909515,0.1598333899825181,0.1559945498497289,0.15851897259715442,0.12210404745571657,0.13194044583792497,0.12104597659569992,0.09957127031480006,0.09976924942499833,0.09100158133734369,0.10951283698752283,0.08642818552389282,0.06411390869625266,0.0760327592684856,0.07561615223036772,0.06690462220522876,0.0631663497368649,0.05438923420863379,0.04777874335877514,0.0524736669208155,0.05431635807494059,0.08578231693430761,0.06038104288063264,0.05728874611053252,0.07818875402181788,0.054769232846208486
saxony,2021.3506849315067,0.023134745548924536,0.06365574616429134,0.07014849422353175,0.09088177198847734,0.09266852265543786,0.09869079340247063,0.11776244548766596,0.11467715758151045,0.09278312683424615,0.1228650378378008,0.14299884170333776,0.11992017114410178,0.10440634416196735,0.07321031187823582,0.09385104155197567,0.09176732586989098,0.14548091705252106,0.16282224842068135,0.11333261302886727,0.1429101983462978,0.11915922385692868,0.13291011208709005,0.13776392837258875,0.09353326951464122,0.09925867325441057,0.11131065023950215,0.09745606686894401,0.14616403000789482,0.07217406429213817,0.08233955601347112,0.15279225600816834,0.1370600708574026,0.13086132240011095,0.12456427573696822,0.14393742769548679,0.1472069678595651,0.1767673087032499,0.144411941505601,0.13622066805457522,0.12855718209499017,0.1490947385674379,0.12660239197932616,0.17010472395259454,0.11939376121720013,0.11646993773290122,0.10750144423908846,0.14200291620378647,0.16085052147613957,0.16152340401395843,0.1506644564510853,0.13482864482683737,0.11785625778489153,0.09367913184804637,0.12506467539511534,0.14321262924494674,0.12847898907944155,0.1394010856668631,0.09804477248753976,0.14088187105274674,0.10255145664539261,0.09812291975215193,0.11936248950804294,0.0928143825632118,0.08161561562636407,0.05458183591076922,0.06819589854023558,0.06567065018651978,0.07278331288404366,0.0725750219641153,0.06357765068084914,0.05184383548329646,0.04561359992571841,0.042298398745359116,0.06790431721016875,0.0449786470722601,0.061115099928952456,0.07147630116968709,0.06239582001568444,0.06343187275889689,0.05583636715666009,0.052536129958509176
saxony,2021.3698630136987,0.03305130151083315,0.04455187983905281,0.02743723720769735,0.04688873358335968,0.03368090537024011,0.041101439262585165,0.05884528328396243,0.05310871130035623,0.06667032146851969,0.094267794708282407,0.04664931834906252,0.0913453836101648,0.06858641181135208,0.07613691154953875,0.05750218156185419,0.09810208047010466,0.09799788418514002,0.07195536141051659,0.11333261302886727,0.09004832328792742,0.07329362916398137,0.07797002584205613,0.07482460805324478,0.060323776454442805,0.08119375573202436,0.04634744853782727,0.047024055725123026,0.06259365763845329,0.06529577841038291,0.09882104052685299,0.12104597659569992,0.09548681686382582,0.11272288916591978,0.09728935498435115,0.09015250364495875,0.07355399654234872,0.07224175822762682,0.08538125741197128,0.08535000615052624,0.0917933718005911,0.07974591693880385,0.0632600635898218,0.10329131957637663,0.08738658595680725,0.05710654580863387,0.09772176503972886,0.10581839558810431,0.1027807088223877,0.10415103268371823,0.11235810052936603,0.09801872342543008,0.07718886128191588,0.07971987704177777,0.07030991208114515,0.06590494641895973,0.08092293389993609,0.07645457729516739,0.07070044122861792,0.09280917327374333,0.056945168931505814,0.06432216572708059,0.06553007295377236,0.07254898565779008,0.05439964509321392,0.04547828145439858,0.05203642775779658,0.046654523016350945,0.03984726345103573,0.025907652836718125,0.029200997487152117,0.04013348348268534,0.031573583552341675,0.02617818829382411,0.03771367285894664,0.03497656043786869,0.050922525551517786,0.0400137912777947,0.03622021153055142,0.03477882785817386,0.0625415950331747,0.03486728707719771
saxony,2021.3890410958904,0.013220080343407303,0.0222711685975637,0.018291616769384955,0.0175789710134846,0.014031492933522608,0.032874389401630066,0.03642315323459947,0.044723627206883984,0.06377028641883636,0.05425389289877397,0.06123484071418129,0.06278108344906973,0.03875443782122968,0.04684189138556734,0.045389804182773726,0.06960176004153494,0.07585049327861074,0.05317638042097855,0.08182394276246638,0.05587280627587468,0.06718578448282644,0.06063613954529799,0.06584246732041918,0.05730436330897565,0.07517871843253444,0.04634744853782727,0.026864938467750194,0.041720732250773315,0.058418402231701534,0.05927216784062582,0.06625378943214699,0.05187506661448893,0.0623697888055672,0.054462110444466194,0.04217870155722661,0.057637531326366814,0.06019362572036922,0.048772865854778136,0.046722183738465074,0.05505553502384215,0.07554324634185314,0.055091973595890756,0.0666859414847871,0.05966261410117793,0.04392214434346856,0.05861101885799315,0.05933463904530671,0.05268187733826386,0.05725751172772303,0.07168979486228885,0.055112795648527294,0.05280159870580081,0.0557895168980467,0.03905105964986489,0.04706569337805377,0.05803837692638292,0.06285397144675144,0.06266133910325324,0.041585423909386174,0.058574577819914195,0.046623295020451726,0.04703966984106788,0.03373293908809078,0.06709727026851031,0.03456028219749018,0.028701519477685403,0.04319353427824543,0.025985691766443362,0.027634941872547066,0.03264024194727222,0.035111851583511704,0.01753735696458627,0.028191640624939417,0.02011228896174468,0.017485339450287705,0.020361986118910415,0.0400137912777947,0.02011749097362581,0.026589196777882945,0.029029301380254075,0.02369139612518832
saxony,2021.4082191780822,0.009912144657398491,0.0222711685975637,0.024388518335081114,0.011716919960600964,0.01964411002375528,0.027395615268772138,0.014005485923335151,0.027947108663261708,0.034773624379385075,0.025694347026373132,0.03206788594183193,0.019966632840442634,0.0327911368526245,0.05855896023998779,0.03630867320160507,0.037953046955728764,0.05687749490627426,0.0375315411321785,0.02831130562098262,0.034138803874279464,0.024419732980993876,0.03175049123604822,0.02093941538720949,0.01507698551465495,0.02404515846672684,0.04016991159972564,0.020148703055823725,0.03476321742337538,0.02404515846672684,0.02633426708239541,0.0201539050713419,0.05187506661448893,0.06035501267909344,0.03500257793853837,0.044099094042913775,0.01986779499048801,0.03410237998202341,0.026412306652358733,0.03452906146380004,0.01630975750366404,0.020975830060500255,0.02447695988049675,0.021501244613538126,0.02555908038049852,0.019758553374894256,0.02196944027250908,0.03869199133606432,0.044775671975795704,0.036428356878448344,0.026277038138858455,0.04286045879151119,0.03045491654709628,0.019919814888100344,0.011711718789039807,0.03200024428471833,0.024617426173565,0.022073484324758055,0.01606007980396201,0.025585093169684187,0.024398923214970083,0.024112789776640834,0.026875343843167428,0.025293750674071993,0.014499621341149892,0.009090394523631421,0.017937893567593784,0.015545123334434164,0.005195059497544844,0.018999070391522415,0.012023790003689352,0.005013041632488857,0.014031492933522608,0.020138299026342812,0.02011228896174468,0.002496059905919493,0.020361986118910415,0.020003046832517246,0.01609649106050013,0.01227344832387483,0.02456019911947642,0.01251270533882302
saxony,2021.427397260274,0.006609620050255059,0.009542875585615106,0.009142403640825391,0.00878874266967398,0.008419481575428201,-0,0.02241162893230172,0.027947108663261708,0.014489218441861561,0.03140187961135879,0.023322029189798366,0.022822607646395064,0.020866586117123737,0.023415671263178877,0.02420123085309847,0.006323584481731828,0.028430970892399748,0.04065909164370792,0.01886902304778601,0.034138803874279464,0.024419732980993876,0.020205925255174728,0.01196657680746688,0.006027149280045188,0.006011547474138592,0.015446293888200674,0.010073375637927505,0.024331291532909555,0.010302220468631015,0.02633426708239541,0.011514074655104551,0.012445089114310883,0.02011228896174468,0.017500944699110708,0.017251261279884234,0.01191976605737966,0.02808238152122697,0.018281213111458527,0.01827601128327875,0.01834363509023906,0.014681672415575582,0.012237039744194867,0.023654979550180276,0.017037990975324793,0.013173268464894668,0.009761316128180634,0.012892398078772923,0.010531066306453505,0.013006826571470939,0.023883884159587948,0.01632536239969773,0.014208340947757954,0.015935241403672203,0.009761316128180634,0.02070532166778468,0.012304655698178278,0.011883357725328935,0.012845586495248118,0.015992458966601907,0.009756115152214457,0.01285598906572358,0.015113396082826297,0.011805339956782778,0.0072493052883192835,0.01273115835737145,0.00717649518955648,0.013818235833936423,0.015586735789043028,0.010359431833667443,0.00858590878627633,0.0033437075013491397,0.007015273190818646,0.008055423908687609,0.007540546702846017,0.004997440130846761,0.013573771454237438,0.011430856297132374,0.010057772617965428,0.01227344832387483,0.008929166590890197,0.010281416351495636
saxony,2021.4465753424658,-0,0.009542875585615106,-0,0.005860730258351855,0.002808075818729408,0.008216649132375735,0.011202006499415215,0.005590300484036865,0.005793122682923962,0.014270758037558942,0.014572441694434968,0.005704712909223802,0.008939568377917506,0.0058503290871796815,-0,0.015810403303080256,0.025272940558274105,0.009381646249935602,0.0031460951703395374,0.006203970074175833,0.012211033631454433,0.0028860800894626015,0.008975974648895843,0.006027149280045188,0.006011547474138592,0.0061779669785036575,0.00671363337435913,0.0034737160234086795,0.010302220468631015,0.019748149423473204,0.0201539050713419,0.002074841393360111,0.004019755365543792,0.007774581164424722,0.005751518064810153,0.003972951768688912,0.002007238739956898,0.014218743790855273,0.006089556550493997,0.008154239309067744,0.0062923806967118065,0.010198199966192732,0.00860151136459996,0.002132043707192469,0.006583616751733007,0.0073221154890305085,0.012892398078772923,0.0026312665716063024,0.00520026001733406,0.007166093755198382,0.0020384399536850103,0.004061358598116162,0.003983352564350079,0.0039053466476019223,0.009407650947687885,0.010546669468431843,0.013584174170386924,0.012845586495248118,0.003198098342534541,0.006505606934198099,0.004820623439345829,0.005039044145629613,0.008429883260501482,0.0072493052883192835,0.003634927042177917,0.005382278537721043,0.0034529146380358157,0.0017316288317807886,0.0034529146380358157,-0,0.001669226791232261,0.0035049181170700625,0.006042751090638643,-0,0.002496059905919493,-0,0.005715114051269498,-0,-0,0.004466991860045813,0.0046906115497633806
saxony,2021.4657534246576,-0,-0,-0,0.0029276824150337995,0.002808075818729408,0.005475888310578272,0.005600701603197585,0.008383075694054132,-0,0.008565105355790045,0.0029120815390412773,0.019966632840442634,0.008939568377917506,0.01170651761799311,0.0030264880716576255,0.006323584481731828,-0,0.00625077567914549,0.0031460951703395374,0.0031044926700280707,0.009158006386131764,0.0028860800894626015,-0,-0,0.009017581846942305,0.0030888917409951843,0.003359308506831505,-0,-0,0.009875737730976804,0.0028808798011093497,0.004149765577846888,0.002012438940941929,-0,0.005751518064810153,0.003972951768688912,0.00400935456260728,-0,0.002028039547028811,0.0020384399536850103,0.008388276532692397,0.0020384399536850103,0.00430057783134404,-0,-0,0.002438857191646164,0.0025792639662742755,0.0026312665716063024,0.007805785838885855,0.00477381912164906,0.0020384399536850103,0.002028039547028811,0.0019916381401162723,0.0039053466476019223,0.0037649362923369853,-0,0.003395710871169003,-0,0.003198098342534541,0.003250101566730168,0.0016068248255685408,0.003359308506831505,-0,-0,0.0054550861242678925,0.0017940309472143036,0.0017264286588720033,0.0017316288317807886,-0,0.0017160283146203095,0.0033437075013491397,-0,-0,-0,-0,0.003395710871169003,0.005715114051269498,-0,-0,-0,0.0022360480753789583
saxony,2021.4849315068493,-0,0.003182497385412486,-0,-0,-0,-0,-0,0.005590300484036865,0.005793122682923962,-0,-0,0.00855470364366793,0.01191976605737966,0.01170651761799311,0.0030264880716576255,-0,0.006318383849591955,-0,0.006287180067692691,0.0031044926700280707,0.0030524895914443187,0.005772320369706133,0.005980343876362871,0.003016087467382218,0.006011547474138592,-0,0.003359308506831505,0.006952864809371217,0.0034321132609840565,-0,-0,0.002074841393360111,0.002012438940941929,0.0038897454782967204,0.0038325412308768125,0.0019864379412056275,0.002007238739956898,0.0020332397500940035,0.006089556550493997,0.004076959818915024,0.002095642227474157,-0,-0,-0,0.006583616751733007,-0,0.0025792639662742755,-0,0.0026000650021664614,-0,0.0020384399536850103,-0,0.00597514327855689,-0,0.001882434072264451,-0,0.0016952276323631062,-0,0.0015964245052441485,-0,-0,-0,-0,0.0018148316689941748,-0,-0,0.0017264286588720033,0.0017316288317807886,-0,-0,-0,-0,-0,-0,-0,-0,-0,-0,0.006136362052479218,0.0022308478520263295,0.001788830768065096
saxony,2021.504109589041,-0,-0,-0,-0,-0,-0,-0,-0,-0,-0,0.0029120815390412773,0.005704712909223802,0.008939568377917506,0.0058503290871796815,0.0030264880716576255,0.006323584481731828,0.0031564958006180316,-0,0.0031460951703395374,0.006203970074175833,0.0030524895914443187,0.0028860800894626015,0.005980343876362871,0.003016087467382218,0.006011547474138592,0.0030888917409951843,-0,0.006952864809371217,0.006869653750619098,-0,-0,-0,0.002012438940941929,-0,0.0038325412308768125,-0,0.002007238739956898,-0,0.002028039547028811,0.0020384399536850103,-0,-0,-0,0.002132043707192469,0.004388985217780854,0.002438857191646164,-0,0.0052678668219580125,-0,-0,0.0020384399536850103,-0,0.0019916381401162723,-0,-0,-0,-0,0.0016068248255685408,-0,-0,-0,-0,-0,0.0018148316689941748,-0,-0,-0,-0,-0,-0,-0,-0,-0,-0,-0,-0,-0,-0,-0,0.0022308478520263295,-0
saxony,2021.5232876712328,-0,-0,-0,-0,0.002808075818729408,0.0027404722120779263,0.0028028755381770093,-0,-0,0.0028548783671266307,0.0029120815390412773,-0,0.0029796853688030733,0.0029276824150337995,-0,-0,0.0031564958006180316,0.003125293916023304,-0,0.009308833165427983,-0,0.0028860800894626015,0.005980343876362871,0.003016087467382218,0.003005686865187052,-0,-0,-0,0.0034321132609840565,0.0032917041835359632,-0,-0,0.002012438940941929,0.0038897454782967204,0.0019188354027312412,0.003972951768688912,-0,0.0020332397500940035,0.002028039547028811,-0,0.004196569333852543,-0,0.00430057783134404,-0,-0,0.004883029261810867,-0,-0,0.0026000650021664614,-0,-0,0.002028039547028811,0.003983352564350079,0.0019500365634153166,-0,-0,-0,-0,0.0015964245052441485,-0,-0,-0,-0,-0,-0,0.0017940309472143036,0.0017264286588720033,-0,-0,-0,-0,-0,-0,-0,-0,-0,-0,-0,0.002043640157790284,0.004466991860045813,2.2360048073914813e-4
saxony,2021.5424657534247,0.003302104842938069,0.003182497385412486,0.006094757159748407,0.0029276824150337995,0.011222810984862875,0.0027404722120779263,-0,0.0027924749786266065,0.0028964806677350525,-0,-0,-0,0.005959541488248117,0.0029276824150337995,0.0030264880716576255,0.0031616961165344864,-0,-0,-0,-0,0.0030524895914443187,0.0028860800894626015,0.005980343876362871,0.003016087467382218,-0,0.0061779669785036575,0.010073375637927505,0.0034737160234086795,0.0034321132609840565,0.006583616751733007,0.0028808798011093497,0.002074841393360111,0.006032349883058143,0.005834727334325187,0.0019188354027312412,0.0019864379412056275,0.002007238739956898,-0,-0,0.0020384399536850103,0.002095642227474157,0.0020384399536850103,0.00430057783134404,-0,0.002194446303142263,0.002438857191646164,-0,-0,0.0026000650021664614,-0,0.0020384399536850103,0.002028039547028811,-0,0.0039053466476019223,0.001882434072264451,0.005273067349034468,0.0016952276323631062,0.0016068248255685408,-0,0.0016276254724692577,-0,0.0016796271261233435,0.003369709179755342,0.0018148316689941748,-0,0.0017940309472143036,-0,-0,-0,-0,-0,-0,-0,-0,-0,-0,-0,-0,-0,0.004466991860045813,2.2360048073914813e-4
saxony,2021.5616438356165,-0,0.003182497385412486,-0,-0,0.0056111027244387535,-0,-0,0.005590300484036865,-0,-0,-0,-0,0.0029796853688030733,-0,-0,0.0031616961165344864,0.0031564958006180316,-0,0.0031460951703395374,-0,0.015259038610442869,0.0028860800894626015,0.014957350970185402,0.006027149280045188,0.009017581846942305,0.015446293888200674,0.003359308506831505,0.01042704534623277,0.0034321132609840565,-0,0.0057567186402568615,0.004149765577846888,-0,0.007774581164424722,0.0038325412308768125,0.003972951768688912,0.006016748075591187,0.004061358598116162,0.004061358598116162,-0,0.004196569333852543,0.004076959818915024,0.010749511000238682,-0,0.002194446303142263,0.004883029261810867,0.0051586558735601425,-0,0.0026000650021664614,0.0023868547787384785,0.0020384399536850103,-0,-0,-0,0.001882434072264451,0.0017576297041079169,-0,-0,0.003198098342534541,0.0048778287737478,0.003213699304331398,0.005039044145629613,0.0016848272943518216,0.0018148316689941748,0.0018200318507435628,-0,0.0017264286588720033,-0,0.0017264286588720033,-0,-0,0.0017524295286047305,0.004024955767797943,-0,0.002496059905919493,-0,-0,-0,-0,0.0022308478520263295,6.708043266962928e-4
saxony,2021.5808219178082,-0,0.003182497385412486,0.0030472892864491677,0.005860730258351855,-0,-0,-0,-0,0.005793122682923962,0.008565105355790045,0.005829526751076739,0.0028496780818937227,0.005959541488248117,-0,0.006047951695206187,0.0031616961165344864,0.022109899792226023,0.003125293916023304,0.006287180067692691,0.021719735396459258,0.00610515837981182,0.011545281573679298,0.008975974648895843,0.009043586362624314,0.006011547474138592,0.0061779669785036575,0.010073375637927505,0.0034737160234086795,0.0034321132609840565,0.0032917041835359632,0.008637917398898307,0.002074841393360111,0.010052571612347957,0.0019448363686649871,0.0038325412308768125,0.003972951768688912,-0,0.006094757159748407,0.004061358598116162,0.0020384399536850103,0.004196569333852543,0.0020384399536850103,0.00860151136459996,-0,-0,0.002438857191646164,0.010312622530319941,0.0052678668219580125,0.007805785838885855,-0,0.006120760213804969,0.004061358598116162,-0,0.0058555296725085965,0.005647506665163499,-0,0.003395710871169003,0.003213699304331398,0.003198098342534541,-0,0.008034620690429147,0.0016796271261233435,0.0016848272943518216,0.0018148316689941748,-0,-0,-0,-0,0.0017264286588720033,0.0017160283146203095,0.001669226791232261,-0,0.002012438940941929,0.005028643138811854,0.002496059905919493,-0,-0,-0,-0,0.0022308478520263295,4.4720192297233825e-4
saxony,2021.6,-0,-0,0.0030472892864491677,0.0029276824150337995,-0,0.0027404722120779263,0.008403879051716657,-0,-0,0.005709913479989479,0.0029120815390412773,0.0028496780818937227,0.01788587565262237,0.0029276824150337995,0.006047951695206187,0.012647938051614436,0.015794798561581988,0.018759783530390296,0.03460190987156911,0.012408680414448115,0.015259038610442869,0.014432002532979334,0.017948297156832372,0.01507698551465495,0.003005686865187052,0.009267225734339593,0.00671363337435913,0.006952864809371217,0.010302220468631015,0.019748149423473204,-0,0.006224772560067722,0.004019755365543792,0.005834727334325187,0.007665364951277586,0.00993294862679645,0.002007238739956898,0.010156591823478004,0.004061358598116162,0.004076959818915024,0.0062923806967118065,0.012237039744194867,0.006448399809051898,0.0085182976676288,0.008783541790988263,0.004883029261810867,-0,0.0052678668219580125,0.010406241179157507,0.009553277495406043,0.006120760213804969,0.006089556550493997,0.00597514327855689,0.0058555296725085965,-0,0.0035153188191119765,-0,0.0016068248255685408,0.0015964245052441485,0.003250101566730168,0.00642759723369247,0.0016796271261233435,0.005059846165506341,0.005439484489999141,-0,-0,0.0017264286588720033,0.0017316288317807886,0.0017264286588720033,-0,-0,0.0017524295286047305,-0,-0,0.002496059905919493,0.003395710871169003,-0,-0,0.002043640157790284,-0,8.944076919308274e-4
saxony,2021.6191780821919,0.003302104842938069,0.003182497385412486,-0,0.0029276824150337995,0.0056111027244387535,-0,0.0028028755381770093,0.008383075694054132,-0,0.011415252869842006,0.008741934780205749,0.0028496780818937227,0.01191976605737966,0.0029276824150337995,0.01210180809998616,0.01897306089675849,0.028430970892399748,0.025018017315627496,0.0094336556584391,0.015513914015330582,0.018312424091482198,0.023093127053664043,0.03889494268703751,0.018088745815271322,0.01502497046150284,0.01235666803029795,0.010073375637927505,-0,0.017173235457233083,0.006583616751733007,0.008637917398898307,0.006224772560067722,0.016086087841743948,0.009719708335039781,0.011498471202837403,0.007946207105682173,0.00400935456260728,0.006094757159748407,0.006089556550493997,0.01019299894652979,0.012585522909699205,0.00815944012481873,0.00860151136459996,0.002132043707192469,0.004388985217780854,0.0073221154890305085,0.0025792639662742755,0.013168067147658042,0.007805785838885855,0.011940570829995095,0.006120760213804969,0.004061358598116162,0.009958953600245485,0.007805785838885855,0.009407650947687885,0.005273067349034468,0.003395710871169003,-0,0.003198098342534541,0.006505606934198099,0.003213699304331398,0.005039044145629613,-0,0.003624526316206946,-0,-0,0.0017264286588720033,0.005195059497544844,0.0034529146380358157,-0,0.001669226791232261,-0,0.004024955767797943,0.002511660657093224,0.007493739936929543,0.003395710871169003,0.0028548783671266307,0.002012438940941929,0.004092561044388847,0.004466991860045813,0.003796138560742797
saxony,2021.6383561643836,-0,0.006359988921251389,-0,0.005860730258351855,0.008419481575428201,0.008216649132375735,0.0028028755381770093,0.005590300484036865,0.008689926063543336,0.008565105355790045,0.017490541199373096,0.017116016595036396,0.005959541488248117,0.01170651761799311,0.006047951695206187,0.03478923481730773,0.025272940558274105,0.028144815266662404,0.04719060653688801,0.02482552508297713,0.015259038610442869,0.017318883754212644,0.026927370751480138,0.027135478905288155,0.012018588801434188,0.01853610332985628,0.033587244809318705,0.0208561819440096,0.013740215162360118,0.009875737730976804,0.0201539050713419,0.01036983390680092,0.012065399640482432,0.005834727334325187,0.009584483237263443,0.00993294862679645,0.006016748075591187,0.018281213111458527,0.006089556550493997,0.0020384399536850103,0.01677790642183421,0.00815944012481873,0.00860151136459996,0.01277796983788551,0.013173268464894668,0.019529666924480757,0.012892398078772923,0.01580000014155917,0.007805785838885855,0.019108310411604067,0.010203400986370103,0.008117833613398493,0.003983352564350079,0.007805785838885855,0.005647506665163499,0.0017576297041079169,0.0016952276323631062,0.004815422957523926,0.0047946210354257255,0.0048778287737478,0.004820623439345829,0.006718834046028912,0.0016848272943518216,0.005439484489999141,0.007275308919724271,0.0017940309472143036,0.0017264286588720033,-0,0.0034529146380358157,0.00858590878627633,0.001669226791232261,0.005262666295407436,0.004024955767797943,0.005028643138811854,0.004997440130846761,0.006786442825027931,-0,0.006032349883058143,0.004092561044388847,0.004466991860045813,0.0031304942288193816
saxony,2021.6575342465753,0.006609620050255059,0.006359988921251389,-0,0.005860730258351855,0.014031492933522608,0.010957554418900645,0.005600701603197585,0.005590300484036865,0.014489218441861561,0.005709913479989479,0.023322029189798366,0.019966632840442634,0.01788587565262237,0.020486835147121667,0.021178712278522308,0.028462187965017663,0.04423440892524707,0.028144815266662404,0.05348870058037232,0.015513914015330582,0.030527759247483577,0.02886280872709344,0.029919005531132456,0.04222033533054472,0.02404515846672684,0.027806633375535787,0.00671363337435913,0.01042704534623277,0.017173235457233083,0.03621500790753163,0.011514074655104551,0.033191790967495916,0.024133599428157803,0.023332433856291586,0.007665364951277586,0.023842265064746036,0.014036694337124405,0.02234920207002108,0.006089556550493997,0.014270758037558942,0.012585522909699205,0.012237039744194867,0.021501244613538126,0.017037990975324793,0.006583616751733007,0.0268545330944151,0.02578799337195228,0.007899399974617293,0.010406241179157507,0.014327973769023073,0.012242240968300224,0.01827080945561934,0.009958953600245485,0.009761316128180634,0.005647506665163499,0.00878874266967398,0.011883357725328935,0.003213699304331398,0.009594885155377441,0.006505606934198099,0.004820623439345829,0.011753328176112956,0.005059846165506341,0.005439484489999141,-0,0.005382278537721043,0.005179457941286273,0.0017316288317807886,0.0034529146380358157,0.0034321132609840565,0.001669226791232261,0.0035049181170700625,-0,0.005028643138811854,0.002496059905919493,-0,0.005715114051269498,0.002012438940941929,-0,0.0022308478520263295,0.0022360480753789583
saxony,2021.676712328767,0.016523024821490682,0.012725957084356844,0.018291616769384955,0.005860730258351855,0.02244804463657235,0.008216649132375735,0.011202006499415215,0.01956087865384955,0.028977272368875834,0.03425848255702427,0.017490541199373096,0.039940935287964406,0.050688296815447106,0.017558163984875513,0.027229127846227406,0.03162561516154576,0.041075418710248265,0.021891407369930563,0.0408984792996872,0.0403468485312164,0.05801755370224043,0.043302825137201316,0.05087047463010563,0.021105882673285677,0.04208502568913833,0.021626096377077162,0.02350931350519697,0.03476321742337538,0.02748406192880732,0.02304110398143001,0.03743787363537759,0.033191790967495916,0.02011228896174468,0.03500257793853837,0.017251261279884234,0.01191976605737966,0.02808238152122697,0.026412306652358733,0.020309965778955996,0.034659147977837125,0.023072317818524892,0.03672496543875819,0.015050977981575132,0.021298361137128553,0.019758553374894256,0.03662609573067052,0.023212780317314965,0.023701800865582573,0.00520026001733406,0.0334415509387594,0.030611008172879445,0.01827080945561934,0.013943069151946876,0.011711718789039807,0.007530145195667328,0.00878874266967398,0.016980772261945817,0.011243615478634129,0.009594885155377441,0.013012027872573672,0.014463211202742918,0.006718834046028912,0.0067448374121625194,0.0072493052883192835,0.0054550861242678925,0.00717649518955648,0.0034529146380358157,0.003463315329682109,0.005179457941286273,-0,0.001669226791232261,0.0017524295286047305,0.006042751090638643,0.002511660657093224,0.009990159585554366,0.003395710871169003,0.0028548783671266307,-0,0.014317570904073767,0.0022308478520263295,0.006032349883058143
saxony,2021.695890410959,0.006609620050255059,0.009542875585615106,0.006094757159748407,0.02050764334763409,0.011222810984862875,0.021917418324447695,0.02801474504825408,0.039129118307042195,0.04927253669461139,0.05425389289877397,0.037901009014864574,0.031381067050978005,0.0596365842592678,0.061489941567371684,0.07264271642157559,0.0632704762505763,0.04739359105996614,0.08134999973828777,0.05348870058037232,0.07140340108516471,0.030527759247483577,0.014432002532979334,0.032910812433738355,0.036188989800226216,0.036069306674310506,0.04634744853782727,0.04030521625787691,0.024331291532909555,0.048101440724402096,0.03950380149259468,0.04319873859965675,0.033191790967495916,0.036204600663048446,0.03889494268703751,0.030673444954389232,0.0397431838301227,0.020055066865433423,0.052838035698455764,0.020309965778955996,0.04485894371439514,0.03565822325284605,0.04080480573784214,0.021501244613538126,0.021298361137128553,0.037328595102359544,0.03418043121094688,0.023212780317314965,0.04214227203292047,0.031224973113647688,0.03583514483335566,0.02244804463657235,0.032484144230102444,0.017927489980436632,0.0273331824228501,0.018822206083660593,0.026375888171802614,0.015279844719116973,0.02087699029231954,0.019186339137879014,0.017891077441780787,0.009641693812637063,0.026875343843167428,0.011805339956782778,0.019940622861716432,0.007275308919724271,0.014348779505165127,0.010364632869976964,0.012122612945435263,0.0034529146380358157,0.006869653750619098,0.006687630023829551,0.014031492933522608,0.010068174630755202,0.007540546702846017,0.002496059905919493,0.01697036886627717,0.01428636232171272,0.004024955767797943,0.004092561044388847,0.006698031362482135,0.008045022298518056
saxony,2021.7150684931507,0.009912144657398491,0.003182497385412486,0.02743723720769735,0.0175789710134846,0.01964411002375528,0.016434596803073367,0.039222788850331064,0.05310871130035623,0.04927253669461139,0.07711595318838008,0.03498176393695891,0.06278108344906973,0.04471842273285485,0.05562814410813002,0.03630867320160507,0.047445638501210335,0.050558170195738876,0.03127180124564645,0.05348870058037232,0.04345375098672249,0.030527759247483577,0.043302825137201316,0.0359027914790993,0.04222033533054472,0.02404515846672684,0.02471627305169694,0.033587244809318705,0.041720732250773315,0.017173235457233083,0.03621500790753163,0.028795171239016606,0.03734420630730523,0.034196041470793505,0.015555526444964511,0.024919169863908314,0.02185499205547191,0.018052333163697372,0.03047572873679638,0.03452906146380004,0.0265007516399071,0.0335612280167821,0.03264024194727222,0.02580360111260882,0.023431278291807554,0.035132665637161324,0.03906667137192396,0.028368536803391124,0.034237668853286905,0.0338265999114264,0.016720687994640968,0.030611008172879445,0.014208340947757954,0.025897247654943074,0.011711718789039807,0.015056179487153957,0.026375888171802614,0.010187797927392828,0.014452808310744417,0.014390391002423017,0.006505606934198099,0.00642759723369247,0.011753328176112956,0.005059846165506341,0.01268954818784482,0.009090394523631421,0.005382278537721043,0.010364632869976964,0.006926861339210263,0.006906058572441684,0.006869653750619098,0.0100317675950974,0.01753735696458627,0.002012438940941929,0.012569919135928956,0.007493739936929543,-0,0.005715114051269498,0.006032349883058143,0.010224205072293177,0.006698031362482135,0.009610488036446993
saxony,2021.7342465753425,0.006609620050255059,0.012725957084356844,0.012195429970057726,0.011716919960600964,0.025257332976888112,0.010957554418900645,0.042027779408383883,0.05870472450173285,0.06667032146851969,0.059969767219761765,0.04373478649448098,0.07705866832944976,0.0477058764888465,0.03512746212297075,0.08173019544793939,0.07593381479471223,0.050558170195738876,0.04065909164370792,0.04719060653688801,0.0403468485312164,0.036636503059511785,0.04041450104648044,0.0359027914790993,0.03317097769070606,0.012018588801434188,0.021626096377077162,0.03022598301016301,0.031287410632354476,0.017173235457233083,0.02304110398143001,0.031672443654340666,0.02074173617714987,0.022125506428951627,0.021386797426959762,0.040263584017874825,0.025829614024115304,0.026074136028373922,0.03453946837294732,0.05281721455666779,0.04485894371439514,0.04405225435799227,0.04693037112793482,0.034409382158307654,0.04687311951274238,0.03952461730428584,0.04150736156489537,0.012892398078772923,0.031604802511616535,0.01821358938567527,0.02149604246322626,0.01632536239969773,0.01827080945561934,0.015935241403672203,0.02928424428850047,0.015056179487153957,0.0175789710134846,0.018676553575927277,0.014452808310744417,0.025585093169684187,0.013012027872573672,0.009641693812637063,0.011753328176112956,0.013490549799966361,0.01268954818784482,0.007275308919724271,0.008965572854586027,0.013818235833936423,0.010390638059310358,0.006906058572441684,0.013740215162360118,0.008357071508682635,0.008767939158040618,0.012081003262860929,0.007540546702846017,0.012491900337300056,0.003395710871169003,0.005715114051269498,0.008045022298518056,0.010224205072293177,0.0022308478520263295,0.004914232201128649
saxony,2021.7534246575342,-0,0.006359988921251389,0.015243434034403385,0.03809354965617889,0.04491098861874011,0.0575490333635472,0.05043845399320628,0.06709727026851031,0.09278312683424615,0.10284844261355776,0.12254708844698266,0.11992017114410178,0.10739722911823875,0.13771700424183522,0.15448725668406155,0.1107739052819903,0.09166835145222346,0.06569668304910173,0.05663282801139315,0.07451215972113467,0.04579575996241541,0.04619130966791754,0.03889494268703751,0.06937786103560357,0.05110990930002715,0.03398790505818819,0.04366712965935757,0.041720732250773315,0.05154193551549048,0.032921219019025824,0.05472238354903707,0.03942053832916226,0.0663995752653471,0.03305650481727727,0.044099094042913775,0.04173114059930998,0.05818934555078372,0.04673779776376086,0.06908106616486713,0.07138257250835672,0.0713461225190149,0.0693882749214793,0.06883634184396203,0.05539909971776432,0.050511324692360714,0.04395337071726477,0.05675255847568841,0.06586329367825826,0.07288225136328612,0.06690982890025482,0.04082041798642933,0.03857750630803644,0.03585595917652014,0.025382193759120552,0.03576749827561323,0.022859023638481923,0.030569383693521933,0.03212512125888308,0.017589374530914144,0.029279041359514337,0.020897798648956165,0.023514515856917325,0.018551708894017745,0.016314959135153018,0.014551635868808968,0.008965572854586027,0.006911259263350734,0.02424805266035366,0.0017264286588720033,0.013740215162360118,0.013376120242808409,0.012278649551621904,0.004024955767797943,0.02011228896174468,0.012491900337300056,0.006786442825027931,0.017147226875703747,0.01609649106050013,0.01636177384199741,0.011160397553490643,0.012289052008682562
saxony,2021.772602739726,0.016523024821490682,0.012725957084356844,0.009142403640825391,0.035158683215936286,0.03929564383398356,0.032874389401630066,0.047633009721030815,0.10347889213298839,0.11020068862964079,0.16006811086903927,0.1663798919988271,0.13707571203201027,0.11635528133827401,0.15825817944694442,0.1787605109046452,0.17418460797135826,0.1328162726275603,0.10640198523560628,0.11333261302886727,0.07140340108516471,0.07940739929454589,0.06930496389287484,0.05386348724777792,0.05730436330897565,0.03907707918923584,0.055622938542602376,0.05374896881281492,0.04867397323689687,0.058418402231701534,0.05927216784062582,0.06336939663173415,0.04772149080952404,0.07243963331357144,0.06029774628156429,0.06520206088861366,0.06758670369324896,0.05617993700960636,0.06910710073487455,0.08535000615052624,0.0734238126902084,0.07974591693880385,0.0693882749214793,0.07744924816474863,0.06392647808162462,0.07468921354549676,0.0903869102114322,0.05933463904530671,0.07640770845656222,0.07027866987604939,0.09082447196268856,0.06941430964529005,0.05889734218861455,0.05379581723299806,0.08008443678681071,0.039535025213256164,0.024617426173565,0.061156748866455224,0.03534080663187163,0.027187506073877092,0.027650550167573017,0.030543368410846265,0.016793511458363084,0.02192262051690897,0.023566539402775682,0.018187580283792203,0.030496540934826247,0.01900427229203403,0.03291601572611887,0.024180421174516364,0.020611684475094802,0.018390451623496243,0.03332707746968938,0.006042751090638643,0.010052571612347957,0.017485339450287705,0.013573771454237438,0.03143830161206648,0.02213070864223053,0.010224205072293177,0.02009668292923525,0.016091289450864764
saxony,2021.7917808219179,0.009912144657398491,0.015904031850427058,0.03353521123726229,0.04688873358335968,0.042100638322103624,0.04932458601655036,0.08969932061265494,0.1314816853114165,0.15376231117155775,0.19157205022631732,0.24537843828894101,0.1799867334633974,0.1611739212990308,0.19937010855572676,0.14538705490493212,0.21226504620424475,0.1296466836776346,0.12520541366658897,0.11333261302886727,0.10869993314104384,0.08857940247281733,0.06641519520028662,0.0868084183644249,0.09051192747893928,0.05712216295235095,0.061807517847628786,0.09073070842031525,0.06259365763845329,0.06185437352857571,0.1285050534048972,0.0777825452773913,0.07887098354028188,0.07646499259837268,0.0719761902167562,0.09783117056347579,0.08350100661083022,0.09634640094837425,0.12608633964932972,0.10162403769858418,0.09791973710843493,0.11335866976349626,0.08164165647273729,0.11837222844492816,0.12793164126280995,0.11646993773290122,0.08793871596459608,0.10323400587459058,0.12124924962219943,0.08330308942875407,0.09561184639303341,0.05919928486335408,0.06499380033383308,0.05778329300521951,0.08986079917124433,0.07155961567714854,0.05451937041569583,0.04585821497904135,0.04658686238227465,0.03998256726965394,0.06671718153140375,0.06593097939883816,0.05376458494818435,0.05060501574132481,0.03625663690628759,0.047299905797011384,0.03408676975029946,0.036282655047440146,0.027718186166832692,0.024180421174516364,0.025767183058360264,0.02173534191608039,0.031573583552341675,0.012081003262860929,0.010052571612347957,0.027478859179937688,0.027151087050402017,0.025720359883225498,0.03622021153055142,0.020455622861971112,0.03573107324251107,0.03486728707719771
saxony,2021.8109589041096,0.023134745548924536,0.04455187983905281,0.02743723720769735,0.04688873358335968,0.05614349767516863,0.11790316399697132,0.1514571559137014,0.17351156157805522,0.20027317212059276,0.23455420238551547,0.21025489615111553,0.1570950579220095,0.1940668841059516,0.15825817944694442,0.16055320405864962,0.17418460797135826,0.1581486467138843,0.18478232402824554,0.21112160067086286,0.16468972012541125,0.1742472173810527,0.15606235299133034,0.16476275110780444,0.16303611747794441,0.150461068405395,0.15156145937418658,0.12773876769068176,0.1113262836708109,0.1444432282826066,0.1318049025338462,0.1585659155030943,0.14537662578787994,0.1570741949931566,0.1382071028069996,0.1708455486719115,0.18905646027261258,0.1667085429094132,0.16274922016355878,0.18102513177317275,0.191937394987314,0.14699316389543926,0.18387431102421062,0.1787344213771292,0.2176693413585351,0.19132674875567895,0.19072654790919563,0.14200291620378647,0.14236269860763237,0.13543862794653133,0.15545734346834122,0.11846604184226579,0.14024053981112025,0.13160158824017143,0.12506467539511534,0.12246369220728862,0.11614681581391106,0.1325921012708109,0.1012645370497974,0.1072304853593004,0.09765924770093966,0.10134268915332828,0.10421355782779589,0.06410870228116528,0.09250703537764893,0.06368177801817299,0.05383225492232595,0.07259064375417251,0.05544594962462607,0.04664411368230081,0.056700501718210006,0.0334415509387594,0.049121593955608694,0.05035517331922076,0.04777874335877514,0.042475342919471665,0.04413032052296976,0.05716901441164973,0.05031353303224191,0.040914091576404334,0.04466637802124738,0.07266875277483746
saxony,2021.8301369863013,0.052895293881357074,0.07321031187823582,0.0640462253408172,0.06741488079599328,0.09828963430917727,0.11790316399697132,0.16550349972538198,0.1679031803836948,0.21481830986221648,0.20016355085153656,0.19269940803469204,0.20288327059212471,0.21501150669288757,0.1641315581475866,0.239501100138174,0.23449152032249831,0.2501016874229845,0.23500342604827557,0.271147304217706,0.2051646039517301,0.23858690723812392,0.19370152438320123,0.1707620749364885,0.150946071981497,0.21077178445741082,0.22905936187933634,0.19509512453256406,0.22987414947059626,0.19957890798610634,0.1714089998908958,0.2568320136435783,0.24946945774675314,0.2095396147472608,0.2162333627332389,0.22278696948262855,0.24291771187686254,0.2573180103606916,0.26472348997987344,0.24218630821677434,0.24924478293616237,0.2459217990940827,0.25350854493075947,0.2737348254397609,0.2497568339194002,0.21115814876923783,0.23484149614112068,0.23516013289015536,0.2163377962052484,0.21373224374107733,0.2729559418700207,0.23925034848598392,0.16670332621206613,0.1895313859864351,0.1622536739851467,0.1583103379723522,0.21489663281516386,0.17686644522713704,0.1559945498497289,0.16974474955411514,0.13514666932124178,0.15450290310150921,0.16651030877825088,0.12829653916708342,0.13791512863748578,0.08189164926140295,0.10591739694200793,0.1054588659406582,0.07451736717794973,0.08641255957622787,0.10141563122259292,0.07360086280891057,0.07721489991152847,0.08664694928427442,0.08049066351340668,0.07248129132234987,0.10189496736608675,0.09436677407373949,0.08253746952827005,0.08595940913644062,0.09384062276586214,0.10601639848439783
saxony,2021.849315068493,0.06612883047184995,0.11463546575526194,0.10372898992764076,0.09968588970777773,0.1264095233374538,0.17833264430630294,0.2442290399095276,0.32229432463458035,0.35463494352044556,0.3982289833252864,0.4125518094699875,0.42381683958868516,0.4128925028384488,0.41129912535380736,0.4099416481849375,0.5498641974071898,0.6003551385695749,0.51210297192270815,0.5024201751773176,0.4424207517956687,0.39518464651689916,0.3735912149037388,0.3631644104926914,0.39336651315546023,0.3285734991561684,0.31910270157753834,0.31656000767172204,0.35918486567334273,0.2651207085253578,0.2540206379017623,0.37557626288361273,0.39137030737694684,0.36117460001384166,0.3432749656717189,0.38278382874406863,0.34480344492255527,0.323864047182213,0.4569865760175862,0.42610788653469767,0.40511476737781993,0.3872785870281856,0.4835533533011225,0.3797351578978022,0.38474303458895953,0.36567272745006724,0.3796984911231853,0.3570328966016998,0.4256150670000027,0.29999891657922667,0.3738792778521409,0.31103557044240876,0.3155659841875856,0.3196102088670485,0.3662749509943428,0.30007213784312636,0.3244500890809944,0.2842953379464364,0.2833908140348224,0.25322114802372264,0.2461307855309639,0.28037410525380757,0.2508070767127241,0.2399660386927987,0.1888216085004585,0.18398911639047594,0.1616590248045837,0.16433499966990844,0.14393742769548679,0.150445423204064,0.17028732061457383,0.1657486794090396,0.1387180615484864,0.17343330093489684,0.11322838622090745,0.16259794767149185,0.1290993235698645,0.10867908961977082,0.11679827335244188,0.16591039430116647,0.16097570826576132,0.1922870845199216
saxony,2021.868493150685,0.12240114511529636,0.14333255922629454,0.18931218896414148,0.23485716675525617,0.2615824344015216,0.3848635229192976,0.7333181045364822,1.1383090945404695,1.2756887214767132,1.376565996712535,1.1611051791595444,1.0719076187141643,1.0962359540652307,0.9836947845969516,0.9369600170484106,0.976583602459859,0.9015462766671172,1.0069798476534018,0.6996554620946659,0.6085251557988018,0.5214146500105289,0.5249496378918087,0.5381462474814425,0.43590757663544427,0.4769563056436832,0.48095537067345356,0.45862856865791474,0.5204061982677516,0.47265319336279377,0.5658164132573518,0.5091254774838672,0.5231847402035843,0.6250637685075355,0.5629094340145161,0.6498999833500483,0.6194854111523279,0.6355432255651793,0.7034608578239744,0.670291601439483,0.6914131497707179,0.72427423602175,0.677413699170976,0.664192236975408,0.6687113865402661,0.8007669230625583,0.6113241948338484,0.6303427086673605,0.5771357306104007,0.6069994272911503,0.5618318428512518,0.5496644972202336,0.4669022724497512,0.5143296400305318,0.5632090608911081,0.4763895339082645,0.43955212726479886,0.4707011671514885,0.4321374398221341,0.3770742648259237,0.42452983193854377,0.42275261184108276,0.3927325392367506,0.3433901235023742,0.31082632299281276,0.3027395541764015,0.2625022579867824,0.2475675900216055,0.2064906423338239,0.18336290838102645,0.22199840416181976,0.20768619411420755,0.21789910161856701,0.20980588623704885,0.16363078240663345,0.20270055943462517,0.20739382956774272,0.20037235346791413,0.1712629193589876,0.2131161201604961,0.21474520854590443,0.23379157575151124
saxony,2021.8876712328768,0.1356523844080433,0.21355471585900276,0.23215666730187665,0.32319952551982034,0.4169023694508784,0.5617529955941084,1.0238578317229499,1.7443881136800714,1.8969102343403161,2.1739022054353496,1.88129389152619,1.6662970595102737,1.5885804450509458,1.3217796138949653,1.3357615725008203,1.37111465823566,1.198026471732402,1.128248610082805,0.8017491418757935,0.6776244269792361,0.6479570878512835,0.7118421434895736,0.5865221702643781,0.6460827100448788,0.6136024712871121,0.6308006280382328,0.6792628648202782,0.5695699686122997,0.6740527060599663,0.6990651763493312,0.756807869147098,0.8088734239351009,0.8555354544102715,0.8703813949370163,0.945707341444134,0.9704535053971383,1.0001888399077303,1.054642574935947,1.0335533514694932,1.0978132818072275,1.0335109163722391,0.9654100953291204,1.1036981455815045,0.9325498478978199,0.91010772345455,0.9433085642945953,0.8395469724963609,0.8949012797571495,0.7757054972416343,0.7868171943550561,0.7914578885494574,0.713249699410832,0.6432080933289058,0.6421920122460861,0.6418761361622506,0.5762313564486259,0.5770253119918799,0.6268058121469446,0.586848228309592,0.5575006772883047,0.5509047528956798,0.5130009798992667,0.5048722097257692,0.4221602186395881,0.38694330027338336,0.3436727847133814,0.3257163807372893,0.32659547737695555,0.2874377658369333,0.2823921960830285,0.28830052884957746,0.2390309417822041,0.26036996453482025,0.2317492540276147,0.2829986842800934,0.2176171232591981,0.22332487189321742,0.2662026217931214,0.2603647384327951,0.23716602217652602,0.286339724523393
saxony,2021.9068493150685,0.1986393171517913,0.2710741236715458,0.35782874826519495,0.3644787744353235,0.5500008348190976,0.6837148296273449,1.1325106590552168,1.5051343176370102,2.0051887751492523,2.031255493952406,1.9024547326891001,1.7429201048406937,1.720867319217043,1.6681172936306918,1.6439064128327732,1.50762874167537,1.415008547451198,1.2465890668202455,1.0321901412828354,0.7909035176317492,0.8243875614607746,0.7118421434895736,0.6500842726003265,0.6308269453659894,0.7170877233655497,0.6902327720903456,0.7814114926180679,0.6645240492828813,0.7611081778270834,0.8092536947460162,0.9411481709756154,0.9692137983379826,1.1034644379311835,1.078357607091935,1.251063238010448,1.1102901962608211,1.2830647833968363,1.2040983078480294,1.2847757102510289,1.408896007160047,1.269336766775272,1.2383022142130642,1.3127234875507239,1.2217111753138885,1.300261892259436,1.1799588382456698,1.1417586997480766,1.0692959991297308,0.9317133874246878,0.915473897571961,0.8785357766067335,0.8368624466591902,0.7845365954050866,0.7470266509280412,0.7639523810361087,0.7596307310619973,0.7076566030454182,0.7048787288270919,0.7487938869705348,0.6167069809424739,0.5703953665642781,0.6080569102197714,0.583245926293556,0.5428856562893514,0.4767936205319677,0.4285930264109942,0.39006050270301396,0.3841353585689243,0.3604153502955429,0.3428614464728474,0.3892484403734829,0.364258838712142,0.3231315040964941,0.3050148115325669,0.29304336661626806,0.33018004311583515,0.29798014234063247,0.3370149509945141,0.295312970130935,0.2820366718078893,0.3733607656939679
saxony,2021.9260273972602,0.1853720191264841,0.2966622283859438,0.33635549499739537,0.35562971412818567,0.49049244017304805,0.7420206873981801,1.0524244880987772,1.5310211269624652,1.7259307836027669,1.974900334234027,1.8450481919032573,1.5721506273622385,1.475017972223937,1.53834780056322,1.3295569811307355,1.4295768154393267,1.3469028860929806,1.0835394118471797,1.0161525618502731,0.8035023957644718,0.7469316966618071,0.6738261892597552,0.6470567462591097,0.673562798872353,0.6014440493376615,0.6026697587855974,0.6248637793166677,0.6786043225057047,0.6636181540154554,0.7758374512093921,0.8269552093619134,0.8468032841124263,1.0439350776500924,1.0148852524023173,1.1471169378803792,1.1204375318869293,1.1619347027551215,1.1064920956465483,1.2244582345523907,1.2103411712701684,1.2113577698625335,1.2445651634560504,1.1520291412456523,1.1041124480885274,1.0599918434116686,1.0901554581578108,0.9759795677156272,0.9458185457176781,0.9767531573334807,0.8984617497312165,0.839124203327816,0.8451119920708676,0.7319943847031535,0.7074404822704004,0.6685586349786761,0.6669574042350009,0.642297304700437,0.6886045272095973,0.6450928973397694,0.6710395865697499,0.6142812380747218,0.5401428415508787,0.5644969504581809,0.49346361827242535,0.3887769261306805,0.36353619931402614,0.36048865668139135,0.32311057444567853,0.2943821069373295,0.318663214730754,0.33034227018351386,0.28309279515154495,0.2988273903786506,0.24437532556502195,0.2528710484830045,0.28922082517456343,0.23479970785983934,0.23184327219220807,0.245979270280501,0.25735459094256696,0.2980219814259025
saxony,2021.945205479452,0.13234186461872452,0.26468167767790907,0.26584198153605226,0.34973466714131074,0.49049244017304805,0.5977565740918002,0.9182789229649384,1.3185313871843407,1.4332756460906892,1.4674969592647744,1.5289539920387971,1.3170380177037035,1.163237506908189,1.0284507792994082,1.1097111671959197,1.0378288650267542,0.9369070716231338,0.7938602308234495,0.7315355733420073,0.6179383123773264,0.6077991138917207,0.5103752692021394,0.5290837249947941,0.4693578798492794,0.5346103624042263,0.512134480711995,0.5841030937827967,0.5449822731606399,0.5732554455326211,0.6757226394334742,0.6692591889339267,0.7141722754601435,0.7636304875228856,0.8585169912078737,0.9203430948948537,0.8592571154796291,0.8899127995149481,0.9324916128721511,0.9424984062816874,0.9419265376367334,0.8946579281544711,0.9280288862723503,0.9545938422258202,0.7961359585055573,0.7985332364460275,0.777051443423859,0.7296107192207314,0.6437345680199533,0.7123745852566695,0.6899324124035398,0.6528592211263692,0.6474411007043781,0.5284113225004686,0.5296773375479449,0.569533167734823,0.5691231025763164,0.5427017465615398,0.45643575942946574,0.4979942042484748,0.4852276775520023,0.5135628992112357,0.40627296827825643,0.39603347982455195,0.3673746815503294,0.29908365947971194,0.30397393431887254,0.24930225779530626,0.26737864000758477,0.22149707083812656,0.23062104931145208,0.24293860927545852,0.22317864544448413,0.1875743024200895,0.22922649675466883,0.16761103942688366,0.19717776515412044,0.20324347446872668,0.15713678380482657,0.1905334412837795,0.19905691098216635,0.25579210044233097
saxony,2021.964383561644,0.14559563768522074,0.18800746390225895,0.18931218896414148,0.2731232178945604,0.42538962983363277,0.46493996870007503,0.6198274630131607,0.9643982936073886,1.0003107627512653,1.0231736975720667,0.9974536025636865,0.9991710603674727,0.9867790720468425,0.8169653417341144,0.7617149984810966,0.7868541493282173,0.6546969820192632,0.5784449978167083,0.5564231982032127,0.4987764658902749,0.4105601082918492,0.42011572756990917,0.360153542618252,0.42374868642007973,0.3921142911237801,0.3875195757185435,0.41799792927336876,0.39769450854299104,0.45186158422866823,0.4760641677401306,0.46554334298500916,0.5168977789590083,0.5620158202495299,0.5805956327665018,0.6557238394552843,0.5813002611170268,0.6639710299466955,0.6499579027583294,0.6949807934009615,0.648062391979729,0.5798804973377216,0.5948320293087891,0.6315427817892775,0.614807419975408,0.5406052216361996,0.5200280339062471,0.5182422949106135,0.5185994378038284,0.45458400929791404,0.4798164979988979,0.4055340226434067,0.43005061096279174,0.36370900347389584,0.42330831425317555,0.40617339343160846,0.3545302319319061,0.3526245178602855,0.36579840830950466,0.3416575485411932,0.3311638795566784,0.30300107294666206,0.3301695768707834,0.28402345627288317,0.23431392155427885,0.22232218450216548,0.21025489615111553,0.18686455164677127,0.17693949331304853,0.1660355932727328,0.14616924464512385,0.13556896714778657,0.14574686072411244,0.1330508715939097,0.1485054547182944,0.12252623937452022,0.16993256197284998,0.14304577060059184,0.13494855547335435,0.09005874131423863,0.11620935538346447,0.17322982381391006
saxony,2021.9835616438356,0.07936573573678733,0.12419940402195347,0.1679031803836948,0.16722499853704606,0.21366958677231523,0.26359979605415385,0.44439793980269005,0.561805560418922,0.5650646833358286,0.5912765093555954,0.6215324935415392,0.5159051703480961,0.4519560012093632,0.39950231302861094,0.4251851644116512,0.38397820213328804,0.35175021636891435,0.33245126812044457,0.3059301730337433,0.2768504763892633,0.23245961770329474,0.2429647310355104,0.2518468902255996,0.2780737863556368,0.213789679362096,0.23526460438043545,0.2254347564233238,0.3032259801410156,0.2547678846527327,0.2771745984497753,0.31472369494965025,0.34333254455517126,0.3490279346129336,0.3139285027236854,0.4330078504781122,0.34680309862755615,0.4066607879195488,0.4303547164882195,0.4302026635031976,0.41538749461065194,0.4105181785606347,0.3704592880224504,0.2780581027124174,0.3032835146958204,0.34799141094575914,0.3354605323778087,0.27920824909472935,0.2904130514490257,0.24769821058028763,0.2945651405188093,0.26385066515074157,0.25433939219551327,0.2055196030386315,0.2641642532234636,0.21496973434435357,0.1937224020124908,0.20413094394190892,0.19788765670796082,0.224311911177618,0.1726611355698915,0.17707515431626786,0.17493070834023342,0.21117903340841565,0.17245244419623923,0.11833053365599377,0.12029543691977365,0.11584454228803696,0.09360099126141055,0.09851886769782302,0.10829869682412761,0.06355682523840551,0.08775119945548054,0.08664694928427442,0.10063411437653239,0.08498540948808773,0.050922525551517786,0.08864190889625567,0.06642040184631297,0.09620574076219364,0.0737206323486832,0.1069126315499115
saxony,2022.0027397260274,0.06612883047184995,0.07639729316483058,0.06099535941945097,0.10555265604382102,0.11797091748912496,0.1563492134148279,0.21328842517229407,0.23521759218383578,0.22063541548066226,0.29192428982642116,0.2951822299125023,0.32327801188807076,0.3258524304356788,0.24345059816441697,0.25469472715398145,0.2535503482495623,0.28819595075231635,0.27584675637202505,0.2616660540551176,0.248790211288299,0.26005639934280944,0.31549274110354664,0.29393759949306086,0.22960777519957906,0.28625083647914196,0.2725116175428155,0.23218278364627715,0.2752717171748552,0.2478654053741785,0.3168948409130961,0.27419484269241723,0.30368102790468715,0.2923792387002356,0.3158851159720614,0.32875665312691554,0.32880374996651984,0.3339532617292256,0.33827108079223994,0.3075046325087543,0.3045649826425638,0.31549797274898816,0.2924629078919645,0.28454107837446674,0.2775823677826283,0.25966967154340087,0.2691766926066319,0.29217006630990455,0.27717982624149756,0.1745707005320342,0.25375413990996887,0.2249072772649974,0.20133285630242306,0.2175179090149247,0.20534210319223764,0.18663492847065177,0.17960581867887745,0.16834661175800045,0.1672719493029966,0.18258015897371924,0.14982483401439,0.14000069438708262,0.15808605668429365,0.14519933111802205,0.11974817523531693,0.09100158133734369,0.1041197701398721,0.08642818552389282,0.09186630047594223,0.09851886769782302,0.07389247608324054,0.08196977225434202,0.06492090933671017,0.0947105985966024,0.05784055663370483,0.07248129132234987,0.064509597767947,0.054311152640724496,0.07045050223636083,0.06343187275889689,0.0737206323486832,0.07557449171012877
