State,week_end_num,A00,A01,A02,A03,A04,A05,A06,A07,A08,A09,A10,A11,A12,A13,A14,A15,A16,A17,A18,A19,A20,A21,A22,A23,A24,A25,A26,A27,A28,A29,A30,A31,A32,A33,A34,A35,A36,A37,A38,A39,A40,A41,A42,A43,A44,A45,A46,A47,A48,A49,A50,A51,A52,A53,A54,A55,A56,A57,A58,A59,A60,A61,A62,A63,A64,A65,A66,A67,A68,A69,A70,A71,A72,A73,A74,A75,A76,A77,A78,A79,A80+
bremen,2020.0109289617487,-0,-0,-0,-0,-0,-0,-0,-0,-0,-0,-0,-0,-0,-0,-0,-0,-0,-0,-0,-0,-0,-0,-0,-0,-0,-0,-0,-0,-0,-0,-0,-0,-0,-0,-0,-0,-0,-0,-0,-0,-0,-0,-0,-0,-0,-0,-0,-0,-0,-0,-0,-0,-0,-0,-0,-0,-0,-0,-0,-0,-0,-0,-0,-0,-0,-0,-0,-0,-0,-0,-0,-0,-0,-0,-0,-0,-0,-0,-0,-0,-0
bremen,2020.0300546448088,-0,-0,-0,-0,-0,-0,-0,-0,-0,-0,-0,-0,-0,-0,-0,-0,-0,-0,-0,-0,-0,-0,-0,-0,-0,-0,-0,-0,-0,-0,-0,-0,-0,-0,-0,-0,-0,-0,-0,-0,-0,-0,-0,-0,-0,-0,-0,-0,-0,-0,-0,-0,-0,-0,-0,-0,-0,-0,-0,-0,-0,-0,-0,-0,-0,-0,-0,-0,-0,-0,-0,-0,-0,-0,-0,-0,-0,-0,-0,-0,-0
bremen,2020.049180327869,-0,-0,-0,-0,-0,-0,-0,-0,-0,-0,-0,-0,-0,-0,-0,-0,-0,-0,-0,-0,-0,-0,-0,-0,-0,-0,-0,-0,-0,-0,-0,-0,-0,-0,-0,-0,-0,-0,-0,-0,-0,-0,-0,-0,-0,-0,-0,-0,-0,-0,-0,-0,-0,-0,-0,-0,-0,-0,-0,-0,-0,-0,-0,-0,-0,-0,-0,-0,-0,-0,-0,-0,-0,-0,-0,-0,-0,-0,-0,-0,-0
bremen,2020.068306010929,-0,-0,-0,-0,-0,-0,-0,-0,-0,-0,-0,-0,-0,-0,-0,-0,-0,-0,-0,-0,-0,-0,-0,-0,-0,-0,-0,-0,-0,-0,-0,-0,-0,-0,-0,-0,-0,-0,-0,-0,-0,-0,-0,-0,-0,-0,-0,-0,-0,-0,-0,-0,-0,-0,-0,-0,-0,-0,-0,-0,-0,-0,-0,-0,-0,-0,-0,-0,-0,-0,-0,-0,-0,-0,-0,-0,-0,-0,-0,-0,-0
bremen,2020.0874316939892,-0,-0,-0,-0,-0,-0,-0,-0,-0,-0,-0,-0,-0,-0,-0,-0,-0,-0,-0,-0,-0,-0,-0,-0,-0,-0,-0,-0,-0,-0,-0,-0,-0,-0,-0,-0,-0,-0,-0,-0,-0,-0,-0,-0,-0,-0,-0,-0,-0,-0,-0,-0,-0,-0,-0,-0,-0,-0,-0,-0,-0,-0,-0,-0,-0,-0,-0,-0,-0,-0,-0,-0,-0,-0,-0,-0,-0,-0,-0,-0,-0
bremen,2020.1065573770493,-0,-0,-0,-0,-0,-0,-0,-0,-0,-0,-0,-0,-0,-0,-0,-0,-0,-0,-0,-0,-0,-0,-0,-0,-0,-0,-0,-0,-0,-0,-0,-0,-0,-0,-0,-0,-0,-0,-0,-0,-0,-0,-0,-0,-0,-0,-0,-0,-0,-0,-0,-0,-0,-0,-0,-0,-0,-0,-0,-0,-0,-0,-0,-0,-0,-0,-0,-0,-0,-0,-0,-0,-0,-0,-0,-0,-0,-0,-0,-0,-0
bremen,2020.1256830601094,-0,-0,-0,-0,-0,-0,-0,-0,-0,-0,-0,-0,-0,-0,-0,-0,-0,-0,-0,-0,-0,-0,-0,-0,-0,-0,-0,-0,-0,-0,-0,-0,-0,-0,-0,-0,-0,-0,-0,-0,-0,-0,-0,-0,-0,-0,-0,-0,-0,-0,-0,-0,-0,-0,-0,-0,-0,-0,-0,-0,-0,-0,-0,-0,-0,-0,-0,-0,-0,-0,-0,-0,-0,-0,-0,-0,-0,-0,-0,-0,-0
bremen,2020.1448087431695,-0,-0,-0,-0,-0,-0,-0,-0,-0,-0,-0,-0,-0,-0,-0,-0,-0,-0,-0,-0,-0,-0,-0,-0,-0,-0,-0,-0,-0,-0,-0,-0,-0,-0,-0,-0,-0,-0,-0,-0,-0,-0,-0,-0,-0,-0,-0,-0,-0,-0,-0,-0,-0,-0,-0,-0,-0,-0,-0,-0,-0,-0,-0,-0,-0,-0,-0,-0,-0,-0,-0,-0,-0,-0,-0,-0,-0,-0,-0,-0,-0
bremen,2020.1639344262296,-0,-0,-0,-0,-0,-0,-0,-0,-0,-0,-0,-0,-0,-0,-0,-0,-0,-0,-0,-0,-0,-0,-0,-0,-0,-0,-0,-0,-0,-0,-0,-0,-0,-0,-0,-0,-0,-0,-0,-0,-0,-0,-0,-0,-0,-0,-0,-0,-0,-0,-0,-0,-0,-0,-0,-0,-0,-0,-0,-0,-0,-0,-0,-0,-0,-0,-0,-0,-0,-0,-0,-0,-0,-0,-0,-0,-0,-0,-0,-0,-0
bremen,2020.1830601092897,-0,-0,-0,-0,-0,-0,-0,-0,-0,-0,-0,-0,-0,-0,-0,-0,-0,-0,-0,-0,-0,-0,-0,-0,-0,-0,-0,-0,-0,-0,-0,-0,-0,-0,-0,-0,0.01173252347841739,-0,-0,-0,-0,-0,-0,-0,-0,-0,-0,-0,-0,-0,-0,-0,-0,-0,-0,-0,-0,-0,0.010468653705347542,-0,-0,-0,-0,-0,-0,-0,-0,-0,-0,-0,-0,-0,-0,-0,-0,-0,-0,-0,-0,-0,-0
bremen,2020.2021857923498,-0,-0,-0,-0,-0,-0,-0,-0,-0,-0,-0,-0,-0,-0,-0,-0,-0,-0,-0,-0,-0,-0,-0,-0,0.01044264847699852,-0,-0,-0,-0,-0,0.019155127633317535,0.020029056842473216,0.009886139707352614,-0,-0,-0,-0,-0,0.011358040343154753,0.023316826857329564,-0,0.01239307669374335,-0,-0,0.026204201392723697,-0,-0,0.026630818071332094,-0,0.011893760103312842,0.01122801210752824,-0,-0,0.019748149423473204,-0,0.009672899607554079,0.009802923954613985,-0,0.010468653705347542,-0,0.011555683884026953,0.012039393613587837,-0,0.012840385210793658,0.013594576888617496,0.014270758037558942,-0,-0,0.016091289450864764,-0,0.016112095892539705,-0,-0,0.01877538916167991,-0,-0,-0,-0,-0,-0,-0
bremen,2020.22131147541,-0,-0,-0,-0,-0,-0,-0,-0,-0,-0,-0,-0,-0,-0,-0,-0,-0,-0,-0,-0,-0,0.023337636190316008,0.020830171520334454,0.01058307686459831,0.02088219238070096,0.03263503868248069,0.02096542586552854,0.010375034944150853,0.020528451556473076,-0,-0,0.020029056842473216,0.009886139707352614,0.04174154894992997,0.010749511000238682,0.011202006499415215,0.01173252347841739,0.022931855699151363,0.022718562095255523,-0,-0,-0,-0,0.053171175100878106,-0,-0,0.026589196777882945,-0,0.01262193173338156,0.03569464823491817,0.02246365137478491,0.01047905580032977,0.009979757588370606,0.019748149423473204,0.01920194489718205,0.009672899607554079,0.02940911474041309,-0,-0,0.011139593093019493,0.023108733985480374,0.012039393613587837,-0,-0,0.013594576888617496,-0,0.015087388531530141,0.015643952968499925,-0,0.032187559858427126,-0,0.03224999853293815,-0,-0,-0,-0,0.020309965778955996,0.019207146817994344,0.020913404921895137,0.019025079899295843,0.002917281830520651
bremen,2020.24043715847,-0,-0,-0,0.014790903366165726,-0,-0,-0,-0,-0,-0,-0,-0,0.017506146449762925,0.016460605028178192,-0,-0,-0,-0,-0,-0,0.01268954818784482,-0,-0,0.01058307686459831,0.01044264847699852,-0,0.010484256848604085,-0,0.010265813269109149,0.010073375637927505,0.009579282278983844,0.020029056842473216,0.009886139707352614,0.010432246389299219,-0,0.04482771679679127,0.0234728970577103,0.011467264312355086,-0,-0,-0,0.01239307669374335,0.012569919135928956,-0,0.026204201392723697,-0,0.013292898904860724,-0,0.01262193173338156,0.011893760103312842,-0,0.02096542586552854,0.0199562288473898,0.009875737730976804,0.01920194489718205,0.009672899607554079,-0,0.02078855486951126,0.010468653705347542,0.011139593093019493,0.011555683884026953,0.012039393613587837,-0,-0,-0,0.02854543358361907,0.030179155819956553,0.015643952968499925,0.016091289450864764,-0,0.016112095892539705,-0,-0,0.03755755991123014,0.018910638162396836,0.025054434845209295,0.020309965778955996,0.019207146817994344,-0,-0,0.005834727334325187
bremen,2020.25956284153,0.015238232510093647,-0,-0,-0,-0,-0,-0,-0,-0,-0,-0,-0,-0,-0,-0,-0,-0,-0,-0,-0,-0,-0,0.010411442220143122,-0,0.03132903568646998,-0,0.010484256848604085,-0,0.010265813269109149,0.010073375637927505,0.009579282278983844,-0,0.01977415930593168,-0,0.021506446764364646,0.011202006499415215,-0,0.022931855699151363,-0,0.011659707102012232,0.023951515259748424,0.01239307669374335,0.02514287752322325,-0,-0,0.026323861815248883,-0,-0,0.01262193173338156,-0,0.01122801210752824,-0,-0,0.009875737730976804,0.03841098308084917,0.019347598876551086,0.019602494322149867,-0,-0,-0,0.011555683884026953,-0,-0,0.03853067159649152,-0,-0,0.015087388531530141,-0,-0,-0,0.016112095892539705,0.016122499116499107,-0,0.01877538916167991,0.03783335976959742,-0,-0,-0,-0,0.03805191918683718,0.01751134820092972
bremen,2020.27868852459,-0,-0,-0,-0,-0,0.01518621729564192,-0,-0,-0,-0,-0,0.0166634696304082,-0,-0,-0,-0,-0,-0,0.01614330557066179,0.02809798995055679,-0,0.011670109435255878,-0,0.01058307686459831,0.02088219238070096,-0,0.010484256848604085,0.010375034944150853,0.010265813269109149,0.010073375637927505,0.009579282278983844,-0,-0,0.010432246389299219,-0,0.011202006499415215,0.0234728970577103,0.011467264312355086,-0,-0,0.011976979202098424,-0,0.012569919135928956,0.013287697575658008,0.026204201392723697,-0,-0,0.013313704226862691,-0,-0,-0,-0,0.0199562288473898,0.009875737730976804,-0,-0,0.009802923954613985,-0,0.010468653705347542,0.0222815730537926,0.011555683884026953,0.012039393613587837,-0,-0,0.013594576888617496,0.014270758037558942,0.015087388531530141,-0,-0,-0,0.016112095892539705,-0,-0,-0,0.018910638162396836,0.025054434845209295,-0,-0,-0,0.019025079899295843,0.023348040859932032
bremen,2020.2978142076502,0.015238232510093647,-0,-0,-0,0.015108194571524151,-0,0.015878023903695297,0.017027587568208664,-0,-0,0.01736569936487648,-0,0.017506146449762925,-0,-0,0.016517823169188563,-0,0.04981385218936015,0.01614330557066179,0.02809798995055679,-0,0.03501298494245231,0.010411442220143122,-0,0.02088219238070096,-0,-0,-0,-0,-0,-0,-0,-0,-0,-0,-0,-0,-0,0.011358040343154753,0.011659707102012232,0.011976979202098424,0.01239307669374335,0.012569919135928956,-0,-0,0.0394881896392975,0.013292898904860724,0.039951343280261994,0.01262193173338156,-0,0.02246365137478491,0.03144870790266945,-0,0.009875737730976804,0.009600086115211843,-0,0.009802923954613985,0.010390638059310358,-0,0.011139593093019493,-0,0.012039393613587837,-0,-0,-0,0.014270758037558942,-0,-0,-0,-0,-0,0.016122499116499107,-0,-0,-0,-0,-0,-0,0.06276546460571861,0.019025079899295843,0.005834727334325187
bremen,2020.3169398907103,0.13730511646681626,-0,-0,0.014790903366165726,-0,0.01518621729564192,-0,-0,0.017116016595036396,-0,-0,0.0166634696304082,-0,-0,0.016855931651297302,0.016517823169188563,0.016871536711235546,0.016601049668502583,0.01614330557066179,0.04215788468306782,0.05078198818327173,0.10510975982116294,0.052088479846323074,0.02117351016047691,0.041777978193503415,0.010874336951551836,-0,-0,0.041065010492966195,0.010073375637927505,0.019155127633317535,-0,0.009886139707352614,0.020866586117123737,0.04302179196398028,0.03361846497754828,0.01173252347841739,0.04587382874492137,0.022718562095255523,-0,0.011976979202098424,0.01239307669374335,0.02514287752322325,-0,-0,0.013157664514751354,0.026589196777882945,0.013313704226862691,-0,0.011893760103312842,0.01122801210752824,-0,0.029939817506343593,-0,0.009600086115211843,-0,-0,-0,0.03141748903711387,0.011139593093019493,0.011555683884026953,0.012039393613587837,0.012590724168666974,0.012840385210793658,0.027187506073877092,-0,-0,-0,-0,-0,-0,-0,0.017422918501815595,0.01877538916167991,-0,-0,0.020309965778955996,-0,-0,0.019025079899295843,0.005834727334325187
bremen,2020.3360655737704,0.10676152140389074,-0,0.014754493023809816,-0,-0,-0,-0,-0,-0,-0,-0,-0,-0,-0,-0,-0,-0,-0,0.01614330557066179,0.01404709714588307,0.025382193759120552,0.03501298494245231,0.020830171520334454,0.06354120616204904,0.01044264847699852,-0,0.010484256848604085,0.051901092571480775,0.041065010492966195,0.03022598301016301,-0,0.01001096358616428,0.029664059510800134,-0,0.010749511000238682,-0,0.0234728970577103,0.011467264312355086,-0,0.011659707102012232,0.023951515259748424,-0,0.012569919135928956,-0,-0,0.013157664514751354,-0,-0,-0,-0,0.01122801210752824,-0,0.0199562288473898,-0,0.009600086115211843,0.019347598876551086,0.009802923954613985,0.010390638059310358,0.010468653705347542,0.011139593093019493,0.011555683884026953,0.012039393613587837,-0,0.025683941887274634,-0,-0,-0,-0,-0,0.032187559858427126,-0,-0,0.017422918501815595,-0,-0,-0,-0,-0,0.020913404921895137,-0,0.002917281830520651
bremen,2020.3551912568305,0.015238232510093647,-0,0.014754493023809816,-0,-0,0.01518621729564192,-0,-0,0.017116016595036396,-0,-0,-0,0.035018188445193214,0.032921219019025824,-0,-0,-0,0.016601049668502583,0.01614330557066179,0.04215788468306782,0.03808314203571889,0.011670109435255878,0.010411442220143122,0.03176089758912708,0.02088219238070096,0.021750948440391216,0.010484256848604085,0.06228648902075256,0.030798318742308393,0.03022598301016301,0.03831731399989925,0.01001096358616428,0.01977415930593168,0.03130302002374237,0.010749511000238682,0.011202006499415215,-0,0.0344041787164938,0.011358040343154753,0.03498176393695891,-0,-0,-0,0.026578791459724534,-0,0.013157664514751354,-0,0.013313704226862691,0.01262193173338156,0.011893760103312842,-0,0.01047905580032977,0.009979757588370606,-0,0.009600086115211843,0.009672899607554079,-0,0.02078855486951126,0.02094461748183015,-0,-0,-0,-0,-0,-0,-0,-0,0.015643952968499925,0.016091289450864764,-0,0.016112095892539705,-0,0.017422918501815595,-0,-0,0.025054434845209295,0.020309965778955996,-0,-0,0.07613691154953875,0.0204296126386492
bremen,2020.3743169398906,-0,0.028243668850247376,0.014754493023809816,0.04438533747864398,-0,-0,-0,-0,0.017116016595036396,0.017787041757538067,-0,-0,-0,-0,-0,-0,0.016871536711235546,-0,-0,0.01404709714588307,0.05078198818327173,0.04669095570193298,0.010411442220143122,0.01058307686459831,0.02088219238070096,0.010874336951551836,0.010484256848604085,0.010375034944150853,0.020528451556473076,0.010073375637927505,-0,0.020029056842473216,0.009886139707352614,0.020866586117123737,0.021506446764364646,-0,-0,-0,-0,-0,0.011976979202098424,-0,0.012569919135928956,0.013287697575658008,0.026204201392723697,0.013157664514751354,0.013292898904860724,0.013313704226862691,0.01262193173338156,-0,-0,-0,-0,0.019748149423473204,0.01920194489718205,0.019347598876551086,-0,0.02078855486951126,-0,0.011139593093019493,-0,0.03612134278216725,-0,-0,-0,-0,-0,-0,0.016091289450864764,-0,-0,-0,0.017422918501815595,-0,-0,-0,-0,-0,-0,-0,0.005834727334325187
bremen,2020.3934426229507,-0,0.014119916865459462,-0,-0,-0,-0,-0,-0,-0,-0,0.01736569936487648,0.0166634696304082,-0,0.016460605028178192,0.03372253234035525,-0,-0,-0,-0,0.02809798995055679,0.01268954818784482,0.011670109435255878,0.020830171520334454,0.01058307686459831,0.041777978193503415,0.010874336951551836,-0,0.031136520090483278,0.030798318742308393,0.010073375637927505,-0,-0,0.029664059510800134,0.010432246389299219,-0,0.03361846497754828,0.01173252347841739,-0,0.011358040343154753,0.04664931834906252,0.023951515259748424,-0,0.012569919135928956,-0,-0,-0,-0,0.013313704226862691,-0,0.011893760103312842,0.01122801210752824,0.01047905580032977,-0,-0,0.01920194489718205,-0,-0,-0,0.010468653705347542,0.0222815730537926,-0,-0,-0,-0,-0,-0,0.015087388531530141,0.015643952968499925,-0,-0,-0,-0,0.017422918501815595,-0,-0,-0,-0,-0,-0,-0,0.005834727334325187
bremen,2020.4125683060108,-0,-0,-0,-0,-0,-0,-0,0.017027587568208664,0.017116016595036396,0.03558016980574878,-0,0.0166634696304082,-0,-0,-0,-0,0.033743345837903234,-0,0.01614330557066179,0.04215788468306782,0.025382193759120552,-0,0.010411442220143122,0.02117351016047691,0.01044264847699852,-0,0.041944512203426126,0.010375034944150853,0.010265813269109149,0.020148703055823725,0.028737939587046946,0.01001096358616428,-0,0.010432246389299219,-0,-0,-0,-0,0.011358040343154753,-0,-0,0.024783905234470178,0.012569919135928956,0.013287697575658008,0.013100450070966259,0.0394881896392975,-0,0.013313704226862691,-0,0.023795443622868267,0.02246365137478491,0.02096542586552854,0.009979757588370606,-0,0.009600086115211843,0.009672899607554079,0.019602494322149867,-0,0.010468653705347542,0.011139593093019493,-0,-0,0.012590724168666974,-0,-0,-0,-0,-0,-0,-0,-0,-0,0.017422918501815595,0.03755755991123014,-0,-0,-0,-0,-0,-0,0.002917281830520651
bremen,2020.431693989071,-0,-0,-0,-0,-0,-0,0.015878023903695297,0.017027587568208664,0.03423246542864994,-0,0.01736569936487648,-0,0.017506146449762925,-0,-0,0.033035691594636325,-0,-0,0.01614330557066179,0.05621637636958498,-0,-0,-0,0.02117351016047691,-0,-0,-0,0.020752140327365692,0.010265813269109149,-0,-0,0.01001096358616428,-0,-0,-0,-0,-0,-0,0.011358040343154753,-0,-0,0.01239307669374335,-0,0.013287697575658008,0.013100450070966259,0.013157664514751354,-0,0.013313704226862691,0.025246927925235238,-0,-0,0.02096542586552854,-0,-0,-0,-0,-0,-0,0.010468653705347542,-0,0.011555683884026953,-0,-0,-0,-0,-0,-0,0.015643952968499925,-0,-0,-0,-0,0.017422918501815595,-0,-0,0.025054434845209295,-0,-0,0.020913404921895137,0.019025079899295843,0.008752336529780325
bremen,2020.450819672131,-0,-0,-0,-0,-0,-0,-0,0.017027587568208664,-0,-0,-0,-0,0.017506146449762925,-0,-0,-0,-0,0.016601049668502583,-0,-0,0.01268954818784482,-0,0.010411442220143122,0.01058307686459831,0.01044264847699852,0.010874336951551836,-0,0.010375034944150853,-0,0.020148703055823725,-0,-0,-0,-0,0.010749511000238682,-0,0.01173252347841739,-0,-0,0.011659707102012232,-0,-0,-0,-0,-0,0.013157664514751354,-0,0.026630818071332094,0.01262193173338156,-0,0.02246365137478491,-0,-0,-0,0.01920194489718205,0.009672899607554079,0.009802923954613985,-0,0.010468653705347542,-0,-0,-0,-0,-0,-0,-0,-0,0.015643952968499925,-0,0.016091289450864764,-0,-0,-0,-0,0.018910638162396836,0.05012094713870531,-0,-0,-0,-0,0.002917281830520651
bremen,2020.4699453551912,0.015238232510093647,0.014119916865459462,-0,-0,-0,-0,-0,-0,-0,-0,0.01736569936487648,-0,0.017506146449762925,-0,-0,-0,-0,-0,0.03228642112769874,-0,-0,-0,-0,-0,-0,-0,0.02096542586552854,-0,0.010265813269109149,0.010073375637927505,-0,-0,-0,-0,-0,0.011202006499415215,-0,-0,0.011358040343154753,-0,0.011976979202098424,-0,0.012569919135928956,-0,-0,-0,0.013292898904860724,0.013313704226862691,-0,0.011893760103312842,0.01122801210752824,0.03144870790266945,0.009979757588370606,-0,0.009600086115211843,-0,0.009802923954613985,-0,-0,-0,-0,-0,-0,-0,-0,-0,-0,-0,-0,-0,-0,-0,-0,-0,-0,-0,-0,-0,-0,-0,-0
bremen,2020.4890710382513,-0,-0,0.014754493023809816,-0,-0,-0,-0,-0,-0,-0,-0,-0,-0,-0,-0,-0,-0,-0,-0,-0,-0,-0,-0,-0,-0,-0,-0,0.010375034944150853,-0,-0,-0,-0,0.009886139707352614,-0,-0,-0,-0,-0,-0,-0,-0,-0,-0,-0,-0,-0,-0,-0,-0,-0,-0,-0,-0,-0,-0,-0,-0,-0,-0,-0,-0,-0,0.012590724168666974,-0,-0,-0,-0,-0,-0,-0,-0,-0,-0,-0,-0,-0,-0,-0,-0,-0,-0
bremen,2020.5081967213114,-0,0.014119916865459462,-0,-0,-0,-0,-0,-0,-0,-0,-0,-0,-0,-0,-0,-0,-0,-0,-0,-0,0.01268954818784482,-0,-0,-0,0.01044264847699852,-0,-0,-0,-0,-0,-0,0.01001096358616428,-0,-0,-0,-0,-0,-0,-0,-0,-0,-0,-0,-0,-0,-0,-0,-0,-0,0.011893760103312842,-0,-0,-0,0.009875737730976804,-0,0.009672899607554079,-0,-0,-0,-0,-0,-0,-0,-0,-0,-0,-0,-0,-0,-0,-0,-0,-0,-0,-0,-0,-0,-0,-0,-0,-0
bremen,2020.5273224043715,-0,-0,-0,-0,-0,-0,0.015878023903695297,-0,-0,-0,-0,-0,-0,-0,-0,-0,0.016871536711235546,-0,-0,-0,-0,-0,-0,-0,-0,-0,-0,0.010375034944150853,-0,0.010073375637927505,-0,-0,-0,-0,-0,-0,-0,-0,-0,-0,-0,0.01239307669374335,-0,-0,-0,-0,-0,-0,-0,0.011893760103312842,-0,-0,-0,-0,-0,-0,-0,-0,0.010468653705347542,-0,-0,-0,-0,-0,-0,-0,-0,-0,-0,-0,-0,-0,-0,-0,-0,-0,-0,-0,-0,-0,-0
bremen,2020.5464480874316,-0,0.014119916865459462,-0,-0,-0,-0,-0,-0,-0,0.017787041757538067,0.01736569936487648,-0,-0,-0,-0,-0,-0,-0,-0,-0,-0,0.011670109435255878,-0,-0,-0,-0,-0,-0,0.020528451556473076,-0,0.009579282278983844,-0,-0,0.020866586117123737,-0,-0,-0,-0,-0,0.011659707102012232,-0,0.01239307669374335,-0,-0,-0,-0,-0,-0,-0,0.023795443622868267,-0,-0,-0,-0,-0,-0,0.009802923954613985,-0,-0,-0,-0,-0,-0,-0,-0,-0,-0,-0,-0,-0,-0,0.016122499116499107,-0,-0,-0,-0,-0,-0,-0,0.019025079899295843,-0
bremen,2020.5655737704917,-0,-0,-0,-0,-0,-0,-0,-0,-0,-0,-0,-0,-0,-0,-0,-0,-0,-0,-0,-0,-0,-0,-0,0.01058307686459831,-0,-0,-0,0.020752140327365692,-0,0.010073375637927505,0.009579282278983844,-0,0.009886139707352614,-0,0.010749511000238682,0.022406426690912987,-0,-0,-0,0.011659707102012232,-0,-0,-0,-0,-0,0.013157664514751354,-0,-0,-0,-0,-0,-0,-0,0.019748149423473204,-0,-0,-0,-0,-0,-0,-0,-0,-0,-0,-0,-0,-0,-0,-0,-0,-0,-0,-0,-0,-0,-0,-0,-0,-0,-0,-0
bremen,2020.5846994535518,-0,-0,-0,-0,-0,-0,-0,-0,-0,-0,-0,-0,-0,-0,-0,-0,-0,-0,-0,-0,-0,0.011670109435255878,-0,-0,0.01044264847699852,0.021750948440391216,-0,0.010375034944150853,-0,-0,0.009579282278983844,-0,-0,-0,0.010749511000238682,-0,-0,-0,-0,0.011659707102012232,-0,0.01239307669374335,0.012569919135928956,-0,-0,0.013157664514751354,-0,0.013313704226862691,-0,-0,-0,-0,-0,-0,-0,-0,-0,0.010390638059310358,-0,-0,-0,-0,-0,-0,-0,-0,-0,-0,-0,0.016091289450864764,-0,-0,-0,-0,-0,-0,0.020309965778955996,-0,-0,0.019025079899295843,-0
bremen,2020.603825136612,-0,-0,-0,-0,-0,-0,-0,-0,-0,-0,-0,-0,-0,-0,-0,-0,-0,-0,-0,-0,-0,-0,-0,-0,0.01044264847699852,0.021750948440391216,-0,-0,-0,0.010073375637927505,-0,-0,-0,-0,-0,-0,-0,-0,-0,-0,0.011976979202098424,-0,-0,-0,-0,-0,0.013292898904860724,-0,-0,-0,-0,-0,-0,0.009875737730976804,-0,-0,0.009802923954613985,-0,-0,-0,-0,-0,-0,-0,-0,-0,-0,-0,-0,-0,-0,-0,-0,-0,-0,-0,-0,-0,-0,-0,-0
bremen,2020.622950819672,-0,-0,-0,-0,-0,-0,-0,-0,-0,-0,-0,-0,-0,-0,-0,-0,-0,-0,-0,-0,-0,-0,-0,-0,-0,0.010874336951551836,0.02096542586552854,0.010375034944150853,-0,-0,-0,-0,0.01977415930593168,0.010432246389299219,-0,0.011202006499415215,-0,-0,-0,0.011659707102012232,-0,-0,-0,0.013287697575658008,-0,-0,-0,0.013313704226862691,-0,-0,-0,-0,-0,-0,-0,-0,-0,-0,-0,0.011139593093019493,-0,-0,-0,-0,-0,0.014270758037558942,-0,-0,-0,-0,-0,-0,-0,-0,-0,-0,-0,-0,-0,-0,-0
bremen,2020.6420765027322,-0,-0,-0,-0,-0,0.01518621729564192,-0,-0,-0,-0,0.01736569936487648,-0,-0,0.016460605028178192,-0,-0,-0,-0,-0,-0,0.01268954818784482,0.011670109435255878,-0,-0,0.01044264847699852,0.010874336951551836,0.010484256848604085,0.010375034944150853,-0,0.020148703055823725,0.009579282278983844,0.030043877507337415,0.029664059510800134,0.010432246389299219,-0,0.011202006499415215,0.0234728970577103,-0,-0,0.011659707102012232,-0,-0,0.012569919135928956,-0,0.013100450070966259,-0,0.013292898904860724,0.013313704226862691,-0,0.011893760103312842,0.01122801210752824,0.01047905580032977,-0,0.009875737730976804,-0,-0,0.009802923954613985,0.010390638059310358,0.010468653705347542,-0,0.011555683884026953,-0,-0,-0,0.013594576888617496,-0,-0,-0,-0,-0,-0,-0,-0,-0,-0,-0,-0,-0,-0,-0,-0
bremen,2020.6612021857923,-0,-0,-0,-0,-0,-0,-0,-0,-0,-0,0.01736569936487648,-0,-0,0.032921219019025824,-0,0.016517823169188563,0.016871536711235546,0.016601049668502583,-0,0.01404709714588307,0.025382193759120552,0.023337636190316008,0.010411442220143122,-0,0.02088219238070096,-0,0.02096542586552854,0.020752140327365692,0.010265813269109149,0.010073375637927505,0.019155127633317535,0.01001096358616428,0.01977415930593168,0.010432246389299219,-0,0.011202006499415215,-0,-0,0.011358040343154753,0.011659707102012232,-0,0.01239307669374335,-0,-0,0.013100450070966259,0.013157664514751354,-0,0.026630818071332094,-0,-0,-0,0.01047905580032977,-0,0.009875737730976804,-0,-0,-0,-0,-0,0.0222815730537926,-0,-0,-0,-0,-0,-0,-0,-0,-0,-0,-0,-0,-0,-0,-0,-0,-0,-0,-0,-0,-0
bremen,2020.6803278688524,-0,-0,0.014754493023809816,-0,-0,-0,-0,-0,0.017116016595036396,-0,0.01736569936487648,-0,-0,-0,-0,-0,-0,-0,0.03228642112769874,0.01404709714588307,0.01268954818784482,0.011670109435255878,0.020830171520334454,-0,0.03132903568646998,0.021750948440391216,0.03145391104875477,-0,0.030798318742308393,0.010073375637927505,0.009579282278983844,0.020029056842473216,-0,0.020866586117123737,0.021506446764364646,0.011202006499415215,0.0234728970577103,0.011467264312355086,-0,0.011659707102012232,-0,-0,0.012569919135928956,-0,-0,-0,0.013292898904860724,-0,0.01262193173338156,-0,0.02246365137478491,-0,0.0199562288473898,0.009875737730976804,-0,-0,-0,0.010390638059310358,-0,-0,-0,-0,-0,-0,-0,-0,0.030179155819956553,-0,-0,-0,-0,-0,-0,-0,-0,-0,-0,-0,-0,-0,-0
bremen,2020.6994535519125,-0,0.014119916865459462,-0,-0,-0,-0,-0,-0,-0,0.017787041757538067,-0,-0,-0,-0,0.016855931651297302,0.033035691594636325,-0,0.016601049668502583,-0,-0,0.025382193759120552,0.023337636190316008,-0,0.06354120616204904,0.02088219238070096,0.021750948440391216,0.010484256848604085,0.020752140327365692,-0,-0,-0,-0,0.009886139707352614,-0,0.010749511000238682,-0,-0,-0,-0,-0,-0,-0,-0,0.026578791459724534,-0,-0,-0,-0,-0,-0,0.01122801210752824,0.01047905580032977,0.009979757588370606,-0,-0,-0,0.009802923954613985,-0,0.010468653705347542,-0,-0,0.012039393613587837,-0,0.012840385210793658,-0,0.014270758037558942,0.015087388531530141,-0,-0,-0,-0,-0,-0,-0,-0,-0,-0,-0,-0,-0,-0
bremen,2020.7185792349726,-0,-0,-0,-0,-0,-0,-0,-0,-0,0.017787041757538067,-0,-0,-0,0.06586329367825826,-0,-0,0.016871536711235546,0.016601049668502583,0.03228642112769874,0.02809798995055679,0.03808314203571889,0.04669095570193298,0.03124578561155328,0.03176089758912708,0.02088219238070096,-0,-0,-0,0.020528451556473076,0.010073375637927505,0.009579282278983844,0.01001096358616428,-0,-0,0.010749511000238682,-0,-0,0.011467264312355086,-0,-0,-0,0.03718289074890309,0.012569919135928956,-0,-0,-0,-0,-0,-0,0.023795443622868267,-0,-0,0.009979757588370606,-0,0.009600086115211843,-0,-0,0.010390638059310358,-0,-0,-0,-0,0.012590724168666974,-0,-0,-0,-0,-0,0.032187559858427126,-0,0.016112095892539705,-0,-0,-0,-0,-0,0.020309965778955996,-0,-0,-0,0.002917281830520651
bremen,2020.7377049180327,-0,-0,-0,-0,-0,-0,-0,0.017027587568208664,0.017116016595036396,0.017787041757538067,0.01736569936487648,0.0166634696304082,0.035018188445193214,0.032921219019025824,-0,0.033035691594636325,-0,0.06643081513992388,0.01614330557066179,0.01404709714588307,0.05078198818327173,0.023337636190316008,0.052088479846323074,0.02117351016047691,0.03132903568646998,0.04351620319052145,0.02096542586552854,0.010375034944150853,0.041065010492966195,0.03022598301016301,0.009579282278983844,0.020029056842473216,0.009886139707352614,0.020866586117123737,0.04302179196398028,0.011202006499415215,-0,0.011467264312355086,-0,0.011659707102012232,-0,0.024783905234470178,-0,-0,0.026204201392723697,-0,0.026589196777882945,-0,0.01262193173338156,-0,0.04493180659506327,-0,0.0199562288473898,0.02962763875278517,-0,-0,0.009802923954613985,-0,0.010468653705347542,0.0222815730537926,-0,-0,-0,-0,-0,-0,-0,0.015643952968499925,-0,-0,-0,-0,-0,-0,-0,-0,-0,-0,-0,-0,-0
bremen,2020.7568306010928,-0,-0,-0,-0,-0,-0,0.015878023903695297,-0,0.017116016595036396,0.017787041757538067,-0,0.03333228080372293,0.017506146449762925,0.04939225021295576,0.03372253234035525,0.016517823169188563,0.033743345837903234,0.016601049668502583,0.01614330557066179,0.01404709714588307,0.03808314203571889,0.03501298494245231,0.03124578561155328,0.02117351016047691,0.062676957915329,0.021750948440391216,0.03145391104875477,0.031136520090483278,0.010265813269109149,-0,0.009579282278983844,0.030043877507337415,0.01977415930593168,-0,0.03226040498597997,0.03361846497754828,0.01173252347841739,0.0344041787164938,0.022718562095255523,0.011659707102012232,0.0599020892581348,0.049584833407722656,0.012569919135928956,0.026578791459724534,0.013100450070966259,0.013157664514751354,0.06650370825358362,0.026630818071332094,0.01262193173338156,0.04759657637541308,0.02246365137478491,-0,-0,0.03950380149259468,0.01920194489718205,0.009672899607554079,-0,0.010390638059310358,0.052369562024719166,0.0222815730537926,-0,-0,-0,0.012840385210793658,0.013594576888617496,-0,-0,-0,0.016091289450864764,0.032187559858427126,-0,-0,-0,-0,0.018910638162396836,0.025054434845209295,-0,-0,0.020913404921895137,-0,0.008752336529780325
bremen,2020.775956284153,-0,-0,-0,-0,-0,-0,-0,0.017027587568208664,0.051359755348411716,0.017787041757538067,0.01736569936487648,-0,0.017506146449762925,0.04939225021295576,0.06746694828066166,0.016517823169188563,0.05062583599734672,0.08305308985443255,0.08075627501202044,0.112493593152783,0.025382193759120552,0.08173540362764328,0.0729395316215187,0.12716536399843822,0.0731269947259914,0.03263503868248069,0.05243723018347114,0.10385403927603933,0.0718876678478599,0.020148703055823725,0.06707644341644935,0.07012766614937,0.03956104499479871,0.04174154894992997,0.05378020108824925,0.04482771679679127,0.01173252347841739,0.0344041787164938,0.045447054164869355,0.09333531414516179,0.047914067816677265,0.03718289074890309,0.02514287752322325,0.026578791459724534,0.06553007295377236,0.05265585099048706,0.026589196777882945,0.06660784145035864,0.03788019385310015,0.03569464823491817,0.08990768013701472,0.03144870790266945,0.03992532330342692,0.019748149423473204,0.01920194489718205,0.03870239907838413,0.02940911474041309,0.041585423909386174,0.052369562024719166,0.044567493212691336,0.057798910352190994,-0,0.03777611816926561,0.012840385210793658,0.027187506073877092,0.014270758037558942,-0,-0,-0,-0,0.04835127231828574,0.016122499116499107,0.017422918501815595,0.03755755991123014,-0,-0,0.020309965778955996,-0,-0,-0,0.014593247528391407
bremen,2020.795081967213,0.030480931785520048,-0,0.014754493023809816,0.014790903366165726,0.015108194571524151,0.01518621729564192,0.015878023903695297,-0,0.017116016595036396,-0,0.0347372000424662,-0,0.035018188445193214,0.032921219019025824,0.05058940055477179,0.04956401356849725,0.10130100801682676,0.09968067972988552,0.08075627501202044,0.07027866987604939,0.13976606406445394,0.10510975982116294,0.06251035749502422,0.052947346829617555,0.10450013236676062,0.07617336489718853,0.041944512203426126,-0,0.06160968321575524,0.09072549933958221,0.04790365823049482,0.040060627325157014,0.029664059510800134,0.020866586117123737,0.04302179196398028,0.08969411163524556,0.046951189912724935,0.06883113495602729,-0,0.06998707686699421,0.0718876678478599,0.049584833407722656,0.02514287752322325,0.0398732833888109,-0,0.09218927155340594,0.06650370825358362,0.026630818071332094,0.025246927925235238,0.03569464823491817,0.05617473138884007,0.05242681969177731,0.05989688326473763,0.02962763875278517,0.048018163793170615,0.06775332037824695,0.019602494322149867,0.051984375721374265,0.06285397144675144,0.044567493212691336,0.0693622402107033,0.024081575314979845,0.06297892253760838,0.012840385210793658,0.040789193493936525,0.014270758037558942,0.015087388531530141,-0,-0,0.016091289450864764,-0,0.016122499116499107,-0,0.01877538916167991,0.018910638162396836,0.025054434845209295,-0,-0,0.06276546460571861,0.019025079899295843,0.011670109435255878
bremen,2020.8142076502731,-0,0.04237646227736401,0.029513173679393382,0.04438533747864398,0.015108194571524151,0.01518621729564192,-0,0.017027587568208664,-0,-0,0.0347372000424662,0.03333228080372293,0.017506146449762925,0.016460605028178192,0.03372253234035525,0.033035691594636325,0.08440206014536185,0.13295181856790744,0.11309810300473704,0.19702117273367659,0.12704547129839439,0.10510975982116294,0.13553768570968971,0.052947346829617555,0.1254295531816067,0.11975338722419737,0.10492218138166144,0.10385403927603933,0.06160968321575524,0.13109591254681197,0.11504196248705446,0.1002121001634103,0.07914700260623443,0.07306971426125403,0.11838786399939477,0.07847518517230744,0.09395002012416669,0.04587382874492137,0.045447054164869355,0.05831428543348003,0.0599020892581348,0.049584833407722656,0.0628852091913191,0.10639156393446646,0.06553007295377236,0.05265585099048706,0.07981362073210324,0.07993861258209745,0.07578279464508757,0.04759657637541308,0.16870135958005347,0.07340819064984942,0.08987121715998578,0.06915396299372702,0.0672378517380958,0.09681527098361672,0.06864889420688888,0.051984375721374265,0.06285397144675144,0.0222815730537926,0.057798910352190994,0.03612134278216725,0.06297892253760838,0.06423886281466018,0.040789193493936525,0.02854543358361907,0.015087388531530141,0.03129781689276104,-0,0.032187559858427126,0.032229185633108004,0.016122499116499107,-0,-0,-0,-0,0.12196852978874947,0.038421390766925634,0.020913404921895137,-0,0.04086205067225217
bremen,2020.8333333333333,-0,0.04237646227736401,0.014754493023809816,0.05919407894031788,0.03022598301016301,0.030371667871593303,0.015878023903695297,0.08520416717878863,0.051359755348411716,0.08899611338163041,0.06949762084908728,0.05000643694554887,0.10512018086542002,0.11531817361799214,0.11812206021280382,0.016517823169188563,0.118200237656055,0.23288792990311397,0.19403034801815464,0.19702117273367659,0.19068479506455607,0.15189523185368778,0.2400391754730465,0.13777435596295037,0.15682905620613843,0.20701793470906787,0.14695144615127695,0.20791591026816822,0.23657573942997662,0.14119471843116005,0.11504196248705446,0.12027980079172043,0.1584146551801148,0.18810140301305775,0.06454083650710833,0.19078395812531224,0.1527505336113438,0.08030838189742152,0.10230657475455913,0.06998707686699421,0.09587232554443466,0.11162853093332731,0.1762716289188089,0.1330248049898284,0.17055860826777772,0.10537028655411389,0.1064488811165782,0.17335504040952154,0.1516761934223712,0.10715753513290285,0.15743929745655552,0.10490133937460139,0.10986197266877626,0.08893360653242056,0.09608070980501165,0.07743883266440071,0.1570429006155718,0.12485096245199134,0.08381871734672515,0.16732933363006156,0.10408329719580946,0.08432914193765323,0.07557969927333621,0.025683941887274634,0.0543944396506662,0.042829233074009355,0.045275304407666354,0.03129781689276104,0.09662251279070189,0.06439505588491315,0.04835127231828574,-0,0.017422918501815595,0.05634651714936864,0.018910638162396836,0.05012094713870531,0.08128229394460079,0.07686598335801416,-0,0.03805191918683718,0.0642284499599908
bremen,2020.8524590163934,0.030480931785520048,-0,0.04427604434449943,0.02958601506058414,0.04534296333520837,0.04556675887656652,0.047643419253039575,-0,0.15422648375309192,0.017787041757538067,0.05211450591012252,0.08337600619766992,0.07005476795550653,0.13181011573131352,0.11812206021280382,0.1653939517297413,0.23666976632146935,0.19955280801146058,0.19403034801815464,0.21112682182619838,0.20342096715167063,0.17530115375921326,0.1877621792463559,0.18024241755506454,0.11496378979184546,0.1415544952431909,0.16798143270438964,0.1870889570940267,0.18505368731363867,0.16139821590578182,0.143843568333916,0.18051897523281887,0.10886147071418921,0.11486998271271558,0.1291670916516484,0.12337063349569642,0.10570376267695787,0.11476575282327417,0.09092865387472242,0.11669403959782072,0.1558850218846664,0.07439238835825664,0.15105558954409773,0.17300026083840347,0.06553007295377236,0.09218927155340594,0.05319720170657942,0.10661041169698941,0.07578279464508757,0.13099686324467094,0.12366252601068584,0.12590911073764105,0.13986513007154286,0.10871556578748437,0.11531817361799214,0.11619893211664797,0.08827728915207608,0.051984375721374265,0.10479712946457659,0.05571663880187674,0.10408329719580946,0.060219655841121315,0.13865028101843457,0.05138578104749191,0.09522633964350823,0.05711175152268317,0.09059006342376226,0.15667258524419123,0.06439505588491315,0.06439505588491315,0.08060524085621544,0.06451480422316777,0.06972672734776239,0.05634651714936864,0.03783335976959742,0.05012094713870531,0.04062266318396982,0.09610154827699922,0.020913404921895137,0.019025079899295843,0.03502339194844904
bremen,2020.8715846994535,0.015238232510093647,0.028243668850247376,0.029513173679393382,0.07400183148273128,0.06046433961313049,0.06076629138694496,0.047643419253039575,0.06815424396440914,0.10276507796002816,0.0711847014447866,0.20876691304534598,0.03333228080372293,0.08758451868171797,0.14831250482073677,0.15192130791887162,0.13227409239934443,0.118200237656055,0.14959015935996126,0.11309810300473704,0.22523107571814122,0.13976606406445394,0.12849462767314837,0.09379894764228318,0.08474061030630313,0.0731269947259914,0.10885625981689723,0.09442407800300959,0.14545484421675287,0.0821624761387296,0.09072549933958221,0.11504196248705446,0.1002121001634103,0.09895128797747296,0.11486998271271558,0.1615077554839514,0.05603938543176177,0.10570376267695787,0.11476575282327417,0.14783795541577383,0.06998707686699421,0.047914067816677265,0.13646570970840244,0.10065495467333087,0.21300647181388896,0.06553007295377236,0.19774150177228128,0.09313215020744453,0.13330111165794736,0.13902046806667415,0.14292062696869515,0.07866266823423415,0.08390726002882991,0.029939817506343593,0.08893360653242056,0.16344820911737978,0.09681527098361672,0.04902270067452132,0.08319892279338445,0.03141748903711387,0.033420737562001555,0.09250703537764893,0.10844460058115789,0.025179295140243644,0.08995456114505102,0.040789193493936525,0.07139819394017767,0.015087388531530141,0.06261448269516212,0.032187559858427126,0.06439505588491315,0.09674233536712933,0.04837729651168076,0.0348516766158437,-0,0.07568905822109914,0.025054434845209295,0.04062266318396982,0.07686598335801416,0.04183522419926048,-0,0.04670656971785193
bremen,2020.8907103825136,0.015238232510093647,0.028243668850247376,0.029513173679393382,-0,0.03022598301016301,0.01518621729564192,0.047643419253039575,0.03406595611528656,0.051359755348411716,0.05337938831120597,0.06949762084908728,0.08337600619766992,0.1402092555626382,0.13181011573131352,0.06746694828066166,0.0991753143556754,0.16894133742022835,0.14959015935996126,0.06459810757764207,0.05621637636958498,0.10161361735494698,0.1168034850456546,0.13553768570968971,0.052947346829617555,0.09404378947160509,0.15245847777091143,0.03145391104875477,0.07267396004705075,0.0821624761387296,0.1209990675485851,0.10544844482852686,0.11024237690038068,0.10886147071418921,0.13578272414508583,0.06454083650710833,0.05603938543176177,0.05869951862820879,0.08030838189742152,0.1364552823804611,0.08166248915922299,0.1078714096049426,0.03718289074890309,0.07547034055556089,0.0664724683352208,0.15741843438959557,0.14493860476046028,0.1064488811165782,0.11995144318863887,0.13902046806667415,0.08332392278086807,0.08990768013701472,0.05242681969177731,0.03992532330342692,0.04938704527164747,0.07685036028351093,0.11619893211664797,0.09809687065089488,0.08319892279338445,0.052369562024719166,0.11149304056391267,0.046232946654047744,0.07227300161219152,0.025179295140243644,0.05138578104749191,0.0543944396506662,0.042829233074009355,0.015087388531530141,0.015643952968499925,0.032187559858427126,0.016091289450864764,0.04835127231828574,0.04837729651168076,0.08717302780911212,0.05634651714936864,-0,-0,0.06094850451252984,0.038421390766925634,0.04183522419926048,0.019025079899295843,0.07007559600046967
bremen,2020.9098360655737,0.06097974111244908,0.014119916865459462,0.014754493023809816,0.02958601506058414,0.015108194571524151,0.01518621729564192,-0,0.017027587568208664,0.051359755348411716,-0,0.0347372000424662,0.08337600619766992,0.052536129958509176,0.032921219019025824,0.03372253234035525,0.04956401356849725,0.10130100801682676,0.08305308985443255,0.09692467460015795,0.07027866987604939,0.10161361735494698,0.10510975982116294,0.08336558951013619,0.06354120616204904,0.0731269947259914,0.0979614155347309,0.010484256848604085,0.07267396004705075,0.10272860596613767,0.07054943627714597,0.09585148716430554,0.1002121001634103,0.05935025685820077,0.05218217373696782,0.04302179196398028,0.06725347192484747,0.0234728970577103,0.0917933718005911,0.03408156634076233,0.04664931834906252,0.13187267414172216,0.049584833407722656,0.10065495467333087,0.11970647934310281,0.07864704461992475,0.0790063889367317,0.013292898904860724,0.06660784145035864,0.08842313674294484,0.059501229291366864,0.06741488079599328,0.0419341038121808,0.10986197266877626,0.07904284429601571,0.09608070980501165,0.04838770619268439,0.06864889420688888,0.06238540753007263,0.04189247026803308,0.033420737562001555,0.08093335009816625,0.03612134278216725,0.03777611816926561,0.06423886281466018,0.027187506073877092,0.042829233074009355,0.045275304407666354,0.03129781689276104,0.048288814307289096,0.016091289450864764,0.032229185633108004,0.04837729651168076,0.06972672734776239,0.01877538916167991,0.018910638162396836,0.025054434845209295,0.020309965778955996,0.09610154827699922,0.020913404921895137,-0,0.05546677181900365
bremen,2020.9289617486338,0.04572810044572248,-0,-0,-0,0.015108194571524151,-0,0.015878023903695297,0.06815424396440914,0.017116016595036396,0.05337938831120597,0.06949762084908728,0.1000662195036104,0.10512018086542002,0.04939225021295576,0.05058940055477179,0.06609238416499662,0.10130100801682676,0.04981385218936015,0.04843975462895492,0.02809798995055679,0.10161361735494698,0.08173540362764328,0.08336558951013619,0.07414243161999791,0.05222381552033445,0.0979614155347309,0.06292685954659982,0.031136520090483278,0.06160968321575524,0.07054943627714597,0.11504196248705446,0.09018375779277073,0.04945470954932712,0.0835166316836008,0.04302179196398028,0.07847518517230744,0.08219372548457253,0.12625314388270806,0.07955322200958286,0.023316826857329564,0.0718876678478599,0.06198452841940445,0.03772408040545892,0.10639156393446646,0.026204201392723697,0.0394881896392975,0.05319720170657942,0.039951343280261994,0.06314552445914219,0.059501229291366864,0.05617473138884007,0.07340819064984942,0.05989688326473763,0.06915396299372702,0.0672378517380958,0.05806961177822572,0.09809687065089488,0.031183348142826493,0.08381871734672515,0.05571663880187674,0.046232946654047744,0.096388078113646955,0.03777611816926561,0.03853067159649152,0.013594576888617496,0.05711175152268317,0.030179155819956553,0.07827728711804777,0.032187559858427126,-0,0.06447835904755217,0.03224999853293815,-0,0.0751422657821507,0.03783335976959742,0.05012094713870531,0.020309965778955996,0.019207146817994344,0.06276546460571861,0.03805191918683718,0.05546677181900365
bremen,2020.948087431694,0.030480931785520048,0.04237646227736401,-0,0.02958601506058414,0.03022598301016301,0.030371667871593303,0.015878023903695297,0.017027587568208664,0.017116016595036396,0.017787041757538067,-0,0.05000643694554887,0.017506146449762925,0.032921219019025824,0.03372253234035525,0.08263121829819577,0.1351101746083342,0.11631358816654194,0.08075627501202044,0.05621637636958498,0.06348393625553311,0.10510975982116294,0.08336558951013619,0.09534615900280086,0.15682905620613843,0.06528536534407277,0.0734238126902084,0.09346033850136687,0.0718876678478599,0.13109591254681197,0.10544844482852686,0.09018375779277073,0.04945470954932712,0.07306971426125403,0.15072703754826033,0.1009154590880313,0.1527505336113438,0.0917933718005911,0.06818027807038754,0.06998707686699421,0.11987326311256126,0.07439238835825664,0.03772408040545892,0.10639156393446646,0.06553007295377236,0.09218927155340594,0.09313215020744453,0.06660784145035864,0.06314552445914219,0.059501229291366864,0.033696515480125346,0.06291644695465208,0.05989688326473763,0.07904284429601571,0.048018163793170615,0.06775332037824695,0.05883487150928615,0.051984375721374265,0.11528690435971108,0.044567493212691336,0.057798910352190994,0.060219655841121315,0.06297892253760838,0.10281718085282236,0.040789193493936525,0.02854543358361907,0.045275304407666354,0.015643952968499925,0.032187559858427126,0.016091289450864764,0.04835127231828574,0.04837729651168076,0.017422918501815595,0.13157552236257783,0.03783335976959742,0.1505080040376367,-0,0.057637531326366814,0.06276546460571861,0.057090928669601304,0.07591819200027645
bremen,2020.967213114754,0.015238232510093647,0.014119916865459462,0.014754493023809816,0.014790903366165726,0.03022598301016301,0.01518621729564192,0.06353079344708251,0.017027587568208664,0.051359755348411716,0.03558016980574878,0.01736569936487648,0.05000643694554887,0.07005476795550653,0.016460605028178192,0.06746694828066166,0.016517823169188563,0.06750860230593364,0.06643081513992388,0.01614330557066179,0.02809798995055679,0.13976606406445394,0.1635942676975023,0.1042291891255594,0.09534615900280086,0.1254295531816067,0.0979614155347309,0.09442407800300959,0.11424981794711925,0.06160968321575524,0.1512954859634045,0.028737939587046946,0.08015214102086331,0.06924768763812855,0.05218217373696782,0.07530890667822923,0.168304876879218,0.05869951862820879,0.10327568856053589,0.07955322200958286,0.05831428543348003,0.047914067816677265,0.0992117838574323,0.0628852091913191,0.09308526633453586,0.07864704461992475,0.05265585099048706,0.07981362073210324,0.039951343280261994,0.050511324692360714,0.08332392278086807,0.04493180659506327,0.0944032402032402,0.08987121715998578,0.04938704527164747,0.028805577000687144,0.04838770619268439,0.08827728915207608,0.07279372745194153,0.10479712946457659,0.08917321652908738,0.023108733985480374,0.03612134278216725,0.07557969927333621,-0,0.0816104074586578,0.014270758037558942,0.10570897325834329,0.046951189912724935,0.032187559858427126,0.048288814307289096,0.032229185633108004,0.016122499116499107,0.017422918501815595,0.05634651714936864,0.018910638162396836,0.1253930652877454,0.08128229394460079,0.09610154827699922,0.06276546460571861,0.03805191918683718,0.0876053537492207
bremen,2020.9863387978141,0.030480931785520048,-0,-0,0.014790903366165726,-0,0.04556675887656652,-0,0.051104704186781126,0.051359755348411716,0.03558016980574878,0.01736569936487648,0.03333228080372293,0.07005476795550653,-0,0.016855931651297302,0.033035691594636325,0.05062583599734672,0.08305308985443255,0.08075627501202044,0.04215788468306782,0.06348393625553311,0.08173540362764328,0.0729395316215187,0.052947346829617555,0.03132903568646998,0.010874336951551836,0.041944512203426126,0.041517769870723725,0.051338934798528385,0.05038119851551241,0.09585148716430554,0.020029056842473216,0.06924768763812855,0.020866586117123737,0.010749511000238682,0.06725347192484747,0.0234728970577103,0.08030838189742152,0.05680982096911514,0.04664931834906252,0.023951515259748424,0.024783905234470178,0.0628852091913191,0.0398732833888109,0.07864704461992475,0.05265585099048706,0.026589196777882945,0.026630818071332094,0.11371825403477423,0.011893760103312842,0.11241021303505606,0.05242681969177731,0.04990754198165981,0.03950380149259468,0.01920194489718205,0.029024098476770753,0.019602494322149867,0.07279372745194153,0.02094461748183015,0.044567493212691336,0.0693622402107033,0.08432914193765323,0.06297892253760838,0.08995456114505102,0.027187506073877092,0.02854543358361907,0.045275304407666354,0.03129781689276104,0.016091289450864764,0.06439505588491315,-0,0.08065732155004396,0.05228627825790987,0.03755755991123014,-0,0.025054434845209295,0.08128229394460079,-0,0.04183522419926048,0.057090928669601304,0.03210430840902899
bremen,2021.0054794520547,0.015238232510093647,0.028243668850247376,-0,-0,-0,-0,0.015878023903695297,0.017027587568208664,0.08562605960974091,0.03558016980574878,-0,0.0166634696304082,0.017506146449762925,0.08234476425421307,0.05058940055477179,-0,0.016871536711235546,-0,0.03228642112769874,0.04215788468306782,0.03808314203571889,0.04669095570193298,0.0729395316215187,0.06354120616204904,0.05222381552033445,0.04351620319052145,0.06292685954659982,0.07267396004705075,0.020528451556473076,0.05038119851551241,0.019155127633317535,0.05007930703929415,0.07914700260623443,0.04174154894992997,0.03226040498597997,0.1009154590880313,0.0234728970577103,0.04587382874492137,0.10230657475455913,0.04664931834906252,0.0599020892581348,0.049584833407722656,0.0628852091913191,-0,0.026204201392723697,0.05265585099048706,0.03989409934840773,0.09327280207978038,0.03788019385310015,0.059501229291366864,0.06741488079599328,0.0419341038121808,0.029939817506343593,0.03950380149259468,0.028805577000687144,0.029024098476770753,0.02940911474041309,0.07279372745194153,0.06285397144675144,0.08917321652908738,0.03466955491301903,0.024081575314979845,0.03777611816926561,0.03853067159649152,0.027187506073877092,0.014270758037558942,0.030179155819956553,0.046951189912724935,0.032187559858427126,0.016091289450864764,0.06447835904755217,0.04837729651168076,0.017422918501815595,0.05634651714936864,0.05675776415430596,0.025054434845209295,0.04062266318396982,0.019207146817994344,0.020913404921895137,0.07613691154953875,0.04378683027370379
bremen,2021.0246575342467,0.015056179487153957,-0,-0,0.014796104845729624,-0,0.015061380993247308,0.015113396082826297,-0,0.016996377359348447,-0,0.01774022576753822,0.06910189381982798,-0,0.017277269913448006,0.032593412582920846,0.016564638058662623,0.016200523362532936,0.016262942843654794,0.09585148716430554,0.09189755565383419,0.026864938467750194,0.061500353873676805,0.045254486293824905,0.0812979183507019,0.04168950721766337,0.031235379361559235,0.08603753824087862,0.11404657228018565,0.07296556812339615,0.11528690435971108,0.01017739589067374,0.13556896714778657,0.05128688346029775,0.060370630798452174,0.12927135041146162,0.03269227462379457,0.02272896664100186,0.08378225863909303,0.058121669906333065,0.02315555480904589,0.05933984498241495,0.03626704416118528,0.15116510733735458,0.10181160424112141,0.09480436931557608,0.02649034633944675,0.053582396993984635,0.10884583802388555,0.09495023521452177,0.03839016771494546,0.024149206672257714,0.04539500872399343,0.08563126817966449,0.05070911710481969,0.0402687880460501,0.039217584926829904,0.029638044681042794,0.039883691367567725,0.06364533342638877,0.05382704953657054,0.022786191679816357,0.035684241094578885,0.06164612638086032,-0,0.0394881896392975,0.04224635645579311,-0,0.04647756462089169,0.016132902342539803,0.06685776197343135,0.016668671297279614,0.016736293013998777,0.016642662968114338,0.03625143327962272,0.07804814294350221,-0,0.052078069424449425,0.04309985658196719,0.04112225571382718,0.044557084296413356,0.03974838780622368
bremen,2021.0438356164384,0.015056179487153957,-0,-0,0.029596420980512284,0.014827313734021907,-0,0.015113396082826297,0.03154236461180955,-0,0.034008718661960216,0.03548130227428143,-0,0.016512621517401002,0.05185424585827647,0.032593412582920846,0.04970454764503421,0.0810583446396743,0.016262942843654794,0.031932602715587184,0.07657435340797546,0.026864938467750194,0.08612087608166392,0.045254486293824905,0.06095891671041996,0.031266598117788875,0.031235379361559235,0.053759379569208725,0.031079285861553903,0.041684303047304194,0.06285397144675144,0.07126801548504154,0.029018895573813784,0.010255411216783925,0.02011749097362581,0.07537139715193886,0.02179256586143909,0.07958967775223431,0.07180435281479132,0.02323879193279972,0.02315555480904589,0.0355957804857931,0.06045913356343741,0.025163687586970677,-0,0.06770125260683996,0.07951155833498777,0.0669827226854009,0.027187506073877092,-0,0.02559029572908632,0.09665377082749971,0.011347638072338734,0.05350431663758648,0.08115729886478183,0.0402687880460501,0.02940911474041309,0.039519413350584745,0.05983961737173909,0.021204722876538334,0.03228642112769874,0.022786191679816357,0.02379024124304235,0.03697994607979251,0.03882208826478198,0.0394881896392975,0.056336105875005114,0.014697276823043805,0.015487906263722354,0.032265608213284745,0.033420737562001555,0.0333426874733578,0.033472771019516234,0.016642662968114338,-0,-0,0.05948561143312352,0.026032515180490018,0.06466579165141338,0.020559663885343877,0.022276370825420815,0.045431440527134145
bremen,2021.0630136986301,-0,-0,0.028363333966020723,0.05920969671099581,0.029664059510800134,-0,0.045353372408798116,0.015768790669483494,0.03399831185903285,0.034008718661960216,0.01774022576753822,-0,0.016512621517401002,-0,-0,0.0662850292191406,0.03241129878911425,0.03253097349605066,0.06387962053352846,0.09189755565383419,0.013433334989914014,0.061500353873676805,0.09055359996823562,0.04063307131271867,0.031266598117788875,0.020819767354506157,0.053759379569208725,0.051807399187282034,0.041684303047304194,0.052369562024719166,0.030532962301419123,0.009672899607554079,0.041023377644647675,0.05030312296570727,0.04305301779711293,0.03269227462379457,0.045462667807286986,0.023925503287740443,0.02323879193279972,0.03474240351761011,0.011862552975603975,0.04836168199407969,0.025163687586970677,0.012715554539894168,0.027067843663946586,0.02649034633944675,0.013391724258505185,0.027187506073877092,0.054238276616453876,0.08962118600626241,0.06038624892250179,0.02269255073999475,0.08563126817966449,-0,0.060417485184679445,0.02940911474041309,0.0790740917671748,0.019940622861716432,0.06364533342638877,0.03228642112769874,0.06838855138746201,0.035684241094578885,0.02464864095688728,0.03882208826478198,0.05265585099048706,0.014078305584640034,0.014697276823043805,0.030980426887232786,0.08070940229603404,0.016705082979971943,0.0333426874733578,0.016736293013998777,0.03329065414601013,0.03625143327962272,-0,-0,0.052078069424449425,0.04309985658196719,0.020559663885343877,0.044557084296413356,0.04826799498695923
bremen,2021.0821917808219,-0,0.015004164454808108,-0,-0,-0,0.015061380993247308,0.015113396082826297,0.015768790669483494,-0,0.034008718661960216,0.01774022576753822,-0,0.016512621517401002,0.017277269913448006,-0,0.016564638058662623,0.03241129878911425,0.04880409514160422,0.04790365823049482,0.030616211235144776,0.026864938467750194,0.03689148326677245,0.06789911041556487,0.030470525688587557,0.020840575688244416,0.05206765900465996,0.010749511000238682,0.041444911773675035,0.05210930069632286,0.08381871734672515,0.061078657135998894,0.07742320941779338,0.03076710026721393,0.04023756388479322,0.010759913151403842,0.03269227462379457,0.034097176570930005,0.03589238429710271,0.02323879193279972,0.05791343770660666,0.023727812725693825,0.06045913356343741,0.012580321651257461,0.03815599542268296,0.04060705099475553,0.02649034633944675,0.0669827226854009,0.06799803960224328,0.0135529660281875,0.03839016771494546,0.03622541515409771,0.04539500872399343,0.08563126817966449,0.04056021445523075,0.07049736570589926,0.05883487150928615,0.039519413350584745,0.009969355593267648,0.053035836961240784,0.021522053219978347,0.03418563463037699,0.02379024124304235,0.02464864095688728,0.025876437297627643,-0,0.04224635645579311,0.014697276823043805,0.04647756462089169,0.06455645588372355,0.0501365621845861,0.0333426874733578,0.016736293013998777,0.04994397694647196,0.05438402876712825,0.058527725094200844,-0,0.07813667580033348,0.04309985658196719,0.020559663885343877,0.11146698476411673,0.053951978938442884
bremen,2021.1013698630136,0.015056179487153957,-0,0.028363333966020723,-0,0.029664059510800134,0.015061380993247308,0.045353372408798116,0.047320724729743635,-0,0.06803969405293667,0.01774022576753822,0.03453946837294732,0.016512621517401002,0.017277269913448006,0.032593412582920846,0.016564638058662623,0.016200523362532936,0.0813656241647382,-0,0.04593107925991204,0.067190991206005,0.012294253237996145,0.05657556571287094,0.05079760342765161,0.06255200755006156,0.14591894264814123,0.09680485160356955,0.07254377839808594,0.031261394990446154,0.06285397144675144,0.05089650008429897,0.05805920015885821,0.09235075784437298,0.060370630798452174,0.15085219996856822,0.07631917854334139,0.07958967775223431,0.05983441138459054,0.058121669906333065,0.03474240351761011,0.07121594419424157,0.024175218756174933,0.050339558207693244,0.05088088481022107,0.013532160610456123,0.06624858280280316,0.04018031963785379,0.040789193493936525,0.054238276616453876,0.0127935736740862,0.024149206672257714,0.05675255847568841,0.03209390198722579,0.07100245244709096,0.0402687880460501,0.04902270067452132,0.04940786504001814,0.02990859954665048,0.06364533342638877,0.06459810757764207,0.022786191679816357,0.035684241094578885,0.012325460624785496,0.012939209704444394,0.013157664514751354,0.04224635645579311,0.029393505917522614,0.015487906263722354,0.06455645588372355,-0,0.0333426874733578,0.033472771019516234,0.016642662968114338,0.03625143327962272,0.07804814294350221,0.019820977127133783,-0,0.04309985658196719,0.06169818808960519,0.044557084296413356,0.03123017623734026
bremen,2021.1205479452055,0.015056179487153957,-0,-0,0.014796104845729624,-0,-0,0.015113396082826297,-0,0.03399831185903285,0.017001579059527188,-0,0.03453946837294732,0.016512621517401002,0.017277269913448006,0.01629415261230751,-0,0.03241129878911425,0.03253097349605066,0.04790365823049482,0.030616211235144776,0.04030521625787691,0.049194462809390736,0.045254486293824905,0.05079760342765161,0.04168950721766337,0.031235379361559235,0.010749511000238682,0.020715725810714698,0.01041664326165472,0.03141748903711387,0.040711132344735924,0.09679964191432597,0.03076710026721393,0.04023756388479322,0.04305301779711293,0.043594268550743664,0.034097176570930005,0.03589238429710271,0.03486208358955708,0.05791343770660666,0.023727812725693825,0.03626704416118528,0.012580321651257461,0.03815599542268296,0.027067843663946586,0.013240885636274406,0.04018031963785379,0.040789193493936525,0.027109465340516947,-0,0.04830442880300376,0.02269255073999475,0.01069750027562577,0.06085479482533826,0.0402687880460501,0.02940911474041309,0.029638044681042794,0.05983961737173909,0.021204722876538334,0.021522053219978347,0.022786191679816357,0.011893760103312842,0.012325460624785496,0.03882208826478198,0.026323861815248883,0.014078305584640034,0.014697276823043805,0.04647756462089169,-0,0.033420737562001555,0.050022051957037725,-0,-0,-0,-0,0.019820977127133783,0.026032515180490018,0.04309985658196719,0.04112225571382718,0.022276370825420815,0.03690709434049092
bremen,2021.1397260273973,-0,0.015004164454808108,-0,0.0740226611087089,0.029664059510800134,-0,-0,0.03154236461180955,-0,-0,0.05323363897643907,0.017266866458460307,-0,0.08644902012808753,0.09783638035606547,0.04970454764503421,0.016200523362532936,0.03253097349605066,0.11184740073735673,0.07657435340797546,0.05374896881281492,0.049194462809390736,0.045254486293824905,0.030470525688587557,0.031266598117788875,0.020819767354506157,0.043000974752309074,0.062177158255690715,0.031261394990446154,0.08381871734672515,0.030532962301419123,0.029018895573813784,0.03076710026721393,0.0805114957387767,0.07537139715193886,-0,0.034097176570930005,0.023925503287740443,0.046493178572735924,0.03474240351761011,0.0474664574922946,0.06045913356343741,0.050339558207693244,0.025434219173531215,0.06770125260683996,0.05299419452759971,-0,0.027187506073877092,0.027109465340516947,0.06399936768481014,0.024149206672257714,0.011347638072338734,0.02139720170624013,0.05070911710481969,0.060417485184679445,0.05883487150928615,0.029638044681042794,0.039883691367567725,0.0318129293857595,0.021522053219978347,0.05698681452927201,0.047586166852781484,0.012325460624785496,0.051765757737381596,-0,0.014078305584640034,-0,-0,-0,-0,0.0333426874733578,0.033472771019516234,0.016642662968114338,0.0725229493645012,0.03900942841394738,-0,-0,0.06466579165141338,0.08227705716529682,0.13379116860501125,0.04826799498695923
bremen,2021.158904109589,0.015056179487153957,-0,0.01417713243095282,0.014796104845729624,-0,0.030127125658070207,0.030231186033897517,0.015768790669483494,0.016996377359348447,-0,0.03548130227428143,0.03453946837294732,-0,-0,0.01629415261230751,0.03312935116212396,0.06483760546511605,0.0813656241647382,0.04790365823049482,0.07657435340797546,0.0940958836265823,0.024591413868446203,0.045254486293824905,0.0812979183507019,0.07298119003077552,0.06248953248001559,0.06451480422316777,0.010359431833667443,0.08340204792563059,0.09430947020761819,0.05089650008429897,0.038697195206966725,0.041023377644647675,0.02011749097362581,0.05382704953657054,0.07631917854334139,0.05683584939605949,0.05983441138459054,0.03486208358955708,0.046326629994750346,0.023727812725693825,0.03626704416118528,0.012580321651257461,0.025434219173531215,0.027067843663946586,0.06624858280280316,0.026781695539369616,0.10884583802388555,0.04067470384854662,0.10243683093590472,0.10874683109445271,0.02269255073999475,0.06421283068189924,0.04056021445523075,0.05034476324435,0.019602494322149867,0.039519413350584745,0.02990859954665048,0.053035836961240784,0.03228642112769874,0.022786191679816357,0.047586166852781484,0.08632922126796908,0.07766797415396379,-0,0.04224635645579311,0.044099094042913775,0.04647756462089169,0.06455645588372355,0.10032151092683471,0.10009747961053914,0.016736293013998777,0.03329065414601013,0.05438402876712825,0.07804814294350221,0.05948561143312352,0.026032515180490018,0.06466579165141338,-0,0.0668525552836129,0.06531660454927042
bremen,2021.1780821917807,-0,-0,-0,0.014796104845729624,0.014827313734021907,0.04519723652373852,0.060485163817097586,0.03154236461180955,0.051005807134158546,0.017001579059527188,0.01774022576753822,0.06910189381982798,0.03302528498643982,0.017277269913448006,0.01629415261230751,0.03312935116212396,0.04862192456618339,0.03253097349605066,0.015961249379015705,0.07657435340797546,0.04030521625787691,0.012294253237996145,0.022624921277220225,0.020309965778955996,0.020840575688244416,0.04164787386935595,0.06451480422316777,0.07254377839808594,0.041684303047304194,0.052369562024719166,0.07126801548504154,0.019347598876551086,0.02050764334763409,0.030179155819956553,0.03228642112769874,0.054503754053654936,0.02272896664100186,0.03589238429710271,0.06975276224102595,0.02315555480904589,0.0355957804857931,0.07255940017875696,0.08812623314991486,0.05088088481022107,0.013532160610456123,0.06624858280280316,0.0669827226854009,0.06799803960224328,0.027109465340516947,0.0127935736740862,0.03622541515409771,-0,0.01069750027562577,0.05070911710481969,0.02013309701238007,-0,0.059292991567180445,0.02990859954665048,0.021204722876538334,0.010759913151403842,0.03418563463037699,0.035684241094578885,0.03697994607979251,0.012939209704444394,0.05265585099048706,0.028160423714738265,0.014697276823043805,0.015487906263722354,-0,0.033420737562001555,-0,-0,-0,0.0725229493645012,0.03900942841394738,0.05948561143312352,-0,0.06466579165141338,0.04112225571382718,0.044557084296413356,0.01987299697791034
bremen,2021.1972602739727,0.060256098032071825,-0,-0,0.029596420980512284,0.014827313734021907,0.015061380993247308,0.015113396082826297,0.015768790669483494,0.051005807134158546,0.05102142244574989,0.03548130227428143,0.017266866458460307,0.03302528498643982,0.08644902012808753,0.01629415261230751,0.016564638058662623,0.016200523362532936,0.04880409514160422,0.04790365823049482,0.030616211235144776,0.08064169733642133,0.061500353873676805,0.045254486293824905,0.09147040318203675,0.07298119003077552,0.07290828783648323,0.09680485160356955,0.07254377839808594,0.09383541337359108,0.07333528785690926,0.08145937082200577,0.06773770004135177,0.041023377644647675,0.04023756388479322,0.05382704953657054,0.08723032381142756,0.034097176570930005,0.09576292414192242,0.011618097789846972,0.0810948014375407,0.0355957804857931,0.04836168199407969,0.050339558207693244,0.03815599542268296,0.05415498985663954,0.05299419452759971,0.0669827226854009,0.027187506073877092,0.04067470384854662,0.07680869877446354,0.08456352225487922,0.06810738260648591,0.06421283068189924,0.07100245244709096,0.05034476324435,0.04902270067452132,0.06917999760022556,0.02990859954665048,0.04242330045281737,0.010759913151403842,0.03418563463037699,0.011893760103312842,0.07398620926872651,-0,0.013157664514751354,0.08453227148487737,0.014697276823043805,-0,0.016132902342539803,0.016705082979971943,-0,0.016736293013998777,0.03329065414601013,0.03625143327962272,0.058527725094200844,-0,-0,-0,0.020559663885343877,0.022276370825420815,0.014192736687016995
bremen,2021.2164383561644,0.015056179487153957,0.015004164454808108,0.028363333966020723,0.05920969671099581,0.05934505092005016,0.030127125658070207,0.045353372408798116,0.1737306920055099,0.08503749456906902,0.034008718661960216,0.12429322793271924,0.03453946837294732,-0,0.05185424585827647,0.08151666052909237,0.0662850292191406,0.03241129878911425,0.04880409514160422,0.031932602715587184,0.04593107925991204,0.067190991206005,0.024591413868446203,0.05657556571287094,0.0812979183507019,0.031266598117788875,0.08333433946005508,0.09680485160356955,0.09329363942655759,0.08340204792563059,0.052369562024719166,0.13243048996195317,0.1064905663796164,0.03076710026721393,0.04023756388479322,0.03228642112769874,0.03269227462379457,0.07958967775223431,0.07180435281479132,0.058121669906333065,0.0810948014375407,0.0355957804857931,0.07255940017875696,0.10072789577789976,0.08907424704880089,0.06770125260683996,0.02649034633944675,0.08039171055687414,0.027187506073877092,0.054238276616453876,0.06399936768481014,0.06038624892250179,0.0794698946937746,0.01069750027562577,0.05070911710481969,0.11082080510591902,0.08827728915207608,0.039519413350584745,0.05983961737173909,0.053035836961240784,0.021522053219978347,0.07979799677198164,0.059490817385352036,0.012325460624785496,0.07766797415396379,0.06583205414462755,0.07042967404123249,0.07351754503089716,0.04647756462089169,0.016132902342539803,0.033420737562001555,0.0333426874733578,-0,0.03329065414601013,-0,-0,0.05948561143312352,-0,0.04309985658196719,0.04112225571382718,-0,0.025548675268466683
bremen,2021.2356164383561,-0,0.030012659485178096,0.07092955302685955,0.10366125498948464,0.029664059510800134,0.0753505669856915,0.07561615223036772,0.07889702301221904,0.10206169401694025,0.2043919672577127,0.19545527446454972,0.10368730687833211,0.08260517695625974,0.12107203719571982,0.13049119343191662,0.04970454764503421,0.09728935498435115,0.09765403792609657,0.143843568333916,0.1072304853593004,0.1479370368019565,0.08612087608166392,0.0792251214758117,0.0711274231195362,0.07298119003077552,0.05206765900465996,0.10756918417964373,0.10366646536620767,0.13559503502723913,0.11528690435971108,0.08145937082200577,0.15496186677437282,0.16429848446626857,0.07044008813775385,0.04305301779711293,0.11997750324011636,0.11373388818992884,0.13172149144540227,0.10466165689376594,0.10429171436361304,0.130637159470957,0.04836168199407969,0.16378205790334002,0.07634000909759897,0.18978189800046952,0.11931037003457243,0.053582396993984635,0.09522633964350823,0.1492876913675597,0.07680869877446354,0.024149206672257714,0.06810738260648591,0.08563126817966449,0.03041849523516744,0.08057399246495583,0.05883487150928615,0.059292991567180445,0.02990859954665048,0.053035836961240784,0.06459810757764207,0.07979799677198164,0.047586166852781484,0.049314176147994666,0.03882208826478198,0.06583205414462755,0.07042967404123249,0.029393505917522614,-0,0.032265608213284745,0.033420737562001555,-0,0.016736293013998777,0.06660263478556433,0.03625143327962272,0.019503657164320395,0.03964951234941883,0.052078069424449425,-0,0.020559663885343877,-0,0.025548675268466683
bremen,2021.2547945205479,0.09040774640181187,0.015004164454808108,0.04254820246029053,0.04440095080227126,0.029664059510800134,0.04519723652373852,0.045353372408798116,0.047320724729743635,0.08503749456906902,0.13616853168146836,0.03548130227428143,-0,0.03302528498643982,0.08644902012808753,0.04889257822279298,0.0662850292191406,0.04862192456618339,0.04880409514160422,0.06387962053352846,0.07657435340797546,0.1344689145463424,0.11075827201674351,0.12454863832524499,0.12199459085112532,0.04168950721766337,0.07290828783648323,0.08603753824087862,0.031079285861553903,0.06253638877551028,0.08381871734672515,0.11203500415976185,0.09679964191432597,0.071814767186624745,0.09058485435712406,0.09692467460015795,0.08723032381142756,0.07958967775223431,0.13172149144540227,0.11630316487883224,0.05791343770660666,0.10686052455340338,0.07255940017875696,0.03775009928085571,0.08907424704880089,0.10836122695558022,0.05299419452759971,0.13405705249827263,0.0543944396506662,0.09495023521452177,0.07680869877446354,0.13294660525597884,0.04539500872399343,0.03209390198722579,0.06085479482533826,0.060417485184679445,0.02940911474041309,0.0790740917671748,0.08978266432221575,0.10612061083790783,0.05382704953657054,0.05698681452927201,0.035684241094578885,0.02464864095688728,0.051765757737381596,0.0394881896392975,0.014078305584640034,-0,0.04647756462089169,0.06455645588372355,0.016705082979971943,-0,-0,0.06660263478556433,0.05438402876712825,0.058527725094200844,0.019820977127133783,0.026032515180490018,0.021548063989735425,0.020559663885343877,0.022276370825420815,0.03407115952325587
bremen,2021.2739726027398,0.045186827481403145,0.030012659485178096,0.01417713243095282,0.05920969671099581,0.07418929841689864,0.060271716121721726,0.10589134393586642,-0,0.051005807134158546,0.06803969405293667,0.03548130227428143,0.06910189381982798,0.11568298302061415,0.05185424585827647,0.09783638035606547,0.09945665117446231,0.12975615639058374,0.17916750922878966,0.031932602715587184,0.12256793752780443,0.1614086482366186,0.1354021330287262,0.11321796355160141,0.0711274231195362,0.13562110291976545,0.10418750567529654,0.08603753824087862,0.051807399187282034,0.05210930069632286,0.09430947020761819,0.040711132344735924,0.06773770004135177,0.071814767186624745,0.07044008813775385,0.11848688928687505,0.08723032381142756,0.06821151901477014,0.11973253927182151,0.10466165689376594,0.0810948014375407,0.08309475636668727,0.03626704416118528,0.11333261302886727,0.15279225600816834,0.08125104514647673,0.11931037003457243,0.04018031963785379,0.10884583802388555,0.1492876913675597,0.11525563512023898,0.1208479164623981,0.05675255847568841,0.09634640094837425,0.04056021445523075,0.07049736570589926,0.05883487150928615,0.09885750978014546,0.04986069706441244,0.09550244553853429,0.04305301779711293,0.06838855138746201,0.07139819394017767,0.03697994607979251,0.06471785638349628,0.0394881896392975,0.056336105875005114,0.014697276823043805,0.030980426887232786,0.032265608213284745,0.016705082979971943,-0,0.016736293013998777,0.016642662968114338,0.018119956679774157,-0,-0,0.052078069424449425,-0,-0,0.022276370825420815,0.011352839207489517
bremen,2021.2931506849316,0.10549012928958304,0.07506936055803863,0.07092955302685955,0.014796104845729624,0.05934505092005016,0.09043379165152433,0.1513372071927819,0.11048729616596618,0.1702142818728424,0.2043919672577127,0.10652183034882469,0.08639172498664163,0.14878184365669955,0.10376025223654954,0.1631613095293763,0.23236559842431742,0.14599716189277231,0.1465499145750664,0.143843568333916,0.13790991482793183,0.18835712700778087,0.1354021330287262,0.13588699616994152,0.0812979183507019,0.1774195261447253,0.13548555002135154,0.10756918417964373,0.12442875165824058,0.19829480476631048,0.10479712946457659,0.1018428653973222,0.09679964191432597,0.06155241543647631,0.05030312296570727,0.15085219996856822,0.07631917854334139,0.034097176570930005,0.07180435281479132,0.11630316487883224,0.0810948014375407,0.10686052455340338,0.16945781522420308,0.15116510733735458,0.11455208220305182,0.16262924539236664,0.11931037003457243,0.1072148531593157,0.0543944396506662,0.10853318520480094,0.08962118600626241,0.03622541515409771,0.12493436252041791,0.08563126817966449,0.05070911710481969,0.08057399246495583,0.07845956161432799,0.06917999760022556,0.0698204530245193,0.06364533342638877,0.05382704953657054,0.06838855138746201,0.08330308942875407,0.06164612638086032,0.051765757737381596,0.05265585099048706,0.14096008272089422,0.08823561848696099,0.04647756462089169,0.032265608213284745,0.016705082979971943,0.0333426874733578,0.08372496643588125,0.09993596926032958,0.018119956679774157,0.03900942841394738,0.07932928015113494,0.052078069424449425,0.10781930164767521,0.06169818808960519,0.022276370825420815,0.00851309681598631
bremen,2021.3123287671233,0.060256098032071825,-0,0.11353585590525447,0.014796104845729624,0.05934505092005016,0.12061337254332412,0.18166174802534027,0.15790871867624534,0.2213874048178564,0.2214605154723347,0.14207591533080727,0.13829573814712262,0.1322323864620978,0.12107203719571982,0.19585718385536144,0.0828707992558781,0.04862192456618339,0.13024617993036058,0.143843568333916,0.19932312879943578,0.1479370368019565,0.09844071983816578,0.14722782682996088,0.0812979183507019,0.13562110291976545,0.1250490378329057,0.09680485160356955,0.051807399187282034,0.09383541337359108,0.07333528785690926,0.08145937082200577,0.07742320941779338,0.10262440041025511,0.11073221658511764,0.08614691918430457,0.08723032381142756,0.10235346694225979,0.16770494169829805,0.09302275456975558,0.150706177174165,0.05933984498241495,0.0967683837898426,0.0629320658433527,0.12729568246418982,0.04060705099475553,0.07951155833498777,0.0669827226854009,0.10884583802388555,0.08137604045163893,0.12807760011724797,0.08456352225487922,0.13630408636028368,0.05350431663758648,0.1014625226068714,0.07049736570589926,0.12756153314702814,0.009875737730976804,0.09976924942499833,0.021204722876538334,0.03228642112769874,0.06838855138746201,0.035684241094578885,0.03697994607979251,0.07766797415396379,0.05265585099048706,0.07042967404123249,0.044099094042913775,0.030980426887232786,-0,0.06685776197343135,0.06671197485566142,0.033472771019516234,0.04994397694647196,-0,0.058527725094200844,0.05948561143312352,0.026032515180490018,0.04309985658196719,0.04112225571382718,0.044557084296413356,0.01987299697791034
bremen,2021.331506849315,0.030116719631940177,0.04503069209641199,0.09933161240042153,0.0740226611087089,0.05934505092005016,0.09043379165152433,0.045353372408798116,0.07889702301221904,0.016996377359348447,0.08506353712912064,0.0709920382379437,0.017266866458460307,0.06607155771540504,0.06914875607398799,0.11416122358437686,0.13265466062199202,0.14599716189277231,0.0813656241647382,0.17586465325968373,0.030616211235144776,0.08064169733642133,0.08612087608166392,0.05657556571287094,0.11181613356609758,0.11473448389717948,0.13548555002135154,0.11834095735009315,0.13480779082958166,0.09383541337359108,0.10479712946457659,0.1018428653973222,0.038697195206966725,0.10262440041025511,0.10066016474883842,0.10770466432549328,0.06541032227748332,0.05683584939605949,0.05983441138459054,0.09302275456975558,0.09268935976007067,0.0355957804857931,0.12098864332163896,0.10072789577789976,0.06360888886015278,0.16262924539236664,0.06624858280280316,0.09380415703090686,0.0816104074586578,0.12211447190625985,0.11525563512023898,0.09665377082749971,0.1021971598143796,0.0749183429189723,0.05070911710481969,0.0402687880460501,0.05883487150928615,0.039519413350584745,0.0698204530245193,0.0318129293857595,0.05382704953657054,0.05698681452927201,0.07139819394017767,0.03697994607979251,0.07766797415396379,0.0394881896392975,0.028160423714738265,-0,0.10851234175036653,0.032265608213284745,0.016705082979971943,0.0333426874733578,0.016736293013998777,0.016642662968114338,0.018119956679774157,0.058527725094200844,-0,-0,0.021548063989735425,0.020559663885343877,0.044557084296413356,0.017032789271509446
bremen,2021.3506849315067,0.015056179487153957,0.030012659485178096,0.04254820246029053,0.04440095080227126,0.04449983529412531,0.04519723652373852,0.09075154474845396,0.11048729616596618,0.06801886682341618,0.06803969405293667,0.14207591533080727,0.06910189381982798,0.09914405480310667,0.06914875607398799,0.17950667693232,0.016564638058662623,0.09728935498435115,0.11394755544817609,0.07986570063308883,0.07657435340797546,0.08064169733642133,0.07380915783799025,0.06789911041556487,0.0711274231195362,0.052119711124449006,0.05206765900465996,0.09680485160356955,0.010359431833667443,0.07296556812339615,0.04189247026803308,0.1222343532377752,0.04837729651168076,0.041023377644647675,0.07044008813775385,0.04305301779711293,0.08723032381142756,0.045462667807286986,0.011961375610928578,0.10466165689376594,0.10429171436361304,0.09497628273953139,0.0967683837898426,0.07552762366475863,0.12729568246418982,0.013532160610456123,0.0397379798545483,0.0669827226854009,0.013594576888617496,0.054238276616453876,0.0511931911827709,0.04830442880300376,0.03404514248860458,0.03209390198722579,0.05070911710481969,0.09065257226415695,0.04902270067452132,0.059292991567180445,0.039883691367567725,0.07426220240715245,0.04305301779711293,0.011394448307400865,0.011893760103312842,0.06164612638086032,0.03882208826478198,0.013157664514751354,-0,0.014697276823043805,0.015487906263722354,0.016132902342539803,0.033420737562001555,0.016668671297279614,0.033472771019516234,0.016642662968114338,-0,-0,0.019820977127133783,-0,0.021548063989735425,0.020559663885343877,-0,0.00851309681598631
bremen,2021.3698630136987,-0,-0,0.028363333966020723,0.029596420980512284,0.014827313734021907,0.015061380993247308,0.045353372408798116,-0,0.051005807134158546,0.05102142244574989,0.03548130227428143,0.08639172498664163,0.049548398694545734,0.05185424585827647,0.032593412582920846,0.04970454764503421,0.04862192456618339,0.06508231096769956,0.09585148716430554,0.06125045909779729,0.08064169733642133,0.12307874261917741,0.0792251214758117,0.04063307131271867,0.06255200755006156,0.09375727255210449,0.053759379569208725,0.062177158255690715,0.041684303047304194,0.02094461748183015,0.05089650008429897,0.019347598876551086,0.05128688346029775,0.02011749097362581,0.010759913151403842,0.03269227462379457,0.045462667807286986,0.03589238429710271,0.011618097789846972,0.05791343770660666,0.0355957804857931,0.024175218756174933,0.050339558207693244,0.03815599542268296,0.04060705099475553,0.06624858280280316,0.08039171055687414,0.0543944396506662,0.027109465340516947,0.0127935736740862,0.06038624892250179,0.04539500872399343,0.06421283068189924,0.07100245244709096,0.030199967899287996,-0,0.009875737730976804,0.019940622861716432,0.04242330045281737,0.03228642112769874,0.022786191679816357,0.035684241094578885,0.06164612638086032,-0,0.013157664514751354,0.014078305584640034,0.044099094042913775,-0,0.016132902342539803,0.016705082979971943,0.0333426874733578,-0,0.03329065414601013,0.018119956679774157,0.019503657164320395,-0,-0,-0,0.020559663885343877,-0,0.002839277512982304
bremen,2021.3890410958904,0.015056179487153957,0.015004164454808108,-0,0.014796104845729624,0.029664059510800134,0.030127125658070207,-0,0.06310908024319327,0.051005807134158546,0.05102142244574989,0.0709920382379437,0.017266866458460307,0.09914405480310667,0.03456548565492474,0.032593412582920846,0.04970454764503421,-0,0.03253097349605066,0.015961249379015705,0.030616211235144776,0.026864938467750194,0.061500353873676805,0.022624921277220225,0.05079760342765161,0.020840575688244416,0.04164787386935595,0.02149604246322626,0.031079285861553903,0.05210930069632286,0.07333528785690926,0.020351582046756276,0.04837729651168076,0.041023377644647675,0.04023756388479322,0.04305301779711293,0.043594268550743664,0.06821151901477014,0.023925503287740443,0.011618097789846972,0.02315555480904589,0.0355957804857931,0.024175218756174933,0.03775009928085571,0.025434219173531215,0.04060705099475553,0.02649034633944675,0.013391724258505185,0.040789193493936525,0.0678053882017954,0.0511931911827709,0.024149206672257714,0.03404514248860458,0.042798007375258386,0.03041849523516744,0.010062973624097329,0.009802923954613985,0.04940786504001814,-0,-0,0.010759913151403842,0.011394448307400865,0.011893760103312842,-0,0.012939209704444394,-0,-0,0.014697276823043805,0.015487906263722354,-0,0.016705082979971943,-0,0.016736293013998777,-0,-0,0.019503657164320395,-0,-0,-0,-0,-0,0.002839277512982304
bremen,2021.4082191780822,0.015056179487153957,-0,0.01417713243095282,-0,0.014827313734021907,0.015061380993247308,0.015113396082826297,0.06310908024319327,-0,0.05102142244574989,-0,0.017266866458460307,0.03302528498643982,0.05185424585827647,0.01629415261230751,-0,0.04862192456618339,-0,-0,-0,0.026864938467750194,0.08612087608166392,0.045254486293824905,0.030470525688587557,0.031266598117788875,0.031235379361559235,0.02149604246322626,0.041444911773675035,-0,0.02094461748183015,0.020351582046756276,0.06773770004135177,0.010255411216783925,0.010057772617965428,0.021522053219978347,0.02179256586143909,0.01136324147934599,0.011961375610928578,0.02323879193279972,-0,-0,0.012086204471364761,0.025163687586970677,0.025434219173531215,0.013532160610456123,0.02649034633944675,0.013391724258505185,0.013594576888617496,0.0135529660281875,0.0511931911827709,0.012070600847419764,0.02269255073999475,0.01069750027562577,0.01013578776460552,0.0402687880460501,0.04902270067452132,0.009875737730976804,0.009969355593267648,0.010603881102422153,0.010759913151403842,-0,0.011893760103312842,-0,-0,0.013157664514751354,0.014078305584640034,0.014697276823043805,-0,-0,0.016705082979971943,0.016668671297279614,-0,-0,-0,-0,-0,-0,0.021548063989735425,-0,0.022276370825420815,0.002839277512982304
bremen,2021.427397260274,-0,0.04503069209641199,0.028363333966020723,0.014796104845729624,-0,0.015061380993247308,0.030231186033897517,0.047320724729743635,0.051005807134158546,0.08506353712912064,0.05323363897643907,0.017266866458460307,-0,-0,0.032593412582920846,-0,0.016200523362532936,0.03253097349605066,0.031932602715587184,0.015305852366663597,0.013433334989914014,0.049194462809390736,0.011311230140872703,0.030470525688587557,0.010421844303680755,0.020819767354506157,0.02149604246322626,0.031079285861553903,0.02083537360402634,0.010468653705347542,-0,-0,0.010255411216783925,0.010057772617965428,0.010759913151403842,0.043594268550743664,0.01136324147934599,0.023925503287740443,-0,0.02315555480904589,-0,0.012086204471364761,0.012580321651257461,-0,0.013532160610456123,0.013240885636274406,0.04018031963785379,-0,0.04067470384854662,0.0127935736740862,-0,-0,0.01069750027562577,0.020278753599968627,-0,0.019602494322149867,0.009875737730976804,0.009969355593267648,-0,0.010759913151403842,-0,0.011893760103312842,-0,-0,-0,0.014078305584640034,-0,-0,-0,-0,-0,-0,-0,0.018119956679774157,-0,-0,0.026032515180490018,-0,-0,-0,-0
bremen,2021.4465753424658,0.015056179487153957,0.015004164454808108,-0,-0,-0,-0,0.030231186033897517,0.03154236461180955,0.016996377359348447,0.05102142244574989,0.01774022576753822,0.017266866458460307,-0,-0,-0,0.016564638058662623,0.016200523362532936,-0,-0,0.07657435340797546,0.05374896881281492,0.03689148326677245,0.022624921277220225,0.020309965778955996,-0,0.010411442220143122,0.010749511000238682,0.020715725810714698,0.041684303047304194,0.010468653705347542,0.020351582046756276,-0,0.03076710026721393,-0,-0,-0,0.02272896664100186,-0,0.02323879193279972,0.011576488510976585,0.0355957804857931,-0,-0,0.012715554539894168,0.013532160610456123,-0,-0,-0,-0,-0,-0,-0,-0,-0,0.010062973624097329,-0,-0,-0,-0,0.010759913151403842,0.011394448307400865,-0,0.012325460624785496,-0,-0,-0,-0,-0,-0,-0,0.016668671297279614,-0,-0,-0,-0,-0,-0,-0,-0,-0,0.002839277512982304
bremen,2021.4657534246576,-0,-0,-0,-0,-0,-0,-0,-0,-0,-0,-0,-0,-0,-0,-0,-0,-0,0.03253097349605066,0.015961249379015705,-0,-0,-0,0.022624921277220225,-0,-0,0.010411442220143122,-0,-0,-0,-0,0.020351582046756276,0.019347598876551086,-0,-0,0.021522053219978347,-0,-0,-0,0.011618097789846972,0.011576488510976585,-0,-0,-0,0.012715554539894168,0.013532160610456123,-0,-0,-0,-0,0.0127935736740862,-0,0.011347638072338734,-0,-0,-0,-0,-0,-0,-0,-0,-0,-0,-0,-0,-0,-0,-0,-0,-0,-0,-0,-0,-0,-0,-0,-0,-0,-0,-0,-0,0.002839277512982304
bremen,2021.4849315068493,-0,-0,-0,0.014796104845729624,0.014827313734021907,-0,0.015113396082826297,-0,-0,-0,0.01774022576753822,-0,-0,-0,0.032593412582920846,-0,-0,-0,-0,-0,0.013433334989914014,-0,-0,0.010156591823478004,0.010421844303680755,0.010411442220143122,0.010749511000238682,0.010359431833667443,-0,0.010468653705347542,0.01017739589067374,-0,0.02050764334763409,-0,0.010759913151403842,-0,0.01136324147934599,-0,-0,-0,-0,0.024175218756174933,-0,-0,-0,-0,-0,-0,-0,-0,-0,-0,0.01069750027562577,-0,-0,-0,0.009875737730976804,0.009969355593267648,-0,-0,0.011394448307400865,0.011893760103312842,-0,-0,-0,-0,-0,-0,-0,-0,-0,0.016736293013998777,-0,-0,-0,-0,-0,-0,-0,-0,0.002839277512982304
bremen,2021.504109589041,-0,-0,-0,-0,0.014827313734021907,0.015061380993247308,-0,-0,-0,-0,-0,0.017266866458460307,-0,-0,-0,0.016564638058662623,0.016200523362532936,-0,-0,0.04593107925991204,-0,-0,-0,0.010156591823478004,-0,-0,0.043000974752309074,0.010359431833667443,-0,-0,-0,0.009672899607554079,-0,0.010057772617965428,0.021522053219978347,-0,-0,0.023925503287740443,0.011618097789846972,-0,0.011862552975603975,-0,-0,-0,-0,-0,0.013391724258505185,0.013594576888617496,0.0135529660281875,-0,-0,-0,-0,0.020278753599968627,0.010062973624097329,0.009802923954613985,-0,-0,-0,-0,-0,0.011893760103312842,-0,-0,0.013157664514751354,-0,-0,-0,-0,-0,-0,-0,-0,-0,-0,-0,-0,-0,-0,-0,-0
bremen,2021.5232876712328,-0,-0,-0,0.014796104845729624,-0,0.015061380993247308,-0,-0,-0,-0,-0,-0,-0,-0,-0,-0,0.016200523362532936,-0,-0,-0,0.026864938467750194,0.012294253237996145,-0,0.010156591823478004,-0,0.010411442220143122,0.03224999853293815,0.010359431833667443,-0,0.03141748903711387,0.01017739589067374,0.009672899607554079,0.010255411216783925,-0,-0,-0,0.02272896664100186,-0,-0,-0,-0,-0,-0,0.025434219173531215,-0,0.013240885636274406,-0,0.013594576888617496,-0,0.0127935736740862,-0,-0,-0,-0,0.010062973624097329,-0,-0,-0,-0,-0,-0,-0,-0,-0,-0,-0,-0,-0,-0,-0,-0,-0,-0,-0,0.019503657164320395,-0,-0,-0,-0,-0,-0
bremen,2021.5424657534247,-0,-0,-0,-0,0.014827313734021907,0.015061380993247308,-0,-0,-0,-0,-0,0.017266866458460307,-0,0.017277269913448006,0.01629415261230751,-0,0.016200523362532936,0.016262942843654794,-0,-0,-0,0.049194462809390736,0.022624921277220225,0.010156591823478004,0.031266598117788875,0.05206765900465996,0.02149604246322626,-0,-0,0.03141748903711387,0.020351582046756276,0.029018895573813784,0.010255411216783925,-0,-0,-0,0.01136324147934599,-0,-0,0.011576488510976585,-0,-0,0.012580321651257461,0.025434219173531215,-0,-0,0.013391724258505185,-0,-0,0.0127935736740862,0.012070600847419764,-0,-0,0.01013578776460552,-0,-0,-0,-0,0.010603881102422153,0.010759913151403842,-0,0.011893760103312842,-0,-0,0.013157664514751354,-0,0.014697276823043805,-0,-0,-0,-0,-0,-0,-0,-0,-0,-0,-0,-0,-0,-0
bremen,2021.5616438356165,-0,-0,-0,-0,-0,-0,-0,-0,-0,0.05102142244574989,0.01774022576753822,0.017266866458460307,0.016512621517401002,-0,0.032593412582920846,-0,0.016200523362532936,-0,-0,-0,0.026864938467750194,0.024591413868446203,0.03394107448015803,0.030470525688587557,0.052119711124449006,0.031235379361559235,-0,-0,0.02083537360402634,0.010468653705347542,0.01017739589067374,0.009672899607554079,-0,0.02011749097362581,0.03228642112769874,-0,0.01136324147934599,0.011961375610928578,0.011618097789846972,0.02315555480904589,0.011862552975603975,0.024175218756174933,-0,-0,-0,-0,0.013391724258505185,0.013594576888617496,-0,0.02559029572908632,-0,0.011347638072338734,0.01069750027562577,0.020278753599968627,-0,0.009802923954613985,0.019758553374894256,-0,0.010603881102422153,-0,-0,0.011893760103312842,-0,-0,0.013157664514751354,-0,-0,-0,-0,-0,-0,-0,-0,-0,-0,-0,0.026032515180490018,-0,-0,-0,-0
bremen,2021.5808219178082,0.015056179487153957,0.030012659485178096,-0,0.029596420980512284,0.014827313734021907,-0,0.015113396082826297,-0,-0,-0,0.01774022576753822,-0,-0,-0,-0,-0,0.03241129878911425,0.06508231096769956,0.031932602715587184,-0,0.067190991206005,0.012294253237996145,0.045254486293824905,0.020309965778955996,0.052119711124449006,0.031235379361559235,0.08603753824087862,-0,0.05210930069632286,0.04189247026803308,0.030532962301419123,0.04837729651168076,0.010255411216783925,-0,0.04305301779711293,0.010895141305903801,0.034097176570930005,0.03589238429710271,-0,-0,0.0474664574922946,-0,0.0629320658433527,0.012715554539894168,0.013532160610456123,-0,0.013391724258505185,0.027187506073877092,-0,-0,0.012070600847419764,0.011347638072338734,-0,0.020278753599968627,0.010062973624097329,0.009802923954613985,-0,-0,0.010603881102422153,0.010759913151403842,-0,0.011893760103312842,-0,-0,-0,0.014078305584640034,-0,-0,-0,0.016705082979971943,0.0333426874733578,-0,-0,-0,-0,0.019820977127133783,-0,-0,-0,-0,-0
bremen,2021.6,-0,0.015004164454808108,-0,-0,-0,0.015061380993247308,-0,-0,0.016996377359348447,0.017001579059527188,-0,0.017266866458460307,0.016512621517401002,0.06914875607398799,0.01629415261230751,0.016564638058662623,0.06483760546511605,0.06508231096769956,0.06387962053352846,0.030616211235144776,0.067190991206005,0.07380915783799025,0.06789911041556487,0.04063307131271867,0.06255200755006156,0.010411442220143122,0.02149604246322626,0.020715725810714698,0.01041664326165472,0.04189247026803308,0.030532962301419123,0.038697195206966725,-0,0.04023756388479322,0.03228642112769874,0.043594268550743664,0.034097176570930005,-0,0.011618097789846972,0.02315555480904589,0.0355957804857931,0.03626704416118528,0.012580321651257461,-0,-0,0.013240885636274406,0.013391724258505185,0.013594576888617496,0.0135529660281875,-0,-0,0.011347638072338734,-0,-0,0.010062973624097329,-0,-0,-0,0.010603881102422153,-0,-0,-0,-0,-0,0.013157664514751354,-0,-0,-0,-0,-0,-0,0.016736293013998777,-0,-0,-0,-0,-0,-0,-0,-0,0.002839277512982304
bremen,2021.6191780821919,-0,0.015004164454808108,-0,-0,-0,0.030127125658070207,-0,-0,0.016996377359348447,0.017001579059527188,0.05323363897643907,0.017266866458460307,0.016512621517401002,-0,0.06520206088861366,0.04970454764503421,0.016200523362532936,-0,0.015961249379015705,0.09189755565383419,0.026864938467750194,0.12307874261917741,0.045254486293824905,0.04063307131271867,0.10429171436361304,0.05206765900465996,0.053759379569208725,0.09329363942655759,0.05210930069632286,0.010468653705347542,0.05089650008429897,0.04837729651168076,0.02050764334763409,0.05030312296570727,0.04305301779711293,-0,0.06821151901477014,0.023925503287740443,0.03486208358955708,0.02315555480904589,0.023727812725693825,0.04836168199407969,0.025163687586970677,0.012715554539894168,0.06770125260683996,0.0397379798545483,0.026781695539369616,-0,0.027109465340516947,0.0127935736740862,0.012070600847419764,-0,0.02139720170624013,0.020278753599968627,0.010062973624097329,0.009802923954613985,0.019758553374894256,-0,0.010603881102422153,-0,-0,0.02379024124304235,0.012325460624785496,0.025876437297627643,0.013157664514751354,0.028160423714738265,0.014697276823043805,0.015487906263722354,-0,-0,0.016668671297279614,-0,-0,0.018119956679774157,-0,0.03964951234941883,-0,-0,-0,0.022276370825420815,0.005678710063214445
bremen,2021.6383561643836,0.030116719631940177,0.015004164454808108,-0,0.029596420980512284,-0,0.015061380993247308,0.030231186033897517,0.06310908024319327,0.016996377359348447,0.017001579059527188,0.03548130227428143,0.06910189381982798,0.03302528498643982,0.017277269913448006,0.032593412582920846,0.016564638058662623,0.0810583446396743,0.03253097349605066,0.06387962053352846,0.09189755565383419,0.026864938467750194,0.07380915783799025,0.05657556571287094,0.020309965778955996,0.052119711124449006,0.10418750567529654,0.02149604246322626,0.08291767392018562,0.09383541337359108,0.02094461748183015,0.08145937082200577,0.05805920015885821,0.02050764334763409,0.02011749097362581,0.08614691918430457,0.06541032227748332,0.045462667807286986,0.03589238429710271,0.058121669906333065,0.011576488510976585,0.05933984498241495,0.024175218756174933,0.03775009928085571,0.025434219173531215,0.04060705099475553,0.06624858280280316,0.026781695539369616,0.040789193493936525,0.054238276616453876,0.0511931911827709,0.024149206672257714,0.011347638072338734,0.042798007375258386,0.03041849523516744,-0,-0,0.009875737730976804,0.019940622861716432,0.010603881102422153,0.010759913151403842,-0,0.011893760103312842,-0,0.012939209704444394,-0,-0,-0,-0,-0,-0,-0,0.016736293013998777,0.03329065414601013,-0,0.019503657164320395,0.019820977127133783,0.026032515180490018,-0,-0,-0,-0
bremen,2021.6575342465753,0.015056179487153957,0.04503069209641199,0.01417713243095282,0.029596420980512284,-0,0.060271716121721726,0.030231186033897517,0.03154236461180955,0.08503749456906902,0.05102142244574989,0.05323363897643907,0.10368730687833211,0.1322323864620978,0.05185424585827647,0.032593412582920846,0.14925640167566276,0.06483760546511605,0.11394755544817609,0.12784302358678176,0.09189755565383419,0.10754834111161166,0.08612087608166392,0.06789911041556487,0.0711274231195362,0.09385104155197567,0.07290828783648323,0.08603753824087862,0.08291767392018562,0.05210930069632286,0.07333528785690926,0.07126801548504154,0.08711052315131129,0.06155241543647631,0.07044008813775385,0.09692467460015795,0.054503754053654936,0.06821151901477014,0.04786201990658029,0.03486208358955708,0.03474240351761011,0.0355957804857931,0.03626704416118528,0.03775009928085571,0.07634000909759897,0.027067843663946586,0.09277270826209914,0.053582396993984635,0.06799803960224328,0.0678053882017954,0.03839016771494546,0.0724760840694246,0.04539500872399343,0.02139720170624013,0.04056021445523075,0.02013309701238007,0.009802923954613985,0.019758553374894256,-0,0.021204722876538334,0.021522053219978347,0.05698681452927201,0.02379024124304235,-0,0.012939209704444394,0.013157664514751354,0.028160423714738265,-0,0.015487906263722354,0.032265608213284745,0.016705082979971943,0.016668671297279614,-0,-0,-0,-0,0.019820977127133783,-0,-0,-0,-0,0.00851309681598631
bremen,2021.676712328767,0.030116719631940177,0.015004164454808108,0.08513124784629891,0.014796104845729624,0.13361912681028806,0.060271716121721726,0.09075154474845396,0.14209677224306433,0.2213874048178564,0.17026645239218058,0.19545527446454972,0.1556085951891696,0.16534178609865033,0.13838958749545893,0.11416122358437686,0.23236559842431742,0.12975615639058374,0.1465499145750664,0.09585148716430554,0.07657435340797546,0.026864938467750194,0.08612087608166392,0.10188454696815752,0.09147040318203675,0.09385104155197567,0.08333433946005508,0.10756918417964373,0.11404657228018565,0.05210930069632286,0.10479712946457659,0.14263384061485196,0.06773770004135177,0.06155241543647631,0.09058485435712406,0.14005804862697102,0.09814375904255063,0.045462667807286986,0.08378225863909303,0.11630316487883224,0.03474240351761011,0.09497628273953139,0.03626704416118528,0.11333261302886727,0.012715554539894168,0.08125104514647673,0.10604245155319418,0.08039171055687414,0.040789193493936525,0.04067470384854662,0.06399936768481014,0.04830442880300376,0.09082968105333036,-0,0.020278753599968627,0.02013309701238007,0.04902270067452132,0.019758553374894256,0.04986069706441244,0.021204722876538334,0.03228642112769874,0.022786191679816357,0.02379024124304235,0.03697994607979251,0.03882208826478198,0.026323861815248883,-0,0.014697276823043805,0.015487906263722354,0.032265608213284745,-0,0.0333426874733578,-0,-0,-0,-0,-0,-0,-0,-0,-0,0.011352839207489517
bremen,2021.695890410959,0.030116719631940177,0.06004785728494358,0.028363333966020723,0.10366125498948464,0.07418929841689864,0.15081047912832535,0.21199876212180296,0.18955226194151065,0.15316775908601066,0.2043919672577127,0.19545527446454972,0.2249229448856682,0.21504805752537864,0.10376025223654954,0.17950667693232,0.24900443421347562,0.14599716189277231,0.0813656241647382,0.06387962053352846,0.09189755565383419,0.1344689145463424,0.03689148326677245,0.14722782682996088,0.12199459085112532,0.07298119003077552,0.07290828783648323,0.07527766146953588,0.09329363942655759,0.11470842647313338,0.052369562024719166,0.061078657135998894,0.08711052315131129,0.06155241543647631,0.07044008813775385,0.05382704953657054,0.13089781413119814,0.07958967775223431,0.11973253927182151,0.08138645674063195,0.02315555480904589,0.07121594419424157,0.10887710340918673,0.08812623314991486,0.012715554539894168,0.08125104514647673,0.06624858280280316,0.09380415703090686,0.040789193493936525,0.027109465340516947,0.06399936768481014,0.03622541515409771,0.03404514248860458,0.03209390198722579,0.03041849523516744,0.010062973624097329,0.02940911474041309,0.009875737730976804,0.04986069706441244,0.010603881102422153,0.03228642112769874,0.011394448307400865,0.047586166852781484,0.012325460624785496,0.025876437297627643,-0,-0,-0,0.015487906263722354,-0,-0,0.016668671297279614,-0,-0,0.018119956679774157,-0,-0,-0,0.021548063989735425,-0,0.0668525552836129,0.00851309681598631
bremen,2021.7150684931507,0.045186827481403145,0.06004785728494358,0.08513124784629891,0.04440095080227126,0.10389572245900044,0.030127125658070207,0.22717390877955052,0.252886724531432,0.2213874048178564,0.2043919672577127,0.17765432642626913,0.3290601668415931,0.18190700390705228,0.10376025223654954,0.21221283353159076,0.11605300660060082,0.1135202218096395,0.11394755544817609,0.11184740073735673,0.09189755565383419,0.05374896881281492,0.07380915783799025,0.12454863832524499,0.11181613356609758,0.052119711124449006,0.07290828783648323,0.07527766146953588,0.031079285861553903,0.06253638877551028,0.09430947020761819,0.030532962301419123,0.04837729651168076,0.08208435285628438,0.09058485435712406,0.07537139715193886,0.11997750324011636,0.05683584939605949,0.04786201990658029,0.06975276224102595,0.05791343770660666,0.0355957804857931,0.07255940017875696,0.07552762366475863,0.05088088481022107,0.09480436931557608,0.05299419452759971,0.053582396993984635,0.027187506073877092,0.08137604045163893,0.02559029572908632,0.03622541515409771,0.05675255847568841,0.06421283068189924,0.03041849523516744,0.0402687880460501,0.02940911474041309,0.039519413350584745,0.009969355593267648,0.010603881102422153,-0,0.011394448307400865,0.08330308942875407,0.02464864095688728,0.012939209704444394,0.0394881896392975,0.028160423714738265,0.029393505917522614,-0,0.016132902342539803,0.016705082979971943,0.016668671297279614,-0,0.016642662968114338,-0,0.019503657164320395,0.019820977127133783,-0,-0,-0,0.022276370825420815,0.011352839207489517
bremen,2021.7342465753425,0.015056179487153957,0.015004164454808108,0.07092955302685955,0.05920969671099581,0.029664059510800134,0.09043379165152433,0.18166174802534027,0.18955226194151065,0.20432410106955712,0.23853466812927338,0.17765432642626913,0.34643666418368446,0.24821024633437125,0.1730472168191265,0.11416122358437686,0.0662850292191406,0.09728935498435115,0.0813656241647382,0.015961249379015705,0.1072304853593004,0.1344689145463424,0.049194462809390736,0.09055359996823562,0.0711274231195362,0.12517413846223166,0.04164787386935595,0.13988598609708489,0.07254377839808594,0.07296556812339615,0.04189247026803308,0.07126801548504154,0.038697195206966725,0.06155241543647631,0.07044008813775385,0.010759913151403842,0.043594268550743664,0.045462667807286986,0.07180435281479132,0.06975276224102595,0.06950282780375933,0.08309475636668727,0.08466248315045126,0.050339558207693244,0.025434219173531215,0.05415498985663954,0.05299419452759971,0.08039171055687414,0.013594576888617496,0.054238276616453876,0.08962118600626241,0.03622541515409771,0.0794698946937746,0.02139720170624013,0.07100245244709096,0.0402687880460501,0.02940911474041309,0.029638044681042794,0.019940622861716432,0.06364533342638877,0.05382704953657054,0.022786191679816357,0.02379024124304235,0.012325460624785496,0.025876437297627643,0.013157664514751354,0.028160423714738265,-0,-0,-0,0.033420737562001555,-0,0.016736293013998777,-0,-0,-0,0.03964951234941883,0.026032515180490018,-0,-0,0.022276370825420815,0.01987299697791034
bremen,2021.7534246575342,0.030116719631940177,0.04503069209641199,-0,0.029596420980512284,0.029664059510800134,0.0753505669856915,0.060485163817097586,0.09468976068201622,0.051005807134158546,0.17026645239218058,0.15986468603950668,0.20758699881598439,0.33121097857658527,0.1730472168191265,0.13049119343191662,0.13265466062199202,0.1135202218096395,0.09765403792609657,0.17586465325968373,0.09189755565383419,0.0940958836265823,0.049194462809390736,0.0792251214758117,0.09147040318203675,0.052119711124449006,0.08333433946005508,0.02149604246322626,0.08291767392018562,0.031261394990446154,0.03141748903711387,0.08145937082200577,0.08711052315131129,0.041023377644647675,0.030179155819956553,0.08614691918430457,0.054503754053654936,0.06821151901477014,0.08378225863909303,0.03486208358955708,0.046326629994750346,0.05933984498241495,0.12098864332163896,0.11333261302886727,0.03815599542268296,0.08125104514647673,0.02649034633944675,0.053582396993984635,0.06799803960224328,0.0678053882017954,0.0511931911827709,0.06038624892250179,0.03404514248860458,0.02139720170624013,0.020278753599968627,0.010062973624097329,0.02940911474041309,-0,0.009969355593267648,0.0318129293857595,0.010759913151403842,0.022786191679816357,0.02379024124304235,0.07398620926872651,0.03882208826478198,0.026323861815248883,0.056336105875005114,-0,0.015487906263722354,0.032265608213284745,0.033420737562001555,0.0333426874733578,0.033472771019516234,0.016642662968114338,0.018119956679774157,0.03900942841394738,0.019820977127133783,0.026032515180490018,-0,-0,0.0668525552836129,0.028389348158066836
bremen,2021.772602739726,-0,0.06004785728494358,0.04254820246029053,0.08883984639949259,0.08904299356784338,0.04519723652373852,0.07561615223036772,0.06310908024319327,0.10206169401694025,0.11912795228881701,0.12429322793271924,0.1556085951891696,0.14878184365669955,0.13838958749545893,0.14682107841648812,0.13265466062199202,0.09728935498435115,0.21181079770812558,0.06387962053352846,0.030616211235144776,0.10754834111161166,0.12307874261917741,0.045254486293824905,-0,0.04168950721766337,0.031235379361559235,0.043000974752309074,0.062177158255690715,0.041684303047304194,0.02094461748183015,0.05089650008429897,0.019347598876551086,0.08208435285628438,0.0805114957387767,0.06459810757764207,0.03269227462379457,0.06821151901477014,0.05983441138459054,0.12795249250264154,0.05791343770660666,0.09497628273953139,0.07255940017875696,0.08812623314991486,0.10181160424112141,0.013532160610456123,0.06624858280280316,0.013391724258505185,0.0543944396506662,0.0135529660281875,0.11525563512023898,0.08456352225487922,0.03404514248860458,0.042798007375258386,0.020278753599968627,0.02013309701238007,0.05883487150928615,0.019758553374894256,0.02990859954665048,0.021204722876538334,0.021522053219978347,0.022786191679816357,0.011893760103312842,0.012325460624785496,0.03882208826478198,0.026323861815248883,0.04224635645579311,0.029393505917522614,0.030980426887232786,0.032265608213284745,0.033420737562001555,0.0333426874733578,0.016736293013998777,-0,-0,-0,0.05948561143312352,0.026032515180490018,0.04309985658196719,0.06169818808960519,-0,0.03407115952325587
bremen,2021.7917808219179,0.045186827481403145,0.015004164454808108,0.028363333966020723,0.014796104845729624,0.029664059510800134,0.0753505669856915,0.030231186033897517,0.07889702301221904,0.08503749456906902,0.06803969405293667,0.10652183034882469,0.08639172498664163,0.016512621517401002,0.22506917623953704,0.13049119343191662,0.09945665117446231,0.1135202218096395,0.0813656241647382,0.015961249379015705,0.07657435340797546,0.08064169733642133,0.061500353873676805,0.022624921277220225,0.06095891671041996,0.031266598117788875,0.08333433946005508,0.03224999853293815,0.010359431833667443,0.06253638877551028,0.07333528785690926,0.020351582046756276,0.038697195206966725,0.010255411216783925,0.07044008813775385,0.03228642112769874,0.054503754053654936,0.09097032669798226,0.08378225863909303,0.011618097789846972,0.05791343770660666,0.08309475636668727,0.07255940017875696,0.025163687586970677,0.06360888886015278,0.06770125260683996,0.05299419452759971,0.026781695539369616,0.040789193493936525,0.08137604045163893,0.0127935736740862,0.0724760840694246,0.04539500872399343,0.05350431663758648,0.03041849523516744,0.030199967899287996,0.039217584926829904,0.029638044681042794,0.039883691367567725,0.04242330045281737,0.03228642112769874,0.011394448307400865,-0,0.02464864095688728,-0,0.026323861815248883,0.014078305584640034,0.014697276823043805,-0,0.032265608213284745,0.033420737562001555,0.016668671297279614,0.016736293013998777,0.016642662968114338,-0,0.058527725094200844,0.019820977127133783,-0,0.021548063989735425,0.020559663885343877,0.022276370825420815,0.011352839207489517
bremen,2021.8109589041096,0.030116719631940177,-0,0.028363333966020723,-0,0.029664059510800134,0.015061380993247308,0.060485163817097586,0.07889702301221904,0.10206169401694025,0.05102142244574989,0.08875129531806535,0.017266866458460307,0.049548398694545734,0.10376025223654954,0.04889257822279298,0.03312935116212396,0.016200523362532936,0.06508231096769956,0.06387962053352846,0.030616211235144776,0.013433334989914014,0.012294253237996145,0.045254486293824905,0.020309965778955996,0.020840575688244416,0.031235379361559235,0.06451480422316777,0.041444911773675035,0.041684303047304194,0.052369562024719166,0.020351582046756276,0.05805920015885821,0.05128688346029775,0.060370630798452174,0.04305301779711293,0.03269227462379457,0.01136324147934599,0.03589238429710271,0.058121669906333065,0.046326629994750346,0.08309475636668727,0.04836168199407969,0.025163687586970677,0.07634000909759897,0.05415498985663954,0.013240885636274406,0.026781695539369616,0.040789193493936525,0.0678053882017954,0.0511931911827709,0.012070600847419764,0.011347638072338734,0.042798007375258386,0.03041849523516744,0.010062973624097329,0.009802923954613985,0.009875737730976804,0.02990859954665048,0.04242330045281737,0.021522053219978347,0.03418563463037699,0.059490817385352036,-0,-0,0.013157664514751354,0.04224635645579311,-0,-0,0.032265608213284745,0.016705082979971943,-0,-0,-0,-0,0.019503657164320395,0.05948561143312352,0.026032515180490018,-0,0.04112225571382718,-0,0.017032789271509446
bremen,2021.8301369863013,0.015056179487153957,-0,0.028363333966020723,0.10366125498948464,0.07418929841689864,0.015061380993247308,0.030231186033897517,0.03154236461180955,0.03399831185903285,0.06803969405293667,0.0709920382379437,0.06910189381982798,0.049548398694545734,0.06914875607398799,0.04889257822279298,0.04970454764503421,0.1135202218096395,0.1628587625876998,0.07986570063308883,0.07657435340797546,0.026864938467750194,0.061500353873676805,0.03394107448015803,0.04063307131271867,0.031266598117788875,0.031235379361559235,0.010749511000238682,-0,0.031261394990446154,0.052369562024719166,0.040711132344735924,0.029018895573813784,0.02050764334763409,0.030179155819956553,0.04305301779711293,0.08723032381142756,0.06821151901477014,0.08378225863909303,0.058121669906333065,0.05791343770660666,0.0355957804857931,0.024175218756174933,0.025163687586970677,0.10181160424112141,0.08125104514647673,0.06624858280280316,0.1072148531593157,0.10884583802388555,0.08137604045163893,0.06399936768481014,0.09665377082749971,0.0794698946937746,0.02139720170624013,0.01013578776460552,0.010062973624097329,0.04902270067452132,0.029638044681042794,0.02990859954665048,0.06364533342638877,0.010759913151403842,0.03418563463037699,0.035684241094578885,0.049314176147994666,-0,0.026323861815248883,0.056336105875005114,0.044099094042913775,0.030980426887232786,0.032265608213284745,0.016705082979971943,0.016668671297279614,0.016736293013998777,-0,0.018119956679774157,-0,0.03964951234941883,0.07813667580033348,-0,-0,-0,0.011352839207489517
bremen,2021.849315068493,0.030116719631940177,-0,-0,0.0740226611087089,0.029664059510800134,0.0753505669856915,0.015113396082826297,0.07889702301221904,0.10206169401694025,0.034008718661960216,0.05323363897643907,0.06910189381982798,0.09914405480310667,0.05185424585827647,0.08151666052909237,0.0662850292191406,0.06483760546511605,0.03253097349605066,0.11184740073735673,0.06125045909779729,0.026864938467750194,0.024591413868446203,0.03394107448015803,0.0711274231195362,0.04168950721766337,0.09375727255210449,0.02149604246322626,0.041444911773675035,0.06253638877551028,0.02094461748183015,0.040711132344735924,0.06773770004135177,0.08208435285628438,0.09058485435712406,0.021522053219978347,0.03269227462379457,0.10235346694225979,0.011961375610928578,0.046493178572735924,0.10429171436361304,0.09497628273953139,0.06045913356343741,0.025163687586970677,0.03815599542268296,0.04060705099475553,0.05299419452759971,0.1206342208488486,0.027187506073877092,0.08137604045163893,0.08962118600626241,0.04830442880300376,0.04539500872399343,0.02139720170624013,0.03041849523516744,0.02013309701238007,0.06864889420688888,0.029638044681042794,0.07979799677198164,0.04242330045281737,0.03228642112769874,0.03418563463037699,0.02379024124304235,0.012325460624785496,0.03882208826478198,0.05265585099048706,0.028160423714738265,-0,-0,0.032265608213284745,-0,-0,0.016736293013998777,0.03329065414601013,0.05438402876712825,0.019503657164320395,0.019820977127133783,0.026032515180490018,0.04309985658196719,0.06169818808960519,0.044557084296413356,0.011352839207489517
bremen,2021.868493150685,0.030116719631940177,0.030012659485178096,0.04254820246029053,0.014796104845729624,0.04449983529412531,0.030127125658070207,0.07561615223036772,0.14209677224306433,0.15316775908601066,0.08506353712912064,0.19545527446454972,0.27696548721174485,0.11568298302061415,0.03456548565492474,0.08151666052909237,0.09945665117446231,0.06483760546511605,0.11394755544817609,0.04790365823049482,0.09189755565383419,0.067190991206005,0.07380915783799025,0.0792251214758117,0.06095891671041996,0.052119711124449006,0.031235379361559235,0.07527766146953588,0.010359431833667443,0.09383541337359108,0.03141748903711387,0.05089650008429897,0.08711052315131129,0.09235075784437298,0.04023756388479322,0.09692467460015795,0.06541032227748332,0.045462667807286986,0.07180435281479132,0.02323879193279972,0.0810948014375407,0.05933984498241495,0.16945781522420308,0.07552762366475863,0.012715554539894168,0.05415498985663954,0.06624858280280316,0.053582396993984635,0.040789193493936525,0.0678053882017954,0.0511931911827709,0.024149206672257714,0.09082968105333036,0.03209390198722579,0.05070911710481969,0.010062973624097329,0.04902270067452132,0.06917999760022556,0.019940622861716432,0.0318129293857595,0.03228642112769874,0.06838855138746201,0.02379024124304235,0.03697994607979251,0.025876437297627643,0.05265585099048706,0.014078305584640034,0.029393505917522614,0.015487906263722354,0.032265608213284745,-0,0.050022051957037725,0.050219842508455105,0.03329065414601013,0.018119956679774157,-0,0.019820977127133783,0.026032515180490018,0.021548063989735425,0.04112225571382718,0.022276370825420815,0.017032789271509446
bremen,2021.8876712328768,0.030116719631940177,0.06004785728494358,0.05673694144297411,0.0740226611087089,0.07418929841689864,0.15081047912832535,0.13618417258791057,0.23704587558764129,0.2896966665940777,0.3239896270330848,0.4810708338118442,0.29432458223049435,0.18190700390705228,0.259784644372525,0.14682107841648812,0.03312935116212396,0.12975615639058374,0.0813656241647382,0.09585148716430554,0.19932312879943578,0.0940958836265823,0.11075827201674351,0.06789911041556487,0.0711274231195362,0.08341767296866587,0.08333433946005508,0.08603753824087862,0.09329363942655759,0.18784046145764108,0.10479712946457659,0.1222343532377752,0.1258726225072717,0.08208435285628438,0.10066016474883842,0.11848688928687505,0.06541032227748332,0.06821151901477014,0.08378225863909303,0.06975276224102595,0.06950282780375933,0.07121594419424157,0.0967683837898426,0.21427527396621512,0.08907424704880089,0.12192161990939511,0.09277270826209914,0.16090789871730515,0.0543944396506662,0.0678053882017954,0.15373101878705006,0.0724760840694246,0.06810738260648591,0.08563126817966449,0.08115729886478183,0.060417485184679445,0.09809687065089488,0.059292991567180445,0.04986069706441244,0.07426220240715245,0.021522053219978347,0.05698681452927201,0.02379024124304235,0.06164612638086032,0.051765757737381596,0.0394881896392975,0.04224635645579311,0.058808842081718965,0.030980426887232786,0.06455645588372355,0.0501365621845861,0.050022051957037725,0.050219842508455105,0.03329065414601013,0.03625143327962272,0.058527725094200844,-0,0.026032515180490018,0.021548063989735425,0.04112225571382718,0.044557084296413356,0.045431440527134145
bremen,2021.9068493150685,0.015056179487153957,0.06004785728494358,0.08513124784629891,0.08883984639949259,0.11875790682744561,0.12061337254332412,0.1513372071927819,0.30044347584020925,0.3067880121523086,0.28979078958849896,0.3202223634252179,0.3116894741494672,0.19847228055863197,0.1730472168191265,0.08151666052909237,0.23236559842431742,0.1622484577347036,0.24447459106562372,0.09585148716430554,0.12256793752780443,0.1479370368019565,0.1354021330287262,0.12454863832524499,0.11181613356609758,0.1774195261447253,0.08333433946005508,0.09680485160356955,0.12442875165824058,0.13559503502723913,0.02094461748183015,0.14263384061485196,0.184072611361512,0.071814767186624745,0.10066016474883842,0.19403034801815464,0.1090594851981071,0.159301359895532,0.07180435281479132,0.06975276224102595,0.17393417108642378,0.19012635399035077,0.12098864332163896,0.12594038638404215,0.05088088481022107,0.12192161990939511,0.13258688799494597,0.14747813512735192,0.14972053403722843,0.13569930667574084,0.15373101878705006,0.09665377082749971,0.13630408636028368,0.06421283068189924,0.04056021445523075,0.07049736570589926,0.09809687065089488,0.0790740917671748,0.04986069706441244,0.10612061083790783,0.15085219996856822,0.0912099460798259,0.11904977345081677,0.07398620926872651,0.10358309940124799,0.09218927155340594,0.014078305584640034,0.029393505917522614,0.030980426887232786,0.032265608213284745,0.06685776197343135,0.06671197485566142,0.10048302247453074,0.04994397694647196,0.05438402876712825,0.03900942841394738,0.05948561143312352,0.026032515180490018,0.12940688711173642,0.04112225571382718,0.022276370825420815,0.03407115952325587
bremen,2021.9260273972602,0.030116719631940177,0.1201599239661604,-0,0.14815084464696726,0.17823350498711213,0.10552139265730397,0.22717390877955052,0.284588135184654,0.3923238659317602,0.40958525078610863,0.33806695763532085,0.20758699881598439,0.29799583199366086,0.13838958749545893,0.13049119343191662,0.09945665117446231,0.1135202218096395,0.0813656241647382,0.09585148716430554,0.12256793752780443,0.12100949177762094,0.11075827201674351,0.10188454696815752,0.12199459085112532,0.15651611475307264,0.09375727255210449,0.16143994524168673,0.10366646536620767,0.11470842647313338,0.10479712946457659,0.17325069322556805,0.08711052315131129,0.11290007314131235,0.12081143178328395,0.09692467460015795,0.1090594851981071,0.22772230221528744,0.2157164201354019,0.10466165689376594,0.17393417108642378,0.10686052455340338,0.10887710340918673,0.11333261302886727,0.1400424065552753,0.20336354298206977,0.13258688799494597,0.13405705249827263,0.16334909817165422,0.10853318520480094,0.12807760011724797,0.1692647875658148,0.14768151150617576,0.10706374213504845,0.06085479482533826,0.1007383159440476,0.08827728915207608,0.11865366914468414,0.04986069706441244,0.08488123948264159,0.09692467460015795,0.05698681452927201,0.035684241094578885,0.06164612638086032,0.051765757737381596,0.0394881896392975,0.014078305584640034,0.044099094042913775,-0,0.032265608213284745,0.033420737562001555,0.050022051957037725,-0,0.03329065414601013,0.05438402876712825,0.03900942841394738,0.019820977127133783,0.10420834739624837,-0,0.08227705716529682,0.08915758975652173,0.03690709434049092
bremen,2021.945205479452,0.1205821001007099,0.015004164454808108,0.04254820246029053,0.11848688928687505,0.10389572245900044,0.18102513177317275,0.2727259382148915,0.22120985079920594,0.2896966665940777,0.40958525078610863,0.28454107837446674,0.38120708834445693,0.3810761319898417,0.1730472168191265,0.19585718385536144,0.1658686613776363,0.12975615639058374,0.1954865919678229,0.17586465325968373,0.1532564199306483,0.1479370368019565,0.12307874261917741,0.13588699616994152,0.1321750408529899,0.12517413846223166,0.14591894264814123,0.09680485160356955,0.09329363942655759,0.08340204792563059,0.13627801812537751,0.14263384061485196,0.1064905663796164,0.11290007314131235,0.13089260102519173,0.12927135041146162,0.08723032381142756,0.09097032669798226,0.13172149144540227,0.11630316487883224,0.150706177174165,0.10686052455340338,0.0967683837898426,0.13855121732574419,0.06360888886015278,0.17620379942109576,0.10604245155319418,0.09380415703090686,0.16334909817165422,0.13569930667574084,0.14090272748608468,0.04830442880300376,0.14768151150617576,0.10706374213504845,0.14210198647243283,0.12090524958129899,0.04902270067452132,0.0790740917671748,0.02990859954665048,0.1167461564490143,0.08614691918430457,0.0912099460798259,0.07139819394017767,0.07398620926872651,0.07766797415396379,0.05265585099048706,0.04224635645579311,0.044099094042913775,0.04647756462089169,0.032265608213284745,0.016705082979971943,0.06671197485566142,0.016736293013998777,0.06660263478556433,0.09067340856098663,0.03900942841394738,0.03964951234941883,0.026032515180490018,0.04309985658196719,0.04112225571382718,0.044557084296413356,0.01987299697791034
bremen,2021.964383561644,0.045186827481403145,0.09009520442276187,0.08513124784629891,0.11848688928687505,0.2675824858693586,0.15081047912832535,0.2879240486837162,0.284588135184654,0.4094489818379736,0.35821097082798004,0.33806695763532085,0.3986010229362224,0.21504805752537864,0.20772273979809266,0.27768169669418297,0.19910911044676197,0.1622484577347036,0.1954865919678229,0.20790546860279632,0.1072304853593004,0.21531957879963545,0.18472492043780275,0.18126516649391566,0.22387322473818755,0.20879301764517008,0.1250490378329057,0.20457468435838436,0.1867497399319644,0.16693286139028962,0.22031686772101713,0.224311911177618,0.14526712018511873,0.1951629786768679,0.18132778442937425,0.18323244932823352,0.13089781413119814,0.13651263271001118,0.16770494169829805,0.17455504807517533,0.150706177174165,0.16632250871950335,0.15733498220543785,0.15116510733735458,0.1783013371324538,0.16262924539236664,0.13258688799494597,0.21465644279996343,0.10884583802388555,0.16287962783750962,0.15373101878705006,0.0724760840694246,0.1932056831511587,0.10706374213504845,0.08115729886478183,0.1410852216346179,0.10791309600835212,0.06917999760022556,0.08978266432221575,0.09550244553853429,0.07537139715193886,0.06838855138746201,0.059490817385352036,0.08632922126796908,0.10358309940124799,0.05265585099048706,0.056336105875005114,0.058808842081718965,0.015487906263722354,-0,0.0501365621845861,0.06671197485566142,0.06696710257998466,0.03329065414601013,-0,0.019503657164320395,0.07932928015113494,0.026032515180490018,0.06466579165141338,0.020559663885343877,0.022276370825420815,0.06247391372423515
bremen,2021.9835616438356,0.1356732387440163,0.09009520442276187,0.09933161240042153,0.11848688928687505,0.16335953089388777,0.18102513177317275,0.22717390877955052,0.22120985079920594,0.2213874048178564,0.3239896270330848,0.24888948521707127,0.29432458223049435,0.21504805752537864,0.19038208794353367,0.14682107841648812,0.0662850292191406,0.1622484577347036,0.09765403792609657,0.2720411606286217,0.23005695613241506,0.1479370368019565,0.17238983694746182,0.24940153270163945,0.1932891929223062,0.20879301764517008,0.18768911595547882,0.26934918347886644,0.14519411657805653,0.18784046145764108,0.1992918089854866,0.21409774423023586,0.15496186677437282,0.1951629786768679,0.24190942237275911,0.24805350015988342,0.24023769010938212,0.18209486025835792,0.227727525037713,0.19787199723091475,0.150706177174165,0.16632250871950335,0.15733498220543785,0.18901992770505413,0.1400424065552753,0.14905301913722382,0.11931037003457243,0.2550030344529518,0.17698645285103334,0.08137604045163893,0.20507585455868244,0.18137474793045935,0.11356191274172689,0.11777808085878183,0.1014625226068714,0.16127302809899607,0.17670469625922552,0.0790740917671748,0.1297405174174775,0.12737387370040518,0.07537139715193886,0.07979799677198164,0.09521592058183459,0.012325460624785496,0.09062652690485784,0.0790063889367317,0.04224635645579311,0.08823561848696099,0.030980426887232786,0.06455645588372355,0.06685776197343135,0.0333426874733578,0.050219842508455105,0.03329065414601013,0.03625143327962272,-0,0.019820977127133783,0.052078069424449425,0.06466579165141338,0.04112225571382718,0.0668525552836129,0.02270815755159101
bremen,2022.0027397260274,0.15076875832155606,0.1051253913883346,0.07092955302685955,0.11848688928687505,0.13361912681028806,0.12061337254332412,0.16649465874745234,0.1262896323800833,0.35809054423792935,0.35821097082798004,0.28454107837446674,0.3116894741494672,0.4809448740372214,0.259784644372525,0.2613054452594258,0.41567054745656085,0.3087025090242184,0.4244931335642483,0.41664551905267794,0.35316900046840866,0.41799792927336876,0.46925293699016446,0.5456969288056708,0.5409782812927568,0.3554517011477374,0.5020158893640039,0.4424627072591327,0.4368042697166954,0.37635668508418335,0.37825803115098494,0.4085684833968138,0.4077666138595435,0.4117184304845727,0.3936756437372873,0.46472485434364075,0.2511832882465024,0.2619639501638503,0.2397414049394996,0.267890869589373,0.197167325644753,0.35706431156803226,0.3029958425583703,0.2521813070305255,0.47255873879453014,0.23053747956546553,0.14586158194352436,0.3088437451917642,0.16334909817165422,0.2581332408602985,0.17939709943235346,0.2419721133781388,0.2045903458540276,0.19287164540770493,0.15227072845396009,0.20166694840362362,0.2652827327506952,0.17808218744328708,0.2297592427549641,0.15926484822641365,0.2696837128619645,0.14829686026582328,0.14288934110777754,0.17279678541189578,0.1943904905755905,0.18453705458486036,0.22571677717836713,0.07351754503089716,0.06197932221751342,0.12919315632200312,0.06685776197343135,0.16693286139028962,0.13402055855007317,0.06660263478556433,0.05438402876712825,0.09758110113313928,0.019820977127133783,0.10420834739624837,-0,0.10286928379782258,0.08915758975652173,0.08237080546573021
