State,week_end_num,A00,A01,A02,A03,A04,A05,A06,A07,A08,A09,A10,A11,A12,A13,A14,A15,A16,A17,A18,A19,A20,A21,A22,A23,A24,A25,A26,A27,A28,A29,A30,A31,A32,A33,A34,A35,A36,A37,A38,A39,A40,A41,A42,A43,A44,A45,A46,A47,A48,A49,A50,A51,A52,A53,A54,A55,A56,A57,A58,A59,A60,A61,A62,A63,A64,A65,A66,A67,A68,A69,A70,A71,A72,A73,A74,A75,A76,A77,A78,A79,A80+
berlin,2020.0109289617487,-0,-0,-0,-0,-0,-0,-0,-0,-0,-0,-0,-0,-0,-0,-0,-0,-0,-0,-0,-0,-0,-0,-0,-0,-0,-0,-0,-0,-0,-0,-0,-0,-0,-0,-0,-0,-0,-0,-0,-0,-0,-0,-0,-0,-0,-0,-0,-0,-0,-0,-0,-0,-0,-0,-0,-0,-0,-0,-0,-0,-0,-0,-0,-0,-0,-0,-0,-0,-0,-0,-0,-0,-0,-0,-0,-0,-0,-0,-0,-0,-0
berlin,2020.0300546448088,-0,-0,-0,-0,-0,-0,-0,-0,-0,-0,-0,-0,-0,-0,-0,-0,-0,-0,-0,-0,-0,-0,-0,-0,-0,-0,-0,-0,-0,-0,-0,-0,-0,-0,-0,-0,-0,-0,-0,-0,-0,-0,-0,-0,-0,-0,-0,-0,-0,-0,-0,-0,-0,-0,-0,-0,-0,-0,-0,-0,-0,-0,-0,-0,-0,-0,-0,-0,-0,-0,-0,-0,-0,-0,-0,-0,-0,-0,-0,-0,-0
berlin,2020.049180327869,-0,-0,-0,-0,-0,-0,-0,-0,-0,-0,-0,-0,-0,-0,-0,-0,-0,-0,-0,-0,-0,-0,-0,-0,-0,-0,-0,-0,-0,-0,-0,-0,-0,-0,-0,-0,-0,-0,-0,-0,-0,-0,-0,-0,-0,-0,-0,-0,-0,-0,-0,-0,-0,-0,-0,-0,-0,-0,-0,-0,-0,-0,-0,-0,-0,-0,-0,-0,-0,-0,-0,-0,-0,-0,-0,-0,-0,-0,-0,-0,-0
berlin,2020.068306010929,-0,-0,-0,-0,-0,-0,-0,-0,-0,-0,-0,-0,-0,-0,-0,-0,-0,-0,-0,-0,-0,-0,-0,-0,-0,-0,-0,-0,-0,-0,-0,-0,-0,-0,-0,-0,-0,-0,-0,-0,-0,-0,-0,-0,-0,-0,-0,-0,-0,-0,-0,-0,-0,-0,-0,-0,-0,-0,-0,-0,-0,-0,-0,-0,-0,-0,-0,-0,-0,-0,-0,-0,-0,-0,-0,-0,-0,-0,-0,-0,-0
berlin,2020.0874316939892,-0,-0,-0,-0,-0,-0,-0,-0,-0,-0,-0,-0,-0,-0,-0,-0,-0,-0,-0,-0,-0,-0,-0,-0,-0,-0,-0,-0,-0,-0,-0,-0,-0,-0,-0,-0,-0,-0,-0,-0,-0,-0,-0,-0,-0,-0,-0,-0,-0,-0,-0,-0,-0,-0,-0,-0,-0,-0,-0,-0,-0,-0,-0,-0,-0,-0,-0,-0,-0,-0,-0,-0,-0,-0,-0,-0,-0,-0,-0,-0,-0
berlin,2020.1065573770493,-0,-0,-0,-0,-0,-0,-0,-0,-0,-0,-0,-0,-0,-0,-0,-0,-0,-0,-0,-0,-0,-0,-0,-0,-0,-0,-0,-0,-0,-0,-0,-0,-0,-0,-0,-0,-0,-0,-0,-0,-0,-0,-0,-0,-0,-0,-0,-0,-0,-0,-0,-0,-0,-0,-0,-0,-0,-0,-0,-0,-0,-0,-0,-0,-0,-0,-0,-0,-0,-0,-0,-0,-0,-0,-0,-0,-0,-0,-0,-0,-0
berlin,2020.1256830601094,-0,-0,-0,-0,-0,-0,-0,-0,-0,-0,-0,-0,-0,-0,-0,-0,-0,-0,-0,-0,-0,-0,-0,-0,-0,-0,-0,-0,-0,-0,-0,-0,-0,-0,-0,-0,-0,-0,-0,-0,-0,-0,-0,-0,-0,-0,-0,-0,-0,-0,-0,-0,-0,-0,-0,-0,-0,-0,-0,-0,-0,-0,-0,-0,-0,-0,-0,-0,-0,-0,-0,-0,-0,-0,-0,-0,-0,-0,-0,-0,-0
berlin,2020.1448087431695,-0,-0,-0,-0,-0,-0,-0,-0,-0,-0,-0,-0,-0,-0,-0,-0,-0,-0,-0,-0,-0,-0,-0,-0,-0,-0,-0,-0,-0,-0,-0,-0,-0,-0,-0,-0,-0,-0,-0,-0,-0,-0,-0,-0,-0,-0,-0,-0,-0,-0,-0,-0,-0,-0,-0,-0,-0,-0,-0,-0,-0,-0,-0,-0,-0,-0,-0,-0,-0,-0,-0,-0,-0,-0,-0,-0,-0,-0,-0,-0,-0
berlin,2020.1639344262296,-0,-0,-0,-0,-0,-0,-0,-0,-0,-0,-0,-0,-0,-0,-0,-0,-0,-0,-0,-0,-0,-0,-0,-0,-0,-0,-0,-0,-0,-0,-0,-0,-0,-0,-0,-0,-0,-0,-0,-0,-0,-0,-0,-0,-0,-0,-0,-0,-0,-0,-0,-0,-0,-0,-0,-0,-0,-0,-0,-0,-0,-0,-0,-0,-0,-0,-0,-0,-0,-0,-0,-0,-0,-0,-0,-0,-0,-0,-0,-0,-0
berlin,2020.1830601092897,-0,-0,-0,-0,-0,-0,-0,-0,-0,-0,-0,-0,-0,0.003458114983596041,-0,-0,-0,-0,-0,-0,-0,-0,0.0026676684262789594,-0,0.002267249426398356,0.0043161791239144645,-0,-0,0.0018616333234368946,-0,-0,0.00153402262694581,0.0015236223211765214,-0,0.003286503854617896,0.0017056279724545263,-0,0.003629726678935282,-0,-0,-0,0.004160166408873586,0.002189246083955761,-0,-0,-0,-0,0.0025740637086042453,-0,-0,-0,-0,-0,-0,-0,-0,-0,-0,-0,-0,-0,-0,-0,-0,-0,-0,-0,-0,-0,-0,-0,-0,-0,-0,-0,-0,-0,-0,-0,-0,-0
berlin,2020.2021857923498,-0,-0,0.002787274699628602,-0,-0,-0,-0,-0,0.003140894855977498,-0,-0,-0,-0,-0,-0,-0,0.00364532777022918,-0,0.003655728500360734,0.0034217125755785886,-0,0.005751518064810153,0.0026676684262789594,0.0072857103759284385,0.009059189078280308,0.006479603687694912,0.004092561044388847,0.0019188354027312412,0.00929843130453477,0.008840751485169706,0.006172766360933059,0.004597003190534185,0.00610515837981182,0.0031616961165344864,0.003286503854617896,0.006828048271176257,0.005345874782669774,0.009079992706433657,0.005533094365837986,0.0037285336695298504,0.0019396361744404699,0.002080041601111447,0.006568014778865976,0.006698031362482135,-0,0.002459658171372907,0.005023442636186012,-0,0.0049922396313357474,0.0022828501089257784,-0,0.0021736454295049716,0.004134164335210349,0.0061831675966001545,0.001955236758679912,0.007686168021811396,0.0075353459489994855,0.003801338940633584,0.0019968383395411833,0.004175767659317145,0.0022308478520263295,0.004607404111015946,-0,0.005221062101703512,0.002646867363344045,0.005325072648370196,-0,0.0027248713922515093,-0,-0,0.002589664483180265,-0,0.0031044926700280707,-0,-0,0.007712171871679231,-0,-0,-0,-0,3.796013855489989e-4
berlin,2020.22131147541,0.005663108361845575,0.005595501043354282,-0,-0,-0,0.0029484835903008004,0.0029484835903008004,0.003135694542141295,-0,0.003302104842938069,0.003250101566730168,0.003302104842938069,0.0033437075013491397,0.041517769870723725,0.010609082163175756,0.0036661292325725816,-0,-0,0.018291616769384955,0.01027101429604918,-0,0.008627515672217152,0.01601846697056299,0.019430829905075154,0.018119956679774157,0.01511859759464297,0.014322772336291164,0.01920194489718205,0.020455622861971112,0.01945163768302315,0.018525699623015233,0.02144922313386767,0.027468453683754307,0.01896785899936338,0.014785701887127897,0.006828048271176257,0.008913563914253455,0.016346168935031078,0.005533094365837986,0.013053638300148022,0.013578972812054932,0.01663746130384459,0.017521751704830134,0.011160397553490643,0.006968466897708303,0.01723045438239712,0.017589374530914144,0.007717372643216724,0.012481497839660073,0.015971652572796494,0.022437640147034817,0.021740544090332155,0.012408680414448115,0.020606482413774968,0.01563875140413218,0.026911762673521824,0.011300827879420765,0.01140485058758098,0.003993753362091565,0.004175767659317145,0.004456590967648947,0.013823437216201025,0.002506460406183855,0.002610465523232866,0.013246086960794733,-0,0.010702701345748982,0.005444685034233358,-0,0.005403080694905341,0.01036983390680092,0.005621503847760371,-0,-0,0.004394185656960979,-0,0.0029744850710829926,-0,-0,0.002662468159768038,0.0022776498808985165
berlin,2020.24043715847,-0,0.0027976752581388934,-0,0.00557989936695659,0.0027456724863896592,-0,-0,-0,0.00941805283042896,0.006609620050255059,0.003250101566730168,0.003302104842938069,0.010026566592080932,0.0069164599547856965,0.007072480939606985,0.0036661292325725816,0.010931548946051022,0.003744134790467952,0.018291616769384955,0.017116016595036396,0.03403993908323867,0.025892045064830553,0.0373910399502511,0.031573583552341675,0.04077878533393879,0.04103898995885807,0.038879331016529885,0.040336440459756685,0.027900283525187867,0.04598832983793396,0.02624582237801991,0.030642226554263303,0.027468453683754307,0.03003867450234462,0.02793150027922066,0.03414921070531789,0.01782345422334967,0.023613360638545626,0.027676564003035045,0.01491573901923189,0.023280410544644137,0.01871296666461594,0.028472593660054855,0.017859866714652974,0.018577718178029532,0.01969612969759165,0.0201018849395494,0.010286617380002059,0.024965992317620228,0.022822607646395064,0.033660091897678726,0.026089743854916102,0.024820322600089137,0.01854650703877881,0.021501244613538126,0.03652722621056747,0.022609314490611505,0.024711070579739352,0.023956717655714922,0.02087178820446432,0.022297179742036412,0.01151927580689688,0.017542558718875164,0.013053638300148022,0.021194318635769496,0.015982055768658562,0.013381321580855659,0.005444685034233358,0.01645020173657643,0.00810743199074506,0.023332433856291586,0.01404709714588307,0.006214371316084415,0.0032969045129798693,0.004394185656960979,0.007712171871679231,0.011904162483377698,0.011285224491147437,0.006047951695206187,0.018640140512742695,0.006828048271176257
berlin,2020.25956284153,0.016996377359348447,0.005595501043354282,0.008367473181271885,-0,0.00823745242345698,0.0029484835903008004,-0,0.006266377556829031,0.003140894855977498,0.006609620050255059,0.006500406283859512,-0,0.016715486322566215,0.0069164599547856965,0.0035361202294481955,0.02201105786842406,0.014577643152146528,0.007488539187764362,0.018291616769384955,0.023961920052196124,0.0185621126060625,0.020138299026342812,0.03204707311488609,0.029143765388525065,0.009059189078280308,0.02375902697499953,0.01227344832387483,0.023046306286314225,0.026037717784650798,0.017683006281443467,0.016980772261945817,0.030642226554263303,0.019836583076899693,0.020549259773638633,0.019716937581699536,0.017069201209161364,0.024955587324263617,0.018161571194918236,0.022141113070355437,0.009324435960666313,0.015519115567216623,0.02287463050003617,0.010947152228198982,0.031261394990446154,0.030194764878671343,0.027083451788759295,0.0201018849395494,0.03602247422176405,0.02746325093644055,0.025101257420712536,0.01570637178153197,0.028264480154948684,0.016543831435914005,0.024731880470681117,0.03127700437403043,0.02499200481011761,0.02072612995572637,0.013303301564821176,0.01397427752827598,0.02713027619129514,0.022297179742036412,0.013823437216201025,0.01253351034866999,0.015664759231185592,0.029143765388525065,0.010655891733390849,0.013381321580855659,0.00816984175787542,0.019191541057124385,0.010811923938442575,0.012960014884929158,0.002808075818729408,0.006214371316084415,0.01978976524164689,0.008783541790988263,0.02700541121156181,0.023816253147388236,0.008466289174640396,0.033264637501864175,0.021303563267664152,0.022770584844805403
berlin,2020.27868852459,0.008497494264191401,0.0027976752581388934,0.008367473181271885,0.00557989936695659,-0,0.0029484835903008004,0.0029484835903008004,0.006266377556829031,-0,-0,0.006500406283859512,0.003302104842938069,0.0033437075013491397,0.003458114983596041,0.0035361202294481955,0.007337717688158038,0.00364532777022918,0.007488539187764362,0.007316914757024442,0.017116016595036396,0.012377472977715043,0.014385189563441887,0.010681897068388959,0.029143765388525065,0.011326833536955195,0.01511859759464297,0.01227344832387483,0.013443737677968907,0.016736293013998777,0.01945163768302315,0.02470066563739144,0.013787027551257304,0.004576201355811764,0.015810403303080256,0.019716937581699536,0.02389949132873866,0.016039273383099933,0.010895141305903801,0.027676564003035045,0.009324435960666313,0.011638902441767738,0.012476296591617569,0.030663038818931464,0.011160397553490643,0.013932666363999407,0.01969612969759165,0.0201018849395494,0.012861190351738811,0.024965992317620228,0.01825520397575175,0.020195521214244932,0.021740544090332155,0.012408680414448115,0.016486613266285477,0.011727322305289757,0.019222752583541985,0.015071784007000691,0.005699512338984012,0.021959035878733293,0.006261176930416317,0.011149995322211734,0.004607404111015946,0.010026566592080932,0.005221062101703512,0.015893628670174555,0.007993014278885702,0.013381321580855659,0.01088994021653837,0.013709006926505778,0.00810743199074506,0.018145965747833594,-0,0.021750948440391216,0.006594018069580277,0.004394185656960979,0.007712171871679231,0.023816253147388236,0.008466289174640396,0.0030212877692570046,0.01597685417046448,0.028462187965017663
berlin,2020.2978142076502,0.0028340772293037934,-0,-0,-0,-0,0.005897134373841046,0.005897134373841046,-0,0.00627677881122061,0.006609620050255059,0.006500406283859512,-0,0.006687630023829551,-0,-0,-0,0.00364532777022918,-0,0.003655728500360734,0.013693402815599425,0.0030940920501508267,0.014385189563441887,0.010681897068388959,0.0072857103759284385,0.002267249426398356,0.019436031848784455,0.01227344832387483,0.003837741614408134,0.00929843130453477,0.017683006281443467,0.009262024807791492,0.006125960826174338,0.0030524895914443187,0.01106677754689829,0.006573215435966263,0.013656993241703807,0.021386797426959762,-0,0.0018460327672737322,0.007457334703679101,0.005819125586151741,0.002080041601111447,0.0043785843409866404,0.008929166590890197,0.011612896628170248,0.01969612969759165,0.002511660657093224,0.010286617380002059,0.017474935953672194,0.013693402815599425,0.011217609862723512,0.010869135864267278,0.01447881554465439,0.010302220468631015,0.019545272786826284,0.0038429419984537592,0.011300827879420765,0.013303301564821176,0.0079826126812,0.01460885190932469,0.0022308478520263295,0.004607404111015946,0.01253351034866999,0.005221062101703512,0.010593478982469807,0.005325072648370196,0.0053510753175478225,0.0027248713922515093,0.0027404722120779263,0.005403080694905341,0.002589664483180265,-0,0.006214371316084415,0.006594018069580277,0.004394185656960979,0.007712171871679231,0.0029744850710829926,0.011285224491147437,0.006047951695206187,0.007987813479779884,0.015935241403672203
berlin,2020.3169398907103,-0,-0,-0,-0,0.0027456724863896592,0.0029484835903008004,0.005897134373841046,0.006266377556829031,0.00627677881122061,0.003302104842938069,-0,-0,0.006687630023829551,0.003458114983596041,0.010609082163175756,0.007337717688158038,0.00364532777022918,0.003744134790467952,0.003655728500360734,0.0068436503220691836,0.0061883682152110014,0.008627515672217152,0.008008616679312571,0.004857026826684956,0.009059189078280308,0.008637917398898307,0.01227344832387483,0.009600086115211843,0.00929843130453477,0.0017680300566801682,0.0030888917409951843,0.006125960826174338,0.007628959597872207,0.00790460076488041,0.003286503854617896,0.003411311892253395,0.008913563914253455,-0,0.01106677754689829,-0,0.0038793447013583844,0.014556837324433585,0.006568014778865976,0.004466991860045813,0.004643807349082134,0.0049246331850620285,-0,-0,0.0049922396313357474,0.0068436503220691836,0.006729235390917331,0.010869135864267278,0.008273858202872625,0.008242653247524817,0.007816187401200813,0.007686168021811396,0.013188872419714582,0.007602955789610853,0.009979757588370606,0.006261176930416317,0.004456590967648947,-0,0.007519743690575015,-0,0.005299069992201008,-0,0.00802941988716782,0.0027248713922515093,0.008227050776876028,0.0027040703064400047,0.01036983390680092,0.002808075818729408,0.0031044926700280707,0.006594018069580277,0.017568567498142243,0.003858543153722642,0.005954340892522614,0.008466289174640396,0.0030212877692570046,-0,0.015555526444964511
berlin,2020.3360655737704,0.0028340772293037934,-0,0.002787274699628602,-0,-0,-0,-0,0.006266377556829031,-0,-0,-0,-0,0.006687630023829551,-0,-0,-0,0.0072857103759284385,0.007488539187764362,0.003655728500360734,-0,0.0061883682152110014,0.0028756795132703814,0.008008616679312571,0.004857026826684956,0.004529397258114548,-0,0.006136362052479218,0.003837741614408134,0.00557989936695659,-0,0.0030888917409951843,0.004597003190534185,0.0030524895914443187,-0,0.003286503854617896,0.003411311892253395,0.003562122004072948,0.003629726678935282,0.0018460327672737322,0.009324435960666313,0.0019396361744404699,0.002080041601111447,0.006568014778865976,0.0022308478520263295,0.006968466897708303,0.0049246331850620285,0.01004737060725646,0.0025740637086042453,-0,0.004565800441571103,0.002241248299245859,0.00869512693287168,0.008273858202872625,0.002059240773237899,0.007816187401200813,0.0019240355948756038,0.0037649362923369853,0.003801338940633584,0.015971652572796494,0.004175767659317145,0.006687630023829551,0.00921521649229578,0.002506460406183855,0.007831789748571537,0.007946207105682173,0.005325072648370196,0.0053510753175478225,-0,0.005481088858459028,0.010811923938442575,0.01036983390680092,0.01404709714588307,0.006214371316084415,0.006594018069580277,0.004394185656960979,0.003858543153722642,0.005954340892522614,0.011285224491147437,0.006047951695206187,0.005325072648370196,0.009485665118961466
berlin,2020.3551912568305,0.0028340772293037934,-0,0.002787274699628602,0.00557989936695659,0.005491489955775094,-0,-0,-0,-0,-0,-0,0.003302104842938069,0.0033437075013491397,-0,-0,-0,-0,0.007488539187764362,0.003655728500360734,-0,0.0030940920501508267,0.008627515672217152,-0,0.004857026826684956,0.009059189078280308,0.006479603687694912,0.004092561044388847,0.0019188354027312412,-0,0.0017680300566801682,0.0015444229347952216,0.010723505631432432,0.004576201355811764,0.004742616266586923,0.004929833677805979,0.003411311892253395,0.005345874782669774,0.0018148316689941748,0.0036869307032371557,-0,0.0019396361744404699,0.002080041601111447,-0,0.004466991860045813,0.006968466897708303,0.00984453181433411,0.002511660657093224,0.007717372643216724,0.0049922396313357474,0.0022828501089257784,0.0044877936510806194,-0,-0,0.004118563097248782,0.005860730258351855,0.0019240355948756038,0.005652707230202153,0.005699512338984012,0.003993753362091565,0.0020852418093770505,0.004456590967648947,0.002303651026246831,0.002506460406183855,0.002610465523232866,-0,0.005325072648370196,0.0026780689608667365,0.01088994021653837,-0,0.005403080694905341,0.002589664483180265,0.002808075818729408,0.0031044926700280707,0.0032969045129798693,0.008783541790988263,-0,-0,0.005642306100639183,-0,0.002662468159768038,0.007967010288569753
berlin,2020.3743169398906,0.0028340772293037934,-0,-0,0.002787274699628602,0.0027456724863896592,0.0029484835903008004,-0,0.003135694542141295,-0,-0,0.003250101566730168,0.003302104842938069,-0,0.003458114983596041,0.007072480939606985,0.0036661292325725816,0.00364532777022918,0.003744134790467952,0.007316914757024442,0.0068436503220691836,-0,0.0028756795132703814,0.005340674248317607,0.004857026826684956,0.004529397258114548,0.0043161791239144645,-0,0.0019188354027312412,0.00929843130453477,-0,0.0015444229347952216,0.006125960826174338,0.0015236223211765214,0.0031616961165344864,0.003286503854617896,0.0017056279724545263,0.003562122004072948,0.0018148316689941748,0.0036869307032371557,-0,0.005819125586151741,0.004160166408873586,0.0043785843409866404,0.0022308478520263295,0.004643807349082134,-0,0.002511660657093224,0.007717372643216724,0.002496059905919493,0.011410051728448493,0.002241248299245859,0.0021736454295049716,0.00206964118613459,0.004118563097248782,0.005860730258351855,0.0038429419984537592,-0,0.0018980346393426264,0.0079826126812,0.004175767659317145,-0,-0,0.002506460406183855,0.002610465523232866,0.002646867363344045,0.002662468159768038,-0,-0,-0,-0,0.002589664483180265,0.002808075818729408,-0,-0,-0,0.007712171871679231,0.0029744850710829926,-0,-0,0.005325072648370196,0.0018980346393426264
berlin,2020.3934426229507,-0,-0,-0,-0,-0,-0,0.0029484835903008004,-0,-0,0.003302104842938069,0.009756115152214457,-0,0.0033437075013491397,-0,-0,0.0036661292325725816,0.00364532777022918,0.007488539187764362,0.007316914757024442,0.0068436503220691836,-0,-0,0.005340674248317607,0.0024284567049030854,0.004529397258114548,0.006479603687694912,0.002043640157790284,0.0019188354027312412,0.00743653172469191,-0,0.0015444229347952216,0.006125960826174338,-0,0.0015808240286462535,0.0016432259631080236,0.003411311892253395,-0,0.003629726678935282,0.005533094365837986,0.0018668335098608409,0.005819125586151741,-0,0.0043785843409866404,-0,0.00232445195188862,-0,0.0075353459489994855,0.0025740637086042453,0.0049922396313357474,0.0068436503220691836,0.002241248299245859,0.0021736454295049716,0.004134164335210349,0.004118563097248782,0.0039105470384143285,0.0038429419984537592,0.001882434072264451,-0,0.0019968383395411833,0.0020852418093770505,0.0022308478520263295,0.004607404111015946,0.002506460406183855,-0,-0,0.005325072648370196,-0,-0,-0,-0,-0,0.005621503847760371,-0,0.006594018069580277,-0,0.007712171871679231,0.0029744850710829926,0.005642306100639183,-0,-0,0.003796138560742797
berlin,2020.4125683060108,-0,0.0027976752581388934,-0,-0,-0,-0,0.008845952369577362,0.003135694542141295,0.00941805283042896,-0,0.009756115152214457,-0,-0,0.003458114983596041,0.010609082163175756,-0,-0,0.011238414354413867,0.007316914757024442,0.0068436503220691836,0.0061883682152110014,0.011508873503826681,0.0026676684262789594,0.004857026826684956,0.009059189078280308,0.002158044779740347,0.002043640157790284,-0,0.0037181329248362313,0.0035361202294481955,0.0015444229347952216,0.006125960826174338,0.004576201355811764,0.006323584481731828,-0,0.003411311892253395,-0,-0,0.0036869307032371557,0.0037285336695298504,0.0019396361744404699,0.004160166408873586,0.002189246083955761,0.011160397553490643,-0,0.002459658171372907,0.012564717879042194,-0,0.0049922396313357474,0.0022828501089257784,0.0044877936510806194,-0,-0,0.002059240773237899,0.001955236758679912,-0,0.001882434072264451,-0,0.003993753362091565,0.004175767659317145,0.004456590967648947,0.002303651026246831,-0,0.01044264847699852,-0,-0,-0,-0,-0,0.0027040703064400047,0.005184658459520951,-0,-0,0.0032969045129798693,0.004394185656960979,-0,-0,-0,0.0030212877692570046,0.002662468159768038,0.001518422169069036
berlin,2020.431693989071,-0,-0,0.00557989936695659,0.00557989936695659,0.005491489955775094,0.0029484835903008004,-0,-0,-0,-0,0.009756115152214457,-0,0.006687630023829551,0.003458114983596041,0.007072480939606985,0.011004364302806092,0.00364532777022918,-0,-0,0.0034217125755785886,-0,0.008627515672217152,0.005340674248317607,0.0024284567049030854,0.004529397258114548,0.008637917398898307,0.002043640157790284,0.0019188354027312412,0.0018616333234368946,0.0035361202294481955,0.0046282059582205765,0.0030628902030005773,0.007628959597872207,0.0015808240286462535,0.0016432259631080236,0.0017056279724545263,-0,-0,0.0018460327672737322,0.0037285336695298504,0.0038793447013583844,-0,0.00875753740534499,-0,0.0092880294457223,0.00984453181433411,0.005023442636186012,0.005143054328229515,0.002496059905919493,-0,0.002241248299245859,0.0043473817230861005,0.00206964118613459,0.002059240773237899,-0,0.0038429419984537592,-0,0.0018980346393426264,0.0019968383395411833,-0,-0,0.002303651026246831,-0,-0,-0,0.002662468159768038,-0,0.0027248713922515093,-0,-0,-0,0.002808075818729408,0.0031044926700280707,-0,-0,-0,-0,0.0028236766635127155,0.0030212877692570046,-0,0.0011388124700430575
berlin,2020.450819672131,0.008497494264191401,0.008393477371845058,0.011155196437593964,0.00557989936695659,-0,0.01474409007353282,0.017693409819687124,0.009402450007094743,0.01883781173368375,0.006609620050255059,0.0162577412173633,0.009912144657398491,0.006687630023829551,0.0069164599547856965,0.010609082163175756,0.007337717688158038,0.00364532777022918,0.007488539187764362,0.003655728500360734,0.0034217125755785886,0.0061883682152110014,0.005751518064810153,0.005340674248317607,0.0072857103759284385,-0,0.01511859759464297,0.004092561044388847,0.007680967253394826,0.00929843130453477,0.005304270522398097,0.009262024807791492,0.006125960826174338,0.0030524895914443187,-0,0.004929833677805979,0.003411311892253395,0.007129688751332439,-0,0.0018460327672737322,0.005595501043354282,0.0019396361744404699,-0,0.00875753740534499,0.008929166590890197,0.004643807349082134,0.002459658171372907,-0,0.0025740637086042453,0.007488539187764362,0.004565800441571103,0.0044877936510806194,0.0021736454295049716,0.00206964118613459,-0,-0,0.007686168021811396,0.0037649362923369853,0.0018980346393426264,0.003993753362091565,0.0020852418093770505,0.011149995322211734,-0,0.005013041632488857,0.005221062101703512,0.002646867363344045,0.002662468159768038,-0,-0,0.0027404722120779263,-0,-0,-0,-0,0.0032969045129798693,0.004394185656960979,-0,0.005954340892522614,0.0028236766635127155,-0,-0,0.003036888678013275
berlin,2020.4699453551912,0.011326833536955195,0.0027976752581388934,0.02510645993170173,0.011155196437593964,0.00823745242345698,0.02064809891888209,0.011794937596486928,0.02193822709742698,0.015695968640823493,0.003302104842938069,0.019508859115309377,0.016523024821490682,0.016715486322566215,0.020752140327365692,0.014140722518355953,0.02201105786842406,0.018218791207616443,0.02247405586952694,0.014634859221278308,0.017116016595036396,0.009282828517093458,0.014385189563441887,0.005340674248317607,0.019430829905075154,0.002267249426398356,0.010796320696865801,0.016366975478689656,0.01920194489718205,0.0018616333234368946,0.007072480939606985,0.009262024807791492,0.013787027551257304,0.00610515837981182,0.017386506316479613,0.00821144831090872,0.005122252275066269,0.007129688751332439,0.007264907465600685,0.01106677754689829,0.0037285336695298504,0.011638902441767738,0.010395839098741123,0.015331860027223648,0.006698031362482135,0.0092880294457223,0.012309856929046825,0.005023442636186012,0.010286617380002059,0.0049922396313357474,0.0022828501089257784,0.002241248299245859,0.0043473817230861005,0.004134164335210349,0.004118563097248782,0.011727322305289757,0.0019240355948756038,-0,0.003801338940633584,0.0019968383395411833,0.006261176930416317,0.006687630023829551,0.00921521649229578,0.005013041632488857,0.005221062101703512,0.005299069992201008,0.002662468159768038,-0,0.0027248713922515093,-0,-0,-0,-0,-0,0.0032969045129798693,-0,0.003858543153722642,-0,0.0028236766635127155,0.0030212877692570046,-0,0.004175767659317145
berlin,2020.4890710382513,-0,0.005595501043354282,0.016736293013998777,0.008367473181271885,-0,0.01769861158958659,0.008845952369577362,-0,0.00941805283042896,0.009912144657398491,0.006500406283859512,0.003302104842938069,0.016715486322566215,-0,0.014140722518355953,0.0036661292325725816,0.0072857103759284385,0.007488539187764362,-0,0.0034217125755785886,0.0061883682152110014,0.0028756795132703814,0.005340674248317607,0.0072857103759284385,0.004529397258114548,0.008637917398898307,0.010229406095077343,0.005761919216217912,0.0037181329248362313,0.005304270522398097,0.0015444229347952216,0.007660164184941631,0.00610515837981182,0.0031616961165344864,0.003286503854617896,0.003411311892253395,0.012476296591617569,0.009079992706433657,0.00737932357539228,0.005595501043354282,0.009698904450954024,0.010395839098741123,0.0043785843409866404,0.006698031362482135,0.006968466897708303,0.002459658171372907,0.002511660657093224,0.005143054328229515,0.007488539187764362,0.0022828501089257784,0.006729235390917331,0.00869512693287168,-0,0.004118563097248782,0.005860730258351855,0.005767119792704852,-0,0.007602955789610853,0.0019968383395411833,0.0020852418093770505,-0,0.002303651026246831,0.002506460406183855,0.002610465523232866,-0,0.002662468159768038,0.0026780689608667365,0.005444685034233358,0.0027404722120779263,-0,-0,-0,-0,-0,-0,-0,-0,-0,0.0030212877692570046,0.002662468159768038,0.001518422169069036
berlin,2020.5081967213114,0.0028340772293037934,0.008393477371845058,0.002787274699628602,0.002787274699628602,0.005491489955775094,0.005897134373841046,0.0029484835903008004,0.003135694542141295,0.003140894855977498,0.003302104842938069,-0,-0,-0,0.003458114983596041,0.0035361202294481955,0.0036661292325725816,-0,0.003744134790467952,0.010973157708851891,0.013693402815599425,0.0030940920501508267,0.0028756795132703814,0.005340674248317607,0.0072857103759284385,0.004529397258114548,0.008637917398898307,0.010229406095077343,0.005761919216217912,0.00743653172469191,0.008840751485169706,0.007717372643216724,0.0030628902030005773,0.0030524895914443187,0.006323584481731828,0.0016432259631080236,0.003411311892253395,0.005345874782669774,0.003629726678935282,0.0018460327672737322,0.0018668335098608409,0.0038793447013583844,0.0062351738061373,0.0043785843409866404,0.008929166590890197,0.004643807349082134,0.007384524313634336,0.01004737060725646,-0,-0,0.0022828501089257784,0.002241248299245859,0.0021736454295049716,0.004134164335210349,0.002059240773237899,0.001955236758679912,0.0038429419984537592,0.0037649362923369853,0.0018980346393426264,0.0019968383395411833,0.004175767659317145,-0,-0,-0,-0,-0,0.002662468159768038,0.0026780689608667365,-0,0.0027404722120779263,-0,-0,-0,0.006214371316084415,-0,-0,-0,0.0029744850710829926,-0,-0,0.007987813479779884,0.0022776498808985165
berlin,2020.5273224043715,-0,0.0027976752581388934,-0,0.002787274699628602,0.0027456724863896592,-0,0.0029484835903008004,0.006266377556829031,0.00941805283042896,0.003302104842938069,0.006500406283859512,-0,0.0033437075013491397,-0,0.007072480939606985,-0,0.00364532777022918,0.007488539187764362,-0,0.0068436503220691836,0.0061883682152110014,0.0028756795132703814,0.0026676684262789594,0.004857026826684956,0.004529397258114548,0.002158044779740347,0.002043640157790284,0.005761919216217912,0.0018616333234368946,-0,0.0046282059582205765,0.009189211890783682,0.0030524895914443187,0.0015808240286462535,-0,0.0017056279724545263,0.003562122004072948,0.0018148316689941748,0.0018460327672737322,0.0037285336695298504,-0,-0,0.002189246083955761,-0,0.00232445195188862,0.0049246331850620285,0.01004737060725646,-0,-0,0.0068436503220691836,-0,0.0043473817230861005,0.004134164335210349,-0,0.0039105470384143285,-0,0.001882434072264451,0.0018980346393426264,0.003993753362091565,-0,-0,0.002303651026246831,-0,0.002610465523232866,-0,-0,-0,0.0027248713922515093,-0,-0,0.005184658459520951,-0,-0,0.0032969045129798693,-0,-0,-0,-0,-0,0.002662468159768038,0.001518422169069036
berlin,2020.5464480874316,0.0028340772293037934,0.0027976752581388934,0.002787274699628602,0.002787274699628602,-0,-0,0.005897134373841046,-0,0.00627677881122061,0.003302104842938069,0.003250101566730168,0.003302104842938069,0.0033437075013491397,0.0069164599547856965,-0,0.0036661292325725816,-0,0.003744134790467952,0.003655728500360734,0.0068436503220691836,0.0030940920501508267,0.008627515672217152,0.0026676684262789594,0.004857026826684956,0.002267249426398356,0.002158044779740347,0.002043640157790284,0.0019188354027312412,0.0037181329248362313,0.0017680300566801682,0.0030888917409951843,0.004597003190534185,0.0015236223211765214,0.0015808240286462535,-0,-0,0.001783630589441697,0.003629726678935282,0.00737932357539228,-0,0.0019396361744404699,0.0062351738061373,-0,0.004466991860045813,-0,0.002459658171372907,0.002511660657093224,0.0025740637086042453,0.0049922396313357474,0.0022828501089257784,0.002241248299245859,-0,-0,-0,-0,-0,0.001882434072264451,0.003801338940633584,0.003993753362091565,-0,-0,-0,-0,0.002610465523232866,-0,-0,-0,-0,-0,-0,-0,0.002808075818729408,-0,-0,-0,-0,-0,-0,-0,-0,0.002657267893771396
berlin,2020.5655737704917,0.0028340772293037934,0.005595501043354282,-0,0.002787274699628602,-0,-0,-0,-0,0.003140894855977498,-0,-0,-0,0.0033437075013491397,-0,0.0035361202294481955,-0,0.0072857103759284385,0.003744134790467952,0.007316914757024442,-0,0.012377472977715043,0.008627515672217152,0.0026676684262789594,0.009714507363240936,0.011326833536955195,0.002158044779740347,0.016366975478689656,0.005761919216217912,0.0018616333234368946,0.008840751485169706,0.0015444229347952216,0.00153402262694581,0.0015236223211765214,0.0015808240286462535,0.003286503854617896,0.0017056279724545263,0.001783630589441697,0.0018148316689941748,0.00737932357539228,0.0037285336695298504,0.0038793447013583844,0.004160166408873586,0.002189246083955761,-0,0.00232445195188862,0.0049246331850620285,0.01004737060725646,0.005143054328229515,-0,-0,0.002241248299245859,0.00869512693287168,0.00206964118613459,0.0061831675966001545,0.001955236758679912,0.0019240355948756038,0.001882434072264451,0.0018980346393426264,0.0019968383395411833,-0,0.0022308478520263295,-0,0.002506460406183855,0.002610465523232866,0.005299069992201008,0.005325072648370196,-0,0.0027248713922515093,-0,-0,-0,-0,-0,-0,-0,-0,-0,-0,-0,-0,3.796013855489989e-4
berlin,2020.5846994535518,0.005663108361845575,0.0027976752581388934,-0,0.002787274699628602,0.0027456724863896592,0.0029484835903008004,0.008845952369577362,0.009402450007094743,-0,0.006609620050255059,0.003250101566730168,0.006609620050255059,0.0033437075013491397,0.010375034944150853,0.010609082163175756,0.0036661292325725816,0.00364532777022918,0.01498335845643818,0.007316914757024442,0.01027101429604918,0.01546710007179904,0.014385189563441887,0.010681897068388959,0.0072857103759284385,0.011326833536955195,0.0043161791239144645,0.01227344832387483,0.015363069237056595,0.00929843130453477,0.0035361202294481955,0.009262024807791492,0.009189211890783682,0.004576201355811764,0.00790460076488041,0.0016432259631080236,0.0017056279724545263,0.005345874782669774,0.007264907465600685,0.0036869307032371557,0.005595501043354282,0.00775897883421337,0.010395839098741123,0.00875753740534499,0.006698031362482135,0.006968466897708303,0.0049246331850620285,0.022614516752292035,0.0025740637086042453,0.007488539187764362,0.0022828501089257784,0.006729235390917331,0.00869512693287168,-0,0.0061831675966001545,0.005860730258351855,0.0019240355948756038,0.005652707230202153,0.0018980346393426264,0.003993753362091565,0.004175767659317145,0.0022308478520263295,0.002303651026246831,-0,-0,-0,-0,0.0026780689608667365,-0,-0,0.0027040703064400047,-0,-0,-0,-0,-0,-0,-0,-0,-0,-0,7.59205542212683e-4
berlin,2020.603825136612,0.0028340772293037934,-0,0.00557989936695659,-0,0.0027456724863896592,0.005897134373841046,0.0029484835903008004,0.01253351034866999,0.00627677881122061,0.013214879021494076,0.006500406283859512,0.006609620050255059,0.013370918905287204,0.010375034944150853,0.021215127119388867,0.014671269479866826,0.02186539642843016,0.01498335845643818,0.007316914757024442,0.013693402815599425,0.0061883682152110014,0.011508873503826681,0.013350113560393501,0.009714507363240936,0.011326833536955195,0.008637917398898307,0.010229406095077343,0.005761919216217912,0.0018616333234368946,0.0017680300566801682,0.007717372643216724,0.0030628902030005773,0.0030524895914443187,0.00790460076488041,0.00821144831090872,0.005122252275066269,-0,0.005449885578993458,0.01106677754689829,0.005595501043354282,-0,0.002080041601111447,0.006568014778865976,0.004466991860045813,0.0092880294457223,0.0049246331850620285,0.01004737060725646,0.010286617380002059,0.002496059905919493,0.0068436503220691836,0.002241248299245859,0.0021736454295049716,-0,0.008242653247524817,0.007816187401200813,0.0019240355948756038,0.001882434072264451,-0,0.0019968383395411833,0.0020852418093770505,-0,0.002303651026246831,-0,-0,0.005299069992201008,0.002662468159768038,0.0026780689608667365,-0,0.0027404722120779263,0.005403080694905341,-0,-0,-0,0.0032969045129798693,-0,-0,-0,-0,0.0030212877692570046,-0,0.0011388124700430575
berlin,2020.622950819672,0.005663108361845575,-0,0.002787274699628602,0.00557989936695659,-0,0.005897134373841046,0.011794937596486928,0.009402450007094743,0.03140187961135879,0.013214879021494076,0.0162577412173633,0.016523024821490682,0.006687630023829551,0.027676564003035045,0.017677804513099284,0.007337717688158038,0.010931548946051022,0.01498335845643818,0.014634859221278308,0.01027101429604918,0.009282828517093458,0.01726166473174986,0.018692159182244678,0.02185499205547191,0.009059189078280308,0.006479603687694912,0.02250526936623804,0.009600086115211843,0.00929843130453477,0.007072480939606985,0.009262024807791492,0.010723505631432432,0.015259038610442869,0.009485665118961466,0.00821144831090872,0.008533900225665754,0.007129688751332439,0.009079992706433657,0.0036869307032371557,0.009324435960666313,0.00775897883421337,0.0062351738061373,0.013142060569296185,0.006698031362482135,0.0092880294457223,0.012309856929046825,0.01004737060725646,0.007717372643216724,0.007488539187764362,0.00912680090020644,0.002241248299245859,0.0043473817230861005,0.006203970074175833,0.0061831675966001545,0.001955236758679912,0.005767119792704852,0.001882434072264451,0.005699512338984012,0.003993753362091565,-0,-0,0.002303651026246831,0.002506460406183855,0.002610465523232866,-0,0.005325072648370196,-0,-0,0.0027404722120779263,-0,0.002589664483180265,0.008429883260501482,-0,0.0032969045129798693,-0,-0,-0,-0,0.0030212877692570046,0.002662468159768038,3.796013855489989e-4
berlin,2020.6420765027322,0.005663108361845575,0.005595501043354282,0.008367473181271885,-0,0.0027456724863896592,0.005897134373841046,0.005897134373841046,0.009402450007094743,0.00627677881122061,0.013214879021494076,0.009756115152214457,0.009912144657398491,0.006687630023829551,0.010375034944150853,0.0035361202294481955,-0,0.010931548946051022,0.02621980925830512,0.010973157708851891,0.013693402815599425,0.0185621126060625,0.014385189563441887,0.03204707311488609,0.014572441694434968,0.024919169863908314,0.010796320696865801,0.006136362052479218,0.013443737677968907,0.014879328589460348,0.010609082163175756,0.012346265559716659,0.007660164184941631,0.015259038610442869,0.006323584481731828,0.00821144831090872,0.003411311892253395,0.003562122004072948,0.009079992706433657,0.009225618336543066,0.005595501043354282,0.005819125586151741,0.008315464839132307,0.006568014778865976,0.011160397553490643,0.006968466897708303,0.007384524313634336,-0,0.010286617380002059,0.007488539187764362,0.0068436503220691836,-0,0.0043473817230861005,0.010338627693648754,0.002059240773237899,0.001955236758679912,-0,0.0037649362923369853,-0,0.0079826126812,-0,0.006687630023829551,0.004607404111015946,-0,-0,-0,-0,0.0026780689608667365,-0,-0,-0,-0,-0,-0,-0,-0,0.003858543153722642,-0,-0,-0,0.002662468159768038,7.59205542212683e-4
berlin,2020.6612021857923,-0,0.0027976752581388934,-0,0.002787274699628602,0.0027456724863896592,0.005897134373841046,0.008845952369577362,0.003135694542141295,-0,0.003302104842938069,0.006500406283859512,-0,0.010026566592080932,0.010375034944150853,0.0035361202294481955,0.007337717688158038,0.0072857103759284385,0.01498335845643818,0.010973157708851891,0.017116016595036396,0.01546710007179904,0.0028756795132703814,0.02670365541504032,0.024284469650704445,0.02038799630840001,0.01511859759464297,0.01841125898514139,0.015363069237056595,0.013017229174202442,0.007072480939606985,0.010806722857394844,0.004597003190534185,0.016783108100158758,0.009485665118961466,0.009854933784467555,0.005122252275066269,0.003562122004072948,0.010895141305903801,0.005533094365837986,0.01118640314079471,0.0019396361744404699,0.0062351738061373,0.00875753740534499,0.004466991860045813,-0,0.012309856929046825,0.005023442636186012,0.005143054328229515,0.007488539187764362,0.004565800441571103,0.0044877936510806194,0.0021736454295049716,-0,0.002059240773237899,0.005860730258351855,-0,-0,0.0018980346393426264,0.003993753362091565,0.004175767659317145,-0,0.00921521649229578,0.002506460406183855,-0,-0,0.002662468159768038,0.0053510753175478225,0.0027248713922515093,-0,-0,-0,0.002808075818729408,-0,0.0032969045129798693,-0,-0,-0,-0,-0,-0,3.796013855489989e-4
berlin,2020.6803278688524,-0,0.005595501043354282,-0,0.00557989936695659,0.0027456724863896592,0.0029484835903008004,0.0029484835903008004,-0,0.00627677881122061,0.003302104842938069,-0,-0,0.0033437075013491397,0.010375034944150853,0.007072480939606985,0.011004364302806092,0.02186539642843016,0.018728572281855427,0.02195383368262317,0.023961920052196124,0.027848255643444543,0.031651630985668644,0.02136078673786922,0.012143417799208247,0.015857217555683697,0.021594883408087653,0.028644287928795312,0.017282471641719487,0.016736293013998777,0.012377472977715043,0.02470066563739144,0.006125960826174338,0.009152805470507532,0.00790460076488041,0.006573215435966263,0.008533900225665754,0.007129688751332439,0.0018148316689941748,0.0036869307032371557,0.0018668335098608409,0.013578972812054932,-0,0.00875753740534499,0.011160397553490643,0.011612896628170248,-0,0.0201018849395494,0.0025740637086042453,0.0049922396313357474,0.0068436503220691836,0.0044877936510806194,-0,0.006203970074175833,0.0061831675966001545,-0,-0,0.0037649362923369853,-0,-0,-0,0.0022308478520263295,-0,-0,-0,0.002646867363344045,0.002662468159768038,-0,-0,-0,-0,0.002589664483180265,-0,-0,0.0032969045129798693,-0,0.003858543153722642,-0,0.0028236766635127155,-0,-0,3.796013855489989e-4
berlin,2020.6994535519125,0.0028340772293037934,0.0027976752581388934,0.00557989936695659,0.002787274699628602,-0,0.005897134373841046,0.005897134373841046,0.006266377556829031,0.012559516622681456,-0,0.006500406283859512,0.003302104842938069,0.010026566592080932,0.0069164599547856965,0.007072480939606985,0.007337717688158038,0.010931548946051022,0.011238414354413867,0.003655728500360734,0.020538855664015032,0.0185621126060625,0.028774359721922448,0.03204707311488609,0.031573583552341675,0.018119956679774157,0.017277269913448006,0.010229406095077343,0.030730678736627964,0.014879328589460348,0.008840751485169706,0.013891055233020673,0.013787027551257304,0.009152805470507532,0.009485665118961466,0.009854933784467555,0.005122252275066269,0.012476296591617569,0.007264907465600685,0.0036869307032371557,0.0037285336695298504,0.0019396361744404699,0.008315464839132307,0.010947152228198982,0.008929166590890197,0.00232445195188862,0.002459658171372907,0.01507698551465495,0.005143054328229515,0.007488539187764362,0.00912680090020644,0.013464543060316143,0.0065212088883461914,0.006203970074175833,0.0061831675966001545,0.001955236758679912,0.0019240355948756038,0.005652707230202153,0.0018980346393426264,0.0019968383395411833,0.004175767659317145,0.004456590967648947,-0,0.007519743690575015,0.002610465523232866,0.005299069992201008,0.002662468159768038,0.0026780689608667365,0.0027248713922515093,-0,0.0027040703064400047,0.002589664483180265,-0,0.0031044926700280707,-0,0.004394185656960979,0.003858543153722642,0.0029744850710829926,-0,-0,-0,0.001518422169069036
berlin,2020.7185792349726,-0,0.011196805379356746,-0,-0,0.0027456724863896592,-0,0.005897134373841046,0.003135694542141295,0.00941805283042896,0.006609620050255059,0.009756115152214457,0.006609620050255059,0.006687630023829551,0.0069164599547856965,0.007072480939606985,0.011004364302806092,0.014577643152146528,0.003744134790467952,0.02561110597188265,0.013693402815599425,0.0061883682152110014,0.031651630985668644,0.0373910399502511,0.026714060758184326,0.018119956679774157,0.02375902697499953,0.03273910407717774,0.030730678736627964,0.02231798866698492,0.030064689532526168,0.020065470878261472,0.013787027551257304,0.02289023736628031,0.01896785899936338,0.018073140390041906,0.02731757422308479,0.012476296591617569,0.012715554539894168,0.009225618336543066,0.009324435960666313,0.015519115567216623,0.0062351738061373,0.0043785843409866404,0.02009668292923525,0.02090300073941348,0.007384524313634336,0.01507698551465495,0.005143054328229515,0.009984958586699498,0.0068436503220691836,0.006729235390917331,0.00869512693287168,0.008273858202872625,0.016486613266285477,0.0039105470384143285,0.009610488036446993,0.00941805283042896,0.005699512338984012,0.0079826126812,0.008346669838174052,0.0089187648059436,0.004607404111015946,0.007519743690575015,0.007831789748571537,0.007946207105682173,0.002662468159768038,-0,0.005444685034233358,-0,0.0027040703064400047,0.002589664483180265,0.002808075818729408,-0,-0,-0,0.003858543153722642,0.0029744850710829926,0.0028236766635127155,-0,-0,0.003796138560742797
berlin,2020.7377049180327,0.0028340772293037934,-0,-0,-0,-0,-0,0.008845952369577362,0.01253351034866999,0.00627677881122061,0.006609620050255059,0.006500406283859512,0.013220080343407303,0.020060268871590133,0.0069164599547856965,0.007072480939606985,0.02567873931850904,0.029154171219953295,0.01498335845643818,0.03293162560639593,0.0410858269296194,0.024752690369950796,0.037406651173937926,0.040060627325157014,0.04129399175452825,0.027182303354678642,0.04103898995885807,0.03273910407717774,0.034570689112885765,0.027900283525187867,0.03537202785293648,0.020065470878261472,0.02144922313386767,0.015259038610442869,0.025293750674071993,0.019716937581699536,0.02389949132873866,0.01960769628302628,0.009079992706433657,0.01106677754689829,0.013053638300148022,0.013578972812054932,0.012476296591617569,0.010947152228198982,0.017859866714652974,0.018577718178029532,0.00984453181433411,0.02764014463703324,0.023150352493231968,0.02746325093644055,0.020538855664015032,0.006729235390917331,0.00869512693287168,0.012408680414448115,0.016486613266285477,0.009771718081667798,0.023067115511044147,0.022609314490611505,0.01140485058758098,0.0079826126812,0.016694679639459004,0.006687630023829551,0.006911259263350734,0.015040574971984157,0.002610465523232866,0.005299069992201008,-0,0.0053510753175478225,0.013615382331321908,0.005481088858459028,0.00810743199074506,0.01036983390680092,0.005621503847760371,0.009319235028401941,0.013194073739032261,0.008783541790988263,-0,0.0029744850710829926,0.0028236766635127155,-0,0.007987813479779884,0.002657267893771396
berlin,2020.7568306010928,0.008497494264191401,0.011196805379356746,0.00557989936695659,0.008367473181271885,0.00823745242345698,0.011794937596486928,0.008845952369577362,0.009402450007094743,0.01883781173368375,0.009912144657398491,0.013006826571470939,0.04296974895042808,0.03343634759379182,0.031136520090483278,0.024752690369950796,0.018338433255814884,0.03644917145906266,0.03746389236756169,0.03293162560639593,0.0753505669856915,0.04951716896071526,0.08060003278970436,0.05342103105331768,0.0340035152602333,0.036246229653478575,0.04320394292158315,0.02659960209812348,0.040336440459756685,0.05209368505803857,0.04421879565162494,0.04014389151352224,0.03524193955550368,0.015259038610442869,0.020549259773638633,0.026287443396635506,0.020486835147121667,0.021386797426959762,0.03269747789430752,0.025829614024115304,0.027973122647082346,0.023280410544644137,0.020793756949039816,0.013142060569296185,0.011160397553490643,0.03716727959238675,0.022156719716449013,0.02764014463703324,0.020580472114999304,0.02746325093644055,0.022822607646395064,0.017948297156832372,0.013043235690132871,0.03516909025109235,0.01854650703877881,0.017589374530914144,0.030761897189856568,0.01883781173368375,0.003801338940633584,0.011976979202098424,0.008346669838174052,0.011149995322211734,0.018432066355112433,0.017542558718875164,0.015664759231185592,0.007946207105682173,0.005325072648370196,0.01606007980396201,0.005444685034233358,0.005481088858459028,0.005403080694905341,0.015550324889442071,0.002808075818729408,0.0031044926700280707,0.02308792474410145,0.008783541790988263,0.007712171871679231,0.011904162483377698,0.005642306100639183,0.0030212877692570046,0.005325072648370196,0.010624685348569389
berlin,2020.775956284153,0.008497494264191401,0.016793511458363084,0.013943069151946876,0.008367473181271885,0.01098876100349089,0.02064809891888209,0.01474409007353282,0.02193822709742698,0.02197984466836663,0.013214879021494076,0.03903024402773989,0.03966512425114968,0.05350431663758648,0.07614211916906452,0.04951716896071526,0.06605593788368815,0.0619741160161494,0.06745653477955718,0.07321031187823582,0.08220935016453332,0.10838207034944249,0.1353656381365341,0.07480377810602908,0.09721641870290718,0.10427608304705431,0.0821156021551792,0.08188123287121268,0.0672430584664936,0.03534080663187163,0.04952757886990812,0.04632142536028055,0.02757771149752676,0.05800714209329616,0.02213070864223053,0.04765903355495698,0.0409817448296617,0.03386822699817294,0.03269747789430752,0.03505981648583682,0.03730257643787271,0.038806476616152795,0.04159583223083947,0.030663038818931464,0.03796345455015071,0.048788480495843896,0.027083451788759295,0.03518470080773461,0.06433778503801323,0.04994397694647196,0.045650031882007024,0.040398888919763454,0.028264480154948684,0.03723492797112964,0.030917989737126672,0.03127700437403043,0.032681868084324876,0.02072612995572637,0.022812203081912327,0.01796390254459583,0.025044029834155674,0.013376120242808409,0.02303590167707203,0.02506483985834492,0.01827601128327875,0.015893628670174555,0.01331890555866096,0.00802941988716782,0.0027248713922515093,0.008227050776876028,0.010811923938442575,0.01036983390680092,0.01404709714588307,0.021750948440391216,-0,0.004394185656960979,0.011571287353461718,0.008929166590890197,0.011285224491147437,0.0030212877692570046,0.005325072648370196,0.012902800658613022
berlin,2020.795081967213,0.025491447189510977,0.030793115661827325,0.019524464971410214,0.016736293013998777,0.019227954506435822,0.02064809891888209,0.017693409819687124,0.03447702694930507,0.03454467182829911,0.04296974895042808,0.0357779054326154,0.049584833407722656,0.04346936403064337,0.0449786470722601,0.0742934470056933,0.05870993037578388,0.09481478829478891,0.08995977014855615,0.14285284096049453,0.12336020879332138,0.13628844541777296,0.09500753978676921,0.10422397869245141,0.13858771445372997,0.07705346061813396,0.06049036986939673,0.10647493440206397,0.07878244943324356,0.0856052253352754,0.06545718120492598,0.054045676186819686,0.06744091453181349,0.04273555603401472,0.05376458494818435,0.04930376628152293,0.042688717577295594,0.060625727412038796,0.0672378517380958,0.05351993269948451,0.05409773028664713,0.06405143174964342,0.04159583223083947,0.06354120616204904,0.058074817588694115,0.0580852292111886,0.06649850159922174,0.06032898249057867,0.07721489991152847,0.07243442606481779,0.050219842508455105,0.060604903151775,0.05871513625035029,0.03516909025109235,0.06184916733972145,0.03910309874163213,0.03652722621056747,0.024492567227658763,0.032317640514939114,0.043927348737796176,0.02295786717411718,0.05353034341002381,0.03456028219749018,0.02506483985834492,0.023498908803311888,0.029143765388525065,0.03196902508803339,0.02408677772395836,0.02178216150305884,0.01645020173657643,0.01351135520104908,0.01036983390680092,0.008429883260501482,0.04040409296147972,0.01649181491546561,0.013178469782645783,0.019290377621711437,0.011904162483377698,0.025397801377977258,0.00906959089131662,-0,0.01518101577706131
berlin,2020.8142076502731,0.016996377359348447,0.03359244816939151,0.02510645993170173,0.011155196437593964,0.016481411617619894,0.005897134373841046,0.02949756482527332,0.03761480127097339,0.03768245023190793,0.026438319868376768,0.03903024402773989,0.052890088589399746,0.060198831743474915,0.07267396004705075,0.06721181810394429,0.06238540753007263,0.06562379106670704,0.16128867655836018,0.07687119105055445,0.13022532777076798,0.13939065775028733,0.20174003133689358,0.15775224446550346,0.1312835854261659,0.14513675667298237,0.11672530970226878,0.12902634265747867,0.13650220537266053,0.08932948451305192,0.1044219755176887,0.0849541584645407,0.07664205307204074,0.09008999540569562,0.07275727647342736,0.10358830977013987,0.0854125086921979,0.08917842545432338,0.09634119130506676,0.06644643508424737,0.0783658203650108,0.08347496483331078,0.08947533505511736,0.08327183941623313,0.058074817588694115,0.06040707309520206,0.09608070980501165,0.09303317319200127,0.0823655972223858,0.08992851613536967,0.1027702882469612,0.10554744547809335,0.08265725965316739,0.047586166852781484,0.05772602943979995,0.09976403943875416,0.06731074598306722,0.06974234828215517,0.04943909470819803,0.061911641640403275,0.0396599202833872,0.062458294973140184,0.03225520175920163,0.04763821448677183,0.03394627787563679,0.04504630561381224,0.0186453423773541,0.042829233074009355,0.03540324909274682,0.008227050776876028,0.0297316981290683,0.031110504524071252,0.011238414354413867,0.03418563463037699,0.009896541685809217,0.021964238075358078,0.011571287353461718,0.041684303047304194,0.016928755304416166,0.02116830804295771,0.03729216897572205,0.0421318636020912
berlin,2020.8333333333333,0.019826179109866764,0.019592090401952436,0.030683851091929452,0.030683851091929452,0.024721475524169246,0.05310871130035623,0.0472010159803354,0.03761480127097339,0.04396898391119186,0.04296974895042808,0.10088419848935987,0.06942993048583779,0.07358524071536143,0.06574874881337008,0.11324923156578676,0.07339777595888604,0.09846676911166694,0.1537727419705783,0.14285284096049453,0.16798143270438964,0.1735219963393759,0.15556165495286817,0.17649598865697036,0.150758328125094,0.1655817484349982,0.17085598289826107,0.12492393750454953,0.16538351859934122,0.12846335049044372,0.12391272089907382,0.10505765463120975,0.1165429010247505,0.09926388319002132,0.10125411677820075,0.10194185918260655,0.11790837580092856,0.12489266246948451,0.1090803288718573,0.0978520097369547,0.10451576375066923,0.07958967775223431,0.10405724510857099,0.11398924672287922,0.09160584139076222,0.10227010308225415,0.1503567671520878,0.14087144283921474,0.13907260729928242,0.11493773225289297,0.10505765463120975,0.09655478710876858,0.10661041169698941,0.08070940229603404,0.07629314036225669,0.07431427674848363,0.09811250011008435,0.07540264241695518,0.0836937161698274,0.09789368810896663,0.062635307760211,0.08478227817075516,0.06914354915477613,0.07774609080164732,0.07314261668186686,0.0556489663754633,0.061292108143714955,0.042829233074009355,0.043578655469325836,0.024679855758947315,0.03514307266711036,0.04407827639996077,0.039347683170519544,0.04973057251569972,0.03958706478935528,0.03514307266711036,0.04630581146000827,0.04466117355294808,0.04516080488468342,0.05747094705084208,0.05861101885799315,0.08581877704426606
berlin,2020.8524590163934,0.04249615992071718,0.030793115661827325,0.03626704416118528,0.039056263556700985,0.03571546252184531,0.032447721496849546,0.03539804555147377,0.04074756086645094,0.07853767945117836,0.08596982634358367,0.0357779054326154,0.09590879272975168,0.06354120616204904,0.08306871479261847,0.10262440041025511,0.16161729529286994,0.14960058932211381,0.16880048072761553,0.19789809636194283,0.18171393003095337,0.18904080345480026,0.1786457170814785,0.15775224446550346,0.21167504605413107,0.1564952520564963,0.17519158512100816,0.17005255359550903,0.1673084665947099,0.1433742740672529,0.12745727781529217,0.15611450931426296,0.1257527327877694,0.1298395643265648,0.13769093529860663,0.10523481249008415,0.11448433316532636,0.12310480423796945,0.11454165926842617,0.14037089104904932,0.10825179927487606,0.12234381034705233,0.10405724510857099,0.12496042506922979,0.10949720410140439,0.12088961326987721,0.13061109407678922,0.14591372803601857,0.1313357169017488,0.1174393155371031,0.13935937401310713,0.11229035435004854,0.09354368823917325,0.10557349831194139,0.09899817713955758,0.11739240974343232,0.07886056775515922,0.14713396152907754,0.10654267300540626,0.08789704557079864,0.08562085104034486,0.08701676630548696,0.06222922049610063,0.04763821448677183,0.07575675673258721,0.0954347213153789,0.07196056861129144,0.03747429986408173,0.03812997634419002,0.038395371555637346,0.05948561143312352,0.03629826593837576,0.05059460561643705,0.04973057251569972,0.026391496088921905,0.04393255313265045,0.05788740874027362,0.05658077137376992,0.04516080488468342,0.060495575922211296,0.05861101885799315,0.0782147931521246
berlin,2020.8715846994535,0.022661337130866044,0.016793511458363084,0.03626704416118528,0.030683851091929452,0.03296804867858917,0.023597753555273323,0.03834853700813492,0.06584246732041918,0.04710733106432481,0.07604317448720349,0.08459998151028221,0.07274165463331046,0.117110975869916,0.14545484421675287,0.16996908113304188,0.14322305792799692,0.15690729186367364,0.17255678977836997,0.2125887659448879,0.2607723759682546,0.2604953911410634,0.21040630734511337,0.21401420103478658,0.18973492690591057,0.18148432959792835,0.20336354298206977,0.17210288802171153,0.16923870280207293,0.16948911707416336,0.17533245912682047,0.16076184768249518,0.15339723452401605,0.13902046806667415,0.1392759508059717,0.14145542601761693,0.12817143102572762,0.09274666184086126,0.14731126279521664,0.14222191389227873,0.1811660215836446,0.14568428562019736,0.12281291485361812,0.1315442433267091,0.13635100921604926,0.14416686240366466,0.15529566108085793,0.14591372803601857,0.17002646843659133,0.15497751333462786,0.13249826238516274,0.15277661010543905,0.16980735361832464,0.11385896160040203,0.11758003317198568,0.1369818650549237,0.1308561092977629,0.1301367061857883,0.11035180877009812,0.12789515161321038,0.08562085104034486,0.12275557963136444,0.07606400493089754,0.11289486183930388,0.09667460952913698,0.0556489663754633,0.04529612252984231,0.06694106908137669,0.059928119232955934,0.05485772607825278,0.04054980634106465,0.04667013702133027,0.03653763351962092,0.062171952034519466,0.04619130966791754,0.030751491036697904,0.05788740874027362,0.08638130769497891,0.05080801359317855,0.060495575922211296,0.05861101885799315,0.10025899046240204
berlin,2020.8907103825136,0.028326914119026943,0.030793115661827325,0.04743002426336422,0.03626704416118528,0.04671177439087063,0.06491570284082832,0.032447721496849546,0.10977859677064154,0.0722521726870626,0.07604317448720349,0.11391628701408033,0.07604838209734183,0.14392178445679532,0.15585894383175228,0.14160142283697622,0.16161729529286994,0.20443895159371153,0.21390455079445192,0.2015729847832026,0.28141451017525315,0.1952517111530191,0.1670997967017578,0.19257414484901247,0.18486060175370095,0.17921447077886846,0.18385865576662735,0.1844170295341464,0.15575463175086565,0.16016199952031146,0.1735585180204851,0.16385508761098455,0.17798304860159125,0.1160790646984307,0.1757394306207572,0.12169749551434367,0.11790837580092856,0.1373989640272988,0.1491312430963293,0.12927656335494267,0.12319862617375549,0.1787605109046452,0.1290628331008653,0.16887873439862752,0.16993256197284998,0.1558120033694615,0.18492844254441632,0.14591372803601857,0.18292978558624795,0.1449646773373869,0.1416483504731058,0.15277661010543905,0.14364542134915867,0.13666382933656335,0.10725653903639228,0.16050104328349085,0.1308561092977629,0.13957836056859682,0.07798044144880159,0.13390065004347132,0.11907062112945839,0.1272227040831309,0.10375504185042332,0.07272603279789244,0.08621463131220183,0.07155961567714854,0.03730257643787271,0.050865269540826555,0.043578655469325836,0.05485772607825278,0.06760232398478624,0.04667013702133027,0.06465537871125233,0.05905872512423732,0.0593971103250329,0.07471004344682071,0.054024854561479006,0.07147630116968709,0.056455835656096166,0.05141701190357862,0.07994382058236432,0.1082465884386844
berlin,2020.9098360655737,0.022661337130866044,0.027993933843506617,0.044635151219282354,0.041845632570713935,0.05220819984766702,0.06491570284082832,0.05900666605802508,0.06270298927921564,0.10055075327286679,0.06942993048583779,0.11065926144601224,0.13233143811768655,0.09031919265036124,0.14892264613354073,0.12742600125653653,0.16529483707540393,0.2263904996178876,0.1312418802833349,0.14285284096049453,0.2195126738620777,0.18593562777133782,0.12383453486713938,0.19793463516738202,0.13858771445372997,0.1519525992143562,0.15569726019557367,0.1044219755176887,0.09801351361457751,0.13405183907553073,0.13986513007154286,0.11433841246080344,0.12114500694524448,0.12831217770591416,0.11075827201674351,0.12333935939484096,0.12646164992687772,0.12668058217306227,0.12910453649609427,0.1200296233822575,0.12506988791689302,0.13207077627118988,0.13114804383424775,0.1820583325813439,0.15873803985411322,0.139510578917161,0.12814536686750108,0.13583486013137458,0.17002646843659133,0.15748102361559857,0.1027702882469612,0.1280306847265002,0.12621144277419916,0.14288412679945175,0.11758003317198568,0.1154328277258948,0.14434415355333607,0.12635739680028335,0.08178748545340123,0.11589144668549807,0.09189234645621715,0.10711584933519279,0.09452305766594474,0.07774609080164732,0.10713669222987064,0.06890923832974695,0.061292108143714955,0.06425968853025439,0.06265613283359997,0.057601090970496545,0.05407170323021699,0.054456904995659625,0.05903269558461643,0.06528015881169388,0.06269778300539812,0.021964238075358078,0.08878775750980084,0.07147630116968709,0.05080801359317855,0.05747094705084208,0.07194494701052542,0.1752020202194621
berlin,2020.9289617486338,0.025491447189510977,0.030793115661827325,0.044635151219282354,0.03626704416118528,0.03846302153205649,0.03539804555147377,0.03539804555147377,0.05956890673127655,0.05339500433559273,0.08928260406855472,0.04553553153390438,0.07936052779441755,0.117110975869916,0.12118149185841107,0.09908153575433219,0.12484053745284308,0.14960058932211381,0.19510556362592507,0.15018988558193588,0.15767922332828938,0.13939065775028733,0.1469045137291027,0.11492209773578449,0.1337181811074324,0.11562565565928308,0.13837394592563754,0.12082185597470528,0.11725169261627746,0.10795999325213045,0.09910237542890525,0.10969522100619587,0.08584481999560141,0.10231699523705985,0.12501255020604726,0.10688136734574091,0.09909195559057475,0.12668058217306227,0.09270498759402768,0.12187992227438153,0.11198810324070503,0.13207077627118988,0.11447391024428039,0.14032917861735975,0.10949720410140439,0.13252432872529957,0.13061109407678922,0.12828090063295006,0.1468106490118243,0.1649922777202025,0.13707049830662021,0.15502445304362922,0.13492770142800986,0.12422546620240457,0.09692988430192233,0.10368209649952079,0.07308533619992695,0.07917304221638528,0.0970184493118202,0.0898920531437303,0.0898035002704779,0.10264524150472579,0.11529211590145502,0.07523600122048826,0.06530098494432571,0.05299939982998402,0.053296102927033476,0.06694106908137669,0.027234330570110758,0.06583726073226559,0.0703047050456619,0.0648323989775692,0.04215788468306782,0.046623295020451726,0.08581356845556068,0.07030991208114515,0.0617502498504736,0.08638130769497891,0.10166571909401435,0.11500548188133393,0.07461110148984795,0.1995736879901315
berlin,2020.948087431694,0.028326914119026943,0.011196805379356746,0.039056263556700985,0.039056263556700985,0.04395857511471766,0.0472010159803354,0.0796730052599833,0.04701885102085381,0.07539222732653036,0.05619555387504352,0.07157523716215551,0.07274165463331046,0.13051204569812247,0.12465288782557138,0.13451583574614603,0.11749143313525306,0.10941903974129678,0.11997750324011636,0.1722020156534034,0.1645436584683332,0.13318641814577706,0.17576030103963813,0.1523958945899389,0.1264147359940477,0.1405950959426401,0.12755110760444852,0.11057067320042008,0.09416881553122715,0.16948911707416336,0.10973690887170544,0.11124290542479995,0.12421504132866129,0.11149304056391267,0.14403128722647865,0.10029546072418304,0.10251498480132665,0.13918731379503663,0.12182258808083607,0.12187992227438153,0.13254518180681918,0.13401534513099586,0.14574164612924054,0.1381341091109256,0.1296362577169923,0.12554422958614211,0.12567975657210512,0.1257631579697969,0.1571263523309834,0.13745631539763684,0.12563284334468083,0.12353221664974656,0.13492770142800986,0.10142605152655548,0.10932003172049469,0.10564123574102345,0.13856164507398255,0.1301367061857883,0.13130443801012745,0.09389271671730506,0.1253461523189667,0.13840001521128512,0.08990768013701472,0.11038307506088874,0.11236852302632601,0.07686598335801416,0.0746267238915885,0.08033963012906797,0.054477726794000904,0.060344600602125056,0.05948561143312352,0.07780858420428871,0.028103192761378376,0.06839375823107996,0.05609144152740616,0.0791053392571109,0.09265289483244564,0.07147630116968709,0.08753243104948401,0.08168853002906401,0.09061089969554477,0.20376029308472257
berlin,2020.967213114754,0.025491447189510977,0.04199134998980875,0.033472771019516234,0.055805133646225843,0.03296804867858917,0.05310871130035623,0.05310350598702961,0.07525162380996908,0.0659622189918993,0.06611841723871298,0.0878553752103939,0.05950643524515318,0.1003684013244863,0.06921123914523301,0.0778346231442193,0.09911279526932369,0.11672530970226878,0.13499547710595494,0.12818185669267737,0.17141421706034263,0.17972583262498026,0.1353656381365341,0.09619532150427892,0.10937735213061299,0.1519525992143562,0.14703488167307027,0.1495327946055195,0.15960910212530505,0.14151278186205418,0.1469566608674698,0.12980828633489166,0.1441825057160835,0.11760609203504636,0.10600597726053301,0.11346289683258623,0.1555564393736693,0.1356106757611879,0.1181793903263676,0.12927656335494267,0.1662025257037206,0.14568428562019736,0.14782752580715763,0.15350154187606263,0.13858771445372997,0.12321426317951481,0.13061109407678922,0.14339513150028108,0.1571263523309834,0.1599846544324499,0.14393221328206868,0.15952564642538367,0.13492770142800986,0.13666382933656335,0.12996988949437566,0.15265665834089132,0.1366377609213073,0.1188048138528586,0.15227072845396009,0.0998942892513832,0.12116585546391773,0.09594525994064868,0.13607468634159361,0.11289486183930388,0.14638825988082327,0.08747513471429207,0.08796475997767385,0.058902548081943354,0.07355920390321671,0.08505312010353372,0.05407170323021699,0.0830010067610639,0.0759077768065916,0.06839375823107996,0.08251142823328868,0.10110302307470365,0.11583933069093325,0.10427087260924171,0.09884188009702943,0.09985781927096311,0.10661562236922502,0.2544491277323673
berlin,2020.9863387978141,0.036829039018782296,0.019592090401952436,0.02510645993170173,0.022312786434970013,0.027473656431582838,0.03539804555147377,0.032447721496849546,0.03447702694930507,0.028259277327995398,0.0396599202833872,0.052046838171333536,0.036355505911910044,0.060198831743474915,0.055362660930499054,0.04597792063724117,0.051370165626479544,0.0619741160161494,0.06370260351065316,0.1208479164623981,0.14394785652389747,0.13008457591223319,0.09212676086572946,0.09887313946795352,0.08505312010353372,0.11335345841552824,0.11672530970226878,0.11672530970226878,0.10763171343386695,0.10609976835050243,0.1026504517796515,0.09732582316343352,0.10426045173518862,0.10231699523705985,0.0870011401809531,0.09535657809056995,0.11106572709590899,0.08382392573561398,0.0836051738513321,0.08676154019273125,0.10264524150472579,0.12428801548878816,0.09572645705890168,0.12276600421252712,0.13635100921604926,0.12321426317951481,0.11827841521684508,0.10310374769636753,0.10297870015225132,0.11994101917170355,0.12106161295414575,0.12128573460850045,0.12185386126948035,0.12629484502465893,0.11551621269041977,0.08997539716219083,0.1327849928453469,0.0810583446396743,0.1027338162494105,0.09789368810896663,0.09398127655452695,0.10041529176442077,0.11529211590145502,0.08276663348646965,0.08621463131220183,0.07421533554454444,0.06662866811473764,0.06158365239916939,0.07628793272760086,0.04937143045083696,0.05948561143312352,0.059641790226610904,0.05059460561643705,0.06839375823107996,0.06269778300539812,0.09230387467597795,0.10810589605881395,0.09234554860135538,0.08470935942987542,0.09985781927096311,0.09061089969554477,0.20833357860256577
berlin,2021.0054794520547,0.022661337130866044,0.0251897001783634,0.00557989936695659,0.013943069151946876,0.024721475524169246,0.02949756482527332,0.02949756482527332,0.01880139855757781,0.025116864955247398,0.019826179109866764,0.03252056698886141,0.04627978830330441,0.0033437075013491397,0.024211635695512428,0.02829049429754094,0.036688539734962146,0.0619741160161494,0.0749547954123836,0.0951898729367868,0.1027807088223877,0.07119511569251923,0.06620172316219711,0.07213240652948329,0.08748555222508626,0.09293419636495093,0.09942018150097644,0.08802726566228719,0.08070419421908485,0.08932948451305192,0.07430906931200093,0.0834124646204677,0.08584481999560141,0.06870096292718744,0.07750653345395023,0.060813146129682104,0.06832086246791379,0.09274666184086126,0.056330900238599255,0.07752736448385297,0.08770432043385927,0.08541771724072543,0.0915589588939725,0.06792514439380945,0.08042816688737137,0.10692305295547305,0.08128750207944425,0.09303317319200127,0.09525238730682281,0.08742825594154204,0.10048302247453074,0.08981391824773975,0.0783033262926877,0.07656914574516274,0.10518791770399931,0.08214685147285326,0.07501207795366023,0.0810583446396743,0.08559480820117871,0.09589316393291451,0.07726176947768049,0.06915396299372702,0.07606400493089754,0.07272603279789244,0.07314261668186686,0.06625899606200639,0.061292108143714955,0.048189922609962764,0.04902790557936645,0.04937143045083696,0.04054980634106465,0.049267331765285804,0.04215788468306782,0.06839375823107996,0.03628785867722936,0.03514307266711036,0.050162587271466455,0.06551965984053856,0.04798693497834227,0.08168853002906401,0.09061089969554477,0.1953822003635949
berlin,2021.0246575342467,0.03937890679743894,0.014208340947757954,0.01989900692281063,0.019768957328396883,0.03665211405668208,0.030689054161477596,0.029825351745760797,0.020778150712009624,0.03144350475711054,0.02514808003837646,0.04304260918398527,0.04559798623797571,0.07293432432271106,0.06665990812694618,0.0690654454291239,0.07046091633705347,0.06553007295377236,0.08289684073083105,0.14373406595953422,0.146330898658505,0.12413685484215786,0.12938082233424453,0.12906804602344277,0.1294433778221671,0.11638655123900521,0.13660126516191082,0.10227531331959201,0.11756960963041675,0.12339669526077442,0.13321769816946255,0.1443285101922882,0.09524196823993587,0.08752201352929827,0.11517746210380522,0.09930035275388908,0.08823561848696099,0.10384882888052145,0.10870514402267042,0.11661586441897183,0.11214965102886265,0.09095990848903637,0.09054318184278065,0.12430886526763578,0.11292612965920613,0.11070616116654726,0.11230077683342998,0.11164937563687337,0.1141872807342186,0.14787967387115147,0.11607385307782239,0.11510450072783751,0.12684738831265008,0.13594955948522153,0.12715493853528673,0.12273994276353598,0.100691425212823,0.10686052455340338,0.11975859921359445,0.11349937635612752,0.11310852565001875,0.11194120236395583,0.09702365902298533,0.0817093627343286,0.061240046841530144,0.0717679025298025,0.10547970817118629,0.10858529387743922,0.06819069171642961,0.08049066351340668,0.07811584452634125,0.07717844583372281,0.0767878680324539,0.04594669304766488,0.0699245928634981,0.07436114370026607,0.09934724223073173,0.11111262718304418,0.10459913121088898,0.13114804383424775,0.1378212801454516,0.22482371670116783
berlin,2021.0438356164384,0.011248816603374616,0.01989380493278631,0.03411278680577804,0.008471490021595586,0.016913150227306765,0.027895080734673915,0.02683892503831361,0.017813050659088257,0.040882867027663215,0.05345226313178637,0.026485143689994477,0.03908228309867585,0.03313975779114117,0.03332187413617073,0.0690654454291239,0.03874403006849437,0.06553007295377236,0.09372080687559967,0.11855464353959937,0.1122642981507314,0.11481265624766859,0.14627875214766664,0.10270255455758696,0.10499512847217686,0.0939864859614107,0.14502203705265063,0.12436098975132924,0.08863670002476316,0.11970647934310281,0.10618834897969212,0.10951804795061054,0.08448018690994309,0.11365571746114929,0.09212155164515132,0.08968369368198642,0.0732415558447464,0.08999102418052753,0.08150624421401778,0.08697509665049048,0.08782933125210103,0.05872554800105244,0.09054318184278065,0.082136435031541985,0.1173611392378224,0.0971382728006009,0.09590879272975168,0.09674754505063159,0.07609525061208433,0.11930515809010141,0.13375467484341613,0.11049771828796263,0.11777286906788945,0.10960663440294578,0.08960555909907471,0.09359057252539728,0.12045701051832881,0.0913037104863332,0.09692467460015795,0.07499645543614704,0.09693509400421442,0.10770987510737988,0.08573023110728034,0.07469962849511574,0.07911575509126227,0.08773036432954112,0.062182364477388986,0.054264303756257536,0.03817681069484297,0.06105262658524514,0.06415556003569486,0.06890403143451868,0.05029791793322435,0.05744491830599985,0.06356203159823741,0.050688296815447106,0.05868390101075208,0.11111262718304418,0.10151983435618456,0.07573592641197192,0.12214053304177826,0.21097540853422833
berlin,2021.0630136986301,0.002813276099801863,0.031266598117788875,0.01989900692281063,0.014119916865459462,0.028191640624939417,0.027895080734673915,0.011924967249750274,0.03266105501163332,0.02201105786842406,0.03143309846754883,0.026485143689994477,0.026053325600267803,0.04308424364899083,0.053322129595256944,0.04833565780850496,0.03874403006849437,0.04367753839749353,0.046836686699525225,0.06103700826104871,0.03739624369095737,0.07134091537976937,0.07027346284369458,0.07371542497164948,0.061016183836080075,0.07159085865186116,0.05879843031433917,0.0581320815382085,0.07321031187823582,0.04600914824557059,0.05576348899482941,0.08689696613737548,0.07679307571717112,0.062942478438428,0.056788998236937824,0.060839176560560954,0.05492019197978069,0.05362924526409821,0.06700875620485675,0.06105262658524514,0.07100245244709096,0.06251556375007661,0.0531243272434509,0.06528015881169388,0.0907619629156542,0.056455835656096166,0.04910077430186073,0.08185519190486862,0.07609525061208433,0.04924651205318179,0.07566822792760271,0.06212509606741109,0.08830854217282669,0.07012245913213595,0.08126146141043157,0.10191580816820976,0.05525855025043205,0.06797721238940639,0.05319199638439472,0.06345269815129845,0.056523509132578094,0.056997225933924964,0.06090164964782177,0.05134413993522056,0.04082041798642933,0.03985767142458456,0.027026222020690896,0.03526795718895261,0.029991847480813384,0.024965992317620228,0.04741441003021243,0.04133042068456697,0.034409382158307654,0.03158398987001743,0.044484221940807325,0.033790176237861604,0.07223655099868821,0.02379024124304235,0.049194462809390736,0.07573592641197192,0.0719970190313389,0.13157552236257783
berlin,2021.0821917808219,0.011248816603374616,0.01136844261605168,0.014213542369049356,0.011295626749478021,0.016913150227306765,0.016736293013998777,0.011924967249750274,0.017813050659088257,0.01572197649649416,0.01571677492432171,0.03310853791032595,0.029310258941257272,0.039769203715818206,0.029986644481020817,0.041429299337591506,0.014083506992924363,0.0400398112988978,0.0432351688640971,0.0646345528371858,0.06460852050633464,0.055825955984430874,0.039342479234525295,0.07371542497164948,0.029279041359514337,0.03354561794750358,0.03989409934840773,0.04409388963139131,0.07899597312448685,0.0662642026923929,0.06116716110604315,0.04690955235147974,0.05374376343539674,0.05218737895806789,0.05218217373696782,0.04001899528097141,0.039935731292599704,0.0553574553915423,0.048887373331493345,0.0517969888216807,0.04856987594756724,0.030304028420884612,0.04918925788787994,0.04421359122812214,0.03761480127097339,0.03837976003511822,0.05612267520981016,0.032229185633108004,0.06340584103012065,0.03887412712740609,0.055482388470261386,0.04370876462439663,0.04752891451555286,0.054774438326274884,0.0374899111127703,0.07069523415402298,0.05130770398933999,0.06214592093647032,0.05699202023133503,0.04806500705057513,0.06258324511322638,0.04854905651470802,0.04059143881022278,0.03500257793853837,0.056133086441447155,0.03985767142458456,0.043245577515768664,0.03255178651667696,0.02726554692435965,0.01942042601922349,0.030673444954389232,0.024794310193473938,0.015878023903695297,0.02871192522061522,0.031771303944288475,0.03716727959238675,0.04513478230098052,0.07537139715193886,0.03689148326677245,0.058246609626425694,0.05007410202920865,0.09119431869517507
berlin,2021.1013698630136,0.014062701362920286,0.01136844261605168,0.01136844261605168,0.014119916865459462,0.01127482223489776,0.013948270546703915,0.008944769272208542,0.020778150712009624,0.01572197649649416,-0,0.01986259300359185,0.019540070832188793,0.023197173354265063,0.026656831396661633,0.03452385801001032,0.021126691121516255,0.01819278210312578,0.036027677825522866,0.0394881896392975,0.040794397574719504,0.04341211622585945,0.07027346284369458,0.05000643694554887,0.03904065183776083,0.04473403615649916,0.03989409934840773,0.04209022989960784,0.03466435144516484,0.040487357699816186,0.04856467108857387,0.03474240351761011,0.03377456609985414,0.05832990293992145,0.027619333582200315,0.04001899528097141,0.021631298540399815,0.029403911798927086,0.04345375098672249,0.040695520128960126,0.029882584594558902,0.017043192679666256,0.045254486293824905,0.03999817927137783,0.055326222168768105,0.03837976003511822,0.03272869752833626,0.049590038368828596,0.043110265206553824,0.04406266317321818,0.06809696897713328,0.04140848276343457,0.03847342922854834,0.030668241886397156,0.04165828220330925,0.04781517683202685,0.0374899111127703,0.05632048896735672,0.041788386553498466,0.04998561693752056,0.050464479231184446,0.03587677352801609,0.045103555217730316,0.03266625827902234,0.02040360242834328,0.021251541985756222,0.018915840054061998,0.016273346097787213,0.02726554692435965,0.030517353141185876,0.03625143327962272,0.019285175692578753,0.029112547906740144,0.03158398987001743,0.00952727272483302,0.033790176237861604,0.03610573194434553,0.06346311085062685,0.06457728172651246,0.02911775081906758,0.03129261376229456,0.07592339959789826
berlin,2021.1205479452055,0.014062701362920286,0.017053596089904432,0.01136844261605168,0.025418611543743832,0.014093909811048093,0.02510645993170173,0.02087699029231954,0.014842918185189164,0.02201105786842406,0.01885861927433708,0.009927747633663777,0.016278547725639688,0.01988340095430464,0.026656831396661633,0.02761413081979635,0.007041276705191476,0.02547583954254101,0.036027677825522866,0.028717128092863885,0.04759657637541308,0.06203138425985077,0.04496823807368052,0.021048659483589287,0.046368267089239024,0.03354561794750358,0.03359244816939151,0.036074510282755816,0.040445725313982044,0.025761980481260664,0.03777091439053865,0.04517121392180975,0.013813034452186325,0.03069425723155213,0.029154171219953295,0.030413292192685314,0.023290815202809897,0.022484460366350763,0.039831651494615566,0.025892045064830553,0.02801474504825408,0.03788019385310015,0.029507970727501363,0.03789580522364522,0.03982644751018763,0.027088654498067428,0.04910077430186073,0.047112535777450046,0.0304236982781644,0.03109489519046689,0.045389804182773726,0.02760372529654431,0.022630123540467888,0.04381285218285383,0.029154171219953295,0.029096939172869766,0.029596420980512284,0.033004471776294744,0.03418563463037699,0.03652202255682473,0.0363294877343124,0.03376936272156352,0.020294359687120483,0.039670328219432956,0.02295786717411718,0.02922701209825631,0.027026222020690896,0.013563368740169038,0.016356572205819715,0.01942042601922349,0.0278846751552019,0.013771423416938579,0.007935805517359338,0.017225252659323315,0.019061493232041562,0.006755238762258061,0.01804713135840781,0.03568944466449106,0.039966955272617254,0.0320262602962705,0.04381285218285383,0.05557088291595824
berlin,2021.1397260273973,0.002813276099801863,0.01989380493278631,0.022739371188830015,0.014119916865459462,0.005637105536640755,0.008367473181271885,0.02385787222141106,0.017813050659088257,0.028300899958220646,0.009428454715250788,0.00662002137330365,0.016278547725639688,0.003312505504420438,0.023322029189798366,0.01380783307096228,0.021126691121516255,0.02183418331580065,0.028821185647094384,0.05026148272040899,0.06120360396101662,0.031006442388567118,0.04777874335877514,0.028946054987036725,0.036600077417683057,0.04473403615649916,0.037791729508559475,0.03407115952325587,0.03658967009613205,0.03680302060424577,0.03957145291105434,0.03648039334560602,0.041455320067003455,0.04451024419894368,0.03989930333960604,0.022406426690912987,0.031615208835539886,0.041512565717546246,0.028966866572847146,0.038842903803582296,0.02801474504825408,0.018936647625938004,0.0334415509387594,0.03368090537024011,0.03761480127097339,0.040643479443550776,0.02805116467661672,0.04462994675410842,0.02788987794467474,0.046654523016350945,0.040341644495229034,0.03680822428611391,0.02715628976647721,0.037240131696213506,0.029154171219953295,0.0415750155900162,0.029596420980512284,0.04077358125472403,0.03988889535772444,0.032676664815368114,0.03229162435760096,0.03587677352801609,0.04285005021692715,0.025668334182533628,0.030611008172879445,0.023909896110776784,0.018915840054061998,0.013563368740169038,0.02726554692435965,0.03329065414601013,0.022307584203469774,0.024794310193473938,0.018525699623015233,0.008611913086085164,0.012705151997512511,0.01351135520104908,0.00902278274904181,0.02775460558749269,0.030741084885621703,0.03494013595879937,0.04067990791786589,0.03594962382386245
berlin,2021.158904109589,0.02250006711548699,0.02273416891465282,0.008528699372468524,0.031068879644879765,0.03665211405668208,0.016736293013998777,0.03877525333294961,0.020778150712009624,0.025153282554055953,0.02829049429754094,0.02979413385479236,0.013022430476345697,0.01656983971564772,0.019987440832793094,0.03452385801001032,0.017604979810963983,0.032754713904341995,0.02161048989024335,0.0394881896392975,0.06800845321178411,0.04961606318218475,0.025288548144338875,0.05264023518807825,0.04148134080943615,0.026833722353991372,0.03359244816939151,0.036074510282755816,0.026958586921457084,0.05337418297078971,0.041366849640120454,0.033004471776294744,0.03377456609985414,0.029159374136451175,0.030689054161477596,0.030413292192685314,0.02828529146797905,0.05881925385118346,0.02715628976647721,0.024039956061912178,0.052307099187108505,0.05493580846688451,0.037380632470395025,0.025257332976888112,0.03982644751018763,0.027088654498067428,0.030392480027974445,0.032229185633108004,0.045644827315262676,0.05443087775946044,0.030251998134053146,0.052916115054408554,0.0520624537955439,0.04381285218285383,0.052078069424449425,0.049891927004556955,0.04538459964206915,0.04466117355294808,0.04748727649171407,0.04613926348213077,0.0363294877343124,0.023212780317314965,0.038338129336639964,0.04200696259464282,0.03571546252184531,0.023909896110776784,0.04054460228475993,0.02712507347781689,0.01908750277103785,0.024965992317620228,0.02509605491024385,0.016528226474318904,0.03970155204008663,0.025840019192362673,0.012705151997512511,0.016892343465108452,0.02256249415888399,0.02775460558749269,0.030741084885621703,0.04367753839749353,0.03129261376229456,0.033046098204915476
berlin,2021.1780821917807,0.005621503847760371,0.03694872389331167,0.03980563157767228,0.022593707708681084,0.033831803295450234,0.019524464971410214,0.05369691506211044,0.04156981143111535,0.01886382116080424,0.01571677492432171,0.026485143689994477,0.04559798623797571,0.053035836961240784,0.03332187413617073,0.02416481392104775,0.031693256331342824,0.04367753839749353,0.07568385064693987,0.04667013702133027,0.023795443622868267,0.06203138425985077,0.039342479234525295,0.028946054987036725,0.04148134080943615,0.03354561794750358,0.029393505917522614,0.03807793822626715,0.04429686206662687,0.03864515652140638,0.03237487610689073,0.052119711124449006,0.050672681603891205,0.03836935235737405,0.04450503974627693,0.03841618692362413,0.04659727170486426,0.031131316976156162,0.04526489534970382,0.044395746360543206,0.05043845399320628,0.0340919731603515,0.039347683170519544,0.02736439883644126,0.046467155322264926,0.054196633219874876,0.04910077430186073,0.039670328219432956,0.043110265206553824,0.02850381075766011,0.040341644495229034,0.05061542586829663,0.0520624537955439,0.03943094621730098,0.0374899111127703,0.03741705865900149,0.027619333582200315,0.04077358125472403,0.028488202206517804,0.02883159141397068,0.0363294877343124,0.04643592743888696,0.04961606318218475,0.03500257793853837,0.02550705484115976,0.03985767142458456,0.018915840054061998,0.02712507347781689,0.032723494254699385,0.01942042601922349,0.016731091340357246,0.030304028420884612,0.015878023903695297,0.008611913086085164,0.022239955241367685,0.033790176237861604,0.013537361964105673,0.03568944466449106,0.018442470043220166,0.0320262602962705,0.028160423714738265,0.030501743985632348
berlin,2021.1972602739727,0.02250006711548699,0.04832524813792069,0.028425768048788314,0.03954543312430966,0.045119168757014244,0.0446403556849714,0.05369691506211044,0.035627001859946744,0.037734487954054215,0.02829049429754094,0.026485143689994477,0.009766517104661232,0.01656983971564772,0.023322029189798366,0.02071052373899237,0.028170829349389727,0.047320724729743635,0.06126087135614934,0.06103700826104871,0.06800845321178411,0.06513437611682216,0.08152707684625352,0.04474444510819792,0.061016183836080075,0.04025837999021459,0.06090164964782177,0.06214071471842075,0.040445725313982044,0.05705448869677495,0.05036558339617555,0.059074342854268685,0.04913720870139721,0.03836935235737405,0.05218217373696782,0.04001899528097141,0.033280247486788594,0.036324284100357374,0.04707610279649588,0.040695520128960126,0.04856987594756724,0.04545746325929546,0.04918925788787994,0.056851466458478606,0.03982644751018763,0.0496785227873878,0.04910077430186073,0.06200014702819346,0.04057062257147433,0.04924651205318179,0.040341644495229034,0.06442629455526408,0.04979303225844547,0.03943094621730098,0.03540845263453481,0.024939979838129556,0.04341211622585945,0.05049050448218209,0.041788386553498466,0.026911762673521824,0.04642551814859507,0.03376936272156352,0.038338129336639964,0.04900708596312342,0.010203400986370103,0.037198501910100344,0.01351135520104908,0.02169892671091331,0.02453938929723972,0.013870249680017977,0.022307584203469774,0.02203706888279173,0.03705800162802277,0.014353980940504243,0.025413409001518537,0.020268349544467497,0.03610573194434553,0.039654716316139725,0.030741084885621703,0.0320262602962705,0.028160423714738265,0.027598522535702004
berlin,2021.2164383561644,0.03656885545927882,0.056856672146997765,0.04549389510619258,0.05368129894706296,0.045119168757014244,0.06139102476146144,0.05369691506211044,0.05642460177358529,0.050318738066287845,0.04715937821904849,0.05298378392440006,0.03908228309867585,0.01988340095430464,0.03332187413617073,0.02761413081979635,0.06693586238322259,0.058246609626425694,0.06126087135614934,0.08978787330849569,0.07822000097974716,0.08686571396499801,0.06465017224195665,0.07635042437785693,0.06345790450069912,0.07830853412917692,0.07140860823066739,0.0581320815382085,0.07706387604129286,0.05889734218861455,0.053967595134784246,0.057335597719927085,0.05527937236977001,0.07676703729878885,0.05832469710392173,0.06404101893250651,0.07657435340797546,0.0744028032484254,0.08513124784629891,0.08697509665049048,0.07287183677765864,0.08526666954516608,0.06887799696618647,0.056851466458478606,0.0907619629156542,0.08131354276150345,0.03507022350120618,0.06696189587921807,0.05832990293992145,0.04924651205318179,0.05295775742552236,0.057523004579618627,0.04979303225844547,0.05915763749364035,0.0374899111127703,0.05821537466825962,0.047357157882094554,0.046602476366937574,0.058892136295801145,0.061531590805101725,0.05854334266475193,0.040102259402673944,0.04285005021692715,0.03033524661797259,0.05868390101075208,0.061125512160200804,0.037838563554573455,0.01898866659205455,0.0463630624506018,0.030517353141185876,0.022307584203469774,0.04684189138556734,0.05029791793322435,0.008611913086085164,0.034950542950210724,0.030408089150729574,0.01804713135840781,0.03568944466449106,0.009220417414162218,0.02037759223104757,0.021901811750174947,0.022510471617515317
berlin,2021.2356164383561,0.05908475467689358,0.10523481249008415,0.07109618042327236,0.08195414764636236,0.13264423405823525,0.13684109490685664,0.11939376121720013,0.06831044879580338,0.09439282130648687,0.0723302811993126,0.09938892180120092,0.10428650392423995,0.08952742463356114,0.059990591225676376,0.08634484719059675,0.09514298720857858,0.10926792231157822,0.09011083147710303,0.11136276169547991,0.07822000097974716,0.08686571396499801,0.11530253898650411,0.11324923156578676,0.056133086441447155,0.10294222800852347,0.10925228949908311,0.10428129348538319,0.08670424470693484,0.060740260992557096,0.12060294839369637,0.07646499259837268,0.1090803288718573,0.08905862030597698,0.12594038638404215,0.08968369368198642,0.06990897187435849,0.10211379620496312,0.10689178874504253,0.096236998548464,0.0953096922120521,0.09854491701047219,0.10039445156367294,0.09900338704906902,0.08633442990832517,0.07001311189060758,0.08420413953376298,0.06200014702819346,0.09894607807318716,0.07518392595610716,0.0857666911807185,0.0920642502531988,0.05432676894493024,0.0766993374720102,0.08751680476998512,0.08110000955360563,0.07500687044730293,0.07964175742893319,0.07980841274487638,0.07307492157362547,0.08278746662365825,0.0527703670181296,0.07444446282995433,0.04200696259464282,0.05868390101075208,0.061125512160200804,0.0865323586283435,0.037979065945686445,0.02726554692435965,0.02774420003613074,0.016731091340357246,0.04408868522039551,0.023816253147388236,0.022968271767745563,0.031771303944288475,0.023649777184407177,0.013537361964105673,0.03568944466449106,0.03689148326677245,0.02037759223104757,0.03129261376229456,0.027234330570110758
berlin,2021.2547945205479,0.03093880211216547,0.07392892785752207,0.09387187913046532,0.06498859383065303,0.0930956849693063,0.06976838318324548,0.1044584486993021,0.06533743069649886,0.07235111015572843,0.0723302811993126,0.06623816954568522,0.06841458561074809,0.053035836961240784,0.06332774592199385,0.08289163243479368,0.06693586238322259,0.06189081686516758,0.07207512716032663,0.11855464353959937,0.1122642981507314,0.09617969262132423,0.12093131011079145,0.1000662195036104,0.08055836827637072,0.07830853412917692,0.07771484412849072,0.08019901323453776,0.08092293389993609,0.08100105543751755,0.06656618814662466,0.07820437749843837,0.09216843464916423,0.07062233516448298,0.09826879496031815,0.06885196251088296,0.07157523716215551,0.09691946489890974,0.09056922716032878,0.08882421972710348,0.10092587929176461,0.08337079785363934,0.06887799696618647,0.0800271486576184,0.07525683134083712,0.08131354276150345,0.08420413953376298,0.09674754505063159,0.08371454967844326,0.06221360181850746,0.08829291566010053,0.07593902239390439,0.058855695060723426,0.08328225608498678,0.06458248818851582,0.06861765299973575,0.06512916959956115,0.07964175742893319,0.07220010041074157,0.07499645543614704,0.05248407742188824,0.03376936272156352,0.06767001196901738,0.03733379883682261,0.06889882453981179,0.05581033922999831,0.043245577515768664,0.03526795718895261,0.0463630624506018,0.038842903803582296,0.050204227437571886,0.02203706888279173,0.04499946507567004,0.04594669304766488,0.04130440001764864,0.050688296815447106,0.03610573194434553,0.03568944466449106,0.030741084885621703,0.02037759223104757,0.028160423714738265,0.02323879193279972
berlin,2021.2739726027398,0.03093880211216547,0.03694872389331167,0.036959131286718475,0.0367197617652276,0.03947257779068166,0.05301501574025177,0.03280674669540843,0.04156981143111535,0.06290603436478938,0.034581096030364106,0.023171161759598883,0.07167417334286143,0.07293432432271106,0.05665885634974439,0.06561337793470598,0.07046091633705347,0.06553007295377236,0.10815279347647322,0.08259996868944097,0.13270158018476633,0.10238993867303445,0.09841467057770815,0.10270255455758696,0.06834168981839103,0.07159085865186116,0.0819176902460102,0.09625262744864811,0.07899597312448685,0.05521690603677498,0.052166558076805473,0.07646499259837268,0.07525683134083712,0.07523079369170049,0.07675662193508555,0.08006881274531351,0.08656881926420214,0.07267396004705075,0.08513124784629891,0.06290082807063703,0.06538949610106158,0.06251556375007661,0.07675662193508555,0.08635005583251225,0.088548149289274,0.08583440281350097,0.06547800740845586,0.09923262358420405,0.0887929663964249,0.09853970714690072,0.07566822792760271,0.06903420397170902,0.07244484056284078,0.0766993374720102,0.07083582535102258,0.06653494819072014,0.07302805578108415,0.07575154915164821,0.05319199638439472,0.0673003325132437,0.0605632546562714,0.06544676810628891,0.036079713891716075,0.03733379883682261,0.06634750884942543,0.05581033922999831,0.051359755348411716,0.05698160882772436,0.03817681069484297,0.04716978765624455,0.03346236432384794,0.019285175692578753,0.02646433309740225,0.0430738350296186,0.05084444918893198,0.027026222020690896,0.03610573194434553,0.011893760103312842,0.04304260918398527,0.0116441036060514,0.021901811750174947,0.0177922435368097
berlin,2021.2931506849316,0.03656885545927882,0.056856672146997765,0.05971467382409355,0.05368129894706296,0.08180311001129767,0.06418679856216468,0.06861765299973575,0.07425178754514407,0.10699079214257257,0.09751337420271355,0.13256082162344968,0.11733508049751509,0.06961738093838726,0.09669023856084238,0.0725229493645012,0.08456352225487922,0.1566882323191963,0.11537028909024552,0.12215095749964158,0.17360025711602217,0.11481265624766859,0.14627875214766664,0.09743001810174663,0.11477096431278178,0.11190472393350828,0.10925228949908311,0.1203423453321494,0.09635161059220948,0.1012749573234822,0.10077999662951974,0.09211634242508923,0.07832936548036105,0.11673052138817455,0.0859750349479349,0.10410934929610008,0.06824275997792192,0.10904385244827451,0.08150624421401778,0.11661586441897183,0.10092587929176461,0.11182655595443027,0.08857419360759189,0.0947835313634132,0.10405724510857099,0.11070616116654726,0.10527649677988776,0.09178295342674671,0.10148857339418166,0.08037087837949235,0.10344241963843645,0.07593902239390439,0.08830854217282669,0.08766785900181157,0.06875303169961779,0.08734491600545873,0.08883463750817251,0.0602040377671076,0.03988889535772444,0.06537908301597856,0.05854334266475193,0.061219222335250546,0.06541552882288913,0.05368129894706296,0.053582396993984635,0.053150353825698535,0.04054460228475993,0.040695520128960126,0.04909036447810976,0.038842903803582296,0.050204227437571886,0.04684189138556734,0.03705800162802277,0.03158398987001743,0.05720024874130235,0.01351135520104908,0.0406174591203795,0.02379024124304235,0.030741084885621703,0.02037759223104757,0.03441978904350319,0.022146315285201446
berlin,2021.3123287671233,0.02250006711548699,0.06823755314942365,0.04833565780850496,0.06498859383065303,0.08462602385122009,0.047435229008793905,0.0865323586283435,0.10695952789140911,0.13849907861592486,0.14160663701667447,0.16243102681164165,0.163041333807406,0.14929812126904457,0.14008933278448404,0.14514718574192656,0.10572460500563803,0.12020683225629203,0.13342101878206034,0.1329413919445671,0.10204606337071619,0.099284722937666825,0.1124883818915107,0.1053390232772406,0.07567343550019165,0.09846155925592508,0.07351233767420673,0.07818875402181788,0.07128363688245397,0.0883710482706732,0.0845739391823867,0.09559621768544431,0.061427467773324355,0.07676703729878885,0.08443851928755751,0.08006881274531351,0.08656881926420214,0.08652714996816163,0.0941948626648156,0.06475430172696853,0.10279633968943998,0.07768359747411017,0.09054318184278065,0.07792315563752181,0.1018428653973222,0.09261642993039156,0.07015890826374106,0.09674754505063159,0.0811729232333258,0.05962096636037722,0.07566822792760271,0.0874542996989647,0.07924074526380767,0.08547501130899596,0.05624240449948423,0.07486106048094708,0.08685529657837944,0.07380915783799025,0.06459810757764207,0.07499645543614704,0.0605632546562714,0.031656834152052817,0.04285005021692715,0.04667534169070244,0.07145547256367898,0.053150353825698535,0.04595189764462818,0.03255178651667696,0.032723494254699385,0.030517353141185876,0.05299419452759971,0.04133042068456697,0.05029791793322435,0.025840019192362673,0.031771303944288475,0.03716727959238675,0.03610573194434553,0.03171927218930691,0.021516851067584757,0.014556837324433585,0.021901811750174947,0.01597685417046448
berlin,2021.331506849315,0.056268432642411624,0.056856672146997765,0.07394455005431795,0.05933463904530671,0.045119168757014244,0.0446403556849714,0.11342120597988459,0.10100924099679667,0.09439282130648687,0.13845736768570474,0.12592474855849023,0.11733508049751509,0.07957405385939284,0.1501116600302922,0.11054982892927198,0.10572460500563803,0.12749897992290388,0.11898201855295795,0.07181997437332652,0.10885625981689723,0.08065211347831672,0.08715740163762124,0.08161561562636407,0.08055836827637072,0.08278746662365825,0.08822520082589988,0.060136359500577205,0.09249140760318342,0.07179393844504364,0.06836772401821549,0.07820437749843837,0.06910710073487455,0.07523079369170049,0.07214802818656514,0.057637531326366814,0.05658597703518425,0.06747736178385155,0.06700875620485675,0.07771484412849072,0.05978235154179975,0.06062052134619392,0.09251224463684395,0.056851466458478606,0.088548149289274,0.07905326011764907,0.08654277595026671,0.08185519190486862,0.07355920390321671,0.0699974908748765,0.05295775742552236,0.052916115054408554,0.06564982390583558,0.06134937563631713,0.04582178287689639,0.06445753324438144,0.04143450348242993,0.05049050448218209,0.04939225021295576,0.04229319451405582,0.05248407742188824,0.050657066397018655,0.020294359687120483,0.04200696259464282,0.0331605710554351,0.023909896110776784,0.04595189764462818,0.03255178651667696,0.029991847480813384,0.038842903803582296,0.016731091340357246,0.03306170812423626,0.023816253147388236,0.03445621315808642,0.019061493232041562,0.030408089150729574,0.027078249079965925,0.019826179109866764,0.021516851067584757,0.0058243261683541825,0.01251270533882302,0.013797430310069239
berlin,2021.3506849315067,0.011248816603374616,0.03979522361453939,0.05687228921567053,0.04802857340228109,0.053582396993984635,0.047435229008793905,0.05667967902980812,0.10993492668930649,0.07864704461992475,0.08491769896080947,0.08943887238124645,0.10102487133137183,0.10280154997949958,0.09669023856084238,0.09326238340952298,0.10925228949908311,0.09103804510700543,0.07929282459104042,0.06103700826104871,0.05439964509321392,0.11170669861472844,0.06465017224195665,0.09215801620017447,0.06589973982454454,0.06935182633004146,0.06720661137867456,0.07417888356949189,0.05007930703929415,0.06442108810890525,0.06296850993524121,0.052119711124449006,0.05835072628914353,0.05525855025043205,0.056788998236937824,0.05282762512651966,0.0582518154546079,0.041512565717546246,0.06700875620485675,0.04624335590579099,0.06352038073420105,0.053041042267787816,0.07478815565109591,0.06949241389494241,0.07082541117524621,0.054196633219874876,0.05612267520981016,0.07937094367968447,0.06340584103012065,0.046654523016350945,0.07314782400153301,0.06442629455526408,0.0520624537955439,0.03943094621730098,0.06875303169961779,0.02702101931762926,0.05328048693234759,0.034950542950210724,0.041788386553498466,0.05383225492232595,0.03027281024253846,0.042215131107054105,0.024804715154559683,0.03733379883682261,0.01785466492862248,0.021251541985756222,0.043245577515768664,0.024414530538704307,0.02726554692435965,0.016642662968114338,0.030673444954389232,0.027551697711517227,0.03176089758912708,0.014353980940504243,0.015883225492003324,0.016892343465108452,0.004513795901579035,0.007930604723981044,0.018442470043220166,0.0029120815390412773,0.0031304942288193816,0.01088994021653837
berlin,2021.3698630136987,0.016871536711235546,0.01989380493278631,0.03980563157767228,0.03954543312430966,0.01127482223489776,0.039061467464052084,0.047726695584121286,0.05345226313178637,0.05976152761928274,0.0565963883595821,0.0828082997691934,0.05537827755048443,0.08620942268384549,0.05665885634974439,0.0552481391938897,0.08808977142203449,0.0400398112988978,0.028821185647094384,0.068227139493997,0.057804116135553286,0.10860092648941023,0.08152707684625352,0.08161561562636407,0.043927348737796176,0.053686504318222444,0.03568944466449106,0.03807793822626715,0.03273910407717774,0.06258324511322638,0.03957145291105434,0.05385828185890182,0.05527937236977001,0.036834242703248345,0.04450503974627693,0.03521592193507238,0.034945339454244696,0.043245577515768664,0.04345375098672249,0.038842903803582296,0.04670136504535994,0.04356304239259008,0.037380632470395025,0.05053214491087551,0.026547575517742065,0.040643479443550776,0.03272869752833626,0.054555808612033296,0.043110265206553824,0.05443087775946044,0.055482388470261386,0.02990339655519328,0.02715628976647721,0.028477796508357196,0.05416019527521727,0.03741705865900149,0.0335404145921226,0.04271994321041873,0.037989473545315997,0.026911762673521824,0.01614330557066179,0.025324965863378235,0.018036727749395545,0.025668334182533628,0.0127519634546151,0.02656838614364825,0.01351135520104908,0.02169892671091331,0.01363098641881596,0.01942042601922349,0.016731091340357246,0.008263456549009363,0.015878023903695297,0.008611913086085164,0.012705151997512511,0.020268349544467497,0.027078249079965925,0.019826179109866764,0.003073290816637081,0.0029120815390412773,0.0031304942288193816,0.00871072954396621
berlin,2021.3890410958904,0.028124004009853,0.03979522361453939,0.03980563157767228,0.03389424394430867,0.042298398745359116,0.0334779743681285,0.06265092656447374,0.04454147092590018,0.040882867027663215,0.034581096030364106,0.05961055443038754,0.04234003261451287,0.05635172278733789,0.053322129595256944,0.03452385801001032,0.021126691121516255,0.03639713502314873,0.03962869648773163,0.0394881896392975,0.05439964509321392,0.034107583393643275,0.059027489678258105,0.036844650073748424,0.03904065183776083,0.04697200870585009,0.037791729508559475,0.03807793822626715,0.03466435144516484,0.03312414784839057,0.03417002437365448,0.04517121392180975,0.038384963874768564,0.04297495324944232,0.04757575733223368,0.04161664887999607,0.034945339454244696,0.03978481565348968,0.039831651494615566,0.044395746360543206,0.04296454465194048,0.02840495667953669,0.04131480828285234,0.046316220726337454,0.028763953966498824,0.03386302361050437,0.030392480027974445,0.027270749651892592,0.043110265206553824,0.046654523016350945,0.022687348470507424,0.020700119597103182,0.022630123540467888,0.021901811750174947,0.010411442220143122,0.01247109534410109,0.019727341526875847,0.013589375529244961,0.01898866659205455,0.024986802310579447,0.010088978662577169,0.012658340582550512,0.018036727749395545,0.014000284522855034,0.02550705484115976,0.010624685348569389,0.01351135520104908,0.010848331520319662,0.005449885578993458,0.008320665671008401,0.016731091340357246,0.008263456549009363,0.013230482988800326,0.008611913086085164,0.0031772970674157778,-0,0.004513795901579035,-0,0.003073290816637081,-0,0.0031304942288193816,0.0050806481937046895
berlin,2021.4082191780822,0.00843508410381549,0.02273416891465282,0.008528699372468524,0.022593707708681084,0.014093909811048093,0.008367473181271885,0.014910537527701157,0.017813050659088257,0.03144350475711054,0.0408672547603266,0.026485143689994477,0.05537827755048443,0.039769203715818206,0.023322029189798366,0.031068879644879765,0.04226717336536936,0.02183418331580065,0.025215712782768726,0.032307234050443064,0.016996377359348447,0.01549830936280587,0.030907583552730985,0.026313456550184463,0.03415961753844482,0.03354561794750358,0.01889503249051205,0.014026291530446865,0.01925396412869344,0.014718082706948372,0.016184918503956883,0.01910310850067905,0.021490840313440597,0.01380783307096228,0.021480436015424785,0.012803976234156533,0.021631298540399815,0.024211635695512428,0.018099149434690816,0.00924642203127985,0.020544057718569514,0.017043192679666256,0.019670119854168545,0.02736439883644126,0.028763953966498824,0.01354256331828127,0.01870256292238956,0.02974730705346839,0.012673944382853637,0.015545123334434164,0.0201695111210304,0.02529895320431984,0.018104351245178223,0.00875753740534499,0.010411442220143122,0.01247109534410109,0.01380783307096228,0.011649304770849519,0.003796138560742797,0.0019240355948756038,0.020179915156756156,0.006328785114386053,0.01352695925732107,0.014000284522855034,0.005101450230224663,0.010624685348569389,0.005403080694905341,0.0027144708483027614,0.0027248713922515093,0.008320665671008401,-0,0.01101996760680905,0.005293869462529797,0.0028704792259572447,0.006354788285470629,0.01013578776460552,0.004513795901579035,0.0039625509751080625,0.009220417414162218,0.008731533032711871,-0,0.003993753362091565
berlin,2021.427397260274,0.011248816603374616,0.028420565205691667,0.017053596089904432,0.031068879644879765,0.01127482223489776,0.016736293013998777,0.02683892503831361,0.04454147092590018,0.03144350475711054,0.044015823521106445,0.01654903309082355,0.029310258941257272,0.01656983971564772,0.009995360584923656,0.01725646300555399,0.045790555381085424,0.02911775081906758,0.014405995322476585,0.00717649518955648,0.023795443622868267,0.034107583393643275,0.025288548144338875,0.031578786710916344,0.017079604624602954,0.020122692986021568,0.014692075353365513,0.018031525945672842,0.026958586921457084,0.020237137390453824,0.016184918503956883,0.01736569936487648,0.01074430992543354,0.016876738398920378,0.01227344832387483,0.014400793881940366,0.013308502895578911,0.020752140327365692,0.0126687431155676,0.024039956061912178,0.02614697259232536,0.017043192679666256,0.02163650070423713,0.006313183217977983,0.026547575517742065,0.02257289867340314,0.01870256292238956,0.0024804591594204378,0.015212224896366868,0.012954813589029024,0.012606327948680246,0.013797430310069239,0.013573771454237438,0.015331860027223648,0.002080041601111447,0.0041549659931030825,0.011836547050156,0.009704105421198058,0.009496067017308214,0.0134541403680991,0.008071026327846035,0.010551870523468895,0.004508595450436863,0.004664609210849361,0.010203400986370103,0.002657267893771396,0.005403080694905341,0.00813863686494731,0.0027248713922515093,0.005548696028198445,-0,0.0027560730365790635,0.002646867363344045,0.005741116915482853,-0,-0,-0,0.0039625509751080625,-0,0.0029120815390412773,-0,0.003629726678935282
berlin,2021.4465753424658,0.00843508410381549,0.002839277512982304,0.0028444777971750983,0.014119916865459462,0.014093909811048093,0.00557989936695659,0.011924967249750274,0.00593873910845527,0.006287180067692691,0.01571677492432171,0.009927747633663777,0.009766517104661232,0.023197173354265063,0.016658267964057123,0.02071052373899237,0.014083506992924363,0.014556837324433585,0.025215712782768726,0.017943095361955784,0.0067968441834456396,0.01860372747505639,0.01404709714588307,0.007894199184880109,0.014640060685233372,0.0067084327032152545,0.006297581326245275,0.014026291530446865,0.0057775209472333035,0.014718082706948372,0.008991577344264803,0.01910310850067905,0.004602203650517907,0.01227344832387483,0.01227344832387483,0.009600086115211843,0.008315464839132307,0.010375034944150853,0.009048787267324722,0.00924642203127985,0.011202006499415215,0.007571751236865709,0.00786819524397923,0.010520664201067077,-0,0.009027983651655722,0.011685712939020211,0.014874127101577476,0.012673944382853637,0.005179457941286273,0.0201695111210304,0.006900857882046998,0.002262049199925457,0.002189246083955761,0.002080041601111447,0.008310264007782153,0.0039469497886402685,0.0019396361744404699,0.003796138560742797,0.007686168021811396,0.004035356573860712,0.004217371016703511,0.004508595450436863,0.0023348524178297934,0.0025480624280375427,0.005314671584346822,0.0027040703064400047,0.0054238828604055945,-0,-0,-0,-0,-0,-0,-0,0.003380109854759449,0.004513795901579035,0.0039625509751080625,-0,-0,-0,0.0018148316689941748
berlin,2021.4657534246576,0.002813276099801863,-0,0.0028444777971750983,-0,0.005637105536640755,-0,0.0029796853688030733,0.00593873910845527,0.006287180067692691,0.012569919135928956,0.003307305173422107,0.013022430476345697,-0,0.006661626686297544,0.01380783307096228,0.010562272635097854,0.01091594566857925,0.014405995322476585,0.010765114227763857,0.013594576888617496,0.003099292359832304,-0,0.0026312665716063024,0.0048778287737478,-0,-0,0.002002038539491907,0.011550482728593011,0.005517492708164296,0.007192097344997588,0.005210661058478578,0.004602203650517907,0.004602203650517907,0.007670565718127922,0.003198098342534541,0.008315464839132307,0.0069164599547856965,0.003619325954004455,0.005548696028198445,0.0037337340426538855,0.005678710063214445,0.003931348606847413,0.006313183217977983,0.006635623361774643,0.004513795901579035,0.0023348524178297934,0.004955836149344533,0.002532461665942752,-0,0.0025220611604778874,0.002298450796139386,0.004524196805412104,0.002189246083955761,-0,0.002080041601111447,0.005917936736990098,0.0038845450895646266,-0,0.0019240355948756038,0.004035356573860712,-0,0.0022568489739783763,-0,0.0025480624280375427,0.005314671584346822,-0,0.0027144708483027614,0.005449885578993458,0.005548696028198445,-0,0.0027560730365790635,-0,-0,-0,-0,-0,-0,-0,-0,-0,7.280050960454046e-4
berlin,2021.4849315068493,-0,-0,0.005683910631373779,-0,-0,-0,-0,0.00890316213242793,0.01886382116080424,0.003140894855977498,0.003307305173422107,0.006510807585062592,0.013251288285829547,0.006661626686297544,0.006900857882046998,0.0035205191709188123,0.007275308919724271,-0,0.00717649518955648,0.003400911211008475,0.003099292359832304,0.008429883260501482,0.0026312665716063024,0.007316914757024442,0.004472192307027267,0.00210084243730566,-0,0.0038481423830252345,0.005517492708164296,0.0017992311268777742,0.0017368290052038353,0.004602203650517907,0.006136362052479218,0.004602203650517907,0.006401594026198965,0.0049922396313357474,0.005189858978269959,-0,0.007394925791684666,0.005600701603197585,0.0018928344497984545,0.001965637150774993,-0,0.006635623361774643,0.0022568489739783763,0.0023348524178297934,0.0024804591594204378,0.002532461665942752,-0,0.005039044145629613,0.004597003190534185,0.006786442825027931,-0,0.0041653668251699465,-0,0.0019708373476054787,-0,-0,-0,0.002017639142452774,0.006328785114386053,0.0022568489739783763,0.0023348524178297934,0.005101450230224663,-0,-0,0.0027144708483027614,-0,0.00277167386576647,-0,-0,-0,-0,-0,-0,-0,-0,-0,-0,-0,0.0010868113572177433
berlin,2021.504109589041,0.005621503847760371,0.002839277512982304,0.005683910631373779,0.0028236766635127155,0.0028184763814001475,-0,0.005964742084499513,-0,-0,0.003140894855977498,0.003307305173422107,-0,-0,-0,-0,-0,0.01091594566857925,0.0036037248705116445,0.0035881237916937088,0.0067968441834456396,-0,0.002808075818729408,0.010525865253503073,0.002438857191646164,-0,0.00210084243730566,0.00400935456260728,0.015404681545978773,0.009199613729829125,0.008991577344264803,0.0034737160234086795,0.007675766485504184,-0,0.00153402262694581,0.0016016246651463287,0.0016640266245696565,0.0017316288317807886,-0,0.0036973314416898846,0.0037337340426538855,0.003785737802527224,0.001965637150774993,0.008419481575428201,0.004425388302940482,0.004513795901579035,0.0023348524178297934,-0,0.005070247178565313,0.005179457941286273,-0,0.004597003190534185,0.006786442825027931,0.002189246083955761,0.006245575054287377,-0,-0,0.0019396361744404699,0.003796138560742797,0.0019240355948756038,-0,0.004217371016703511,0.0067656401144341426,-0,0.0025480624280375427,-0,-0,-0,-0,-0,0.002787274699628602,-0,0.002646867363344045,-0,-0,-0,-0,-0,-0,-0,-0,7.280050960454046e-4
berlin,2021.5232876712328,-0,0.005683910631373779,0.0028444777971750983,-0,-0,-0,-0,-0,0.0031460951703395374,0.006287180067692691,-0,0.0032553018920135506,-0,-0,-0,0.0035205191709188123,0.003640127405946399,-0,0.014353980940504243,0.010198199966192732,0.00619876945399884,0.02809798995055679,0.0026312665716063024,0.012195429970057726,0.0067084327032152545,0.012595925428149222,0.02003946085009725,0.021183914397082358,0.012876794212917595,0.012585522909699205,0.010421844303680755,0.01074430992543354,0.006136362052479218,0.004602203650517907,0.008003415878652047,0.0049922396313357474,0.008648319127665926,0.003619325954004455,0.007394925791684666,0.005600701603197585,0.0018928344497984545,0.001965637150774993,0.004206970174240745,0.002210046963827805,-0,0.0023348524178297934,0.0024804591594204378,0.005070247178565313,-0,0.005039044145629613,0.004597003190534185,0.002262049199925457,0.002189246083955761,0.0041653668251699465,-0,-0,-0,-0,0.0019240355948756038,0.002017639142452774,0.002111242858517245,0.0022568489739783763,-0,-0,-0,-0,0.0027144708483027614,-0,-0,0.002787274699628602,0.0027560730365790635,-0,0.0028704792259572447,-0,-0,-0,-0,0.003073290816637081,-0,-0,-0
berlin,2021.5424657534247,0.00843508410381549,0.002839277512982304,0.0028444777971750983,0.0028236766635127155,0.01127482223489776,0.011155196437593964,0.0029796853688030733,0.00890316213242793,0.0031460951703395374,-0,0.003307305173422107,0.009766517104661232,-0,0.009995360584923656,-0,0.0035205191709188123,0.003640127405946399,0.018010718735974082,0.04307903933904428,0.03739624369095737,0.040310420290224414,0.04215268046583311,0.03947778173970141,0.02683892503831361,0.022359606541863378,0.014692075353365513,0.02404515846672684,0.04237125803825378,0.012876794212917595,0.019779361283981098,0.01736569936487648,0.030704663373257262,0.02302029476710931,0.007670565718127922,0.014400793881940366,0.019966632840442634,0.010375034944150853,0.00542908340308526,0.007394925791684666,0.009334837826761389,0.005678710063214445,0.0059023349638452445,-0,0.002210046963827805,0.011285224491147437,-0,0.0024804591594204378,-0,0.005179457941286273,0.0025220611604778874,0.004597003190534185,0.002262049199925457,0.002189246083955761,0.002080041601111447,0.008310264007782153,0.0019708373476054787,0.0019396361744404699,0.007597755029522502,0.0038429419984537592,-0,-0,-0,0.006999671088432016,0.005101450230224663,-0,-0,-0,0.0027248713922515093,-0,0.005574698809193734,-0,-0,0.0028704792259572447,0.0031772970674157778,-0,0.004513795901579035,-0,-0,-0,-0,3.640012740048661e-4
berlin,2021.5616438356165,0.005621503847760371,0.005683910631373779,0.008528699372468524,0.0028236766635127155,-0,0.008367473181271885,-0,0.01187295534942598,0.01572197649649416,0.003140894855977498,0.023171161759598883,0.006510807585062592,0.00993814962044355,0.01332410689098527,0.02761413081979635,0.014083506992924363,0.02183418331580065,0.03962869648773163,0.04307903933904428,0.040794397574719504,0.07134091537976937,0.06746174152985164,0.05527416683915676,0.056133086441447155,0.03802069635670289,0.04829401913867109,0.03407115952325587,0.03658967009613205,0.025761980481260664,0.023379254881271315,0.031266598117788875,0.01688714177585683,0.01841125898514139,0.023015092464833173,0.012803976234156533,0.006656426020355008,0.017292875099829262,0.010858733691253035,0.01109278308737655,0.007467736196293589,0.01136324147934599,0.009834129846287232,0.010520664201067077,0.011061576440359837,0.011285224491147437,0.014026291530446865,0.009912144657398491,0.002532461665942752,0.007774581164424722,0.010083777653838487,0.004597003190534185,-0,0.0043785843409866404,0.006245575054287377,0.0062351738061373,0.0039469497886402685,0.0058243261683541825,0.0018980346393426264,0.005767119792704852,-0,0.004217371016703511,0.004508595450436863,0.004664609210849361,-0,-0,0.0027040703064400047,-0,-0,-0,-0,-0,-0,0.0028704792259572447,-0,-0,-0,-0,-0,-0,-0,0.0010868113572177433
berlin,2021.5808219178082,0.011248816603374616,-0,0.005683910631373779,0.011295626749478021,0.005637105536640755,0.008367473181271885,0.008944769272208542,0.00890316213242793,0.012575120393330197,0.01571677492432171,0.023171161759598883,0.03908228309867585,0.00993814962044355,0.006661626686297544,0.02071052373899237,0.021126691121516255,0.01819278210312578,0.057653148629555444,0.05026148272040899,0.040794397574719504,0.06823755314942365,0.06465017224195665,0.0342116517353205,0.04880930002456243,0.053686504318222444,0.0251897001783634,0.04008144335974906,0.026958586921457084,0.027598522535702004,0.04856467108857387,0.022578100931440505,0.02456019911947642,0.03836935235737405,0.01841125898514139,0.02560590341040424,0.013308502895578911,0.01210700931057096,0.016288950982899834,0.01109278308737655,0.011202006499415215,0.024617426173565,0.013766222039876739,0.016840326596036313,0.022125506428951627,0.009027983651655722,0.014026291530446865,0.01239307669374335,0.015212224896366868,0.010364632869976964,0.010083777653838487,0.011498471202837403,0.006786442825027931,0.006568014778865976,0.010411442220143122,0.002080041601111447,0.005917936736990098,0.009704105421198058,0.007597755029522502,0.015373472311165294,0.002017639142452774,0.002111242858517245,0.0022568489739783763,0.006999671088432016,0.0025480624280375427,0.007967010288569753,-0,0.0054238828604055945,0.0027248713922515093,0.00277167386576647,-0,-0,0.002646867363344045,0.008611913086085164,-0,0.003380109854759449,-0,-0,-0,-0,0.0031304942288193816,0.0014508202390348668
berlin,2021.6,0.016871536711235546,0.017053596089904432,0.005683910631373779,0.0028236766635127155,0.01127482223489776,0.027895080734673915,0.014910537527701157,0.020778150712009624,0.037734487954054215,0.03143309846754883,0.036417949591265555,0.03256739628761064,0.039769203715818206,0.03332187413617073,0.02761413081979635,0.06341104737483566,0.08739700344986188,0.046836686699525225,0.068227139493997,0.04759657637541308,0.07134091537976937,0.06746174152985164,0.04737797683775428,0.036600077417683057,0.0514482427784166,0.04409388963139131,0.04008144335974906,0.03466435144516484,0.04600914824557059,0.026974195013475727,0.031266598117788875,0.039920119309618834,0.02302029476710931,0.038364148519280224,0.022406426690912987,0.024955587324263617,0.024211635695512428,0.018099149434690816,0.038842903803582296,0.02614697259232536,0.0340919731603515,0.025574688052447232,0.021048659483589287,0.024336493966865543,0.040643479443550776,0.021038255274045806,0.02974730705346839,0.0304236982781644,0.010364632869976964,0.012606327948680246,0.016101692670661593,0.009048787267324722,0.00875753740534499,0.008331067336315315,0.002080041601111447,0.015779193824760788,0.0058243261683541825,0.011394448307400865,0.005767119792704852,0.002017639142452774,0.002111242858517245,-0,0.0023348524178297934,0.0025480624280375427,0.002657267893771396,0.00810743199074506,-0,0.0027248713922515093,-0,0.002787274699628602,-0,0.002646867363344045,-0,0.006354788285470629,-0,-0,0.007930604723981044,0.006146763280864589,-0,0.0031304942288193816,0.0010868113572177433
berlin,2021.6191780821919,0.025314560798192203,0.01989380493278631,0.028425768048788314,0.0367197617652276,0.03665211405668208,0.030689054161477596,0.06265092656447374,0.06831044879580338,0.07235111015572843,0.06917999760022556,0.079495934465618,0.13365562047675528,0.09948270095689689,0.15344938817388545,0.12438705201276655,0.11631358816654194,0.0946845512046773,0.11537028909024552,0.11855464353959937,0.09864390451755747,0.07754819552210056,0.08152707684625352,0.08425101540000716,0.061016183836080075,0.0492100775770606,0.05879843031433917,0.036074510282755816,0.06935182633004146,0.04416675144006572,0.03777091439053865,0.052119711124449006,0.04299056614959863,0.03529917836627809,0.030689054161477596,0.04802336859746248,0.04659727170486426,0.034591502949925225,0.030777506423496283,0.03514307266711036,0.029882584594558902,0.03977440769452316,0.04131480828285234,0.03999817927137783,0.046467155322264926,0.040643479443550776,0.03507022350120618,0.047112535777450046,0.02788987794467474,0.025912855428392206,0.022687348470507424,0.02760372529654431,0.031682849991800474,0.026282240767489605,0.01873897602928555,0.010390638059310358,0.01380783307096228,0.015529518672543862,0.01709000804212591,0.0134541403680991,0.010088978662577169,0.008440284947649665,0.015784395403182796,0.009329636893456644,0.005101450230224663,0.007967010288569753,0.0027040703064400047,0.00813863686494731,0.008180243393012761,0.005548696028198445,0.005574698809193734,0.00550709160564713,0.005293869462529797,-0,0.006354788285470629,0.003380109854759449,0.00902278274904181,-0,-0,0.0058243261683541825,0.0031304942288193816,0.0050806481937046895
berlin,2021.6383561643836,0.025314560798192203,0.02273416891465282,0.03980563157767228,0.04237646227736401,0.045119168757014244,0.05301501574025177,0.05966261410117793,0.09209029633262385,0.10699079214257257,0.07862100527317196,0.15247412357792045,0.08798038639178628,0.12272430590041546,0.10336426437910663,0.10017562996009427,0.11984199111504049,0.09833131303195004,0.11176402165576865,0.11136276169547991,0.06460852050633464,0.099284722937666825,0.07871474698251092,0.10797562567612021,0.061016183836080075,0.07159085865186116,0.04829401913867109,0.060136359500577205,0.055862395096349805,0.05153152520303465,0.04856467108857387,0.057335597719927085,0.041455320067003455,0.04758096209224422,0.03375895596653853,0.04161664887999607,0.04826279015817629,0.036324284100357374,0.05069870695909137,0.05364486136351347,0.04109103104008909,0.041668690539345875,0.037380632470395025,0.04210584253412989,0.030975223788524315,0.029346679476974495,0.03507022350120618,0.032229185633108004,0.0304236982781644,0.03369131210964485,0.027733794486851013,0.032203169520024735,0.04073715271478626,0.021901811750174947,0.022905844237202794,0.020783352790503123,0.015779193824760788,0.033004471776294744,0.007597755029522502,0.019217550661174313,0.018161571194918236,0.010551870523468895,0.009017581846942305,0.009329636893456644,0.010203400986370103,0.002657267893771396,0.00810743199074506,0.0027144708483027614,0.008180243393012761,0.00277167386576647,0.008362272344714289,0.00550709160564713,0.005293869462529797,-0,0.006354788285470629,0.01013578776460552,0.004513795901579035,0.0039625509751080625,0.003073290816637081,0.0029120815390412773,0.0031304942288193816,0.010166993856035466
berlin,2021.6575342465753,0.00843508410381549,0.04263667489709784,0.025585093169684187,0.03954543312430966,0.03947257779068166,0.05581033922999831,0.0775742343316421,0.09209029633262385,0.07235111015572843,0.06917999760022556,0.11265514251135025,0.1140726293725758,0.08620942268384549,0.1200556834729154,0.12784302358678176,0.07751174121064647,0.06917479067788539,0.10093629949758602,0.10776719374262395,0.08502707754869913,0.07754819552210056,0.08997018815712607,0.07898555731432831,0.08544375999120613,0.07159085865186116,0.05459745229625926,0.06615486356381844,0.08477706968586983,0.060740260992557096,0.06836772401821549,0.052119711124449006,0.050672681603891205,0.04758096209224422,0.05218217373696782,0.04482251231234999,0.04826279015817629,0.05016779229040901,0.04707610279649588,0.05549800512620334,0.05978235154179975,0.0340919731603515,0.055097179108271124,0.035788312591700434,0.06196890981530662,0.03612134278216725,0.0397431838301227,0.039670328219432956,0.03296284538099629,0.02850381075766011,0.03782295220121339,0.04370876462439663,0.02715628976647721,0.026282240767489605,0.02499200481011761,0.03741705865900149,0.009865335756681784,0.027182303354678642,0.01709000804212591,0.017298076829667556,0.01412511827790605,0.012658340582550512,0.022546887391005764,0.016330564032753465,0.02040360242834328,0.010624685348569389,-0,0.0054238828604055945,0.008180243393012761,0.01109278308737655,0.008362272344714289,0.0027560730365790635,0.01058307686459831,0.008611913086085164,0.0031772970674157778,0.01013578776460552,0.013537361964105673,0.0039625509751080625,0.006146763280864589,0.0058243261683541825,0.01251270533882302,0.01088994021653837
berlin,2021.676712328767,0.016871536711235546,0.04832524813792069,0.028425768048788314,0.05650789216864769,0.06486884440132704,0.05581033922999831,0.08056357633871467,0.08614691918430457,0.12273994276353598,0.11325444290331514,0.079495934465618,0.13365562047675528,0.1260446386745883,0.12673270903420572,0.0898035002704779,0.13395799755561397,0.09103804510700543,0.14786402944646335,0.10416666396269235,0.09523675870726948,0.11481265624766859,0.1040416138624883,0.06581122779930011,0.0830010067610639,0.08054795215325344,0.08612087608166392,0.0641503536164372,0.040445725313982044,0.0662642026923929,0.052166558076805473,0.07820437749843837,0.05681502665345942,0.05832990293992145,0.07522037863569524,0.04802336859746248,0.033280247486788594,0.05881925385118346,0.056133086441447155,0.06475430172696853,0.04670136504535994,0.06251556375007661,0.04722183487347575,0.0800271486576184,0.028763953966498824,0.05193752893314606,0.05144303763130962,0.04215268046583311,0.0380363077694295,0.04924651205318179,0.03782295220121339,0.03910830265367026,0.024893157407845867,0.030668241886397156,0.02499200481011761,0.031178145023819544,0.03551252357970115,0.023296017532670587,0.011394448307400865,0.017298076829667556,0.018161571194918236,0.010551870523468895,0.024804715154559683,0.023332433856291586,0.02295786717411718,0.015940442997697955,0.005403080694905341,0.02169892671091331,0.016356572205819715,0.016642662968114338,0.011149995322211734,0.00550709160564713,0.005293869462529797,0.017225252659323315,0.0031772970674157778,0.01351135520104908,0.004513795901579035,0.011893760103312842,0.015368270773853679,0.02037759223104757,0.009386847188447992,0.013433334989914014
berlin,2021.695890410959,0.028124004009853,0.03979522361453939,0.042647083428971715,0.05085485936383723,0.09591921193025468,0.05581033922999831,0.08056357633871467,0.1129052844438489,0.100691425212823,0.09751337420271355,0.15911358587033717,0.14344727511944708,0.09616406374306108,0.1066989931960516,0.11746537432965155,0.16573302960745515,0.10926792231157822,0.10093629949758602,0.08619379680191841,0.12588826031715364,0.08997018815712607,0.07309054351385699,0.06844582669590007,0.08055836827637072,0.07382998738678877,0.07351233767420673,0.07016411528463071,0.052005196529690705,0.06442108810890525,0.043167512679019124,0.04343293360212402,0.050672681603891205,0.04604558047898727,0.03989930333960604,0.057637531326366814,0.04992836195842812,0.041512565717546246,0.061568033915477306,0.06845624039512171,0.0691279284002573,0.07389247608324054,0.039347683170519544,0.03999817927137783,0.03761480127097339,0.0496785227873878,0.06547800740845586,0.054555808612033296,0.045644827315262676,0.046654523016350945,0.05295775742552236,0.048314838469420286,0.03847342922854834,0.032858779538540515,0.03332187413617073,0.02286422592514429,0.029596420980512284,0.019415224077081128,0.007597755029522502,0.015373472311165294,0.024216838117497246,0.023212780317314965,0.015784395403182796,0.016330564032753465,0.01530065083611597,0.018598525614607966,0.010806722857394844,0.016273346097787213,0.01363098641881596,0.008320665671008401,0.022307584203469774,0.013771423416938579,0.002646867363344045,0.025840019192362673,0.015883225492003324,-0,0.013537361964105673,0.007930604723981044,0.012294253237996145,0.0029120815390412773,0.009386847188447992,0.011254017728641106
berlin,2021.7150684931507,0.03937890679743894,0.031266598117788875,0.025585093169684187,0.025418611543743832,0.03665211405668208,0.05581033922999831,0.05966261410117793,0.06831044879580338,0.1290419814157987,0.08806372734633934,0.1292400727615729,0.13039214528163331,0.12272430590041546,0.12673270903420572,0.10708979572859668,0.1516083959996613,0.10926792231157822,0.09372080687559967,0.08259996868944097,0.07141381537669728,0.09307484770185287,0.061838754963570844,0.08161561562636407,0.0536917096899088,0.053686504318222444,0.06510313702109297,0.04008144335974906,0.04815348887414115,0.05889734218861455,0.04496823807368052,0.060813146129682104,0.04452585756008081,0.061401437047959806,0.04143450348242993,0.04802336859746248,0.04326639482536219,0.06401498689878955,0.034398975275194865,0.04994397694647196,0.05417581153408853,0.051146345107314924,0.05903269558461643,0.05053214491087551,0.046467155322264926,0.04741961477407348,0.05612267520981016,0.039670328219432956,0.04057062257147433,0.03887412712740609,0.06809696897713328,0.05521690603677498,0.036209804285026785,0.035049409472550266,0.029154171219953295,0.029096939172869766,0.02564752391682896,0.021355584601614706,0.02469026069713128,0.015373472311165294,0.018161571194918236,0.016881940087131325,0.018036727749395545,0.009329636893456644,0.005101450230224663,0.010624685348569389,0.00810743199074506,0.010848331520319662,0.01363098641881596,0.005548696028198445,0.013943069151946876,0.013771423416938579,0.005293869462529797,0.008611913086085164,0.00952727272483302,0.006755238762258061,0.004513795901579035,0.0039625509751080625,0.009220417414162218,0.008731533032711871,0.0031304942288193816,0.007987813479779884
berlin,2021.7342465753425,0.025314560798192203,0.02557989061080834,0.025585093169684187,0.04802857340228109,0.031011645490399312,0.047435229008793905,0.07459027162815764,0.06533743069649886,0.11643866778202021,0.044015823521106445,0.13256082162344968,0.12386580926580726,0.13600690925701683,0.09001186021227783,0.10017562996009427,0.07751174121064647,0.09103804510700543,0.07568385064693987,0.0646345528371858,0.06120360396101662,0.08686571396499801,0.07309054351385699,0.07898555731432831,0.058574577819914195,0.06487405089251719,0.046196514289358406,0.05211450591012252,0.04815348887414115,0.0662642026923929,0.043167512679019124,0.04343293360212402,0.04913720870139721,0.04758096209224422,0.056788998236937824,0.04161664887999607,0.0515939871090315,0.03286398282571445,0.04526489534970382,0.036990353479453966,0.052307099187108505,0.04545746325929546,0.045254486293824905,0.04210584253412989,0.03540324909274682,0.042902093110681674,0.04910077430186073,0.047112535777450046,0.043110265206553824,0.036282655047440146,0.040341644495229034,0.04370876462439663,0.02715628976647721,0.028477796508357196,0.03957145291105434,0.020783352790503123,0.02169892671091331,0.015529518672543862,0.030387276988101133,0.011529678112048001,0.018161571194918236,0.0211006805625262,0.0067656401144341426,0.004664609210849361,0.02040360242834328,0.005314671584346822,0.01621612822578613,0.0027144708483027614,0.01090554348620109,0.016642662968114338,0.019519263018854288,0.008263456549009363,0.01058307686459831,0.005741116915482853,-0,0.003380109854759449,0.013537361964105673,0.007930604723981044,0.012294253237996145,0.0058243261683541825,0.0031304942288193816,0.01416152817957697
berlin,2021.7534246575342,0.019685725758660073,0.028420565205691667,0.03127180124564645,0.03954543312430966,0.03947257779068166,0.04185083675721903,0.05966261410117793,0.05642460177358529,0.09753942301167298,0.1038071457351502,0.0828082997691934,0.10102487133137183,0.08620942268384549,0.12673270903420572,0.11054982892927198,0.12337063349569642,0.06553007295377236,0.08650631533266298,0.08259996868944097,0.09523675870726948,0.055825955984430874,0.04777874335877514,0.04474444510819792,0.06834168981839103,0.062635307760211,0.05459745229625926,0.05211450591012252,0.04237125803825378,0.07916262637075903,0.05036558339617555,0.060813146129682104,0.061427467773324355,0.07062233516448298,0.05832469710392173,0.059235726339223777,0.06491570284082832,0.04670656971785193,0.06519685436457569,0.05549800512620334,0.04670136504535994,0.03788019385310015,0.045254486293824905,0.056851466458478606,0.0663995752653471,0.042902093110681674,0.04676382114968025,0.0371880944687795,0.02788987794467474,0.05183863029659091,0.055482388470261386,0.032203169520024735,0.036209804285026785,0.028477796508357196,0.04582178287689639,0.035335603096852845,0.02367578901848895,0.0291229537319156,0.037989473545315997,0.011529678112048001,0.018161571194918236,0.012658340582550512,0.024804715154559683,0.016330564032753465,0.0127519634546151,0.010624685348569389,0.005403080694905341,0.0027144708483027614,0.02453938929723972,0.008320665671008401,0.008362272344714289,0.02203706888279173,0.015878023903695297,0.014353980940504243,0.012705151997512511,0.006755238762258061,0.013537361964105673,0.011893760103312842,0.024591413868446203,0.014556837324433585,0.01877018728406492,0.011618097789846972
berlin,2021.772602739726,0.016871536711235546,0.031266598117788875,0.025585093169684187,0.022593707708681084,0.04794009179126749,0.05022504753312871,0.06265092656447374,0.06236458256510981,0.10383840809104615,0.09751337420271355,0.07617857252036499,0.12386580926580726,0.08289163243479368,0.06332774592199385,0.10017562996009427,0.1021971598143796,0.08739700344986188,0.08650631533266298,0.08619379680191841,0.057804116135553286,0.04651399718249179,0.06465017224195665,0.06581122779930011,0.046368267089239024,0.07606921254312198,0.052494487925045165,0.05011053711073083,0.052005196529690705,0.0662642026923929,0.05036558339617555,0.04343293360212402,0.05681502665345942,0.06908627307782816,0.053717736556139324,0.03841618692362413,0.06324965093115235,0.07093996722349269,0.07425699497588463,0.05735121493243541,0.056044591038978846,0.05683064370963065,0.037380632470395025,0.06317155605759583,0.06418159213978508,0.054196633219874876,0.04910077430186073,0.049590038368828596,0.0380363077694295,0.03369131210964485,0.042865663079587384,0.04370876462439663,0.02941952062494109,0.032858779538540515,0.022905844237202794,0.03325943417459352,0.03551252357970115,0.0291229537319156,0.037989473545315997,0.023067115511044147,0.026235417128571262,0.037989473545315997,0.018036727749395545,0.0279991366439112,0.030611008172879445,0.015940442997697955,0.00810743199074506,0.013563368740169038,0.016356572205819715,0.01942042601922349,0.019519263018854288,0.00550709160564713,0.01058307686459831,0.022968271767745563,0.019061493232041562,-0,0.02256249415888399,0.011893760103312842,0.009220417414162218,0.008731533032711871,0.009386847188447992,0.011618097789846972
berlin,2021.7917808219179,0.03093880211216547,0.02557989061080834,0.036959131286718475,0.025418611543743832,0.05922531448637019,0.05022504753312871,0.09250703537764893,0.09803956267407157,0.09124120086320534,0.12270345675689866,0.10933566455334946,0.14671156977184835,0.10280154997949958,0.08000631662628642,0.07597547560282895,0.0916162597291217,0.07281976388081463,0.06847186094786732,0.08619379680191841,0.09183504531683653,0.040310420290224414,0.08152707684625352,0.08952221567337101,0.073231141187157,0.062635307760211,0.050396813639544125,0.05011053711073083,0.07899597312448685,0.07363210701008287,0.07196577581259352,0.06776894071984013,0.08601670380154981,0.05832990293992145,0.07522037863569524,0.056034179825060024,0.06158365239916939,0.0553574553915423,0.06519685436457569,0.04624335590579099,0.05791343770660666,0.06062052134619392,0.0531243272434509,0.05474320545367557,0.04868438297729126,0.04741961477407348,0.06782100855902352,0.0371880944687795,0.04818471778899431,0.06221360181850746,0.060526812250061485,0.02760372529654431,0.04752891451555286,0.037240131696213506,0.0374899111127703,0.03741705865900149,0.027619333582200315,0.02523652287566438,0.03418563463037699,0.02883159141397068,0.024216838117497246,0.01477009745312464,0.015784395403182796,0.020996638456688716,0.028061570289404557,0.010624685348569389,0.029726495155305607,0.010848331520319662,0.016356572205819715,0.01942042601922349,0.019519263018854288,0.01101996760680905,0.01058307686459831,0.017225252659323315,0.015883225492003324,0.01013578776460552,0.02256249415888399,0.02379024124304235,0.030741084885621703,0.014556837324433585,0.01251270533882302,0.021787363681988747
berlin,2021.8109589041096,0.028124004009853,0.028420565205691667,0.03127180124564645,0.05368129894706296,0.05640377919566345,0.0725646074400197,0.08056357633871467,0.08019901323453776,0.1290419814157987,0.12270345675689866,0.11596962077529248,0.10754834111161166,0.11276457945875722,0.059990591225676376,0.11054982892927198,0.08456352225487922,0.0801052688494389,0.09732582316343352,0.09338219824351167,0.08502707754869913,0.099284722937666825,0.06465017224195665,0.07635042437785693,0.06345790450069912,0.07830853412917692,0.07981362073210324,0.07016411528463071,0.08670424470693484,0.08284475779396087,0.09898254741416679,0.09037649211937324,0.07986570063308883,0.0783033262926877,0.08443851928755751,0.1089187906188305,0.07157523716215551,0.08306350647936625,0.0869438444311563,0.08882421972710348,0.09156937722293895,0.11372346541930155,0.08266246792573015,0.09689341640051514,0.07304367770723616,0.08583440281350097,0.09356973505963323,0.07688681413131615,0.08371454967844326,0.05183863029659091,0.060526812250061485,0.057523004579618627,0.05432676894493024,0.054774438326274884,0.04165828220330925,0.04781517683202685,0.0374899111127703,0.04466117355294808,0.055091973595890756,0.03460190987156911,0.05248407742188824,0.03587677352801609,0.029315461873366925,0.04433849753588433,0.02295786717411718,0.031885773988506096,0.02162089421428072,0.05155234583003042,0.02181337458445638,0.03329065414601013,0.02509605491024385,0.02203706888279173,0.029112547906740144,0.022968271767745563,0.012705151997512511,0.020268349544467497,0.013537361964105673,0.015857217555683697,0.03689148326677245,0.02911775081906758,0.025033624825184057,0.026870141155195655
berlin,2021.8301369863013,0.028124004009853,0.059704261875340864,0.06256242006903343,0.06781580177276138,0.05640377919566345,0.06418679856216468,0.10146773276328708,0.1575436129169423,0.2015729847832026,0.20151556265431153,0.16907176062396193,0.1793710095854453,0.1260446386745883,0.11337951516060267,0.14860453737634716,0.16573302960745515,0.1676371233741532,0.13703400224350376,0.11855464353959937,0.12588826031715364,0.11481265624766859,0.10967437708597096,0.12115543120353624,0.10499512847217686,0.09846155925592508,0.10714711368034245,0.09825837528902041,0.10792351761442036,0.09021501195936776,0.09537741627237106,0.08689696613737548,0.1029318074007292,0.10596950299345594,0.1228650378378008,0.09288731267051957,0.09156937722293895,0.09345512914719278,0.09238201331345486,0.09438240241182108,0.11776244548766596,0.09285605689771768,0.11024758793657671,0.10110823319509926,0.11071137224921458,0.10844460058115789,0.08420413953376298,0.09674754505063159,0.07609525061208433,0.0699974908748765,0.07566822792760271,0.06442629455526408,0.0565911826971255,0.041621853043584414,0.06666511479746938,0.06237499504655161,0.0611775733477102,0.04854385165779853,0.05699202023133503,0.055758283415752785,0.050464479231184446,0.042215131107054105,0.05638816226769104,0.039670328219432956,0.0484761885653489,0.02922701209825631,0.03513786915187837,0.03255178651667696,0.04909036447810976,0.02774420003613074,0.05299419452759971,0.030304028420884612,0.03970155204008663,0.04881970979204756,0.025413409001518537,0.03716727959238675,0.03158919302963337,0.019826179109866764,0.021516851067584757,0.04076837717603009,0.05320761235250625,0.030865958835972974
berlin,2021.849315068493,0.056268432642411624,0.0796209255519945,0.06825317363647677,0.08478227817075516,0.09591921193025468,0.13404141223162078,0.20613041596347345,0.2916837437546566,0.3026558684476983,0.3848111366544106,0.3987005832835731,0.333147308545146,0.24573893665080157,0.22700155775132527,0.19015244923407393,0.11278542461771018,0.16398549805830107,0.13703400224350376,0.1581329991994267,0.09523675870726948,0.145887654983232,0.12375113656264855,0.12379283569817455,0.14900608481824462,0.129834351326649,0.13870763376888703,0.12436098975132924,0.1310802731707754,0.11233204429610837,0.15665693817388865,0.10081646725671099,0.13215418791990974,0.1213430682101244,0.12747291610173028,0.09930035275388908,0.12657111593475046,0.11771032761789019,0.1105185625382221,0.12773355490136656,0.147712800250442,0.12700898227064186,0.12404824363291038,0.12009216762178451,0.1506227357614732,0.10166050891776135,0.13104378131164485,0.1315233906465827,0.09894607807318716,0.09594525994064868,0.08829291566010053,0.09666939985294187,0.07471004344682071,0.07889181511678613,0.0916891881560779,0.07069523415402298,0.09476269341960072,0.07964175742893319,0.060792321794363245,0.07499645543614704,0.0686436873377237,0.06544676810628891,0.05187506661448893,0.05368129894706296,0.056133086441447155,0.05581033922999831,0.04054460228475993,0.040695520128960126,0.054545397696187735,0.038842903803582296,0.050204227437571886,0.030304028420884612,0.04499946507567004,0.03445621315808642,0.025413409001518537,0.023649777184407177,0.03610573194434553,0.039654716316139725,0.03689148326677245,0.03494013595879937,0.028160423714738265,0.031953415496716674
berlin,2021.868493150685,0.03375375258980417,0.09669544823912526,0.07109618042327236,0.08761056251739786,0.13264423405823525,0.22639572230655008,0.3980560644122126,0.4950437662352479,0.6166280504346645,0.7055586881167174,0.8038403792138439,0.7707706592763615,0.4525225066936572,0.3442276426699555,0.2906954248335271,0.32136821055700254,0.2516587817179403,0.18037808717545373,0.21575297146338057,0.18041983174524903,0.17698123512249317,0.2054726177262116,0.1871202695590081,0.18081640682969857,0.16570694661528867,0.20608865074864116,0.18262712360588754,0.2083387994779781,0.17320373706110562,0.2216171815066452,0.1756872546102017,0.17217592941621834,0.1936702079549893,0.17824394069602117,0.18594606502607516,0.19164511897317033,0.19922394945331376,0.19219835710244232,0.22234829590778676,0.25642963270208524,0.24671595202259775,0.22072941355310194,0.24045710190493697,0.2172098238840128,0.23525415722196175,0.23893168667271336,0.1812390757097239,0.18536680055646057,0.18946353919032283,0.2121501783936015,0.1519943209709597,0.14272248350079123,0.1052191808900197,0.12506988791689302,0.1164959960396634,0.12243241865188542,0.10880936176479633,0.08551147120348579,0.08077189926006978,0.08682925312096637,0.08234476425421307,0.07444446282995433,0.09339261693777508,0.09188713725911617,0.08240726318376468,0.051359755348411716,0.0488353244471797,0.04363590345745065,0.04716978765624455,0.02509605491024385,0.05787179136672308,0.07943864698477161,0.03445621315808642,0.05720024874130235,0.033790176237861604,0.07223655099868821,0.0436202903635261,0.04304260918398527,0.03494013595879937,0.03129261376229456,0.045759327904027466
berlin,2021.8876712328768,0.0731582386424355,0.11662628776936168,0.10810589605881395,0.12722791682124143,0.2174865782402704,0.24881111104702797,0.4491550370104465,0.4770665119762786,0.5657533306084709,0.6387069523232997,0.6427448000099634,0.6816336862099943,0.3723813679460036,0.36099656805045877,0.32541288653894546,0.2611852428832473,0.3175069635060492,0.209299449474997,0.19774150177228128,0.21453112671070942,0.2080934189003841,0.21111115836175878,0.2003253728061298,0.20774884387373493,0.21506894372691024,0.22084430031682875,0.18865982234111203,0.19287686473094745,0.2304539099537904,0.2180087602823775,0.18962532785026873,0.25384819786876717,0.219852104818133,0.2198207726370598,0.2068247675747662,0.25680065917264666,0.211377437898944,0.2849227626185323,0.22977491183759663,0.28082895308564326,0.24481418500069935,0.29583593429180655,0.26160333930231444,0.26387679741790304,0.285158048822334,0.2741582502619755,0.22851617724446766,0.21844739725013843,0.21807142247981204,0.2020323640971037,0.1889051112312612,0.13138263527445568,0.13594955948522153,0.1480309035524851,0.15607799988272017,0.11057067320042008,0.12631569560817513,0.1273686609476632,0.12505946287385436,0.08480832060299,0.10136873988060482,0.11961266370786827,0.10741286137304927,0.10466165689376594,0.08506874564269955,0.08923572366632242,0.06784183570929722,0.05727833464751145,0.08049066351340668,0.058574577819914195,0.06614445032546823,0.08474061030630313,0.08618858817565475,0.07310095814328725,0.050688296815447106,0.05868390101075208,0.019826179109866764,0.05842360807708806,0.04367753839749353,0.05007410202920865,0.05012094713870531
berlin,2021.9068493150685,0.0731582386424355,0.1137807906836016,0.14229491332673577,0.15554079263922296,0.19767364426321393,0.24601061822713605,0.359012076547214,0.4830599890403304,0.5816473203813396,0.6005392523150493,0.6494471611091006,0.6486573643116513,0.44918126256728563,0.42140532026857613,0.3705745060705897,0.3532632384216597,0.3028650830219884,0.28166546523218045,0.24819457169566284,0.1701881966327956,0.25790852861332714,0.23932870824740193,0.23202608577664033,0.2886299512306626,0.25998846046709523,0.23770929717443715,0.198712395830025,0.22187307037776902,0.23599591068940454,0.2595494729483872,0.2646241858176069,0.2445999793372425,0.219852104818133,0.2568058849164871,0.25664911282963776,0.26515729459663234,0.23221412327686242,0.28856197501288744,0.3022583630755402,0.29960666156397786,0.26954781004052525,0.27012801302613615,0.2996903423856133,0.25276131627631515,0.27153934461154217,0.3047114381330187,0.2359854633840054,0.2744719005013433,0.23368710722059388,0.15903534689329438,0.2304643561479057,0.18811705954802022,0.1557129069771068,0.17936057365034608,0.1373259714656197,0.1956327405658137,0.1477232298360478,0.13879105606427417,0.15781483409330058,0.14749377943594247,0.1500125745004752,0.14221148541000764,0.147165249943881,0.1174393155371031,0.09304880112928092,0.10547970817118629,0.07327279983002977,0.11188387912759738,0.08604795546367336,0.10324963687790166,0.10200438167041423,0.07413722420072426,0.10344241963843645,0.047664238323308544,0.10481276093776384,0.06771687293278666,0.039654716316139725,0.027666158467289727,0.06698792938825285,0.04067990791786589,0.0664724683352208
berlin,2021.9260273972602,0.056268432642411624,0.09385104155197567,0.1052608651672927,0.14138242776165724,0.17504549396253488,0.25721872033961507,0.32599894589356126,0.39924554856219385,0.45464695722817483,0.5338223078562884,0.5858069533261879,0.4381047643504547,0.3990831063912773,0.33752263313416697,0.2594710827100227,0.37098824571143024,0.24434397860419932,0.2889070859612302,0.23738019721911394,0.23159778067554757,0.27037368651149735,0.22239529647093836,0.2293831861881751,0.19795551449630494,0.19262633780637736,0.24403573449596336,0.2288870046017816,0.2141395158782933,0.21197787715339686,0.23425646325913305,0.2140298653737124,0.21068302549397327,0.219852104818133,0.22906458483606223,0.21164371879968988,0.2317283611252344,0.2339482789414044,0.24308489130077185,0.30783417657156875,0.22454170078956198,0.26384021224755294,0.27012801302613615,0.26160333930231444,0.26609808812785624,0.2443230806408158,0.250671223216648,0.2409638422090244,0.22099052020141174,0.2076705316861152,0.18179220313756847,0.2281557982619717,0.21309523474331635,0.13594955948522153,0.15847202973358632,0.17066816714431193,0.14814041497559488,0.12631569560817513,0.15402308177476956,0.11157641921100434,0.14344727511944708,0.13943236942913168,0.13994855422389443,0.15652654610449968,0.0816676973321456,0.09304880112928092,0.10547970817118629,0.08685008788585567,0.08184477552198131,0.09160584139076222,0.08928260406855472,0.07717844583372281,0.07148671547581971,0.07468921354549676,0.09537220672613501,0.06083397047334043,0.0406174591203795,0.039654716316139725,0.04304260918398527,0.03494013595879937,0.056336105875005114,0.05702325445467443
berlin,2021.945205479452,0.03937890679743894,0.08246455393518401,0.15654740881362558,0.12439747692100009,0.1778734743122605,0.26282629062523,0.32599894589356126,0.3842925154795204,0.43879697637024906,0.3753143788637834,0.4454154080214654,0.5301133581647701,0.28902735243594035,0.33752263313416697,0.3011077067588344,0.2894979630542283,0.20780105206433808,0.23099711483042337,0.18693239505195303,0.19065348045308295,0.22988459554824503,0.1772786464847016,0.2003253728061298,0.21510027304493712,0.21282372508333336,0.1934509934855487,0.2087721339642601,0.1735585180204851,0.18243404705600583,0.16928043843034535,0.18091033295057984,0.19373806023996173,0.15518613458785835,0.20441806966136114,0.2068247675747662,0.1999912893242098,0.23568771606248745,0.21945000992785713,0.22420746168969438,0.21516815329874606,0.21628557944302357,0.24443801954335756,0.2383413838828415,0.1905647558229704,0.1853981119844402,0.1943382958474974,0.16632250871950335,0.13705485713357501,0.18946353919032283,0.17926143237136438,0.15429950004194487,0.16087660203245577,0.12277642879577964,0.13550640429041072,0.1269099407529489,0.11650120770258628,0.11464067723171786,0.13308215153605873,0.0961692733686288,0.12321947551580899,0.08445935309457676,0.10605808340074212,0.10975254182989287,0.0816676973321456,0.12765536312429937,0.12714451307422542,0.10043613197352082,0.05727833464751145,0.05272351952179698,0.07532452928961915,0.07993340458234639,0.042350441087009784,0.08043858298649446,0.06038104288063264,0.043927348737796176,0.07675141425401331,0.051557550988079064,0.049194462809390736,0.026204201392723697,0.05320761235250625,0.0472114254258608
berlin,2021.964383561644,0.10414582225844154,0.11947715253356053,0.12804632318537779,0.16120521816282513,0.23447062631828333,0.23760482077249465,0.3650181445515361,0.4231772518283938,0.4768513474488319,0.4323209589290721,0.4320640323607071,0.4742327090665697,0.3690452691329241,0.3911921720029296,0.28028522740650574,0.2399555905897319,0.22972790460385786,0.18761083397203276,0.22656284862079834,0.21453112671070942,0.22988459554824503,0.16600429350158138,0.22674042091823962,0.19550747031381682,0.19935966860621565,0.18713070705152524,0.24297517974320654,0.2141395158782933,0.23414677032651682,0.21078744781962436,0.1843961556405625,0.23380724604924794,0.185972158172081,0.18594084639844172,0.24217585966759606,0.19832612397976548,0.22005576445528163,0.210364538695837,0.242776654656005,0.22641661306645708,0.22009231883355782,0.2148078668107364,0.22143440451250748,0.21499062051442602,0.22845350245940568,0.20607298880172228,0.2061199746566191,0.14468309419836345,0.15307388306234132,0.20709102516322578,0.1220206519265565,0.13138263527445568,0.1425347693329142,0.1480309035524851,0.10816321513058644,0.13034001475200443,0.12047785876116332,0.09882625041861702,0.1192790983755707,0.11108657157385665,0.1140517836976168,0.09927951299997391,0.10507849670092807,0.09443970635831937,0.05847046070899056,0.09194443845589349,0.062411438748014386,0.06273422693308452,0.06105262658524514,0.05578431131635869,0.049600448292609234,0.042350441087009784,0.05744491830599985,0.06038104288063264,0.047310315262332724,0.08127187767647293,0.03568944466449106,0.039966955272617254,0.02911775081906758,0.03441978904350319,0.0599333252294803
berlin,2021.9835616438356,0.06752942933108207,0.09385104155197567,0.1052608651672927,0.144213792355045,0.14960058932211381,0.25441777469820664,0.2930067609197095,0.32154087464259246,0.4895423289372292,0.35632606487672497,0.3653585266304219,0.4413876091879133,0.262382052844042,0.30065791166604244,0.2629412704339146,0.2399555905897319,0.2772582431804404,0.2201497614799112,0.2662235285513924,0.29648964688908175,0.2329976201802615,0.2675563517398555,0.2743255301542078,0.21019746443424028,0.19935966860621565,0.24825204539403425,0.24700331297845302,0.24314235935187475,0.23414677032651682,0.26858604637823824,0.21926201857827127,0.20914282054720149,0.1798093207508481,0.18132256626520843,0.21164371879968988,0.24676819935099664,0.18187047636199868,0.20491401782012453,0.1963582700439994,0.2095396147472608,0.2105838244788296,0.2049348999516366,0.16862832306590764,0.24387377645947542,0.18313330066700892,0.1943382958474974,0.19616514250358266,0.16247797324931582,0.18946353919032283,0.15903534689329438,0.16583214509701416,0.11097192704855106,0.10741286137304927,0.1208948253731659,0.099836979293634,0.11847646556352856,0.12047785876116332,0.07410077228043344,0.10772550745617844,0.08682925312096637,0.07178352407738173,0.08121458823906896,0.07236152463706502,0.09699761047239067,0.08240726318376468,0.04054460228475993,0.05969384992867296,0.05727833464751145,0.04716978765624455,0.04183522419926048,0.04684189138556734,0.05029791793322435,0.04594669304766488,0.054024854561479006,0.050688296815447106,0.027078249079965925,0.03568944466449106,0.027666158467289727,0.0116441036060514,0.04067990791786589,0.03704239050900569
berlin,2022.0027397260274,0.0731582386424355,0.07392892785752207,0.08248538695134285,0.09043900070302993,0.10439071281095062,0.13404141223162078,0.21211885085291698,0.20817695258403346,0.2615667557314452,0.28044207076894884,0.2887502170644119,0.2349407434437513,0.1991560900096969,0.22700155775132527,0.24906713377316378,0.2576472365239429,0.2516587817179403,0.3070181665186942,0.31674311933346744,0.2657426752377865,0.30465913255335975,0.3664791849104594,0.2981318091848991,0.3107112372544431,0.2734734538137396,0.33900907119867985,0.2731754917625839,0.31476031593716647,0.27296639660579014,0.28123675107603385,0.2593874665860176,0.2553949531497241,0.23064194176893402,0.26297262860767395,0.24057203226256282,0.22839082774988462,0.20790546860279632,0.27400665332445323,0.21863538565470814,0.24517467945079094,0.2543237157091549,0.21085532244374638,0.19396771478452324,0.21277151184970705,0.20352537489523456,0.18261146872378703,0.18621743438456323,0.21589917703222472,0.17906315038045653,0.16661985912573993,0.1427694121486385,0.1472591153012432,0.16230062026270406,0.15429428458934386,0.11441137276188305,0.15407523605233953,0.12047785876116332,0.11785104598616372,0.0884700164125979,0.10906469611575847,0.08234476425421307,0.06992979986091885,0.10039966161307977,0.07400703888844636,0.09304880112928092,0.04595189764462818,0.0488353244471797,0.03817681069484297,0.03329065414601013,0.05299419452759971,0.049600448292609234,0.05029791793322435,0.02871192522061522,0.04130440001764864,0.033790176237861604,0.04513478230098052,0.015857217555683697,0.018442470043220166,0.04367753839749353,0.03441978904350319,0.04249095566962163
