State,week_end_num,A00,A01,A02,A03,A04,A05,A06,A07,A08,A09,A10,A11,A12,A13,A14,A15,A16,A17,A18,A19,A20,A21,A22,A23,A24,A25,A26,A27,A28,A29,A30,A31,A32,A33,A34,A35,A36,A37,A38,A39,A40,A41,A42,A43,A44,A45,A46,A47,A48,A49,A50,A51,A52,A53,A54,A55,A56,A57,A58,A59,A60,A61,A62,A63,A64,A65,A66,A67,A68,A69,A70,A71,A72,A73,A74,A75,A76,A77,A78,A79,A80+
north-rhine-westphalia,2020.0109289617487,-0,-0,-0,-0,-0,-0,-0,-0,-0,-0,-0,-0,-0,-0,-0,-0,-0,-0,-0,-0,-0,-0,-0,-0,-0,-0,-0,-0,-0,-0,-0,-0,-0,-0,-0,-0,-0,-0,-0,-0,-0,-0,-0,-0,-0,-0,-0,-0,-0,-0,-0,-0,-0,-0,-0,-0,-0,-0,-0,-0,-0,-0,-0,-0,-0,-0,-0,-0,-0,-0,-0,-0,-0,-0,-0,-0,-0,-0,-0,-0,-0
north-rhine-westphalia,2020.0300546448088,-0,-0,-0,-0,-0,-0,-0,-0,-0,-0,-0,-0,-0,-0,-0,-0,-0,-0,-0,-0,-0,-0,-0,-0,-0,-0,-0,-0,-0,-0,-0,-0,-0,-0,-0,-0,-0,-0,-0,-0,-0,-0,-0,-0,-0,-0,-0,-0,-0,-0,-0,-0,-0,-0,-0,-0,-0,-0,-0,-0,-0,-0,-0,-0,-0,-0,-0,-0,-0,-0,-0,-0,-0,-0,-0,-0,-0,-0,-0,-0,-0
north-rhine-westphalia,2020.049180327869,-0,-0,-0,-0,-0,-0,-0,-0,-0,-0,-0,-0,-0,-0,-0,-0,-0,-0,-0,-0,-0,-0,-0,-0,-0,-0,-0,-0,-0,-0,-0,-0,-0,-0,-0,-0,-0,-0,-0,-0,-0,-0,-0,-0,-0,-0,-0,-0,-0,-0,-0,-0,-0,-0,-0,-0,-0,-0,-0,-0,-0,-0,-0,-0,-0,-0,-0,-0,-0,-0,-0,-0,-0,-0,-0,-0,-0,-0,-0,-0,-0
north-rhine-westphalia,2020.068306010929,-0,-0,-0,-0,-0,-0,-0,-0,-0,-0,-0,-0,-0,-0,-0,-0,-0,-0,-0,-0,-0,-0,-0,-0,-0,-0,-0,-0,-0,-0,-0,-0,-0,-0,-0,-0,-0,-0,-0,-0,-0,-0,-0,-0,-0,-0,-0,-0,-0,-0,-0,-0,-0,-0,-0,-0,-0,-0,-0,-0,-0,-0,-0,-0,-0,-0,-0,-0,-0,-0,-0,-0,-0,-0,-0,-0,-0,-0,-0,-0,-0
north-rhine-westphalia,2020.0874316939892,-0,-0,-0,-0,-0,-0,-0,-0,-0,-0,-0,-0,-0,-0,-0,-0,-0,-0,-0,-0,-0,-0,-0,-0,-0,-0,-0,-0,-0,-0,-0,-0,-0,-0,-0,-0,-0,-0,-0,-0,-0,-0,-0,-0,-0,-0,-0,-0,-0,-0,-0,-0,-0,-0,-0,-0,-0,-0,-0,-0,-0,-0,-0,-0,-0,-0,-0,-0,-0,-0,-0,-0,-0,-0,-0,-0,-0,-0,-0,-0,-0
north-rhine-westphalia,2020.1065573770493,-0,-0,-0,-0,-0,-0,-0,-0,-0,-0,-0,-0,-0,-0,-0,-0,-0,-0,-0,-0,-0,-0,-0,-0,-0,-0,-0,-0,-0,-0,-0,-0,-0,-0,-0,-0,-0,-0,-0,-0,-0,-0,-0,-0,-0,-0,-0,-0,-0,-0,-0,-0,-0,-0,-0,-0,-0,-0,-0,-0,-0,-0,-0,-0,-0,-0,-0,-0,-0,-0,-0,-0,-0,-0,-0,-0,-0,-0,-0,-0,-0
north-rhine-westphalia,2020.1256830601094,-0,-0,-0,-0,-0,-0,-0,-0,-0,-0,-0,-0,-0,-0,-0,-0,-0,-0,-0,-0,-0,-0,-0,-0,-0,-0,-0,-0,-0,-0,-0,-0,-0,-0,-0,-0,-0,-0,-0,-0,-0,-0,-0,-0,-0,-0,-0,-0,-0,-0,-0,-0,-0,-0,-0,-0,-0,-0,-0,-0,-0,-0,-0,-0,-0,-0,-0,-0,-0,-0,-0,-0,-0,-0,-0,-0,-0,-0,-0,-0,-0
north-rhine-westphalia,2020.1448087431695,-0,-0,-0,-0,-0,-0,-0,-0,6.604041935742898e-4,-0,-0,-0,-0,-0,-0,-0,-0,-0,-0,-0,-0,-0,-0,-0,-0,-0,-0,-0,-0,-0,-0,-0,-0,-0,-0,-0,-0,-0,-0,-0,-0,-0,-0,-0,-0,-0,-0,-0,-0,-0,-0,-0,-0,-0,-0,-0,-0,-0,-0,-0,-0,-0,-0,-0,-0,-0,-0,-0,-0,-0,-0,-0,-0,-0,-0,-0,-0,-0,-0,-0,-0
north-rhine-westphalia,2020.1639344262296,-0,-0,6.084035591650503e-4,6.084035591650503e-4,-0,-0,-0,-0,-0,-0,-0,-0,-0,-0,6.552041277961948e-4,-0,-0,6.292038066885943e-4,-0,-0,5.56402976762801e-4,5.460028665213333e-4,0.0010556107144836049,0.00150802186641993,-0,0.0025376619194523737,9.93209485183359e-4,9.516087072476133e-4,0.0014144192361890769,-0,4.4720192297233825e-4,4.576020134534245e-4,-0,4.576020134534245e-4,9.308083307602005e-4,-0,9.672089950704858e-4,4.784022006557077e-4,-0,-0,4.6280205947109467e-4,-0,-0,4.99202396178144e-4,0.0014768209709591054,-0,0.0014924214163493834,-0,-0,4.212017058668906e-4,4.056015818483426e-4,-0,7.1240487998485e-4,3.4840116714657195e-4,-0,-0,3.432011325633059e-4,-0,3.640012740048661e-4,3.692013106681607e-4,3.796013855489989e-4,-0,-0,4.212017058668906e-4,4.3680183457128774e-4,-0,-0,-0,4.940023465146336e-4,5.096024970536484e-4,-0,-0,-0,-0,-0,-0,-0,-0,-0,-0,6.760004393909538e-5
north-rhine-westphalia,2020.1830601092897,-0,-0,-0,6.084035591650503e-4,-0,-0,6.34403869872398e-4,-0,-0,6.76004394040201e-4,-0,0.0013364171730351354,0.0012896159913068346,-0,0.00131041651131466,6.500040625323396e-4,6.292038066885943e-4,0.001882434072264451,0.0012272144811884878,5.876033199674743e-4,0.0033385071672246357,0.001097211575622629,0.004227771861252387,0.002511660657093224,0.0059959456729130785,0.004056158192227219,0.0024752589116313678,4.784022006557077e-4,0.0018876342607685472,0.0013832183968856015,0.001783630589441697,4.576020134534245e-4,0.0013468174413623574,9.204081456366061e-4,0.0023192517196952167,9.620088986114335e-4,4.836022487534156e-4,0.0019188354027312412,9.360084240991387e-4,4.680021060145474e-4,4.6280205947109467e-4,9.776091895544216e-4,4.940023465146336e-4,0.0029796853688030733,0.0024648584176076025,0.001518422169069036,0.0019864379412056275,0.0014768209709591054,0.002293250566546213,0.0025220611604778874,8.112063274260393e-4,0.0026000650021664614,0.001778430411332561,0.0017472293536158062,0.0010244100904702265,0.001378018258824673,6.812044618983496e-4,6.968046686044236e-4,0.0018148316689941748,0.0014768209709591054,0.0011336123564175387,3.9000146250986754e-4,0.0012324146041686591,0.0016952276323631062,0.0013156166426210114,9.100079625930854e-4,-0,4.836022487534156e-4,-0,-0,5.148025482771891e-4,-0,-0,-0,-0,0.0016328256354974048,6.396039335704413e-4,0.0019344359807302181,6.76004394040201e-4,5.720031460221995e-4,2.6520067626126557e-4
north-rhine-westphalia,2020.2021857923498,6.34403869872398e-4,-0,-0,6.084035591650503e-4,5.980034385291251e-4,6.240037440305762e-4,6.34403869872398e-4,-0,6.604041935742898e-4,0.001352017576303122,-0,6.656042598781713e-4,6.448039977942706e-4,6.500040625323396e-4,0.00131041651131466,0.0012948161205273085,0.0018928344497984545,0.001253215101301139,-0,5.876033199674743e-4,0.003894945867543119,0.0043785843409866404,0.004227771861252387,0.004518996353235525,0.004997440130846761,0.005070247178565313,0.00792540393112291,0.0033385071672246357,0.007545747457218475,0.0069164599547856965,0.0062351738061373,0.008669122591443243,0.005834727334325187,0.005512292156648544,0.00371293255327242,0.007675766485504184,0.005787922103842218,0.00144041994990653,0.003744134790467952,0.007041276705191476,0.0051118512516052615,0.005860730258351855,0.004456590967648947,0.009438856602147598,0.008866755912421307,0.013162865830947456,0.007457334703679101,0.0068904565028238135,0.007337717688158038,0.00839867821152366,0.012153820229216194,0.00816984175787542,0.008533900225665754,0.008377874855941806,0.00512745278757404,0.005169056906383001,0.005117051763078601,0.004872628286199056,0.007623758835177322,0.007374122837664597,0.004529397258114548,0.0046698096775942876,0.004524196805412104,0.003806539321038674,0.0026312665716063024,0.0027248713922515093,0.0018564331375272125,0.0024284567049030854,0.0029588841810546545,0.00153402262694581,0.0020644409794233374,0.0010452105043990622,5.772032034858707e-4,0.0012584152268872082,0.0027560730365790635,0.0024492576804694376,0.0019188354027312412,0.0012896159913068346,0.003369709179755342,0.001710828143277401,0.0010660109266482322
north-rhine-westphalia,2020.22131147541,0.0019032348294126095,6.240037440305762e-4,0.001216814236782445,6.084035591650503e-4,5.980034385291251e-4,-0,6.34403869872398e-4,6.656042598781713e-4,0.0032969045129798693,0.003380109854759449,6.604041935742898e-4,0.0013364171730351354,0.002584464224470131,6.500040625323396e-4,0.0026208660463794796,0.0019448363686649871,0.001263615352987529,0.002511660657093224,0.006125960826174338,0.013558167383918133,0.011129190865902368,0.011498471202837403,0.015862419141904678,0.0211006805625262,0.018484084816465865,0.01775583109285882,0.024778702755751933,0.01526424013682805,0.025944070989350237,0.018452873733409373,0.019602494322149867,0.019623302168789433,0.016164112033149637,0.01976375535138826,0.01624733796634706,0.014874127101577476,0.01688714177585683,0.015836411215991393,0.014972955460375015,0.013142060569296185,0.015331860027223648,0.021007042657905466,0.013865048293070885,0.016892343465108452,0.015269441663739312,0.018223993030072203,0.022375213253533068,0.030512150088812164,0.016512621517401002,0.025626713659452495,0.02957560914273836,0.026375888171802614,0.029866975629546513,0.02164170286860065,0.02805116467661672,0.026193796151603447,0.021844587684595407,0.02228677528269061,0.018874224935293928,0.018442470043220166,0.0222711685975637,0.00816984175787542,0.01439559244191866,0.016086087841743948,0.012720755811868267,0.009995360584923656,0.007415728754027102,0.010692299206028544,0.0064067946666550996,0.0035829234331317228,0.00671363337435913,0.005236663670438811,0.007483338439113557,0.006921660646735023,0.0034425139484697983,0.01307444352642146,0.009594885155377441,0.004518996353235525,0.006734436064147517,0.0085443019336265,0.006646024690024559
north-rhine-westphalia,2020.24043715847,0.0019032348294126095,0.0024908596565645005,0.003042088981968304,0.001216814236782445,0.0012012138740764501,0.001253215101301139,0.002542862173487819,0.004004154161913369,0.0013208167744416161,0.003380109854759449,0.0019760375449502316,0.0013364171730351354,0.0038741443136664456,0.0032397009177293707,0.00655761346622002,0.0045345977113313085,0.005683910631373779,0.006900857882046998,0.011638902441767738,0.01945163768302315,0.02337405254308315,0.01971173560989486,0.025376991220538814,0.024617426173565,0.027478859179937688,0.024352101271867984,0.030725475662914902,0.024331291532909555,0.027832647289075307,0.028602665023709443,0.016928755304416166,0.022817405363896353,0.01930598341224335,0.017464532459138083,0.020892596559013498,0.0201539050713419,0.01351135520104908,0.022078686532838312,0.018718168536506805,0.022531280627817375,0.019514061066824524,0.01905108942008456,0.016835124911993838,0.01639818530978735,0.02660480475902166,0.026833722353991372,0.022869428212332888,0.03297325197669694,0.02843617373653753,0.020585674173711304,0.03403473567838767,0.02786386400250457,0.03057978981023764,0.03072027258971668,0.02702101931762926,0.02550185229009158,0.021844587684595407,0.01949845521384603,0.023956717655714922,0.017703813360012192,0.023779836484946176,0.017506146449762925,0.019331993073529896,0.016928755304416166,0.016668671297279614,0.014088708401723202,0.010198199966192732,0.014093909811048093,0.015773992246864873,0.011269621107550368,0.014463211202742918,0.013095248761019083,0.009787321015797124,0.011956174414916292,0.0123982779334561,0.019612898244428863,0.014073104176881762,0.00903838545844986,0.016840326596036313,0.02221914634764591,0.018281213111458527
north-rhine-westphalia,2020.25956284153,0.0019032348294126095,0.0018720336968105979,0.003042088981968304,0.001216814236782445,5.980034385291251e-4,0.0043785843409866404,0.0012688154796136482,0.005340674248317607,0.002636466834996906,0.004732215319060305,0.006588817410399463,0.004004154161913369,0.004524196805412104,0.002594864742416224,0.008523498519785691,0.005829526751076739,0.00947526322269548,0.015056179487153957,0.01348014710254662,0.024170016338348213,0.023930705681098775,0.021901811750174947,0.03331146747070119,0.026625615407831257,0.016985973960557763,0.026890951910194433,0.022791393959198103,0.028144815266662404,0.020757342403251337,0.022604112229445653,0.027624536345130603,0.017797445316595918,0.01571677492432171,0.015165411224429742,0.015316255429325545,0.017277269913448006,0.01254391285671498,0.017277269913448006,0.020122692986021568,0.016897545154874634,0.024627831099257123,0.023452087670595173,0.021787363681988747,0.018879426823316448,0.025127269980875076,0.023795443622868267,0.025356181071428494,0.02854543358361907,0.02981494578002612,0.02940911474041309,0.021875800803470166,0.025631916223012953,0.03271308770898183,0.025132472494472556,0.027707780622764286,0.02171453322428923,0.026963789618278017,0.027510075680981037,0.020689715457295654,0.02544982680800896,0.026048122994539687,0.02139720170624013,0.024679855758947315,0.01989380493278631,0.01140485058758098,0.014993761454582546,0.012517906590501499,0.01312125531596912,0.013802631690252734,0.01331890555866096,0.01498335845643818,0.013620583693301576,0.010936750039578199,0.011326833536955195,0.01101996760680905,0.030241592082934123,0.018551708894017745,0.01226824709664223,0.026277038138858455,0.02107987212470984,0.037901009014864574
north-rhine-westphalia,2020.27868852459,0.005070247178565313,0.003738934416303768,0.0018252320330072143,0.0018252320330072143,5.980034385291251e-4,0.001877233884274619,0.0031772970674157778,0.004004154161913369,0.0032969045129798693,0.0027040703064400047,0.002636466834996906,0.002672868693315708,0.0032293002708088333,0.00648480433595298,0.001965637150774993,0.005829526751076739,0.008840751485169706,0.010036968598628295,0.016543831435914005,0.02063249272556671,0.01947764741716979,0.021901811750174947,0.02326480356130188,0.020091480919435727,0.016985973960557763,0.02536658614494264,0.020809363190759527,0.02385266983533365,0.01981057316322323,0.02122032924159188,0.01380783307096228,0.016881940087131325,0.01751134820092972,0.01976375535138826,0.015316255429325545,0.01439559244191866,0.018822206083660593,0.016314959135153018,0.016845528280604895,0.01736569936487648,0.014868925614209124,0.018567314462868325,0.016835124911993838,0.03230203081897313,0.022661337130866044,0.025819208857950006,0.020382794269463586,0.022635325804230225,0.03027281024253846,0.018062736775831804,0.023093127053664043,0.024144004257039185,0.02133477606178936,0.022687348470507424,0.023602955915841693,0.023436480635720867,0.020819767354506157,0.020892596559013498,0.018151167563010037,0.018442470043220166,0.016606251329135777,0.018286414940164444,0.021802970221906862,0.015238232510093647,0.009210015570955302,0.011358040343154753,0.009272426661402104,0.007774581164424722,0.006900857882046998,0.008195845849617116,0.013433334989914014,0.007332516954591532,0.010359431833667443,0.008809546189630155,0.010328225626757764,0.0204296126386492,0.014712881235188904,0.011623298952049702,0.02155846830128243,0.019940622861716432,0.040294808194750106
north-rhine-westphalia,2020.2978142076502,0.005704712909223802,0.004987039132350607,6.084035591650503e-4,0.003655728500360734,0.0024024554971491235,-0,0.0019084350199968575,0.002002038539491907,0.0013208167744416161,-0,0.0032917041835359632,0.004675010144853533,0.002584464224470131,0.002594864742416224,0.00131041651131466,0.006479603687694912,0.005683910631373779,0.006271578183767644,0.011638902441767738,0.013558167383918133,0.017807848877735198,0.018067938582676676,0.018504892215577586,0.017079604624602954,0.012486699088217054,0.0157271780691927,0.016845528280604895,0.012876794212917595,0.013209677700095337,0.009688502512032309,0.009797722974486243,0.011862552975603975,0.008981175546833909,0.011945772024446666,0.0106766960003466,0.009594885155377441,0.01254391285671498,0.007197298064514397,0.009823727880315363,0.010796320696865801,0.011149995322211734,0.014166729596180046,0.00593873910845527,0.008944769272208542,0.010343828727871672,0.013162865830947456,0.010936750039578199,0.011316431272381898,0.016049676592490326,0.015961249379015705,0.014582844610372604,0.012257844643743538,0.013152463199081293,0.01919674297689591,0.016075684625069052,0.01102516870917996,0.013308502895578911,0.011488068903929045,0.012705151997512511,0.013277294918819153,0.008679524326452942,0.009334837826761389,0.007405327271815587,0.004232972284309839,0.004825823921693603,0.006359988921251389,0.006490004984736952,0.005345874782669774,0.008377874855941806,0.0071712944721202465,0.00619876945399884,0.006807245543943892,0.010359431833667443,0.01069750027562577,0.008263456549009363,0.009808124935256148,0.008955171062356925,0.010978358806546596,0.014822112251336231,0.014239549483293321,0.0256631316153238
north-rhine-westphalia,2020.3169398907103,0.002532461665942752,0.0018720336968105979,0.0018252320330072143,0.0018252320330072143,0.004799821515173018,0.0025012601557887625,0.0031772970674157778,0.0013364171730351354,0.0013208167744416161,0.004056158192227219,0.0013156166426210114,0.0033385071672246357,0.004524196805412104,0.004539798165073934,0.0026208660463794796,0.005829526751076739,0.006947664114295283,0.006271578183767644,0.008575507069992844,0.008840751485169706,0.00890316213242793,0.00875753740534499,0.01162850011476689,0.011550482728593011,0.01098876100349089,0.014712881235188904,0.012387875454545077,0.009064389984535487,0.008019018282199874,0.011529678112048001,0.008908363023077718,0.0068436503220691836,0.008981175546833909,0.00597514327855689,0.006500406283859512,0.010078576645625783,0.008201046669529411,0.009600086115211843,0.007015273190818646,0.0089187648059436,0.0051118512516052615,0.007327316221550946,0.00742613023831921,0.008944769272208542,0.010837929351467157,0.007592554269948531,0.010437447432891652,0.006396393386257183,0.013298100234577928,0.00839867821152366,0.010531066306453505,0.00520026001733406,0.009241221106812489,0.006281979439199475,0.008549502788384242,0.00792540393112291,0.008528699372468524,0.008008616679312571,0.010161792839493746,0.008481891717072247,0.00755094821210531,0.006999671088432016,0.0049350341710758016,0.0050806481937046895,0.0043837847791265904,0.002272449653385527,0.0032449012419726235,0.004857026826684956,0.004929833677805979,0.0040977614539241345,0.003099292359832304,0.005761919216217912,0.004607404111015946,0.004404586536875719,0.0034425139484697983,0.005720314623075404,0.0057567186402568615,0.004518996353235525,0.006734436064147517,0.00911119816426913,0.01602366857291963
north-rhine-westphalia,2020.3360655737704,0.003801338940633584,0.0012480149762408685,-0,6.084035591650503e-4,0.0017992311268777742,0.003125293916023304,6.34403869872398e-4,0.0033385071672246357,0.0019760375449502316,0.002028039547028811,0.0032917041835359632,0.0013364171730351354,0.0012896159913068346,0.002594864742416224,0.00131041651131466,0.0038845450895646266,0.0031564958006180316,0.006271578183767644,0.0018356323991003999,0.00825305489722676,0.0033385071672246357,0.003286503854617896,0.006874854437892958,0.008034620690429147,0.008492293414629589,0.006084355941765483,0.006443199164428961,0.009064389984535487,0.006131161439069603,0.006458801099852386,0.006682429355280573,0.00821144831090872,0.008081427943217201,0.003676529966864721,0.008357071508682635,0.0057567186402568615,0.0033749095170002483,0.0028808798011093497,0.007015273190818646,0.005631904973156666,0.0060375504865854464,0.006349587650215769,0.005444685034233358,0.006952864809371217,0.005912736145419771,0.004555399529410808,0.0054706877632234,0.006396393386257183,0.005501891055171599,0.005039044145629613,0.0060739547258630445,0.00520026001733406,0.0035569216481055464,0.006281979439199475,0.0044461900773324365,0.004825823921693603,0.005803523842653571,0.004175767659317145,0.0029016809576542517,0.006271578183767644,0.004149765577846888,0.0011648130459536755,0.0028808798011093497,4.212017058668906e-4,0.0035101184678309845,0.002272449653385527,0.0018564331375272125,0.0019448363686649871,4.940023465146336e-4,0.002558462938702915,0.001549623089497087,0.004191368914435681,0.0017264286588720033,0.003775337046391954,0.0020644409794233374,0.005720314623075404,0.005117051763078601,0.0032293002708088333,0.006734436064147517,0.003988552962963668,0.009105997253326543
north-rhine-westphalia,2020.3551912568305,0.003801338940633584,6.240037440305762e-4,6.084035591650503e-4,0.003655728500360734,0.0035985245103836694,0.003125293916023304,6.34403869872398e-4,6.656042598781713e-4,0.0013208167744416161,0.0027040703064400047,0.002636466834996906,6.656042598781713e-4,0.0012896159913068346,0.0012948161205273085,6.552041277961948e-4,0.005829526751076739,0.0025272614129474074,0.006271578183767644,0.004290176972232778,0.00648480433595298,0.006120760213804969,0.010401040138686323,0.003702531811699247,0.00653161019370454,0.003993753362091565,0.006084355941765483,0.0034685156762824733,0.0033385071672246357,0.005657907795766694,0.0059959456729130785,0.004456590967648947,0.004560599985233796,0.003140894855977498,0.003676529966864721,0.006032349883058143,0.0062351738061373,0.002412855978691718,0.00815944012481873,0.003744134790467952,0.005163856389714407,0.003250101566730168,0.005860730258351855,0.005444685034233358,0.004472192307027267,0.0039417493941873135,0.008097030370172276,0.0054706877632234,0.0034425139484697983,0.00688005512568118,0.004201769753783715,0.004862227312667634,0.006313183217977983,0.00782138818313564,0.003140894855977498,0.00410296186397373,0.0034477142929898856,0.00546028667006821,0.002438857191646164,0.007623758835177322,0.005163856389714407,0.004909031709944994,0.0023348524178297934,0.0032917041835359632,0.0021164430699088742,0.0035101184678309845,0.0027248713922515093,4.6280205947109467e-4,9.724090920553305e-4,9.880093861184358e-4,0.003073290816637081,0.0020644409794233374,0.0010452105043990622,0.0028756795132703814,0.002516860908522644,0.0020644409794233374,0.005720314623075404,0.003198098342534541,0.002584464224470131,0.005387479076234068,0.0022776498808985165,0.005585099925233785
north-rhine-westphalia,2020.3743169398906,0.002532461665942752,0.0024908596565645005,0.001216814236782445,0.002438857191646164,0.0024024554971491235,0.001253215101301139,0.002542862173487819,0.002002038539491907,0.0039573505791006425,0.003380109854759449,0.002636466834996906,0.0033385071672246357,0.0019396361744404699,0.0012948161205273085,0.001965637150774993,0.002589664483180265,0.003790938181377859,0.001253215101301139,0.0030628902030005773,0.0017680300566801682,0.00556429769523413,0.002735271938280475,0.005813925004463643,0.005023442636186012,0.0059959456729130785,0.003042088981968304,0.004456590967648947,0.007628959597872207,0.006604419389508075,0.00369213107220637,0.0013364171730351354,0.004560599985233796,0.00404055697766933,0.005054645659759895,0.0023192517196952167,0.004799821515173018,0.004342181288592536,0.00144041994990653,0.006084355941765483,0.006099957769517166,0.007431330981242598,0.0024440574358006633,0.0024752589116313678,0.007951407900626716,0.0049246331850620285,0.005569498251956764,0.004472192307027267,0.003936549000260211,0.004586602272132791,0.006718834046028912,0.0032397009177293707,0.004087360635379416,0.004264174833559011,0.00348931706789617,0.0034217125755785886,0.002412855978691718,0.003411311892253395,0.002438857191646164,0.0018148316689941748,0.0018460327672737322,0.002262049199925457,0.0027248713922515093,0.0012324146041686591,0.0025376619194523737,0.002194446303142263,9.100079625930854e-4,9.256082379355073e-4,0.002917281830520651,9.880093861184358e-4,0.003073290816637081,5.148025482771891e-4,0.002095642227474157,0.0017264286588720033,-0,6.864045302822849e-4,0.0016328256354974048,0.0012792157344201902,0.004518996353235525,0.00404055697766933,0.003988552962963668,0.0058503290871796815
north-rhine-westphalia,2020.3934426229507,0.003801338940633584,6.240037440305762e-4,0.0018252320330072143,6.084035591650503e-4,0.0012012138740764501,0.001253215101301139,6.34403869872398e-4,0.002002038539491907,0.0019760375449502316,0.001352017576303122,0.0013156166426210114,0.0013364171730351354,0.0019396361744404699,6.500040625323396e-4,0.00131041651131466,-0,0.0025272614129474074,0.003135694542141295,0.003676529966864721,0.00412376350938448,0.001669226791232261,0.002189246083955761,0.003702531811699247,0.005522693260200158,0.0019968383395411833,0.002028039547028811,0.0034685156762824733,0.0033385071672246357,0.003302104842938069,0.004612604572039852,0.002672868693315708,0.004560599985233796,0.0026936697666516906,0.0027560730365790635,0.004175767659317145,0.0019188354027312412,0.0014456200942135706,0.0028808798011093497,0.0018720336968105979,0.005631904973156666,0.002787274699628602,0.0014664206766304769,9.880093861184358e-4,0.004472192307027267,0.0024648584176076025,0.005059846165506341,0.003978152166262342,0.0029536838854148113,0.002293250566546213,0.003359308506831505,0.0024284567049030854,0.0014872212673678522,7.1240487998485e-4,0.0045345977113313085,0.0013676179842571252,0.00206964118613459,0.0017056279724545263,0.0013936186745733149,0.0010868113572177433,0.004056158192227219,0.002262049199925457,0.0011648130459536755,0.0028808798011093497,0.0016952276323631062,4.3680183457128774e-4,9.100079625930854e-4,0.001388418535472331,0.0014560203843819654,9.880093861184358e-4,-0,0.0010348102963946028,-0,-0,6.292038066885943e-4,0.001378018258824673,8.164064088045757e-4,6.396039335704413e-4,6.448039977942706e-4,0.0026936697666516906,0.003416512233653071,0.0028600786528853693
north-rhine-westphalia,2020.4125683060108,0.0019032348294126095,0.0024908596565645005,6.084035591650503e-4,0.001216814236782445,0.0012012138740764501,6.240037440305762e-4,0.0019084350199968575,6.656042598781713e-4,0.002636466834996906,0.001352017576303122,0.002636466834996906,0.0013364171730351354,0.0012896159913068346,6.500040625323396e-4,0.001965637150774993,6.500040625323396e-4,6.292038066885943e-4,0.002511660657093224,-0,0.0035361202294481955,0.002782074421156427,0.0038325412308768125,0.0031720967499333595,0.001003609684867492,0.003993753362091565,0.0015236223211765214,0.0024752589116313678,0.0023868547787384785,0.0028288769461511125,0.004149765577846888,0.005793122682923962,0.0013676179842571252,0.0022464485236385777,0.0018356323991003999,0.0018564331375272125,0.0019188354027312412,0.002412855978691718,0.002397255257160785,0.004212170595212086,0.0037545355403623185,0.0018564331375272125,0.002932882708067575,0.0019812377428207965,0.003478916371049182,0.0029536838854148113,0.004555399529410808,0.0014924214163493834,0.0014768209709591054,0.0027508727612272207,0.0016796271261233435,0.0032397009177293707,0.0018564331375272125,0.001778430411332561,0.0024440574358006633,0.002735271938280475,6.916045991804607e-4,0.0017056279724545263,0.002787274699628602,0.0010868113572177433,0.002210046963827805,0.002262049199925457,0.0023348524178297934,0.0012324146041686591,0.0029640844772087834,4.3680183457128774e-4,9.100079625930854e-4,4.6280205947109467e-4,-0,-0,0.0020488403624213725,0.0010348102963946028,5.252026522785282e-4,5.772032034858707e-4,0.0031460951703395374,6.864045302822849e-4,0.0016328256354974048,0.002558462938702915,0.0032293002708088333,0.0013468174413623574,0.0011388124700430575,0.0025272614129474074
north-rhine-westphalia,2020.431693989071,0.0012688154796136482,-0,0.001216814236782445,6.084035591650503e-4,0.0012012138740764501,0.003125293916023304,6.34403869872398e-4,0.0013364171730351354,0.0032969045129798693,0.001352017576303122,0.0013156166426210114,-0,0.002584464224470131,6.500040625323396e-4,0.001965637150774993,0.0019448363686649871,0.0018928344497984545,0.0037649362923369853,0.004898630729132204,0.0017680300566801682,0.0011128119071272355,0.0038325412308768125,0.003702531811699247,0.004518996353235525,0.003993753362091565,0.006084355941765483,0.0014872212673678522,0.0014300196628583084,0.0018876342607685472,0.0032293002708088333,0.00400935456260728,0.002735271938280475,0.0022464485236385777,0.001378018258824673,0.0013936186745733149,0.002397255257160785,0.002412855978691718,0.00144041994990653,0.0014040189543411397,9.412085179638691e-4,0.00232445195188862,0.0014664206766304769,0.0024752589116313678,0.0014924214163493834,0.0019708373476054787,0.003036888678013275,-0,0.001965637150774993,0.0032084989832143057,0.0025220611604778874,0.0020228393444778857,0.0026000650021664614,3.5360120224407185e-4,0.0027924749786266065,0.0020540405675667285,0.00206964118613459,0.0010244100904702265,6.968046686044236e-4,7.280050960454046e-4,0.0011076117961076025,0.00150802186641993,3.9000146250986754e-4,0.002470058664356574,8.476069080134612e-4,0.0013156166426210114,4.5240196794999024e-4,-0,-0,-0,0.0010244100904702265,-0,0.0010452105043990622,-0,0.0012584152268872082,0.001378018258824673,-0,0.0019188354027312412,0.0019344359807302181,0.0013468174413623574,0.0011388124700430575,0.0019916381401162723
north-rhine-westphalia,2020.450819672131,0.003166896432976778,-0,6.084035591650503e-4,0.0030472892864491677,0.0017992311268777742,0.0037545355403623185,0.002542862173487819,6.656042598781713e-4,0.0032969045129798693,0.001352017576303122,6.604041935742898e-4,0.002672868693315708,0.0019396361744404699,0.0019448363686649871,0.00131041651131466,-0,0.0018928344497984545,0.003135694542141295,0.0018356323991003999,0.0011804133977449437,0.0011128119071272355,0.0016432259631080236,0.002641667098913336,0.004019755365543792,0.003993753362091565,0.004056158192227219,0.0039625509751080625,0.0033385071672246357,0.003302104842938069,0.0018460327672737322,8.892076027462617e-4,0.003192898022971868,0.0017940309472143036,0.003218899625968554,0.002787274699628602,0.0019188354027312412,0.002412855978691718,0.0028808798011093497,0.0023400526515775636,0.005163856389714407,0.0013936186745733149,9.776091895544216e-4,0.0014872212673678522,9.93209485183359e-4,9.828092875793055e-4,5.044024463558912e-4,0.003478916371049182,0.001965637150774993,0.0027508727612272207,8.424068235148251e-4,0.001216814236782445,0.0014872212673678522,0.001778430411332561,0.0017472293536158062,0.002735271938280475,0.001378018258824673,0.0010244100904702265,0.0017420291791526898,0.0014508202390348668,3.692013106681607e-4,7.54005466554319e-4,7.800058500578373e-4,8.216064907089019e-4,4.212017058668906e-4,0.0013156166426210114,4.5240196794999024e-4,4.6280205947109467e-4,-0,9.880093861184358e-4,5.096024970536484e-4,0.0010348102963946028,5.252026522785282e-4,5.772032034858707e-4,-0,-0,8.164064088045757e-4,0.0012792157344201902,-0,0.0013468174413623574,5.720031460221995e-4,0.0019292357875457782
north-rhine-westphalia,2020.4699453551912,0.003801338940633584,0.0018720336968105979,0.0024336569480174867,0.0018252320330072143,0.0012012138740764501,0.001253215101301139,6.34403869872398e-4,0.0013364171730351354,0.0039573505791006425,0.002028039547028811,0.0013156166426210114,0.002002038539491907,0.002584464224470131,0.0032397009177293707,0.0026208660463794796,0.0038845450895646266,0.0031564958006180316,0.003135694542141295,0.006739636737892064,0.007660164184941631,0.010572674748807659,0.006021948677558128,0.006344387015475263,0.011051174228849372,0.006994470388680601,0.005070247178565313,0.007431330981242598,0.004768618644508019,0.005657907795766694,0.004149765577846888,0.005345874782669774,0.007753778058520413,0.004940234664859949,0.005054645659759895,0.006032349883058143,0.010078576645625783,0.007722573415268598,0.00815944012481873,0.004680210612638647,0.005631904973156666,0.009293230374865555,0.006349587650215769,0.008414280733668927,0.008944769272208542,0.009849732799143621,0.007592554269948531,0.00944405754638206,0.003936549000260211,0.011004364302806092,0.0088199479527293,0.0060739547258630445,0.00371293255327242,0.004623005495636393,0.002095642227474157,0.001710828143277401,0.00206964118613459,0.0017056279724545263,0.0038273408478713415,0.0014508202390348668,0.003317705835938835,0.002262049199925457,7.800058500578373e-4,8.216064907089019e-4,-0,0.0013156166426210114,0.001362417847750506,0.001388418535472331,9.724090920553305e-4,9.880093861184358e-4,0.0010244100904702265,0.001549623089497087,0.001570423713516406,5.772032034858707e-4,0.0012584152268872082,0.001378018258824673,0.003270902870972542,0.0019188354027312412,6.448039977942706e-4,6.76004394040201e-4,0.0011388124700430575,0.002059240773237899
north-rhine-westphalia,2020.4890710382513,0.005070247178565313,0.0018720336968105979,0.005481088858459028,0.002438857191646164,0.0035985245103836694,0.003125293916023304,0.0031772970674157778,0.0026676684262789594,0.007909801555657911,0.0054082812354987984,0.004612604572039852,0.004004154161913369,0.0019396361744404699,0.0019448363686649871,0.003936549000260211,0.0032397009177293707,0.004420187860645602,0.005018242134080271,0.004290176972232778,0.007072480939606985,0.0033385071672246357,0.0043785843409866404,0.002641667098913336,0.00653161019370454,0.007493739936929543,0.0071036851927475855,0.004955836149344533,0.00858590878627633,0.0042433731319792235,0.008305063176946391,0.004898630729132204,0.005475888310578272,0.004940234664859949,0.004597003190534185,0.005106650740657798,0.004799821515173018,0.005309471053109519,0.004799821515173018,0.004680210612638647,0.0079774118831345,0.006968466897708303,0.0039053466476019223,0.004456590967648947,0.003478916371049182,0.010343828727871672,0.0060739547258630445,0.006464001746029936,0.004919432692832402,0.005501891055171599,0.005881532606937609,0.006885255813995315,0.006313183217977983,0.0028444777971750983,0.0027924749786266065,0.004789420556204302,0.003790938181377859,0.004435789189096282,0.003478916371049182,0.003993753362091565,0.002210046963827805,0.00150802186641993,0.0011648130459536755,0.0016432259631080236,0.0025376619194523737,4.3680183457128774e-4,0.001362417847750506,0.0018564331375272125,4.836022487534156e-4,-0,0.0020488403624213725,-0,0.001570423713516406,0.0028756795132703814,6.292038066885943e-4,6.864045302822849e-4,0.003270902870972542,-0,0.0032293002708088333,6.76004394040201e-4,0.0011388124700430575,0.0013936186745733149
north-rhine-westphalia,2020.5081967213114,0.004435789189096282,0.004987039132350607,0.006089556550493997,0.004264174833559011,0.004201769753783715,0.001253215101301139,0.008263456549009363,0.004004154161913369,0.002636466834996906,0.001352017576303122,0.00395215018360753,0.002002038539491907,0.0032293002708088333,0.002594864742416224,0.003281303526214121,0.0038845450895646266,0.003790938181377859,0.001882434072264451,0.0018356323991003999,0.00412376350938448,0.005007841131423316,0.002735271938280475,0.00845588748228475,0.005023442636186012,0.0059959456729130785,0.006084355941765483,0.005449885578993458,0.0052470647188647915,0.004716613901673972,0.00369213107220637,0.006682429355280573,0.0041081622745491805,0.0044877936510806194,0.0068904565028238135,0.0013936186745733149,0.005278267876625255,0.0033749095170002483,0.003837741614408134,0.005148254842817696,0.0023452528858511536,0.003250101566730168,0.0039053466476019223,0.004456590967648947,0.008944769272208542,0.0029536838854148113,0.006578416093592457,0.0054706877632234,0.0034425139484697983,0.005501891055171599,0.0025220611604778874,0.004456590967648947,0.002969284773888745,0.0024908596565645005,0.0024440574358006633,0.0013676179842571252,0.001378018258824673,0.001362417847750506,0.0013936186745733149,0.002542862173487819,7.384052426877714e-4,0.00150802186641993,0.0019448363686649871,0.0020540405675667285,0.0012688154796136482,0.002194446303142263,0.0018148316689941748,0.0018564331375272125,0.0019448363686649871,-0,0.0010244100904702265,0.0020644409794233374,0.0010452105043990622,0.002303651026246831,-0,0.001378018258824673,0.003270902870972542,0.0019188354027312412,0.002584464224470131,6.76004394040201e-4,0.0011388124700430575,0.002459658171372907
north-rhine-westphalia,2020.5273224043715,0.003166896432976778,0.0056111027244387535,0.0024336569480174867,0.004264174833559011,0.0035985245103836694,0.0037545355403623185,0.0012688154796136482,0.0013364171730351354,0.0032969045129798693,0.003380109854759449,0.002636466834996906,0.0033385071672246357,6.448039977942706e-4,6.500040625323396e-4,0.0026208660463794796,0.0019448363686649871,0.0025272614129474074,0.003135694542141295,0.003676529966864721,0.007072480939606985,0.00556429769523413,0.0049246331850620285,0.0021164430699088742,0.0035153188191119765,0.005496690505210404,0.004056158192227219,0.0029744850710829926,0.0028600786528853693,0.008019018282199874,0.002303651026246831,0.00400935456260728,0.0036505281350378074,0.003140894855977498,0.00597514327855689,0.004643807349082134,0.0019188354027312412,0.0033749095170002483,0.003359308506831505,0.0023400526515775636,0.001877233884274619,0.003250101566730168,0.0034217125755785886,0.002969284773888745,0.003478916371049182,0.0029536838854148113,0.004050957786852583,0.0054706877632234,0.0034425139484697983,0.0027508727612272207,0.00546028667006821,0.0020228393444778857,0.002969284773888745,0.0024908596565645005,0.002095642227474157,0.0010244100904702265,-0,0.0027300716650088515,0.0013936186745733149,0.0010868113572177433,0.0011076117961076025,0.0018876342607685472,0.0019448363686649871,0.0012324146041686591,4.212017058668906e-4,8.788074259429569e-4,9.100079625930854e-4,4.6280205947109467e-4,4.836022487534156e-4,0.0014768209709591054,0.0020488403624213725,0.0010348102963946028,0.0010452105043990622,0.0011492126988483903,6.292038066885943e-4,6.864045302822849e-4,8.164064088045757e-4,0.0019188354027312412,0.0012896159913068346,0.0013468174413623574,0.0022776498808985165,0.0014612205302433198
north-rhine-westphalia,2020.5464480874316,0.004435789189096282,6.240037440305762e-4,0.0018252320330072143,0.0030472892864491677,0.0017992311268777742,0.005002640630872101,0.004451390522233534,6.656042598781713e-4,0.0032969045129798693,0.002028039547028811,0.004612604572039852,0.006011547474138592,0.004524196805412104,0.002594864742416224,0.003281303526214121,0.002589664483180265,0.004420187860645602,0.005018242134080271,0.005512292156648544,0.00412376350938448,0.004451390522233534,0.0038325412308768125,0.006344387015475263,0.0035153188191119765,0.0064952056340352796,0.006594018069580277,0.004955836149344533,0.006677228687257503,0.006604419389508075,0.0069164599547856965,0.006682429355280573,0.003192898022971868,0.0026936697666516906,0.003676529966864721,0.002787274699628602,0.0019188354027312412,0.003858543153722642,0.0019188354027312412,0.004680210612638647,0.0037545355403623185,0.006968466897708303,0.005860730258351855,0.0024752589116313678,0.005959541488248117,0.0044305887457612245,0.004555399529410808,0.004971437638504235,0.0034425139484697983,0.002293250566546213,0.004201769753783715,0.0024284567049030854,0.0018564331375272125,0.001778430411332561,0.0024440574358006633,0.001710828143277401,0.00206964118613459,0.0017056279724545263,0.0017420291791526898,0.0018148316689941748,0.0014768209709591054,0.00150802186641993,0.0023348524178297934,0.0012324146041686591,8.476069080134612e-4,0.0017524295286047305,9.100079625930854e-4,9.256082379355073e-4,9.724090920553305e-4,0.0019708373476054787,0.0010244100904702265,0.0010348102963946028,0.002095642227474157,0.002303651026246831,0.002516860908522644,6.864045302822849e-4,0.0016328256354974048,6.396039335704413e-4,0.0032293002708088333,0.0013468174413623574,0.0011388124700430575,0.001331217039648678
north-rhine-westphalia,2020.5655737704917,0.005704712909223802,0.003738934416303768,0.007306513294578523,0.002438857191646164,0.005403080694905341,0.003125293916023304,0.004451390522233534,0.004004154161913369,0.002636466834996906,0.0054082812354987984,0.006588817410399463,0.002672868693315708,0.006458801099852386,0.007779781942198301,0.001965637150774993,0.005179457941286273,0.003790938181377859,0.005018242134080271,0.0030628902030005773,0.011789736417122243,0.005007841131423316,0.005475888310578272,0.006874854437892958,0.00653161019370454,0.008492293414629589,0.009636492848641124,0.00594393970262619,0.007155692322920859,0.008492293414629589,0.0050754476858778375,0.005793122682923962,0.0068436503220691836,0.005834727334325187,0.003676529966864721,0.005569498251956764,0.005278267876625255,0.003858543153722642,0.003359308506831505,0.00561630328583662,0.007509342187557531,0.005574698809193734,0.007327316221550946,0.004456590967648947,0.007951407900626716,0.006401594026198965,0.0060739547258630445,0.0054706877632234,0.0029536838854148113,0.0032084989832143057,0.004623005495636393,0.0024284567049030854,0.002969284773888745,0.004264174833559011,0.0027924749786266065,0.003759735916092501,0.0034477142929898856,0.003411311892253395,0.004175767659317145,0.002542862173487819,0.0047946210354257255,0.002641667098913336,0.0015548232447247564,0.0020540405675667285,0.0025376619194523737,0.0017524295286047305,0.001362417847750506,0.002782074421156427,0.0019448363686649871,0.0024648584176076025,5.096024970536484e-4,5.148025482771891e-4,0.0026208660463794796,-0,0.0012584152268872082,6.864045302822849e-4,8.164064088045757e-4,0.0019188354027312412,-0,0.0013468174413623574,0.001710828143277401,0.0017940309472143036
north-rhine-westphalia,2020.5846994535518,0.003166896432976778,0.0056111027244387535,0.004264174833559011,0.004264174833559011,0.006599218729286997,0.0025012601557887625,0.002542862173487819,0.006006346873211892,0.004612604572039852,0.004732215319060305,0.010541468413920778,0.009350440629802517,0.010338627693648754,0.005184658459520951,0.007212900226197233,0.011014766504952585,0.00947526322269548,0.011295626749478021,0.007967010288569753,0.01473888859917765,0.00945966038219503,0.011498471202837403,0.010042169602679389,0.011051174228849372,0.008991577344264803,0.007608156550225128,0.0089187648059436,0.0052470647188647915,0.006131161439069603,0.011992582797944648,0.005345874782669774,0.0068436503220691836,0.006734436064147517,0.005054645659759895,0.005569498251956764,0.007675766485504184,0.0072389038393971495,0.006240374429955163,0.010291818409022912,0.009854933784467555,0.0060375504865854464,0.008793943548885647,0.005444685034233358,0.006458801099852386,0.009360842501099463,0.008606712225085364,0.005964742084499513,0.006396393386257183,0.005959541488248117,0.004201769753783715,0.004456590967648947,0.002969284773888745,0.00497663813593485,0.003140894855977498,0.0061571645113304525,0.003790938181377859,0.004092561044388847,0.003478916371049182,0.003629726678935282,0.002210046963827805,0.0018876342607685472,0.0027248713922515093,0.0020540405675667285,0.0012688154796136482,4.3680183457128774e-4,0.003634927042177917,0.0018564331375272125,0.0019448363686649871,0.0014768209709591054,0.00153402262694581,5.148025482771891e-4,0.003140894855977498,0.0017264286588720033,0.004404586536875719,0.0027560730365790635,0.0016328256354974048,0.002558462938702915,0.002584464224470131,0.0013468174413623574,0.001710828143277401,0.002657267893771396
north-rhine-westphalia,2020.603825136612,0.004435789189096282,0.006229973182845335,0.003655728500360734,0.004264174833559011,0.006599218729286997,0.005002640630872101,0.010806722857394844,0.01001096358616428,0.00923081925944987,0.00878874266967398,0.004612604572039852,0.010016164587614373,0.01292360582453632,0.00648480433595298,0.011805339956782778,0.010364632869976964,0.015155008191951251,0.020075874893171124,0.015316255429325545,0.009428454715250788,0.011129190865902368,0.013136859255186912,0.011103185307210562,0.015071784007000691,0.009990159585554366,0.012174625095475011,0.008424682417701872,0.009537674631497036,0.006131161439069603,0.0059959456729130785,0.0062351738061373,0.007753778058520413,0.008528699372468524,0.007810986619780369,0.00742613023831921,0.012476296591617569,0.008201046669529411,0.008637917398898307,0.011696115277466192,0.009854933784467555,0.013937867757715891,0.009282828517093458,0.01088994021653837,0.009438856602147598,0.011332034670019296,0.008606712225085364,0.00944405754638206,0.010333426659940269,0.005959541488248117,0.0079826126812,0.00567350949556945,0.00742613023831921,0.005689111200059001,0.005236663670438811,0.004789420556204302,0.004477392754523038,0.0027300716650088515,0.004175767659317145,0.004716613901673972,0.0047946210354257255,0.004149765577846888,0.005834727334325187,0.0032917041835359632,0.0016952276323631062,0.0017524295286047305,0.001362417847750506,0.0032449012419726235,9.724090920553305e-4,0.0014768209709591054,0.002558462938702915,0.002584464224470131,0.0010452105043990622,0.0028756795132703814,0.005663108361845575,0.0020644409794233374,0.0024492576804694376,0.003198098342534541,0.002584464224470131,0.0026936697666516906,0.0011388124700430575,0.003390510531843826
north-rhine-westphalia,2020.622950819672,0.005704712909223802,0.009350440629802517,0.007306513294578523,0.008528699372468524,0.010203400986370103,0.007504141436826126,0.008897961242292548,0.017355295892197004,0.014504822791571606,0.00946486132851025,0.017787041757538067,0.018031525945672842,0.015508712463970627,0.011670109435255878,0.015087388531530141,0.012954813589029024,0.015789596982119347,0.013802631690252734,0.016543831435914005,0.017095209751665015,0.0211474995780736,0.015878023903695297,0.01744892722124242,0.013563368740169038,0.011488068903929045,0.013698604185383193,0.0089187648059436,0.010016164587614373,0.014151125347925895,0.009225618336543066,0.013365717568280491,0.010036968598628295,0.009428454715250788,0.012866391638280074,0.007888998395657308,0.008637917398898307,0.013995083122900976,0.010078576645625783,0.012164222661305117,0.009386847188447992,0.011612896628170248,0.012211033631454433,0.012377472977715043,0.012918404532277994,0.010343828727871672,0.008097030370172276,0.0119301684426469,0.0122994544678242,0.009631291885159604,0.009241221106812489,0.007696569560199222,0.00742613023831921,0.006042751090638643,0.0059335385148102425,0.002735271938280475,0.005169056906383001,0.004092561044388847,0.00209044201816847,0.0021788456471371156,0.004056158192227219,0.004149765577846888,0.0023348524178297934,4.10801622665926e-4,0.0025376619194523737,0.002194446303142263,0.003182497385412486,0.0023192517196952167,-0,0.0029588841810546545,0.0020488403624213725,0.003099292359832304,0.0010452105043990622,0.0011492126988483903,6.292038066885943e-4,0.0020644409794233374,0.0024492576804694376,0.0012792157344201902,0.002584464224470131,0.0020228393444778857,0.00512745278757404,0.003655728500360734
north-rhine-westphalia,2020.6420765027322,0.003801338940633584,0.003738934416303768,0.003042088981968304,0.007311714025544296,0.004201769753783715,0.0043785843409866404,0.004451390522233534,0.006006346873211892,0.0059335385148102425,0.004056158192227219,0.009880938718907498,0.006677228687257503,0.006458801099852386,0.010375034944150853,0.0059023349638452445,0.007124488038577494,0.010733907777395442,0.008783541790988263,0.014093909811048093,0.01591443503276083,0.011685712939020211,0.014234348059406267,0.016918351919154303,0.014567240237249476,0.010489457897392838,0.01065069066795533,0.010406241179157507,0.010016164587614373,0.011789736417122243,0.010146189793001357,0.007129688751332439,0.0059335385148102425,0.011222810984862875,0.008273858202872625,0.007888998395657308,0.0057567186402568615,0.007722573415268598,0.010078576645625783,0.012164222661305117,0.008450686636884294,0.006968466897708303,0.006349587650215769,0.00792020313877916,0.008445485792009783,0.008372674018343875,0.005569498251956764,0.00944405754638206,0.010333426659940269,0.00688005512568118,0.007561349723445207,0.008102231180201475,0.007800585058505722,0.006042751090638643,0.0059335385148102425,0.0034217125755785886,0.0072389038393971495,0.006822847588589405,0.003478916371049182,0.0032657025441347374,0.003317705835938835,0.003775337046391954,0.0011648130459536755,0.0020540405675667285,0.0025376619194523737,0.0026312665716063024,0.003182497385412486,0.001388418535472331,0.0014560203843819654,4.940023465146336e-4,0.002558462938702915,0.002584464224470131,0.0026208660463794796,0.002303651026246831,0.0031460951703395374,0.0027560730365790635,0.0016328256354974048,-0,0.0012896159913068346,0.0020228393444778857,0.0011388124700430575,0.0017940309472143036
north-rhine-westphalia,2020.6612021857923,0.003166896432976778,0.0012480149762408685,0.003042088981968304,0.004872628286199056,0.0024024554971491235,0.005631904973156666,0.005085848702057417,0.0013364171730351354,0.0032969045129798693,0.004732215319060305,0.004612604572039852,0.005340674248317607,0.005813925004463643,0.002594864742416224,0.004591802731076329,0.006479603687694912,0.006947664114295283,0.007530145195667328,0.011030369812076866,0.007072480939606985,0.00945966038219503,0.012590724168666974,0.009516870820243991,0.012559516622681456,0.011488068903929045,0.012174625095475011,0.012881995501013856,0.010494658946707572,0.010848331520319662,0.008762738281435603,0.007129688751332439,0.004560599985233796,0.008081427943217201,0.004597003190534185,0.00371293255327242,0.0043161791239144645,0.005309471053109519,0.004799821515173018,0.006084355941765483,0.006573215435966263,0.00232445195188862,0.004394185656960979,0.009407650947687885,0.005959541488248117,0.006895657192178224,0.0060739547258630445,0.006958065504961515,0.00737932357539228,0.00825305489722676,0.0037805374242024375,0.004862227312667634,0.002969284773888745,0.004623005495636393,0.0059335385148102425,0.004789420556204302,0.003790938181377859,0.003411311892253395,0.0038273408478713415,0.002542862173487819,0.0059023349638452445,0.004149765577846888,0.0027248713922515093,0.003702531811699247,0.0021164430699088742,0.002194446303142263,0.0018148316689941748,0.0023192517196952167,0.0024284567049030854,0.0029588841810546545,0.0010244100904702265,0.001549623089497087,0.003140894855977498,0.0011492126988483903,0.002516860908522644,0.001378018258824673,0.004087360635379416,6.396039335704413e-4,0.0032293002708088333,0.0013468174413623574,0.0022776498808985165,0.001263615352987529
north-rhine-westphalia,2020.6803278688524,0.003166896432976778,0.0012480149762408685,0.0024336569480174867,0.0030472892864491677,0.0017992311268777742,0.003125293916023304,0.004451390522233534,0.002002038539491907,0.004612604572039852,0.0027040703064400047,0.00395215018360753,0.002002038539491907,0.002584464224470131,0.007779781942198301,0.0026208660463794796,0.009714507363240936,0.00947526322269548,0.010036968598628295,0.012866391638280074,0.007660164184941631,0.011685712939020211,0.009308833165427983,0.011103185307210562,0.01557113111465948,0.011987381598810925,0.008622314809651059,0.009412851888795442,0.004290176972232778,0.007072480939606985,0.0069164599547856965,0.007571751236865709,0.0059335385148102425,0.006287180067692691,0.00597514327855689,0.00742613023831921,0.005278267876625255,0.004825823921693603,0.005278267876625255,0.006084355941765483,0.005631904973156666,0.006505606934198099,0.0034217125755785886,0.006437998520331927,0.003972951768688912,0.006895657192178224,0.006578416093592457,0.008949970167025532,0.006396393386257183,0.00688005512568118,0.003359308506831505,0.004862227312667634,0.004456590967648947,0.0028444777971750983,0.0045345977113313085,0.00410296186397373,0.00206964118613459,0.0037545355403623185,0.0013936186745733149,0.003629726678935282,0.004425388302940482,0.002262049199925457,0.003499717766823437,0.0032917041835359632,0.0033853101930444904,4.3680183457128774e-4,0.004087360635379416,0.0023192517196952167,0.0014560203843819654,4.940023465146336e-4,5.096024970536484e-4,0.0010348102963946028,5.252026522785282e-4,0.0011492126988483903,0.002516860908522644,0.0027560730365790635,0.003270902870972542,0.0019188354027312412,0.0019344359807302181,0.0013468174413623574,0.0022776498808985165,8.632071646410181e-4
north-rhine-westphalia,2020.6994535519125,0.002532461665942752,0.0031148932919855626,0.0024336569480174867,6.084035591650503e-4,0.0017992311268777742,0.001877233884274619,0.0019084350199968575,0.004675010144853533,0.0032969045129798693,0.00743653172469191,0.0019760375449502316,0.004004154161913369,0.005813925004463643,0.005834727334325187,0.007212900226197233,0.005179457941286273,0.006313183217977983,0.010666293865828298,0.01470247829323662,0.012377472977715043,0.011685712939020211,0.012044594817923965,0.01162850011476689,0.012559516622681456,0.01098876100349089,0.017246059554729052,0.01387545106749112,0.012876794212917595,0.010848331520319662,0.01107197865395119,0.008461088328199601,0.004560599985233796,0.008081427943217201,0.005512292156648544,0.006500406283859512,0.007675766485504184,0.0072389038393971495,0.0057567186402568615,0.006552412810674354,0.006573215435966263,0.006505606934198099,0.005860730258351855,0.00593873910845527,0.007452133958149193,0.010343828727871672,0.005059846165506341,0.006464001746029936,0.010333426659940269,0.007337717688158038,0.0088199479527293,0.008102231180201475,0.006313183217977983,0.006042751090638643,0.006281979439199475,0.007524944442861097,0.005512292156648544,0.005117051763078601,0.005221062101703512,0.0032657025441347374,0.003317705835938835,0.003775337046391954,0.00427977611520186,0.0057567186402568615,0.0033853101930444904,0.003068090509561685,0.003634927042177917,0.001388418535472331,0.0024284567049030854,0.0014768209709591054,0.0020488403624213725,0.002584464224470131,0.001570423713516406,0.0011492126988483903,0.0018876342607685472,0.0020644409794233374,0.0024492576804694376,0.003198098342534541,0.0012896159913068346,0.0026936697666516906,0.001710828143277401,0.002459658171372907
north-rhine-westphalia,2020.7185792349726,0.005704712909223802,0.003738934416303768,0.003655728500360734,0.003655728500360734,0.0024024554971491235,0.003125293916023304,0.004451390522233534,0.005340674248317607,0.005273067349034468,0.0054082812354987984,0.0052678668219580125,0.006011547474138592,0.00839867821152366,0.0038897454782967204,0.011149995322211734,0.011014766504952585,0.008840751485169706,0.018197983922985494,0.017157630306755607,0.020044662854686982,0.02226076414341658,0.016424193516674894,0.01744892722124242,0.018588121895278004,0.015487906263722354,0.01775583109285882,0.015357867700785595,0.016694679639459004,0.013209677700095337,0.018915840054061998,0.016039273383099933,0.013230482988800326,0.012122612945435263,0.010567473691689762,0.01299642397082048,0.009116399075726127,0.012065399640482432,0.010078576645625783,0.010291818409022912,0.008450686636884294,0.010219004050034989,0.008305063176946391,0.010395839098741123,0.010432246389299219,0.011332034670019296,0.0116441036060514,0.012429485382675126,0.013287697575658008,0.012840385210793658,0.013865048293070885,0.012559516622681456,0.0092880294457223,0.012445089114310883,0.006281979439199475,0.009574081321230209,0.009646894777153196,0.008190645030230759,0.005569498251956764,0.0050806481937046895,0.006271578183767644,0.004149765577846888,0.0031096929807496723,0.005345874782669774,0.0050806481937046895,0.004825823921693603,0.004997440130846761,0.0023192517196952167,0.003400911211008475,0.0034477142929898856,0.0010244100904702265,0.007233703115713412,0.001570423713516406,0.0034529146380358157,0.0031460951703395374,0.00619876945399884,0.004903831219275663,0.003198098342534541,0.002584464224470131,0.0020228393444778857,0.003416512233653071,0.003988552962963668
north-rhine-westphalia,2020.7377049180327,0.008871956799435624,0.0018720336968105979,0.0024336569480174867,0.006703232032585742,0.006599218729286997,0.006255976304517954,0.008263456549009363,0.005340674248317607,0.008570306212628472,0.008112632801814583,0.0072493052883192835,0.007342918422238916,0.01162850011476689,0.009074791798612161,0.017709015130952372,0.016195321742485336,0.013261690937465749,0.018197983922985494,0.023285612873469672,0.01945163768302315,0.02170412888151626,0.02244804463657235,0.02432088666655326,0.025621511096406775,0.025980489167482013,0.020294359687120483,0.019820977127133783,0.011924967249750274,0.016039273383099933,0.01798991153460109,0.019155127633317535,0.018707764793239677,0.011222810984862875,0.010567473691689762,0.014390391002423017,0.015836411215991393,0.013027631779014988,0.011997783997604384,0.014972955460375015,0.012205832410470544,0.01254391285671498,0.014166729596180046,0.00792020313877916,0.01838524978438876,0.012315058160441395,0.017209647493235516,0.0119301684426469,0.0122994544678242,0.014218743790855273,0.006718834046028912,0.011342436937713953,0.010770315304649863,0.008533900225665754,0.010120184725916173,0.00786819524397923,0.009646894777153196,0.006822847588589405,0.008357071508682635,0.0079826126812,0.007004871788709344,0.0067916435039738305,0.00427977611520186,0.00411336268563894,0.0021164430699088742,0.005262666295407436,0.002272449653385527,0.004638606884943447,0.0024284567049030854,0.0034477142929898856,0.003073290816637081,0.003099292359832304,0.003140894855977498,0.0028756795132703814,0.004404586536875719,0.0020644409794233374,0.006536810847169685,0.002558462938702915,0.0032293002708088333,0.003369709179755342,0.003988552962963668,0.004518996353235525
north-rhine-westphalia,2020.7568306010928,0.01014098877854045,0.003738934416303768,0.006089556550493997,0.0030472892864491677,0.0035985245103836694,0.005631904973156666,0.005720314623075404,0.005340674248317607,0.010546669468431843,0.012845586495248118,0.013833839982296826,0.009350440629802517,0.01356857009694599,0.011670109435255878,0.017053596089904432,0.020081076901403663,0.017053596089904432,0.017568567498142243,0.021444020988765872,0.028295697127617623,0.0211474995780736,0.022994283260921688,0.0211474995780736,0.019592090401952436,0.017984709735555854,0.025876437297627643,0.02676088482809592,0.026235417128571262,0.02358734883569222,0.017526953457563752,0.014255153758087736,0.016424193516674894,0.016164112033149637,0.017922288187641487,0.014390391002423017,0.02111628689636012,0.015441092343604745,0.011997783997604384,0.009823727880315363,0.016429395159616854,0.017656997444943402,0.016611452990283528,0.01088994021653837,0.018879426823316448,0.01576358909262821,0.018728572281855427,0.023863074608003174,0.022146315285201446,0.014218743790855273,0.016803914818648753,0.0170171841631739,0.013745416536820583,0.015285046247583377,0.009074791798612161,0.013339710891068253,0.00792540393112291,0.012627132995985318,0.008705528673083116,0.01088994021653837,0.00958968419605746,0.009059189078280308,0.007779781942198301,0.007816187401200813,0.0046542082789255606,0.0061415626664147295,0.007722573415268598,0.004170567241980617,0.003400911211008475,0.0054238828604055945,0.0071712944721202465,0.004134164335210349,0.0026208660463794796,0.0063339857475604045,0.0050338436419635705,0.004820623439345829,0.007353319891966888,0.005117051763078601,0.0019344359807302181,0.006063553512041092,0.005694311769258563,0.005585099925233785
north-rhine-westphalia,2020.775956284153,0.012039393613587837,0.010593478982469807,0.007915002346961344,0.006089556550493997,0.008403879051716657,0.00875753740534499,0.0038117397019696124,0.008008616679312571,0.011867754162257745,0.016897545154874634,0.011857351789476216,0.013355314895833638,0.020029056842473216,0.023342838524866676,0.021646905033478825,0.03175049123604822,0.030949208302808583,0.04016470758144566,0.05393636274679701,0.03950380149259468,0.04063307131271867,0.04490578412595868,0.03542926680690537,0.03265585174475918,0.03947257779068166,0.0324737377322849,0.0406382753778772,0.03721411307599008,0.03302528498643982,0.028602665023709443,0.031636021489628394,0.02692216805830875,0.025595498289003194,0.024820322600089137,0.025996096965921842,0.02303590167707203,0.023644574819148775,0.026396698728998875,0.026204201392723697,0.025819208857950006,0.02555387782421946,0.02149604246322626,0.027234330570110758,0.028821185647094384,0.025127269980875076,0.026323861815248883,0.033316670803178516,0.03642315323459947,0.025683941887274634,0.026048122994539687,0.02957560914273836,0.01894705141499828,0.023108733985480374,0.02094461748183015,0.024627831099257123,0.018608929336019413,0.017063999502223974,0.017407313276408307,0.018874224935293928,0.020283955628496917,0.015477503166720077,0.014005485923335151,0.015628348276951847,0.011852150603862919,0.01140485058758098,0.008632716535297642,0.008809546189630155,0.006318383849591955,0.011831345866629425,0.006656426020355008,0.010848331520319662,0.007857793671261137,0.009210015570955302,0.008180243393012761,0.004820623439345829,0.004087360635379416,0.007675766485504184,0.006458801099852386,0.0074105280126641575,0.010822326102092914,0.010104581691902875
north-rhine-westphalia,2020.795081967213,0.016476209969480418,0.007478137690988677,0.010962755515028915,0.015233030986309992,0.014405995322476585,0.018140763933183292,0.013984680324547919,0.018692159182244678,0.01845807557928742,0.025012814813486828,0.02240122445005047,0.028717128092863885,0.02196944027250908,0.027234330570110758,0.027551697711517227,0.03369131210964485,0.025897247654943074,0.05020943246068248,0.05945437573072054,0.057788498787024106,0.06346831720107006,0.06189081686516758,0.0645304235919694,0.07036198246468409,0.059969767219761765,0.06547280085679431,0.0609693289103892,0.05392074655984085,0.05709613438209294,0.050761167864722255,0.04589985169846541,0.05020943246068248,0.04671177439087063,0.04137205377871471,0.03714126100861542,0.03791662039165875,0.03040288610928866,0.03264024194727222,0.03603288142979663,0.031922196328152054,0.03392026090346713,0.03762520879769701,0.03615256447187598,0.04572289587116441,0.04484333025325206,0.04506712364430905,0.039285235972925804,0.045774941640215214,0.04174675312602411,0.03991491531633732,0.04254820246029053,0.04161144471692278,0.033066911431721704,0.03211471483291475,0.03318138432805966,0.02929465014804028,0.029695277323685064,0.02368099138687019,0.025408206459819525,0.025080447381949242,0.02680250625897188,0.026068933420563725,0.019331993073529896,0.01565955766473659,0.017110814883415926,0.01908750277103785,0.012054997228162716,0.015550324889442071,0.015279844719116973,0.017412515017688462,0.017563365741245812,0.015191418814748612,0.01266354184879604,0.012585522909699205,0.01170651761799311,0.016346168935031078,0.017272068185691096,0.012913203240534153,0.019540070832188793,0.017656997444943402,0.01641899187425904
north-rhine-westphalia,2020.8142076502731,0.020278753599968627,0.02368619375576613,0.0267973035782934,0.020715725810714698,0.03241650203151779,0.030657835751980618,0.028607867885026058,0.034050345894491164,0.03560618760842813,0.03312935116212396,0.036901890648728765,0.04274596458568107,0.043302825137201316,0.04605078508584807,0.053801022615627,0.062218808043848675,0.06950803475894698,0.07973029299902457,0.08828770682357254,0.11151388521315193,0.1208791890648729,0.10575586851433048,0.1254295531816067,0.12218744311861751,0.1250229752396808,0.09595046954428976,0.1026504517796515,0.08926176832901009,0.11000266980001408,0.0904754640782031,0.08916279868018656,0.08127187767647293,0.08177186090019954,0.07863142101030951,0.05433197438070381,0.06817507124815143,0.06517602827365415,0.06241664499316302,0.06787828324235139,0.0751422657821507,0.08228747363477122,0.06745132802978986,0.07331966584315103,0.08203227073319118,0.07886577564746265,0.06989335088990568,0.07860017380515578,0.09208508711569283,0.08490207346703176,0.06935182633004146,0.07174186662759152,0.06317676237885383,0.06295809733495329,0.06460331404172481,0.06706602999354694,0.059298197500119186,0.05735642067097857,0.04667013702133027,0.0486531537623598,0.044635151219282354,0.054753616409124295,0.041247154596270284,0.041143072173402365,0.044031436733791014,0.032905609141872724,0.033176181009125415,0.024112789776640834,0.034024328870253494,0.0359912526101636,0.029200997487152117,0.030486134834770095,0.022005855667115312,0.021303563267664152,0.02517409262196741,0.03237487610689073,0.0400502193109858,0.030715069517044852,0.022604112229445653,0.03369131210964485,0.02962763875278517,0.039763999737639825
north-rhine-westphalia,2020.8333333333333,0.049449504601761174,0.031167738787361735,0.032281217898311385,0.040825622070337214,0.04142409519326814,0.04192369542301884,0.04451024419894368,0.0447392406320852,0.06925810149793486,0.06018841969777895,0.06525933268740297,0.0768399449031242,0.07499124793134847,0.08824082731827128,0.09649227117296381,0.10373941069518869,0.1289794264107499,0.12058731217317578,0.15767922332828938,0.16351602197855944,0.15714721528076236,0.1683205274548332,0.1673084665947099,0.15290177745910322,0.15206211889683366,0.1630674154625457,0.13492770142800986,0.13849386474781475,0.11993059515685785,0.1311532569658687,0.11816896666465519,0.10915328179577273,0.09840946072718602,0.1048700763796657,0.09290814986282472,0.09748732540680877,0.10528691785755975,0.10326526788591715,0.10864782435352666,0.10146773276328708,0.11254049452776418,0.1139371326347217,0.10753791958072856,0.10840812460352212,0.11933642976478068,0.09524196823993587,0.12591432334406633,0.11920091931032555,0.114301932348655,0.1063759319866756,0.1082622209488317,0.0996285799797081,0.09214759775327208,0.0831260062727882,0.08453227148487737,0.07862100527317196,0.07478294816715733,0.06165653871843941,0.07699617582805317,0.06789390362147658,0.06457728172651246,0.05409773028664713,0.05472758902441361,0.05165644909005129,0.0443176797970885,0.0468158679605777,0.04406266317321818,0.043261190497185395,0.04043011317789049,0.046623295020451726,0.049610858218473844,0.04768505740191277,0.04837209167195751,0.039654716316139725,0.03788539764276301,0.04168950721766337,0.039035447932492855,0.04650879252926853,0.04852303223535873,0.035325196028371635,0.05280159870580081
north-rhine-westphalia,2020.8524590163934,0.04754452878309316,0.0317921166608589,0.042027779408383883,0.0420485962304584,0.042626266367307375,0.060079093343845105,0.04578535080027637,0.06010512340727049,0.07586090846082215,0.06424927567141471,0.08306871479261847,0.0701537012433786,0.08987642615513632,0.08434476725927151,0.0945178482053065,0.11672009801689118,0.13847822314663258,0.1432282722703092,0.1779569594641419,0.18480319807684614,0.1688683005690215,0.1831541740536623,0.1609444115401001,0.16096527602178134,0.17711689623461727,0.14882356286935092,0.13790470101890068,0.15236460302769775,0.14073587625361242,0.11681912012843845,0.13022532777076798,0.12104076447726671,0.1191071045871903,0.10763171343386695,0.11104488262631698,0.11287401663648093,0.09658604510485541,0.10807463113720332,0.10161882752650747,0.10805378786657287,0.11719436352549853,0.1158966582878308,0.12043616228385291,0.12733217169312397,0.12427237816014154,0.12211968413232095,0.12093131011079145,0.12314650285519461,0.12855196922363157,0.11100319371220553,0.11962829963531814,0.09739875959833075,0.09998285931032455,0.09361140999951133,0.09343950108779599,0.07586090846082215,0.07990736459143248,0.08501666053041607,0.09044420975506315,0.06641519520028662,0.06344228545405513,0.07240318258326939,0.05596130138599396,0.05547197736890371,0.05309830067422984,0.05500347996520514,0.04266790049896971,0.03937370285831418,0.04437492859882831,0.04559798623797571,0.040825622070337214,0.040872458848916056,0.05010012708483459,0.04028440013370653,0.03995654727719487,0.06458769465103469,0.06080273396098024,0.03293682890085908,0.03841098308084917,0.046154877332394206,0.06118798559146794
north-rhine-westphalia,2020.8715846994535,0.0418404283847239,0.031167738787361735,0.035325196028371635,0.044484221940807325,0.04923089727457124,0.055071151551591854,0.055326222168768105,0.062109477421086835,0.06991938586659296,0.0777825452773913,0.08966806675600827,0.0768399449031242,0.09375727255210449,0.08824082731827128,0.11489082871567552,0.11477617580281747,0.13847822314663258,0.16147645843807065,0.1884093157326492,0.1717898546358999,0.15882149428999395,0.18644705571710302,0.1535224033715739,0.1554208344981944,0.14805697767992937,0.13712784931469077,0.13641357308960506,0.1303660800102862,0.12324032486622204,0.11820544948978712,0.09763840860471062,0.11235288928166651,0.11685560200653973,0.10855402866759013,0.09570040915811089,0.10325484721338668,0.10190017756583156,0.10759523802643521,0.1030255929460548,0.11087291607100959,0.10229615427414662,0.10903864153271187,0.13781085254568023,0.11637612793667022,0.10946072738539517,0.13074663426912192,0.11246232559296561,0.11772075118766645,0.11982114312714133,0.09963899992556878,0.09933161240042153,0.10967958806524102,0.10817363678678833,0.08242288792789405,0.09721120897243582,0.08414163844449939,0.08776682580541066,0.08815227725691012,0.07699617582805317,0.07269478914112995,0.06344228545405513,0.06344228545405513,0.06501983285756448,0.05631528333252002,0.04519723652373852,0.04909036447810976,0.04127837936375675,0.04131480828285234,0.035496912924645206,0.03944655805341209,0.04599353443906463,0.04296974895042808,0.05125565268236521,0.039654716316139725,0.03857750630803644,0.037599189984796486,0.04159583223083947,0.048444959475450765,0.04716978765624455,0.05071432217846827,0.08135520787991822
north-rhine-westphalia,2020.8907103825136,0.03486208358955708,0.027426831719842754,0.027406020750380154,0.03655844814397659,0.0486323342961583,0.05569581650744549,0.062328138896479944,0.06010512340727049,0.06860203240320062,0.07237193912048741,0.07317386060770309,0.07884494408138998,0.06852392949089309,0.09018896681923529,0.10568813093592277,0.11347331955098582,0.11885172092059029,0.15140500426191164,0.16136170276433792,0.16765277374879994,0.15156667455270592,0.13483385832745515,0.1535224033715739,0.13578272414508583,0.13303001830959701,0.13407790619445553,0.1205247673380994,0.11936770145826607,0.11662107609390848,0.11219655209362052,0.10433339789741597,0.10915328179577273,0.10830911850748232,0.10579234263156434,0.09988386925436664,0.09796662534036382,0.10045176213582986,0.09605466172677338,0.09974319949900903,0.1071106386128316,0.09950354079224276,0.1095284698783468,0.11746016257009484,0.12035798147901525,0.12180173929885539,0.12668579485682227,0.1194354568586637,0.1261071901492411,0.10832996188045194,0.09963899992556878,0.09851886769782302,0.10372377954464701,0.09677880316258262,0.08696988794596665,0.07905326011764907,0.0865584019370616,0.08093335009816625,0.08501666053041607,0.08171977909009073,0.07675662193508555,0.07175748816735496,0.06383276302765013,0.06707644341644935,0.06182313640325136,0.047830791185524635,0.041814407462603606,0.0459154654768417,0.03548130227428143,0.04092449976348459,0.038936573831297734,0.04599353443906463,0.04821074189902891,0.03569985180587178,0.04406266317321818,0.04340170754085238,0.055591705160362534,0.05247887217108845,0.04521805461466013,0.04582178287689639,0.04843454978298581,0.0894128276298545
north-rhine-westphalia,2020.9098360655737,0.023452087670595173,0.0317921166608589,0.0334987877677958,0.030465322640905113,0.0378177484178054,0.04630581146000827,0.052145737203879765,0.05676296983343887,0.06530098494432571,0.0710180737647254,0.08108959332199162,0.06613924370707222,0.07175748816735496,0.08889193534136233,0.09189234645621715,0.10244204118994824,0.11062799498916308,0.12310480423796945,0.13678895791168663,0.14814562981102247,0.11697547121480172,0.13263902077714373,0.10900737605028457,0.11312415962186119,0.11000266980001408,0.11577157997607565,0.09868037364661322,0.10694389577287343,0.10858529387743922,0.1066520970895172,0.08558959963490716,0.10457828933330376,0.1024576719551995,0.09060048155860989,0.10220758027495425,0.10037361137128308,0.08981912723715049,0.09605466172677338,0.10068100505607726,0.0967683837898426,0.0990398564302414,0.10316627158119474,0.09960253012418849,0.0984563494006994,0.11587581188164538,0.1119776808199933,0.11345768547417273,0.10391656406301099,0.10097798034175257,0.10427087260924171,0.0891888433063549,0.0847458187875308,0.08217810080930654,0.08242288792789405,0.0869334270288855,0.07931365633653799,0.08503228605862033,0.0780429351330855,0.07409035745075715,0.06567585675799123,0.07931365633653799,0.06811779623792977,0.05596130138599396,0.05759067944493746,0.049584833407722656,0.04817951296855259,0.043131082461977444,0.03985767142458456,0.034019125466970314,0.03022598301016301,0.03720370563154478,0.0403468485312164,0.03742746614614804,0.05099019182725639,0.035132665637161324,0.045774941640215214,0.05503991850077658,0.03810916109077172,0.050542555023258974,0.05185424585827647,0.10492739188473604
north-rhine-westphalia,2020.9289617486338,0.029159374136451175,0.028675505129473783,0.029846163683488882,0.038999020610175815,0.043823260950158836,0.04505671462801884,0.0400554233178139,0.04607680812794856,0.05408211405122464,0.05815811062701455,0.07251253485083464,0.06213030228389114,0.07628793272760086,0.06746694828066166,0.07941260724161575,0.0914078933585318,0.08531875490786273,0.114301932348655,0.13678895791168663,0.14341598894167526,0.12813494120786728,0.10904385244827451,0.11536507754067267,0.12520541366658897,0.1135045877187192,0.11069052792166702,0.10811110688091286,0.11698068292577411,0.10244204118994824,0.09509610152263902,0.09674754505063159,0.09955043045231049,0.08087085294008828,0.07771484412849072,0.07942823108594334,0.08595420053364879,0.09030356553340321,0.09894086816941755,0.0828707992558781,0.08642297687415137,0.10136873988060482,0.08848564297854468,0.08472498486573875,0.09994638926778619,0.10551097153264187,0.09422611924234749,0.1029995413887166,0.09701323960118279,0.10143647183260618,0.0874386734429447,0.08959514116355663,0.07916783429330847,0.08182394276246638,0.07228862331151054,0.08350621496789681,0.08034483816950423,0.08058961665824127,0.07455381939027421,0.07736071647829194,0.059771939579495954,0.06911230765043672,0.0685083089225121,0.059256550051185186,0.06097974111244908,0.04739359105996614,0.03727135405766968,0.030605805111140496,0.03791141659887134,0.03648559699518292,0.03381098976249051,0.033587244809318705,0.041398074479481066,0.03454987528417737,0.03776571061233823,0.040643479443550776,0.0400502193109858,0.05247887217108845,0.057496975808713074,0.06133375722299118,0.049001881060368006,0.11318669555621773
north-rhine-westphalia,2020.948087431694,0.02788987794467474,0.029924208524151456,0.03471638614710906,0.045093146194147476,0.04923089727457124,0.05256736150549568,0.0565963883595821,0.05609664713984024,0.07652227680329424,0.06763356458194314,0.06987772991015126,0.07483502302998163,0.08469894247523975,0.0830478815427511,0.08663653194148184,0.08751680476998512,0.13151296430965534,0.13253475526501407,0.15214556261925474,0.1380976123013151,0.1404073894542226,0.15514441027025283,0.13867635044261828,0.14383835392990404,0.127024620422256,0.12339669526077442,0.14088708516029988,0.12558593015958636,0.12844249904575877,0.10388009126147732,0.11058109533912744,0.11372346541930155,0.0939135543124949,0.10303080325908516,0.10453660560319387,0.10229615427414662,0.11254049452776418,0.0946116185766912,0.10442718597063615,0.10334863334133317,0.10974733084330626,0.13058502869569266,0.12341754468224367,0.11488040571315093,0.11637091628628912,0.11248317063075486,0.11894032327507727,0.11821587315881267,0.11246753685163244,0.12152549372676577,0.11353585590525447,0.10521397035771297,0.10710542789098677,0.10969522100619587,0.09069945394376171,0.08931906663284382,0.09905027625813219,0.0836207989554089,0.089720156527522,0.08266246792573015,0.08347496483331078,0.07902201265900799,0.0798448686664354,0.06521247393824776,0.06012594746739015,0.04909036447810976,0.04406266317321818,0.048127464792759575,0.03648559699518292,0.03278593357273398,0.049095569389721865,0.04506712364430905,0.051828219924737136,0.04595189764462818,0.04822635637130588,0.058860900949882805,0.06593097939883816,0.05490978099098171,0.07010163106840228,0.07295515352108194,0.15270359595493352
north-rhine-westphalia,2020.967213114754,0.04500987408050042,0.02368619375576613,0.04020113572035973,0.05851210752834609,0.05343664709020431,0.05194273412975135,0.05914201973859219,0.05342623639842934,0.05012094713870531,0.06831044879580338,0.06393689087582514,0.06346831720107006,0.06140664319198794,0.08434476725927151,0.08991809813514859,0.0907619629156542,0.09923783351719907,0.10926792231157822,0.15030461660388375,0.1422323423766412,0.1370600708574026,0.15020553070638942,0.14451101636402697,0.13830095199536727,0.1415440668947682,0.14730083329223834,0.14932941098605104,0.13466702656685958,0.13411440018289622,0.12236465934637111,0.12620623013798982,0.12378241091115814,0.11460419690751207,0.11085728277599619,0.10360394087995374,0.12778047002403878,0.12511158810994807,0.1225001780457003,0.12505946287385436,0.1306319463910759,0.12371464984649645,0.12666494412490586,0.12043616228385291,0.12334457174367444,0.1380976123013151,0.12871878136639187,0.13886926458774926,0.13251911545622921,0.13314992480859505,0.12994903744557604,0.10582360618097635,0.12419419158743303,0.10781930164767521,0.1198367791172792,0.10406245552497219,0.10312979930590645,0.11101361593760148,0.10105613201461104,0.10135310944267396,0.10334863334133317,0.10616229583779228,0.09499712076893566,0.08478748665615642,0.07962613352044388,0.06451480422316777,0.05682543802371718,0.05380622799877124,0.04520764556815752,0.05720024874130235,0.04867397323689687,0.049095569389721865,0.04506712364430905,0.052405998714648024,0.06106824491413834,0.05097978162525814,0.06786266286791266,0.07745966366718275,0.07365814385873078,0.07414763903978726,0.08664174061262016,0.17357417017738827
north-rhine-westphalia,2020.9863387978141,0.025985691766443362,0.024934777343796385,0.02801474504825408,0.032905609141872724,0.0378177484178054,0.03253617675042337,0.03497135693929339,0.049418274927323626,0.04880409514160422,0.05071432217846827,0.033608058252722395,0.03807273441734194,0.044593515512499016,0.0512400373004299,0.04986590205313114,0.05897543064331097,0.057496975808713074,0.08727199367094825,0.09319987143182129,0.1091480708692442,0.11307204640067535,0.11507844311836798,0.11165458681406981,0.11916443578677274,0.1250229752396808,0.11780413982109075,0.11754355078563855,0.1117223321651068,0.10716795658755182,0.09232471163449187,0.1016552987420246,0.09086614470245125,0.09616406374306108,0.09060048155860989,0.08686571396499801,0.09604424249913039,0.08933469345394154,0.0970184493118202,0.0889648599476334,0.09018375779277073,0.09066299041152816,0.09876373175193398,0.09364787559930021,0.10890836881328644,0.10403119303437885,0.10690221014643272,0.1029995413887166,0.11525563512023898,0.09132975618481133,0.0861729622999826,0.08837625711555529,0.08772515554935775,0.08502707754869913,0.09326238340952298,0.0941271401446191,0.08172498726875134,0.08503228605862033,0.0811781313572151,0.08717302780911212,0.07749611794212817,0.08196456405115857,0.07084103243968999,0.06789911041556487,0.058860900949882805,0.06319758766908112,0.06182834258950522,0.05148467882277742,0.0563933679098293,0.045363781484471496,0.038936573831297734,0.04495782907718455,0.039821243526274704,0.05125565268236521,0.05854854852264078,0.05718463157413378,0.06786266286791266,0.05568019979209666,0.058788018549044085,0.06942472353846522,0.0632600635898218,0.14877141385877235
north-rhine-westphalia,2021.0054794520547,0.017745427542126654,0.01682992322846593,0.017662199211200397,0.021324371794999252,0.019207146817994344,0.019394416313704015,0.017797445316595918,0.020694917526936325,0.025054434845209295,0.031100098301149643,0.02240122445005047,0.032057479527317724,0.031667240486388824,0.02593886839455305,0.04723744904880816,0.04795570618226852,0.04422400007564283,0.06465537871125233,0.08521979276333705,0.10383319769708874,0.10582360618097635,0.09368955060180342,0.11589144668549807,0.10054554320832157,0.1024941437590615,0.09188713725911617,0.08329267275582708,0.0844853953650918,0.0882668714826667,0.08955346944235607,0.07577758706154676,0.0698464879647144,0.07187725346142616,0.07863142101030951,0.08221455839223406,0.06769604583256325,0.07338736127000856,0.05713257438410331,0.0711586658345771,0.07373104710430926,0.08368329941865532,0.08506353712912064,0.07827728711804777,0.07108576619535387,0.08478748665615642,0.07343943473525481,0.08506874564269955,0.08173540362764328,0.07250212033925392,0.07860538167137458,0.08878254862370434,0.07396017225580716,0.07541305750946604,0.07543388770074588,0.06604031805665736,0.07482460805324478,0.07341339799611621,0.06653494819072014,0.06355161887910069,0.07084623952888461,0.0702474276897243,0.061104687699789,0.05884528328396243,0.05335336161432378,0.041247154596270284,0.04317792131714821,0.04081521390304804,0.04083082615476014,0.039935731292599704,0.03637111682472198,0.03307211473972203,0.05135455021016223,0.0414605242144518,0.04532214519427977,0.04340170754085238,0.04495782907718455,0.04863753916192432,0.04521805461466013,0.05121921679848681,0.05812687572201309,0.13170585188121722
north-rhine-westphalia,2021.0246575342467,0.03137586391218727,0.024326089099468276,0.03215634054928352,0.022359606541863378,0.02302029476710931,0.024471757432487577,0.026786898218492262,0.03791662039165875,0.040466541502732635,0.03801549255350606,0.04700844161387242,0.04060705099475553,0.047763129020911836,0.04500987408050042,0.054795260251763026,0.056747352797597767,0.08955346944235607,0.08224059953854515,0.09357494442529432,0.1368984456619177,0.12753546929450119,0.14417207684061278,0.1403239645657541,0.14187256087471178,0.12943816486196885,0.11884650902208357,0.11675657982552108,0.1150002703683169,0.10839249204950667,0.11219655209362052,0.11069052792166702,0.09898254741416679,0.10143647183260618,0.09436156462875223,0.09582543920089025,0.1004465520812029,0.09433551741166159,0.08968369368198642,0.10252540532559153,0.082724967237132,0.0980499823015241,0.08908987379632662,0.10489091837420109,0.08414163844449939,0.094929397203906,0.10144689214074502,0.08657923659342961,0.09659125477269377,0.10745454740885979,0.11038307506088874,0.09173086158883496,0.10690742084790816,0.08162082379459776,0.07530890667822923,0.07363210701008287,0.08800122161790368,0.07866787610671763,0.07447050008536486,0.07320510455231208,0.07349150825264818,0.0668681753546265,0.07042967404123249,0.05965220216285492,0.056945168931505814,0.05736162641004863,0.052812009272526335,0.03452906146380004,0.04370876462439663,0.041398074479481066,0.04051858201106582,0.049470324395139334,0.041538586488630395,0.0389625933133828,0.04583739663183136,0.04569687300617045,0.041668690539345875,0.08404267854013794,0.06454604296545685,0.06599866520752118,0.10197833062469483,0.14143978352557185
north-rhine-westphalia,2021.0438356164384,0.021532457526321044,0.02245324688212468,0.026589196777882945,0.024170016338348213,0.019384012435137786,0.022083888741433234,0.021802970221906862,0.029065721719190515,0.0344926372981892,0.028181234986123443,0.032229185633108004,0.03864515652140638,0.03117294190532744,0.03536162077716536,0.045119168757014244,0.05413937360402129,0.052166558076805473,0.06653494819072014,0.09857096633617073,0.08800643042573453,0.11713703449792387,0.10426566217195701,0.10372898992764076,0.1148178677418827,0.09766966725218013,0.09465850382579384,0.09017854876683377,0.09581502001917641,0.07334049519587547,0.0849437414608653,0.08770952921194981,0.07499645543614704,0.0727624837545054,0.08317288116714913,0.07150754409434215,0.061078657135998894,0.055050329515630596,0.08533958906755156,0.08670424470693484,0.07898555731432831,0.0684770677998214,0.07144505826380353,0.06388482692567367,0.06581643438485289,0.07005997496596231,0.08025630155307859,0.07898034941002852,0.07167938051548439,0.07835019683989028,0.08552709688037691,0.07362169227427286,0.0837197580569043,0.06894047971208289,0.0699506278558274,0.07889702301221904,0.07045570928644355,0.06271340182842024,0.06725867865480353,0.05638295662607967,0.06105262658524514,0.06315073077778809,0.05595609578711482,0.05926175598047561,0.050287507869815756,0.0410858269296194,0.036829039018782296,0.036834242703248345,0.031016848592746348,0.037453484873130424,0.04001899528097141,0.036443967813130876,0.03785417491261456,0.03362366834074512,0.03408156634076233,0.044411359687295815,0.03460190987156911,0.06470223695839492,0.05268187733826386,0.04799213977951416,0.08519895865164538,0.12087397696315726
north-rhine-westphalia,2021.0630136986301,0.015992458966601907,0.01933719500735183,0.02597008397112666,0.013896256622574928,0.021204722876538334,0.022083888741433234,0.02429487450977393,0.02022153132046957,0.027858661215628747,0.020970627962757078,0.02685973578081949,0.022265966370232804,0.03249975398073074,0.0327911368526245,0.04060705099475553,0.03325943417459352,0.05152111489266297,0.0564870695573735,0.07547034055556089,0.09162667806956852,0.07382998738678877,0.09115264569240762,0.09781033139834826,0.09609633865821655,0.07980841274487638,0.07393934265486066,0.06561337793470598,0.07172103791521668,0.07476211823662955,0.07461110148984795,0.06289562177701172,0.055013890972763727,0.06593618599638126,0.06706602999354694,0.06004265127694701,0.06246870747334698,0.066066351104313345,0.06459810757764207,0.05650789216864769,0.06495214832296592,0.06331212691444503,0.06030815834915091,0.0619324664239788,0.06482719249054944,0.057632325559681515,0.0674461212805381,0.06884675562138987,0.06470744343290934,0.06454604296545685,0.07172103791521668,0.07067440586086896,0.0792459531941867,0.059246138194162114,0.06030815834915091,0.05609144152740616,0.05463909601383516,0.05751259306969411,0.05489937000426714,0.0430738350296186,0.05154193551549048,0.050516529746210785,0.056336105875005114,0.049839877114736066,0.03864515652140638,0.03680302060424577,0.03505461297893608,0.02716149248307872,0.028665099393831998,0.02956520322697495,0.02800954224628782,0.03384221006504838,0.03259861584354137,0.03629306230754509,0.030553774522355855,0.03346756767141887,0.032484144230102444,0.062177158255690715,0.04016470758144566,0.043323642469712965,0.05654953741621036,0.10791309600835212
north-rhine-westphalia,2021.0821917808219,0.015992458966601907,0.019961430843658905,0.01978456326255091,0.024170016338348213,0.021204722876538334,0.021490840313440597,0.016195321742485336,0.017693409819687124,0.015253837084577991,0.0157271780691927,0.021485638164175366,0.017683006281443467,0.027853458429279256,0.02507524487356256,0.027067843663946586,0.027390412528751847,0.03992532330342692,0.040789193493936525,0.06798241919183069,0.07292911702442488,0.06343707910621249,0.07367376597417606,0.07522037863569524,0.06750860230593364,0.0708774820749848,0.06308825498840619,0.058595401267116334,0.060417485184679445,0.05913681382128902,0.059589730576662496,0.05738244937152886,0.05723668881627874,0.05638295662607967,0.04648797392160217,0.0499543869411081,0.038395371555637346,0.05265585099048706,0.05446731589378809,0.049798237240391195,0.052796393423216736,0.05158357678615503,0.051953144524530835,0.05022504753312871,0.052942141532443844,0.057137780100764105,0.05168247493762544,0.05669009037296679,0.060224861866838814,0.054685945235968855,0.06574354223459442,0.055102384621166824,0.054035265373107176,0.05663803367801882,0.05138578104749191,0.050480094380218846,0.04294893175959129,0.04988672201322749,0.05318158574159428,0.034315720285277386,0.04715417350122899,0.04419797796075064,0.04148654495948864,0.04002419928467469,0.03199504108396636,0.028243668850247376,0.03239048582471813,0.018874224935293928,0.02161569205199893,0.023649777184407177,0.02550705484115976,0.024986802310579447,0.026287443396635506,0.027749402811548553,0.01880139855757781,0.02509605491024385,0.026833722353991372,0.047044874547420866,0.03226040498597997,0.04465596908517546,0.05166165425852637,0.08552709688037691
north-rhine-westphalia,2021.1013698630136,0.025834816607981623,0.01621612822578613,0.018551708894017745,0.025382193759120552,0.016356572205819715,0.020892596559013498,0.016195321742485336,0.02274977573873999,0.01989900692281063,0.021626096377077162,0.022827809929420007,0.015061380993247308,0.027192708793601864,0.030215576964250035,0.026422711937203202,0.028691113736837876,0.03541365617684927,0.04016470758144566,0.04364631218933612,0.05121921679848681,0.058246609626425694,0.05456101407074061,0.06231772642442061,0.057116957237259375,0.05500868546872677,0.048788480495843896,0.05759588520745353,0.0520624537955439,0.04967331781742496,0.044567493212691336,0.0463630624506018,0.04036766468038552,0.052739135349216426,0.04246493442197401,0.04628499293360102,0.04349018142982043,0.04690955235147974,0.04482251231234999,0.04261585783960033,0.037838563554573455,0.04360467727429517,0.04081521390304804,0.049735777491393504,0.05046968428033964,0.0397379798545483,0.04823676602209342,0.05466512335425276,0.047279086872608504,0.04137725791782401,0.0468835288926349,0.04542103143791714,0.03696433498420876,0.041725936424784116,0.03817681069484297,0.044515448652137087,0.030917989737126672,0.04607680812794856,0.03773969172913588,0.033264637501864175,0.03837976003511822,0.0367665948457725,0.04224635645579311,0.02982014876263316,0.027426831719842754,0.019685725758660073,0.02440412565569241,0.023935908074983355,0.026313456550184463,0.0221723263672208,0.016002862166626535,0.02082496943715721,0.027338385157150143,0.023478099405787368,0.022328393132581854,0.03217715341996335,0.021891407369930563,0.0462069235338087,0.03357683809074089,0.022656134864495664,0.03629826593837576,0.0603393945644198
north-rhine-westphalia,2021.1205479452055,0.01107197865395119,0.02183418331580065,0.021022648963630854,0.012086204471364761,0.016959965472689884,0.024471757432487577,0.018062736775831804,0.017693409819687124,0.014588046069124746,0.017037990975324793,0.012086204471364761,0.014405995322476585,0.023212780317314965,0.019930218873867592,0.017396909795403263,0.02999705048112077,0.028977272368875834,0.03325943417459352,0.0317973198413002,0.03614736085562561,0.05362924526409821,0.0447392406320852,0.046196514289358406,0.0462069235338087,0.041621853043584414,0.03744828112669014,0.046571248402294346,0.04960565325528393,0.04777874335877514,0.03658967009613205,0.03625663690628759,0.036376320463363566,0.03454987528417737,0.031287410632354476,0.027031424724278854,0.03701116828502577,0.044994260574033315,0.03373293908809078,0.02728635783760315,0.030366464833802426,0.03704239050900569,0.02782744450532282,0.03119895750298265,0.035621798296288906,0.03526795718895261,0.043313233802415405,0.034414585600647966,0.0378177484178054,0.043349664147074925,0.03906667137192396,0.031120910749075352,0.03615256447187598,0.029429926511545666,0.02961202986430606,0.027338385157150143,0.028514216461026424,0.02874834533726482,0.028472593660054855,0.03256219303011402,0.024487364778082346,0.02971088623715266,0.023592551195225426,0.020008248833469952,0.024097182543471058,0.017116016595036396,0.01819278210312578,0.015191418814748612,0.017386506316479613,0.0162577412173633,0.010999163202516062,0.02134518033066118,0.02102785106658401,0.012803976234156533,0.019977036835577063,0.024450947645644226,0.019768957328396883,0.03528356777527506,0.021724937569143943,0.02599089436591945,0.029315461873366925,0.042485751419052725
north-rhine-westphalia,2021.1397260273973,0.00737932357539228,0.017464532459138083,0.02164170286860065,0.018130360305438,0.017568567498142243,0.017308480290899406,0.026786898218492262,0.015794798561581988,0.017906682812366636,0.020315167810612492,0.020143501040820178,0.02029956171720999,0.022546887391005764,0.02507524487356256,0.021267148364867018,0.01825520397575175,0.023176364077494654,0.039535025213256164,0.04239727923902497,0.046394290290221726,0.04209022989960784,0.0491059792145148,0.055331427704592435,0.048288814307289096,0.04707610279649588,0.050761167864722255,0.05408731946251298,0.04911118412768986,0.037838563554573455,0.051609602597251045,0.04039368487856222,0.04036766468038552,0.03727655778639877,0.033519601175793834,0.0306994603021415,0.03701116828502577,0.03781254463491239,0.0332542308478493,0.033035691594636325,0.03270268116534689,0.039852467437546855,0.02829049429754094,0.041928899617336514,0.02770257785150514,0.039243604549532005,0.0447912854166238,0.038967797211359845,0.04030521625787691,0.043349664147074925,0.04274596458568107,0.039951343280261994,0.03818721833405045,0.029429926511545666,0.03389424394430867,0.031896180368658066,0.034013922064202035,0.03117294190532744,0.030189561858581068,0.030111516619658954,0.024487364778082346,0.031193754382408043,0.02854023072854931,0.02236480877856809,0.025761980481260664,0.01668947796998015,0.019966632840442634,0.019331993073529896,0.016913150227306765,0.0182291948530541,0.021506446764364646,0.016658267964057123,0.015768790669483494,0.020278753599968627,0.01762578685831152,0.023811050765474642,0.017651795679200985,0.026880546531653973,0.02831130562098262,0.022656134864495664,0.0348985080139588,0.035158683215936286
north-rhine-westphalia,2021.158904109589,0.011685712939020211,0.020585674173711304,0.02164170286860065,0.021152701693511106,0.030293622359353466,0.02685973578081949,0.021178712278522308,0.018957455206140072,0.029846163683488882,0.020315167810612492,0.02685973578081949,0.01571677492432171,0.025866032122093034,0.02893044630314788,0.03093359901762195,0.03130302002374237,0.04057062257147433,0.040789193493936525,0.044895375141964296,0.053025426349704155,0.055362660930499054,0.05237997250494991,0.05425389289877397,0.052962962724253465,0.057986318881661544,0.04927774162446374,0.04757575733223368,0.04862192456618339,0.04257422374960624,0.040341644495229034,0.04176756983559749,0.03948298568923617,0.04455187983905281,0.03709963130165534,0.03436775463835302,0.03793223177313398,0.03733379883682261,0.04096613253263839,0.030642226554263303,0.04344854663979446,0.0403260323903802,0.04081521390304804,0.04388050920757619,0.04502548759164985,0.051172370699578945,0.03543447035130267,0.04251177267711736,0.04329241647407069,0.0561643201488651,0.038145587789724655,0.041215929847533535,0.0422515606824088,0.02905531590546209,0.03032484055019417,0.031193754382408043,0.030917989737126672,0.029096939172869766,0.030532962301419123,0.03361326161487789,0.033993108458347285,0.03045491654709628,0.03044451045536988,0.02236480877856809,0.02035678408257603,0.023108733985480374,0.024846335019722523,0.022557291902402205,0.020674109251490356,0.019706533638604806,0.017506146449762925,0.024466554984993116,0.015243434034403385,0.01227344832387483,0.019389214374157818,0.01866094797429901,0.024008741643971633,0.027718186166832692,0.02699500581011762,0.013995083122900976,0.025127269980875076,0.02803555626133629
north-rhine-westphalia,2021.1780821917807,0.021532457526321044,0.025574688052447232,0.025350978535455072,0.02840495667953669,0.036959131286718475,0.03999817927137783,0.03239568906503907,0.02843617373653753,0.029185388726731997,0.02949236187493729,0.034919321982213494,0.03143830161206648,0.029846163683488882,0.02636028025937385,0.02191221613250108,0.02999705048112077,0.0386347487905436,0.045186827481403145,0.05300460513288362,0.04277719025318065,0.059974973220461504,0.0638431758030846,0.06070381846229822,0.04880409514160422,0.04658165772175836,0.05569061093514335,0.044567493212691336,0.04223594800413007,0.05061542586829663,0.048793685377244954,0.047279086872608504,0.050578990433010104,0.04500987408050042,0.047830791185524635,0.03528356777527506,0.03978481565348968,0.04068511198771174,0.04241289196573671,0.045488690555075595,0.04859069538876203,0.039384110737078704,0.03571025894933535,0.041928899617336514,0.04848659826614938,0.041725936424784116,0.04134082895497894,0.05466512335425276,0.04876766097546099,0.04187165350845935,0.041366849640120454,0.04037286871897694,0.03696433498420876,0.03464353757897235,0.03424807570411133,0.03294723549135314,0.029544391401695232,0.025975286569046966,0.028815982764439984,0.02661000742044037,0.033993108458347285,0.025621511096406775,0.0201695111210304,0.026677642066292553,0.020772948634042315,0.02610535168614876,0.018634938648657437,0.018874224935293928,0.019264367981240333,0.024144004257039185,0.020003046832517246,0.016658267964057123,0.02102785106658401,0.018140763933183292,0.014099111220887492,0.019945824856418562,0.012002985197778588,0.022676943933088355,0.01645540338211426,0.013995083122900976,0.023727812725693825,0.02234920207002108
north-rhine-westphalia,2021.1972602739727,0.031989837883740796,0.02682331698690273,0.04700323691116025,0.044125116108322,0.056356928425822475,0.046571248402294346,0.05420704406589456,0.034758013946154465,0.05175014220226894,0.05047488933002163,0.03424807570411133,0.036678132395706206,0.047763129020911836,0.03665211405668208,0.037380632470395025,0.039129118307042195,0.056034179825060024,0.06088603136897156,0.05986564731528251,0.06086520700446448,0.06574874881337008,0.06657660146943015,0.06178148693200822,0.07270520369129829,0.07286142219411701,0.06062052134619392,0.06410870228116528,0.07762110422168288,0.05487854803709117,0.06381193748303651,0.04957442348706797,0.0452492817666697,0.05456101407074061,0.05454019223904948,0.050412428768259146,0.05043324894717715,0.04595189764462818,0.052057248586954666,0.05075596278638454,0.05232792012463811,0.0539259519549699,0.0565911826971255,0.04681066327714605,0.04700323691116025,0.050178202329851346,0.05759588520745353,0.05112031952807073,0.05374896881281492,0.05369691506211044,0.04918405296688435,0.046264174415528596,0.04306342641232404,0.0424701386704653,0.04138766619761088,0.033649685164522075,0.04707610279649588,0.04538459964206915,0.0401386874978405,0.036417949591265555,0.03728176151565438,0.02488275242906322,0.03501298494245231,0.02746325093644055,0.024929574849977938,0.025673536750258193,0.025288548144338875,0.022094293160190178,0.01973254350024748,0.01774022576753822,0.020003046832517246,0.024466554984993116,0.023654979550180276,0.01227344832387483,0.014099111220887492,0.014156326763488405,0.01624213634162231,0.03360285489109335,0.020408804469361337,0.016658267964057123,0.027218722400016566,0.023327231522781853
north-rhine-westphalia,2021.2164383561644,0.03445100971158637,0.04367233402816222,0.053811433382442334,0.07860017380515578,0.06727429884781139,0.06688379543032635,0.05919407894031788,0.05878281266717542,0.061708600437608986,0.06359326976815236,0.06381193748303651,0.04519723652373852,0.06169818808960519,0.06431695929114177,0.061245252969405986,0.06001141523993021,0.07278852016773475,0.07784503872384359,0.08420934796125634,0.09585148716430554,0.08075627501202044,0.09060569062681932,0.08651152399075794,0.08726157620293759,0.08476665271767003,0.07640250081043853,0.07563698250300353,0.07368938809432042,0.088970068851998,0.08212601859231732,0.06748777528912685,0.07943864698477161,0.06821151901477014,0.0701953574209008,0.06783662892094965,0.07265313096131482,0.07037760358991034,0.06893527281372634,0.0718408031253306,0.0738404021643111,0.07316865328542384,0.06819589854023558,0.06339542834226018,0.07918866598873366,0.07602755165991182,0.06252077000565605,0.05618514263089955,0.07217406429213817,0.06750339555094702,0.07217927151481365,0.06857079122420169,0.06745132802978986,0.04321955589049912,0.05031353303224191,0.05118278094013288,0.05154193551549048,0.046420313504227644,0.040825622070337214,0.03606410306639169,0.04642551814859507,0.04716978765624455,0.04224635645579311,0.033353094145075333,0.033660091897678726,0.03466435144516484,0.03417002437365448,0.024856739991218204,0.026313456550184463,0.03203146350014633,0.026006502167476627,0.026032515180490018,0.02523652287566438,0.02454459175201527,0.01880139855757781,0.022520876121625445,0.024008741643971633,0.03360285489109335,0.025018017315627496,0.031989837883740796,0.022333595366163878,0.026074136028373922
north-rhine-westphalia,2021.2356164383561,0.031989837883740796,0.054285125477477714,0.06619130991446304,0.0804177507903347,0.09639328776165185,0.11171712098112704,0.09349680399522103,0.07396537965735038,0.0876053537492207,0.0701537012433786,0.08263121829819577,0.08453227148487737,0.09822190645592321,0.08619900542870956,0.10254624638038597,0.09265810410625258,0.09858138607010514,0.11052377360208962,0.09607029057214941,0.10912722716834027,0.11944588077425355,0.09442928745425955,0.10426566217195701,0.09246015206834823,0.08774599067321015,0.09515340625563304,0.09218406232655986,0.09483041676751952,0.09086093560815671,0.08588648874487204,0.07851684801654289,0.08165728098681621,0.08504791159152571,0.09123078259998961,0.09215280697645946,0.08330829776599719,0.0876261888250657,0.09402816123529158,0.08334475614132877,0.08833979521235519,0.09147561233739078,0.07562656736564259,0.09073070842031525,0.08315204787554856,0.09194443845589349,0.07680349108817593,0.07441842558758685,0.08164165647273729,0.08969411163524556,0.07862100527317196,0.06983607398707332,0.0723302811993126,0.0693153777641459,0.05709613438209294,0.059246138194162114,0.061515972337040835,0.05959493653930908,0.05867869513931271,0.05989167727185589,0.05776246988322425,0.04308424364899083,0.04834086264457566,0.03727655778639877,0.03740144743219016,0.031667240486388824,0.036829039018782296,0.040976540730129254,0.0296068269025228,0.028581853583660253,0.030512150088812164,0.035923605849341116,0.034700775731061395,0.030954411398908175,0.028789968358959313,0.030891974280044986,0.024008741643971633,0.03360285489109335,0.02633426708239541,0.022656134864495664,0.03280674669540843,0.02966926247830991
north-rhine-westphalia,2021.2547945205479,0.04737797683775428,0.05553444400831644,0.06309346130132396,0.062265664095404585,0.07515788834347019,0.07524641627961678,0.06543114846224601,0.06447835904755217,0.055732255528174776,0.06490528985062274,0.07053381510029423,0.058959812942986974,0.06966424365710532,0.08426664069814944,0.07092434592932799,0.07045570928644355,0.07858975807427714,0.08601149519301902,0.10668857183538832,0.10731906791466507,0.10616229583779228,0.09716432142165239,0.09404378947160509,0.09453868605100244,0.10114470405250853,0.08725636746971777,0.08766785900181157,0.08598024355281363,0.09086093560815671,0.09246015206834823,0.08587086295998554,0.0723302811993126,0.07913137884639833,0.09301754525941262,0.08205831178822012,0.07867829185324353,0.09385625094581238,0.0834124646204677,0.08334475614132877,0.08319371446709636,0.10086856819707435,0.07237714636297789,0.07608483538293598,0.08067294576836112,0.07652748446141315,0.0841989311067855,0.08202185431483226,0.08263642656814447,0.0852562524788861,0.07310095814328725,0.06983607398707332,0.06948720694131315,0.06185437352857571,0.06209385877945956,0.06275505204608889,0.058074817588694115,0.05266105625900262,0.04769026217286333,0.051828219924737136,0.04861671970197451,0.054602657759135295,0.04986069706441244,0.044343701971882615,0.04280321165708429,0.03980042759584255,0.04349018142982043,0.033608058252722395,0.034773624379385075,0.0340035152602333,0.026505954290915183,0.029154171219953295,0.03312414784839057,0.027213519677689067,0.021740544090332155,0.027026222020690896,0.021891407369930563,0.0403260323903802,0.02962763875278517,0.03465394451102432,0.03280674669540843,0.027447642697634136
north-rhine-westphalia,2021.2739726027398,0.04922569234941354,0.053035836961240784,0.05876198914492409,0.05863704818653696,0.06545197465534969,0.07285621490313127,0.06667552814008557,0.055622938542602376,0.06900816943820419,0.059657408131755824,0.07927199285388828,0.0628904154839019,0.07431427674848363,0.07332487318055282,0.07479336313555021,0.0861260847011509,0.09664335147981269,0.10423439955919526,0.1304234236244996,0.11637091628628912,0.11598004399613841,0.11847646556352856,0.11825235601685387,0.1137807906836016,0.10809026359566176,0.08873566867228695,0.1072304853593004,0.08794392476616579,0.10223363143552958,0.11219655209362052,0.1051722861180318,0.08920967901667944,0.09961816003593542,0.09078279925631656,0.08618858817565475,0.08793871596459608,0.08954305151727388,0.09402816123529158,0.09773218460350211,0.0906786176364957,0.08208435285628438,0.08119896385800017,0.10000890935636837,0.09256433725752503,0.09144435741311144,0.0841989311067855,0.09063694504701088,0.09559100811728792,0.07687119105055445,0.08322496443266722,0.0786730839797169,0.08005839672026445,0.07378832829753537,0.07245004781263735,0.05960014250248263,0.06392127168530337,0.06063613954529799,0.058335108776448104,0.05287967800704248,0.06105262658524514,0.050886089901057426,0.051765757737381596,0.049444299654721996,0.04779435770133283,0.041944512203426126,0.03816119923994037,0.029461144183870868,0.03665731772344312,0.028087584330481093,0.027510075680981037,0.035923605849341116,0.041538586488630395,0.035757091120693925,0.041720732250773315,0.043766012755767615,0.026833722353991372,0.03948298568923617,0.04016470758144566,0.029986644481020817,0.03210951162071443,0.026989803110173446
north-rhine-westphalia,2021.2931506849316,0.06954448345987689,0.06427530782242645,0.0723823536059956,0.07799606486283436,0.0945699428351974,0.09198611209321184,0.10347889213298839,0.08725115873701392,0.10022773025837421,0.1016552987420246,0.11693377754580374,0.10486486588233421,0.10818926927501031,0.11131586138274757,0.09673712568415481,0.14885485230080478,0.17667339006548483,0.17216549492500732,0.17543159291524274,0.15743408168903225,0.14891743122019502,0.13815496444220562,0.13817060594615763,0.1475980749468461,0.12198937863760294,0.13267030047155004,0.11424981794711925,0.1322219599830112,0.12829653916708342,0.12065506916273179,0.11712661104515484,0.12297970858690406,0.12101991600874651,0.1060007666493867,0.1316328673105343,0.10878851819966022,0.10775677216787961,0.11092502708832236,0.10779845847938878,0.10986197266877626,0.11824714417842623,0.12579443352841987,0.1156360788111884,0.11337430381053978,0.11234246678784583,0.0960234040501075,0.1134472627589068,0.11602694851582909,0.10449492190650388,0.10255666691091551,0.10014957983052379,0.0991753143556754,0.08945449923834774,0.06352558709037825,0.0760900429972465,0.08043337493667499,0.07277289831823161,0.06760232398478624,0.07250732759478067,0.05922531448637019,0.06427010139117922,0.06509793050695976,0.05336897763088874,0.052369562024719166,0.048793685377244954,0.04438013303847859,0.0515731664653627,0.05170329562506108,0.04238166651699509,0.04601955745251443,0.03957145291105434,0.04258983652944474,0.041632261372329366,0.048189922609962764,0.034107583393643275,0.025418611543743832,0.050407223724835054,0.031604802511616535,0.0473259294642334,0.04886655377151615,0.03535641724005798
north-rhine-westphalia,2021.3123287671233,0.06092247402692298,0.070518193928141,0.10334342299645664,0.09070466302188564,0.11156078570448816,0.10753270881607313,0.11471363795689568,0.1385355757073104,0.12681089942389448,0.13908824907925638,0.15664129110830013,0.12520541366658897,0.1294538037441372,0.14675328732356677,0.16261881281664867,0.15735584523892152,0.16569651342208416,0.16209718669938872,0.17730995304283442,0.15562424194402347,0.15990119812979645,0.1463569719335313,0.1306319463910759,0.1330248049898284,0.12695685513255053,0.1173611392378224,0.1368306675036407,0.10958579051823031,0.12829653916708342,0.12582570910585364,0.11620935538346447,0.127420788498569,0.11327528825863406,0.11137318399294341,0.11418206930320801,0.11620414374979796,0.12406388089416169,0.1302409668896814,0.12027458875007699,0.12624271860244562,0.11918528351138453,0.1141768578727139,0.12638346006233978,0.12081143178328395,0.1217965271046692,0.11673052138817455,0.12003483539934195,0.12550252904614476,0.1227503673415639,0.11728817479786197,0.10014957983052379,0.10365083423759902,0.08535000615052624,0.0817406118078746,0.07398100186509736,0.07870953910533904,0.07762631198984751,0.07275206919286502,0.06655056816632929,0.07349150825264818,0.06203659046695423,0.06471264990793928,0.055336633240943664,0.052369562024719166,0.049652497942772024,0.056367339704360815,0.05295255212730653,0.048882168440720464,0.04189247026803308,0.03851506003534658,0.034362551200704666,0.04258983652944474,0.04056021445523075,0.04289688881895948,0.03925921632939806,0.033191790967495916,0.04956921852751923,0.040825622070337214,0.023987932042426656,0.04397939270974958,0.03542406326303455
north-rhine-westphalia,2021.331506849315,0.05968864395612369,0.06490008335629902,0.08104792841640628,0.06952365562764408,0.09153812224230162,0.1039426160797681,0.09911279526932369,0.11637091628628912,0.10554223491289355,0.10362478236701847,0.10347889213298839,0.12192161990939511,0.10818926927501031,0.12677441056073765,0.1290211297390877,0.13054853718410633,0.13406226592153142,0.1287552715939512,0.12542434062377575,0.1181793903263676,0.12579964612335542,0.13159637506360977,0.10749102271760413,0.1158601770824936,0.11305641244450089,0.09811250011008435,0.10471897216911223,0.10073310586070978,0.09560142725411684,0.1089031579113006,0.09460119963818639,0.10297870015225132,0.09734145239087363,0.10331737127988788,0.10913243809278009,0.10322879554119384,0.10296306923037678,0.10030588080367653,0.11211838367585665,0.10565165689179133,0.09570040915811089,0.10813716099922256,0.09951917067423598,0.1004882325328118,0.09691946489890974,0.1009519298102304,0.10685531385662145,0.09808645101404696,0.09265289483244564,0.09564831339568466,0.08793871596459608,0.07599109841447495,0.08311558963533457,0.0767357912139374,0.06696710257998466,0.06667552814008557,0.06583726073226559,0.06725867865480353,0.05848607826233721,0.05995935521993743,0.05497745245543081,0.05595609578711482,0.05101621734136701,0.04737797683775428,0.042798007375258386,0.03771887663194529,0.03499217093670725,0.03712564986460271,0.03942574227296834,0.03801549255350606,0.03332187413617073,0.037328595102359544,0.03308772466685853,0.03466955491301903,0.03217715341996335,0.03460190987156911,0.03612134278216725,0.03621500790753163,0.030657835751980618,0.04118470511754649,0.0290136926713774
north-rhine-westphalia,2021.3506849315067,0.05476402736665739,0.05865266578992195,0.06495214832296592,0.07376229138369714,0.061812724032313145,0.06150556002760832,0.07478294816715733,0.08851689612451452,0.0876053537492207,0.0950908920045918,0.09608070980501165,0.09043379165152433,0.11483350222764724,0.10100924099679667,0.09544514042089298,0.11552142425514551,0.11470842647313338,0.11617808558928296,0.10294222800852347,0.09042337355007275,0.10154067500796052,0.09169960651113615,0.08490207346703176,0.0836207989554089,0.07831894980372585,0.08281871634509093,0.09318424344913355,0.0781106367091442,0.09228303772581363,0.07649103086551562,0.0881679037273731,0.07899076521914389,0.08368329941865532,0.07959488571755413,0.07701179894636004,0.06895089351036592,0.08618858817565475,0.09837299178812313,0.07999069260826137,0.0906786176364957,0.08396455243288255,0.09280917327374333,0.08194373124365271,0.08067294576836112,0.08945970819175456,0.08074585884926039,0.08252705300871138,0.09011083147710303,0.08180311001129767,0.0781627149045561,0.07277810560087979,0.0633850156564848,0.06483760546511605,0.06959655307695642,0.05854854852264078,0.0597979694891673,0.05543553853056972,0.04769026217286333,0.05147947367201745,0.05117757581959828,0.050146972217776385,0.04872081708507943,0.03845261383765349,0.03407636293175165,0.03680302060424577,0.035944420227914435,0.03452906146380004,0.0328952025597092,0.038437002299943214,0.026505954290915183,0.027593319775374478,0.034700775731061395,0.02828529146797905,0.03114172320532524,0.028316508453141574,0.022593707708681084,0.029398708857967443,0.028966866572847146,0.026656831396661633,0.0348985080139588,0.022869428212332888
north-rhine-westphalia,2021.3698630136987,0.03137586391218727,0.041174296878384066,0.048861348882827185,0.047752719464939156,0.04665972768415453,0.0495588086099905,0.053582396993984635,0.0575177988243929,0.06569147647554502,0.06818548489315078,0.08397496924040178,0.06879468675510582,0.08294892371986728,0.061739837494130034,0.06640478190980367,0.08874087755369324,0.0811729232333258,0.07344464208464464,0.07235111015572843,0.07594422999361228,0.0778658698893509,0.06329650791158187,0.05801755370224043,0.06595180579212696,0.07831894980372585,0.05864745992160384,0.05709613438209294,0.0564870695573735,0.055825955984430874,0.060526812250061485,0.05279118814115951,0.05590403982695615,0.04273555603401472,0.06348393625553311,0.06508751748026885,0.05320761235250625,0.06798241919183069,0.06170339426334358,0.06800845321178411,0.06355161887910069,0.06331212691444503,0.058449637311820915,0.06095891671041996,0.052942141532443844,0.06160968321575524,0.05168247493762544,0.06023527391983167,0.06171901278769773,0.05419142779764377,0.05378020108824925,0.04416154702177755,0.0511931911827709,0.042100638322103624,0.044603924436069496,0.03399831185903285,0.03951420939739868,0.040185523657696176,0.03739624369095737,0.03606410306639169,0.0317973198413002,0.028966866572847146,0.030824334152540277,0.0251116624432172,0.027010613913061827,0.027385209789246325,0.026620412744845168,0.023478099405787368,0.01879619667735517,0.025132472494472556,0.016002862166626535,0.01925916605470958,0.018926243838959245,0.01974294744854616,0.01762578685831152,0.023811050765474642,0.017651795679200985,0.015956047782908676,0.018432066355112433,0.012658340582550512,0.02303069937322874,0.017906682812366636
north-rhine-westphalia,2021.3890410958904,0.026453927804229314,0.031188551262359844,0.030917989737126672,0.042912501695682885,0.0484761885653489,0.02865469366027251,0.05233833059653209,0.04929856134907142,0.0623697888055672,0.05309830067422984,0.0779283634359426,0.05699202023133503,0.06236458256510981,0.06882072118172773,0.058663077528110105,0.052832830412224294,0.06505627841269004,0.04957962844713192,0.044895375141964296,0.04880930002456243,0.055935273396797915,0.05510759013458939,0.041356441364500215,0.048288814307289096,0.04261585783960033,0.04237646227736401,0.04757575733223368,0.04714896878393621,0.03831211016701888,0.045035896601689246,0.04406266317321818,0.04569687300617045,0.04592067007067949,0.042912501695682885,0.050412428768259146,0.041637465537485985,0.04355783803472377,0.046269379044268207,0.04165828220330925,0.04812225997804269,0.047830791185524635,0.042673104767768456,0.04388050920757619,0.04057062257147433,0.04719581125834835,0.04429686206662687,0.03846302153205649,0.044786080935828795,0.03891575825500139,0.030330043583820188,0.03701116828502577,0.03574668396785748,0.028685910867197864,0.025683941887274634,0.025933665800282155,0.025767183058360264,0.030137531686282654,0.02161048989024335,0.021355584601614706,0.0201018849395494,0.025621511096406775,0.01978456326255091,0.016476209969480418,0.019529666924480757,0.0162577412173633,0.022182730803672803,0.019794967221257495,0.00845588748228475,0.017246059554729052,0.015503510913125206,0.009371244374477157,0.008934367484146648,0.011737724652059486,0.014686873884213289,0.010297019438569747,0.010588277923271066,0.012595925428149222,0.011846949418775633,0.012658340582550512,0.007675766485504184,0.0088199479527293
north-rhine-westphalia,2021.4082191780822,0.019685725758660073,0.01621612822578613,0.01793269177375792,0.027801430594386087,0.024232445386586157,0.024471757432487577,0.026786898218492262,0.02717189791783759,0.03714646472433167,0.032770323736197926,0.04028960416397081,0.030127125658070207,0.04444258635487082,0.039222788850331064,0.04060705099475553,0.028040759065911126,0.03734941004332476,0.026979397711852503,0.03803110396466461,0.03434173745530661,0.0247891077137147,0.025090852400289885,0.02577758821411524,0.032187559858427126,0.026256227629550655,0.02808238152122697,0.02953918844667389,0.024549794207317087,0.027432034463506887,0.030959614495534173,0.02569954959670604,0.03371212559470242,0.028639085063834686,0.028602665023709443,0.033451957630262326,0.03330626413875032,0.02344688532511468,0.03758878246328038,0.02537178868248336,0.03129781689276104,0.022031866678875005,0.024112789776640834,0.026323861815248883,0.02621980925830512,0.02682331698690273,0.02559029572908632,0.021251541985756222,0.02587123470959719,0.022656134864495664,0.018380047945795872,0.02018511717539675,0.01989900692281063,0.017131621733031416,0.017480137701716886,0.011212408741098598,0.01477009745312464,0.01835403876065428,0.013376120242808409,0.01645540338211426,0.008767939158040618,0.011883357725328935,0.011794937596486928,0.00823745242345698,0.012049796022780333,0.00898637644528638,0.010645489603034252,0.009204814650129236,0.00845588748228475,0.004435789189096282,0.008502695114267609,0.007805785838885855,0.00683324895428902,0.008539101079383155,0.006464001746029936,0.0064327978767492475,0.004940234664859949,0.004196569333852543,0.00921521649229578,0.004664609210849361,0.004883029261810867,0.004768618644508019
north-rhine-westphalia,2021.427397260274,0.0122994544678242,0.011852150603862919,0.012986021372251058,0.017521751704830134,0.02180817240292429,0.021490840313440597,0.031146926320693605,0.025907652836718125,0.02851941931348755,0.03408156634076233,0.03357683809074089,0.028815982764439984,0.02652676490016438,0.02957560914273836,0.03480484525991087,0.03521592193507238,0.019316387275197962,0.021959035878733293,0.01870256292238956,0.02470066563739144,0.023634170090199167,0.030002253481954542,0.021480436015424785,0.017646593913984696,0.018328029588521866,0.016751898038033827,0.018525699623015233,0.017183638893488378,0.017495742948984615,0.02063769478948283,0.017896279231453784,0.017298076829667556,0.01999784483209072,0.01877018728406492,0.01878579291847679,0.017573769255553245,0.02201105786842406,0.017828656006258024,0.029684871383974375,0.012143417799208247,0.018749379778797173,0.01623173309372802,0.019987440832793094,0.022754978014472772,0.015394278465626382,0.013287697575658008,0.014671269479866826,0.01591963662470531,0.017729822219928186,0.013787027551257304,0.01303283308219876,0.01137364375328337,0.008565105355790045,0.012840385210793658,0.009813325916424281,0.010302220468631015,0.010390638059310358,0.0089187648059436,0.008403879051716657,0.005117051763078601,0.006313183217977983,0.006089556550493997,0.00627677881122061,0.005403080694905341,0.0025688634514484925,0.006209170694867175,0.003224099948131548,0.007046477409624154,0.0034477142929898856,0.003499717766823437,0.0041653668251699465,0.0026260663087299776,0.005871131431604497,0.002350453120639017,0.003218899625968554,0.0035309198760869213,0.002516860908522644,0.004607404111015946,0.0019968383395411833,0.0069788682925356485,0.004118563097248782
north-rhine-westphalia,2021.4465753424658,0.003073290816637081,0.009355641565193784,0.009891340696323704,0.006646024690024559,0.01090554348620109,0.011342436937713953,0.02367058665063396,0.017693409819687124,0.02188620518059192,0.02293705799310592,0.029544391401695232,0.018338433255814884,0.01989380493278631,0.02057006799913077,0.018041929553644385,0.018910638162396836,0.014806507806412532,0.013802631690252734,0.011841748234208584,0.018073140390041906,0.01614330557066179,0.014728485652022423,0.012351466794747181,0.010900342395795225,0.012881995501013856,0.008372674018343875,0.014520427145970035,0.01129042562004973,0.011820943501131212,0.013131657941592127,0.010551870523468895,0.012419082897521123,0.014546434413698862,0.01251270533882302,0.015576332672268944,0.013412529620047454,0.011482867755258098,0.012528309095424985,0.01292360582453632,0.010276215323515192,0.010780717459976748,0.008809546189630155,0.01023460711837594,0.010879538039362388,0.011420454011749976,0.0059023349638452445,0.008097030370172276,0.010447849521625597,0.008861555025932942,0.010109782702722362,0.00883034971790915,0.009745713201848466,0.007077681647160509,0.007134889464607528,0.008060624714555516,0.0065264095407653,0.005195059497544844,0.004799821515173018,0.006999671088432016,0.006214371316084415,0.004082160226884292,0.004565800441571103,0.0039209478215878266,0.0041549659931030825,0.002995286265072126,0.003546520937736729,9.204081456366061e-4,0.003759735916092501,0.0049246331850620285,0.0025012601557887625,0.00364532777022918,0.0036817303347937884,0.003203298662611505,0.002350453120639017,6.448039977942706e-4,0.0014144192361890769,0.003359308506831505,-0,0.0033333068336259724,0.002095642227474157,0.0018304322157966753
north-rhine-westphalia,2021.4657534246576,0.004919432692832402,0.004987039132350607,0.007420929495915969,0.006646024690024559,0.009085193614769562,0.005969942681265255,0.007472936943378171,0.00821144831090872,0.010609082163175756,0.009828928863038312,0.010739108851154384,0.01047905580032977,0.01127482223489776,0.01350095249946718,0.007732974960938583,0.004565800441571103,0.009657296707751815,0.010666293865828298,0.009350440629802517,0.009636492848641124,0.007493739936929543,0.00708808306383376,0.006443199164428961,0.007784982720497809,0.006437998520331927,0.009360842501099463,0.01051026209776149,0.009329636893456644,0.007093283772953485,0.007036076001273164,0.010551870523468895,0.0079826126812,0.004997440130846761,0.004466991860045813,0.0077901834993117,0.004160166408873586,0.006219571937816006,0.007228502392555595,0.006224772560067722,0.005605902163555226,0.003749335165157985,0.00556429769523413,0.005361476388858467,0.005439484489999141,0.0014872212673678522,0.003936549000260211,0.006068754118689121,0.00497663813593485,0.006401594026198965,0.004134164335210349,0.0025220611604778874,0.005278267876625255,0.0018616333234368946,0.005704712909223802,0.0031512954852158663,0.0024024554971491235,0.0038117397019696124,0.0024024554971491235,0.0017524295286047305,0.001097211575622629,0.0022256476291995183,0.0022828501089257784,0.001570423713516406,0.0024908596565645005,0.002137243920664269,8.892076027462617e-4,4.6280205947109467e-4,-0,9.828092875793055e-4,4.99202396178144e-4,0.001560023400466684,0.0010504106091842097,0.002132043707192469,0.0011752132799592396,0.003218899625968554,-0,8.372067395304327e-4,6.604041935742898e-4,0.0019968383395411833,6.968046686044236e-4,0.001570423713516406
north-rhine-westphalia,2021.4849315068493,0.00369213107220637,0.003744134790467952,0.0018564331375272125,0.0024180562202402007,0.005449885578993458,0.0029848856670374397,0.005605902163555226,0.005683910631373779,0.007956608696085646,0.003276103198336186,0.00671363337435913,0.006547212155654591,0.003978152166262342,0.008996778243757634,0.003863743539848575,0.008476690869076719,0.006437998520331927,0.0037649362923369853,0.006854051691929893,0.004217371016703511,0.006339186381260658,0.003270902870972542,0.0016120249865165582,0.005189858978269959,0.0034685156762824733,0.008372674018343875,0.0025012601557887625,0.005891933784351191,0.007093283772953485,0.0046906115497633806,0.004586602272132791,0.0048778287737478,0.003182497385412486,0.005361476388858467,0.0036661292325725816,0.0032397009177293707,0.0043057782616826865,0.0028912803783416852,0.003348907835987936,0.0013988188142001,0.002813276099801863,0.001388418535472331,0.003411311892253395,0.0019760375449502316,0.0029796853688030733,0.0029536838854148113,0.005059846165506341,4.99202396178144e-4,0.0029536838854148113,0.001378018258824673,0.005465487216382864,0.003250101566730168,7.436053167918634e-4,0.0010712110335134644,0.0017524295286047305,0.002059240773237899,0.0010400104001397088,0.0030888917409951843,0.0013988188142001,7.332051691094672e-4,0.0014872212673678522,7.59205542212683e-4,0.002355653355952701,-0,0.002137243920664269,8.892076027462617e-4,0.0013832183968856015,4.680021060145474e-4,4.940023465146336e-4,-0,5.200026000149668e-4,-0,0.0010660109266482322,0.0017628298801369115,0.0025740637086042453,0.0014144192361890769,8.372067395304327e-4,6.604041935742898e-4,-0,0.0013936186745733149,5.876033199674743e-4
north-rhine-westphalia,2021.504109589041,0.002459658171372907,0.0018720336968105979,0.0018564331375272125,0.0018148316689941748,0.004846625856274117,0.001788830768065096,0.0031148932919855626,0.004420187860645602,0.003978152166262342,0.003276103198336186,0.002683269228943592,0.004581401813715118,0.004643807349082134,0.005143054328229515,0.004508595450436863,0.003260502217811224,0.004508595450436863,0.006271578183767644,0.00997455659055614,0.00843508410381549,0.005761919216217912,0.008180243393012761,0.0069788682925356485,0.007784982720497809,0.009906943666346611,0.006401594026198965,0.00550709160564713,0.0029432832957010753,0.00567350949556945,0.004222571438720794,0.003213699304331398,0.003988552962963668,0.0054550861242678925,0.002683269228943592,0.00412376350938448,0.004160166408873586,0.004784220077497201,0.005782721525274816,0.0028704792259572447,0.0018668335098608409,0.002813276099801863,0.0023192517196952167,0.002922482122514309,0.0019760375449502316,0.004466991860045813,0.002459658171372907,0.006068754118689121,0.003978152166262342,0.0029536838854148113,0.003213699304331398,0.001263615352987529,8.112063274260393e-4,0.0029796853688030733,0.0028548783671266307,7.020047385426273e-4,6.864045302822849e-4,0.0013832183968856015,0.0024024554971491235,0.0028028755381770093,0.0018252320330072143,0.0011128119071272355,0.0019032348294126095,0.0011752132799592396,0.002074841393360111,4.2640174825027215e-4,4.4200187850892194e-4,9.204081456366061e-4,4.680021060145474e-4,4.940023465146336e-4,-0,0.0010400104001397088,5.252026522785282e-4,0.0016016246651463287,0.0011752132799592396,0.0012844158626006128,0.0028236766635127155,-0,6.604041935742898e-4,6.656042598781713e-4,0.0013936186745733149,0.0011128119071272355
north-rhine-westphalia,2021.5232876712328,0.0018460327672737322,0.0018720336968105979,0.0024752589116313678,0.0018148316689941748,0.0018148316689941748,0.0023868547787384785,0.0024908596565645005,0.0025272614129474074,0.003317705835938835,0.003931348606847413,0.00671363337435913,0.00131041651131466,0.004643807349082134,0.007712171871679231,0.005798323262531595,0.0039105470384143285,0.005793122682923962,0.007530145195667328,0.012465894097099084,0.013251288285829547,0.014988559955247326,0.009818526898106836,0.01127482223489776,0.014015888725850446,0.017833857789692514,0.007389725052402313,0.011014766504952585,0.0073637213637754466,0.008039821494216408,0.0051586558735601425,0.006422396591155822,0.006209170694867175,0.007270108192405292,0.0035725227175621927,0.0036661292325725816,0.002314051488027633,0.0028704792259572447,0.0038533427681110123,0.0019136352111011434,0.005605902163555226,0.0023452528858511536,0.0023192517196952167,0.003411311892253395,0.003463315329682109,0.0029796853688030733,0.001965637150774993,0.003541320583335314,0.002485659407735331,0.0019708373476054787,0.003213699304331398,0.0016796271261233435,0.0028444777971750983,0.0018616333234368946,0.001783630589441697,0.0028028755381770093,0.0034321132609840565,0.00277167386576647,0.0017160283146203095,0.0010504106091842097,0.002922482122514309,0.0014872212673678522,7.59205542212683e-4,0.001570423713516406,0.0016640266245696565,8.580070785765575e-4,4.4200187850892194e-4,9.204081456366061e-4,0.0014092190950022075,0.0014768209709591054,9.98409584762529e-4,0.001560023400466684,5.252026522785282e-4,-0,-0,6.448039977942706e-4,-0,8.372067395304327e-4,-0,6.656042598781713e-4,0.0013936186745733149,0.0010452105043990622
north-rhine-westphalia,2021.5424657534247,0.0018460327672737322,0.0018720336968105979,0.0018564331375272125,0.003624526316206946,0.003634927042177917,0.0035829234331317228,0.008097030370172276,0.0031564958006180316,0.002652067628300581,0.003931348606847413,0.0040301561705664,0.006547212155654591,0.008622314809651059,0.005143054328229515,0.00708808306383376,0.009782120037235744,0.028332116952747597,0.043302825137201316,0.037406651173937926,0.021688522371262946,0.0247891077137147,0.02454459175201527,0.014499621341149892,0.016611452990283528,0.012881995501013856,0.016751898038033827,0.019025079899295843,0.01129042562004973,0.013714208297844595,0.01172212113268813,0.01147246545947112,0.008424682417701872,0.004544998619330876,0.004019755365543792,0.0032084989832143057,0.0064744030399512,0.008611913086085164,0.005299069992201008,0.007181695907518631,0.0051378538141556625,0.005153455357931754,0.006952864809371217,0.004388985217780854,0.008409079892435596,0.00546028667006821,0.001965637150774993,0.003036888678013275,0.00497663813593485,0.005907535554375335,0.007353319891966888,0.003364508843036276,0.0028444777971750983,0.0040977614539241345,0.0039209478215878266,0.0031512954852158663,0.0024024554971491235,0.004846625856274117,0.0030888917409951843,0.0038481423830252345,0.002194446303142263,0.0022256476291995183,0.0019032348294126095,3.9000146250986754e-4,0.0012480149762408685,0.0012844158626006128,4.4200187850892194e-4,0.0013832183968856015,-0,-0,9.98409584762529e-4,5.200026000149668e-4,5.252026522785282e-4,5.356027583599094e-4,0.0011752132799592396,-0,-0,-0,6.604041935742898e-4,-0,0.002095642227474157,0.0012428148516948493
north-rhine-westphalia,2021.5616438356165,0.0043057782616826865,0.004987039132350607,0.004326579988220815,0.003624526316206946,0.004846625856274117,0.0023868547787384785,0.006229973182845335,0.015165411224429742,0.01127482223489776,0.005897134373841046,0.01477009745312464,0.013095248761019083,0.01127482223489776,0.011571287353461718,0.012887196789636148,0.018910638162396836,0.034128397045318004,0.04016470758144566,0.029299853078593948,0.028920040516489626,0.024211635695512428,0.02672966877680145,0.02524172540019244,0.02855063643920362,0.021303563267664152,0.021183914397082358,0.024029551253850073,0.021605287729002425,0.013714208297844595,0.01266354184879604,0.01147246545947112,0.00931403409665198,0.011815742319159573,0.013854645520731757,0.015576332672268944,0.013412529620047454,0.008611913086085164,0.010120184725916173,0.010531066306453505,0.007472936943378171,0.008908363023077718,0.008809546189630155,0.011212408741098598,0.0059335385148102425,0.008440284947649665,0.0078733960311214,0.01568556550219627,0.011940570829995095,0.010343828727871672,0.00597514327855689,0.006729235390917331,0.005683910631373779,0.007077681647160509,0.006063553512041092,0.006656426020355008,0.0075561489675180695,0.0038117397019696124,0.005486289406854119,0.0038481423830252345,0.002922482122514309,0.002969284773888745,0.003042088981968304,0.002355653355952701,0.0024908596565645005,0.0012844158626006128,0.003546520937736729,0.0018408325829299343,9.412085179638691e-4,0.0029536838854148113,9.98409584762529e-4,0.001560023400466684,-0,0.0026676684262789594,0.0011752132799592396,0.0025740637086042453,0.0014144192361890769,8.372067395304327e-4,6.604041935742898e-4,-0,0.0013936186745733149,9.1520805385195e-4
north-rhine-westphalia,2021.5808219178082,0.00737932357539228,0.00810743199074506,0.011129190865902368,0.007852592885685211,0.0078733960311214,0.008949970167025532,0.011831345866629425,0.013901458012643687,0.013261690937465749,0.0157271780691927,0.01880139855757781,0.01964411002375528,0.02453938929723972,0.02507524487356256,0.025132472494472556,0.028040759065911126,0.027686969540862572,0.02886280872709344,0.04115348040631489,0.04036766468038552,0.045551145202888464,0.04091929566968116,0.03383700667998897,0.02491396737165714,0.02675568215158173,0.024633033562881032,0.02102785106658401,0.02406076568428216,0.017969104341553854,0.025330168396754896,0.019274771835868773,0.01818237846497322,0.019545272786826284,0.013854645520731757,0.01511859759464297,0.018962657102494423,0.012918404532277994,0.017344892421598913,0.014359182376357874,0.015878023903695297,0.012658340582550512,0.014837716700948375,0.0190094741930718,0.01978456326255091,0.016387782030673474,0.013776624794526468,0.014671269479866826,0.010941951133631368,0.013298100234577928,0.014244750907706433,0.010088978662577169,0.014213542369049356,0.008939568377917506,0.007134889464607528,0.008060624714555516,0.007212900226197233,0.005886733195387228,0.0065160082364414396,0.004201769753783715,0.003655728500360734,0.00593873910845527,0.007608156550225128,0.005101450230224663,0.0024908596565645005,0.0025688634514484925,0.0048778287737478,0.003224099948131548,0.004695812019103001,9.828092875793055e-4,0.0025012601557887625,0.0041653668251699465,0.00210084243730566,0.003203298662611505,5.876033199674743e-4,0.0012844158626006128,0.0014144192361890769,0.0016796271261233435,0.0026312665716063024,0.0033333068336259724,0.002095642227474157,0.0024180562202402007
north-rhine-westphalia,2021.6,0.011685712939020211,0.017464532459138083,0.017313682022292963,0.018733774155313188,0.02059607829270231,0.017308480290899406,0.021802970221906862,0.024013944045663413,0.027858661215628747,0.030803521823315843,0.024841132534752543,0.036678132395706206,0.02652676490016438,0.03665211405668208,0.02900328686806059,0.043047813490285775,0.04314669540901133,0.03200024428471833,0.04302179196398028,0.04579575996241541,0.0461288542512245,0.0469199617386654,0.04458310659101211,0.03581953408145273,0.035673833956322454,0.03547609872519775,0.033046098204915476,0.025533067604319865,0.03452906146380004,0.03049133788453498,0.030751491036697904,0.02350931350519697,0.026818114304136324,0.02547583954254101,0.027031424724278854,0.021740544090332155,0.02440412565569241,0.025059637351513973,0.02537178868248336,0.02849340505637608,0.026724466103410466,0.01947764741716979,0.029736901103345804,0.02819684344512536,0.025829614024115304,0.023618563000681193,0.02175615061619851,0.022390819969881008,0.01871296666461594,0.01470247829323662,0.01303283308219876,0.012590724168666974,0.013407328278878597,0.012486699088217054,0.007010072489501038,0.011680511770580458,0.011082380869623426,0.008232251599903536,0.005600701603197585,0.005845128502376657,0.006682429355280573,0.007987813479779884,0.00627677881122061,0.0029068812480877357,0.005132653300607687,0.004435789189096282,0.005522693260200158,0.003759735916092501,0.005418682318251812,0.003000486564872446,0.005205460537649154,0.0015756238708242005,5.356027583599094e-4,0.002350453120639017,0.0025740637086042453,0.0035309198760869213,0.002516860908522644,0.0019760375449502316,0.001331217039648678,0.00348931706789617,0.004118563097248782
north-rhine-westphalia,2021.6191780821919,0.019685725758660073,0.02245324688212468,0.02597008397112666,0.03263503868248069,0.03756276366860042,0.029846163683488882,0.03301487838032596,0.03602247422176405,0.04710212635171474,0.04916323328812339,0.05641939612832024,0.055029507488012754,0.07431427674848363,0.06302577927409199,0.06318196870062731,0.05740327234134746,0.07278852016773475,0.07470483597070458,0.07422054297163459,0.06569147647554502,0.07151795840673199,0.07531411421483962,0.05963137829245168,0.062312520189175706,0.057986318881661544,0.04632142536028055,0.05107867862838363,0.04616528656850971,0.05298378392440006,0.05066747653441075,0.05876198914492409,0.048356477155925115,0.051833425110400615,0.047830791185524635,0.04857508080708737,0.04672738841304081,0.04547307690483854,0.041928899617336514,0.04788283906436989,0.0420485962304584,0.045483486004473744,0.04220472266164121,0.04876245609667059,0.0499752069366324,0.050672681603891205,0.03543447035130267,0.03947778173970141,0.026370685533807756,0.031521551995200764,0.03262983541821559,0.023129543235192472,0.021527255372886592,0.019368406621194236,0.016767503066751895,0.01542028617041256,0.012367070502966001,0.016278547725639688,0.015779193824760788,0.012601126688157493,0.009137202726767482,0.00779538427865152,0.011035570915488218,0.009808124935256148,0.006229973182845335,0.00770177033017048,0.004435789189096282,0.005985544474694745,0.003286503854617896,0.007389725052402313,0.009001979143776418,0.005725515195395651,0.00735852062761398,0.003203298662611505,0.006464001746029936,0.004503394999820554,0.004238172707881602,0.010078576645625783,0.0032917041835359632,0.0033333068336259724,0.00906959089131662,0.006599218729286997
north-rhine-westphalia,2021.6383561643836,0.029528782538198756,0.03868158359582761,0.0451503958496407,0.04714376406715859,0.05150549943101606,0.05732518624752535,0.08414163844449939,0.13220110703110985,0.15539997224104604,0.1561718813299076,0.16673984310446846,0.16065752576592776,0.16403244589940433,0.1835090229087286,0.1820113684628853,0.16258229881812142,0.1663433753592045,0.160208943909515,0.1310489944328074,0.11758003317198568,0.1050055494934613,0.0927935454084806,0.08543855144006424,0.08881901083735454,0.07484543800880447,0.08182915095156555,0.08065211347831672,0.07909492342504587,0.07428823957129656,0.059589730576662496,0.07070564830372848,0.07721489991152847,0.07230424501552835,0.06393168447846136,0.08205831178822012,0.07358003335189185,0.08283434121284676,0.08100105543751755,0.07903242847646869,0.08085522866230091,0.08349579825427951,0.0904858821900909,0.09170481568945091,0.0732467631743204,0.07851684801654289,0.0684302061509808,0.06581122779930011,0.061219222335250546,0.05025107266429448,0.04964208800857152,0.04205900464462071,0.03330626413875032,0.03203666670453702,0.027468453683754307,0.02102785106658401,0.019581686483836572,0.019394416313704015,0.013376120242808409,0.01890543627124627,0.020830171520334454,0.011139593093019493,0.014078305584640034,0.010983559904755745,0.011217609862723512,0.011123989753121252,0.011534879265406795,0.011045973123877359,0.01127482223489776,0.006895657192178224,0.008502695114267609,0.00885115325451097,0.006307982586878362,0.005871131431604497,0.00470101248896849,0.0064327978767492475,0.004940234664859949,0.01511859759464297,0.0072389038393971495,0.0053302731811678185,0.004186168495544676,0.008622314809651059
north-rhine-westphalia,2021.6575342465753,0.06954448345987689,0.0574084780851021,0.06742529428875615,0.07860017380515578,0.08243851267671251,0.10215026776763798,0.15029940155193705,0.17274982965731153,0.1986497569566797,0.20219419186748383,0.20311818588082253,0.20271100005490272,0.19197392960459553,0.18479797956391336,0.16843529848662814,0.19660359525121845,0.16763190658365487,0.1425921263678711,0.14542355683108377,0.11878396628078906,0.12291194856823291,0.11410389790068289,0.09996201928288326,0.10337468507356407,0.10362478236701847,0.09367392247195354,0.1007070554518683,0.07860538167137458,0.08802205685236349,0.08823561848696099,0.09460119963818639,0.08432393349816103,0.0795844697874303,0.082724967237132,0.09444491581112924,0.09396043893219924,0.08427184913190307,0.0916162597291217,0.09101720866406612,0.08085522866230091,0.10227531331959201,0.10256187717696627,0.09561184639303341,0.07720969218456054,0.08647506339507277,0.07680349108817593,0.08404788695146485,0.07267396004705075,0.05025107266429448,0.05286406213741164,0.04037286871897694,0.03615256447187598,0.03464353757897235,0.0346071133331692,0.027338385157150143,0.03367049863291807,0.03429490655862406,0.027442439952402576,0.016803914818648753,0.022291977512103288,0.019680523789977762,0.01978456326255091,0.018832609849824246,0.019529666924480757,0.01069750027562577,0.012866391638280074,0.012887196789636148,0.01597685417046448,0.010343828727871672,0.012502302837021037,0.011451660874139914,0.011040772019425564,0.012803976234156533,0.009984958586699498,0.005148254842817696,0.012002985197778588,0.01091594566857925,0.00921521649229578,0.015992458966601907,0.010468653705347542,0.013787027551257304
north-rhine-westphalia,2021.676712328767,0.03937370285831418,0.054285125477477714,0.061240046841530144,0.07436635114195787,0.09032440169038702,0.10215026776763798,0.1315650960151977,0.14233662733529376,0.170036902498587,0.18904080345480026,0.18223575296720665,0.20665248397930552,0.1953039067979565,0.1693169571325591,0.17037601065317223,0.1750141887676877,0.14180999043283207,0.1375605907784874,0.12230211237349824,0.10430213524393123,0.08999102418052753,0.09224657308312012,0.1053390232772406,0.09557537941596181,0.08526146101176234,0.08873566867228695,0.08716781908476201,0.08007922877245478,0.07286662948562998,0.08353746512126886,0.0693257916375083,0.0670035494999252,0.08095418250088604,0.09033481977200979,0.08664694928427442,0.08516249897627355,0.08427184913190307,0.09113180920354773,0.08382392573561398,0.0855323054403879,0.07832936548036105,0.07841269096854867,0.08682404443104551,0.07374146186201545,0.0720490911042908,0.0635047616687855,0.07340819064984942,0.050761167864722255,0.0719397398113091,0.05010533209751932,0.04458310659101211,0.041028581748861724,0.033899447335101314,0.02961202986430606,0.030142734701166893,0.02267174166516239,0.026672439398101128,0.02161048989024335,0.02800954224628782,0.020466026954941582,0.023025497069911683,0.02283301221295963,0.018832609849824246,0.015789596982119347,0.017542558718875164,0.015971652572796494,0.012429485382675126,0.011748127000910156,0.014780500408604591,0.01350095249946718,0.013012027872573672,0.01051026209776149,0.011737724652059486,0.011748127000910156,0.016086087841743948,0.006354788285470629,0.0075561489675180695,0.01119160425981273,0.011992582797944648,0.011862552975603975,0.015810403303080256
north-rhine-westphalia,2021.695890410959,0.03999297527028432,0.04054980634106465,0.06309346130132396,0.06649850159922174,0.06848748150529949,0.08062607312748747,0.09911279526932369,0.12460076304928618,0.16205024060549336,0.14762936364090806,0.1526045054860877,0.15409088234580787,0.16868570888981785,0.1409548686060273,0.12191640770318697,0.12074888667863937,0.11986805111166557,0.10360915125093971,0.09232471163449187,0.09283521972629276,0.0894128276298545,0.08241247143128809,0.06661825478150546,0.07114825159414444,0.07782420756668122,0.06654015484873711,0.06360888886015278,0.06877385922319078,0.07381436522440477,0.06381193748303651,0.07254377839808594,0.07055464333713551,0.07913137884639833,0.06974755526133275,0.06829482829155091,0.07913658676582404,0.06031857041882238,0.07327800716273258,0.07327800716273258,0.07664205307204074,0.07316865328542384,0.06773249326342556,0.07413201678197788,0.06234896384685358,0.057632325559681515,0.061531590805101725,0.06277067088631824,0.055742666681638,0.05074034755450904,0.04780476726563504,0.03701116828502577,0.03615256447187598,0.03129261376229456,0.027114668052427793,0.024180421174516364,0.029887787583933713,0.01835403876065428,0.022640528068518795,0.017506146449762925,0.01973254350024748,0.01559713890789836,0.0201695111210304,0.016086087841743948,0.015373472311165294,0.014546434413698862,0.014197938106741774,0.012429485382675126,0.008929166590890197,0.017246059554729052,0.01300162527088269,0.010411442220143122,0.008934367484146648,0.01227344832387483,0.011160397553490643,0.01480130632580804,0.012002985197778588,0.010078576645625783,0.0072389038393971495,0.0059959456729130785,0.011862552975603975,0.017313682022292963
north-rhine-westphalia,2021.7150684931507,0.028300899958220646,0.029320664805997165,0.03215634054928352,0.03142789532355181,0.039384110737078704,0.04298536184902181,0.0697944180973649,0.08472498486573875,0.0856104339031121,0.09640370705923319,0.09339261693777508,0.13439592609746412,0.12413685484215786,0.10809547441618839,0.08963681291814628,0.09853449728384545,0.09148603064965855,0.0828707992558781,0.06361409522519164,0.06569147647554502,0.05882445973669459,0.05620075949789431,0.05640377919566345,0.056081030304107146,0.06195329121589418,0.05125044755453048,0.04506712364430905,0.05550321067923007,0.05061542586829663,0.04644633673126256,0.05279118814115951,0.0523539463082838,0.04728429160292492,0.04425522663070616,0.051786578458163514,0.03701116828502577,0.04978262229611121,0.052057248586954666,0.05075596278638454,0.05326487094235708,0.04923610220025569,0.050558170195738876,0.04388050920757619,0.04551991786960274,0.050178202329851346,0.045774941640215214,0.04251177267711736,0.044786080935828795,0.03546569162859827,0.03170886584455822,0.029435129455634618,0.027213519677689067,0.027936703073378522,0.02247405586952694,0.019977036835577063,0.022328393132581854,0.017662199211200397,0.016809116499569208,0.017506146449762925,0.017173235457233083,0.017079604624602954,0.0201695111210304,0.014905336036696496,0.011217609862723512,0.01283518392685368,0.008429883260501482,0.01196657680746688,0.00845588748228475,0.010343828727871672,0.010000561584818924,0.00832586650339889,0.007883797606960438,0.01067149493283023,0.008221849954368686,0.007722573415268598,0.004940234664859949,0.01511859759464297,0.0072389038393971495,0.010661092799352354,0.009771718081667798,0.014764895976167997
north-rhine-westphalia,2021.7342465753425,0.022760180290731784,0.028696316607004238,0.02597008397112666,0.025985691766443362,0.03332187413617073,0.033431144249339136,0.05794987828136857,0.06004785728494358,0.08229268187029669,0.1016552987420246,0.09944102131126663,0.12848941480805492,0.09756026206823339,0.08619900542870956,0.08899090447466267,0.07176269534831511,0.052166558076805473,0.043927348737796176,0.05612267520981016,0.05061542586829663,0.049590038368828596,0.048012958989393936,0.04189767445922572,0.04049776580148282,0.03815079160594054,0.0320262602962705,0.040060627325157014,0.03437295807652782,0.042100638322103624,0.04081521390304804,0.044983851572334116,0.04036766468038552,0.04364631218933612,0.04112225571382718,0.034825659190675325,0.035158683215936286,0.04738838631870983,0.04385969165213108,0.040221951811198545,0.04158021974943788,0.04407827639996077,0.04313628677713261,0.039004224511804096,0.03858791402744222,0.02831130562098262,0.03789580522364522,0.038967797211359845,0.03234365668528766,0.02856624500909225,0.02573596760358771,0.020601280352981317,0.020715725810714698,0.016387782030673474,0.021761352792532013,0.016819519862976896,0.016486613266285477,0.020086278910162382,0.020237137390453824,0.012252643418077446,0.01900427229203403,0.01262193173338156,0.017121218307182988,0.012554315366835196,0.014957350970185402,0.011550482728593011,0.013750617911807095,0.01196657680746688,0.006578416093592457,0.009360842501099463,0.007498940686620647,0.010931548946051022,0.004732215319060305,0.005871131431604497,0.010572674748807659,0.007722573415268598,0.009886139707352614,0.01091594566857925,0.007899399974617293,0.008663921724721541,0.0069788682925356485,0.011498471202837403
north-rhine-westphalia,2021.7534246575342,0.018452873733409373,0.013100450070966259,0.014218743790855273,0.021152701693511106,0.02786906678989518,0.027458048189653125,0.048595900250366045,0.06574354223459442,0.06502503936387813,0.07540264241695518,0.0900274872415666,0.09043379165152433,0.0690029625330639,0.06817507124815143,0.0735019229623845,0.05087567971989995,0.049590038368828596,0.0458113737095424,0.03865556425435226,0.04036766468038552,0.029981441481754627,0.03873362231784216,0.03920717708139572,0.025954476180500403,0.03418563463037699,0.03942053832916226,0.040060627325157014,0.03977961167374313,0.03500257793853837,0.03612134278216725,0.04130960414999296,0.044364519721096195,0.029544391401695232,0.03262983541821559,0.03253097349605066,0.038395371555637346,0.03829129484069351,0.04096613253263839,0.033993108458347285,0.0425169769302963,0.03656885545927882,0.030605805111140496,0.039004224511804096,0.03413360045953551,0.043713968997374064,0.030017862487567888,0.02529895320431984,0.03333748413828292,0.02363937245441662,0.026193796151603447,0.01976375535138826,0.01949325326389783,0.021605287729002425,0.02247405586952694,0.014369585249631773,0.01614330557066179,0.020434814682275072,0.01371940966970946,0.012954813589029024,0.010962755515028915,0.011508873503826681,0.017121218307182988,0.012159021444997647,0.010385437020405574,0.014119916865459462,0.0079826126812,0.008747135654730063,0.007987813479779884,0.0064067946666550996,0.009501267967258987,0.010411442220143122,0.008409079892435596,0.006937262725709608,0.005876332019013881,0.00900718004430961,0.011295626749478021,0.010078576645625783,0.008559904499466014,0.007327316221550946,0.014655665080208779,0.013329308223824075
north-rhine-westphalia,2021.772602739726,0.01783905957364158,0.018088745815271322,0.02287983278826568,0.02175615061619851,0.024835930050308833,0.04119511335879221,0.047976525377567185,0.06194808501713636,0.0816260319633473,0.08262080175985755,0.08263121829819577,0.06551445328470075,0.06568106332998977,0.06431695929114177,0.05801755370224043,0.05609664713984024,0.05023545758403316,0.03639713502314873,0.04988672201322749,0.03434173745530661,0.030558977578888674,0.032187559858427126,0.0381351801588494,0.04517121392180975,0.03418563463037699,0.0369539275897547,0.037052797921164934,0.035850755589945056,0.03310853791032595,0.032837966395039796,0.029830554729414812,0.03726094660176797,0.03863995265571749,0.03665211405668208,0.03619939704158505,0.03191699313520967,0.028233263201020112,0.034700775731061395,0.0397379798545483,0.03550211647581174,0.03047572873679638,0.03524714308114974,0.03656365180136445,0.03363927843344811,0.03874403006849437,0.03247894098093046,0.03137586391218727,0.03234365668528766,0.02807197590427464,0.02941431768241391,0.01639818530978735,0.021527255372886592,0.02011228896174468,0.01498335845643818,0.02102785106658401,0.01820838756426024,0.0166218563141458,0.014749291548414057,0.018556910749782825,0.01498335845643818,0.017079604624602954,0.014458009756483522,0.016086087841743948,0.013709006926505778,0.014119916865459462,0.011534879265406795,0.012429485382675126,0.012684346918992246,0.011332034670019296,0.014504822791571606,0.010931548946051022,0.011566086196461307,0.006401594026198965,0.008809546189630155,0.007077681647160509,0.008471490021595586,0.0075561489675180695,0.007899399974617293,0.007327316221550946,0.01116559866991332,0.01300162527088269
north-rhine-westphalia,2021.7917808219179,0.013532160610456123,0.019961430843658905,0.014837716700948375,0.021152701693511106,0.01999264283217882,0.02685973578081949,0.02242203341663477,0.025907652836718125,0.03648559699518292,0.043261190497185395,0.048356477155925115,0.03733379883682261,0.03714126100861542,0.046940780519288,0.04318832995736075,0.03390985411824286,0.034773624379385075,0.03576749827561323,0.040528990118982186,0.04036766468038552,0.04440095080227126,0.03982644751018763,0.04458310659101211,0.03841618692362413,0.037656431390365966,0.04040409296147972,0.03254658326073652,0.04567605472355983,0.04162705720769937,0.040341644495229034,0.04222553955455039,0.03948298568923617,0.03727655778639877,0.03933207136409338,0.04169991555995001,0.03608491750120283,0.04547307690483854,0.0433756858374528,0.030642226554263303,0.027093857207901886,0.03422726200453944,0.03524714308114974,0.03266625827902234,0.035621798296288906,0.033280247486788594,0.03247894098093046,0.02529895320431984,0.037318187635001415,0.027582914256286853,0.02895125788271135,0.024388518335081114,0.021933024903398612,0.025330168396754896,0.018551708894017745,0.022427235659579076,0.015456696978959239,0.01870256292238956,0.01646580667475668,0.012954813589029024,0.015711573352663797,0.02116830804295771,0.013698604185383193,0.015690767071246836,0.014541232959114825,0.01497815695814356,0.014640060685233372,0.010125385738290495,0.011748127000910156,0.010837929351467157,0.010999163202516062,0.011451660874139914,0.013667395974502014,0.008539101079383155,0.011748127000910156,0.010297019438569747,0.012710353268446101,0.013438536333678437,0.011846949418775633,0.011326833536955195,0.00906959089131662,0.017251261279884234
north-rhine-westphalia,2021.8109589041096,0.015378673849002994,0.018088745815271322,0.017313682022292963,0.018130360305438,0.029684871383974375,0.03522112545811492,0.0473519531444791,0.06510834353574167,0.043781625893439875,0.05244243543010251,0.055071151551591854,0.0628904154839019,0.052405998714648024,0.05466512335425276,0.04640990421706133,0.05087567971989995,0.047013646317099755,0.04644113208481141,0.040528990118982186,0.05724710027096148,0.055362660930499054,0.058387167170344256,0.07038281063269912,0.061276489747583734,0.05550321067923007,0.05273393007288503,0.06711809712890698,0.0623802012880515,0.05251010368368556,0.055362660930499054,0.05279118814115951,0.049688932728882224,0.05001164194886134,0.04693557582334806,0.06829482829155091,0.04256381523231625,0.05696599172621979,0.046753411793750844,0.05219778940182536,0.050459274182544485,0.05205204337888069,0.050558170195738876,0.04534816787174568,0.04749768599454951,0.0462017189113202,0.055622938542602376,0.05264023518807825,0.03582473766489773,0.04630581146000827,0.04228799028327915,0.03701116828502577,0.03574668396785748,0.03166203731896339,0.03282235654288404,0.027686969540862572,0.03573107324251107,0.024591413868446203,0.025038827329406727,0.031162535669910882,0.027047032838154416,0.025996096965921842,0.029684871383974375,0.02550185229009158,0.021605287729002425,0.01497815695814356,0.023956717655714922,0.02163650070423713,0.026313456550184463,0.015274643191165104,0.017001579059527188,0.020304763747825676,0.015768790669483494,0.015472301618996516,0.017037990975324793,0.01351135520104908,0.02471627305169694,0.016798713138242865,0.020408804469361337,0.010661092799352354,0.016751898038033827,0.020845777772977137
north-rhine-westphalia,2021.8301369863013,0.032603819104688334,0.025574688052447232,0.03339472085277219,0.03445100971158637,0.041809203279738597,0.06449397840540089,0.1278221723908398,0.1366377609213073,0.1713672625541882,0.18312286397682426,0.174826357994385,0.176422941194084,0.13543862794653133,0.131930019417375,0.10706374213504845,0.09265810410625258,0.08310517299996759,0.08601149519301902,0.07983966067607894,0.07714719950166653,0.07382998738678877,0.07258022922694818,0.07898555731432831,0.08206352000078737,0.07633480145825516,0.07196577581259352,0.06460852050633464,0.0781106367091442,0.06339542834226018,0.06803969405293667,0.06519164784106478,0.07099724534225951,0.06638916197799212,0.06929975695801562,0.06921644607122289,0.07358003335189185,0.0751683033869593,0.07617336489718853,0.07279893473667555,0.0743038618760455,0.08537084032273608,0.07144505826380353,0.06632668229765398,0.07275206919286502,0.07503290798431601,0.07039843176418228,0.06682131515566767,0.060224861866838814,0.061094275472710444,0.054243482043374744,0.05215614763930052,0.05159919227124839,0.04470801378636504,0.04245973017400934,0.03154236461180955,0.04191849122921623,0.040528990118982186,0.03327504415796171,0.0304601195937375,0.03984205946503962,0.034164820955792194,0.042626266367307375,0.03570505537734031,0.03740144743219016,0.031240582486293054,0.02884199718292929,0.03499217093670725,0.02819684344512536,0.026115756909565444,0.022005855667115312,0.029154171219953295,0.027338385157150143,0.0320210570929211,0.022328393132581854,0.03024679510823622,0.02471627305169694,0.031079285861553903,0.020408804469361337,0.025324965863378235,0.03210951162071443,0.032676664815368114
north-rhine-westphalia,2021.849315068493,0.035684241094578885,0.031188551262359844,0.035866366351226676,0.048356477155925115,0.05090170517670416,0.07764193529748235,0.11408826363427615,0.15881106247818355,0.1687065764778493,0.1804928848230285,0.17953798483186592,0.20467909441845727,0.14341598894167526,0.11453644780189391,0.09544514042089298,0.10441155461335429,0.09793536651438409,0.07532973682778829,0.0817093627343286,0.06508751748026885,0.07093996722349269,0.0780429351330855,0.07360607017446603,0.07634521673747006,0.07682952952481782,0.0714710940174058,0.07212719931149503,0.08794392476616579,0.07144505826380353,0.06569147647554502,0.07989694859871697,0.07854809517162552,0.06911751456652027,0.08004277268659132,0.0939864859614107,0.08654798461200801,0.0866677839761204,0.0838968432348744,0.08718344525938337,0.07851684801654289,0.09664335147981269,0.0904858821900909,0.09268415048313257,0.09652873879305231,0.07702221436117426,0.07335611721589134,0.06277067088631824,0.07466838365251674,0.07539222732653036,0.06297892253760838,0.05720545446473802,0.056476658254863206,0.05551882734142537,0.054238276616453876,0.04907474974638778,0.04638908564898564,0.044343701971882615,0.04700323691116025,0.03851506003534658,0.041668690539345875,0.04605598969322401,0.03501298494245231,0.04277198597395902,0.04197573738966224,0.03766163515763054,0.031058473430288107,0.03268707135379651,0.03524714308114974,0.03597564181139599,0.033009675078052914,0.030715069517044852,0.040487357699816186,0.035757091120693925,0.03114172320532524,0.02960162394125436,0.026833722353991372,0.03444060282014255,0.02435730370790592,0.024653843422593164,0.039092690919112424,0.03633989500379043
north-rhine-westphalia,2021.868493150685,0.05476402736665739,0.04928815148572561,0.055050329515630596,0.06771166615694588,0.09214238853060076,0.0961692733686288,0.1827888909969251,0.2114296497327978,0.2152934709231917,0.2620789280657786,0.259084359263616,0.29086275793308936,0.18465186141433884,0.1725411379277041,0.14904780421080344,0.13316556480711259,0.11276979074770918,0.11052377360208962,0.12855196922363157,0.10309332705620526,0.1148230792366133,0.11628752995118226,0.108569661270162,0.12054040353981298,0.10213463709478957,0.11884650902208357,0.11475011835787938,0.10220758027495425,0.11691814242855109,0.12300577015606176,0.10747539043929671,0.09986823926275969,0.10599034542865461,0.11092502708832236,0.1082153234324826,0.11064362821523767,0.12118670399094986,0.12106161295414575,0.12650856390203313,0.11360360370724576,0.10978901875059756,0.12625835652362016,0.12198416642460881,0.10940861783549269,0.11035180877009812,0.09996722928896347,0.11192556874777505,0.11104488262631698,0.10054554320832157,0.0951898729367868,0.07151795840673199,0.08087085294008828,0.0756526052129534,0.08209476928716274,0.07398100186509736,0.06426489496045906,0.06341104737483566,0.06588412004443844,0.054285125477477714,0.058860900949882805,0.06166695105810345,0.06319238134574384,0.0569035233670926,0.05278598285961756,0.053077479428229823,0.05192711854149282,0.04051858201106582,0.048408525560937506,0.04682107264453606,0.041018173540948666,0.04269392184818353,0.041538586488630395,0.037890601432940846,0.03525755013400977,0.05149508912585468,0.052265457337048,0.04368794713770722,0.034237668853286905,0.03665731772344312,0.04118470511754649,0.04261585783960033
north-rhine-westphalia,2021.8876712328768,0.049839877114736066,0.05865266578992195,0.08042816688737137,0.0816260319633473,0.11398924672287922,0.1410330803839684,0.22780586743708595,0.28061982715161393,0.2799244894681873,0.3325873354407559,0.35226327773743854,0.34422240813326455,0.22592568242748362,0.21254177424459772,0.19817996781169483,0.17043339840581193,0.1708612000122181,0.16838834667027908,0.17042818133477566,0.1670997967017578,0.1361998134990574,0.15182743414539593,0.1790996759535487,0.170501220376955,0.15675603636530153,0.1652739708564633,0.17649077097764937,0.17210288802171153,0.16006289483783087,0.14463094933994525,0.16313522782713633,0.15143108008126566,0.15017945550158965,0.16244667561949422,0.15321991250572695,0.15514962580811972,0.16388116967428226,0.16647379204704388,0.16778841052634919,0.1655817484349982,0.15912923367986959,0.1722907089577258,0.17379330086867922,0.16246754070395278,0.1591396655555091,0.16754322122521162,0.1525001999334044,0.14196120246292807,0.13410397332644175,0.14354113376572133,0.12754068206395913,0.11748622137308458,0.1174393155371031,0.11747058608972484,0.09784679994280492,0.10485965538553062,0.09739875959833075,0.08855335815189634,0.10300996201008454,0.08264163483862061,0.08248538695134285,0.07042967404123249,0.08361559058685969,0.07482981554135534,0.0689248590185716,0.0723563173961331,0.06631626902489622,0.06204700288271908,0.0670399964454115,0.05853293095053196,0.06249473873298298,0.056268432642411624,0.05925134412241017,0.058184139728855507,0.05084965427612699,0.04943909470819803,0.067222231556042,0.044775671975795704,0.05932943310871388,0.06563420420079337,0.0553001944974457
north-rhine-westphalia,2021.9068493150685,0.05968864395612369,0.07613691154953875,0.09962337000755787,0.1046251835696148,0.11945630469193297,0.1685657204211505,0.28225103174164257,0.3390875814327651,0.3887088188712183,0.44084220207952485,0.45170946834258835,0.49074440628603055,0.28856197501288744,0.25386387421177137,0.2577151723408812,0.23719214103692784,0.2147974237613537,0.19041862146808403,0.1910710101566606,0.18523111791975533,0.18360817228634796,0.17973105062891742,0.1769447110373945,0.18299762385800084,0.18309155391884435,0.1652739708564633,0.17297417420076325,0.1804772305834331,0.18947919613541253,0.16673462640398135,0.17786303867769887,0.1861339359695755,0.19486024548598985,0.1924854169417222,0.20286238928449424,0.2173403682081549,0.20421447126040854,0.21628035776968785,0.2090958319608612,0.22183129251688063,0.2132257687383107,0.22068763661104032,0.21146097685826806,0.20415704621452624,0.1810616587244163,0.18581038087789944,0.18396824266866466,0.17438808882848347,0.16323955471457574,0.1688891682303271,0.13470352096875182,0.15413260581808058,0.14320220056398808,0.13463574567133477,0.12277642879577964,0.12034755738058418,0.1237719861262317,0.10642282784415154,0.11704322349822062,0.12144731128412739,0.10591739694200793,0.11235288928166651,0.09304359181632865,0.09230387467597795,0.0920642502531988,0.0861260847011509,0.07783983093377356,0.0775742343316421,0.07098683113415509,0.07555886902364703,0.07030991208114515,0.07310616545878747,0.08222497484919472,0.07582966292045193,0.061797105479818,0.06004265127694701,0.05293173093966539,0.07179393844504364,0.0713357082410395,0.060740260992557096,0.06700875620485675
north-rhine-westphalia,2021.9260273972602,0.07139298679571786,0.08988163515081445,0.08724074127317726,0.12884910372526356,0.17047513499296824,0.21289160236542365,0.2860050879710616,0.37088873840854597,0.40073375207049944,0.44877214538688354,0.45509284058236654,0.47488342051984195,0.32724434395357416,0.29457037005917847,0.24994493554693703,0.2339169382656463,0.21221283353159076,0.2042718963697128,0.1929447159807319,0.18825274971518405,0.1639489831000857,0.17042818133477566,0.18232968165184976,0.18299762385800084,0.1885606633309578,0.1756507314339655,0.16845616597417018,0.16668245942792867,0.18757952121165047,0.18179220313756847,0.1838482189308589,0.16077227988566342,0.19896817201261383,0.2202959794115162,0.20561879439316122,0.21176902793068703,0.20565533862410285,0.23369755406424111,0.22303764175835128,0.23355652185209086,0.2395846842909367,0.21277673317071336,0.1943382958474974,0.20912193672580695,0.21495406972230743,0.19370674378974068,0.19767886406846302,0.17389243172286156,0.165712163212673,0.16427761864712806,0.14186734666834858,0.13987555808326826,0.1342395226234233,0.13356177967186889,0.11540155839866853,0.1089917433161233,0.10537549710208971,0.10539112874913831,0.1117796552233809,0.11192556874777505,0.10703247784002483,0.10625087657349608,0.10247330272515504,0.09188713725911617,0.09077759017036535,0.09323633674301507,0.08705843599387504,0.07051298687180134,0.08183956733132301,0.06904982469806735,0.06509793050695976,0.08205831178822012,0.06673280156174724,0.06759711722042104,0.06501983285756448,0.06216153959373492,0.07142943681790397,0.06783662892094965,0.06199494082474447,0.0628383525815075,0.06275505204608889
north-rhine-westphalia,2021.945205479452,0.08124583701528464,0.09238201331345486,0.09838862133030563,0.16217021404080162,0.1960033334949302,0.22727314144887364,0.32108567056269866,0.36579840830950466,0.4475343232638404,0.43753841591526516,0.4483210712009109,0.48281330866527455,0.3472689975777201,0.2893986115690368,0.2389421345700542,0.25618925076815274,0.2147974237613537,0.1715342121020197,0.17605770541883803,0.16589474445091842,0.180138056549471,0.1966975498924098,0.1667085429094132,0.1580078192532504,0.18060768272403072,0.15884757382867865,0.1774977927874364,0.14895915054162745,0.17666295467176543,0.17238461968013574,0.17832220857959225,0.18791352496116867,0.18163565704216464,0.20863116933749457,0.19274638180712128,0.22198795966827697,0.2051750450667532,0.2366018579938952,0.21198309839471488,0.21198309839471488,0.21793043264177392,0.2290698077933069,0.22957121413162407,0.18777261686771865,0.18355076999204797,0.1788961766587438,0.17838482297127117,0.16241537800850417,0.15929092798745445,0.1430822708832917,0.1283799447618712,0.12196331757784512,0.1133378243747462,0.11246753685163244,0.1048700763796657,0.10245246169959561,0.10503160205580632,0.11329613362231511,0.10055596333792825,0.08959514116355663,0.09810729028983065,0.1032027438820585,0.08911591838596418,0.07316344596367182,0.09077759017036535,0.0705806786449218,0.07092434592932799,0.06910189381982798,0.06753463608866968,0.07104931641406113,0.0619741160161494,0.0636349206905713,0.057653148629555444,0.06053722436351458,0.05342623639842934,0.05438923420863379,0.0403260323903802,0.05532101663345909,0.04598832983793396,0.05934505092005016,0.05988126528766179
north-rhine-westphalia,2021.964383561644,0.06523330004377163,0.09487730221389973,0.12007131953358366,0.13611639536062878,0.1631821749005791,0.1961129459941683,0.25032636593601487,0.36325343010928135,0.3927168209733191,0.3715067342127085,0.39485978805301164,0.4055497447816211,0.29122880096567183,0.2519252689712928,0.2305270333566606,0.20576497147102774,0.18442746648408057,0.18223575296720665,0.15042456294294107,0.1495797293999007,0.15238546406709963,0.13378074181337563,0.15054972463519722,0.14135114282618502,0.14383835392990404,0.1435359193920423,0.15539997224104604,0.12779089561260365,0.14868276066080086,0.16626512550350336,0.15438816281624188,0.15632313512912027,0.16111654376433304,0.16917088247757667,0.17389764914147174,0.1783482979002987,0.1682005398288131,0.18339421860239966,0.17066816714431193,0.17166985900430215,0.17135682822524567,0.17089250270696968,0.17526463085415536,0.15006472475579233,0.14719132363726214,0.14780666659620081,0.15047149854223266,0.1359756275554678,0.1188048138528586,0.10807984195616922,0.09846676911166694,0.10161882752650747,0.09057443622540731,0.0881679037273731,0.08942324552884706,0.08180831819831028,0.0835218400422382,0.0758452856882902,0.08162082379459776,0.06690982890025482,0.07244484056284078,0.08148020343546274,0.07064837050616117,0.06858641181135208,0.0624999449864774,0.056367339704360815,0.052494487925045165,0.051229627048413405,0.05865787165875544,0.04402102792481568,0.04269392184818353,0.040487357699816186,0.0389625933133828,0.03995654727719487,0.030891974280044986,0.039550637080620475,0.05293173093966539,0.030288419329371697,0.03265585174475918,0.03769285777217115,0.04156981143111535
north-rhine-westphalia,2021.9835616438356,0.06399936768481014,0.06177628075045129,0.07299681194285383,0.11128459453109116,0.10367167574345855,0.13564717082535396,0.23906228554035178,0.26473916960178084,0.29126017620264627,0.2976506607205204,0.268528550201051,0.2823033147863633,0.20661593904758416,0.1789953172413442,0.1768403566498973,0.16781449456259082,0.14245655529628712,0.14070459170712463,0.13292575201347948,0.12844249904575877,0.12579964612335542,0.1419820593291745,0.1392446671378003,0.15020031566438,0.1433429879333969,0.1311897489018257,0.11675657982552108,0.1297613693826605,0.13872327543907606,0.124413114287272,0.13460446479462712,0.1287552715939512,0.12466331278709955,0.1364552823804611,0.13392671708660656,0.14958494437967235,0.13893183149122276,0.14279548363796363,0.13898397063495715,0.133264618240274,0.12905240725728392,0.12951114635233543,0.12198416642460881,0.12576837056159731,0.11383811601110339,0.10391135366122232,0.11395276685568381,0.09958169024917103,0.09808124119640886,0.08644381147625915,0.09173086158883496,0.07436635114195787,0.06036542475814086,0.07566822792760271,0.06416076645546802,0.06942472353846522,0.06167736339985242,0.05489937000426714,0.06655056816632929,0.05812687572201309,0.050516529746210785,0.04872081708507943,0.04630581146000827,0.04238687075715279,0.0436567209233051,0.041267971105844625,0.0386763797264933,0.03994613928385569,0.038437002299943214,0.03851506003534658,0.03384221006504838,0.037328595102359544,0.03041849523516744,0.023498908803311888,0.021881002991773712,0.026833722353991372,0.031079285861553903,0.021724937569143943,0.01798991153460109,0.030709866444887865,0.0290136926713774
north-rhine-westphalia,2022.0027397260274,0.07015890826374106,0.05865266578992195,0.06557172542756004,0.061661744888013695,0.08789704557079864,0.1093252426642555,0.1315650960151977,0.15944219085940733,0.17402808477692974,0.20285194863382053,0.19301256731905095,0.2119100010640104,0.15206211889683366,0.17125248505098256,0.16132518964853265,0.20576497147102774,0.18119733048225664,0.18727161340554924,0.20796289778831722,0.20941431098856184,0.22006098650774533,0.21585740397061234,0.2378555644898086,0.23510267365996665,0.22834382176732024,0.2127297413005595,0.22472971122735494,0.20018443107544542,0.1975431493023512,0.18461533194110225,0.1746437453930193,0.16388638608850936,0.16385508761098455,0.18216791568936902,0.18446921430476523,0.16860223862143345,0.15236460302769775,0.16985952372940155,0.16634859202043523,0.18104600431360035,0.165712163212673,0.16205545683605282,0.15228637420447902,0.14113736293754456,0.12279206567457399,0.14681586371389763,0.1408297300059997,0.12699855683884323,0.12078015922155808,0.1154484623965563,0.11194641357039774,0.11626668338830459,0.0998994992506716,0.09710180475304941,0.08802205685236349,0.08558959963490716,0.09531490175201943,0.09370517873635599,0.08091772580160633,0.07386123172562513,0.07133050110283684,0.06928413615657782,0.06397333567194446,0.061515972337040835,0.057788498787024106,0.05725230599908168,0.04742481951846127,0.050292712901256656,0.043370481498337804,0.03601206701581435,0.044260431058376036,0.03259861584354137,0.03469036878963116,0.028789968358959313,0.034107583393643275,0.03107408275295363,0.030241592082934123,0.03555415201608146,0.03465394451102432,0.03769285777217115,0.03810395727872194
