State,week_end_num,A00,A01,A02,A03,A04,A05,A06,A07,A08,A09,A10,A11,A12,A13,A14,A15,A16,A17,A18,A19,A20,A21,A22,A23,A24,A25,A26,A27,A28,A29,A30,A31,A32,A33,A34,A35,A36,A37,A38,A39,A40,A41,A42,A43,A44,A45,A46,A47,A48,A49,A50,A51,A52,A53,A54,A55,A56,A57,A58,A59,A60,A61,A62,A63,A64,A65,A66,A67,A68,A69,A70,A71,A72,A73,A74,A75,A76,A77,A78,A79,A80+
brandenburg,2020.0109289617487,-0,-0,-0,-0,-0,-0,-0,-0,-0,-0,-0,-0,-0,-0,-0,-0,-0,-0,-0,-0,-0,-0,-0,-0,-0,-0,-0,-0,-0,-0,-0,-0,-0,-0,-0,-0,-0,-0,-0,-0,-0,-0,-0,-0,-0,-0,-0,-0,-0,-0,-0,-0,-0,-0,-0,-0,-0,-0,-0,-0,-0,-0,-0,-0,-0,-0,-0,-0,-0,-0,-0,-0,-0,-0,-0,-0,-0,-0,-0,-0,-0
brandenburg,2020.0300546448088,-0,-0,-0,-0,-0,-0,-0,-0,-0,-0,-0,-0,-0,-0,-0,-0,-0,-0,-0,-0,-0,-0,-0,-0,-0,-0,-0,-0,-0,-0,-0,-0,-0,-0,-0,-0,-0,-0,-0,-0,-0,-0,-0,-0,-0,-0,-0,-0,-0,-0,-0,-0,-0,-0,-0,-0,-0,-0,-0,-0,-0,-0,-0,-0,-0,-0,-0,-0,-0,-0,-0,-0,-0,-0,-0,-0,-0,-0,-0,-0,-0
brandenburg,2020.049180327869,-0,-0,-0,-0,-0,-0,-0,-0,-0,-0,-0,-0,-0,-0,-0,-0,-0,-0,-0,-0,-0,-0,-0,-0,-0,-0,-0,-0,-0,-0,-0,-0,-0,-0,-0,-0,-0,-0,-0,-0,-0,-0,-0,-0,-0,-0,-0,-0,-0,-0,-0,-0,-0,-0,-0,-0,-0,-0,-0,-0,-0,-0,-0,-0,-0,-0,-0,-0,-0,-0,-0,-0,-0,-0,-0,-0,-0,-0,-0,-0,-0
brandenburg,2020.068306010929,-0,-0,-0,-0,-0,-0,-0,-0,-0,-0,-0,-0,-0,-0,-0,-0,-0,-0,-0,-0,-0,-0,-0,-0,-0,-0,-0,-0,-0,-0,-0,-0,-0,-0,-0,-0,-0,-0,-0,-0,-0,-0,-0,-0,-0,-0,-0,-0,-0,-0,-0,-0,-0,-0,-0,-0,-0,-0,-0,-0,-0,-0,-0,-0,-0,-0,-0,-0,-0,-0,-0,-0,-0,-0,-0,-0,-0,-0,-0,-0,-0
brandenburg,2020.0874316939892,-0,-0,-0,-0,-0,-0,-0,-0,-0,-0,-0,-0,-0,-0,-0,-0,-0,-0,-0,-0,-0,-0,-0,-0,-0,-0,-0,-0,-0,-0,-0,-0,-0,-0,-0,-0,-0,-0,-0,-0,-0,-0,-0,-0,-0,-0,-0,-0,-0,-0,-0,-0,-0,-0,-0,-0,-0,-0,-0,-0,-0,-0,-0,-0,-0,-0,-0,-0,-0,-0,-0,-0,-0,-0,-0,-0,-0,-0,-0,-0,-0
brandenburg,2020.1065573770493,-0,-0,-0,-0,-0,-0,-0,-0,-0,-0,-0,-0,-0,-0,-0,-0,-0,-0,-0,-0,-0,-0,-0,-0,-0,-0,-0,-0,-0,-0,-0,-0,-0,-0,-0,-0,-0,-0,-0,-0,-0,-0,-0,-0,-0,-0,-0,-0,-0,-0,-0,-0,-0,-0,-0,-0,-0,-0,-0,-0,-0,-0,-0,-0,-0,-0,-0,-0,-0,-0,-0,-0,-0,-0,-0,-0,-0,-0,-0,-0,-0
brandenburg,2020.1256830601094,-0,-0,-0,-0,-0,-0,-0,-0,-0,-0,-0,-0,-0,-0,-0,-0,-0,-0,-0,-0,-0,-0,-0,-0,-0,-0,-0,-0,-0,-0,-0,-0,-0,-0,-0,-0,-0,-0,-0,-0,-0,-0,-0,-0,-0,-0,-0,-0,-0,-0,-0,-0,-0,-0,-0,-0,-0,-0,-0,-0,-0,-0,-0,-0,-0,-0,-0,-0,-0,-0,-0,-0,-0,-0,-0,-0,-0,-0,-0,-0,-0
brandenburg,2020.1448087431695,-0,-0,-0,-0,-0,-0,-0,-0,-0,-0,-0,-0,-0,-0,-0,-0,-0,-0,-0,0.004909031709944994,-0,-0,-0,-0,-0,-0,-0,-0,-0,-0,-0,-0,-0,-0,-0,-0,-0,-0,-0,-0,-0,-0,-0,-0,-0,-0,-0,-0,-0,-0,-0,-0,-0,-0,-0,-0,-0,-0,-0,-0,-0,-0,-0,-0,-0,-0,-0,-0,-0,-0,-0,-0,-0,-0,-0,-0,-0,-0,-0,-0,-0
brandenburg,2020.1639344262296,-0,-0,-0,-0,-0,-0,-0,-0,-0,-0,-0,-0,-0,-0,-0,-0,-0,-0,-0,-0,-0,-0,-0,-0,-0,-0,-0,-0,-0,-0,-0,-0,-0,-0,-0,-0,-0,-0,-0,-0,-0,-0,-0,-0,-0,-0,-0,-0,-0,-0,-0,0.002766473588848688,-0,-0,-0,-0,-0,-0,-0,-0,-0,-0,-0,-0,-0,-0,-0,-0,-0,-0,-0,-0,-0,-0,-0,-0,-0,-0,-0,-0,-0
brandenburg,2020.1830601092897,-0,-0,-0,-0,-0,-0,-0,-0,-0,-0,-0,-0,-0,-0,-0,-0,-0,-0,-0,-0,-0,-0,-0,-0,-0,-0,-0,-0,-0,-0,-0,-0,-0,-0,-0,-0,-0,-0,-0,-0,-0,-0,-0,-0,-0,-0,-0,-0,-0,-0,-0,-0,-0,-0,-0,-0,-0,-0,-0,-0,-0,0.0023348524178297934,-0,-0,0.0026884694975347276,-0,-0,-0,-0,-0,-0,-0,-0,-0,-0,-0,-0,0.004331780421159893,-0,-0,-0
brandenburg,2020.2021857923498,-0,-0,0.004633406421319078,-0,-0,-0,-0,-0,-0,-0,0.0042433731319792235,-0,-0,-0,-0,-0,-0,-0,-0,-0,-0,-0,-0,-0,0.005538294919439953,0.006079155333551316,0.006271578183767644,0.01285598906572358,0.005964742084499513,0.010645489603034252,0.003655728500360734,0.0034269129180184016,0.00645360045418919,-0,0.009652095742195298,0.006193568834347745,-0,-0,0.003042088981968304,0.0030784911242383115,-0,-0,0.006224772560067722,0.0032084989832143057,0.0035049181170700625,0.007348119156845715,0.011441258584595685,0.003759735916092501,-0,0.0028652789391583914,0.0028652789391583914,-0,0.0026312665716063024,0.007478137690988677,0.011690914107985973,0.0022308478520263295,-0,0.00210084243730566,0.0021268434942464864,-0,0.0022880503374788598,0.0046698096775942876,0.007696569560199222,0.002646867363344045,-0,0.005434283946279259,-0,-0,0.003016087467382218,-0,-0,-0,-0,-0,-0,-0,-0,-0,-0,0.003894945867543119,-0
brandenburg,2020.22131147541,-0,-0,-0,-0,-0,-0,0.004253773981728947,-0,-0,-0,-0,-0,-0,-0,-0,-0,-0,-0,0.014640060685233372,-0,0.004805021995434633,0.004851826341216602,0.015305852366663597,0.015940442997697955,0.005538294919439953,-0,-0,-0,0.0119301684426469,0.026615210082385394,0.01096795661168318,0.013709006926505778,0.01613810395633775,0.009506468917735723,0.006437998520331927,0.0092880294457223,0.009501267967258987,0.018666149840991908,0.006089556550493997,0.024653843422593164,0.008892760352683118,0.0030784911242383115,0.00934003876058632,0.006422396591155822,0.0035049181170700625,0.01102516870917996,0.007623758835177322,0.030090704575728534,0.006661626686297544,0.014338376636053524,0.008591109645195443,0.01107197865395119,0.013147261883931494,0.009969355593267648,0.004675010144853533,0.00669283069289289,0.010733907777395442,0.004196569333852543,0.006375590831702886,0.006505606934198099,0.0022880503374788598,0.0023348524178297934,0.007696569560199222,0.013235684312280121,0.0026884694975347276,0.005434283946279259,0.005621503847760371,0.00869512693287168,-0,-0,0.0067656401144341426,-0,0.004695812019103001,-0,-0,-0,0.00923081925944987,0.008663921724721541,0.004643807349082134,0.007784982720497809,0.0026260663087299776
brandenburg,2020.24043715847,-0,-0,-0,-0,-0,-0,-0,-0,0.008736733906195835,-0,-0,-0,-0,0.0044461900773324365,-0,0.004742616266586923,0.013891055233020673,-0,0.0048778287737478,0.009818526898106836,0.014416398205115664,0.014556837324433585,0.010203400986370103,0.015940442997697955,0.016616654651957382,0.006079155333551316,0.006271578183767644,-0,0.005964742084499513,0.015966450975643053,0.014624456294934828,0.017131621733031416,0.0032293002708088333,0.006339186381260658,0.006437998520331927,0.0092880294457223,0.01583120963236622,0.0031096929807496723,0.009132001813229757,0.006162365127346456,0.00592833792167956,0.009236020182871087,0.006224772560067722,0.0032084989832143057,0.017521751704830134,0.014697276823043805,0.011441258584595685,0.015040574971984157,0.006661626686297544,0.014338376636053524,0.008591109645195443,0.01107197865395119,0.007888998395657308,0.007478137690988677,0.016366975478689656,0.00669283069289289,0.010733907777395442,0.004196569333852543,0.008502695114267609,-0,0.009163207302270403,0.011680511770580458,0.010265813269109149,0.007941006311263562,0.010759913151403842,0.008149038493842695,0.005621503847760371,0.0028964806677350525,0.003016087467382218,0.0061883682152110014,0.003380109854759449,0.00404055697766933,0.004695812019103001,0.00512745278757404,0.00775897883421337,0.006786442825027931,0.00923081925944987,-0,0.013932666363999407,-0,0.009849732799143621
brandenburg,2020.25956284153,-0,-0,-0,-0,-0,0.0043473817230861005,0.004253773981728947,-0,0.0043681834662727785,0.004440989632957202,-0,-0,-0,0.0044461900773324365,-0,-0,0.009262024807791492,-0,0.0048778287737478,0.004909031709944994,0.004805021995434633,0.009704105421198058,0.015305852366663597,0.02657358880142324,-0,-0,0.018817004201356447,0.019279973763960682,0.0119301684426469,0.005319872116098456,0.01096795661168318,0.020559663885343877,0.01936320468424998,0.009506468917735723,0.009652095742195298,0.0092880294457223,0.009501267967258987,0.006219571937816006,0.01827080945561934,0.006162365127346456,0.014816910769176628,0.009236020182871087,0.012455491604661598,0.0032084989832143057,0.014015888725850446,0.007348119156845715,0.019066695138797746,0.011280023362759599,0.01999264283217882,0.0028652789391583914,0.0028652789391583914,0.008305063176946391,0.013147261883931494,0.01744892722124242,0.0023400526515775636,0.011149995322211734,0.010733907777395442,0.012590724168666974,0.010629886411403843,0.006505606934198099,0.011451660874139914,0.0046698096775942876,0.007696569560199222,0.013235684312280121,0.01614330557066179,0.008149038493842695,0.00843508410381549,0.0028964806677350525,0.012070600847419764,0.0030940920501508267,0.003380109854759449,0.024258457512136344,0.004695812019103001,0.00512745278757404,0.015513914015330582,0.006786442825027931,0.004612604572039852,0.008663921724721541,0.02322318496194863,0.011680511770580458,0.024955587324263617
brandenburg,2020.27868852459,-0,-0,-0,-0,-0,-0,0.004253773981728947,-0,-0,0.004440989632957202,0.0042433731319792235,-0,0.0043369808546132845,-0,-0,-0,0.009262024807791492,0.00929843130453477,0.009756115152214457,0.014733687125337003,0.004805021995434633,0.014556837324433585,0.010203400986370103,0.005314671584346822,0.011077179761530085,0.01823959850057322,0.0376460238573933,0.01285598906572358,0.02385787222141106,0.021287956877624414,0.003655728500360734,0.0034269129180184016,0.00968330154335463,0.02218793302268236,0.009652095742195298,0.006193568834347745,0.01266354184879604,0.009329636893456644,0.01827080945561934,0.0030784911242383115,0.008892760352683118,0.0030784911242383115,0.006224772560067722,0.006422396591155822,0.014015888725850446,0.007348119156845715,0.0038117397019696124,0.003759735916092501,0.029991847480813384,0.00860151136459996,0.017183638893488378,0.005533094365837986,0.007888998395657308,0.004987039132350607,0.0023400526515775636,0.00669283069289289,0.006437998520331927,0.00210084243730566,0.006375590831702886,0.008674323458690894,0.011451660874139914,0.007010072489501038,0.005132653300607687,0.002646867363344045,0.0026884694975347276,0.0027144708483027614,0.00843508410381549,0.0028964806677350525,0.012070600847419764,0.0061883682152110014,0.0067656401144341426,0.00404055697766933,0.014093909811048093,0.010250210191398735,0.00775897883421337,0.02035678408257603,0.018463277425680057,0.01299122267127275,0.018577718178029532,0.007784982720497809,0.022983878662088706
brandenburg,2020.2978142076502,-0,-0,0.004633406421319078,-0,-0,-0,-0,-0,-0,-0,0.0042433731319792235,-0,0.0043369808546132845,0.0044461900773324365,0.004633406421319078,-0,0.0046282059582205765,-0,0.009756115152214457,0.009818526898106836,0.014416398205115664,0.004851826341216602,0.02040360242834328,0.03720370563154478,0.0443176797970885,0.02432088666655326,0.050199022414988075,0.032140730901737524,0.017891077441780787,0.026615210082385394,0.029258229648764095,0.027416426234070354,0.025819208857950006,0.02218793302268236,0.006437998520331927,0.012387875454545077,0.0063339857475604045,0.0031096929807496723,0.006089556550493997,0.009241221106812489,0.00592833792167956,0.0030784911242383115,0.00934003876058632,-0,0.0035049181170700625,-0,0.015253837084577991,0.003759735916092501,0.006661626686297544,0.0028652789391583914,0.005725515195395651,0.002766473588848688,0.005257465769371192,0.004987039132350607,0.009350440629802517,0.011149995322211734,0.004290176972232778,0.008393477371845058,0.010629886411403843,0.006505606934198099,0.011451660874139914,-0,0.005132653300607687,0.002646867363344045,0.0026884694975347276,-0,-0,0.020294359687120483,0.009053988172539539,0.0030940920501508267,0.003380109854759449,0.00404055697766933,-0,0.00512745278757404,0.023275208216344843,0.02035678408257603,0.00923081925944987,0.004331780421159893,0.0092880294457223,0.003894945867543119,0.015102993060748082
brandenburg,2020.3169398907103,-0,-0,-0,-0,-0,-0,-0,-0,0.0043681834662727785,0.004440989632957202,0.008487092565593721,0.004409786977610334,0.008669122591443243,0.0044461900773324365,-0,-0,0.013891055233020673,-0,-0,0.004909031709944994,0.014416398205115664,0.009704105421198058,0.02040360242834328,0.015940442997697955,0.005538294919439953,0.02432088666655326,0.018817004201356447,0.00642759723369247,0.0119301684426469,0.005319872116098456,0.01096795661168318,-0,0.00968330154335463,0.006339186381260658,0.006437998520331927,0.006193568834347745,0.009501267967258987,0.0031096929807496723,0.009132001813229757,-0,0.00592833792167956,0.009236020182871087,-0,0.0032084989832143057,0.007010072489501038,0.003676529966864721,-0,0.003759735916092501,0.006661626686297544,0.0028652789391583914,0.0028652789391583914,0.002766473588848688,-0,0.014957350970185402,0.0023400526515775636,0.008923965698159696,0.012876794212917595,0.00210084243730566,0.004248573556591155,0.008674323458690894,0.004581401813715118,-0,0.002563663194818565,0.002646867363344045,0.0026884694975347276,0.005434283946279259,0.005621503847760371,0.005798323262531595,-0,0.0061883682152110014,0.003380109854759449,-0,-0,-0,-0,0.006786442825027931,0.013844242750473737,0.01299122267127275,0.018577718178029532,0.01557113111465948,0.014447606865519824
brandenburg,2020.3360655737704,-0,-0,-0,-0,-0,-0,0.012757164730230983,-0,0.008736733906195835,-0,-0,0.004409786977610334,-0,0.0044461900773324365,-0,0.004742616266586923,-0,-0,0.0048778287737478,-0,0.014416398205115664,0.004851826341216602,-0,0.015940442997697955,-0,0.006079155333551316,0.018817004201356447,0.01285598906572358,0.029825351745760797,0.005319872116098456,0.003655728500360734,0.006854051691929893,-0,0.009506468917735723,0.006437998520331927,-0,-0,0.009329636893456644,-0,0.012325460624785496,0.0029640844772087834,-0,0.006224772560067722,0.009631291885159604,0.007010072489501038,0.014697276823043805,0.015253837084577991,0.007519743690575015,0.0033333068336259724,-0,0.011456862019689484,0.005533094365837986,0.0026312665716063024,-0,0.0023400526515775636,0.0022308478520263295,0.004290176972232778,0.006297581326245275,0.006375590831702886,0.006505606934198099,0.009163207302270403,0.0046698096775942876,0.005132653300607687,0.002646867363344045,-0,0.0027144708483027614,0.005621503847760371,0.0028964806677350525,0.006032349883058143,-0,-0,-0,0.009397249067027562,-0,0.00775897883421337,-0,-0,0.004331780421159893,0.0092880294457223,0.003894945867543119,0.006568014778865976
brandenburg,2020.3551912568305,0.005236663670438811,-0,-0,-0,-0,-0,-0,0.004414987418870811,0.013105651381439466,-0,-0,-0,0.0043369808546132845,0.008892760352683118,-0,-0,0.0046282059582205765,0.013953471941975461,0.0048778287737478,-0,0.004805021995434633,0.014556837324433585,0.005101450230224663,0.005314671584346822,0.005538294919439953,-0,0.006271578183767644,0.00642759723369247,0.005964742084499513,-0,0.007311714025544296,-0,0.0032293002708088333,0.003166896432976778,-0,0.0030940920501508267,0.003166896432976778,-0,0.003042088981968304,-0,0.0029640844772087834,0.0061571645113304525,0.00934003876058632,-0,-0,-0,-0,-0,0.0033333068336259724,-0,-0,-0,0.005257465769371192,-0,-0,0.0022308478520263295,0.002147644349162222,0.004196569333852543,0.0021268434942464864,-0,-0,-0,-0,0.002646867363344045,0.0026884694975347276,-0,-0,-0,-0,0.0030940920501508267,-0,-0,-0,-0,-0,0.006786442825027931,0.004612604572039852,0.008663921724721541,-0,0.007784982720497809,0.0026260663087299776
brandenburg,2020.3743169398906,-0,-0,0.004633406421319078,-0,0.008481891717072247,-0,-0,-0,-0,-0,-0,-0,-0,-0,-0,0.004742616266586923,-0,-0,-0,-0,-0,-0,-0,-0,-0,0.012159021444997647,-0,-0,0.005964742084499513,0.005319872116098456,-0,-0,-0,-0,-0,-0,0.0063339857475604045,-0,-0,-0,0.0029640844772087834,0.0030784911242383115,0.0031148932919855626,0.0032084989832143057,-0,-0,0.0038117397019696124,-0,0.0033333068336259724,-0,0.005725515195395651,-0,-0,0.0024908596565645005,-0,-0,-0,0.00210084243730566,-0,-0,-0,-0,0.002563663194818565,-0,0.0026884694975347276,0.0027144708483027614,0.002813276099801863,-0,-0,0.0030940920501508267,0.003380109854759449,0.00404055697766933,-0,-0,-0,-0,-0,-0,-0,-0,0.003281303526214121
brandenburg,2020.3934426229507,-0,-0,-0,-0,-0,-0,-0,-0,-0,-0,-0,0.004409786977610334,-0,-0,-0,-0,0.0046282059582205765,-0,-0,-0,-0,-0,0.005101450230224663,-0,-0,-0,-0,-0,-0,-0,-0,-0,-0,0.003166896432976778,0.003218899625968554,0.0030940920501508267,-0,0.006219571937816006,-0,0.0030784911242383115,-0,-0,0.0031148932919855626,0.0032084989832143057,-0,-0,-0,-0,-0,0.0028652789391583914,-0,-0,-0,-0,-0,-0,-0,-0,0.0021268434942464864,0.0021684452123986444,-0,-0,-0,-0,-0,-0,0.002813276099801863,-0,-0,-0,0.003380109854759449,-0,-0,-0,-0,-0,-0,-0,-0,-0,6.552041277961948e-4
brandenburg,2020.4125683060108,-0,-0,-0,-0,-0,-0,-0,-0,-0,-0,-0,-0,-0,-0,-0,-0,-0,-0,-0,-0,0.004805021995434633,-0,0.005101450230224663,-0,-0,-0,-0,-0,-0,-0,-0,-0,-0,-0,-0,-0,-0,-0,-0,-0,-0,-0,0.0031148932919855626,-0,-0,-0,-0,-0,-0,-0,-0,-0,-0,-0,-0,-0,-0,0.00210084243730566,0.0021268434942464864,-0,-0,-0,0.007696569560199222,-0,-0,-0,0.002813276099801863,0.0028964806677350525,0.003016087467382218,-0,0.003380109854759449,0.00404055697766933,-0,-0,-0,-0,-0,-0,-0,0.003894945867543119,6.552041277961948e-4
brandenburg,2020.431693989071,-0,-0,-0,-0,-0,-0,-0,-0,-0,-0,-0,-0,-0,-0,-0,-0,-0,-0,0.0048778287737478,-0,-0,-0,-0,-0,-0,-0,-0,0.00642759723369247,-0,-0,-0,0.0034269129180184016,-0,-0,-0,-0,-0,-0,-0,-0,0.0029640844772087834,0.0030784911242383115,-0,-0,-0,-0,-0,-0,-0,-0,-0,-0,-0,-0,-0,-0,-0,-0,-0,0.0021684452123986444,-0,0.0023348524178297934,-0,-0,-0,-0,-0,-0,-0,-0,-0,-0,-0,-0,-0,-0,-0,-0,0.004643807349082134,-0,-0
brandenburg,2020.450819672131,-0,-0,-0,-0,-0,-0,-0,-0,0.0043681834662727785,-0,-0,-0,0.0043369808546132845,-0,-0,-0,-0,-0,-0,-0,-0,-0,-0,0.005314671584346822,0.005538294919439953,-0,-0,-0,0.0119301684426469,-0,-0,-0,0.0032293002708088333,0.003166896432976778,-0,-0,0.003166896432976778,0.0031096929807496723,-0,0.0030784911242383115,0.0029640844772087834,-0,-0,-0,-0,-0,0.0038117397019696124,-0,0.0033333068336259724,-0,-0,-0,-0,-0,0.0023400526515775636,-0,-0,-0,-0,-0,-0,-0,-0,-0,0.0026884694975347276,-0,-0,0.0028964806677350525,-0,-0,0.003380109854759449,-0,-0,-0,-0,-0,-0,-0,0.004643807349082134,-0,6.552041277961948e-4
brandenburg,2020.4699453551912,-0,-0,-0,-0,0.0042433731319792235,-0,-0,-0,0.0043681834662727785,0.008877157686964345,-0,0.004409786977610334,-0,-0,-0,-0,-0,0.004649007813746687,0.0048778287737478,-0,0.009610488036446993,0.004851826341216602,0.005101450230224663,0.005314671584346822,0.011077179761530085,-0,-0,0.00642759723369247,0.017891077441780787,0.005319872116098456,0.003655728500360734,-0,-0,0.006339186381260658,-0,0.0030940920501508267,-0,0.0031096929807496723,-0,0.0030784911242383115,0.0029640844772087834,0.0030784911242383115,-0,-0,-0,0.003676529966864721,0.007623758835177322,-0,-0,-0,0.005725515195395651,-0,0.007888998395657308,-0,-0,-0,0.002147644349162222,-0,-0,-0,-0,-0,0.002563663194818565,-0,0.0026884694975347276,0.0027144708483027614,-0,-0,-0,-0,-0,-0,-0,-0,-0,-0,-0,-0,-0,-0,-0
brandenburg,2020.4890710382513,-0,0.004914232201128649,-0,-0,-0,-0,0.004253773981728947,-0,-0,-0,0.0042433731319792235,-0,-0,-0,-0,-0,-0,0.004649007813746687,-0,-0,-0,-0,-0,-0,0.005538294919439953,-0,-0,-0,0.0119301684426469,-0,-0,0.0034269129180184016,0.00645360045418919,0.003166896432976778,0.003218899625968554,0.006193568834347745,-0,-0,0.003042088981968304,0.0030784911242383115,0.008892760352683118,0.0030784911242383115,-0,-0,-0,0.003676529966864721,-0,-0,0.0033333068336259724,-0,0.0028652789391583914,-0,-0,-0,-0,0.0022308478520263295,-0,-0,-0,0.0043369808546132845,-0,-0,-0,-0,-0,-0,-0,-0,-0,-0,-0,-0,-0,-0,-0,-0,-0,-0,-0,-0,-0
brandenburg,2020.5081967213114,0.005236663670438811,-0,-0,-0,0.0042433731319792235,-0,0.004253773981728947,-0,-0,-0,-0,-0,-0,-0,-0,-0,-0,-0,0.0048778287737478,0.004909031709944994,-0,-0,-0,0.005314671584346822,0.005538294919439953,0.006079155333551316,-0,0.01285598906572358,0.0119301684426469,0.005319872116098456,-0,-0,-0,-0,-0,0.006193568834347745,0.003166896432976778,-0,-0,-0,-0,-0,-0,0.0032084989832143057,0.0035049181170700625,-0,0.0038117397019696124,0.003759735916092501,-0,-0,-0,-0,-0,-0,-0,-0,-0,-0,0.0021268434942464864,-0,-0,-0,-0,-0,-0,-0,-0,-0,-0,-0,-0,-0,-0,-0,-0,-0,-0,-0,-0,-0,-0
brandenburg,2020.5273224043715,-0,-0,-0,-0,-0,-0,-0,-0,-0,-0,-0,-0,-0,-0,-0,-0,-0,-0,0.0048778287737478,-0,-0,-0,0.005101450230224663,-0,-0,-0,0.006271578183767644,-0,-0,-0,-0,-0,-0,-0,0.003218899625968554,-0,-0,-0,-0,-0,-0,-0,-0,-0,-0,-0,-0,-0,-0,-0,-0,-0,-0,0.0024908596565645005,-0,-0,-0,-0,-0,0.0021684452123986444,-0,-0,-0,0.002646867363344045,-0,-0,-0,-0,-0,-0,-0,-0,0.004695812019103001,-0,-0,-0,-0,-0,-0,-0,-0
brandenburg,2020.5464480874316,-0,-0,-0,-0,-0,-0,-0,-0,-0,-0,-0,-0,-0,-0,-0,-0,-0,-0,0.0048778287737478,-0,0.004805021995434633,0.004851826341216602,-0,0.005314671584346822,-0,-0,-0,-0,-0,-0,-0,0.010281416351495636,0.0032293002708088333,-0,-0,0.0030940920501508267,-0,-0,-0,-0,-0,-0,-0,0.0032084989832143057,-0,0.003676529966864721,-0,-0,-0,-0,-0,-0,0.0026312665716063024,-0,0.0023400526515775636,-0,-0,-0,-0,-0,-0,0.0023348524178297934,-0,-0,-0,-0,-0,-0,-0,-0,-0,-0,-0,-0,0.00775897883421337,-0,-0,-0,-0,-0,-0
brandenburg,2020.5655737704917,0.005236663670438811,-0,-0,0.004440989632957202,-0,0.0043473817230861005,-0,-0,-0,0.004440989632957202,-0,-0,-0,-0,-0,-0,-0,-0,0.0048778287737478,0.004909031709944994,-0,0.004851826341216602,-0,-0,0.005538294919439953,-0,0.006271578183767644,-0,-0,-0,0.003655728500360734,-0,0.0032293002708088333,0.009506468917735723,0.009652095742195298,0.0092880294457223,0.003166896432976778,0.0031096929807496723,0.003042088981968304,0.006162365127346456,-0,-0,-0,-0,0.0035049181170700625,-0,-0,-0,-0,-0,-0,-0,-0,-0,-0,-0,-0,-0,-0,-0,-0,-0,-0,0.002646867363344045,-0,-0,-0,0.0028964806677350525,-0,-0,-0,-0,-0,-0,-0,-0,-0,-0,0.004643807349082134,-0,-0
brandenburg,2020.5846994535518,-0,0.004914232201128649,-0,0.008887559463588091,-0,-0,-0,0.004414987418870811,0.008736733906195835,-0,-0,-0,-0,-0,-0,-0,-0,-0,-0,-0,-0,-0,0.005101450230224663,-0,-0,-0,0.01254391285671498,-0,-0,-0,-0,-0,0.0032293002708088333,-0,-0,-0,-0,-0,-0,-0,-0,0.0030784911242383115,0.0031148932919855626,0.0032084989832143057,0.0035049181170700625,-0,0.007623758835177322,-0,-0,-0,-0,-0,-0,0.0024908596565645005,-0,0.0022308478520263295,-0,-0,-0,-0,-0,-0,-0,-0,-0,-0,-0,-0,-0,0.0030940920501508267,-0,-0,-0,-0,-0,-0,-0,-0,-0,-0,6.552041277961948e-4
brandenburg,2020.603825136612,0.005236663670438811,-0,-0,0.004440989632957202,-0,-0,-0,0.004414987418870811,-0,-0,-0,-0,-0,-0,-0,-0,0.0046282059582205765,0.004649007813746687,-0,-0,0.009610488036446993,0.009704105421198058,-0,0.010629886411403843,-0,0.006079155333551316,0.01254391285671498,0.00642759723369247,0.02385787222141106,-0,0.003655728500360734,-0,0.00968330154335463,-0,-0,-0,-0,-0,0.003042088981968304,0.006162365127346456,0.0029640844772087834,0.0030784911242383115,-0,0.0032084989832143057,-0,0.003676529966864721,-0,-0,-0,0.0028652789391583914,-0,0.002766473588848688,0.0026312665716063024,-0,-0,-0,0.002147644349162222,0.00210084243730566,-0,-0,-0,0.0023348524178297934,-0,-0,-0,-0,-0,-0,-0,-0,-0,-0,-0,-0,-0,-0,-0,-0,-0,-0,0.0026260663087299776
brandenburg,2020.622950819672,-0,-0,-0,-0,-0,-0,-0,-0,-0,-0,0.0042433731319792235,-0,-0,0.0044461900773324365,0.004633406421319078,-0,0.0046282059582205765,-0,-0,-0,0.009610488036446993,0.014556837324433585,0.005101450230224663,0.005314671584346822,0.005538294919439953,-0,0.006271578183767644,0.00642759723369247,0.017891077441780787,-0,0.003655728500360734,0.010281416351495636,0.0032293002708088333,0.003166896432976778,-0,-0,-0,0.0031096929807496723,-0,0.0030784911242383115,-0,0.009236020182871087,-0,0.0032084989832143057,-0,0.003676529966864721,0.0038117397019696124,-0,-0,0.0028652789391583914,-0,-0,-0,0.0024908596565645005,0.0023400526515775636,0.0022308478520263295,0.004290176972232778,-0,-0,-0,-0,-0,0.002563663194818565,-0,-0,-0,-0,-0,-0,-0,-0,-0,-0,-0,-0,-0,-0,-0,-0,-0,-0
brandenburg,2020.6420765027322,0.005236663670438811,0.004914232201128649,0.004633406421319078,-0,-0,-0,-0,-0,0.0043681834662727785,-0,0.0042433731319792235,0.004409786977610334,-0,-0,-0,0.004742616266586923,-0,-0,-0,0.004909031709944994,0.004805021995434633,0.004851826341216602,-0,0.015940442997697955,0.005538294919439953,0.012159021444997647,0.006271578183767644,0.01285598906572358,-0,0.015966450975643053,0.003655728500360734,0.010281416351495636,0.00645360045418919,0.003166896432976778,0.006437998520331927,-0,0.003166896432976778,-0,0.009132001813229757,-0,0.0029640844772087834,0.0061571645113304525,0.0031148932919855626,-0,-0,0.003676529966864721,0.007623758835177322,0.003759735916092501,-0,0.0028652789391583914,0.0028652789391583914,-0,0.0026312665716063024,-0,0.007015273190818646,-0,0.002147644349162222,-0,-0,-0,-0,-0,0.002563663194818565,0.002646867363344045,-0,-0,-0,-0,-0,-0,0.0067656401144341426,-0,-0,-0,-0,-0,-0,-0,-0,-0,-0
brandenburg,2020.6612021857923,0.005236663670438811,-0,-0,-0,-0,-0,-0,0.004414987418870811,-0,-0,-0,-0,-0,0.0044461900773324365,0.004633406421319078,-0,-0,-0,-0,0.004909031709944994,0.009610488036446993,0.009704105421198058,0.005101450230224663,0.005314671584346822,0.005538294919439953,-0,0.006271578183767644,-0,0.005964742084499513,0.005319872116098456,0.007311714025544296,0.010281416351495636,0.0032293002708088333,-0,-0,0.0030940920501508267,-0,-0,-0,-0,0.00592833792167956,0.0030784911242383115,0.0031148932919855626,0.0032084989832143057,-0,0.003676529966864721,-0,-0,-0,0.00860151136459996,0.0028652789391583914,0.002766473588848688,-0,-0,-0,-0,-0,-0,-0,-0,0.0022880503374788598,-0,0.002563663194818565,-0,0.0026884694975347276,-0,-0,-0,-0,-0,-0,-0,-0,-0,-0,-0,-0,-0,-0,-0,6.552041277961948e-4
brandenburg,2020.6803278688524,-0,-0,-0,-0,-0,-0,-0,-0,-0,-0,-0,0.004409786977610334,-0,-0,-0,-0,-0,-0,0.009756115152214457,0.014733687125337003,-0,-0,0.010203400986370103,0.005314671584346822,-0,-0,0.01254391285671498,-0,-0,0.005319872116098456,-0,-0,-0,0.003166896432976778,0.009652095742195298,0.0030940920501508267,-0,-0,0.003042088981968304,-0,0.00592833792167956,0.0061571645113304525,-0,-0,0.0035049181170700625,-0,0.007623758835177322,0.003759735916092501,0.0033333068336259724,-0,0.005725515195395651,-0,0.0026312665716063024,-0,0.0023400526515775636,-0,-0,-0,-0,0.0021684452123986444,0.0022880503374788598,-0,-0,-0,-0,-0,-0,-0,-0,-0,-0,-0,-0,-0,-0,-0,-0,-0,-0,-0,-0
brandenburg,2020.6994535519125,-0,0.004914232201128649,-0,-0,-0,0.008700327802714423,0.004253773981728947,-0,-0,-0,-0,0.013225281665846569,-0,-0,0.004633406421319078,-0,-0,-0,0.0048778287737478,0.004909031709944994,-0,0.009704105421198058,0.02040360242834328,-0,0.011077179761530085,0.01823959850057322,-0,0.01285598906572358,0.005964742084499513,0.005319872116098456,-0,-0,0.0032293002708088333,0.003166896432976778,0.006437998520331927,-0,0.0063339857475604045,-0,0.003042088981968304,0.0030784911242383115,0.0029640844772087834,-0,0.006224772560067722,0.0032084989832143057,-0,-0,-0,-0,0.006661626686297544,0.0028652789391583914,-0,-0,-0,-0,0.004675010144853533,0.0022308478520263295,-0,-0,-0,0.0021684452123986444,0.0022880503374788598,-0,-0,-0,-0,-0,-0,-0,-0,0.009282828517093458,-0,-0,-0,-0,-0,-0,-0,-0,-0,-0,6.552041277961948e-4
brandenburg,2020.7185792349726,-0,0.004914232201128649,-0,-0,-0,-0,-0,-0,-0,-0,-0,-0,-0,-0,-0,-0,-0,-0,0.0048778287737478,0.004909031709944994,0.009610488036446993,-0,-0,0.005314671584346822,0.005538294919439953,0.006079155333551316,0.006271578183767644,-0,0.017891077441780787,0.005319872116098456,0.003655728500360734,0.0034269129180184016,0.0032293002708088333,0.006339186381260658,0.009652095742195298,-0,-0,-0,-0,0.0030784911242383115,0.00592833792167956,-0,0.0031148932919855626,-0,0.0035049181170700625,0.003676529966864721,0.0038117397019696124,-0,-0,-0,0.0028652789391583914,0.002766473588848688,0.0026312665716063024,-0,-0,0.0022308478520263295,0.010733907777395442,0.00210084243730566,0.006375590831702886,-0,-0,-0,-0,-0,-0,-0,-0,-0,0.003016087467382218,-0,0.003380109854759449,0.00404055697766933,-0,-0,-0,0.006786442825027931,-0,-0,-0,-0,-0
brandenburg,2020.7377049180327,0.005236663670438811,0.004914232201128649,0.004633406421319078,-0,0.0042433731319792235,-0,0.004253773981728947,-0,-0,-0,0.0042433731319792235,0.004409786977610334,0.0043369808546132845,-0,-0,0.004742616266586923,0.0046282059582205765,0.004649007813746687,0.0048778287737478,0.014733687125337003,0.004805021995434633,0.009704105421198058,0.005101450230224663,0.010629886411403843,0.005538294919439953,-0,-0,0.01285598906572358,-0,-0,-0,0.0034269129180184016,0.00645360045418919,-0,-0,-0,-0,-0,0.003042088981968304,0.0030784911242383115,-0,-0,0.0031148932919855626,-0,-0,-0,-0,0.007519743690575015,-0,-0,-0,0.005533094365837986,-0,0.004987039132350607,-0,0.0044617914135902225,0.002147644349162222,0.006297581326245275,0.006375590831702886,0.0021684452123986444,-0,0.007010072489501038,-0,0.002646867363344045,-0,-0,-0,0.0028964806677350525,-0,-0,-0,0.00404055697766933,0.009397249067027562,-0,-0,-0,-0,-0,0.004643807349082134,0.003894945867543119,0.0019708373476054787
brandenburg,2020.7568306010928,-0,-0,0.004633406421319078,-0,-0,-0,0.004253773981728947,0.004414987418870811,-0,-0,-0,0.004409786977610334,-0,0.0044461900773324365,-0,0.004742616266586923,0.009262024807791492,0.004649007813746687,0.0048778287737478,0.004909031709944994,0.009610488036446993,0.009704105421198058,0.010203400986370103,0.015940442997697955,0.022151517500562122,0.006079155333551316,0.01254391285671498,-0,0.0119301684426469,0.005319872116098456,0.007311714025544296,0.0034269129180184016,0.0032293002708088333,0.006339186381260658,0.022531280627817375,0.0092880294457223,-0,0.006219571937816006,0.003042088981968304,0.015404681545978773,-0,0.012315058160441395,0.006224772560067722,0.012840385210793658,0.010515463149157066,0.007348119156845715,-0,0.007519743690575015,0.006661626686297544,0.011467264312355086,0.011456862019689484,0.002766473588848688,0.005257465769371192,0.004987039132350607,0.004675010144853533,0.0044617914135902225,0.004290176972232778,-0,0.004248573556591155,-0,0.004581401813715118,0.009345239694937212,0.002563663194818565,0.002646867363344045,0.0026884694975347276,-0,0.002813276099801863,0.0028964806677350525,-0,0.009282828517093458,-0,0.00808662875168014,0.004695812019103001,-0,-0,0.006786442825027931,-0,-0,0.004643807349082134,0.003894945867543119,0.006568014778865976
brandenburg,2020.775956284153,0.010473854752581438,0.004914232201128649,0.004633406421319078,-0,0.0042433731319792235,-0,0.004253773981728947,-0,-0,-0,-0,0.008814747070922528,0.008669122591443243,0.0044461900773324365,0.004633406421319078,0.004742616266586923,0.009262024807791492,0.013953471941975461,0.03415961753844482,0.009818526898106836,0.009610488036446993,0.024263659938811303,0.02550705484115976,0.010629886411403843,0.011077179761530085,0.01823959850057322,0.006271578183767644,0.00642759723369247,0.0119301684426469,0.010645489603034252,0.021943429291970015,0.006854051691929893,0.00968330154335463,0.009506468917735723,0.006437998520331927,0.006193568834347745,-0,0.009329636893456644,0.003042088981968304,0.009241221106812489,0.00592833792167956,0.0030784911242383115,0.006224772560067722,0.019264367981240333,0.017521751704830134,0.003676529966864721,0.0038117397019696124,0.015040574971984157,0.013329308223824075,0.005735916341602262,0.011456862019689484,0.01107197865395119,0.013147261883931494,0.007478137690988677,0.004675010144853533,0.0022308478520263295,0.006437998520331927,0.014692075353365513,0.010629886411403843,0.0021684452123986444,0.009163207302270403,0.011680511770580458,0.01796390254459583,0.002646867363344045,0.005382278537721043,-0,0.005621503847760371,0.005798323262531595,0.006032349883058143,0.0030940920501508267,0.003380109854759449,0.00404055697766933,-0,0.00512745278757404,-0,-0,-0,0.008663921724721541,0.013932666363999407,0.011680511770580458,0.004597003190534185
brandenburg,2020.795081967213,-0,-0,-0,-0,0.012725957084356844,0.0043473817230861005,0.004253773981728947,0.004414987418870811,0.0043681834662727785,0.004440989632957202,0.01273115835737145,0.004409786977610334,0.008669122591443243,0.0177922435368097,0.023171161759598883,0.004742616266586923,0.02315555480904589,0.023254398908340777,0.024398923214970083,0.01964411002375528,0.024029551253850073,0.024263659938811303,-0,0.05847566655958303,0.03323341754606753,0.03648559699518292,0.056476658254863206,0.019279973763960682,0.04176236565742,0.026615210082385394,0.036574059117708134,0.023987932042426656,0.03227601466945045,0.019014676094624178,0.019311185343457573,0.015482704714958174,0.009501267967258987,0.012445089114310883,0.012179826313337437,0.02156887261491116,0.014816910769176628,0.018473681120032222,0.021797768041415647,0.012840385210793658,0.010515463149157066,0.02204747329218073,0.007623758835177322,0.015040574971984157,0.016658267964057123,0.01720444577224309,0.017183638893488378,0.016606251329135777,0.013147261883931494,0.012460692850623104,0.01870256292238956,0.01561274359008081,0.002147644349162222,0.006297581326245275,0.0127519634546151,0.01518101577706131,0.011451660874139914,0.009345239694937212,0.020528451556473076,0.010588277923271066,0.008071026327846035,0.013584174170386924,0.011248816603374616,0.011597293146249922,0.012070600847419764,0.009282828517093458,-0,0.012127814158101031,0.009397249067027562,0.010250210191398735,-0,0.006786442825027931,0.018463277425680057,0.01299122267127275,0.0092880294457223,0.01946724352195112,0.013787027551257304
brandenburg,2020.8142076502731,0.02094981957697701,0.004914232201128649,0.009272426661402104,0.008887559463588091,0.0042433731319792235,0.021750948440391216,0.017011982461439912,0.004414987418870811,0.008736733906195835,0.008877157686964345,0.01697036886627717,0.02204227108722312,0.0043369808546132845,0.0177922435368097,0.013901458012643687,0.01896785899936338,0.02315555480904589,0.027905486316228162,0.03904065183776083,0.014733687125337003,0.03845261383765349,0.04367753839749353,0.02550705484115976,0.0637963183300526,0.05539909971776432,0.06082355830046883,0.03137066077391138,0.05143262733865298,0.047726695584121286,0.03193780591009149,0.04389091798842401,0.03427409284030171,0.03227601466945045,0.04438013303847859,0.03862954492589626,0.012387875454545077,0.05068309174440938,0.0279991366439112,0.015222627940297821,0.033899447335101314,0.029643247645955384,0.0369539275897547,0.021797768041415647,0.019264367981240333,0.028040759065911126,0.025725562456160974,0.019066695138797746,0.01880139855757781,0.029991847480813384,0.03728696524542495,0.04296454465194048,0.03875443782122968,0.01841125898514139,0.03739624369095737,0.025720359883225498,0.03123017623734026,0.01932158920745296,0.02099143635685808,0.019129118060496397,0.030366464833802426,0.03436775463835302,0.03972236793093831,0.01539948000554531,0.023826657912771082,0.01614330557066179,0.013584174170386924,0.019685725758660073,0.0028964806677350525,0.015087388531530141,0.012377472977715043,0.02368099138687019,0.028300899958220646,0.004695812019103001,0.03588718070688838,0.023275208216344843,0.03393066769077411,0.013844242750473737,0.004331780421159893,0.004643807349082134,0.003894945867543119,0.02363937245441662
brandenburg,2020.8333333333333,0.026188593531821215,0.03442499248688489,0.01854130518405447,0.013329308223824075,0.0042433731319792235,0.017402111535642723,0.012757164730230983,0.008835550601276452,0.039321663495744605,0.01775583109285882,0.025460231900261403,0.026448725158426525,0.017339690687083274,0.0400398112988978,0.027806633375535787,0.028451782272062746,0.02315555480904589,0.03721411307599008,0.043927348737796176,0.044208386805146015,0.043261190497185395,0.04367753839749353,0.051031832656084485,0.07443925538044018,0.04986069706441244,0.07908971550979284,0.06275505204608889,0.0900431142755516,0.059667820071127003,0.05323884430278651,0.08415726370977542,0.03770326531451739,0.05165644909005129,0.06341625372006618,0.0515107045843754,0.021678118033694314,0.05068309174440938,0.03733900257180066,0.051781373277189374,0.040065831333026714,0.03854107930652341,0.04619130966791754,0.040487357699816186,0.03853587545124419,0.05609664713984024,0.04043011317789049,0.08394371882410427,0.03385261683673502,0.03999297527028432,0.04302179196398028,0.05443087775946044,0.05537307200997013,0.04998561693752056,0.034903711505238535,0.05847566655958303,0.04239207499782557,0.03650120794704954,0.03568944466449106,0.03614215723989018,0.036875872197746386,0.043537020608455636,0.030371667871593303,0.04363590345745065,0.0264747383926573,0.03497656043786869,0.02717189791783759,0.02250006711548699,0.034794438297652816,0.030179155819956553,0.027858661215628747,0.016913150227306765,0.028300899958220646,0.014093909811048093,0.025631916223012953,0.015513914015330582,0.040721540491192455,0.018463277425680057,0.02599089436591945,0.03252056698886141,0.03504420596669093,0.03217715341996335
brandenburg,2020.8524590163934,0.02094981957697701,0.004914232201128649,0.01854130518405447,0.01777143642285684,0.012725957084356844,0.03481004874182383,0.017011982461439912,0.017667400977983524,0.008736733906195835,0.02219833746225125,0.01697036886627717,0.05732518624752535,0.03902504012351348,0.013344912225473633,0.027806633375535787,0.042688717577295594,0.0324217052744362,0.03721411307599008,0.06345790450069912,0.054035265373107176,0.067315952718758107,0.05338979899360749,0.061240046841530144,0.0531607644622462,0.07757944209511854,0.073002019247919,0.056476658254863206,0.03857230244911182,0.047726695584121286,0.06389523971153373,0.06951324171465603,0.05141701190357862,0.04842414009260474,0.03169845950189206,0.048288814307289096,0.058860900949882805,0.05068309174440938,0.04979303225844547,0.04263667489709784,0.04314669540901133,0.05930340343358489,0.0369539275897547,0.04360467727429517,0.04817430814862606,0.049079954656442715,0.05881925385118346,0.08776161702158079,0.045139986816681604,0.06667552814008557,0.04589464710671708,0.05729915757563819,0.060917267931368736,0.06840937876505046,0.052364356785388255,0.051453447926050395,0.020075874893171124,0.062281282788635144,0.04408868522039551,0.0382704795227004,0.036875872197746386,0.04811705516385254,0.044395746360543206,0.07703262977807465,0.055612527413104636,0.03228642112769874,0.024450947645644226,0.025314560798192203,0.055097179108271124,0.024138801842335366,0.012377472977715043,0.027067843663946586,0.020216329298186144,0.0328952025597092,0.020502441296728256,0.023275208216344843,0.03393066769077411,0.05078198818327173,0.043323642469712965,0.03252056698886141,0.06621213641201647,0.0466337043503344
brandenburg,2020.8715846994535,0.026188593531821215,0.03442499248688489,0.01854130518405447,0.031105301412347252,0.012725957084356844,0.017402111535642723,0.04254299820398647,0.0662850292191406,0.04805980224211557,0.03551772713242403,0.021215127119388867,0.03526795718895261,0.05204163296430165,0.022239955241367685,0.03707881646067312,0.04743002426336422,0.055591705160362534,0.027905486316228162,0.0878866279775669,0.05894940114538459,0.02883679429818681,0.024263659938811303,0.045925874665032416,0.09040253735343136,0.027692172310554285,0.03648559699518292,0.050199022414988075,0.057866585576585736,0.07160648014625393,0.10120201545153916,0.036574059117708134,0.05827784460334798,0.06457728172651246,0.060240479947107003,0.05473279450031702,0.04646195067373005,0.03800508494866891,0.03733900257180066,0.06396812927093748,0.07090351754440441,0.05930340343358489,0.040029403288893,0.04360467727429517,0.04174675312602411,0.031547567767260434,0.025725562456160974,0.08012610092041277,0.07525162380996908,0.060006209235587846,0.06885716940090322,0.03437295807652782,0.0664568483830716,0.057882202948567024,0.03989409934840773,0.056133086441447155,0.053551164837355274,0.03650120794704954,0.02728635783760315,0.051031832656084485,0.04338609451725118,0.03436775463835302,0.05608623591549897,0.04107021460134682,0.04236605379965862,0.02690655998191206,0.0516356284213729,0.028124004009853,0.011597293146249922,0.024138801842335366,0.04024276791037024,0.033831803295450234,0.020216329298186144,0.01879619667735517,0.025631916223012953,0.03103766100735226,0.04750809549946297,0.023077520126531876,0.03898861280848737,0.02322318496194863,0.02725514147086117,0.05912119607249507
brandenburg,2020.8907103825136,0.03142789532355181,0.024586211408980454,0.03245292474289763,0.02221914634764591,0.008481891717072247,0.0043473817230861005,0.05105785819104174,0.053020221044720324,0.05680461528528622,0.0843968516985602,0.0509329357420536,0.06614965694437978,0.043360072821664625,0.031136520090483278,0.060266510091313355,0.10915849272282926,0.06485843142050485,0.08842313674294484,0.073231141187157,0.09828963430917727,0.0865636106003739,0.03882208826478198,0.02040360242834328,0.0637963183300526,0.07757944209511854,0.0486531537623598,0.07531932175196575,0.057866585576585736,0.04176236565742,0.09054318184278065,0.07683473721370734,0.07200222623628529,0.05165644909005129,0.10149899371276115,0.07084103243968999,0.08986600816535126,0.05068309174440938,0.07470483597070458,0.048731226834851364,0.052400793471663994,0.07117428719913967,0.07084623952888461,0.07477774068374604,0.08674591414488746,0.07363731437876718,0.06617569004677477,0.0992222037197742,0.08655319327427684,0.07334570253535737,0.08033963012906797,0.07736592422037898,0.06922685992477257,0.05261420886114938,0.08231351481760345,0.04911638904139167,0.0691852045230929,0.053686504318222444,0.06509793050695976,0.040398888919763454,0.06943513743372597,0.052702698425861984,0.08181352638583875,0.03593401303758634,0.04501507858369407,0.04305301779711293,0.04075796902019888,0.03093880211216547,0.034794438297652816,0.045275304407666354,0.04024276791037024,0.02368099138687019,0.028300899958220646,0.042298398745359116,0.03588718070688838,0.03103766100735226,-0,0.027692172310554285,0.043323642469712965,0.07436114370026607,0.023358445531629923,0.05320240702927941
brandenburg,2020.9098360655737,0.026188593531821215,0.024586211408980454,0.004633406421319078,0.01777143642285684,0.02544982680800896,0.03481004874182383,0.034029532274063135,0.0662850292191406,0.04805980224211557,0.03996175127464278,0.05942834599304311,0.05732518624752535,0.06939868880944058,0.08011047686639707,0.060266510091313355,0.07591298440317037,0.08340725627278542,0.04186644931987091,0.043927348737796176,0.044208386805146015,0.0865636106003739,0.07281976388081463,0.06634750884942543,0.04784120075712602,0.04986069706441244,0.0486531537623598,0.056476658254863206,0.0836051738513321,0.08952742463356114,0.05323884430278651,0.08049587156896387,0.05484731510196017,0.09042858260053474,0.08245413743023161,0.05473279450031702,0.04336527715973789,0.06018841969777895,0.06847186094786732,0.07921470561975372,0.07707429146653796,0.04446860859217735,0.06468141106556755,0.09036607402940151,0.06423886281466018,0.0596053484661716,0.05146385822287528,0.10304122388671784,0.06395771647048158,0.07334570253535737,0.04876245609667059,0.09170481568945091,0.060917267931368736,0.04471842273285485,0.04737797683775428,0.06081835221481775,0.062484326227563676,0.0708774820749848,0.05248928267320329,0.0637963183300526,0.06075067314874975,0.07104931641406113,0.0373858362100598,0.05648186390586068,0.06091206183632993,0.03497656043786869,0.059792763506188326,0.03375375258980417,0.04059143881022278,0.02716149248307872,0.04953798878118495,0.03044971350096989,0.028300899958220646,0.0328952025597092,0.0461444680983624,0.03103766100735226,0.04750809549946297,0.023077520126531876,0.03898861280848737,0.05110990930002715,0.038936573831297734,0.08936073816619917
brandenburg,2020.9289617486338,0.0366677250585332,0.019670119854168545,-0,0.01777143642285684,0.016965167169226247,0.017402111535642723,0.055310605564410184,0.017667400977983524,0.06991938586659296,0.04440095080227126,0.07641812375037996,0.06173463131673721,0.09110055448591844,0.08456352225487922,0.11596440916564721,0.10915849272282926,0.09732061342200124,0.03256219303011402,0.07811584452634125,0.07369980284368877,0.0865636106003739,0.058246609626425694,0.09700282018146802,0.0637963183300526,0.0443176797970885,0.07908971550979284,0.04392214434346856,0.0836051738513321,0.11940418512443166,0.13854078957959695,0.07317386060770309,0.0651395826345987,0.06457728172651246,0.08880338417123257,0.06117236722661607,0.08676674887638547,0.044343701971882615,0.04979303225844547,0.03044971350096989,0.08016255706469592,0.05336897763088874,0.06776373393878579,0.096606883779352,0.07388206129528281,0.1052296019562053,0.05146385822287528,0.08012610092041277,0.08278225833857573,0.0900326962523712,0.051630423255508776,0.05729915757563819,0.09694551341035867,0.06314552445914219,0.0773190545603483,0.07486106048094708,0.07141381537669728,0.06442629455526408,0.06299454144508015,0.05954287693627384,0.05857978368093586,0.07104931641406113,0.05374896881281492,0.06418679856216468,0.07151275125027924,0.06459290111407484,0.048913397793183974,0.03656885545927882,0.04059143881022278,0.05433197438070381,0.04024276791037024,0.04398980151039082,0.05661721101463139,0.042298398745359116,0.0461444680983624,0.05432676894493024,0.040721540491192455,0.05078198818327173,0.0519895809226747,0.04646195067373005,0.05451937041569583,0.08409997109339186
brandenburg,2020.948087431694,0.03142789532355181,0.004914232201128649,0.01854130518405447,0.03999817927137783,0.03393587108520574,0.02610535168614876,0.02977852491633041,0.053020221044720324,0.04368794713770722,0.02219833746225125,0.07641812375037996,0.04408868522039551,0.06071943668642638,0.08901694901473073,0.06490528985062274,0.10915849272282926,0.078772033665854585,0.07444967027999577,0.09277270826209914,0.09828963430917727,0.08175102816989636,0.07281976388081463,0.11233204429610837,0.09572645705890168,0.10531297056087378,0.14610145440197592,0.1444536572124583,0.05143262733865298,0.13733639896815794,0.09054318184278065,0.08781891367243505,0.0960234040501075,0.07103890219552828,0.13325940489697946,0.09017854876683377,0.08986600816535126,0.10141563122259292,0.10274423681752815,0.11581327271323211,0.06473347581328352,0.07710553775479027,0.09242889655230552,0.09036607402940151,0.070669198788886875,0.11576115679701553,0.1103413866773456,0.09540346401136256,0.08655319327427684,0.14345770384955595,0.08033963012906797,0.06876344546036153,0.1080381554190857,0.08684487919384784,0.12226562667405917,0.09827400479674708,0.08258434389210302,0.10097277023440178,0.08821478316692585,0.11702237663238091,0.07377791353043679,0.10775677216787961,0.09117348218961673,0.07446529263323748,0.06886237629143907,0.06190122925174295,0.048913397793183974,0.061896023058197525,0.034794438297652816,0.08454268840612454,0.06812300305443662,0.05414457902104155,0.06471264990793928,0.05170329562506108,0.08205831178822012,0.09316340614619323,0.06788349003486983,0.04154899480070872,0.06066216988757009,0.055758283415752785,0.10909596163265001,0.1492407568367689
brandenburg,2020.967213114754,0.052390382987264866,0.039347683170519544,0.023176364077494654,0.04444258635487082,0.04242330045281737,0.03045491654709628,0.05956890673127655,0.0662850292191406,0.06991938586659296,0.09328843008908339,0.07217406429213817,0.07939177545647738,0.06071943668642638,0.09347075721128645,0.060266510091313355,0.1139110756102228,0.12980307333811147,0.10705853141790869,0.12210404745571657,0.1475042089776196,0.16362556601804734,0.11169627625041882,0.12255751298634864,0.11702237663238091,0.12196331757784512,0.1339110768591562,0.1633230163752247,0.16090268260185261,0.08952742463356114,0.07455381939027421,0.1024680924679792,0.15784612893544428,0.09689341640051514,0.13643964139246664,0.1095232589142147,0.1333063250054175,0.11410389790068289,0.11521394283018452,0.10971085395184475,0.11411432074756354,0.10679278553600584,0.10476586653229301,0.096606883779352,0.10925750043606122,0.1052296019562053,0.16559739819104766,0.10686052455340338,0.11292091835458054,0.13009500196276333,0.13205513660195325,0.13761794232708574,0.12745206505419512,0.1105550399962786,0.12726440600262334,0.10530254947798069,0.11609991118609879,0.12033192123685281,0.13868677821595007,0.13193523262739154,0.1433169161695655,0.11693898925260318,0.10521397035771297,0.12330808531279451,0.10597471360146953,0.08883463750817251,0.08427184913190307,0.0731582386424355,0.09283001043473683,0.05735121493243541,0.07122115132097284,0.09818022782084122,0.0890013222891257,0.11286880533707797,0.10773071824015945,0.09316340614619323,0.07467879859796377,0.0923715948216735,0.108371648651467,0.13019926258303885,0.09739875959833075,0.23820556295028014
brandenburg,2020.9863387978141,0.03142789532355181,0.04426563548656102,0.06028212818409628,0.02221914634764591,0.029695277323685064,0.06528536534407277,0.055310605564410184,0.044182364698067085,0.06991938586659296,0.03996175127464278,0.05518046737717515,0.03526795718895261,0.043360072821664625,0.03559057692525954,0.06954448345987689,0.052176968516394584,0.06485843142050485,0.08842313674294484,0.0878866279775669,0.08353225676107223,0.05287967800704248,0.12142125049603249,0.08167290550559564,0.07975633290126663,0.09421570038108264,0.09735708162300552,0.1255911427336211,0.1351258151964457,0.1253826401799154,0.09054318184278065,0.11712661104515484,0.12349051772321785,0.07750132569778131,0.08880338417123257,0.09340303563412598,0.07436114370026607,0.09824274578599146,0.09651310980988112,0.06701916961628962,0.13573058821106354,0.08601149519301902,0.07701179894636004,0.07477774068374604,0.10282239114497022,0.1052296019562053,0.1103413866773456,0.16419937189992373,0.07901680475106292,0.12675355979328845,0.11768426870258789,0.12613846591477823,0.12745206505419512,0.10791830681112517,0.09229866543765698,0.09125161912850836,0.14293105559318395,0.10097277023440178,0.1113419171068255,0.10850192002628237,0.0976748770285891,0.10087377829397891,0.11925825061334684,0.09245494281437175,0.11393192122877503,0.09691946489890974,0.09243410580367274,0.07597547560282895,0.06960696700662906,0.06037583683927891,0.0836207989554089,0.10834559441566918,0.09709659503405511,0.09874810209701065,0.10773071824015945,0.05432676894493024,0.14265991203620504,0.055404305260889956,0.108371648651467,0.0836624659225597,0.10909596163265001,0.16372989388924541
brandenburg,2021.0054794520547,0.03142789532355181,0.059027489678258105,0.03245292474289763,0.03555415201608146,0.0212099249977005,0.05657556571287094,0.02552266249749314,0.03534080663187163,0.0611775733477102,0.03551772713242403,0.05942834599304311,0.030860755748723896,0.0346851653196942,0.048939422267904854,0.013901458012643687,0.04743002426336422,0.037052797921164934,0.05583116157028781,0.0878866279775669,0.09828963430917727,0.09137663847495535,0.13114804383424775,0.17882834373745124,0.11702237663238091,0.10531297056087378,0.1034476299932323,0.1004465520812029,0.1351258151964457,0.16724064878765077,0.10653746234047477,0.1354490550706095,0.17159681832063922,0.10012873973626585,0.139614858417503,0.06761794428102148,0.09917010442894424,0.136319727307499,0.11521394283018452,0.11581327271323211,0.09867516376947037,0.09194964765873473,0.07701179894636004,0.09348638528008274,0.11569340618401047,0.08065732155004396,0.12138997756756817,0.10304122388671784,0.08278225833857573,0.17019341367976043,0.10331737127988788,0.1404908144765377,0.12467895023331345,0.10001411936714662,0.1297613693826605,0.10296306923037678,0.08928781300474825,0.12893772311585758,0.09872726256441673,0.11063320606399712,0.12592474855849023,0.10316627158119474,0.0981906474764799,0.09759673043730646,0.09271540615260639,0.09153291308069138,0.08699072276720399,0.08724074127317726,0.06380152471385736,0.07245525506294959,0.0960181944391537,0.07446529263323748,0.0890013222891257,0.07051298687180134,0.07692847570295407,0.07762110422168288,0.08147499528131316,0.10624045530263981,0.06933099857497446,0.10227010308225415,0.17935013771734126,0.22369566223151566
brandenburg,2021.0246575342467,0.03155277092323773,0.03999817927137783,0.03819762597534099,0.04474444510819792,0.025996096965921842,0.05791864350144022,0.06381193748303651,0.04586341956714903,0.04350059013253707,0.03872321456927305,0.030683851091929452,0.04613926348213077,0.039149933968746664,0.04286045879151119,0.02635507762293479,0.05070911710481969,0.06092768012300422,0.10103529155703013,0.14138242776165724,0.22621815118620342,0.1726820047533221,0.16986474074339147,0.19585718385536144,0.20424057357495964,0.17401243248340212,0.11577157997607565,0.1799710793761746,0.15414825212881095,0.17612031708382875,0.16357861854429695,0.28232422801897056,0.18642096233279673,0.14332734487353058,0.18571122730120265,0.16733976715087753,0.1792927401232492,0.17554116205916737,0.18315939240163773,0.13386936960896692,0.1316745727669526,0.1154119815056547,0.16600951012879542,0.1606940384129188,0.12287546244090689,0.1301367061857883,0.16681287696619343,0.14603887887135317,0.17490462073414115,0.17982497478937512,0.17648033562057222,0.14627875214766664,0.16641119199605917,0.15246369303938945,0.19751183056047814,0.13735204022588307,0.1505862301855241,0.13897354280202798,0.18156260235893162,0.1965670573810479,0.12634697149911964,0.15325120458266422,0.1709238054205647,0.1872507383660441,0.16372989388924541,0.13138263527445568,0.12604985129459922,0.13552204499770087,0.09218927155340594,0.10981507370962902,0.11452602487040205,0.1112898056717312,0.10471897216911223,0.12866665251429374,0.13073099499812713,0.10623003403387211,0.12939124824367235,0.1907213288017852,0.21369047242018058,0.14130942960816748,0.18128082097070974,0.2383988466918705
brandenburg,2021.0438356164384,0.047336338934769996,0.06500941984650686,0.08120938011152248,0.03131862941982168,0.056336105875005114,0.07448091499117837,0.034024328870253494,0.025012814813486828,0.00869512693287168,0.06455124942433245,0.10528170731845983,0.05873075387718815,0.039149933968746664,0.06430133998646459,0.0703047050456619,0.1291827304522923,0.09376248193655315,0.11482829073187202,0.08478227817075516,0.13758144587975102,0.1726820047533221,0.19417649252335642,0.1272227040831309,0.12244805542723887,0.14232619883001715,0.18756908362904648,0.10790788520609547,0.1294538037441372,0.1887276680885911,0.21626469275282106,0.229926379879825,0.14693058729174654,0.08994935214207346,0.13843129837130452,0.13011064104248102,0.13519880466981596,0.10586008034572317,0.1427485549665876,0.16129910886722101,0.11370261988431433,0.15191609270478526,0.11644387943919743,0.14247741236121736,0.09520029199324134,0.12696206784400532,0.10071747561383998,0.11314500492495902,0.12541391550967557,0.1535641263877159,0.12980307333811147,0.10608413649042348,0.1233237223514637,0.12193725653114262,0.14477174057767747,0.15985947002869766,0.12702983314050967,0.18837278361973875,0.13394757073052074,0.14576771910881187,0.13706528458174713,0.1488652821154733,0.09694030370702268,0.1065791476745233,0.11689729561285647,0.13675246204617372,0.09313735952926272,0.08569897963610641,0.09218927155340594,0.10981507370962902,0.058777606785833714,0.07310616545878747,0.03837455619598286,0.04561880448933728,0.11618850885192081,0.07434031393870215,0.12939124824367235,0.1977989197337384,0.12130658318359616,0.11393192122877503,0.1616485924235158,0.19816952810112345
brandenburg,2021.0630136986301,-0,0.03999817927137783,0.052530924702504665,0.03579351617202114,0.043328846804145935,0.024815120117727414,0.042532589692946696,0.029180185807636972,0.039149933968746664,0.03872321456927305,0.03507022350120618,0.04613926348213077,0.04350579448467958,0.03428449969842151,0.02635507762293479,0.04148654495948864,0.07499645543614704,0.07346026413595451,0.10364041348780173,0.09823232611991341,0.09367392247195354,0.11156078570448816,0.11253007199633545,0.12755632037547418,0.12649292590561378,0.104734603618805,0.14392699886916765,0.12328202359212667,0.13833223509579035,0.11094066040369664,0.1985140396566206,0.13616331804702922,0.1066260437152684,0.08490207346703176,0.11460419690751207,0.09114222744693402,0.0937520631681835,0.08994414313961192,0.07906367594136877,0.07477253320085045,0.07286142219411701,0.09313215020744453,0.04846057401805258,0.07368938809432042,0.05392074655984085,0.0937676913215179,0.0693153777641459,0.07217406429213817,0.10482318192250112,0.10315064060293712,0.08313121459229464,0.11758003317198568,0.09697156193485039,0.11315021625203625,0.10235346694225979,0.08936073816619917,0.10083209753333588,0.08853773156560041,0.09290814986282472,0.07919908183957577,0.10722527462545195,0.08077189926006978,0.07576717189602396,0.0830999646830637,0.0830843397354936,0.06298412883957963,0.07739717068387109,0.05471717807417585,0.062296901486556915,0.058777606785833714,0.06674842159678851,0.041861245131797516,0.070518193928141,0.04354222496423847,0.07434031393870215,0.056570360052498866,0.16949433405098577,0.08731366356386083,0.0865636106003739,0.11751228018913899,0.1680231673235727
brandenburg,2021.0821917808219,0.026292646026307712,0.04499946507567004,0.047752719464939156,0.022370011015787467,0.0389938167090741,0.03308772466685853,0.021261946237974404,0.033353094145075333,0.017396909795403263,0.025808803693866775,0.030683851091929452,0.054529781326330476,0.021745746265098582,0.02570995473892185,0.02635507762293479,0.018437268198909004,0.05154714067249704,0.05967823201258295,0.08478227817075516,0.02453938929723972,0.10354141646888455,0.07273124007584172,0.07825645578773216,0.035684241094578885,0.0421318636020912,0.0661236238550237,0.07791274004225071,0.06160447705139329,0.05654433175844395,0.046685751031003794,0.09393960131822165,0.05370732580808273,0.0666130481156685,0.05973029175113444,0.05881925385118346,0.056554743074497905,0.06651412156387712,0.0651187565666088,0.06080794004507346,0.041861245131797516,0.06982566001151784,0.05818934555078372,0.10606329401763183,0.04297495324944232,0.02536658614494264,0.06248953248001559,0.04741441003021243,0.04937143045083696,0.03741185491621222,0.06319758766908112,0.05444649409961552,0.0831364229123285,0.060932886219600906,0.10261397986615212,0.05989167727185589,0.05641939612832024,0.06271340182842024,0.04317271699782613,0.05910037241473689,0.059922913236947,0.061245252969405986,0.05537307200997013,0.059183667095803263,0.07790232444906586,0.05358760235524373,0.06298412883957963,0.05527416683915676,0.051833425110400615,0.056362134064833966,0.05258818254724107,0.07310616545878747,0.04884052933326955,0.070518193928141,0.05322322832530158,0.058397578855378676,0.10510975982116294,0.07055464333713551,0.053342950939217225,0.04098694892970919,0.08811060669197428,0.11404657228018565
brandenburg,2021.1013698630136,0.005257465769371192,0.02499200481011761,0.0334259409054129,0.03131862941982168,0.0389938167090741,0.02895125788271135,0.012757164730230983,0.020840575688244416,0.026094946464808394,0.01720444577224309,0.021917418324447695,0.033550821303411006,0.008700327802714423,0.02142321241355143,0.013173268464894668,0.00921521649229578,0.01873897602928555,0.03212512125888308,0.03766163515763054,0.05400403294447563,0.07393934265486066,0.0484761885653489,0.034222058580943855,0.06118798559146794,0.03159439618977572,0.03305130151083315,0.04792968219986968,0.030793115661827325,0.06911751456652027,0.035007781440237876,0.052166558076805473,0.046540020456404665,0.07328321449596263,0.05973029175113444,0.0650146263517779,0.034555078740570545,0.036272247789418094,0.03099603618647037,0.06384838219158666,0.03288999926941132,0.02731237149086693,0.05818934555078372,0.018166773011649994,0.04911638904139167,0.02219833746225125,0.05207286421429129,0.04011787144033314,0.04937143045083696,0.03367049863291807,0.0332542308478493,0.05158357678615503,0.04585301039146037,0.0359964562107981,0.036813427968497014,0.05489937000426714,0.07759506538866562,0.07392372045962922,0.05181260437086714,0.04854385165779853,0.059922913236947,0.03936329498163858,0.03690709434049092,0.04023756388479322,0.06491049634546199,0.03214593411706747,0.046545225112753504,0.02762973910857567,0.03743266989050533,0.05042804390166324,0.04639949493197874,0.02859746216291918,0.027905486316228162,0.0414709325109052,0.029024098476770753,0.021230733487564962,0.0161589104167443,0.06349434896111678,0.04363590345745065,0.036428356878448344,0.06361930159075752,0.07328321449596263
brandenburg,2021.1205479452055,0.010515463149157066,0.014993761454582546,0.019097906590280194,0.04922569234941354,0.01299642397082048,0.020679311319569783,0.025517459944863426,0.025012814813486828,0.00869512693287168,0.012902800658613022,0.04822635637130588,0.025163687586970677,0.021745746265098582,0.01713682344673326,0.008783541790988263,0.00921521649229578,0.014052298551039937,0.009178810053818976,0.014119916865459462,0.02453938929723972,0.0344926372981892,0.043625494727648664,0.01955047474197839,0.025486244639998552,0.04739879580174918,0.03305130151083315,0.04193930800754016,0.04927774162446374,0.018843013618069403,0.035007781440237876,0.03651161525089567,0.05370732580808273,0.03995654727719487,0.0345758925713617,0.052624619390358916,0.04083603023970965,0.024175218756174933,0.04960565325528393,0.05168247493762544,0.02092380910645847,0.03338431417272397,0.03199504108396636,0.03936849891971599,0.036829039018782296,0.015852015969977255,0.017350094156640673,0.04741441003021243,0.030376870909910564,0.029929411517696826,0.03657926277666397,0.05158357678615503,0.031521551995200764,0.04707610279649588,0.03155277092323773,0.04740920528686655,0.03760439374633277,0.05374896881281492,0.041012969437776256,0.04854385165779853,0.051359755348411716,0.041554198957526246,0.029986644481020817,0.04497344257271275,0.04672738841304081,0.018749379778797173,0.021901811750174947,0.03315536773858351,0.04607160351848892,0.023722610352628317,0.043302825137201316,0.031771303944288475,0.010463452658639629,0.012439887869910123,0.029024098476770753,0.02653717020791216,0.024237647810652917,0.04938184033085439,0.03878566109193423,0.05010012708483459,0.03913952613685286,0.05949602333809597
brandenburg,2021.1397260273973,0.005257465769371192,0.014993761454582546,0.0334259409054129,0.013417730961730804,0.021662511531247507,0.004134164335210349,0.021261946237974404,0.016673872964677133,0.013048436994883204,0.012902800658613022,0.0043837847791265904,0.012580321651257461,0.008700327802714423,0.008570306212628472,0.013173268464894668,0.023046306286314225,0.009366043437531103,0.03212512125888308,0.018827407966479345,0.02453938929723972,0.029560000269871246,0.024232445386586157,0.0440054147152564,0.035684241094578885,0.010531066306453505,0.016523024821490682,0.011976979202098424,0.0369539275897547,0.043974188310213165,0.035007781440237876,0.04173114059930998,0.028633882199400405,0.03662609573067052,0.06288000289925177,0.03714126100861542,0.034555078740570545,0.048366886832761004,0.03099603618647037,0.030397683068374134,0.03288999926941132,0.021241137735619742,0.02617818829382411,0.024222040540008326,0.015342263095088661,0.02854023072854931,0.027765011140936866,0.05471717807417585,0.030376870909910564,0.044900579633703926,0.02659960209812348,0.031516348842353034,0.031521551995200764,0.022146315285201446,0.05259859307124008,0.04740920528686655,0.04466117355294808,0.026870141155195655,0.023738217473380493,0.040097055391158626,0.03209390198722579,0.04811705516385254,0.027681766771685642,0.03313455447637224,0.04672738841304081,0.026786898218492262,0.010947152228198982,0.02762973910857567,0.0201539050713419,0.020757342403251337,0.03711524243786269,0.012705151997512511,0.034882897543232226,0.02073133202901571,0.009672899607554079,0.01591963662470531,0.024237647810652917,0.04938184033085439,0.03878566109193423,0.031875367610436675,0.03913952613685286,0.055112795648527294
brandenburg,2021.158904109589,0.03155277092323773,0.01999264283217882,0.019097906590280194,0.03579351617202114,0.047664238323308544,0.016543831435914005,0.02976811895996069,0.012502302837021037,0.013048436994883204,0.012902800658613022,0.017532155210811945,0.02096542586552854,0.021745746265098582,0.01285598906572358,0.021959035878733293,0.004607404111015946,0.009366043437531103,0.022947462582570632,0.04708651221702175,0.03926962418524795,0.029560000269871246,0.053327334930468304,0.024440542755345487,0.02038799630840001,0.057939466685974474,0.016523024821490682,0.011976979202098424,0.018473681120032222,0.05026148272040899,0.058361137966881575,0.03651161525089567,0.042959340353967965,0.03329585747640478,0.02514287752322325,0.030949208302808583,0.025127269980875076,0.03929564383398356,0.034097176570930005,0.030397683068374134,0.03886892323879729,0.0394569659467587,0.03199504108396636,0.03331146747070119,0.021480436015424785,0.02536658614494264,0.02429487450977393,0.01823439667655059,0.034175227792043225,0.03741185491621222,0.04988672201322749,0.022916248820422,0.03725053914794925,0.03322821422192664,0.02366018191647962,0.03243211176184075,0.04230880720952247,0.04254820246029053,0.034534264918116224,0.04432288423100324,0.027811836157200263,0.045925874665032416,0.03690709434049092,0.04023756388479322,0.025954476180500403,0.02410758736505991,0.019160329549446378,0.02762973910857567,0.01439559244191866,0.020757342403251337,0.012367070502966001,0.034950542950210724,0.027905486316228162,0.012439887869910123,0.014510024242519383,0.037156872157314835,0.00807622713526865,0.04232441990967097,0.04363590345745065,0.036428356878448344,0.044036641139057114,0.047591371613833915
brandenburg,2021.1780821917807,0.015773992246864873,0.03499737443736535,0.014322772336291164,0.03131862941982168,0.021662511531247507,0.016543831435914005,0.021261946237974404,0.025012814813486828,0.021745746265098582,0.030111516619658954,0.021917418324447695,0.012580321651257461,0.03479964177852439,0.02570995473892185,0.03514307266711036,0.00921521649229578,0.028108395572714745,0.022947462582570632,0.04708651221702175,0.08840230134777494,0.06407225739017264,0.03877525333294961,0.05378540646930918,0.04078398941368013,0.04739879580174918,0.03856189473283067,0.017969104341553854,0.04311546951962554,0.02512206746780387,0.046685751031003794,0.08349058989825626,0.03937890679743894,0.03662609573067052,0.0345758925713617,0.015472301618996516,0.04397939270974958,0.048366886832761004,0.04960565325528393,0.039519413350584745,0.03886892323879729,0.030345652687833437,0.014541232959114825,0.03331146747070119,0.036829039018782296,0.02536658614494264,0.017350094156640673,0.04741441003021243,0.034175227792043225,0.026188593531821215,0.03657926277666397,0.04871561221097204,0.04585301039146037,0.022146315285201446,0.03944135410752286,0.03243211176184075,0.03995654727719487,0.017911884603606484,0.04749248124286842,0.050657066397018655,0.03209390198722579,0.03936329498163858,0.03460190987156911,0.03786978627534248,0.04932458601655036,0.03214593411706747,0.030111516619658954,0.01933719500735183,0.028789968358959313,0.04746125274373922,0.0061831675966001545,0.022239955241367685,0.02092901119952365,0.024877549940455535,0.03386302361050437,0.01591963662470531,0.024237647810652917,0.04232441990967097,0.019389214374157818,0.013656993241703807,0.009782120037235744,0.03318658764752034
brandenburg,2021.1972602739727,0.026292646026307712,0.01999264283217882,0.052530924702504665,0.013417730961730804,0.03032484055019417,0.05378020108824925,0.03827568335141464,0.025012814813486828,0.026094946464808394,0.021506446764364646,0.030683851091929452,0.041944512203426126,0.03479964177852439,0.03857230244911182,0.021959035878733293,0.023046306286314225,0.05154714067249704,0.022947462582570632,0.08006881274531351,0.044182364698067085,0.05421224948968314,0.0484761885653489,0.04889257822279298,0.04078398941368013,0.052671466797591125,0.06061010921606201,0.04193930800754016,0.08626671762443132,0.05026148272040899,0.058361137966881575,0.052166558076805473,0.06445232679489488,0.0499543869411081,0.03142789532355181,0.030949208302808583,0.01570117021091469,0.05441526142399516,0.04960565325528393,0.05168247493762544,0.041861245131797516,0.05463909601383516,0.061099481585986215,0.04846057401805258,0.061401437047959806,0.05074555263127793,0.06248953248001559,0.043766012755767615,0.0379738621466557,0.0486427440282171,0.0565391261011929,0.04584780580439452,0.03725053914794925,0.05261941412549073,0.036813427968497014,0.0848656139998196,0.03995654727719487,0.02910734499492751,0.04533255426370225,0.04432288423100324,0.04707610279649588,0.03936329498163858,0.05075596278638454,0.03076710026721393,0.04153338233336959,0.02142841455657151,0.019160329549446378,0.030392480027974445,0.040310420290224414,0.02668804740423121,0.027832647289075307,0.012705151997512511,0.041861245131797516,0.024877549940455535,0.029024098476770753,0.04246493442197401,0.0161589104167443,0.03526795718895261,0.019389214374157818,0.036428356878448344,0.06361930159075752,0.03381098976249051
brandenburg,2021.2164383561644,0.026292646026307712,0.08502707754869913,0.03819762597534099,0.06265613283359997,0.06500941984650686,0.07862100527317196,0.0553001944974457,0.04169471138854916,0.039149933968746664,0.034414585600647966,0.017532155210811945,0.033550821303411006,0.021745746265098582,0.04286045879151119,0.05271831424702876,0.032265608213284745,0.04685750544680775,0.08724595000483759,0.08949617088023568,0.03926962418524795,0.0690029625330639,0.06787828324235139,0.05378540646930918,0.07649623852050533,0.06320800031732524,0.12129094675149361,0.035944420227914435,0.08010006083299655,0.1446257348569823,0.1226356970982038,0.12006089549261768,0.0787876573177233,0.116631499445343,0.03771887663194529,0.08670424470693484,0.08799601281058879,0.0937520631681835,0.08063648926625316,0.0486427440282171,0.056820232338330626,0.06982566001151784,0.05527937236977001,0.05451937041569583,0.09827400479674708,0.07931365633653799,0.03818201451418922,0.05106826840867064,0.06077149746738387,0.07110659465327654,0.0565391261011929,0.10034235109834992,0.05731998051210332,0.055388688633082155,0.06575395539266125,0.06488446387646718,0.06582684755751661,0.07167938051548439,0.06476992116770877,0.06332774592199385,0.06848748150529949,0.05030312296570727,0.059990591225676376,0.052078069424449425,0.038936573831297734,0.03750552236613986,0.046545225112753504,0.04697721340543084,0.03454987528417737,0.04746125274373922,0.04639949493197874,0.034950542950210724,0.041861245131797516,0.024877549940455535,0.029024098476770753,0.01591963662470531,0.0161589104167443,0.02115790380947481,0.053342950939217225,0.031875367610436675,0.044036641139057114,0.03568944466449106
brandenburg,2021.2356164383561,0.036813427968497014,0.0750172854605448,0.052530924702504665,0.06265613283359997,0.047664238323308544,0.0869021748346007,0.08509999673510564,0.033353094145075333,0.0739705870594093,0.04733113419923833,0.07455381939027421,0.029357085349008386,0.060917267931368736,0.04714376406715859,0.06591015301389047,0.04609762657100786,0.05154714067249704,0.08724595000483759,0.08006881274531351,0.06383276302765013,0.0690029625330639,0.07758464985911075,0.05867869513931271,0.05098498672599386,0.0421318636020912,0.0826676761988088,0.1139110756102228,0.117110975869916,0.11315542757963573,0.08756889238656647,0.08349058989825626,0.05728874611053252,0.07994902858315857,0.0817562363516868,0.11150346288748782,0.1005820136710773,0.0755901144013099,0.1023638874341574,0.08819394785523901,0.07178352407738173,0.0910953453681361,0.06400978049360653,0.12123361320733135,0.07061712809771505,0.07613691154953875,0.0763868778751851,0.07661601472927547,0.07977716483245136,0.0935801537914715,0.09649227117296381,0.11182655595443027,0.09748732540680877,0.08588128014939007,0.08418330582899479,0.09985781927096311,0.10348410249144456,0.08064690540710533,0.08853773156560041,0.09079321742977864,0.0941948626648156,0.08094897439942655,0.07615253440968643,0.0686593079467776,0.08050107962504846,0.04554594064604145,0.030111516619658954,0.06633188893481774,0.05471717807417585,0.05339500433559273,0.04639949493197874,0.031771303944288475,0.031391473330127144,0.05806961177822572,0.024185623593384054,0.04777874335877514,0.032317640514939114,0.04232441990967097,0.0776054809203067,0.05010012708483459,0.04893421737191641,0.0488457342198746
brandenburg,2021.2547945205479,0.057861379786963776,0.0800219406490001,0.04297495324944232,0.07161168731209824,0.07368418072041556,0.07448091499117837,0.1063967745847782,0.06255200755006156,0.039149933968746664,0.06455124942433245,0.03507022350120618,0.0923195023940835,0.07397579446199548,0.05143262733865298,0.057116957237259375,0.036875872197746386,0.06561337793470598,0.05967823201258295,0.06593097939883816,0.10806942031876533,0.11341078327193048,0.11156078570448816,0.11253007199633545,0.06629023585212797,0.07375187662181334,0.0881835302025262,0.08390726002882991,0.05544074407733734,0.13833223509579035,0.11094066040369664,0.0730488850169945,0.08954305151727388,0.13331675170193155,0.06288000289925177,0.07430906931200093,0.07856371875620519,0.08164686464357336,0.08063648926625316,0.10341636787227083,0.0687894798713479,0.0880533097197148,0.08730845482541774,0.10606329401763183,0.05218737895806789,0.060266510091313355,0.09028793842114724,0.11679827335244188,0.04937143045083696,0.0860896243757213,0.09649227117296381,0.0573147747772082,0.09174648913472629,0.09142352080736185,0.07628272509347235,0.06238540753007263,0.06818027807038754,0.0671961979297107,0.060448721465620664,0.09924825338476084,0.07919908183957577,0.07656914574516274,0.07384560955386028,0.05444649409961552,0.05192191334645064,0.05358760235524373,0.043807647799979754,0.05527416683915676,0.057601090970496545,0.04152297402441626,0.040211543764737526,0.02859746216291918,0.02092901119952365,0.04561880448933728,0.029024098476770753,0.04777874335877514,0.0161589104167443,0.077615896454034,0.06789911041556487,0.05010012708483459,0.05382704953657054,0.046966804006784504
brandenburg,2021.2739726027398,0.036813427968497014,0.060006209235587846,0.07642853904628381,0.0402687880460501,0.06934661939048974,0.041366849640120454,0.03827568335141464,0.016673872964677133,0.03479964177852439,0.043026996268197344,0.06138581861899121,0.016772704744035773,0.021745746265098582,0.02142321241355143,0.05271831424702876,0.06455124942433245,0.0703047050456619,0.04589985169846541,0.08478227817075516,0.11298345404452237,0.08873566867228695,0.08243330442658663,0.05378540646930918,0.08159999112480439,0.08956909633388993,0.055097179108271124,0.08390726002882991,0.117110975869916,0.05026148272040899,0.08756889238656647,0.10961184537542724,0.060870413094806536,0.13665340196889386,0.06916958375606083,0.07740758617587419,0.07227300161219152,0.06953927650103948,0.07753257224263542,0.06080794004507346,0.0687894798713479,0.0910953453681361,0.08148020343546274,0.07270520369129829,0.061401437047959806,0.04757575733223368,0.05207286421429129,0.04011787144033314,0.06837293085974797,0.0673628133634657,0.08317288116714913,0.07739196293865475,0.11758003317198568,0.09697156193485039,0.0973466621343937,0.0798709086260533,0.09877415152449469,0.07616294965239442,0.08421976481781393,0.06966424365710532,0.0941948626648156,0.06562379106670704,0.0853916745032933,0.06392127168530337,0.057116957237259375,0.05894940114538459,0.04107021460134682,0.06356723795858478,0.051833425110400615,0.03855669087547414,0.034024328870253494,0.04766944309217528,0.034882897543232226,0.0414709325109052,0.03386302361050437,0.021230733487564962,0.00807622713526865,0.05643501306567299,0.06304660450385845,0.04554073608970957,0.04893421737191641,0.04383366971954734
brandenburg,2021.2931506849316,0.06312469918975974,0.05500347996520514,0.07164813748758547,0.04922569234941354,0.056336105875005114,0.041366849640120454,0.0553001944974457,0.037521133624201945,0.021745746265098582,0.06024568597490933,0.05261420886114938,0.06292685954659982,0.060917267931368736,0.06430133998646459,0.04393255313265045,0.04148654495948864,0.07499645543614704,0.08264684310961262,0.05650789216864769,0.08840230134777494,0.15291742339949324,0.1067042038771693,0.09293940566693829,0.11223303072879437,0.11066447252398538,0.07163772314912398,0.15594239364711618,0.09243410580367274,0.08169894638065303,0.1050993387790001,0.0678262153458128,0.05728874611053252,0.0699506278558274,0.05658597703518425,0.07740758617587419,0.08170415455722711,0.08769911165628472,0.07132529396514982,0.0729759827277962,0.08675112282698225,0.04856467108857387,0.06400978049360653,0.07270520369129829,0.07368938809432042,0.06661825478150546,0.06248953248001559,0.12410558028048024,0.07597547560282895,0.0935801537914715,0.09982134931611529,0.10034235109834992,0.07166375899918559,0.09142352080736185,0.08944408133309367,0.06987772991015126,0.061125512160200804,0.06944034438214132,0.060448721465620664,0.08656881926420214,0.07277289831823161,0.10284844261355776,0.06460852050633464,0.0876157712860968,0.08569897963610641,0.0723563173961331,0.07668892212186687,0.05250489843028631,0.05471717807417585,0.04746125274373922,0.055685405363356553,0.08901174010567586,0.024414530538704307,0.06636833540953814,0.05806440596828428,0.037156872157314835,0.040398888919763454,0.05643501306567299,0.03878566109193423,0.06377028641883636,0.05382704953657054,0.045712486723605235
brandenburg,2021.3123287671233,0.036813427968497014,0.03999817927137783,0.0668681753546265,0.05817893390744267,0.047664238323308544,0.0951898729367868,0.08509999673510564,0.07507456807065975,0.0739705870594093,0.06885716940090322,0.06577478171505072,0.05873075387718815,0.05220819984766702,0.055721844376790224,0.04393255313265045,0.036875872197746386,0.10784014482431624,0.09184025450871912,0.09421049095123595,0.10315064060293712,0.11341078327193048,0.08243330442658663,0.07336132455694343,0.11223303072879437,0.10011831969226892,0.09921699378833937,0.08990768013701472,0.08626671762443132,0.06911751456652027,0.08756889238656647,0.10438550236165783,0.0716221016453454,0.0699506278558274,0.07861058953812074,0.0650146263517779,0.08484998852169869,0.09677880316258262,0.07753257224263542,0.10037361137128308,0.07178352407738173,0.0880533097197148,0.07856892661877873,0.07270520369129829,0.06447315259598045,0.060266510091313355,0.05901707786709923,0.10583402736829259,0.06077149746738387,0.07860017380515578,0.08650110667509554,0.08313121459229464,0.06592577280182214,0.08865232664080026,0.07365293648795476,0.05489937000426714,0.08465206620520613,0.07167938051548439,0.07989694859871697,0.08656881926420214,0.03637111682472198,0.08751680476998512,0.062296901486556915,0.07813667580033348,0.04413032052296976,0.040185523657696176,0.038327721667228073,0.04697721340543084,0.028789968358959313,0.056362134064833966,0.043302825137201316,0.034950542950210724,0.010463452658639629,0.03732339136842299,0.07743362491501198,0.04246493442197401,0.024237647810652917,0.06349434896111678,0.029086533352894357,0.05010012708483459,0.05872554800105244,0.03944655805341209
brandenburg,2021.331506849315,0.010515463149157066,0.03999817927137783,0.05730956904282846,0.04474444510819792,0.043328846804145935,0.07448091499117837,0.034024328870253494,0.029180185807636972,0.04350059013253707,0.06024568597490933,0.05261420886114938,0.07971987704177777,0.10011310967105636,0.06001141523993021,0.06591015301389047,0.05993853122653163,0.0890690381340064,0.07805335075443469,0.0706431634367804,0.07857413448186808,0.05421224948968314,0.07758464985911075,0.05867869513931271,0.08159999112480439,0.08429789130850805,0.06061010921606201,0.07791274004225071,0.08626671762443132,0.05654433175844395,0.06420241783244271,0.10438550236165783,0.046540020456404665,0.07661601472927547,0.08490207346703176,0.07430906931200093,0.0628383525815075,0.07861579740538267,0.04960565325528393,0.06689420881673488,0.07178352407738173,0.06678486836345532,0.046545225112753504,0.06361409522519164,0.07061712809771505,0.06661825478150546,0.07986570063308883,0.04741441003021243,0.04557196343549718,0.056127880825370985,0.07651186148861523,0.08026150958516333,0.08887630865331983,0.04707610279649588,0.08944408133309367,0.04740920528686655,0.047013646317099755,0.05823099214499452,0.07341339799611621,0.07600151362484847,0.05778329300521951,0.05468073976476109,0.07615253440968643,0.059183667095803263,0.057116957237259375,0.04822635637130588,0.030111516619658954,0.030392480027974445,0.03454987528417737,0.062296901486556915,0.027832647289075307,0.034950542950210724,0.027905486316228162,0.033176181009125415,0.024185623593384054,0.02653717020791216,0.04848659826614938,0.01410431263125295,0.029086533352894357,0.027322776955817422,0.014676470947463945,0.025668334182533628
brandenburg,2021.3506849315067,0.010515463149157066,0.014993761454582546,0.047752719464939156,0.05817893390744267,0.0389938167090741,0.07034115430501162,0.07232507396151518,0.04586341956714903,0.04785161033081124,0.06885716940090322,0.07455381939027421,0.04613926348213077,0.06526974574850582,0.01713682344673326,0.03514307266711036,0.05070911710481969,0.056237198872464436,0.05508676808403727,0.05650789216864769,0.08840230134777494,0.03942053832916226,0.09699761047239067,0.0440054147152564,0.07139298679571786,0.10539112874913831,0.055097179108271124,0.0719137038230665,0.07393413525593062,0.03769285777217115,0.046685751031003794,0.07827207928468796,0.07520475605560152,0.05661721101463139,0.05658597703518425,0.04023756388479322,0.05341062036466333,0.04231921567576922,0.058912959870170284,0.0486427440282171,0.056820232338330626,0.060714230611193847,0.046545225112753504,0.03633989500379043,0.04911638904139167,0.05392074655984085,0.048595900250366045,0.03282235654288404,0.04557196343549718,0.07860017380515578,0.0565391261011929,0.0573147747772082,0.06592577280182214,0.060932886219600906,0.04996479693782825,0.04740920528686655,0.047013646317099755,0.06271340182842024,0.04317271699782613,0.046430722793477666,0.049215282500655336,0.041554198957526246,0.03690709434049092,0.03313455447637224,0.04153338233336959,0.03750552236613986,0.0273748043118027,0.022099495370346427,0.025912855428392206,0.032624632154471145,0.018556910749782825,0.025418611543743832,0.027905486316228162,0.029024098476770753,0.029024098476770753,0.021230733487564962,0.032317640514939114,0.03526795718895261,0.024237647810652917,0.009105997253326543,0.02935188241272826,0.013771423416938579
brandenburg,2021.3698630136987,0.015773992246864873,0.03499737443736535,0.023873479382754605,0.03579351617202114,0.03032484055019417,0.020679311319569783,0.07232507396151518,0.04169471138854916,0.03479964177852439,0.025808803693866775,0.05700243163703027,0.02096542586552854,0.04350579448467958,0.04286045879151119,0.021959035878733293,0.013823437216201025,0.03748470736268477,0.03212512125888308,0.04237646227736401,0.03926962418524795,0.014780500408604591,0.029081330443690413,0.05378540646930918,0.025486244639998552,0.0421318636020912,0.049584833407722656,0.0539259519549699,0.06776894071984013,0.012559516622681456,0.023337636190316008,0.03651161525089567,0.028633882199400405,0.03995654727719487,0.05658597703518425,0.030949208302808583,0.025127269980875076,0.03929564383398356,0.034097176570930005,0.05168247493762544,0.03886892323879729,0.04856467108857387,0.03781254463491239,0.04846057401805258,0.036829039018782296,0.02854023072854931,0.020819767354506157,0.029174982889056757,0.030376870909910564,0.0486427440282171,0.03657926277666397,0.03725053914794925,0.04585301039146037,0.022146315285201446,0.02366018191647962,0.039920119309618834,0.02585042436269211,0.03134984822602566,0.04317271699782613,0.033764159343787806,0.03851506003534658,0.037177687029541634,0.03460190987156911,0.03076710026721393,0.020762544479663175,0.02410758736505991,0.019160329549446378,0.01933719500735183,0.0201539050713419,0.011862552975603975,0.018556910749782825,0.012705151997512511,0.0174385237319118,0.00828946068757165,0.014510024242519383,-0,0.00807622713526865,0.03526795718895261,0.009693703481235955,0.01821358938567527,0.014676470947463945,0.013147261883931494
brandenburg,2021.3890410958904,0.005257465769371192,0.029991847480813384,0.019097906590280194,0.017896279231453784,0.0389938167090741,0.024815120117727414,0.01700678076022049,0.04169471138854916,0.03479964177852439,0.030111516619658954,0.021917418324447695,0.05873075387718815,0.0478568151184324,0.01285598906572358,0.03514307266711036,0.032265608213284745,0.03748470736268477,0.04130960414999296,0.0517969888216807,0.02453938929723972,0.03942053832916226,0.03393066769077411,0.009776919059188786,0.045884237924777395,0.02632906444856477,0.016523024821490682,0.029950223497072753,0.04311546951962554,0.0628331462941315,0.017500944699110708,0.0573876551131989,0.03221877918631392,0.026636020735359246,0.012569919135928956,0.03404514248860458,0.021985046867073175,0.03022598301016301,0.02479951267375945,0.030397683068374134,0.029898193564250896,0.01517061274145522,0.029086533352894357,0.021194318635769496,0.03375895596653853,0.034882897543232226,0.031235379361559235,0.01823439667655059,0.022780989400960842,0.029929411517696826,0.0332542308478493,0.034383364954433726,0.031521551995200764,0.013844242750473737,0.02103305317005181,0.039920119309618834,0.021152701693511106,0.022390819969881008,0.023738217473380493,0.01898866659205455,0.023535325269015014,0.028425768048788314,0.03229162435760096,0.016564638058662623,0.012975618775762674,0.026786898218492262,0.016424193516674894,0.016575041373158923,0.017272068185691096,0.0029640844772087834,0.024742285419274965,0.009532473677904933,0.006973667594864792,0.00828946068757165,-0,0.005304270522398097,0.0161589104167443,0.01410431263125295,0.009693703481235955,0.009105997253326543,0.014676470947463945,0.010016164587614373
brandenburg,2021.4082191780822,0.005257465769371192,-0,-0,-0,0.008663921724721541,0.004134164335210349,0.004253773981728947,0.008336268169746136,0.017396909795403263,0.01720444577224309,0.03507022350120618,0.02096542586552854,-0,0.01713682344673326,0.004388985217780854,0.004607404111015946,0.009366043437531103,0.03671455809221196,0.014119916865459462,0.004909031709944994,0.024633033562881032,-0,0.014666068012795774,0.0050962497203174036,0.015794798561581988,0.022031866678875005,0.011976979202098424,0.018473681120032222,0.02512206746780387,0.040846438411165364,0.015643952968499925,0.025054434845209295,0.003328106500541602,0.018853417388396066,0.009282828517093458,0.01570117021091469,0.009064389984535487,0.01549830936280587,0.012153820229216194,0.011956174414916292,0.01517061274145522,0.011633701278010085,0.012112210521670226,0.009204814650129236,0.009511669868726874,0.020819767354506157,0.01823439667655059,0.003796138560742797,0.01496255246639305,0.013298100234577928,0.005730715768236012,0.022921451112809403,0.002766473588848688,0.007883797606960438,0.004987039132350607,0.007051678114582748,0.017911884603606484,0.0043161791239144645,0.01477009745312464,0.00427977611520186,0.008747135654730063,0.01383904136612803,0.007098484482587577,0.007784982720497809,0.008034620690429147,0.013688201446341705,0.011051174228849372,0.0028808798011093497,0.011862552975603975,0.0030940920501508267,-0,-0,-0,-0,-0,0.00807622713526865,0.007051678114582748,0.004846625856274117,0.009105997253326543,0.014676470947463945,0.0043837847791265904
brandenburg,2021.427397260274,0.010515463149157066,-0,0.00477381912164906,0.013417730961730804,0.01299642397082048,-0,0.008502695114267609,0.012502302837021037,0.021745746265098582,-0,0.008762738281435603,0.008388276532692397,0.03479964177852439,0.02142321241355143,0.008783541790988263,0.004607404111015946,0.01873897602928555,0.009178810053818976,0.014119916865459462,0.004909031709944994,0.019706533638604806,0.009693703481235955,0.0048882297503998065,0.01529024777657586,0.015794798561581988,-0,-0,0.0061571645113304525,0.006281979439199475,0.005834727334325187,0.03129261376229456,0.003577723075084036,0.003328106500541602,0.009428454715250788,0.0030940920501508267,0.009423253772576893,0.006042751090638643,0.003099292359832304,0.009116399075726127,0.008965572854586027,0.009100796342909912,0.008726332159748081,0.015139403647124234,0.003068090509561685,0.0031720967499333595,0.0034685156762824733,0.00364532777022918,0.003796138560742797,0.01870256292238956,0.0066512253549268294,0.008591109645195443,0.008596310504640502,0.01107197865395119,0.007883797606960438,0.004987039132350607,0.002350453120639017,0.01119160425981273,0.008632716535297642,0.010546669468431843,0.01069750027562577,0.004373383903372552,0.004612604572039852,-0,0.012975618775762674,-0,0.00821144831090872,-0,0.0028808798011093497,0.00592833792167956,0.0030940920501508267,-0,-0,0.00414456516311655,0.004836224887943667,-0,-0,0.007051678114582748,-0,-0,-0,0.001877233884274619
brandenburg,2021.4465753424658,-0,-0,0.00477381912164906,-0,-0,0.004134164335210349,0.004253773981728947,0.008336268169746136,0.00869512693287168,0.00430057783134404,-0,-0,0.008700327802714423,0.004284976543460163,-0,0.013823437216201025,0.00468541108093808,-0,-0,0.009813325916424281,-0,0.009693703481235955,0.009776919059188786,0.01529024777657586,0.010531066306453505,0.016523024821490682,0.011976979202098424,-0,0.012559516622681456,0.011664908268371053,0.00521586157983388,0.007155692322920859,0.003328106500541602,0.006281979439199475,0.0030940920501508267,0.006281979439199475,-0,-0,-0,0.005980343876362871,0.006068754118689121,0.005813925004463643,-0,0.009204814650129236,0.009511669868726874,0.006937262725709608,0.00364532777022918,0.003796138560742797,-0,0.003322906167983072,-0,-0,0.005538294919439953,-0,0.01247109534410109,0.00470101248896849,0.0022360480753789583,-0,-0,0.00427977611520186,0.00218404586528353,0.004612604572039852,0.004732215319060305,0.005189858978269959,0.0026780689608667365,0.005475888310578272,-0,0.0028808798011093497,0.008892760352683118,-0,0.0031772970674157778,0.00348931706789617,-0,-0,-0,0.00807622713526865,0.007051678114582748,-0,-0,-0,6.240037440305762e-4
brandenburg,2021.4657534246576,-0,-0,0.00477381912164906,-0,-0,-0,0.004253773981728947,-0,0.00869512693287168,-0,-0,-0,0.0043473817230861005,0.004284976543460163,0.004388985217780854,0.004607404111015946,0.00468541108093808,0.004586602272132791,-0,-0,0.0049246331850620285,0.004846625856274117,-0,0.0050962497203174036,0.005262666295407436,-0,0.005990745073540965,0.012315058160441395,0.006281979439199475,0.011664908268371053,0.00521586157983388,-0,0.003328106500541602,-0,0.0061883682152110014,0.012559516622681456,-0,-0,-0,-0,-0,0.005813925004463643,0.0030264880716576255,-0,-0,-0,-0,0.003796138560742797,-0,0.0066512253549268294,-0,-0,-0,0.005257465769371192,0.002496059905919493,0.007051678114582748,0.0022360480753789583,0.002158044779740347,-0,0.002137243920664269,-0,0.002303651026246831,-0,-0,-0,-0,0.005522693260200158,0.0028808798011093497,-0,-0,-0,-0,-0,-0,-0,-0,-0,-0,-0,-0,6.240037440305762e-4
brandenburg,2021.4849315068493,-0,-0,-0,0.008944769272208542,0.004331780421159893,-0,0.004253773981728947,0.0041653668251699465,-0,-0,-0,0.004191368914435681,-0,0.004284976543460163,-0,-0,0.00468541108093808,-0,-0,-0,-0,0.004846625856274117,-0,-0,0.005262666295407436,-0,0.011976979202098424,-0,-0,0.005834727334325187,0.00521586157983388,-0,-0,-0,0.0030940920501508267,-0,-0,0.00929843130453477,-0,-0,0.003031688374572533,-0,0.009085193614769562,0.003068090509561685,0.0031720967499333595,-0,-0,-0,0.003738934416303768,-0,-0,-0,-0,-0,-0,-0,0.004477392754523038,-0,0.002111242858517245,-0,-0,0.002303651026246831,0.0023660538281344377,-0,-0,-0,0.002761273312456735,-0,-0,-0,-0,-0,-0,-0,-0,-0,-0,-0,-0,-0,6.240037440305762e-4
brandenburg,2021.504109589041,-0,-0,-0,0.004472192307027267,-0,-0,-0,0.0041653668251699465,-0,0.00860151136459996,0.0043837847791265904,-0,-0,-0,-0,-0,-0,-0,-0,-0,-0,-0,-0,-0,-0,0.011014766504952585,0.011976979202098424,-0,-0,-0,-0,-0,-0,-0,0.0061883682152110014,-0,0.0030212877692570046,-0,0.003036888678013275,-0,0.003031688374572533,0.005813925004463643,-0,0.006136362052479218,-0,0.0034685156762824733,-0,-0,-0,0.003322906167983072,-0,0.0028652789391583914,-0,-0,0.002496059905919493,-0,0.00671363337435913,0.002158044779740347,-0,-0,-0,0.002303651026246831,0.0023660538281344377,-0,-0,-0,-0,-0,-0,-0,-0,-0,-0,0.004836224887943667,-0,-0,-0,-0,-0,0.004893430239503069,-0
brandenburg,2021.5232876712328,0.005257465769371192,-0,-0,0.004472192307027267,-0,0.004134164335210349,0.004253773981728947,0.0041653668251699465,-0,0.00860151136459996,0.0043837847791265904,0.004191368914435681,0.0043473817230861005,0.004284976543460163,0.008783541790988263,0.00921521649229578,0.00468541108093808,-0,0.004706212959348299,-0,0.0049246331850620285,0.004846625856274117,0.009776919059188786,0.01019299894652979,0.010531066306453505,0.00550709160564713,0.005990745073540965,0.012315058160441395,-0,0.005834727334325187,0.01042704534623277,-0,0.006656426020355008,-0,0.0030940920501508267,-0,0.006042751090638643,0.003099292359832304,-0,0.005980343876362871,0.006068754118689121,0.0029068812480877357,0.0030264880716576255,-0,0.0031720967499333595,0.006937262725709608,0.00364532777022918,-0,0.003738934416303768,0.003322906167983072,-0,0.005730715768236012,-0,-0,0.002496059905919493,-0,0.0022360480753789583,-0,0.004217371016703511,-0,-0,-0,-0,-0,-0,0.002735271938280475,-0,0.0028808798011093497,-0,-0,-0,-0,-0,-0,-0,-0,-0,-0,-0,0.004893430239503069,-0
brandenburg,2021.5424657534247,0.005257465769371192,0.004997440130846761,-0,-0,-0,-0,-0,0.0041653668251699465,0.00869512693287168,0.012902800658613022,0.013147261883931494,0.008388276532692397,0.013048436994883204,0.01713682344673326,0.004388985217780854,-0,0.009366043437531103,0.004586602272132791,0.028243668850247376,0.02453938929723972,0.014780500408604591,0.009693703481235955,0.0048882297503998065,0.01019299894652979,-0,-0,0.005990745073540965,0.018473681120032222,0.012559516622681456,0.011664908268371053,-0,-0,-0,0.003140894855977498,0.0030940920501508267,0.006281979439199475,0.009064389984535487,-0,-0,0.0029900859657976397,0.003031688374572533,0.005813925004463643,0.0030264880716576255,0.003068090509561685,-0,-0,-0,-0,-0,-0,-0,-0,-0,0.0026260663087299776,0.002496059905919493,-0,-0,0.002158044779740347,-0,-0,-0,-0,-0,0.002594864742416224,-0,-0,-0,-0,-0,0.0030940920501508267,-0,-0,-0,-0,-0,-0,-0,-0,-0,-0,-0
brandenburg,2021.5616438356165,0.005257465769371192,-0,0.00477381912164906,-0,0.004331780421159893,0.004134164335210349,-0,-0,0.0043473817230861005,-0,-0,0.012580321651257461,0.0043473817230861005,-0,0.004388985217780854,-0,-0,0.009178810053818976,0.004706212959348299,0.02453938929723972,-0,0.03393066769077411,0.01955047474197839,0.01529024777657586,0.005262666295407436,-0,0.011976979202098424,0.018473681120032222,0.006281979439199475,0.011664908268371053,0.015643952968499925,0.003577723075084036,0.006656426020355008,0.003140894855977498,0.0030940920501508267,0.003140894855977498,0.009064389984535487,-0,-0,0.0029900859657976397,0.003031688374572533,-0,-0,0.006136362052479218,-0,0.006937262725709608,-0,-0,-0,0.0066512253549268294,-0,-0,0.01107197865395119,-0,0.002496059905919493,0.002350453120639017,0.004477392754523038,-0,0.002111242858517245,-0,0.00218404586528353,0.002303651026246831,0.0023660538281344377,0.002594864742416224,-0,-0,-0,-0,-0,-0,-0,-0,0.00414456516311655,-0,0.005304270522398097,-0,-0,0.004846625856274117,0.0045501990741136835,-0,-0
brandenburg,2021.5808219178082,-0,-0,0.00477381912164906,-0,-0,0.004134164335210349,0.004253773981728947,0.012502302837021037,-0,-0,0.0043837847791265904,0.004191368914435681,0.0043473817230861005,0.008570306212628472,0.017568567498142243,0.023046306286314225,-0,0.03212512125888308,0.028243668850247376,0.014723284179222362,0.024633033562881032,0.009693703481235955,0.0048882297503998065,0.01019299894652979,0.005262666295407436,0.00550709160564713,0.005990745073540965,0.0061571645113304525,0.012559516622681456,-0,0.00521586157983388,0.010739108851154384,0.009984958586699498,0.006281979439199475,0.0030940920501508267,0.012559516622681456,0.006042751090638643,0.00929843130453477,-0,0.011956174414916292,0.006068754118689121,0.0029068812480877357,0.0030264880716576255,0.021480436015424785,0.0031720967499333595,-0,0.010936750039578199,0.007592554269948531,0.01496255246639305,0.0066512253549268294,0.005730715768236012,-0,0.008305063176946391,0.005257465769371192,-0,-0,0.00671363337435913,0.0043161791239144645,0.002111242858517245,-0,-0,-0,-0,0.002594864742416224,-0,-0,-0,0.0028808798011093497,-0,-0,0.0031772970674157778,-0,-0,-0,-0,-0,-0,-0,-0,-0,6.240037440305762e-4
brandenburg,2021.6,0.005257465769371192,0.009995360584923656,-0,0.013417730961730804,0.004331780421159893,0.004134164335210349,0.008502695114267609,0.012502302837021037,0.026094946464808394,0.021506446764364646,0.008762738281435603,0.012580321651257461,0.02610014907521543,0.004284976543460163,0.013173268464894668,0.018437268198909004,0.014052298551039937,0.03212512125888308,0.028243668850247376,0.014723284179222362,0.024633033562881032,0.024232445386586157,0.034222058580943855,0.02038799630840001,0.02105906369521445,-0,0.017969104341553854,0.012315058160441395,0.018843013618069403,0.005834727334325187,0.026079338636698868,0.010739108851154384,-0,0.012569919135928956,0.015472301618996516,0.012559516622681456,-0,-0,0.006079155333551316,-0,0.006068754118689121,0.008726332159748081,0.009085193614769562,0.003068090509561685,0.009511669868726874,0.010411442220143122,0.014582844610372604,0.003796138560742797,0.007478137690988677,0.003322906167983072,0.005730715768236012,0.008596310504640502,0.01107197865395119,-0,0.002496059905919493,-0,0.004477392754523038,0.0064744030399512,0.002111242858517245,0.00427977611520186,0.00218404586528353,0.002303651026246831,-0,-0,-0,-0,-0,0.0028808798011093497,-0,-0,-0,0.00348931706789617,-0,0.004836224887943667,-0,-0,-0,0.009693703481235955,-0,0.004893430239503069,0.001253215101301139
brandenburg,2021.6191780821919,0.015773992246864873,0.009995360584923656,0.009548076540247592,0.017896279231453784,0.021662511531247507,0.016543831435914005,0.021261946237974404,0.025012814813486828,0.017396909795403263,0.025808803693866775,0.030683851091929452,0.033550821303411006,0.03044971350096989,0.02142321241355143,0.02635507762293479,0.032265608213284745,0.03748470736268477,0.04589985169846541,0.03295243878737827,0.029450738291013447,0.044348906408407565,0.03393066769077411,0.014666068012795774,0.025486244639998552,0.0368602611334012,0.022031866678875005,0.035944420227914435,0.024633033562881032,0.018843013618069403,0.017500944699110708,0.015643952968499925,0.010739108851154384,-0,0.02200065346632123,0.012377472977715043,0.006281979439199475,0.012086204471364761,-0,0.015196620334369833,0.02092380910645847,0.01820838756426024,0.008726332159748081,0.015139403647124234,0.009204814650129236,0.0031720967499333595,0.006937262725709608,0.010936750039578199,0.007592554269948531,0.01496255246639305,0.01995102685164687,0.008591109645195443,0.014322772336291164,0.002766473588848688,-0,0.00997455659055614,0.00470101248896849,0.00671363337435913,0.0043161791239144645,-0,0.002137243920664269,-0,0.004612604572039852,0.0023660538281344377,0.002594864742416224,-0,0.002735271938280475,-0,0.0028808798011093497,-0,-0,-0,0.00348931706789617,-0,-0,0.005304270522398097,-0,-0,0.009693703481235955,0.0045501990741136835,-0,6.240037440305762e-4
brandenburg,2021.6383561643836,0.005257465769371192,0.009995360584923656,0.009548076540247592,0.008944769272208542,0.004331780421159893,0.004134164335210349,0.042532589692946696,0.033353094145075333,0.03044451045536988,0.05594047899359835,0.05700243163703027,0.033550821303411006,0.03044971350096989,0.02999705048112077,0.04393255313265045,0.036875872197746386,0.03748470736268477,0.04589985169846541,0.04237646227736401,0.05400403294447563,0.044348906408407565,0.024232445386586157,0.024440542755345487,0.035684241094578885,0.0421318636020912,0.03305130151083315,0.023961920052196124,0.0061571645113304525,0.02512206746780387,0.029174982889056757,0.026079338636698868,0.010739108851154384,0.023306422193959144,0.02200065346632123,0.03404514248860458,0.018843013618069403,0.009064389984535487,0.003099292359832304,0.012153820229216194,0.017937893567593784,0.01820838756426024,0.02035678408257603,0.021194318635769496,0.01227344832387483,0.009511669868726874,0.01388065245547877,0.00364532777022918,0.022780989400960842,0.01496255246639305,0.013298100234577928,0.02578279079277061,0.014322772336291164,0.002766473588848688,0.007883797606960438,0.007483338439113557,0.00470101248896849,0.008955171062356925,0.0064744030399512,0.002111242858517245,-0,0.00218404586528353,0.0069164599547856965,0.0023660538281344377,-0,0.0053562758529402035,0.002735271938280475,-0,-0,-0,0.0030940920501508267,-0,-0,0.00414456516311655,-0,0.005304270522398097,0.00807622713526865,-0,0.009693703481235955,0.0045501990741136835,-0,0.001253215101301139
brandenburg,2021.6575342465753,-0,0.009995360584923656,0.009548076540247592,0.026844127723162164,0.047664238323308544,0.004134164335210349,0.021261946237974404,0.025012814813486828,0.013048436994883204,0.0516356284213729,0.04822635637130588,0.033550821303411006,0.039149933968746664,0.02999705048112077,0.03074628796089661,0.04148654495948864,0.01873897602928555,0.022947462582570632,0.009412851888795442,0.029450738291013447,0.024633033562881032,0.053327334930468304,0.009776919059188786,0.025486244639998552,0.02105906369521445,0.0771524072223701,0.011976979202098424,0.04311546951962554,0.018843013618069403,0.029174982889056757,0.03129261376229456,0.010739108851154384,0.023306422193959144,0.02514287752322325,0.012377472977715043,0.01570117021091469,0.015108194571524151,0.0123982779334561,0.012153820229216194,0.011956174414916292,0.009100796342909912,0.011633701278010085,0.009085193614769562,0.015342263095088661,0.012684346918992246,0.0034685156762824733,0.00364532777022918,0.0189834646930983,0.022442842391546248,0.00997455659055614,0.011456862019689484,0.011456862019689484,0.01107197865395119,0.005257465769371192,0.007483338439113557,0.00470101248896849,0.01119160425981273,0.002158044779740347,0.010546669468431843,-0,0.004373383903372552,0.009225618336543066,0.004732215319060305,-0,-0,-0,0.005522693260200158,0.0057567186402568615,0.00592833792167956,-0,0.0031772970674157778,-0,-0,0.004836224887943667,-0,-0,0.007051678114582748,0.004846625856274117,0.0045501990741136835,-0,0.007509342187557531
brandenburg,2021.676712328767,0.02103305317005181,0.014993761454582546,0.019097906590280194,0.03131862941982168,0.01299642397082048,0.024815120117727414,0.059553288852712494,0.04586341956714903,0.03479964177852439,0.06885716940090322,0.09649748083141314,0.041944512203426126,0.060917267931368736,0.05143262733865298,0.06151076618206685,0.05993853122653163,0.03748470736268477,0.022947462582570632,0.04237646227736401,0.02453938929723972,0.024633033562881032,0.03877525333294961,0.024440542755345487,0.045884237924777395,0.052671466797591125,0.016523024821490682,0.023961920052196124,-0,0.03140708275275845,0.035007781440237876,0.04173114059930998,0.03221877918631392,0.026636020735359246,0.02514287752322325,0.043334051139093985,0.03141228589467296,0.012086204471364761,0.02169892671091331,0.030397683068374134,0.017937893567593784,0.01820838756426024,0.02617818829382411,0.018166773011649994,0.01227344832387483,0.02536658614494264,0.020819767354506157,0.01823439667655059,-0,0.01870256292238956,0.01995102685164687,0.008591109645195443,0.014322772336291164,0.008305063176946391,0.007883797606960438,0.004987039132350607,0.011748127000910156,0.008955171062356925,0.008632716535297642,0.006328785114386053,0.0064171959491335275,0.008747135654730063,0.01614330557066179,0.00946486132851025,0.007784982720497809,0.010713103487550278,-0,0.005522693260200158,0.0028808798011093497,0.00592833792167956,0.0061831675966001545,0.0031772970674157778,0.006973667594864792,0.00414456516311655,0.004836224887943667,0.005304270522398097,-0,-0,0.009693703481235955,-0,0.009782120037235744,0.007509342187557531
brandenburg,2021.695890410959,0.010515463149157066,0.02499200481011761,0.014322772336291164,0.013417730961730804,0.01299642397082048,0.03722452052251837,0.034024328870253494,0.07089831044947996,0.04350059013253707,0.06885716940090322,0.04383887410502002,0.07132008682799,0.10446886961303417,0.08575106543183064,0.10109260283547268,0.0922413638505337,0.0890690381340064,0.027536089446162745,0.03295243878737827,0.01963370609523157,0.03942053832916226,0.043625494727648664,0.03911350656623497,0.04078398941368013,0.03159439618977572,0.044073071990527624,0.04193930800754016,0.06160447705139329,0.043974188310213165,0.05252051419205301,0.07827207928468796,0.050126152153479826,0.03329585747640478,0.018853417388396066,0.03714126100861542,0.04397939270974958,0.03022598301016301,0.02169892671091331,0.036475189696544084,0.011956174414916292,0.036417949591265555,0.029086533352894357,0.015139403647124234,0.01841125898514139,0.02536658614494264,0.031235379361559235,0.014582844610372604,0.003796138560742797,0.03367049863291807,0.01995102685164687,0.022916248820422,0.008596310504640502,0.019378810496632363,0.02366018191647962,0.01247109534410109,0.014099111220887492,0.020148703055823725,0.008632716535297642,0.01477009745312464,0.0064171959491335275,0.00655761346622002,0.002303651026246831,0.00946486132851025,0.007784982720497809,0.0026780689608667365,0.013688201446341705,-0,-0,-0,0.0030940920501508267,0.0031772970674157778,0.006973667594864792,-0,0.004836224887943667,0.005304270522398097,-0,0.01410431263125295,0.004846625856274117,-0,0.004893430239503069,0.008762738281435603
brandenburg,2021.7150684931507,0.010515463149157066,0.014993761454582546,0.014322772336291164,0.022370011015787467,0.025996096965921842,0.03722452052251837,0.03827568335141464,0.06672759488444667,0.03479964177852439,0.034414585600647966,0.06577478171505072,0.05033435317156327,0.07397579446199548,0.07288225136328612,0.08350100661083022,0.0876261888250657,0.04685750544680775,0.06427010139117922,0.04708651221702175,0.049095569389721865,0.0344926372981892,0.043625494727648664,0.029331070672825185,0.01529024777657586,0.03159439618977572,0.02754129220075843,0.035944420227914435,0.018473681120032222,0.043974188310213165,0.040846438411165364,0.03129261376229456,0.042959340353967965,0.0299658324870681,0.0345758925713617,0.02475789284607234,0.01570117021091469,0.012086204471364761,0.01549830936280587,0.039519413350584745,0.02690655998191206,0.024274064793716903,0.029086533352894357,0.024222040540008326,0.01227344832387483,0.02219833746225125,0.034705979202554665,0.029174982889056757,0.022780989400960842,0.01870256292238956,0.02659960209812348,0.008591109645195443,0.01718884061239943,0.022146315285201446,0.013142060569296185,0.007483338439113557,0.011748127000910156,0.0156699607981549,0.01942042601922349,0.016881940087131325,0.01925396412869344,0.013116054003940898,0.011529678112048001,0.00946486132851025,0.007784982720497809,0.010713103487550278,0.005475888310578272,0.005522693260200158,0.0028808798011093497,0.00592833792167956,-0,0.006354788285470629,0.010463452658639629,-0,0.009672899607554079,0.010614283224455347,0.00807622713526865,0.007051678114582748,-0,0.0045501990741136835,-0,0.011269621107550368
brandenburg,2021.7342465753425,0.005257465769371192,0.014993761454582546,0.019097906590280194,0.017896279231453784,0.03032484055019417,0.020679311319569783,0.03827568335141464,0.0583819613286117,0.05220299462448278,0.05594047899359835,0.08771994676970195,0.05033435317156327,0.008700327802714423,0.02570995473892185,0.07470483597070458,0.05070911710481969,0.056237198872464436,0.05049050448218209,0.028243668850247376,0.044182364698067085,0.04927774162446374,0.05817893390744267,0.03911350656623497,0.045884237924777395,0.0421318636020912,0.022031866678875005,0.029950223497072753,0.018473681120032222,0.006281979439199475,0.029174982889056757,0.04694598521574311,0.03937890679743894,0.03662609573067052,0.006281979439199475,0.027853458429279256,0.021985046867073175,0.03022598301016301,0.040300012226055996,0.01823439667655059,0.017937893567593784,0.012138216584987522,0.034903711505238535,0.021194318635769496,0.030689054161477596,0.019025079899295843,0.0034685156762824733,0.014582844610372604,-0,0.029929411517696826,0.046560839084914055,0.020055066865433423,0.011456862019689484,0.008305063176946391,0.007883797606960438,0.0199562288473898,0.011748127000910156,0.004477392754523038,0.010791119617384493,0.004217371016703511,0.00855470364366793,0.008747135654730063,0.0069164599547856965,0.011831345866629425,0.007784982720497809,0.008034620690429147,-0,0.005522693260200158,0.0057567186402568615,0.00592833792167956,0.0030940920501508267,0.015883225492003324,0.006973667594864792,0.016585444689736547,-0,0.010614283224455347,-0,0.007051678114582748,0.009693703481235955,0.0045501990741136835,0.004893430239503069,0.009392048127474796
brandenburg,2021.7534246575342,0.010515463149157066,0.03999817927137783,0.05730956904282846,0.013417730961730804,0.021662511531247507,0.016543831435914005,0.025517459944863426,0.08341767296866587,0.06526453921769663,0.04733113419923833,0.05700243163703027,0.06712330384531386,0.07833457331946389,0.04714376406715859,0.06591015301389047,0.055326222168768105,0.028108395572714745,0.01835403876065428,0.023535325269015014,0.03926962418524795,0.024633033562881032,0.029081330443690413,0.04889257822279298,0.030584992869379296,0.03159439618977572,0.044073071990527624,0.017969104341553854,0.012315058160441395,0.05654433175844395,0.040846438411165364,0.026079338636698868,0.025054434845209295,0.019977036835577063,0.0345758925713617,0.0650146263517779,0.05026668774925064,0.03324902752161997,0.02169892671091331,0.036475189696544084,0.02391509850257945,0.01517061274145522,0.02617818829382411,0.02725514147086117,0.024549794207317087,0.02536658614494264,0.02429487450977393,0.021881002991773712,0.01518621729564192,0.022442842391546248,0.0332542308478493,0.028649490794270732,0.01718884061239943,0.019378810496632363,0.028920040516489626,0.01247109534410109,0.011748127000910156,0.008955171062356925,0.012949612293649146,0.01477009745312464,0.00427977611520186,0.013116054003940898,0.01614330557066179,0.00946486132851025,0.002594864742416224,0.0053562758529402035,0.005475888310578272,0.00828946068757165,0.008637917398898307,0.0029640844772087834,0.0030940920501508267,0.006354788285470629,0.024414530538704307,0.00828946068757165,0.019347598876551086,0.010614283224455347,0.00807622713526865,-0,0.014541232959114825,0.0045501990741136835,-0,0.01064028853863916
brandenburg,2021.772602739726,0.010515463149157066,0.014993761454582546,0.014322772336291164,0.004472192307027267,0.008663921724721541,0.008268657375683799,0.05104224286850316,0.10011831969226892,0.10010268963019145,0.08608441575988639,0.10088940858783049,0.15956215827761555,0.1088302053382873,0.06430133998646459,0.039535025213256164,0.05070911710481969,0.028108395572714745,0.01835403876065428,0.028243668850247376,0.05400403294447563,0.04927774162446374,0.03393066769077411,0.014666068012795774,0.05098498672599386,0.02632906444856477,0.022031866678875005,0.035944420227914435,0.018473681120032222,0.05026148272040899,0.040846438411165364,0.052166558076805473,0.05728874611053252,0.03995654727719487,0.03771887663194529,0.03714126100861542,0.04083603023970965,0.036272247789418094,0.037198501910100344,0.021272350492274286,0.041861245131797516,0.030345652687833437,0.02035678408257603,0.012112210521670226,0.04604558047898727,0.012684346918992246,0.03818201451418922,0.03646998604800865,0.0189834646930983,0.029929411517696826,0.023275208216344843,0.020055066865433423,0.005730715768236012,0.022146315285201446,0.013142060569296185,0.014967753963120995,0.01645020173657643,0.0156699607981549,0.0064744030399512,0.008440284947649665,0.017116016595036396,0.02186539642843016,0.011529678112048001,0.014197938106741774,0.007784982720497809,0.010713103487550278,0.010947152228198982,0.011051174228849372,0.011514074655104551,0.00592833792167956,0.0061831675966001545,0.0031772970674157778,0.013948270546703915,-0,0.004836224887943667,0.021230733487564962,-0,-0,0.004846625856274117,0.0045501990741136835,0.014676470947463945,0.012517906590501499
brandenburg,2021.7917808219179,0.03155277092323773,0.02499200481011761,0.014322772336291164,0.017896279231453784,0.025996096965921842,0.03308772466685853,0.0553001944974457,0.033353094145075333,0.04350059013253707,0.08608441575988639,0.09649748083141314,0.10491697087911472,0.08268850929635145,0.05143262733865298,0.03514307266711036,0.036875872197746386,0.04685750544680775,0.022947462582570632,0.03295243878737827,0.044182364698067085,0.03942053832916226,0.043625494727648664,0.029331070672825185,0.025486244639998552,0.03159439618977572,0.03305130151083315,0.0659153596093483,0.04311546951962554,0.02512206746780387,0.05252051419205301,0.01042704534623277,0.06803448724477738,0.04329241647407069,0.0440054147152564,0.02475789284607234,0.03141228589467296,0.05139098618886756,0.034097176570930005,0.042558610974455416,0.029898193564250896,0.02731237149086693,0.034903711505238535,0.03028321629990475,0.030689054161477596,0.05074555263127793,0.01388065245547877,0.025527865050649138,0.0379738621466557,0.03367049863291807,0.039904507331330934,0.02578279079277061,0.034383364954433726,0.024919169863908314,0.007883797606960438,0.027442439952402576,0.021152701693511106,0.024627831099257123,0.023738217473380493,0.037989473545315997,0.017116016595036396,0.015305852366663597,0.020757342403251337,0.014197938106741774,0.012975618775762674,0.016070483017514972,0.010947152228198982,0.013813034452186325,0.01439559244191866,0.014827313734021907,0.0030940920501508267,0.009532473677904933,0.013948270546703915,0.00414456516311655,0.004836224887943667,-0,0.00807622713526865,0.02115790380947481,0.004846625856274117,0.013656993241703807,0.01956608061056861,0.013147261883931494
brandenburg,2021.8109589041096,0.036813427968497014,0.04499946507567004,0.0334259409054129,0.04474444510819792,0.03032484055019417,0.04964208800857152,0.059553288852712494,0.07507456807065975,0.06091206183632993,0.07316344596367182,0.10528170731845983,0.13433336465140042,0.10446886961303417,0.055721844376790224,0.07470483597070458,0.055326222168768105,0.09376248193655315,0.07805335075443469,0.07535577452646819,0.06874261794095955,0.044348906408407565,0.08243330442658663,0.06846665409642881,0.07139298679571786,0.057939466685974474,0.03856189473283067,0.07791274004225071,0.07393413525593062,0.07540784996294697,0.046685751031003794,0.1252888143034978,0.05370732580808273,0.05661721101463139,0.0345758925713617,0.03714126100861542,0.05341062036466333,0.057439712558591385,0.096153644493503,0.05472238354903707,0.04485373922682847,0.06374946089924406,0.034903711505238535,0.09089739927919405,0.04297495324944232,0.06661825478150546,0.048595900250366045,0.07296556812339615,0.04177277401429003,0.056127880825370985,0.0698569019444411,0.04298015754897164,0.05158878194732986,0.04430727093081591,0.036813427968497014,0.03243211176184075,0.02585042436269211,0.047029260429918965,0.038853311576107115,0.029544391401695232,0.023535325269015014,0.026240619753038208,0.02537178868248336,0.028399753838528094,0.01557113111465948,0.02410758736505991,0.013688201446341705,0.02762973910857567,0.0201539050713419,0.014827313734021907,0.024742285419274965,0.009532473677904933,0.031391473330127144,0.00828946068757165,0.014510024242519383,0.010614283224455347,0.032317640514939114,0.01410431263125295,0.009693703481235955,0.027322776955817422,0.01956608061056861,0.028800374119588697
brandenburg,2021.8301369863013,0.03155277092323773,0.03499737443736535,0.07164813748758547,0.022370011015787467,0.05199999132683292,0.07862100527317196,0.13196129868529666,0.14607538125506225,0.12189034668000027,0.13780563874658158,0.10088940858783049,0.15114946192419854,0.1306215202328873,0.1072096424270337,0.1627283549660756,0.11070616116654726,0.15479497042462956,0.1286197365920889,0.08006881274531351,0.08840230134777494,0.05421224948968314,0.07758464985911075,0.05378540646930918,0.06118798559146794,0.11066447252398538,0.0826676761988088,0.0719137038230665,0.04927774162446374,0.10056638346962299,0.029174982889056757,0.09393960131822165,0.06803448724477738,0.03995654727719487,0.07861058953812074,0.07740758617587419,0.07856371875620519,0.08769911165628472,0.07753257224263542,0.05168247493762544,0.0687894798713479,0.08198018866226231,0.061099481585986215,0.060578872838175424,0.10134789929773722,0.07613691154953875,0.06596742559257034,0.08392288522367289,0.10639156393446646,0.108569661270162,0.07651186148861523,0.05158357678615503,0.05731998051210332,0.07478815565109591,0.06049036986939673,0.07487147546498492,0.05406649782049767,0.06944034438214132,0.04749248124286842,0.0612140162099866,0.05778329300521951,0.043739990870057005,0.04383366971954734,0.05444649409961552,0.05451937041569583,0.04822635637130588,0.032853576251881456,0.04421359122812214,0.05471717807417585,0.044489426391390495,0.034024328870253494,0.022239955241367685,0.027905486316228162,0.04976700735651442,0.03870239907838413,0.01591963662470531,0.032317640514939114,0.007051678114582748,0.03393587108520574,0.031875367610436675,0.01956608061056861,0.047591371613833915
brandenburg,2021.849315068493,0.036813427968497014,0.06500941984650686,0.0668681753546265,0.08057399246495583,0.12141603833998428,0.12419419158743303,0.29418338549260037,0.39324600512139757,0.3884363907253985,0.4578888786547987,0.5064211990633549,0.5436685935520739,0.30091941996746907,0.25768381733742074,0.290627445915635,0.24479328684834661,0.1829924055262651,0.17003168546733036,0.10364041348780173,0.10806942031876533,0.12822355938137922,0.06302577927409199,0.11253007199633545,0.10202001230410924,0.11066447252398538,0.12681089942389448,0.10790788520609547,0.10477107701970459,0.132034283716951,0.11678784996757763,0.12006089549261768,0.10029546072418304,0.12664409340135008,0.13213333499518617,0.1022023700444088,0.14779623699386019,0.11797091748912496,0.1272122786084833,0.11255091706128197,0.1436610645047174,0.16713109713231444,0.14267555489529005,0.1394427973540722,0.1351779505241172,0.14285284096049453,0.13897354280202798,0.14969445907562143,0.11019547759814462,0.07110659465327654,0.1198055071416993,0.11469279202496868,0.10035798123246456,0.09142352080736185,0.08681362705277477,0.10735554312837768,0.09171523404764018,0.08513124784629891,0.06476992116770877,0.08022505337150652,0.07491313542199625,0.0962734659895243,0.05537307200997013,0.10420834739624837,0.05451937041569583,0.07503811549328661,0.07942823108594334,0.07463193135988219,0.06047995776532545,0.044489426391390495,0.049496349148587214,0.04130960414999296,0.05931381530207407,0.07466838365251674,0.05806440596828428,0.06371301626002378,0.056570360052498866,0.02115790380947481,0.04849180311732818,0.09568478042390405,0.044036641139057114,0.07077854741006565
brandenburg,2021.868493150685,0.05259859307124008,0.09503879685279555,0.15296957656813573,0.18370732185301766,0.18223053471192024,0.2279155469944991,0.5212885924731437,0.742959598529088,0.7180367290134815,0.9548745490549865,0.919596807894051,1.0716793621781096,0.5859962744995462,0.4301816907125695,0.458696767556774,0.4349532185294812,0.3383338880786519,0.25295465412924195,0.18859197668215874,0.15726196165416267,0.17762823745373804,0.16500271077211123,0.11742368026784691,0.14288412679945175,0.18457358400310797,0.1599429262643805,0.14993434921556656,0.117110975869916,0.18242361050616432,0.09340824498308713,0.13051725876598336,0.15051843418388874,0.18673930251591503,0.18571122730120265,0.18286194740299558,0.18244448360794197,0.20890265710754544,0.20182355481496847,0.207038817685487,0.2516692321727364,0.17930317604473484,0.24775045889562686,0.21842650969158112,0.2028989315783576,0.22875120836123,0.2051123984080621,0.16066274185678292,0.14824992662933495,0.1985975579531973,0.2198573268501502,0.1692647875658148,0.1922766459923599,0.12471022513984298,0.14213327185964103,0.16486708126057592,0.13880669775956256,0.11877354249788571,0.11664713447640944,0.13307693821105768,0.11777286906788945,0.11380163624992563,0.10618313835026558,0.08524583541469294,0.11689729561285647,0.07503811549328661,0.06572792250140694,0.08846480755832972,0.08930343981644798,0.06823755314942365,0.0680657281015708,0.07310616545878747,0.06280711486508779,0.0829749652339448,0.06290603436478938,0.06902379015674179,0.056570360052498866,0.05643501306567299,0.08245934568244409,0.09112660008264022,0.05382704953657054,0.09711222419259807
brandenburg,2021.8876712328768,0.14214370032622659,0.17521245532001012,0.17212375698110152,0.14332734487353058,0.264875059856327,0.3984700227695993,0.706270282941123,1.0312353850001623,1.0364337146432598,1.1303849051787902,1.1923969538817618,1.2689264742322834,0.885913896891929,0.6639657631241506,0.7786455110238644,0.6538070553100941,0.6361959587538111,0.4099416481849375,0.3399616700451785,0.34463070357729964,0.34098233103191283,0.24769821058028763,0.1811399308491983,0.2810380798607078,0.232140997501537,0.21520470424134433,0.21003039070944007,0.19739177555802095,0.20133285630242306,0.2983305457193927,0.3295311399061598,0.2834796971903229,0.32053629163506686,0.3467716898597575,0.3445678886849337,0.29916733945971163,0.32126879816173587,0.3763304962298036,0.3689771877121786,0.4080810710278551,0.38062040644661993,0.4262808987555978,0.3736959648821624,0.3509596929446315,0.33712486114045387,0.32717631723900126,0.33650204005179524,0.31983518790984206,0.3565145523972802,0.3234506823152127,0.29009407595166203,0.27572652037772083,0.2552852156168798,0.22654718050602202,0.229957718150544,0.2260458033257535,0.20859462301515835,0.21405075116628314,0.23681603071283924,0.17353764848528594,0.16421502123994297,0.17555159722777292,0.17537941721356584,0.16633294203830723,0.13675246204617372,0.13976606406445394,0.1327537130819493,0.1585502678630685,0.11872663550067548,0.13312385815486025,0.10492739188473604,0.10122285597593945,0.10373941069518869,0.11618850885192081,0.1328214859264223,0.06465537871125233,0.0917412799522426,0.13102292883220926,0.13218025408757092,0.1469358020058476,0.1165533243605149
brandenburg,2021.9068493150685,0.22127773902886724,0.22035864436520292,0.23441839134448147,0.2735570925911321,0.33457605229089404,0.48604124014513483,0.6674999209707517,0.7979471076232975,0.9920948627455284,1.121595835372911,1.0804228341883142,1.1959406057662012,0.9744536164567028,0.8334699961002268,0.8277001679749082,0.8454713870270196,0.6456773057545847,0.6277373820897909,0.5821205867474873,0.4534194863326346,0.46011322644595826,0.40372600845403955,0.3383181862499341,0.3630858638987266,0.41754712195831606,0.3702655127899336,0.3183754574980486,0.26541862442573017,0.3591639215062625,0.4510800280269884,0.5398433475532564,0.44925469419678626,0.4613933187805538,0.4069071073017536,0.3757229185108158,0.44148200715279273,0.4643575879868371,0.4512950859446009,0.5252858156716746,0.5015486018855242,0.4601394575300025,0.5113677722594299,0.5294356891421308,0.5087368929032008,0.4617133467880447,0.48803583455228317,0.44302386483726075,0.514986105194887,0.46205960881780545,0.44065340864405034,0.4256412806874328,0.37661333655506085,0.3638818082080169,0.3428352744822992,0.33527735479323284,0.35599621335974596,0.29857635248379455,0.3463790818629825,0.29618632322200744,0.2874011640862553,0.3091523737077022,0.25427668627843014,0.2965942416672852,0.24969935855781786,0.16360991685541715,0.21940823401365883,0.19093531263526417,0.19898383181976387,0.19009503971516542,0.13312385815486025,0.14631525469975978,0.17114814208608822,0.15776267606490463,0.1695308529034151,0.1328214859264223,0.21853616946760734,0.14828121571562236,0.1504662834735552,0.1687065764778493,0.20091524419439982,0.16488273080154284
brandenburg,2021.9260273972602,0.1896096708611794,0.22035864436520292,0.21044807602793436,0.305040964494702,0.3869118672509573,0.4526641340290657,0.6718033853055508,0.7387346319381515,0.7180367290134815,0.8411059635122085,0.7904019490368843,0.9221003519779492,0.7931051970065812,0.681328107607145,0.725181188608355,0.7144991349015594,0.5556505806037844,0.4469468925660822,0.43479066477367323,0.3841667899130473,0.405481615550347,0.30615509289723836,0.30389547708186443,0.44525806627398073,0.32741179470705134,0.3869066284157365,0.38469588705742824,0.26541862442573017,0.37181049755447393,0.3335398166523241,0.3557710778114841,0.42038832173486435,0.48154843406236053,0.451258368676194,0.43808903236618857,0.42565176616610373,0.4125570508895164,0.4638014467273569,0.4608686869636239,0.5045676680972674,0.4050728420371753,0.4145540701782064,0.4286139985608871,0.42205012861124924,0.4745108347397138,0.42153637822739093,0.39524228290795094,0.3886302336826774,0.3866446873274939,0.38704283830308145,0.3592686424260213,0.3247064844885976,0.3694537595292728,0.3243192755845625,0.2976349711716381,0.2992510195743661,0.3143365603732997,0.2725795727822264,0.2898221639578265,0.26374613621341564,0.2476146133849309,0.26818357447298874,0.2965942416672852,0.22623904187477212,0.17166985900430215,0.20017399096244295,0.16322390566811346,0.14988741410110737,0.19902559132856082,0.1641315581475866,0.14631525469975978,0.18864416564272976,0.1702403671259688,0.09196006606597695,0.15410652864398985,0.16989604283830512,0.14828121571562236,0.18936437864754735,0.11393192122877503,0.11261345230625228,0.17115857637315585
brandenburg,2021.945205479452,0.1526879500788805,0.23040167901469163,0.19607118882435562,0.2600668514854136,0.40000012529987844,0.41930843784855215,0.7580108644593657,0.9420377338251483,0.9610822647036774,1.011847017041504,0.9240535176349348,0.9391731840483687,0.691650282447513,0.6379383753771071,0.5740072938728135,0.541934587284023,0.5319835603543178,0.5442203349454267,0.415812074457298,0.39405289032687923,0.3856283683967482,0.35491766586274276,0.3186422868783173,0.32717631723900126,0.23743243516819726,0.2982154876331593,0.348509670196699,0.3831295655881675,0.3591639215062625,0.3629025889742087,0.40303950359067436,0.43481688308701166,0.40768799986459003,0.4861304703654115,0.39754255102942354,0.39716527912248545,0.39733295518764333,0.4325464261471098,0.41796647747340254,0.35388626029826037,0.45708100230425297,0.42335025429886747,0.3736959648821624,0.3973119956499295,0.36585077542392513,0.3795780147600478,0.37320887927318724,0.48432490041206266,0.3715800562361832,0.3569072369261636,0.3073790924627392,0.2930067609197095,0.3220850318750629,0.25559352641687855,0.3051612682899504,0.29215960771247457,0.26256497382373334,0.25957037703191005,0.2834587834930068,0.21862494183662468,0.2454202350723783,0.23111202428147218,0.23476314314126875,0.1897662409642375,0.16360991685541715,0.19467756251657198,0.16322390566811346,0.14988741410110737,0.13358784654512676,0.15792958193992038,0.120842704363817,0.17464896288701884,0.12866665251429374,0.19379547378101442,0.10623003403387211,0.07274165463331046,0.12000356330465395,0.16504965953160158,0.11849210114933764,0.1616485924235158,0.1692752214749765
brandenburg,2021.964383561644,0.14741555794004424,0.17521245532001012,0.15775746026493956,0.2645614674970467,0.3607347574468653,0.5152697007093138,0.5642446267244082,0.8021821689656831,0.8946843793604634,0.8148894228951972,0.8171079651548012,0.8879714948866022,0.7886913725304177,0.6205957723187936,0.6184224335764208,0.5978407360886754,0.3807827909522733,0.3822023674175154,0.42055607270049006,0.37922182540591903,0.40051366295254504,0.3110303392459096,0.32356056379465437,0.3682178240609176,0.34330637232751493,0.2871397237592033,0.3183754574980486,0.35212715892182306,0.27703344827186605,0.37464919938291064,0.3662749509943428,0.409564286309311,0.3842086984014257,0.4037364895145619,0.3445678886849337,0.39083590308558913,0.40646687773735146,0.43567160734190813,0.42409469573894676,0.4291697636150516,0.3745077843695805,0.4262808987555978,0.306662473836367,0.4065874164142173,0.3913965038069514,0.39356037449191034,0.41361582846713696,0.3542213339742008,0.3000564475636082,0.33683176793419983,0.37945753867603566,0.2930067609197095,0.28867178279346284,0.2608768989279762,0.23245961770329474,0.24020634564273444,0.24682044673189726,0.29644257930752876,0.2135077232857889,0.24010708828966584,0.23224023965011945,0.25427668627843014,0.20149990208471197,0.1689361204988801,0.16898307280983346,0.09861785515532064,0.1521403473826831,0.1585502678630685,0.13061630715457984,0.13932287634351448,0.13994855422389443,0.12569018173950203,0.11204542659196298,0.07743362491501198,0.0796521733705321,0.09701323960118279,0.13414046733317656,0.07275206919286502,0.0820062296912091,0.13712784931469077,0.14918339246777546
brandenburg,2021.9835616438356,0.12632612090306844,0.1100652019805333,0.12425152839592371,0.2106464777295303,0.264875059856327,0.3484939652950254,0.3241204397002398,0.5909872395802257,0.5727559718757328,0.5621209504836481,0.4356663635919885,0.5309591435204921,0.4498421509659207,0.3956352600041864,0.36575127795161916,0.3560223919751334,0.3006317609082276,0.32215305192950716,0.2831503074346139,0.2015782049798856,0.25181553876039997,0.2623088846323312,0.23020842499619296,0.2195910038860564,0.22157018164679268,0.18756908362904648,0.2280722324778189,0.21593572848867112,0.2517841873141026,0.19869673610461192,0.20898097115077388,0.24751011707973214,0.24356031072504364,0.26776019829828196,0.2978703149019664,0.24865958798655802,0.2513922958302627,0.3077034048681301,0.28030613982749913,0.2516692321727364,0.270713449627248,0.3179202811270074,0.2731754917625839,0.27687661519022083,0.25741730057135515,0.2818066279839364,0.2704886830098314,0.23206787182903985,0.26997642783759573,0.19315870896382747,0.2095082887792775,0.16928565538623178,0.22469315358899228,0.1658634447645464,0.16736585096207912,0.17651685937950132,0.16366729714141126,0.15558773285669203,0.14365063573382397,0.11562565565928308,0.13352007270183094,0.14548091705252106,0.12317777684006151,0.13510496108001296,0.0723563173961331,0.09039211925824152,0.1189090518386069,0.08065732155004396,0.11872663550067548,0.06497297432422909,0.08265205138113206,0.055825955984430874,0.07466838365251674,0.08712094058906064,0.06902379015674179,0.08892318873152388,0.06349434896111678,0.06304660450385845,0.054654712416521284,0.04893421737191641,0.09585669675855205
brandenburg,2022.0027397260274,0.08418330582899479,0.13010021498881522,0.15775746026493956,0.1388379811642429,0.19091965525173887,0.21961189191237174,0.35407473897530095,0.3470700739198078,0.41910923841655257,0.3408724127323124,0.3473579899868384,0.33226810113610983,0.35780780464431416,0.35679728495916346,0.2685546848191658,0.25868196089294265,0.23001517169591112,0.23451241433510867,0.2122180547964946,0.21635868292482002,0.17762823745373804,0.2623088846323312,0.20567100044522962,0.18378037954942655,0.23743243516819726,0.2262651552472824,0.2521342795373803,0.22211851598834112,0.22655240321042677,0.21626469275282106,0.2246879310713209,0.26549179701323056,0.22015498354182025,0.2645980531748475,0.28231377140161557,0.270750039633661,0.2665737180019781,0.25162220514269634,0.3016987225047904,0.28772535191730475,0.23718169349119164,0.23898915013406288,0.23058448753105995,0.24603674153043165,0.286099204283744,0.2399608146410058,0.28148770527508465,0.2206301933705117,0.1985975579531973,0.18982365012014352,0.2497881841434045,0.1980285922135559,0.1802319814450801,0.16322390566811346,0.18238186432774478,0.17887008706316126,0.15917617713672502,0.1512589799151615,0.1563492134148279,0.15208297981488716,0.12913581406446473,0.13623109533547054,0.108950056047995,0.10909596163265001,0.07772005190604915,0.09313735952926272,0.09123078259998961,0.06336419029119505,0.08605316407585042,0.05258818254724107,0.07628793272760086,0.055825955984430874,0.08712614930872083,0.06290603436478938,0.05308789005018771,0.06465537871125233,0.08467810857222878,0.08245934568244409,0.06832606930474815,0.06361930159075752,0.07203346947693125
