State,week_end_num,A00,A01,A02,A03,A04,A05,A06,A07,A08,A09,A10,A11,A12,A13,A14,A15,A16,A17,A18,A19,A20,A21,A22,A23,A24,A25,A26,A27,A28,A29,A30,A31,A32,A33,A34,A35,A36,A37,A38,A39,A40,A41,A42,A43,A44,A45,A46,A47,A48,A49,A50,A51,A52,A53,A54,A55,A56,A57,A58,A59,A60,A61,A62,A63,A64,A65,A66,A67,A68,A69,A70,A71,A72,A73,A74,A75,A76,A77,A78,A79,A80+
brandenburg,2020.0109289617487,-0,-0,-0,-0,-0,-0,-0,-0,-0,-0,-0,-0,-0,-0,-0,-0,-0,-0,-0,-0,-0,-0,-0,-0,-0,-0,-0,-0,-0,-0,-0,-0,-0,-0,-0,-0,-0,-0,-0,-0,-0,-0,-0,-0,-0,-0,-0,-0,-0,-0,-0,-0,-0,-0,-0,-0,-0,-0,-0,-0,-0,-0,-0,-0,-0,-0,-0,-0,-0,-0,-0,-0,-0,-0,-0,-0,-0,-0,-0,-0,-0
brandenburg,2020.0300546448088,-0,-0,-0,-0,-0,-0,-0,-0,-0,-0,-0,-0,-0,-0,-0,-0,-0,-0,-0,-0,-0,-0,-0,-0,-0,-0,-0,-0,-0,-0,-0,-0,-0,-0,-0,-0,-0,-0,-0,-0,-0,-0,-0,-0,-0,-0,-0,-0,-0,-0,-0,-0,-0,-0,-0,-0,-0,-0,-0,-0,-0,-0,-0,-0,-0,-0,-0,-0,-0,-0,-0,-0,-0,-0,-0,-0,-0,-0,-0,-0,-0
brandenburg,2020.049180327869,-0,-0,-0,-0,-0,-0,-0,-0,-0,-0,-0,-0,-0,-0,-0,-0,-0,-0,-0,-0,-0,-0,-0,-0,-0,-0,-0,-0,-0,-0,-0,-0,-0,-0,-0,-0,-0,-0,-0,-0,-0,-0,-0,-0,-0,-0,-0,-0,-0,-0,-0,-0,-0,-0,-0,-0,-0,-0,-0,-0,-0,-0,-0,-0,-0,-0,-0,-0,-0,-0,-0,-0,-0,-0,-0,-0,-0,-0,-0,-0,-0
brandenburg,2020.068306010929,-0,-0,-0,-0,-0,-0,-0,-0,-0,-0,-0,-0,-0,-0,-0,-0,-0,-0,-0,-0,-0,-0,-0,-0,-0,-0,-0,-0,-0,-0,-0,-0,-0,-0,-0,-0,-0,-0,-0,-0,-0,-0,-0,-0,-0,-0,-0,-0,-0,-0,-0,-0,-0,-0,-0,-0,-0,-0,-0,-0,-0,-0,-0,-0,-0,-0,-0,-0,-0,-0,-0,-0,-0,-0,-0,-0,-0,-0,-0,-0,-0
brandenburg,2020.0874316939892,-0,-0,-0,-0,-0,-0,-0,-0,-0,-0,-0,-0,-0,-0,-0,-0,-0,-0,-0,-0,-0,-0,-0,-0,-0,-0,-0,-0,-0,-0,-0,-0,-0,-0,-0,-0,-0,-0,-0,-0,-0,-0,-0,-0,-0,-0,-0,-0,-0,-0,-0,-0,-0,-0,-0,-0,-0,-0,-0,-0,-0,-0,-0,-0,-0,-0,-0,-0,-0,-0,-0,-0,-0,-0,-0,-0,-0,-0,-0,-0,-0
brandenburg,2020.1065573770493,-0,-0,-0,-0,-0,-0,-0,-0,-0,-0,-0,-0,-0,-0,-0,-0,-0,-0,-0,-0,-0,-0,-0,-0,-0,-0,-0,-0,-0,-0,-0,-0,-0,-0,-0,-0,-0,-0,-0,-0,-0,-0,-0,-0,-0,-0,-0,-0,-0,-0,-0,-0,-0,-0,-0,-0,-0,-0,-0,-0,-0,-0,-0,-0,-0,-0,-0,-0,-0,-0,-0,-0,-0,-0,-0,-0,-0,-0,-0,-0,-0
brandenburg,2020.1256830601094,-0,-0,-0,-0,-0,-0,-0,-0,-0,-0,-0,-0,-0,-0,-0,-0,-0,-0,-0,-0,-0,-0,-0,-0,-0,-0,-0,-0,-0,-0,-0,-0,-0,-0,-0,-0,-0,-0,-0,-0,-0,-0,-0,-0,-0,-0,-0,-0,-0,-0,-0,-0,-0,-0,-0,-0,-0,-0,-0,-0,-0,-0,-0,-0,-0,-0,-0,-0,-0,-0,-0,-0,-0,-0,-0,-0,-0,-0,-0,-0,-0
brandenburg,2020.1448087431695,-0,-0,-0,-0,-0,-0,-0,-0,-0,-0,-0,-0,-0,-0,-0,-0,-0,-0,-0,-0,-0,-0,-0,-0,-0,-0,-0,-0,-0,-0,-0,-0,-0,-0,-0,-0,-0,-0,-0,-0,-0,-0,-0,-0,-0,-0,-0,-0,-0,-0,-0,-0,-0,-0,-0,-0,-0,-0,-0,-0,-0,-0,-0,-0,-0,-0,-0,-0,-0,-0,0.003042088981968304,-0,-0,-0,-0,-0,-0,-0,-0,-0,-0
brandenburg,2020.1639344262296,-0,-0,-0,-0,-0,-0,-0,-0,-0,-0,-0,-0,-0,-0,-0,-0,-0,-0,-0,-0,-0,-0,-0,-0,-0,-0,-0,-0,-0,-0,-0,-0,-0,-0,-0,-0,-0,-0,-0,-0,-0,0.003281303526214121,-0,-0,-0,-0,-0,-0,-0,-0,-0,-0,-0,-0,-0,-0,-0,-0,-0,-0,-0,-0,-0,-0,-0,-0,-0,-0,-0,-0,-0,-0,-0,-0,-0,-0,-0,-0,-0,-0,-0
brandenburg,2020.1830601092897,-0,-0,-0,-0,-0,-0,-0,-0,-0,-0,-0,-0,-0,-0,-0,-0,-0,-0,-0,-0,-0,-0,-0,-0,-0,-0,-0,-0,-0,-0,-0,-0,-0,-0,-0,-0,-0,-0,-0,-0,-0,-0,0.0064952056340352796,-0,-0,-0,-0,-0,-0,-0,-0,-0,-0,-0,-0,-0,-0,-0,-0,-0,-0,-0,-0,-0,-0,-0,-0,-0,-0,-0,-0,-0,-0,-0,-0,-0,0.0036973314416898846,-0,-0,-0,-0
brandenburg,2020.2021857923498,-0,-0,-0,-0,-0,-0,-0,-0,-0,-0,-0,0.004659408744630301,-0,-0,-0,-0,0.005018242134080271,-0,-0,-0,-0,0.005793122682923962,-0,0.02524172540019244,-0,0.006963266201077726,-0,0.014093909811048093,-0,0.005527893812761903,0.003796138560742797,-0,0.003359308506831505,-0,-0,-0,-0,0.0032293002708088333,-0,0.003224099948131548,-0,0.003281303526214121,-0,-0,0.003723333296920117,-0,0.003978152166262342,0.0077901834993117,-0,0.0030524895914443187,0.0029588841810546545,0.005668308928450343,-0,0.002542862173487819,0.002360853591780659,0.0045710008984342744,0.002204846743081171,-0,-0,0.004357782593639265,0.006781242146596394,0.0023452528858511536,-0,0.0052418641943946355,-0,-0,-0,-0,-0,-0,-0,-0,0.0042433731319792235,-0,-0,-0,-0,-0,-0,-0,-0
brandenburg,2020.22131147541,-0,-0,-0,-0,0.004482593202544671,-0,-0,0.00470101248896849,-0,-0,0.004576201355811764,-0,0.0045710008984342744,-0,-0,-0,-0,-0,-0,0.016673872964677133,0.00537187746224954,-0,0.018145965747833594,0.006307982586878362,-0,0.006963266201077726,-0,0.007046477409624154,-0,-0,0.01518621729564192,0.007051678114582748,0.003359308506831505,0.0032293002708088333,-0,0.009724909307364592,0.009792521994884472,0.00968330154335463,0.0063911927468413045,0.006448399809051898,0.012538711602429472,0.003281303526214121,-0,0.006760439438083146,-0,0.011862552975603975,0.01591443503276083,0.015581534230392942,0.02514287752322325,0.009152805470507532,0.005923137329074769,0.008502695114267609,0.013339710891068253,0.007623758835177322,0.011794937596486928,0.0045710008984342744,0.008825148835062024,0.004269375260251284,0.01077551638205031,-0,0.002262049199925457,0.009376445311949172,0.01017739589067374,0.0026208660463794796,0.00528866893337292,0.002636466834996906,-0,-0,0.005527893812761903,0.0028964806677350525,0.003042088981968304,-0,-0,-0,-0,0.010952353323286817,0.0036973314416898846,-0,0.003640127405946399,-0,-0
brandenburg,2020.24043715847,-0,-0,-0,-0,-0,0.0046542082789255606,-0,0.00470101248896849,-0,0.004649007813746687,-0,-0,-0,-0,-0,-0,0.0100317675950974,-0,0.005252265243860826,0.02779622781376272,0.01074430992543354,0.005793122682923962,0.018145965747833594,0.018931445732191323,0.006542011501149185,0.013927464970808979,0.04280321165708429,0.014093909811048093,-0,0.027655752933626626,0.022780989400960842,0.007051678114582748,0.016803914818648753,0.012918404532277994,0.016346168935031078,0.00648480433595298,0.0163201607671681,0.00968330154335463,0.009584483237263443,-0,0.009402450007094743,0.019675321821815844,0.009740512227448648,0.01014098877854045,0.0335248045290979,0.011862552975603975,0.023878681770913925,0.011685712939020211,0.021548063989735425,0.006099957769517166,0.008882358575019015,0.011337235803609399,0.008003415878652047,0.015243434034403385,0.018874224935293928,0.009142403640825391,0.013240885636274406,0.006401594026198965,0.01077551638205031,0.013079644834287588,0.01582600804926714,0.007030875297880768,0.01017739589067374,-0,-0,0.002636466834996906,0.002652067628300581,0.005403080694905341,0.005527893812761903,0.005793122682923962,0.009132001813229757,0.0036141255923162635,-0,-0,0.013058839605933103,0.005475888310578272,0.0036973314416898846,-0,0.010926347853038289,0.009012380945368752,0.002813276099801863
brandenburg,2020.25956284153,-0,-0,-0,-0,-0,-0,0.004456590967648947,-0,-0,-0,-0,-0,0.0045710008984342744,-0,-0,-0,-0,0.015227829463040868,0.015753185940472807,0.02223475301715946,0.016117297504256358,0.011592091986654127,0.054462110444466194,0.03786978627534248,0.006542011501149185,0.04179359073428013,-0,0.028191640624939417,0.026053325600267803,0.04979303225844547,0.011389247168088262,0.02469026069713128,0.02352492056192523,0.009688502512032309,0.02288503507700988,0.00648480433595298,0.009792521994884472,0.01936320468424998,0.009584483237263443,0.012892398078772923,0.0156699607981549,0.01639818530978735,0.009740512227448648,0.006760439438083146,0.011170799786850443,0.015820806466682606,0.027858661215628747,0.02337405254308315,0.03232804698151775,0.015253837084577991,0.02072612995572637,0.01984178506119964,0.008003415878652047,0.017787041757538067,0.03067864802289615,0.020564865941980006,0.017651795679200985,0.02135038246587484,0.015087388531530141,0.010900342395795225,0.011306029009889506,0.016408588590982542,0.015269441663739312,0.015732379642405783,0.007930604723981044,0.005273067349034468,-0,0.005403080694905341,0.002766473588848688,0.005793122682923962,-0,0.014458009756483522,0.008492293414629589,0.017630988621446398,-0,0.010952353323286817,0.007394925791684666,0.017646593913984696,0.003640127405946399,0.009012380945368752,0.017677804513099284
brandenburg,2020.27868852459,0.016731091340357246,0.005236663670438811,-0,-0,0.004482593202544671,-0,0.004456590967648947,-0,-0,-0,0.004576201355811764,-0,0.009142403640825391,0.004695812019103001,0.0049610366452090765,-0,0.005018242134080271,0.01015139080797669,0.010499859996536744,0.02779622781376272,0.03761480127097339,0.005793122682923962,0.006047951695206187,0.02524172540019244,0.026183390912565288,-0,0.04994397694647196,0.05639857355248293,0.019540070832188793,0.03872321456927305,-0,0.02469026069713128,0.026885749220666822,0.022614516752292035,0.016346168935031078,0.03566342682014888,0.022848619066712792,0.01936320468424998,0.019170733383259437,0.009667698640431205,0.012538711602429472,0.013116054003940898,0.009740512227448648,0.016907948535973792,0.026074136028373922,0.043510998837337195,0.01193536963605799,0.031167738787361735,0.03232804698151775,0.012200631190001126,0.017766234645672403,0.005668308928450343,0.013339710891068253,0.017787041757538067,0.02123593561133503,0.025137675008584763,0.017651795679200985,0.01067149493283023,0.02155846830128243,0.015259038610442869,0.006781242146596394,0.009376445311949172,0.012725957084356844,0.0052418641943946355,0.007930604723981044,-0,0.002652067628300581,0.005403080694905341,0.002766473588848688,0.01158689082757279,0.003042088981968304,0.0036141255923162635,0.012736359630900538,-0,0.013058839605933103,0.005475888310578272,0.014796104845729624,0.017646593913984696,0.010926347853038289,0.018026324142464724,0.02169372454082502
brandenburg,2020.2978142076502,-0,0.01047905580032977,-0,0.004638606884943447,-0,-0,-0,0.00470101248896849,0.004544998619330876,0.004649007813746687,-0,-0,-0,0.004695812019103001,-0,0.0050338436419635705,0.005018242134080271,-0,0.005252265243860826,0.011118788640866134,0.01074430992543354,0.017386506316479613,0.012096606889927376,0.006307982586878362,0.006542011501149185,-0,0.014265556610544404,0.007046477409624154,0.006510807585062592,0.011061576440359837,0.011389247168088262,0.021163105925953163,0.010078576645625783,0.016153708800865068,0.02288503507700988,0.00648480433595298,-0,-0,0.009584483237263443,0.02256249415888399,0.003135694542141295,0.003281303526214121,0.009740512227448648,0.006760439438083146,0.007446933213145208,0.011862552975603975,0.01591443503276083,0.011685712939020211,0.007181695907518631,0.018302020429392843,0.011841748234208584,-0,0.016008063767416442,0.010161792839493746,0.011794937596486928,0.011425655154183948,0.013240885636274406,0.008539101079383155,0.006464001746029936,0.006536810847169685,0.006781242146596394,0.0046906115497633806,0.00763416036108147,-0,0.00528866893337292,0.002636466834996906,-0,0.005403080694905341,-0,-0,-0,0.0036141255923162635,-0,-0,0.013058839605933103,0.016429395159616854,0.0036973314416898846,0.0035309198760869213,0.014567240237249476,0.003005686865187052,0.011248816603374616
brandenburg,2020.3169398907103,-0,-0,0.01480130632580804,-0,-0,0.0046542082789255606,-0,-0,0.004544998619330876,0.00929843130453477,0.004576201355811764,0.004659408744630301,0.009142403640825391,-0,0.01488453007786929,-0,-0,0.0050754476858778375,0.010499859996536744,0.011118788640866134,0.01074430992543354,0.011592091986654127,0.006047951695206187,0.006307982586878362,0.013090047451586399,0.006963266201077726,-0,-0,0.013022430476345697,0.005527893812761903,0.003796138560742797,0.0176361903851074,0.013443737677968907,0.006458801099852386,0.009808124935256148,-0,0.0032657025441347374,0.012908001949316347,0.009584483237263443,0.009667698640431205,0.003135694542141295,0.009839330830050572,0.0032449012419726235,0.003380109854759449,0.014894933056242298,-0,0.003978152166262342,-0,-0,0.012200631190001126,-0,0.014171931013309177,0.01067149493283023,0.015243434034403385,0.007077681647160509,0.009142403640825391,0.008825148835062024,0.004269375260251284,0.01293400841061952,0.0021788456471371156,0.009043586362624314,0.0023452528858511536,-0,0.010489457897392838,0.007930604723981044,0.010546669468431843,0.005304270522398097,-0,0.002766473588848688,0.008689926063543336,0.003042088981968304,-0,0.0042433731319792235,0.017630988621446398,-0,0.005475888310578272,0.007394925791684666,0.007056878820055708,-0,0.012018588801434188,0.012455491604661598
brandenburg,2020.3360655737704,-0,0.005236663670438811,0.0049350341710758016,-0,-0,-0,-0,-0,-0,-0,-0,0.009324435960666313,-0,0.009392048127474796,-0,-0,0.0100317675950974,0.0050754476858778375,0.005252265243860826,0.005559097139037382,-0,-0,0.006047951695206187,-0,0.013090047451586399,0.020892596559013498,-0,0.02114229746315074,0.026053325600267803,0.01659064634880297,-0,-0,0.013443737677968907,0.0032293002708088333,-0,0.009724909307364592,0.0032657025441347374,0.0032293002708088333,0.009584483237263443,0.012892398078772923,0.006266377556829031,0.003281303526214121,0.0032449012419726235,-0,0.007446933213145208,0.007909801555657911,-0,0.003894945867543119,0.017958700748152395,0.0030524895914443187,0.0029588841810546545,0.011337235803609399,0.005335473714479772,0.007623758835177322,0.004716613901673972,0.0045710008984342744,-0,0.004269375260251284,0.008622314809651059,0.0021788456471371156,0.002262049199925457,0.0046906115497633806,0.002542862173487819,0.0052418641943946355,0.00528866893337292,-0,0.002652067628300581,0.005403080694905341,0.002766473588848688,0.005793122682923962,-0,0.0036141255923162635,-0,-0,-0,0.010952353323286817,0.0036973314416898846,-0,0.014567240237249476,0.003005686865187052,0.006027149280045188
brandenburg,2020.3551912568305,0.005574698809193734,0.005236663670438811,-0,0.004638606884943447,-0,-0,-0,0.00470101248896849,0.004544998619330876,-0,0.004576201355811764,-0,0.0045710008984342744,0.009392048127474796,-0,-0,-0,0.0050754476858778375,0.005252265243860826,0.005559097139037382,-0,-0,-0,0.01262193173338156,-0,-0,0.007129688751332439,0.007046477409624154,0.013022430476345697,-0,-0,-0,0.003359308506831505,0.006458801099852386,0.003270902870972542,0.0032397009177293707,0.0065264095407653,0.0032293002708088333,-0,0.006448399809051898,0.009402450007094743,0.003281303526214121,0.009740512227448648,0.006760439438083146,-0,0.00395215018360753,0.01193536963605799,0.003894945867543119,-0,0.006099957769517166,-0,-0,0.005335473714479772,0.002542862173487819,0.011794937596486928,-0,0.004414987418870811,-0,-0,0.004357782593639265,-0,-0,0.002542862173487819,-0,-0,-0,-0,-0,-0,-0,-0,-0,-0,0.004404586536875719,-0,0.005475888310578272,-0,-0,-0,0.006006346873211892,0.002407655737663283
brandenburg,2020.3743169398906,-0,-0,0.009870536743572083,-0,-0,0.0046542082789255606,0.0089187648059436,-0,-0,-0,-0,0.009324435960666313,-0,-0,-0,-0,-0,-0,0.005252265243860826,-0,-0,-0,0.006047951695206187,-0,-0,-0,0.007129688751332439,-0,0.006510807585062592,-0,-0,-0,-0,-0,-0,0.00648480433595298,0.0065264095407653,-0,0.003192898022971868,-0,-0,0.003281303526214121,0.009740512227448648,-0,0.003723333296920117,-0,-0,-0,-0,-0,0.0029588841810546545,-0,0.0026676684262789594,-0,0.002360853591780659,-0,-0,0.002132043707192469,-0,0.0021788456471371156,0.004518996353235525,-0,-0,-0,-0,-0,-0,-0,-0,-0,-0,-0,-0,-0,-0,0.005475888310578272,0.0036973314416898846,-0,-0,-0,4.0040154155076733e-4
brandenburg,2020.3934426229507,0.005574698809193734,-0,-0,-0,-0,-0,-0,-0,-0,-0,-0,-0,-0,-0,-0,-0,-0,-0,-0,0.005559097139037382,-0,-0,0.006047951695206187,-0,-0,-0,0.007129688751332439,0.007046477409624154,0.006510807585062592,0.005527893812761903,0.003796138560742797,0.007051678114582748,-0,-0,0.003270902870972542,-0,-0,-0,0.003192898022971868,0.006448399809051898,-0,-0,-0,-0,-0,0.00395215018360753,0.003978152166262342,-0,-0,-0,-0,0.0028340772293037934,-0,0.002542862173487819,-0,0.0022828501089257784,-0,-0,-0,-0,0.002262049199925457,0.0023452528858511536,-0,-0,-0,-0,0.002652067628300581,-0,-0,-0,-0,-0,-0,-0,-0,-0,-0,0.0035309198760869213,-0,-0,-0
brandenburg,2020.4125683060108,0.005574698809193734,-0,-0,-0,-0,-0,-0,-0,-0,-0,-0,-0,-0,-0,-0,0.0050338436419635705,-0,-0,-0,-0,-0,-0,-0,-0,-0,-0,-0,-0,-0,-0,-0,-0,-0,-0,-0,-0,0.0032657025441347374,-0,-0,0.003224099948131548,-0,-0,-0,-0,0.003723333296920117,-0,-0,-0,-0,0.0030524895914443187,-0,0.0028340772293037934,-0,0.002542862173487819,0.002360853591780659,-0,0.002204846743081171,-0,0.0021528445641883763,-0,-0,0.0023452528858511536,-0,-0,-0,-0,-0,0.0027040703064400047,-0,-0,-0,-0,-0,-0,-0,-0,-0,0.0035309198760869213,-0,-0,0.0016068248255685408
brandenburg,2020.431693989071,-0,-0,-0,-0,-0,0.0046542082789255606,-0,-0,-0,-0,-0,-0,-0,-0,-0,-0,-0,-0,-0,-0,-0,-0,-0,0.006307982586878362,0.006542011501149185,-0,-0,-0,-0,-0,-0,-0,-0,-0,-0,-0,-0,-0,0.003192898022971868,0.003224099948131548,-0,-0,-0,-0,-0,-0,-0,-0,-0,0.0030524895914443187,-0,-0,-0,-0,-0,-0,0.002204846743081171,-0,-0,-0,0.002262049199925457,-0,-0,-0,-0,-0,-0,-0,-0,-0,-0,-0,-0,-0,-0,-0,-0,-0,-0,-0,-0
brandenburg,2020.450819672131,-0,0.005236663670438811,-0,-0,-0,-0,-0,-0,-0,-0,-0,-0,-0,-0,-0,0.0050338436419635705,-0,-0,-0,-0,-0,-0,0.006047951695206187,-0,0.006542011501149185,0.006963266201077726,-0,0.007046477409624154,-0,-0,-0,-0,0.003359308506831505,-0,-0,0.0032397009177293707,-0,-0,-0,-0,-0,-0,-0,-0,-0,0.00395215018360753,-0,0.003894945867543119,0.0035933241507815398,-0,-0,-0,-0,0.002542862173487819,-0,-0,-0,-0,0.0021528445641883763,-0,-0,-0,-0,-0,-0,-0,-0,-0,-0,-0,-0,-0,-0,-0,-0,-0,-0,-0,-0,-0,-0
brandenburg,2020.4699453551912,-0,0.005236663670438811,-0,-0,-0,-0,-0,-0,-0,-0,-0,-0,-0,-0,-0,0.0050338436419635705,-0,-0,-0,-0,-0,0.005793122682923962,-0,-0,0.006542011501149185,-0,0.007129688751332439,0.014093909811048093,0.006510807585062592,-0,-0,-0,0.003359308506831505,-0,-0,0.0032397009177293707,0.009792521994884472,-0,0.003192898022971868,0.003224099948131548,-0,-0,-0,0.006760439438083146,0.003723333296920117,-0,0.003978152166262342,0.011685712939020211,0.0035933241507815398,0.0030524895914443187,0.008882358575019015,0.005668308928450343,-0,0.0050806481937046895,-0,-0,-0,0.004269375260251284,-0,-0,-0,-0,-0,0.0026208660463794796,-0,0.005273067349034468,-0,-0,-0,-0,-0,-0,-0,-0,-0,-0,-0,-0,-0,-0,-0
brandenburg,2020.4890710382513,-0,-0,-0,-0,-0,-0,-0,-0,-0,-0,-0,-0,-0,0.004695812019103001,-0,-0,-0,-0,-0,-0,-0,-0,-0,-0,-0,-0,-0,0.007046477409624154,0.006510807585062592,-0,-0,0.007051678114582748,-0,0.009688502512032309,0.003270902870972542,0.0032397009177293707,0.0032657025441347374,-0,-0,0.006448399809051898,-0,-0,-0,-0,-0,-0,-0,-0,-0,-0,-0,-0,-0,-0,-0,-0,-0,0.002132043707192469,-0,-0,0.002262049199925457,-0,-0,-0,-0,-0,-0,-0,-0,-0,-0,-0,-0,-0,-0,-0,-0,-0,-0,-0,-0
brandenburg,2020.5081967213114,-0,-0,0.0049350341710758016,-0,-0,-0,0.004456590967648947,-0,-0,-0,-0,-0,-0,-0,-0,-0,-0,-0,-0,-0,0.00537187746224954,-0,0.006047951695206187,-0,-0,0.006963266201077726,-0,-0,0.013022430476345697,-0,-0,-0,0.003359308506831505,0.0032293002708088333,0.003270902870972542,-0,-0,-0,-0,-0,-0,-0,-0,-0,-0,-0,-0,-0,0.0035933241507815398,-0,-0,0.0028340772293037934,0.0026676684262789594,-0,-0,-0,-0,-0,0.0021528445641883763,-0,-0,0.0046906115497633806,-0,-0,-0,-0,-0,-0,-0,-0,-0,-0,-0,-0,-0,0.005475888310578272,-0,-0,-0,0.003005686865187052,8.008061662232416e-4
brandenburg,2020.5273224043715,-0,-0,-0,-0,-0,-0,-0,-0,-0,-0,-0,-0,-0,-0,-0,-0,-0,-0,-0,-0,-0,-0,-0,-0,-0,-0,-0,0.007046477409624154,-0,-0,0.003796138560742797,-0,-0,-0,0.006536810847169685,-0,-0,-0,-0,0.006448399809051898,-0,-0,-0,-0,-0,-0,-0,-0,-0,-0,-0,-0,-0,-0,-0,-0,-0,-0,-0,-0,0.002262049199925457,0.0023452528858511536,-0,0.0026208660463794796,-0,-0,-0,-0,-0,0.005793122682923962,-0,-0,-0,-0,-0,-0,-0,-0,-0,0.003005686865187052,-0
brandenburg,2020.5464480874316,-0,-0,-0,0.004638606884943447,-0,-0,-0,-0,-0,-0,-0,-0,-0,-0,-0,-0,-0,-0,-0,-0,0.01074430992543354,0.005793122682923962,-0,0.01262193173338156,-0,0.006963266201077726,-0,-0,-0,-0,-0,-0,-0,0.0032293002708088333,0.003270902870972542,-0,-0,-0,0.003192898022971868,-0,-0,-0,-0,-0,-0,-0,-0,-0,-0,-0,-0,0.0028340772293037934,-0,-0,-0,-0,0.002204846743081171,-0,-0,-0,-0,-0,-0,-0,-0,-0,-0,-0,-0,-0,-0,-0,-0,-0,-0,-0,-0,-0,-0,-0,-0
brandenburg,2020.5655737704917,0.005574698809193734,-0,0.0049350341710758016,-0,-0,-0,-0,-0,0.004544998619330876,-0,0.004576201355811764,-0,-0,-0,0.0049610366452090765,-0,-0,-0,-0,-0,0.01074430992543354,0.011592091986654127,0.006047951695206187,-0,-0,-0,-0,-0,0.006510807585062592,0.011061576440359837,0.007592554269948531,-0,0.003359308506831505,0.0032293002708088333,0.009808124935256148,-0,0.0065264095407653,-0,-0,0.003224099948131548,0.003135694542141295,-0,0.0032449012419726235,-0,-0,-0,-0,-0,0.0035933241507815398,-0,0.0029588841810546545,-0,-0,-0,0.002360853591780659,-0,0.004414987418870811,-0,-0,-0,0.002262049199925457,-0,0.002542862173487819,-0,-0,-0,-0,-0,-0,-0,-0,-0,-0,-0,-0,-0,-0,-0,-0,0.003005686865187052,4.0040154155076733e-4
brandenburg,2020.5846994535518,0.005574698809193734,-0,-0,-0,-0,-0,-0,-0,-0,-0,-0,-0,-0,-0,-0,-0,-0,-0,-0,-0,0.00537187746224954,-0,-0,-0,-0,-0,-0,-0,-0,0.005527893812761903,-0,-0,0.003359308506831505,0.0032293002708088333,-0,-0,-0,-0,-0,-0,0.003135694542141295,-0,-0,-0,0.003723333296920117,-0,-0,0.003894945867543119,0.0035933241507815398,-0,-0,-0,0.0026676684262789594,-0,-0,-0,-0,-0,-0,-0,-0,-0,-0,-0,-0,-0,-0,-0,-0,-0,-0,-0,-0,-0,-0,-0,-0,-0,-0,0.003005686865187052,8.008061662232416e-4
brandenburg,2020.603825136612,-0,-0,-0,-0,-0,-0,-0,-0,-0,-0,0.004576201355811764,-0,-0,-0,-0,0.0050338436419635705,-0,-0,-0,0.005559097139037382,-0,0.005793122682923962,-0,0.006307982586878362,0.006542011501149185,-0,-0,0.014093909811048093,0.006510807585062592,0.005527893812761903,-0,-0,0.003359308506831505,-0,0.003270902870972542,-0,0.0032657025441347374,-0,-0,-0,-0,-0,0.0032449012419726235,-0,-0,0.00395215018360753,0.003978152166262342,-0,-0,-0,0.0029588841810546545,-0,-0,0.002542862173487819,0.004716613901673972,-0,0.002204846743081171,-0,-0,-0,0.002262049199925457,0.007030875297880768,0.002542862173487819,-0,0.002641667098913336,-0,-0,-0,-0,-0,-0,-0,-0,-0,-0,-0,-0,-0,-0,-0,4.0040154155076733e-4
brandenburg,2020.622950819672,-0,-0,-0,-0,-0,-0,-0,-0,-0,-0,0.004576201355811764,-0,-0,-0,-0,-0,-0,0.01015139080797669,0.005252265243860826,0.005559097139037382,-0,-0,0.006047951695206187,0.006307982586878362,-0,0.013927464970808979,-0,0.007046477409624154,-0,-0,-0,-0,-0,0.0032293002708088333,-0,0.00648480433595298,0.0032657025441347374,0.0032293002708088333,-0,0.003224099948131548,0.003135694542141295,-0,-0,-0,0.003723333296920117,-0,-0,0.003894945867543119,-0,-0,-0,-0,-0,-0,0.002360853591780659,-0,-0,0.002132043707192469,-0,-0,-0,0.0023452528858511536,-0,-0,-0,-0,-0,-0,-0,0.0028964806677350525,-0,-0,-0,-0,-0,-0,-0,-0,-0,0.003005686865187052,4.0040154155076733e-4
brandenburg,2020.6420765027322,-0,-0,0.009870536743572083,0.004638606884943447,-0,-0,0.0089187648059436,-0,-0,0.004649007813746687,-0,0.009324435960666313,0.0045710008984342744,0.004695812019103001,0.0049610366452090765,-0,-0,0.01015139080797669,0.005252265243860826,0.016673872964677133,-0,-0,-0,0.01262193173338156,0.006542011501149185,0.006963266201077726,-0,-0,-0,-0,-0,-0,-0,0.0032293002708088333,0.003270902870972542,0.0032397009177293707,-0,0.00645360045418919,0.003192898022971868,0.003224099948131548,0.012538711602429472,0.00655761346622002,-0,-0,0.003723333296920117,-0,-0,-0,0.007181695907518631,-0,-0,0.005668308928450343,-0,0.0050806481937046895,0.002360853591780659,0.0022828501089257784,-0,-0,-0,-0,0.002262049199925457,-0,0.002542862173487819,0.0052418641943946355,-0,-0,-0,-0,-0,-0,-0,-0,-0,-0,-0,-0,-0,-0,-0,-0,4.0040154155076733e-4
brandenburg,2020.6612021857923,-0,-0,-0,-0,-0,-0,-0,-0,-0,-0,0.004576201355811764,-0,-0,0.004695812019103001,0.0049610366452090765,-0,-0,0.0050754476858778375,0.010499859996536744,0.011118788640866134,-0,-0,0.018145965747833594,0.006307982586878362,-0,-0,0.007129688751332439,-0,0.006510807585062592,0.005527893812761903,0.007592554269948531,0.003525719523239945,0.006718834046028912,-0,0.003270902870972542,0.0032397009177293707,0.0032657025441347374,-0,-0,-0,-0,-0,0.0032449012419726235,-0,-0,-0,-0,-0,-0,-0,-0,-0,-0,-0,0.004716613901673972,-0,-0,-0,-0,0.0021788456471371156,0.002262049199925457,0.0023452528858511536,-0,-0,-0,-0,-0,-0,0.002766473588848688,-0,-0,-0,-0,-0,-0,-0,-0,-0,-0,-0,4.0040154155076733e-4
brandenburg,2020.6803278688524,-0,-0,-0,-0,-0,-0,-0,-0,-0,-0,-0,0.004659408744630301,-0,-0,-0,-0,-0,0.0050754476858778375,-0,-0,0.00537187746224954,0.011592091986654127,0.006047951695206187,0.01262193173338156,-0,0.006963266201077726,-0,-0,-0,0.01659064634880297,0.003796138560742797,0.003525719523239945,-0,0.0032293002708088333,-0,0.0032397009177293707,0.0032657025441347374,-0,-0,-0,0.003135694542141295,-0,0.0032449012419726235,-0,-0,-0,0.003978152166262342,-0,0.007181695907518631,-0,-0,-0,-0,-0,-0,0.0022828501089257784,-0,0.002132043707192469,-0,-0,-0,-0,-0,-0,-0,-0,-0,-0,-0,-0,-0,-0,-0,-0,-0,-0,-0,-0,-0,-0,0.0012064139944565
brandenburg,2020.6994535519125,-0,-0,-0,-0,-0,0.0046542082789255606,-0,-0,-0,0.004649007813746687,-0,-0,0.0045710008984342744,0.004695812019103001,-0,0.0050338436419635705,-0,-0,-0,-0,-0,0.011592091986654127,0.006047951695206187,-0,0.006542011501149185,-0,-0,0.007046477409624154,-0,0.005527893812761903,-0,0.007051678114582748,0.010078576645625783,-0,0.003270902870972542,0.00648480433595298,0.0032657025441347374,0.0032293002708088333,-0,-0,-0,-0,0.0032449012419726235,0.003380109854759449,-0,-0,-0,-0,0.0035933241507815398,-0,-0,-0,0.0026676684262789594,0.0050806481937046895,-0,-0,-0,0.002132043707192469,-0,-0,-0,-0,0.002542862173487819,-0,-0,-0,-0,-0,0.002766473588848688,0.0028964806677350525,-0,-0,-0,-0,0.0065264095407653,-0,-0,-0,-0,-0,4.0040154155076733e-4
brandenburg,2020.7185792349726,-0,-0,-0,-0,0.004482593202544671,-0,-0,-0,-0,-0,-0,-0,0.0045710008984342744,-0,-0,0.015097791550486543,0.005018242134080271,-0,0.010499859996536744,0.005559097139037382,0.00537187746224954,0.005793122682923962,0.012096606889927376,0.006307982586878362,-0,-0,0.007129688751332439,-0,0.006510807585062592,0.005527893812761903,-0,-0,-0,-0,0.003270902870972542,0.0032397009177293707,0.0065264095407653,0.0032293002708088333,0.003192898022971868,0.003224099948131548,0.003135694542141295,0.00655761346622002,0.0032449012419726235,-0,-0,0.00395215018360753,-0,0.0077901834993117,0.007181695907518631,0.0030524895914443187,0.0029588841810546545,-0,-0,-0,-0,0.0022828501089257784,0.002204846743081171,-0,0.0021528445641883763,-0,-0,-0,0.002542862173487819,0.0026208660463794796,-0,-0,0.002652067628300581,-0,-0,-0,-0,0.0036141255923162635,-0,-0,-0,-0,-0,-0,-0,-0,8.008061662232416e-4
brandenburg,2020.7377049180327,-0,-0,-0,-0,0.004482593202544671,-0,-0,-0,0.004544998619330876,0.004649007813746687,-0,-0,-0,-0,-0,-0,-0,-0,0.015753185940472807,0.005559097139037382,0.00537187746224954,-0,0.012096606889927376,0.01262193173338156,-0,-0,0.007129688751332439,0.03524193955550368,0.006510807585062592,0.01659064634880297,0.007592554269948531,0.003525719523239945,0.003359308506831505,0.0032293002708088333,0.003270902870972542,-0,-0,0.00645360045418919,0.003192898022971868,-0,-0,0.003281303526214121,-0,0.01014098877854045,0.003723333296920117,-0,-0,0.0077901834993117,0.014364383812731791,-0,0.008882358575019015,0.008502695114267609,0.005335473714479772,-0,0.007077681647160509,0.0045710008984342744,-0,0.006401594026198965,0.004310978692535646,0.004357782593639265,0.004518996353235525,0.0046906115497633806,0.002542862173487819,0.0026208660463794796,-0,-0,-0,0.0027040703064400047,-0,0.0028964806677350525,-0,0.0036141255923162635,-0,-0,-0,-0,-0,-0,-0,-0,0.0012064139944565
brandenburg,2020.7568306010928,0.005574698809193734,-0,-0,-0,-0,-0,0.004456590967648947,-0,0.004544998619330876,-0,0.013724611042088825,0.004659408744630301,0.0045710008984342744,0.014088708401723202,-0,-0,0.0100317675950974,0.0050754476858778375,0.005252265243860826,0.016673872964677133,0.00537187746224954,0.011592091986654127,0.018145965747833594,0.01262193173338156,-0,0.006963266201077726,0.014265556610544404,0.014093909811048093,-0,0.005527893812761903,0.007592554269948531,0.007051678114582748,0.006718834046028912,0.012918404532277994,0.003270902870972542,0.0032397009177293707,0.009792521994884472,-0,0.003192898022971868,0.003224099948131548,0.003135694542141295,0.00655761346622002,0.0064952056340352796,0.01014098877854045,0.003723333296920117,0.011862552975603975,0.003978152166262342,0.003894945867543119,0.01077551638205031,0.006099957769517166,0.0029588841810546545,0.011337235803609399,0.0026676684262789594,0.007623758835177322,0.009438856602147598,0.0045710008984342744,0.002204846743081171,0.006401594026198965,-0,0.00872113128729869,0.002262049199925457,-0,-0,-0,0.007930604723981044,0.002636466834996906,-0,0.00810743199074506,0.002766473588848688,-0,-0,-0,-0,-0,-0,-0,0.0036973314416898846,0.0035309198760869213,0.003640127405946399,0.006006346873211892,0.0036141255923162635
brandenburg,2020.775956284153,0.005574698809193734,-0,-0,-0,0.004482593202544671,0.009308833165427983,0.004456590967648947,-0,-0,0.00929843130453477,-0,0.004659408744630301,0.0045710008984342744,0.004695812019103001,0.0049610366452090765,0.010062973624097329,0.025085649890862198,0.015227829463040868,0.015753185940472807,0.011118788640866134,0.021490840313440597,0.028982475267673936,0.024196028432675102,0.006307982586878362,0.026183390912565288,0.006963266201077726,-0,0.04229319451405582,0.019540070832188793,0.022125506428951627,0.026578791459724534,0.021163105925953163,0.003359308506831505,0.016153708800865068,0.006536810847169685,0.012965216181355332,0.0163201607671681,0.00645360045418919,0.003192898022971868,-0,0.0156699607981549,0.03280154341396172,0.0064952056340352796,0.01352695925732107,0.026074136028373922,0.015820806466682606,0.007956608696085646,0.01947764741716979,0.014364383812731791,0.009152805470507532,0.011841748234208584,0.014171931013309177,0.016008063767416442,0.020325571875480935,0.016517823169188563,0.009142403640825391,0.011030369812076866,0.01280917751497497,0.004310978692535646,0.006536810847169685,0.004518996353235525,0.0046906115497633806,0.01017739589067374,0.0026208660463794796,0.002641667098913336,0.005273067349034468,0.005304270522398097,0.0027040703064400047,0.002766473588848688,-0,0.003042088981968304,0.007228502392555595,0.008492293414629589,-0,-0,0.016429395159616854,0.007394925791684666,0.0035309198760869213,-0,0.006006346873211892,0.005221062101703512
brandenburg,2020.795081967213,0.011155196437593964,-0,0.0049350341710758016,0.004638606884943447,-0,0.0046542082789255606,-0,0.00470101248896849,-0,0.004649007813746687,0.009152805470507532,-0,0.018286414940164444,-0,0.009922546641057075,0.010062973624097329,0.015050977981575132,0.03045491654709628,0.03676139116807025,0.02223475301715946,0.021490840313440597,0.011592091986654127,0.04840332071809422,0.02524172540019244,0.03928003204318099,0.04179359073428013,0.04280321165708429,0.04229319451405582,0.019540070832188793,0.01659064634880297,0.034175227792043225,0.04586862415577186,0.02352492056192523,0.019384012435137786,0.02288503507700988,0.012965216181355332,0.022848619066712792,0.01613810395633775,0.02556428293729232,0.019342396941688374,0.021943429291970015,0.013116054003940898,0.016236934717412117,0.01014098877854045,0.026074136028373922,0.027686969540862572,0.023878681770913925,0.027270749651892592,0.01077551638205031,0.021355584601614706,0.02369139612518832,0.014171931013309177,0.013339710891068253,0.012705151997512511,0.004716613901673972,0.03199504108396636,0.030897177370417774,0.006401594026198965,0.006464001746029936,0.006536810847169685,0.020346380011462703,0.007030875297880768,0.022905844237202794,0.015732379642405783,0.01851009406665356,0.007909801555657911,0.005304270522398097,0.005403080694905341,0.011056375334347382,0.008689926063543336,0.01826560762847452,0.010843130435630415,0.021230733487564962,0.008814747070922528,-0,0.027380007050267125,0.007394925791684666,0.010588277923271066,0.021849789869776325,0.012018588801434188,0.01526424013682805
brandenburg,2020.8142076502731,0.016731091340357246,-0,0.009870536743572083,0.013911860794347813,0.008965572854586027,0.009308833165427983,0.013376120242808409,0.014109514042132914,0.013641389146411435,0.004649007813746687,0.013724611042088825,0.004659408744630301,0.013714208297844595,0.004695812019103001,0.01488453007786929,0.015097791550486543,0.03010111059665254,0.025376991220538814,0.03676139116807025,0.06117236722661607,0.021490840313440597,0.028982475267673936,0.054462110444466194,0.03786978627534248,0.045826987461351866,0.034825659190675325,0.04280321165708429,0.04229319451405582,0.05863704818653696,0.01659064634880297,0.030376870909910564,0.038806476616152795,0.016803914818648753,0.04847098371572723,0.02615737782407618,0.02269255073999475,0.029377897099323213,0.0355073200274932,0.019170733383259437,0.0290136926713774,0.05644021871249564,0.03936329498163858,0.051984375721374265,0.030434104365725925,0.03725053914794925,0.03955584103744631,0.03581953408145273,0.050651861329107026,0.05388951419999191,0.04576973706096312,0.035538541348534236,0.031188551262359844,0.0320210570929211,0.03558016980574878,0.025954476180500403,0.03199504108396636,0.0397275719049561,0.04270953466396093,0.03881168049850649,0.03270268116534689,0.029393505917522614,0.0211006805625262,0.02035678408257603,0.026225011881204716,0.015862419141904678,0.013183671100922938,0.0185621126060625,0.016210926604183332,0.02488275242906322,0.02027355157195497,0.012174625095475011,0.007228502392555595,0.016985973960557763,0.013220080343407303,0.026115756909565444,0.010952353323286817,0.011097984197036333,0.017646593913984696,0.01820838756426024,0.024039956061912178,0.020892596559013498
brandenburg,2020.8333333333333,0.016731091340357246,0.01047905580032977,0.019737745474133737,0.02318676871484182,0.013448939022773868,0.0046542082789255606,0.017833857789692514,0.009407650947687885,0.02728635783760315,0.018598525614607966,0.018302020429392843,0.013984680324547919,0.013714208297844595,0.009392048127474796,0.04466117355294808,0.030199967899287996,0.0652437130996614,0.05585198391890941,0.052525719447021196,0.05560732184913455,0.0698829369028794,0.04637867636807048,0.10291617649295616,0.08208435285628438,0.07203346947693125,0.027858661215628747,0.09993075925738139,0.1340466256533173,0.0781939618468384,0.07748049467830961,0.04937143045083696,0.07411118711219564,0.04706048866961702,0.05493580846688451,0.029424723567983084,0.038905350469977895,0.07837102820776462,0.07426740983893598,0.04154899480070872,0.06772207970914301,0.028212451908818135,0.07875120213734135,0.045483486004473744,0.06089123746139848,0.07079416866043116,0.047471662241365155,0.05174493702493626,0.046753411793750844,0.05029791793322435,0.07325197050442164,0.07702742206936658,0.05671611873998044,0.05872034212544367,0.0508340390161108,0.05664844501283934,0.0708774820749848,0.052973373323284646,0.038437002299943214,0.07333528785690926,0.058881724511743644,0.052015606936975156,0.03986287541213729,0.050912115363071817,0.034097176570930005,0.03173488171033182,0.034279296269098376,0.0185621126060625,0.02702101931762926,0.02212030421618739,0.028966866572847146,0.0213087653987144,0.021688522371262946,0.029726495155305607,0.017630988621446398,0.03918115747692687,0.043818056566243005,0.022193135242206584,0.04236605379965862,0.021849789869776325,0.02103305317005181,0.030132328671913244
brandenburg,2020.8524590163934,0.016731091340357246,0.026193796151603447,0.01480130632580804,0.018551708894017745,0.013448939022773868,0.0046542082789255606,0.02675568215158173,0.037635616326503654,0.018187580283792203,0.013948270546703915,0.009152805470507532,0.027973122647082346,0.06861765299973575,0.02348330175439068,0.03473199656784876,0.025163687586970677,0.04516080488468342,0.035533337793728505,0.073548789182008,0.07230424501552835,0.04299056614959863,0.08118854760656438,0.07868349972728594,0.10736596462271002,0.045826987461351866,0.06270298927921564,0.057080517246187235,0.1340466256533173,0.05863704818653696,0.08301663168359992,0.07217406429213817,0.038806476616152795,0.05379061185089597,0.05493580846688451,0.02288503507700988,0.058371549646704296,0.03264024194727222,0.07103890219552828,0.07353316710410306,0.045139986816681604,0.06271340182842024,0.062338551370624266,0.03573107324251107,0.07442884048297053,0.05588321745748403,0.05934505092005016,0.06369739713675264,0.054550603153852864,0.08625109172528145,0.08852731384401392,0.1066833611558428,0.06239061377262079,0.07206991994807427,0.061005771626723083,0.06609238416499662,0.052577772025326264,0.05960014250248263,0.05552403289653654,0.04312587814733735,0.039248808475631315,0.052015606936975156,0.053941568143489285,0.05600815179938552,0.039347683170519544,0.013220080343407303,0.023733015099274033,0.03182333575133362,0.02161569205199893,0.013823437216201025,0.0028964806677350525,0.045670850154205134,0.03615256447187598,0.03397749825942627,0.039670328219432956,0.01958688844263142,0.005475888310578272,0.018494488514980985,0.03883249603314058,0.04007103534141143,0.03305650481727727,0.06269778300539812
brandenburg,2020.8715846994535,0.016731091340357246,0.03143830161206648,0.009870536743572083,0.013911860794347813,0.05381663876662873,0.018619333059512348,0.017833857789692514,0.04234003261451287,0.03638672774221469,0.04185083675721903,0.02287983278826568,0.03729737270653412,0.05488375352810062,0.05637775098498367,0.024809917635880415,0.08056357633871467,0.04516080488468342,0.07617336489718853,0.073548789182008,0.06117236722661607,0.07526203887223243,0.08118854760656438,0.060516400138693235,0.10736596462271002,0.05892857755642241,0.0696746576003342,0.09278833612109956,0.12698291869506148,0.09776344330734882,0.08301663168359992,0.056971197426198245,0.05292652564406065,0.07397579446199548,0.05816852226618628,0.049053930111389414,0.07460068655795982,0.07837102820776462,0.09366350372132774,0.054342385253819986,0.05481608218558871,0.06899254872435326,0.062338551370624266,0.08775119945548054,0.06427530782242645,0.07452778209315009,0.06330171424535025,0.06369739713675264,0.058449637311820915,0.08265725965316739,0.0671441307161432,0.07406432038569533,0.05671611873998044,0.06939868880944058,0.05337418297078971,0.05664844501283934,0.050292712901256656,0.06622775629065258,0.04911638904139167,0.07549117076978722,0.047976525377567185,0.049756597399390125,0.04220992688409012,0.030543368410846265,0.049839877114736066,0.029091736262624658,0.02900328686806059,0.013256489611384628,0.02161569205199893,0.013823437216201025,0.03186496123444981,0.042626266367307375,0.03253617675042337,0.016985973960557763,0.030855552661989652,0.013058839605933103,0.010952353323286817,0.02959121802028503,0.0353043818976577,0.051000602031338736,0.027047032838154416,0.04500466957782189
brandenburg,2020.8907103825136,0.016731091340357246,0.01571677492432171,0.03454467182829911,0.013911860794347813,0.03587156993935814,0.04190287865094498,0.022291977512103288,0.037635616326503654,0.04093490795264813,0.0651187565666088,0.059511641199466454,0.060625727412038796,0.05030832799871698,0.07518392595610716,0.06452521713517896,0.05537307200997013,0.08533438052684968,0.08125625327819623,0.12614889117413947,0.11127938339097912,0.09678401284973845,0.08118854760656438,0.1089761105866559,0.044182364698067085,0.07858975807427714,0.10455223699807226,0.09278833612109956,0.1340466256533173,0.03256739628761064,0.09963899992556878,0.09878457129914332,0.07764193529748235,0.07397579446199548,0.08080835585711779,0.08505312010353372,0.10706374213504845,0.06530098494432571,0.10335905403265816,0.12154634239798935,0.09031919265036124,0.1097994407326424,0.10174387180049456,0.12354785375582075,0.07781899977869741,0.09317382479661966,0.11479702176817166,0.11550578956254101,0.11306683508142634,0.11863282163320486,0.05798111308005291,0.10965353317410123,0.09077759017036535,0.09077238108494175,0.07881369674792836,0.08735533349016536,0.08231872305573137,0.09052755465850891,0.08758451868171797,0.0625415950331747,0.09599214639223089,0.07464755376788067,0.09854491701047219,0.050912115363071817,0.047216630149410695,0.03702677939467528,0.02900328686806059,0.02916977997100291,0.016210926604183332,0.02488275242906322,0.026068933420563725,0.0213087653987144,0.021688522371262946,0.012736359630900538,0.04408348080992059,0.03265064847841146,0.032858779538540515,0.025892045064830553,0.04236605379965862,0.06193767262117868,0.05711175152268317,0.07798564925295955
brandenburg,2020.9098360655737,0.039045855743555354,0.036678132395706206,0.02961202986430606,0.013911860794347813,0.008965572854586027,0.02793150027922066,0.035673833956322454,0.02351971820916393,0.06369219076336763,0.037198501910100344,0.07325197050442164,0.04662849968512971,0.04115868452354951,0.05637775098498367,0.07446008518163734,0.050339558207693244,0.07528807653701429,0.05585198391890941,0.06303619188793269,0.06673800823957492,0.08064169733642133,0.15087827551071548,0.1089761105866559,0.10104571178477653,0.07203346947693125,0.08362600732447399,0.09278833612109956,0.06345269815129845,0.06515520219106771,0.06640478190980367,0.09498670175318971,0.0811781313572151,0.10426566217195701,0.08080835585711779,0.06541552882288913,0.07784503872384359,0.08817832137695533,0.07426740983893598,0.10553702434821009,0.08708968828207932,0.10666251844287052,0.11488561721415495,0.12029022487656876,0.09813333939630735,0.1155579052228274,0.08706364470726849,0.09159021388713387,0.07014849422353175,0.05029791793322435,0.09157979555399275,0.10371856916218114,0.08793350716354235,0.11482829073187202,0.0762671021942044,0.09681006129332928,0.05943875788654936,0.0750641530459448,0.0940021141852048,0.07333528785690926,0.08726157620293759,0.08596982634358367,0.07741279392266096,0.0738404021643111,0.0367197617652276,0.039670328219432956,0.034279296269098376,0.023863074608003174,0.04864794889502507,0.04978262229611121,0.026068933420563725,0.04871561221097204,0.028920040516489626,0.05097457652503765,0.039670328219432956,0.03265064847841146,0.060256098032071825,0.040695520128960126,0.028238466025376344,0.051000602031338736,0.04809103110070469,0.11259260721623747
brandenburg,2020.9289617486338,0.022307584203469774,0.03143830161206648,0.0049350341710758016,0.018551708894017745,0.026901357290817052,0.023275208216344843,0.017833857789692514,0.07058588570803985,0.031833742118984515,0.07442363303502084,0.027458048189653125,0.05596130138599396,0.1098307066913097,0.1175227037192161,0.08936594711021954,0.07552762366475863,0.0652437130996614,0.12193204432337294,0.08932427557268986,0.12241678188123985,0.0698829369028794,0.11021111069419395,0.10291617649295616,0.08208435285628438,0.10481276093776384,0.09757589136613132,0.14997085433388396,0.09873768232966974,0.09776344330734882,0.09963899992556878,0.0835791320216453,0.07411118711219564,0.09079842651728952,0.1325921012708109,0.12435577730060578,0.08758451868171797,0.11433320101464642,0.10982549569689587,0.0991336349564244,0.1258413469016217,0.14435979691909,0.07218447873801634,0.11052898466648514,0.0812041719845034,0.12675877248436984,0.0830999646830637,0.12348009299680898,0.1599220621929028,0.11143571782159191,0.1221457452704458,0.10371856916218114,0.12769706539076867,0.08810018905596374,0.09408025537461225,0.11571946410164473,0.08689696613737548,0.1126342974046232,0.08972536550754036,0.125158500867104,0.08070940229603404,0.08370413292309198,0.09384583215865508,0.061099481585986215,0.07871995486021016,0.055550060679891745,0.03955584103744631,0.02916977997100291,0.029726495155305607,0.03041849523516744,0.04345895533417718,0.033488381066920814,0.04700323691116025,0.029726495155305607,0.030855552661989652,0.045712486723605235,0.032858779538540515,0.036995557180068694,0.06356203159823741,0.07287704407021454,0.09622136965298304,0.1194354568586637
brandenburg,2020.948087431694,0.03346756767141887,0.026193796151603447,0.02467465329063319,0.03710483501320564,0.022416831174205135,0.023275208216344843,0.05798111308005291,0.05646104130500911,0.05458704137207621,0.08839188365332061,0.059511641199466454,0.05596130138599396,0.05488375352810062,0.10340594716946028,0.06949241389494241,0.10072789577789976,0.10040487166300283,0.07617336489718853,0.11036223086493947,0.13356177967186889,0.18835712700778087,0.13344708558475682,0.15142064975195377,0.17062643040222264,0.1310489944328074,0.08362600732447399,0.13566802515923607,0.10579755322182578,0.12386580926580726,0.13289447216541042,0.14824992662933495,0.1341821748008096,0.11436968114873111,0.1196387235895653,0.12435577730060578,0.13305608491629742,0.15686035045502872,0.12599772511798038,0.15998987045581015,0.14523061836877915,0.185225899363878,0.1477597334021443,0.1658790946053803,0.13540734658684203,0.18277845437586515,0.17427330465733773,0.15539475667806962,0.2029093722384646,0.16904567595704217,0.1343750722737503,0.13932809029474752,0.10213463709478957,0.13889533412171737,0.13736246773364885,0.0991753143556754,0.12810887706793064,0.119268674493414,0.1453453384492733,0.1122017633256525,0.12876048448569616,0.099555640417147,0.11968563140953914,0.10187412657231644,0.08922530580489871,0.055550060679891745,0.044832921281759225,0.06101097773113807,0.02702101931762926,0.05254654047208713,0.04635785781249129,0.042626266367307375,0.04700323691116025,0.03822364508768359,0.04408348080992059,0.03918115747692687,0.060256098032071825,0.05550321067923007,0.05649748086196833,0.07652227680329424,0.07816792272696302,0.18066508176956966
brandenburg,2020.967213114754,0.03346756767141887,0.01571677492432171,0.02961202986430606,0.013911860794347813,0.026901357290817052,0.06519685436457569,0.07137215822308132,0.07529328407153865,0.05914201973859219,0.05581033922999831,0.0686697216887518,0.041965328992166845,0.06861765299973575,0.07518392595610716,0.07942823108594334,0.09568478042390405,0.11045602981251,0.11685039030810358,0.13667425670632377,0.1502785413493977,0.20992596990403917,0.19738655578158998,0.18175567567315107,0.1832898512711433,0.19012635399035077,0.16039672189013918,0.18574253893657136,0.17644902956190575,0.14997606935287516,0.21612370781335524,0.16728759956773773,0.16601472675653853,0.21548666951925136,0.14878184365669955,0.22930484141240376,0.19808079064589215,0.20270577974449902,0.18425525707804274,0.19846184078937465,0.18402564542381078,0.19466190400620165,0.19710468863256655,0.19846706067373843,0.2134294024248023,0.16036020945191312,0.18220444344336037,0.15938481523548675,0.2029093722384646,0.19427044277930255,0.1649609785770357,0.20764442764978577,0.15327728132782695,0.21115814876923783,0.19343011596522738,0.22933095632454958,0.1853981119844402,0.1834307472178263,0.1838899662865013,0.19650964077979172,0.1571732939797541,0.187960494410501,0.1855077021308412,0.15289134683478992,0.11024237690038068,0.09261122066075365,0.06858641181135208,0.05039160859767728,0.06487405089251719,0.08023026140046162,0.1072617497733736,0.0974821156491902,0.039769203715818206,0.08923572366632242,0.0529057044668407,0.07185642469481601,0.04929856134907142,0.08142291376854179,0.09183504531683653,0.10935129739090396,0.1082622209488317,0.2892051381689365
brandenburg,2020.9863387978141,0.039045855743555354,0.04191849122921623,0.02467465329063319,0.02318676871484182,0.04932979095160679,0.03724533542182389,0.035673833956322454,0.037635616326503654,0.05003766697322137,0.04650358787657199,0.05034996828152198,0.041965328992166845,0.04573330502080725,0.02348330175439068,0.049626473111175316,0.05537307200997013,0.10040487166300283,0.11176402165576865,0.11036223086493947,0.14470916664717845,0.17218636390952313,0.22066152603929878,0.1332229115085757,0.18962010885338376,0.13760751476808974,0.1254868913522622,0.15712113659484944,0.1693795606817407,0.19571103462656111,0.08855856701503467,0.12921922100542838,0.15540518780455134,0.12447045133715424,0.12611761540233196,0.153850973029923,0.13305608491629742,0.15031504670934043,0.15835206483034128,0.16319260758932305,0.16139299974115115,0.17893792003890716,0.1477597334021443,0.1430822708832917,0.13201864405868424,0.17156551520190458,0.11875790682744561,0.1713620453894581,0.15601541234542157,0.14383313952642077,0.18944788224994155,0.17496201348482346,0.15611972494943632,0.16564956407857148,0.12972487844908043,0.18669755287266757,0.21292293037165802,0.1790005351719832,0.14320741490420888,0.1532564199306483,0.15498794437741148,0.1244756637993668,0.14788488868043065,0.10187412657231644,0.10235867718794467,0.07672537585649256,0.06066737595758469,0.07162730881274822,0.07840227527522323,0.06638395533509953,0.04925692190819183,0.051765757737381596,0.06871137667749787,0.046722183738465074,0.0529057044668407,0.08492811595926784,0.09315819682176571,0.07401745370143516,0.11305120112682449,0.13855121732574419,0.09923262358420405,0.22099052020141174
brandenburg,2021.0054794520547,0.03346756767141887,0.026193796151603447,0.04442176857440393,0.02318676871484182,0.04035725660475935,0.018619333059512348,0.02675568215158173,0.04234003261451287,0.03638672774221469,0.018598525614607966,0.04118990923791182,0.027973122647082346,0.02286422592514429,0.028181234986123443,0.06452521713517896,0.0402687880460501,0.08030838189742152,0.10667815047681364,0.09458557123434626,0.13356177967186889,0.14524626200121413,0.19157205022631732,0.22425446393329673,0.1832898512711433,0.15073225264309462,0.1813538752580753,0.14281634083883765,0.14111129227954586,0.1826375601965748,0.18836756474856428,0.19395205648789865,0.17663164850315494,0.20199582241220362,0.19090921699867255,0.16368816271564623,0.16230583651838548,0.160135919322401,0.1421749857385316,0.1407671608189218,0.17432547924917588,0.18837278361973875,0.18394215052818652,0.18869113575202456,0.13540734658684203,0.13795683913276,0.16236843162734194,0.21528824934947946,0.17164377303407072,0.16904567595704217,0.14966838412709527,0.18981321208708216,0.1504349930724565,0.18705764464790053,0.15774702866658466,0.18196440438683678,0.13268594032580622,0.18121820309179829,0.1667554932090584,0.14893307596180688,0.18778827330368814,0.12220829205524217,0.15023682096941207,0.11207669390109448,0.10235867718794467,0.08731887230281989,0.06330692057963412,0.06101097773113807,0.08922530580489871,0.07192411821680036,0.07245004781263735,0.06395251007103266,0.0723302811993126,0.06797200558749768,0.07496521041519545,0.08492811595926784,0.10961184537542724,0.06660784145035864,0.06709206355471017,0.11664713447640944,0.10525565463080908,0.2347056843497459
brandenburg,2021.0246575342467,0.033191790967495916,0.05853293095053196,0.0454366450725269,0.023894288938503202,0.04067470384854662,0.0435994729122561,0.045561554318150996,0.04365151655605729,0.06941430964529005,0.03594962382386245,0.03215634054928352,0.05876719502470804,0.05518046737717515,0.08632401262814049,0.0746631761805726,0.059027489678258105,0.09507005393761044,0.16927000452013685,0.2192097988795533,0.2601347904635471,0.2213874048178564,0.27808947000359235,0.27345777155795237,0.2570253666321235,0.23448629682066038,0.19091965525173887,0.20325913556344352,0.2693753185094199,0.18387952944444858,0.2250535085748066,0.3975373111230798,0.2602863469654055,0.24488210405384653,0.23132095120666896,0.2002053113077386,0.2383204883316645,0.22998383339056724,0.17483157550670148,0.23039123283316748,0.15999508647969937,0.200069589947708,0.18186525814336804,0.2268344300270764,0.25133481866098434,0.17445069848317496,0.2476616367907794,0.3145092011120938,0.23349384099169557,0.29935561990705856,0.29307997233860117,0.2653454519412013,0.25497690664486156,0.2289444569641605,0.23715557463603748,0.2765211286230028,0.25767859150534583,0.24276620598819984,0.25240599452925766,0.23128438893416486,0.2138366721901153,0.20164606758441228,0.19517341778385078,0.20991030680131653,0.14056381148084926,0.11614160418650671,0.1276814270369264,0.12220307982030522,0.08306871479261847,0.12012865179624577,0.0949814922461025,0.0937520631681835,0.08952221567337101,0.0878137048833818,0.12070197789952758,0.11644387943919743,0.13965135629202638,0.24104220455258227,0.10227531331959201,0.12657632860753715,0.20335832260616227,0.27251684486576844
brandenburg,2021.0438356164384,0.044260431058376036,0.005319872116098456,0.050485299430942855,0.04302179196398028,0.04067470384854662,0.06104742047666037,0.022775787122620007,0.030553774522355855,0.018499690365016214,0.1079287284182435,0.09192881085051241,0.03615256447187598,0.05518046737717515,0.04541582689409289,0.046654523016350945,0.06395251007103266,0.09507005393761044,0.1343750722737503,0.21398287237109678,0.2112625720489996,0.24414544829115223,0.2507600504623755,0.2268083163686861,0.21510027304493712,0.17885443331209597,0.22280785879278578,0.25759497826362465,0.22092263234671983,0.19070045237737007,0.13741981906373474,0.3177842521802103,0.18316461075013105,0.19717776515412044,0.18236620951948074,0.21274540525255706,0.16829966002172828,0.1826427784927068,0.1493659156796911,0.15453419595051665,0.14743120222981415,0.18097816858784607,0.14174220587241537,0.1813904024402427,0.11584975388566877,0.15429428458934386,0.19951626806896366,0.17667860776313565,0.22159629267480407,0.20196972122442025,0.2250221732595195,0.22866764162023387,0.1747898354228047,0.18930175103374594,0.20778538960165624,0.2129699224163953,0.22213940502997057,0.17853092351172126,0.17256722434809976,0.17122118213952997,0.16840399727101643,0.17090815406141463,0.1429049840358806,0.1343385781023618,0.10730864642973144,0.08708447956607135,0.05848087241070243,0.05309830067422984,0.061620095546037056,0.09280396398480248,0.06702958302980788,0.06150556002760832,0.06789911041556487,0.062187570699602734,0.10343720928415685,0.03132383255288551,0.1063655106907571,0.12318298917270419,0.12503340027540438,0.11571425251707093,0.161872889077707,0.2694119075742692
brandenburg,2021.0630136986301,0.027655752933626626,0.05853293095053196,0.0454366450725269,0.04780476726563504,0.04972016256586938,0.0435994729122561,0.036443967813130876,0.013090047451586399,0.018499690365016214,0.03594962382386245,0.03215634054928352,0.022593707708681084,0.03218235663893203,0.04541582689409289,0.023322029189798366,0.05410814111286562,0.11009646809899491,0.11444264149368331,0.13559503502723913,0.1515875352720022,0.15884757382867865,0.11977944717641834,0.18602434450337837,0.1014625226068714,0.17885443331209597,0.11446869878454372,0.08120938011152248,0.10344241963843645,0.12251060257565627,0.13741981906373474,0.1533555116417821,0.13181011573131352,0.18014849264060523,0.08784495762551033,0.11565171354296663,0.09837299178812313,0.12273994276353598,0.09528885405739031,0.10402077220835775,0.11602694851582909,0.13011585407009493,0.12014428787884936,0.1295007204188682,0.16741801862372263,0.13078312591972513,0.12553380444800621,0.1255755050130902,0.1819591861587862,0.15529566108085793,0.18208442377659198,0.18285151076727293,0.11547452019144033,0.13837915978172383,0.14109564989102172,0.13427080328059873,0.13222717322229027,0.14644040650147805,0.15040891775258766,0.1262218680481912,0.1554312656299073,0.11606864145773639,0.09068903578908508,0.10131142829781996,0.09196527527037793,0.05275995645974098,0.055820750399100824,0.04512957778580611,0.053577191633240845,0.07095038142221152,0.06143788006711993,0.052713108972787366,0.030855552661989652,0.025595498289003194,0.051692885280301186,0.05818934555078372,0.07975633290126663,0.10637072133845239,0.07953239016811256,0.10847586572521294,0.1317162782568199,0.25386387421177137
brandenburg,2021.0821917808219,0.033191790967495916,0.04788283906436989,0.04038327679772796,0.04302179196398028,0.031636021489628394,0.017433321988024122,0.018218791207616443,0.017459330712654434,0.023129543235192472,0.022468853621892812,0.0367509838142395,0.022593707708681084,0.01838524978438876,0.0363294877343124,0.009329636893456644,0.03442499248688489,0.05501909647732756,0.06963300183993214,0.07296556812339615,0.04326639482536219,0.08503749456906902,0.07618898776828824,0.1103726529618697,0.0536917096899088,0.04311546951962554,0.07628272509347235,0.08798038639178628,0.07583487050920791,0.14977789899877889,0.11240500178213403,0.11100319371220553,0.0731894825776581,0.08489686497015311,0.10413019098573245,0.07811584452634125,0.0697944180973649,0.09439282130648687,0.09528885405739031,0.09140268420996159,0.08777724337464148,0.06343187275889689,0.0646605851810751,0.08737616846583962,0.09008478638914538,0.06367657164635179,0.06642040184631297,0.07844914591161427,0.08299059014865012,0.06982566001151784,0.12846335049044372,0.08220414193736,0.10361957199447207,0.09597651757033565,0.06916958375606083,0.10383840809104615,0.12513243821901582,0.0891888433063549,0.08842313674294484,0.10480755044618127,0.09277270826209914,0.08100105543751755,0.0816104074586578,0.08480311211549615,0.0791782501399779,0.07123677270430097,0.042527385438210975,0.023889086548788227,0.053577191633240845,0.03546569162859827,0.047471662241365155,0.020492037196472048,0.04628499293360102,0.02193822709742698,0.03876484557604809,0.02684933040852547,0.11301993323171615,0.06155762159562014,0.045431440527134145,0.05421224948968314,0.07899076521914389,0.13782649394611857
brandenburg,2021.1013698630136,0.022125506428951627,0.015956047782908676,0.03028321629990475,0.004779019599315969,0.03615256447187598,0.030517353141185876,0.018218791207616443,0.008726332159748081,0.01387545106749112,0.00898637644528638,0.00918401097203835,0.018073140390041906,0.009194412810043424,0.027244736019444875,0.05598732938822379,0.04426563548656102,0.04500987408050042,0.04972536754052117,0.05732518624752535,0.06491049634546199,0.06234896384685358,0.03808314203571889,0.05225504687974333,0.0775742343316421,0.024633033562881032,0.025413409001518537,0.054123757356098576,0.04135123722747422,0.10207211445036846,0.08740742094499775,0.07397579446199548,0.03657926277666397,0.064509597767947,0.05204163296430165,0.0656081713694903,0.04440615524452598,0.04402623232904002,0.06350996802340467,0.06302057296795063,0.03446662005265436,0.060256098032071825,0.05233833059653209,0.0517605525584916,0.03215634054928352,0.053613629169372616,0.03689148326677245,0.07059629983584592,0.06321841296765442,0.05430074177386138,0.06419200498507134,0.05174493702493626,0.08583961140429322,0.05926175598047561,0.06384838219158666,0.06329130157834054,0.06370780988508072,0.054868137056629775,0.04640469957426246,0.047029260429918965,0.07549637832464469,0.050339558207693244,0.05212491633929076,0.0282540745015569,0.04085164249767156,0.0290136926713774,0.03189097717832465,0.02654237286256396,0.029461144183870868,0.021823778949087637,0.022333595366163878,0.03220837274160241,0.04628499293360102,0.014624456294934828,0.03445621315808642,0.022370011015787467,0.03986287541213729,0.027973122647082346,0.03028321629990475,0.05421224948968314,0.048882168440720464,0.10372377954464701
brandenburg,2021.1205479452055,0.005527893812761903,0.03191699313520967,0.010094179671830277,0.014338376636053524,0.031636021489628394,0.01307444352642146,-0,0.017459330712654434,0.00925162295626162,0.022468853621892812,0.01837484610772913,0.022593707708681084,0.009194412810043424,0.022702955280536542,0.004664609210849361,0.024586211408980454,0.01999784483209072,0.03480484525991087,0.03646998604800865,0.07032553319072915,0.09070987210052561,0.07074209784411946,0.05805920015885821,0.05966261410117793,0.04927774162446374,0.025413409001518537,0.047357157882094554,0.04135123722747422,0.04761219066326474,0.08115729886478183,0.058116464091179994,0.062203189369382995,0.05431635807494059,0.04553032697861433,0.05935546279687835,0.0697944180973649,0.06290603436478938,0.06986210893508366,0.05356157555414744,0.04700844161387242,0.05391033577114022,0.03385782022336224,0.04852303223535873,0.05145865307419943,0.06031857041882238,0.05165124392210303,0.05097978162525814,0.047404000544047385,0.031022051695619782,0.07133050110283684,0.0669723092812668,0.059183667095803263,0.03385261683673502,0.04255340671710965,0.05569581650744549,0.054264303756257536,0.03885851546315358,0.0508236288453737,0.06200535323216946,0.05823099214499452,0.05909516650160319,0.03852026388854272,0.051807399187282034,0.033191790967495916,0.034289703128259554,0.018598525614607966,0.023889086548788227,0.013391724258505185,0.030007456483303132,0.008372674018343875,0.017563365741245812,0.012341064325200612,0.02193822709742698,0.030147937716577505,0.022370011015787467,0.006640824025636648,0.05036037835743476,0.05679420391919757,0.028904431840409462,0.03383700667998897,0.059964561219589
brandenburg,2021.1397260273973,0.011061576440359837,0.02659960209812348,0.005044244649821531,0.014338376636053524,0.004518996353235525,0.030517353141185876,0.004555399529410808,0.013090047451586399,0.004623005495636393,0.004492994100142433,0.013776624794526468,0.00903838545844986,-0,0.022702955280536542,0.01865574610813226,0.009834129846287232,0.025002409810761222,0.024856739991218204,0.026048122994539687,0.027036627428381574,0.06801886682341618,0.027197911513841405,0.023217982639368674,0.04772149080952404,0.030793115661827325,0.025413409001518537,0.027057438250009416,0.062041796674573144,0.04080480573784214,0.03119895750298265,0.06340063468593267,0.05488375352810062,0.047523709760751855,0.05854854852264078,0.04998041193681887,0.04757575733223368,0.034591502949925225,0.04444779080129266,0.050407223724835054,0.04073715271478626,0.03170366267296771,0.021542861834745457,0.042053800437282025,0.03215634054928352,0.04020633974228534,0.025819208857950006,0.047055283961695435,0.035548948459713604,0.042657491962929006,0.05705448869677495,0.0669723092812668,0.047341543670816826,0.045145191332897815,0.05319720170657942,0.06329130157834054,0.03302528498643982,0.03885851546315358,0.028722330965627346,0.040612255057304224,0.03018435883900562,0.03720370563154478,0.03625663690628759,0.035319992494909205,0.030637023489394902,0.02109547845229292,0.013287697575658008,0.01326689226406136,0.013391724258505185,0.019092704680395946,0.030709866444887865,0.017563365741245812,0.012341064325200612,0.007311714025544296,0.012918404532277994,0.013422932303940196,0.053155559143714726,0.07275727647342736,0.03028321629990475,0.025288548144338875,0.04136164550205281,0.05338459365214908
brandenburg,2021.158904109589,0.005527893812761903,0.04788283906436989,0.03028321629990475,0.03823925656133371,0.031636021489628394,0.017433321988024122,0.004555399529410808,0.017459330712654434,0.018499690365016214,0.017974306139032236,0.00918401097203835,0.004518996353235525,0.009194412810043424,0.013620583693301576,0.023322029189798366,-0,0.03500257793853837,0.029830554729414812,0.041684303047304194,0.04867397323689687,0.04533775879919775,0.054410055979878406,0.03483086267467107,0.04175716147976913,0.012315058160441395,0.05084444918893198,0.027057438250009416,0.04824717567496483,0.04761219066326474,0.04992836195842812,0.058116464091179994,0.043901326771355345,0.050922525551517786,0.04553032697861433,0.04060184693272187,0.03805712299368511,0.028300899958220646,0.034919321982213494,0.025200105218565173,0.04073715271478626,0.047565347813769705,0.03385782022336224,0.03881688438138674,0.02250526936623804,0.05696599172621979,0.04427083991527267,0.043131082461977444,0.055310605564410184,0.046540020456404665,0.021386797426959762,0.03042890132168197,0.047341543670816826,0.045145191332897815,0.047877634274138166,0.045561554318150996,0.054264303756257536,0.04343293360212402,0.03756276366860042,0.05344705778406935,0.03018435883900562,0.045957102242106626,0.027187506073877092,0.035319992494909205,0.033191790967495916,0.01845807557928742,0.03454987528417737,0.01326689226406136,0.026781695539369616,0.030007456483303132,0.022333595366163878,0.020492037196472048,0.015425487712927255,0.014624456294934828,0.012918404532277994,0.013422932303940196,0.02657358880142324,0.027973122647082346,0.011352839207489517,0.028904431840409462,0.05264544045502487,0.04719060653688801
brandenburg,2021.1780821917807,0.055331427704592435,0.037240131696213506,0.02523652287566438,0.004779019599315969,0.0135529660281875,0.0435994729122561,0.013662194607839885,0.017459330712654434,0.023129543235192472,0.040445725313982044,0.04594669304766488,0.03615256447187598,0.013792228930400247,0.018161571194918236,0.023322029189798366,0.004914232201128649,0.030002253481954542,0.03480484525991087,0.026048122994539687,0.03785417491261456,0.03966512425114968,0.05985523533630039,0.03483086267467107,0.035788312591700434,0.04927774162446374,0.019061493232041562,0.047357157882094554,0.04135123722747422,0.06802928043713369,0.037443077380776374,0.05282762512651966,0.03657926277666397,0.03394107448015803,0.04553032697861433,0.0656081713694903,0.03805712299368511,0.04717499237562111,0.034919321982213494,0.04725826795654076,0.04387010042881188,0.034877694054035284,0.03693831650198205,0.04528571346771252,0.045020283087414396,0.023452087670595173,0.03689148326677245,0.043131082461977444,0.035548948459713604,0.03878045721217865,0.03208869877710804,0.033472771019516234,0.059183667095803263,0.036678132395706206,0.0345758925713617,0.04049776580148282,0.03302528498643982,0.048007754186143996,0.03977440769452316,0.044890170650751335,0.04312587814733735,0.024065968091178745,0.029455941237184754,0.030605805111140496,0.015316255429325545,0.01845807557928742,0.03189097717832465,0.021230733487564962,0.010713103487550278,0.02727595237994031,0.022333595366163878,0.02342087360553656,0.00925162295626162,0.018281213111458527,0.017225252659323315,0.017896279231453784,0.02657358880142324,0.027973122647082346,0.015139403647124234,0.018062736775831804,0.03383700667998897,0.027843052858136163
brandenburg,2021.1972602739727,0.033191790967495916,0.03191699313520967,0.035335603096852845,0.04302179196398028,0.03615256447187598,0.06104742047666037,0.022775787122620007,0.039285235972925804,0.018499690365016214,0.03594962382386245,0.01837484610772913,0.0135529660281875,0.036782205881992124,0.018161571194918236,0.04198614578923522,0.05410814111286562,0.08004798069729602,0.029830554729414812,0.041684303047304194,0.03785417491261456,0.05667447335900759,0.04896544675564446,0.0406382753778772,0.08951700671370266,0.05544074407733734,0.05084444918893198,0.04058623474975733,0.06894047971208289,0.05441526142399516,0.037443077380776374,0.0792667849209013,0.05121921679848681,0.05771561788922545,0.04227758182328256,0.04998041193681887,0.05709613438209294,0.05346787917805228,0.057153397253861773,0.04725826795654076,0.05014176720091785,0.06977879714733021,0.03693831650198205,0.0679459715857919,0.03215634054928352,0.06031857041882238,0.029507970727501363,0.07844914591161427,0.05926175598047561,0.05430074177386138,0.07846997731912797,0.057835350846688664,0.05030312296570727,0.03949859754097675,0.04521805461466013,0.05569581650744549,0.03774489550473253,0.054868137056629775,0.03313975779114117,0.049168438207035044,0.0517605525584916,0.0437712171344689,0.04986069706441244,0.025897247654943074,0.03829649867149081,0.031651630985668644,0.018598525614607966,0.03450824765175377,0.03482045570720606,0.0054550861242678925,0.033503991119017196,0.011711718789039807,0.027765011140936866,0.02193822709742698,0.025840019192362673,0.017896279231453784,0.02657358880142324,0.05036037835743476,0.05300460513288362,0.036131750009987265,0.045124373271146836,0.03713085357875095
brandenburg,2021.2164383561644,0.027655752933626626,0.04788283906436989,0.06563941076862138,0.05736683214963408,0.0632860952456147,0.06977359016502424,0.036443967813130876,0.04802336859746248,0.03701116828502577,0.05843401976941885,0.0551388232260507,0.04519723652373852,0.07359044807935826,0.04995959193921057,0.037318187635001415,0.0688727900740807,0.04500987408050042,0.03480484525991087,0.08340204792563059,0.08656881926420214,0.09070987210052561,0.08708447956607135,0.1103726529618697,0.06562899763349243,0.07393413525593062,0.09537220672613501,0.10830390766554099,0.062041796674573144,0.14977789899877889,0.07490792792554747,0.1268786645233937,0.08783974883385406,0.064509597767947,0.07807938981693216,0.06873220418438682,0.0697944180973649,0.09439282130648687,0.0793969834019767,0.0693257916375083,0.09719557978414188,0.08882421972710348,0.05541992189338195,0.09061610876479784,0.05467553429406862,0.05696599172621979,0.08488644797795514,0.09022543001907456,0.0711222160021906,0.06982566001151784,0.09274666184086126,0.03956104499479871,0.06807093491285825,0.03949859754097675,0.08248017869652209,0.08356350693009447,0.09677359347595454,0.054868137056629775,0.0508236288453737,0.0555864995984769,0.049600448292609234,0.052525719447021196,0.06573312907861285,0.047096921639631396,0.04340691188309837,0.03956624895266614,0.03454987528417737,0.0371620758745933,0.032140730901737524,0.05457142498971272,0.019540070832188793,0.02342087360553656,0.01851009406665356,0.018281213111458527,0.03876484557604809,0.03579871975286834,0.04650879252926853,0.07275727647342736,0.041642669703157664,0.028904431840409462,0.05264544045502487,0.04370876462439663
brandenburg,2021.2356164383561,0.01659064634880297,0.07450695226483534,0.05553444400831644,0.07650665383205514,0.04972016256586938,0.0785012244460457,0.08204268715363666,0.052390382987264866,0.0740486981529114,0.1034267885771697,0.0551388232260507,0.09496065422296107,0.05978235154179975,0.08177706908407655,0.05598732938822379,0.06395251007103266,0.10508370721966002,0.06465537871125233,0.10427087260924171,0.11365050608341157,0.07936573573678733,0.09253308167885413,0.08711573186992799,0.09549202642153813,0.07393413525593062,0.1208322801682163,0.10830390766554099,0.05514402874311522,0.09526280637580314,0.11865888102385701,0.1586493696627341,0.09882625041861702,0.091694397333349,0.12042052611347846,0.12503861279404704,0.060271716121721726,0.11329092228061433,0.12709238580027185,0.1229588593409846,0.07209595601453897,0.11422897220112908,0.10472939313505392,0.12301619478737515,0.09652352913147139,0.09386146034017674,0.11444264149368331,0.13343144550157204,0.07903242847646869,0.09700282018146802,0.10346326106076392,0.10353620610468557,0.07399141667287135,0.09597651757033565,0.09047025502303901,0.09876894163795624,0.11331697899435247,0.0937676913215179,0.10391135366122232,0.08340204792563059,0.07549637832464469,0.07442884048297053,0.06119839783731058,0.0447392406320852,0.06895610041029239,0.026370685533807756,0.0531607644622462,0.05043845399320628,0.032140730901737524,0.02727595237994031,0.04467678695940287,0.02342087360553656,0.030855552661989652,0.07316865328542384,0.03876484557604809,0.02684933040852547,0.03986287541213729,0.03356643137424577,0.045431440527134145,0.03974838780622368,0.05264544045502487,0.04835127231828574
brandenburg,2021.2547945205479,0.022125506428951627,0.06917999760022556,0.035335603096852845,0.062151127155035346,0.04067470384854662,0.06977359016502424,0.05924093226642946,0.061125512160200804,0.05089650008429897,0.026963789618278017,0.059735497727853276,0.04519723652373852,0.06438464299897227,0.06359326976815236,0.060656963818070925,0.04918405296688435,0.08505312010353372,0.024856739991218204,0.07296556812339615,0.07574113399134635,0.10773592902465684,0.11977944717641834,0.13363998033084917,0.08354267348199294,0.09860222554423763,0.05720024874130235,0.1150836546392196,0.08963681291814628,0.08845438985135287,0.13741981906373474,0.11629795323575799,0.10615708521098219,0.11549536643675153,0.10087377829397891,0.0937520631681835,0.08884505529132866,0.06920082529481165,0.06986210893508366,0.10402077220835775,0.08150624421401778,0.09199653050775985,0.07390289087328418,0.10033193101154829,0.10296306923037678,0.04355783803472377,0.0701120450992263,0.10200438167041423,0.0869438444311563,0.09312173156536796,0.10346326106076392,0.09744043760706088,0.09472622703802486,0.07055464333713551,0.08514687340894145,0.06582684755751661,0.10149899371276115,0.07774609080164732,0.10612582146106884,0.05986564731528251,0.07117949432169954,0.07881369674792836,0.09068903578908508,0.07301764116625485,0.061292108143714955,0.04484333025325206,0.042527385438210975,0.05043845399320628,0.05625802138367613,0.062760258325646,0.02791589189985886,0.026349874987022046,0.03702677939467528,0.02193822709742698,0.07755861104435366,0.04027919610396884,0.04650879252926853,0.05595609578711482,0.041642669703157664,0.036131750009987265,0.05264544045502487,0.04719060653688801
brandenburg,2021.2739726027398,0.033191790967495916,0.02659960209812348,0.06563941076862138,0.04302179196398028,0.0632860952456147,0.05232271488947558,0.0637963183300526,0.030553774522355855,0.046269379044268207,0.04494221558635023,0.0689300659158854,0.022593707708681084,0.03218235663893203,0.04995959193921057,0.0699974908748765,0.024586211408980454,0.06002182725018433,0.05967823201258295,0.07296556812339615,0.10823095593323086,0.07368938809432042,0.11432798956900589,0.07549117076978722,0.07160127298093684,0.08626671762443132,0.08264684310961262,0.054123757356098576,0.04824717567496483,0.07483502302998163,0.07490792792554747,0.08455310532945849,0.10615708521098219,0.08489686497015311,0.10413019098573245,0.0937520631681835,0.09202257655326503,0.08809498023873534,0.06986210893508366,0.0693257916375083,0.06895610041029239,0.082474970442223,0.083146839553955465,0.07766276638162092,0.08686050527143074,0.07038281063269912,0.08857940247281733,0.11379121346571906,0.09485646423251046,0.09312173156536796,0.09988907925261102,0.05174493702493626,0.09769050636093614,0.11858591476293852,0.08248017869652209,0.05569581650744549,0.0944136591020811,0.06859161867478215,0.06630585575422379,0.08340204792563059,0.07765755860980539,0.07881369674792836,0.06799803960224328,0.051807399187282034,0.04340691188309837,0.03956624895266614,0.07178352407738173,0.047783948139108676,0.026781695539369616,0.05729915757563819,0.041882061887204544,0.03220837274160241,0.04937143045083696,0.025595498289003194,0.03445621315808642,0.04475485406198026,0.04650879252926853,0.04476005853964989,0.06058407889985061,0.018062736775831804,0.037599189984796486,0.04293331887193561
brandenburg,2021.2931506849316,0.01659064634880297,0.04788283906436989,0.05553444400831644,0.05258818254724107,0.06781059498701483,0.06977359016502424,0.045561554318150996,0.07423095782738513,0.06478554061313492,0.040445725313982044,0.0551388232260507,0.06781059498701483,0.0689873418207829,0.04541582689409289,0.04198614578923522,0.09349680399522103,0.09507005393761044,0.04475485406198026,0.08861586454402241,0.12448608872536515,0.10773592902465684,0.09798225476040598,0.1103726529618697,0.1014625226068714,0.1356263164998354,0.1208322801682163,0.09475227445082586,0.09653915811777417,0.09526280637580314,0.16244145934968485,0.174539395623028,0.10615708521098219,0.091694397333349,0.10413019098573245,0.11877875438907332,0.06344749180241327,0.100691425212823,0.12073325041423559,0.10402077220835775,0.07523079369170049,0.15872239216229236,0.08931385769352534,0.08737616846583962,0.08686050527143074,0.08044379103684132,0.07750132569778131,0.08629796943681196,0.06321841296765442,0.11254049452776418,0.082037478943156,0.08220414193736,0.1362258816947644,0.07902722056748043,0.055862395096349805,0.08102709597612967,0.07315303132172642,0.0937676913215179,0.08842313674294484,0.07912096300911745,0.06902379015674179,0.10510975982116294,0.06799803960224328,0.05887651862049956,0.09196527527037793,0.04484333025325206,0.07976154088328331,0.047783948139108676,0.04018031963785379,0.03819242215443822,0.05305665819056681,0.055643760807845416,0.03702677939467528,0.058527725094200844,0.0430738350296186,0.05370732580808273,0.0598031754726617,0.07275727647342736,0.03785417491261456,0.05782493927422557,0.06393689087582514,0.050287507869815756
brandenburg,2021.3123287671233,0.011061576440359837,0.10646972374392023,0.06058928496205277,0.06693586238322259,0.06781059498701483,0.05232271488947558,0.05924093226642946,0.039285235972925804,0.060157183573205764,0.08542813433935141,0.041346033090963276,0.04067470384854662,0.050578990433010104,0.04541582689409289,0.0886783710112899,0.03442499248688489,0.09005874131423863,0.09950354079224276,0.09905027625813219,0.10281718085282236,0.1304442758635294,0.09253308167885413,0.1103726529618697,0.07160127298093684,0.04927774162446374,0.07628272509347235,0.054123757356098576,0.13105942067670623,0.061219222335250546,0.17495679595941924,0.12158803976551345,0.09150165812197106,0.09509610152263902,0.05529498896474801,0.09687778730773705,0.07931886427421345,0.07864704461992475,0.06986210893508366,0.11980029514760061,0.06582164097092119,0.07294994622070414,0.08006881274531351,0.05823619797161901,0.10618313835026558,0.08379788379637507,0.10705332070128533,0.0941531872573321,0.08299059014865012,0.05817893390744267,0.10703247784002483,0.0669723092812668,0.07102848797908111,0.07337694658321695,0.06384838219158666,0.07342902003803381,0.07079416866043116,0.08461039844509344,0.06409308303904238,0.07484023051912941,0.06254680129135462,0.07004956094556636,0.06346311085062685,0.07301764116625485,0.05873595975383928,0.04220472266164121,0.03454987528417737,0.029195794566489568,0.02142321241355143,0.04092449976348459,0.03629826593837576,0.03806753060893172,0.03394107448015803,0.02193822709742698,0.03876484557604809,0.02684933040852547,0.053155559143714726,0.027973122647082346,0.041642669703157664,0.03974838780622368,0.060172801633146936,0.04370876462439663
brandenburg,2021.331506849315,0.03872321456927305,0.03191699313520967,0.03028321629990475,0.03345716097679191,0.0632860952456147,0.05232271488947558,0.06835731033672045,0.04802336859746248,0.03701116828502577,0.04943909470819803,0.0689300659158854,0.0723354884376315,0.06438464299897227,0.040872458848916056,0.05132331939158956,0.04426563548656102,0.09005874131423863,0.01491573901923189,0.08340204792563059,0.07574113399134635,0.096388078113646955,0.08163644830241706,0.05805920015885821,0.08951700671370266,0.06160447705139329,0.025413409001518537,0.0676648051978688,0.027562103224358234,0.05441526142399516,0.09990470925048779,0.07397579446199548,0.04756014305531625,0.091694397333349,0.0813343753165378,0.05935546279687835,0.11426024082324807,0.06920082529481165,0.08575106543183064,0.05356157555414744,0.09091823567412569,0.05074034755450904,0.04925692190819183,0.07766276638162092,0.08042295883859511,0.053613629169372616,0.07750132569778131,0.09022543001907456,0.047404000544047385,0.07370501021915227,0.060625727412038796,0.0669723092812668,0.07102848797908111,0.07620461064408746,0.047877634274138166,0.06329130157834054,0.06370780988508072,0.050292712901256656,0.06409308303904238,0.07698055271443438,0.049600448292609234,0.06566544361556387,0.04305822210445517,0.03767204269372773,0.03574668396785748,0.034289703128259554,0.0451816229610197,0.029195794566489568,0.02410238495400524,0.05183863029659091,0.02791589189985886,0.03806753060893172,0.030855552661989652,0.040227155835207376,0.025840019192362673,0.03132383255288551,0.013282496246981336,0.027973122647082346,0.011352839207489517,0.025288548144338875,0.022557291902402205,0.027843052858136163
brandenburg,2021.3506849315067,0.055331427704592435,0.05853293095053196,0.03028321629990475,0.05736683214963408,0.027114668052427793,0.06541032227748332,0.03189097717832465,0.039285235972925804,0.046269379044268207,0.05393636274679701,0.04594669304766488,0.04972016256586938,0.036782205881992124,0.04995959193921057,0.046654523016350945,0.0688727900740807,0.08004798069729602,0.08456352225487922,0.041684303047304194,0.027036627428381574,0.05667447335900759,0.054410055979878406,0.0406382753778772,0.06562899763349243,0.117110975869916,0.08264684310961262,0.054123757356098576,0.05514402874311522,0.08164165647273729,0.04368274276733994,0.1268786645233937,0.021943429291970015,0.067909524005294,0.07156482283829417,0.03435734776357123,0.0697944180973649,0.06605593788368815,0.07303847039799351,0.0787876573177233,0.037599189984796486,0.06660263478556433,0.0646605851810751,0.042053800437282025,0.06110989381410723,0.06031857041882238,0.06272902065613944,0.011758529351841764,0.04345375098672249,0.07370501021915227,0.060625727412038796,0.045655236449278075,0.06510834353574167,0.053613629169372616,0.04255340671710965,0.04809623591229002,0.03538243493079043,0.08003235666675251,0.07515268082251078,0.03633989500379043,0.053915541165227114,0.05690872906082314,0.06346311085062685,0.040029403288893,0.025527865050649138,0.026370685533807756,0.03986807940021081,0.0371620758745933,0.016065281410475443,0.02727595237994031,0.019540070832188793,0.029279041359514337,0.015425487712927255,0.029253026722375113,0.017225252659323315,0.004472192307027267,-0,0.022375213253533068,0.02270815755159101,0.007223301669917921,0.037599189984796486,0.01933719500735183
brandenburg,2021.3698630136987,0.01659064634880297,0.03191699313520967,0.04038327679772796,0.019113512323043688,0.031636021489628394,0.0261521752079434,0.018218791207616443,0.017459330712654434,0.02775460558749269,0.03594962382386245,0.041346033090963276,0.03615256447187598,0.01838524978438876,0.08177706908407655,0.03265064847841146,0.039347683170519544,0.05001684695268903,0.03480484525991087,0.03646998604800865,0.032447721496849546,0.06801886682341618,0.04896544675564446,0.04644633673126256,0.04175716147976913,0.04927774162446374,0.019061493232041562,0.09475227445082586,0.062041796674573144,0.0340035152602333,0.037443077380776374,0.04225676490953954,0.04024276791037024,0.020361986118910415,0.04227758182328256,0.05935546279687835,0.034882897543232226,0.04717499237562111,0.03174528806028686,0.05356157555414744,0.053275281601831606,0.03804671538051579,0.04001899528097141,0.025876437297627643,0.045020283087414396,0.053613629169372616,0.04427083991527267,0.03920717708139572,0.03950380149259468,0.027140681619807493,0.04278759881317492,0.05174493702493626,0.03846302153205649,0.05643501306567299,0.03723492797112964,0.027837850073342565,0.014151125347925895,0.027426831719842754,0.03977440769452316,0.021371191011945307,0.02803035345728778,0.03501298494245231,0.040789193493936525,0.030605805111140496,0.02042441059554951,0.0290136926713774,0.02657358880142324,0.021230733487564962,0.032140730901737524,0.013636187782350675,0.019540070832188793,0.0058555296725085965,0.00308369143235383,0.003655728500360734,0.008611913086085164,0.013422932303940196,-0,0.016783108100158758,0.011352839207489517,0.0036141255923162635,0.01879619667735517,0.019722139554030384
brandenburg,2021.3890410958904,0.011061576440359837,0.03191699313520967,0.010094179671830277,0.014338376636053524,0.0135529660281875,0.02179256586143909,0.022775787122620007,0.030553774522355855,0.00925162295626162,0.03594962382386245,0.050542555023258974,0.00903838545844986,0.027582914256286853,0.022702955280536542,0.03265064847841146,0.04918405296688435,0.014998962954432291,0.03480484525991087,0.026048122994539687,0.04867397323689687,0.03399831185903285,0.027197911513841405,0.03483086267467107,0.011924967249750274,0.030793115661827325,0.05084444918893198,-0,0.04135123722747422,0.04080480573784214,0.04992836195842812,0.02640710401072018,0.018286414940164444,0.04073194863973225,0.03252056698886141,0.04060184693272187,0.034882897543232226,0.02201105786842406,0.041273175234543165,0.04410429845495134,0.021933024903398612,0.022193135242206584,0.04309985658196719,0.03234365668528766,0.03858791402744222,0.02680250625897188,0.025819208857950006,0.03920717708139572,0.035548948459713604,0.02326480356130188,0.021386797426959762,0.024341696401347795,0.03254138000532251,0.028212451908818135,0.03989409934840773,0.01518101577706131,0.03302528498643982,0.02057006799913077,0.024300076940086512,0.021371191011945307,0.02155846830128243,0.017500944699110708,0.011326833536955195,0.030605805111140496,0.02042441059554951,0.026370685533807756,0.015940442997697955,0.010614283224455347,0.013391724258505185,0.0027248713922515093,0.01116559866991332,0.008783541790988263,0.024679855758947315,0.01096795661168318,0.017225252659323315,0.008949970167025532,0.013282496246981336,0.016783108100158758,0.00756655047989827,0.0036141255923162635,0.022557291902402205,0.01546710007179904
brandenburg,2021.4082191780822,0.005527893812761903,0.005319872116098456,0.010094179671830277,-0,0.022593707708681084,0.004357782593639265,0.004555399529410808,0.021823778949087637,-0,0.00898637644528638,0.01837484610772913,0.00903838545844986,0.013792228930400247,0.013620583693301576,0.023322029189798366,0.004914232201128649,0.01999784483209072,0.03480484525991087,0.015628348276951847,0.0054082812354987984,0.022661337130866044,0.016314959135153018,0.011607695467007982,0.02982014876263316,0.024633033562881032,0.006354788285470629,0.01352695925732107,0.020674109251490356,-0,0.012476296591617569,0.031693256331342824,0.007311714025544296,0.006786442825027931,0.022760180290731784,0.01561274359008081,0.02854023072854931,0.01572197649649416,0.009522071772275523,0.0031512954852158663,0.006266377556829031,0.019019877996702707,0.012309856929046825,0.00646920239273339,0.009641693812637063,0.013396925598107463,0.02213070864223053,0.007836990532066834,0.011846949418775633,0.019384012435137786,0.021386797426959762,0.012169423878127056,0.0029588841810546545,0.01410431263125295,0.0079774118831345,0.01265313931681946,0.004716613901673972,0.015997660566351175,0.013256489611384628,0.0042745756874694165,0.010780717459976748,0.008752336529780325,0.015857217555683697,0.007062079526054584,0.0076549634191316026,0.01845807557928742,0.002657267893771396,0.005309471053109519,0.0026780689608667365,0.0054550861242678925,0.00557989936695659,0.0029276824150337995,0.00308369143235383,0.007311714025544296,0.0043057782616826865,0.008949970167025532,0.006640824025636648,0.01118640314079471,0.015139403647124234,-0,0.003759735916092501,0.005028643138811854
brandenburg,2021.427397260274,0.011061576440359837,0.005319872116098456,-0,0.004779019599315969,0.004518996353235525,0.004357782593639265,-0,0.004362983029698865,0.01387545106749112,0.004492994100142433,0.004591802731076329,0.00903838545844986,0.004597003190534185,0.027244736019444875,-0,0.014749291548414057,0.03500257793853837,0.01491573901923189,0.026048122994539687,0.0054082812354987984,0.011332034670019296,0.010879538039362388,0.011607695467007982,0.005964742084499513,0.012315058160441395,-0,0.006760439438083146,-0,0.013599778248516077,0.03119895750298265,0.015841612800131105,0.003655728500360734,0.003395710871169003,0.006500406283859512,0.01873897602928555,0.015852015969977255,0.012575120393330197,0.02221914634764591,0.006297581326245275,0.006266377556829031,0.009511669868726874,0.0061571645113304525,0.016169313650069517,0.00642759723369247,0.003348907835987936,-0,-0,0.007899399974617293,0.0038741443136664456,0.007129688751332439,0.006084355941765483,0.005917936736990098,0.0028184763814001475,0.013292898904860724,0.010120184725916173,0.014151125347925895,0.011425655154183948,0.0066252220356052575,0.002137243920664269,0.00646920239273339,0.002189246083955761,0.0067968441834456396,0.004706212959348299,0.00255326268311309,0.005273067349034468,0.005314671584346822,0.007961809492070508,0.008034620690429147,0.0027248713922515093,-0,-0,-0,0.003655728500360734,-0,-0,-0,-0,-0,-0,0.01127482223489776,0.0015444229347952216
brandenburg,2021.4465753424658,0.011061576440359837,-0,-0,-0,0.0135529660281875,0.004357782593639265,0.004555399529410808,0.004362983029698865,-0,0.004492994100142433,-0,-0,-0,-0,0.004664609210849361,-0,0.014998962954432291,0.01491573901923189,0.005210661058478578,0.0054082812354987984,-0,-0,0.005803523842653571,0.005964742084499513,0.0369539275897547,-0,-0,0.0068904565028238135,0.0067968441834456396,0.012476296591617569,0.010562272635097854,0.007311714025544296,-0,0.003250101566730168,0.0031200936037415155,0.006339186381260658,0.006287180067692691,0.0031720967499333595,0.006297581326245275,0.0031304942288193816,0.006339186381260658,-0,-0,0.003213699304331398,0.013396925598107463,0.007374122837664597,0.011758529351841764,0.007899399974617293,0.0038741443136664456,-0,-0,0.0029588841810546545,-0,0.002657267893771396,-0,-0,0.0045710008984342744,0.002210046963827805,0.0064119953076371364,0.004310978692535646,0.004373383903372552,0.002267249426398356,0.002355653355952701,-0,-0,0.005314671584346822,-0,0.0053562758529402035,-0,0.0027924749786266065,-0,-0,-0,-0,0.004472192307027267,-0,-0,-0,-0,0.003759735916092501,7.748057723194122e-4
brandenburg,2021.4657534246576,-0,-0,-0,-0,-0,-0,0.004555399529410808,0.008726332159748081,0.004623005495636393,0.004492994100142433,-0,0.004518996353235525,-0,-0,-0,-0,-0,-0,0.005210661058478578,-0,-0,-0,0.005803523842653571,0.005964742084499513,-0,0.006354788285470629,-0,0.0068904565028238135,-0,0.012476296591617569,-0,-0,-0,-0,-0,-0,0.0031460951703395374,-0,0.0031512954852158663,0.006266377556829031,-0,-0,-0,0.003213699304331398,-0,-0,0.0039209478215878266,0.0039469497886402685,0.0038741443136664456,-0,0.012169423878127056,0.008871956799435624,-0,0.0079774118831345,0.005059846165506341,0.004716613901673972,-0,0.002210046963827805,0.002137243920664269,0.002158044779740347,0.002189246083955761,0.0067968441834456396,0.002355653355952701,-0,0.002636466834996906,-0,-0,-0,-0,-0,-0,-0,-0,-0,-0,-0,-0,-0,-0,-0,3.8480142376654273e-4
brandenburg,2021.4849315068493,-0,-0,-0,-0,-0,-0,-0,-0,-0,0.004492994100142433,-0,0.004518996353235525,0.004597003190534185,-0,0.004664609210849361,-0,-0,-0,0.01041664326165472,0.010811923938442575,0.005663108361845575,-0,-0,-0,-0,-0,-0,-0,-0,0.012476296591617569,0.005278267876625255,-0,0.003395710871169003,-0,-0,0.006339186381260658,0.006287180067692691,-0,-0,-0,-0,0.0061571645113304525,0.0032345005940119563,-0,0.006698031362482135,-0,-0,0.007899399974617293,-0,-0,0.006084355941765483,-0,-0,-0,-0,-0,-0,-0,0.002137243920664269,-0,-0,-0,-0,-0,-0,-0,-0,-0,-0,0.0027924749786266065,-0,-0,-0,-0,-0,-0,0.005595501043354282,-0,-0,-0,3.8480142376654273e-4
brandenburg,2021.504109589041,-0,-0,0.010094179671830277,-0,-0,-0,-0,-0,-0,0.004492994100142433,0.013776624794526468,-0,0.004597003190534185,0.004539798165073934,0.013989881723461418,-0,0.004997440130846761,-0,-0,-0,-0,-0,0.005803523842653571,-0,-0,-0,-0,-0,-0,-0,0.005278267876625255,-0,0.003395710871169003,-0,-0,-0,-0,0.006349587650215769,-0,-0,0.0031720967499333595,-0,-0,0.00642759723369247,-0,0.0036869307032371557,-0,-0,-0,-0,0.003042088981968304,-0,-0,-0,0.002532461665942752,-0,0.0022828501089257784,0.002210046963827805,-0,-0,-0,-0,-0,-0,-0,-0,0.002652067628300581,-0,-0,-0,-0,-0,-0,-0,-0,-0,-0,-0,0.0036141255923162635,-0,-0
brandenburg,2021.5232876712328,-0,-0,0.005044244649821531,-0,0.004518996353235525,-0,-0,0.004362983029698865,-0,-0,-0,-0,0.004597003190534185,-0,-0,-0,-0,-0,0.005210661058478578,-0,0.011332034670019296,0.010879538039362388,0.005803523842653571,-0,-0,-0,0.006760439438083146,-0,-0,0.006240374429955163,-0,-0,-0,-0,0.0031200936037415155,0.006339186381260658,0.006287180067692691,0.0031720967499333595,-0,-0,0.0031720967499333595,-0,0.0032345005940119563,-0,-0,-0,0.007836990532066834,0.0039469497886402685,-0,-0,0.003042088981968304,0.0029588841810546545,0.0028184763814001475,0.002657267893771396,-0,0.002355653355952701,0.0022828501089257784,-0,-0,0.002158044779740347,0.002189246083955761,-0,0.002355653355952701,0.00255326268311309,-0,0.002657267893771396,0.002652067628300581,-0,-0,-0,-0,-0,-0,-0,0.008949970167025532,-0,-0,-0,-0,-0,7.748057723194122e-4
brandenburg,2021.5424657534247,-0,-0,-0,0.009558478451078909,-0,-0,-0,-0,-0,0.00898637644528638,0.00918401097203835,0.004518996353235525,0.013792228930400247,0.004539798165073934,0.004664609210849361,0.009834129846287232,0.010000561584818924,0.01491573901923189,0.02083537360402634,0.027036627428381574,0.022661337130866044,0.03264024194727222,0.03483086267467107,0.005964742084499513,0.0061571645113304525,0.012705151997512511,-0,0.0068904565028238135,0.0067968441834456396,0.012476296591617569,0.005278267876625255,0.003655728500360734,-0,0.003250101566730168,0.0031200936037415155,0.0031720967499333595,0.006287180067692691,0.01269474945721187,0.0031512954852158663,0.006266377556829031,0.006339186381260658,-0,0.0032345005940119563,0.003213699304331398,0.006698031362482135,0.0036869307032371557,-0,-0,0.0038741443136664456,0.003562122004072948,0.003042088981968304,0.0029588841810546545,-0,-0,0.005059846165506341,-0,0.0045710008984342744,0.002210046963827805,-0,-0,-0,-0,0.002355653355952701,0.005106650740657798,0.002636466834996906,-0,-0,-0,-0,-0,0.0029276824150337995,-0,0.003655728500360734,-0,-0,-0,-0,-0,-0,-0,3.8480142376654273e-4
brandenburg,2021.5616438356165,0.005527893812761903,-0,0.010094179671830277,-0,0.004518996353235525,0.004357782593639265,0.004555399529410808,-0,-0,-0,-0,-0,-0,0.004539798165073934,0.004664609210849361,-0,0.004997440130846761,0.024856739991218204,0.015628348276951847,0.010811923938442575,0.016996377359348447,0.005439484489999141,0.005803523842653571,0.005964742084499513,0.0061571645113304525,0.019061493232041562,0.01352695925732107,0.0068904565028238135,-0,0.012476296591617569,-0,0.014629657757849308,0.003395710871169003,0.013006826571470939,-0,0.0031720967499333595,0.006287180067692691,-0,-0,-0,0.0031720967499333595,-0,-0,-0,0.006698031362482135,-0,0.007836990532066834,0.0039469497886402685,0.0038741443136664456,-0,-0,-0,0.0028184763814001475,0.005319872116098456,-0,0.002355653355952701,0.0022828501089257784,-0,0.002137243920664269,-0,-0,0.002267249426398356,-0,-0,-0,-0,-0,-0,-0,0.00557989936695659,-0,-0,-0,-0,-0,-0,-0,-0,-0,-0,-0
brandenburg,2021.5808219178082,-0,0.015956047782908676,-0,0.004779019599315969,-0,0.00871593041537525,-0,0.008726332159748081,0.00925162295626162,0.00898637644528638,0.013776624794526468,0.00903838545844986,-0,0.013620583693301576,0.009329636893456644,0.009834129846287232,-0,0.024856739991218204,0.02083537360402634,0.021626096377077162,0.011332034670019296,0.005439484489999141,0.005803523842653571,0.011924967249750274,0.0061571645113304525,0.006354788285470629,0.006760439438083146,0.0068904565028238135,0.020398400387839855,0.006240374429955163,0.015841612800131105,0.007311714025544296,0.003395710871169003,0.006500406283859512,0.0031200936037415155,0.019025079899295843,0.012575120393330197,0.006349587650215769,-0,0.009397249067027562,0.0031720967499333595,0.0061571645113304525,0.0032345005940119563,0.00642759723369247,0.006698031362482135,0.007374122837664597,0.0039209478215878266,0.011846949418775633,0.0038741443136664456,0.003562122004072948,-0,0.008871956799435624,0.0028184763814001475,0.005319872116098456,-0,-0,0.0022828501089257784,0.004420187860645602,0.002137243920664269,-0,0.004373383903372552,-0,-0,-0,0.005273067349034468,-0,-0,-0,0.0027248713922515093,-0,0.0029276824150337995,-0,-0,-0,0.004472192307027267,-0,-0,-0,-0,-0,-0
brandenburg,2021.6,0.005527893812761903,0.005319872116098456,0.015139403647124234,0.014338376636053524,0.018073140390041906,0.00871593041537525,0.013662194607839885,0.008726332159748081,0.00925162295626162,0.01348014710254662,-0,0.022593707708681084,0.01838524978438876,0.013620583693301576,0.037318187635001415,0.019670119854168545,0.01999784483209072,0.01988340095430464,0.02083537360402634,0.032447721496849546,0.016996377359348447,0.02175615061619851,0.005803523842653571,0.005964742084499513,0.0061571645113304525,0.012705151997512511,0.01352695925732107,0.020674109251490356,0.0067968441834456396,0.006240374429955163,0.015841612800131105,0.003655728500360734,0.006786442825027931,0.009750914176774251,0.0031200936037415155,0.009511669868726874,0.006287180067692691,0.0031720967499333595,0.015747984365178467,0.009397249067027562,0.006339186381260658,0.021542861834745457,0.00646920239273339,0.003213699304331398,0.003348907835987936,-0,0.007836990532066834,0.0039469497886402685,0.007753778058520413,0.007129688751332439,0.003042088981968304,0.014790903366165726,0.0028184763814001475,0.0079774118831345,0.005059846165506341,0.007072480939606985,0.0022828501089257784,0.002210046963827805,0.002137243920664269,-0,0.002189246083955761,0.004529397258114548,-0,-0,0.005273067349034468,0.002657267893771396,0.002652067628300581,-0,0.0027248713922515093,-0,0.0029276824150337995,0.00308369143235383,-0,0.0043057782616826865,0.004472192307027267,0.006640824025636648,-0,-0,-0,-0,7.748057723194122e-4
brandenburg,2021.6191780821919,0.005527893812761903,-0,0.005044244649821531,0.014338376636053524,0.018073140390041906,0.0392384006239477,0.022775787122620007,0.013090047451586399,0.023129543235192472,0.022468853621892812,0.027562103224358234,0.018073140390041906,0.036782205881992124,0.022702955280536542,0.023322029189798366,0.04918405296688435,0.05001684695268903,0.03480484525991087,0.02083537360402634,0.021626096377077162,0.03399831185903285,0.04896544675564446,0.029024098476770753,0.02385787222141106,0.018473681120032222,0.031771303944288475,0.027057438250009416,0.03445621315808642,0.04080480573784214,0.012476296591617569,0.005278267876625255,0.02560590341040424,0.010182596908770295,0.0162577412173633,0.01561274359008081,0.019025079899295843,0.006287180067692691,0.02221914634764591,0.006297581326245275,0.01879619667735517,0.006339186381260658,0.021542861834745457,0.009698904450954024,0.009641693812637063,-0,0.025819208857950006,0.011758529351841764,0.011846949418775633,0.007753778058520413,0.014260355184055929,0.015212224896366868,0.005917936736990098,0.019748149423473204,0.010635087474764283,0.007592554269948531,0.002355653355952701,0.0022828501089257784,0.002210046963827805,0.0042745756874694165,0.002158044779740347,0.008752336529780325,-0,0.004706212959348299,0.00255326268311309,-0,0.002657267893771396,-0,-0,-0,-0,-0,-0,0.01096795661168318,-0,-0,0.006640824025636648,-0,-0,0.0036141255923162635,0.003759735916092501,0.001159612929733815
brandenburg,2021.6383561643836,0.005527893812761903,0.010635087474764283,0.03028321629990475,0.004779019599315969,0.022593707708681084,0.01307444352642146,0.013662194607839885,0.030553774522355855,0.046269379044268207,0.04494221558635023,0.0827301755164763,0.004518996353235525,0.050578990433010104,0.022702955280536542,0.037318187635001415,0.029507970727501363,0.05501909647732756,0.029830554729414812,0.041684303047304194,0.027036627428381574,0.03399831185903285,0.0435214075442208,0.029024098476770753,0.02982014876263316,0.0369539275897547,0.019061493232041562,0.01352695925732107,0.027562103224358234,0.027197911513841405,0.012476296591617569,0.010562272635097854,0.029263432575667894,0.020361986118910415,0.006500406283859512,0.01873897602928555,0.006339186381260658,0.01886382116080424,0.019045887514883748,0.015747984365178467,0.01879619667735517,0.019019877996702707,0.015389076926233536,0.01293400841061952,0.016075684625069052,0.023452087670595173,0.007374122837664597,0.015680363933660242,0.011846949418775633,0.015508712463970627,0.007129688751332439,0.00912680090020644,0.008871956799435624,0.005642306100639183,0.013292898904860724,-0,-0,0.006854051691929893,0.011045973123877359,0.002137243920664269,0.004310978692535646,0.006562814122280046,0.002267249426398356,0.007062079526054584,0.0076549634191316026,0.002636466834996906,-0,-0,0.0026780689608667365,0.0027248713922515093,0.0027924749786266065,-0,-0,-0,0.017225252659323315,-0,-0,0.005595501043354282,-0,0.0036141255923162635,-0,0.0030940920501508267
brandenburg,2021.6575342465753,0.01659064634880297,0.03191699313520967,0.015139403647124234,0.014338376636053524,0.054243482043374744,0.030517353141185876,0.013662194607839885,0.04365151655605729,0.08331350610376774,0.017974306139032236,0.059735497727853276,0.03615256447187598,0.050578990433010104,0.04541582689409289,0.037318187635001415,0.029507970727501363,0.025002409810761222,0.04475485406198026,0.031261394990446154,0.032447721496849546,0.016996377359348447,0.02175615061619851,0.04644633673126256,0.011924967249750274,0.024633033562881032,0.006354788285470629,0.047357157882094554,0.062041796674573144,0.020398400387839855,0.03119895750298265,0.02640710401072018,0.014629657757849308,0.02375902697499953,0.02601170476904057,0.024981599811556003,0.012684346918992246,0.0031460951703395374,0.03174528806028686,0.025200105218565173,0.021933024903398612,0.022193135242206584,0.018468479272598842,0.016169313650069517,0.025720359883225498,0.016746696362837068,0.014754493023809816,0.0039209478215878266,0.015794798561581988,0.0038741443136664456,0.003562122004072948,0.015212224896366868,0.005917936736990098,0.01692355361152795,0.013292898904860724,0.007592554269948531,0.007072480939606985,0.009142403640825391,0.002210046963827805,0.010687098136945756,0.004310978692535646,0.008752336529780325,0.0067968441834456396,0.002355653355952701,0.015316255429325545,-0,-0,-0,0.0026780689608667365,0.0027248713922515093,-0,0.0029276824150337995,0.00308369143235383,-0,0.0043057782616826865,-0,-0,-0,-0,-0,-0,0.004253773981728947
brandenburg,2021.676712328767,0.01659064634880297,0.010635087474764283,0.04038327679772796,0.023894288938503202,0.0135529660281875,0.0392384006239477,0.036443967813130876,0.07423095782738513,0.046269379044268207,0.0629320658433527,0.0827301755164763,0.04067470384854662,0.0781939618468384,0.040872458848916056,0.046654523016350945,0.029507970727501363,0.05001684695268903,0.029830554729414812,0.02083537360402634,0.03785417491261456,0.03966512425114968,0.04896544675564446,0.03483086267467107,0.017891077441780787,0.04927774162446374,0.044484221940807325,0.02028915765754561,0.020674109251490356,0.04761219066326474,0.04368274276733994,0.010562272635097854,0.029263432575667894,0.020361986118910415,0.05529498896474801,0.01873897602928555,0.019025079899295843,0.0094336556584391,0.02221914634764591,0.034648741044737995,0.021933024903398612,0.03804671538051579,0.030782709502421277,0.025876437297627643,0.019290377621711437,0.016746696362837068,0.029507970727501363,0.02351971820916393,0.019748149423473204,0.031022051695619782,0.039217584926829904,0.015212224896366868,0.014790903366165726,0.011280023362759599,0.015956047782908676,0.007592554269948531,0.011789736417122243,0.018281213111458527,0.008835550601276452,0.012819580078166842,0.01293400841061952,0.004373383903372552,0.015857217555683697,0.007062079526054584,0.00255326268311309,-0,0.005314671584346822,0.002652067628300581,0.008034620690429147,0.0027248713922515093,0.008372674018343875,0.011711718789039807,0.006167565743876809,0.003655728500360734,0.0043057782616826865,0.004472192307027267,-0,-0,0.003785737802527224,-0,0.003759735916092501,0.01082752718469552
brandenburg,2021.695890410959,0.022125506428951627,0.010635087474764283,0.020190319194557754,0.019113512323043688,0.018073140390041906,0.017433321988024122,0.03189097717832465,0.052390382987264866,0.05552403289653654,0.07192932541444658,0.059735497727853276,0.09043379165152433,0.0689873418207829,0.06359326976815236,0.14008411875692775,0.07379874306671984,0.07003393991888583,0.04972536754052117,0.031261394990446154,0.032447721496849546,0.022661337130866044,0.0435214075442208,0.06386920775079608,0.02982014876263316,0.06776894071984013,0.06356203159823741,0.02028915765754561,0.05514402874311522,0.061219222335250546,0.05617473138884007,0.015841612800131105,0.04756014305531625,0.027151087050402017,0.022760180290731784,0.043729582119420046,0.02536658614494264,0.034591502949925225,0.02856624500909225,0.03780213707069442,0.015664759231185592,0.041221133971023824,0.018468479272598842,0.03234365668528766,0.028935649197254994,0.04690955235147974,0.029507970727501363,0.015680363933660242,0.027650550167573017,0.0038741443136664456,0.024955587324263617,0.03956104499479871,0.017750629317229673,0.022567696415880453,0.01861413119750858,0.007592554269948531,0.0094336556584391,0.006854051691929893,0.01988340095430464,0.0042745756874694165,0.008622314809651059,0.017500944699110708,0.018125158492343005,0.011768931704854315,0.005106650740657798,0.002636466834996906,0.002657267893771396,-0,-0,0.010910744577132949,0.008372674018343875,0.0029276824150337995,0.00308369143235383,0.007311714025544296,0.0043057782616826865,0.004472192307027267,-0,-0,0.011352839207489517,-0,-0,0.008507895964869762
brandenburg,2021.7150684931507,-0,0.015956047782908676,0.015139403647124234,0.023894288938503202,0.027114668052427793,0.01307444352642146,0.036443967813130876,0.021823778949087637,0.018499690365016214,0.08542813433935141,0.06433257860051632,0.04972016256586938,0.04138246205745415,0.08177706908407655,0.05132331939158956,0.06395251007103266,0.025002409810761222,0.05470156165273032,0.02083537360402634,0.016221329847915026,0.03399831185903285,0.05985523533630039,0.07549117076978722,0.02982014876263316,0.04927774162446374,0.031771303944288475,0.03382139652792902,0.027562103224358234,0.013599778248516077,0.04368274276733994,0.058116464091179994,0.032921219019025824,0.027151087050402017,0.02601170476904057,0.024981599811556003,0.03171406901667513,0.03144350475711054,0.034919321982213494,0.050407223724835054,0.04073715271478626,0.0285350278740059,0.02770257785150514,0.03881688438138674,0.03858791402744222,0.02009668292923525,0.029507970727501363,0.027442439952402576,0.027650550167573017,0.027140681619807493,0.010692299206028544,0.012169423878127056,0.02070532166778468,0.01410431263125295,0.013292898904860724,0.017714216902418683,0.01886902304778601,0.011425655154183948,0.004420187860645602,0.010687098136945756,0.008622314809651059,0.015316255429325545,0.0067968441834456396,0.007062079526054584,0.015316255429325545,0.013183671100922938,0.002657267893771396,0.01326689226406136,0.0026780689608667365,0.0027248713922515093,0.0027924749786266065,0.0029276824150337995,0.00308369143235383,-0,0.0043057782616826865,0.004472192307027267,0.006640824025636648,0.016783108100158758,0.003785737802527224,0.014452808310744417,0.01127482223489776,0.009667698640431205
brandenburg,2021.7342465753425,0.01659064634880297,0.010635087474764283,0.020190319194557754,0.009558478451078909,0.0135529660281875,0.004357782593639265,0.04100256123298812,0.030553774522355855,0.060157183573205764,0.07192932541444658,0.03215634054928352,0.05876719502470804,0.04598312523732999,0.03178691348093245,0.03265064847841146,0.029507970727501363,0.03500257793853837,0.029830554729414812,0.031261394990446154,0.05408731946251298,0.04533775879919775,0.03264024194727222,0.017412515017688462,0.02982014876263316,0.04927774162446374,0.019061493232041562,0.02028915765754561,0.04135123722747422,0.0340035152602333,0.018718168536506805,0.02640710401072018,0.021943429291970015,0.03733900257180066,0.02601170476904057,0.03123017623734026,0.02536658614494264,0.012575120393330197,0.02221914634764591,0.015747984365178467,0.021933024903398612,0.019019877996702707,0.03693831650198205,0.022640528068518795,0.019290377621711437,0.04355783803472377,0.018442470043220166,0.011758529351841764,0.027650550167573017,0.0348985080139588,0.024955587324263617,0.03042890132168197,0.011831345866629425,0.005642306100639183,0.0079774118831345,0.022775787122620007,0.0094336556584391,0.015997660566351175,0.008835550601276452,0.010687098136945756,0.017246059554729052,0.017500944699110708,0.011326833536955195,0.004706212959348299,0.005106650740657798,0.005273067349034468,-0,0.002652067628300581,0.0053562758529402035,-0,-0,0.011711718789039807,-0,0.007311714025544296,0.012918404532277994,-0,0.006640824025636648,0.01118640314079471,0.003785737802527224,0.014452808310744417,0.007519743690575015,0.010052571612347957
brandenburg,2021.7534246575342,0.005527893812761903,0.02659960209812348,0.010094179671830277,0.014338376636053524,0.027114668052427793,0.0261521752079434,0.036443967813130876,0.034919321982213494,0.06478554061313492,0.05843401976941885,0.0367509838142395,0.04972016256586938,0.10121243571269524,0.040872458848916056,0.037318187635001415,0.039347683170519544,0.025002409810761222,0.01491573901923189,0.03646998604800865,0.027036627428381574,0.03399831185903285,0.02175615061619851,0.017412515017688462,0.035788312591700434,0.030793115661827325,0.03812997634419002,0.054123757356098576,0.027562103224358234,0.05441526142399516,0.037443077380776374,0.04754452878309316,0.05488375352810062,0.04073194863973225,0.02601170476904057,0.028108395572714745,0.02536658614494264,0.04717499237562111,0.019045887514883748,0.040955724337225025,0.05014176720091785,0.047565347813769705,0.024622628636147927,0.02910734499492751,0.025720359883225498,0.013396925598107463,0.02213070864223053,0.02351971820916393,0.02369659849512521,0.01162850011476689,0.02851941931348755,0.024341696401347795,0.026625615407831257,0.02538739629821702,0.010635087474764283,0.01518101577706131,0.016507419866139544,0.02057006799913077,0.01988340095430464,0.010687098136945756,0.010780717459976748,0.008752336529780325,0.009059189078280308,0.00941805283042896,0.0076549634191316026,0.002636466834996906,0.013287697575658008,0.007961809492070508,0.0053562758529402035,0.016366975478689656,0.008372674018343875,-0,0.006167565743876809,0.007311714025544296,0.017225252659323315,0.008949970167025532,-0,-0,0.011352839207489517,0.014452808310744417,0.003759735916092501,0.011602494306371725
brandenburg,2021.772602739726,0.011061576440359837,0.005319872116098456,0.020190319194557754,0.023894288938503202,0.00903838545844986,0.00871593041537525,0.05012094713870531,0.061125512160200804,0.08794392476616579,0.12594038638404215,0.11953969610858738,0.09948791091495326,0.096606883779352,0.04995959193921057,0.046654523016350945,0.03442499248688489,0.01999784483209072,0.03977961167374313,0.04689393827461118,0.010811923938442575,0.028332116952747597,0.03264024194727222,0.04644633673126256,0.04175716147976913,0.0369539275897547,0.019061493232041562,0.027057438250009416,0.03445621315808642,0.05441526142399516,0.10615187458468843,0.03697474238074577,0.03657926277666397,0.047523709760751855,0.03252056698886141,0.043729582119420046,0.04440615524452598,0.040882867027663215,0.047622600191105875,0.015747984365178467,0.02506483985834492,0.06660263478556433,0.024622628636147927,0.025876437297627643,0.045020283087414396,0.023452087670595173,0.01106677754689829,0.015680363933660242,0.019748149423473204,0.027140681619807493,0.03565301968605816,0.027385209789246325,0.02958601506058414,0.019748149423473204,0.010635087474764283,0.017714216902418683,0.0212255313643211,0.02971088623715266,0.017672602745281225,0.0064119953076371364,0.015092590040751079,0.010936750039578199,0.011326833536955195,0.01412511827790605,0.005106650740657798,0.013183671100922938,0.015940442997697955,0.007961809492070508,0.013391724258505185,0.008180243393012761,0.008372674018343875,0.0058555296725085965,0.012341064325200612,0.01096795661168318,0.017225252659323315,0.008949970167025532,0.006640824025636648,0.005595501043354282,0.00756655047989827,0.0036141255923162635,0.007519743690575015,0.011602494306371725
brandenburg,2021.7917808219179,0.03872321456927305,0.02127755262020775,0.020190319194557754,0.028675505129473783,0.031636021489628394,-0,0.05468073976476109,0.05675776415430596,0.05089650008429897,0.07192932541444658,0.09652873879305231,0.13570973385209084,0.07359044807935826,0.09996722928896347,0.06532701762184202,0.03442499248688489,0.04500987408050042,0.03977961167374313,0.06253638877551028,0.04867397323689687,0.051005807134158546,0.05985523533630039,0.04644633673126256,0.05966261410117793,0.024633033562881032,0.025413409001518537,0.04058623474975733,0.03445621315808642,0.05441526142399516,0.06866451481750112,0.05282762512651966,0.04024276791037024,0.03733900257180066,0.04227758182328256,0.03435734776357123,0.02219833746225125,0.06605593788368815,0.03174528806028686,0.05671611873998044,0.04700844161387242,0.041221133971023824,0.058496489967176095,0.03234365668528766,0.06110989381410723,0.04355783803472377,0.05165124392210303,0.011758529351841764,0.047404000544047385,0.019384012435137786,0.046352653174895925,0.027385209789246325,0.023665384283293667,0.028212451908818135,0.03191178994279369,0.030371667871593303,0.030663038818931464,0.02971088623715266,0.03313975779114117,0.008549502788384242,0.008622314809651059,0.026256227629550655,0.009059189078280308,0.00941805283042896,0.005106650740657798,0.015820806466682606,0.010629886411403843,0.029195794566489568,0.018744177903784062,0.019092704680395946,0.016746696362837068,0.011711718789039807,0.015425487712927255,0.003655728500360734,0.008611913086085164,0.008949970167025532,0.006640824025636648,-0,0.011352839207489517,0.018062736775831804,0.01503537346797201,0.01624213634162231
brandenburg,2021.8109589041096,0.011061576440359837,0.08515729045330975,0.0454366450725269,0.03823925656133371,0.04519723652373852,0.06977359016502424,0.0637963183300526,0.07423095782738513,0.09257475578792349,0.11243105805195515,0.09192881085051241,0.1311793226317954,0.09200173971581951,0.09541909266102502,0.05132331939158956,0.04918405296688435,0.07003393991888583,0.08456352225487922,0.06775332037824695,0.07574113399134635,0.06234896384685358,0.05985523533630039,0.07549117076978722,0.04175716147976913,0.04927774162446374,0.0699245928634981,0.0676648051978688,0.06894047971208289,0.08164165647273729,0.04992836195842812,0.06340063468593267,0.06586329367825826,0.064509597767947,0.0813343753165378,0.07186163188568351,0.04440615524452598,0.09124120086320534,0.07303847039799351,0.06302057296795063,0.07523079369170049,0.07929803252662954,0.10164487839212298,0.06470744343290934,0.05145865307419943,0.05696599172621979,0.05534704431519787,0.05882445973669459,0.06717016431640725,0.05430074177386138,0.039217584926829904,0.060880825277060076,0.07102848797908111,0.04796611577887593,0.029253026722375113,0.03290040585053352,0.03538243493079043,0.057153397253861773,0.026511156942443794,0.03206268273431162,0.03665731772344312,0.030637023489394902,0.027187506073877092,0.035319992494909205,0.02042441059554951,0.02109547845229292,0.02391509850257945,0.018577718178029532,0.010713103487550278,0.016366975478689656,0.030709866444887865,0.014640060685233372,0.01851009406665356,0.02193822709742698,0.025840019192362673,0.022370011015787467,0.006640824025636648,0.027973122647082346,0.03028321629990475,0.014452808310744417,0.01503537346797201,0.02320237567476316
brandenburg,2021.8301369863013,0.044260431058376036,0.037240131696213506,0.06563941076862138,0.03823925656133371,0.06781059498701483,0.05232271488947558,0.13223759970242216,0.10482839241565578,0.1482029930352075,0.11243105805195515,0.16098614051183427,0.19463058699960067,0.1472851890416901,0.10451576375066923,0.11671488633203007,0.11812727203870041,0.11510450072783751,0.11444264149368331,0.08861586454402241,0.11365050608341157,0.10206169401694025,0.09798225476040598,0.09292898706347964,0.10743891514151181,0.08010006083299655,0.1208322801682163,0.03382139652792902,0.09653915811777417,0.05441526142399516,0.09365308497278944,0.09513256816360598,0.05488375352810062,0.10189496736608675,0.0813343753165378,0.10626129784644084,0.12061337254332412,0.10383840809104615,0.11436968114873111,0.09140268420996159,0.0626821641870615,0.10152504451834261,0.10780888006248769,0.10681362830119205,0.12229168788533279,0.05696599172621979,0.12183822467280431,0.08237601370960206,0.07903242847646869,0.08923572366632242,0.12132221962040059,0.060880825277060076,0.09176732586989098,0.06208344635431234,0.06916958375606083,0.07849601659025258,0.06134937563631713,0.06630585575422379,0.04640469957426246,0.07055985039765227,0.05607582469324221,0.03938931467724504,0.06119839783731058,0.056523509132578094,0.03574668396785748,0.04220472266164121,0.03986807940021081,0.0371620758745933,0.026781695539369616,0.05183863029659091,0.041882061887204544,0.046852300759208605,0.027765011140936866,0.04388571359774255,0.017225252659323315,0.03579871975286834,0.019925016880720882,0.005595501043354282,0.03028321629990475,0.03974838780622368,0.022557291902402205,0.06073505491523971
brandenburg,2021.849315068493,0.01659064634880297,0.08515729045330975,0.08079793968392537,0.07650665383205514,0.10401556179613322,0.13527700779069712,0.3106118452308241,0.4161947234619627,0.40391466786665753,0.4149576765686333,0.465915864517372,0.5952265176591673,0.27187911534369785,0.25483581670801464,0.27586243934830346,0.2562780874403729,0.24050934294509196,0.18422916479354845,0.19306476071646722,0.09198090288672349,0.11341078327193048,0.08708447956607135,0.1103726529618697,0.11938854926437084,0.17267678745667636,0.14631004004789444,0.10153025468102847,0.10344241963843645,0.09526280637580314,0.14992913420075943,0.1268786645233937,0.153814465187584,0.16312479514990438,0.1367159662062694,0.1688735174835657,0.18738642627262256,0.19842008173330478,0.15891538069046132,0.17664730158510134,0.14743120222981415,0.13329068496456936,0.15099822317301786,0.15219249977196608,0.17387156205364424,0.13414046733317656,0.17730995304283442,0.13736246773364885,0.142347055842656,0.10088940858783049,0.1320394969374147,0.09744043760706088,0.1480882666501112,0.11576115679701553,0.09846155925592508,0.10891357971580028,0.10622482340027432,0.09834173271786294,0.09727372577256954,0.09410109304495327,0.06039145496489793,0.09196006606597695,0.07253857113890902,0.08008964480168246,0.06384838219158666,0.07651706914569108,0.06380152471385736,0.05840799054249777,0.061620095546037056,0.03819242215443822,0.05026148272040899,0.06736802010437007,0.04319873859965675,0.025595498289003194,0.021532457526321044,0.04475485406198026,0.033217807575201076,0.03916554572049035,0.07574113399134635,0.05782493927422557,0.06769604583256325,0.07235111015572843
brandenburg,2021.868493150685,0.027655752933626626,0.08515729045330975,0.1414814968481565,0.15312603638789887,0.15383532680864084,0.21835862518421745,0.4069123481523527,0.6410074868253893,0.7640368124514112,0.728360920586416,0.7819710411379431,0.9298975733391854,0.6614272167493419,0.43304979834759444,0.42139483564613966,0.4691637357264331,0.33098595031092787,0.204183148500246,0.22444247333256132,0.16785622904779715,0.1702142818728424,0.168857866741509,0.20349927293968748,0.17918838102359,0.19739177555802095,0.1717950718435523,0.23041734829090976,0.16560783136436583,0.18387952944444858,0.25012258770882667,0.24346104696974208,0.20151556265431153,0.23465344913981762,0.2901306795978761,0.2597898704162557,0.26062081804983667,0.34377747444071505,0.356645446910752,0.23039123283316748,0.3110303392459096,0.3593995438722869,0.2931479544627208,0.2983305457193927,0.2836417786297125,0.26189600879584485,0.20321737265468787,0.16881091454361347,0.27714323171046157,0.20196972122442025,0.2214448488948662,0.20117103121255528,0.19260024132114367,0.15251584575296684,0.1544298865270456,0.15203082753544492,0.1558745906619302,0.12353221664974656,0.141549281068721,0.162644894259871,0.1554312656299073,0.12045179845892331,0.10884583802388555,0.14613795682961114,0.12265133393467888,0.11614160418650671,0.1063759319866756,0.0796625893142174,0.08038650251174338,0.09553370290204873,0.07261668008135587,0.0878866279775669,0.07407994262316682,0.06584767390909986,0.0430738350296186,0.05818934555078372,0.04650879252926853,0.0783554046810794,0.06437423011511077,0.04697721340543084,0.07899076521914389,0.09674754505063159
brandenburg,2021.8876712328768,0.11626147174888668,0.11180049998751249,0.16678679343237435,0.21066214105400502,0.2990313595605943,0.3893165483397269,0.7153531966882457,1.0312194725439645,1.003936772768505,1.0115925132367476,1.160972243916135,1.3037862425714835,0.777932925096725,0.722233650536509,0.6192222958673516,0.6530382551487063,0.5275655785839717,0.44425633497929545,0.3344085784654737,0.2981841081992854,0.3923238659317602,0.3273176035918729,0.2617914837876305,0.21510027304493712,0.364525903639891,0.2100512748956839,0.25759497826362465,0.29708583994299637,0.24531574317677673,0.3442276426699555,0.37093587342301654,0.33015911062783826,0.40193901852060104,0.4308895270710991,0.42006330577893536,0.4809396257199028,0.3785984999069602,0.4333906260416014,0.5349308413363499,0.4814697084443983,0.4936211059482564,0.5226489795431415,0.46771030139996744,0.4519822281788666,0.3393754533052224,0.3626564779488279,0.3579020510047057,0.37250706502088554,0.33055682934067654,0.2715759351991043,0.35103298600168703,0.2728095757899592,0.3083206501955925,0.2718895698629707,0.22821324981647442,0.17006820469713596,0.2542453333482417,0.26350572045496523,0.21840562214141399,0.17272896044666075,0.19066391865481394,0.1656234811282651,0.18392127682522816,0.17128378798127886,0.12671185828347786,0.13566802515923607,0.10624566593780976,0.11794485844323217,0.14200291620378647,0.13694015534169282,0.1142810865817732,0.12043095022653709,0.10246288221133121,0.12070197789952758,0.10299433107881863,0.11301993323171615,0.12318298917270419,0.1174445272945704,0.10847586572521294,0.10534944436744323,0.1203840417342322
brandenburg,2021.9068493150685,0.0940958836265823,0.1757916066836596,0.18704198843191103,0.2922851110204659,0.32630244351242693,0.49040320246747293,0.7199716997414932,0.7692771054539479,0.9850832212554761,1.0436645004835858,1.0999536380477437,1.188103392957115,0.8432886294597043,0.8743526623332616,0.7042356747337049,0.7377430540614255,0.5679822972884493,0.5245241660051515,0.43409850608256656,0.4015879162797568,0.3637980240227887,0.39303118714462143,0.4721756748043282,0.3469863168178173,0.44518464028808424,0.38254286200000204,0.3664372907084244,0.4288971234122951,0.42320870678021566,0.5392548731438545,0.5147235181346498,0.5773145041089277,0.5629041774180589,0.6246427395268733,0.6282163313245653,0.5097451183628035,0.6261689858011882,0.5968465811994527,0.659157376701711,0.636611817235596,0.5897039530720837,0.6222061012553244,0.5428068377549311,0.6241164580948333,0.5386558971018793,0.4555754480508036,0.5001730159311633,0.5039165850810488,0.45554397351415676,0.4977842031267856,0.4337943786620531,0.39187328113879133,0.35941001600221795,0.3093197662113339,0.3630806274633501,0.3549333727046054,0.3277728622291466,0.3390352412635357,0.3365543776713127,0.2701436942777549,0.28956071145846984,0.2770909538536511,0.26666257241678326,0.25072869965244426,0.2272470275701678,0.1889677383673544,0.15679254627290581,0.15284440905127483,0.14473523910907182,0.15093564174946922,0.155368678871017,0.13898397063495715,0.13910389086394123,0.12501776272260567,0.11644387943919743,0.19961544797262562,0.15122247389254134,0.15159275045313098,0.12657632860753715,0.13925509502509958,0.15372058799639884
brandenburg,2021.9260273972602,0.21057338227771774,0.2986652615996187,0.18704198843191103,0.2538586487635801,0.3626878963127417,0.41127816018602764,0.6507529847931987,0.6940480180369888,0.8297818819549211,0.8560799421655746,0.8006190637726093,0.7875140639850154,0.7965953402116979,0.8236003861597803,0.6995078900301404,0.6679739693540797,0.5528230031929007,0.5446144395249213,0.4025940663519489,0.39613827502098503,0.40374173004561825,0.4149524349071241,0.3902543517146808,0.3890231608129854,0.44518464028808424,0.3058098674595962,0.4618654919413832,0.5610433756597616,0.4300663405153221,0.39448777520809153,0.42946862086418325,0.5477411083689362,0.49435080507105017,0.45711772368426073,0.49250820326299016,0.48733771780697915,0.5435162088656218,0.5968465811994527,0.49994200506476627,0.5257480636677234,0.4616294048250371,0.572403714392097,0.5264729608451751,0.5363546322747885,0.4439888602538614,0.4555754480508036,0.46061686557157633,0.4083116741598661,0.43990348593317247,0.3612217262238277,0.4031285914963005,0.3263547708671267,0.35941001600221795,0.3440967794108363,0.34779248452427314,0.3383181862499341,0.29329437780115136,0.31014627459669986,0.2849698197741218,0.29181447517735787,0.26756680539007943,0.27025869026746835,0.2619273663392797,0.20458512535495768,0.2140089795895304,0.17030818884534174,0.17276026426577776,0.14747292035886378,0.19398337308585703,0.12854675635279558,0.12895336184751988,0.14207591533080727,0.10612582146106884,0.1422844848298248,0.17027166944699665,0.1063655106907571,0.11197246961042369,0.1174445272945704,0.14830728996857406,0.14678979020877203,0.16419415545429336
brandenburg,2021.945205479452,0.12734780994193237,0.19180169520501764,0.27320685610862155,0.31150638028262123,0.38999239376236133,0.5476254970980928,0.7015054188638317,0.7559953354289108,0.8579830509529567,0.8697838802867889,0.8986522126466522,0.957501614717315,0.7173144286958207,0.5889203223769508,0.5767676694604781,0.6082515736000967,0.5376681271209036,0.5596819837850834,0.4446024807839363,0.3525826348188787,0.41516210177972845,0.4149524349071241,0.4897470475704934,0.31098325850107567,0.3955357055255927,0.4209492411467047,0.35962993121805586,0.4288971234122951,0.4574901848612144,0.42592438935367055,0.44544687642809383,0.4960307268659924,0.5012020768041058,0.5917498633681659,0.5208841599369858,0.560996068008453,0.5276338679549272,0.5166561899334509,0.5826727362853585,0.5130955079568272,0.5512463539342705,0.43879697637024906,0.5199387454999984,0.49090713504953765,0.4203463840780127,0.45929482327039156,0.4250383692198808,0.452108117816624,0.361776771466262,0.3576350200939148,0.3418459828992992,0.31445165413547693,0.3736121648825427,0.3119928882624467,0.2892417411894237,0.2813831408782935,0.2886979275373046,0.26350572045496523,0.21411340859432224,0.29181447517735787,0.26097096977136425,0.27937031722075173,0.23118514860980774,0.23790257907141546,0.184891912876878,0.1916346805744766,0.1674388857030364,0.15821123681881177,0.13653348739098528,0.139739994093953,0.1318883137560809,0.13898397063495715,0.10978901875059756,0.11638655123900521,0.14334820228772946,0.15962996607121346,0.12318298917270419,0.1288230392273624,0.10123848637471806,0.12418376671995385,0.1696247586417206
brandenburg,2021.964383561644,0.16617122583208932,0.223841890134128,0.13642400040918265,0.22505873112919414,0.3308498871808577,0.43763805084099755,0.5724142295063043,0.7559953354289108,0.8956101800470965,0.8652154996236983,0.7400268761652816,0.9252974418616834,0.7126592593291906,0.5797385230917879,0.5767676694604781,0.538661151247694,0.5023204160481584,0.3190817735482314,0.4025940663519489,0.2873070454170906,0.33528258842954906,0.382071408556377,0.30262971668509353,0.4371031708466261,0.40173988561541,0.3505565829774113,0.33239893463051184,0.31787319414361687,0.38210283865297207,0.4007704336807215,0.5200595474979994,0.4665035095430543,0.5286161942144558,0.5457389676788911,0.4295105658787011,0.5161467558844768,0.4673325200681562,0.5487185593865104,0.46815629678271115,0.4877943795801514,0.4936211059482564,0.49157380336504863,0.4513999925686242,0.4487354298998786,0.40684421713579827,0.37750900773457086,0.47643676465027435,0.39239721731409755,0.3188515657816963,0.32534486222025244,0.32041595226395314,0.2728095757899592,0.294136319998503,0.3093197662113339,0.2485498646666697,0.2292473886518576,0.2542453333482417,0.22355987954728462,0.20338964486948002,0.2138366721901153,0.2521760817514117,0.208819122258099,0.17683513893601654,0.158482461477383,0.1505080040376367,0.18630615159739328,0.10890836881328644,0.15553036148553906,0.16114784059359397,0.12574752019754235,0.10841333545590108,0.10806420950084376,0.14643519183705647,0.13796726676180623,0.07610566584331879,0.13965135629202638,0.11758003317198568,0.06815945078455977,0.14830728996857406,0.09404899888475723,0.16729803308018
brandenburg,2021.9835616438356,0.06640478190980367,0.12245847994675152,0.1465446998996631,0.22025942489006697,0.24453728516363932,0.25338313517598715,0.3656203605149514,0.5042421255701459,0.529903227290614,0.4466636694221491,0.5911765796149014,0.6363696713860472,0.46628838871845774,0.35529463137694367,0.327458890328627,0.2809910262629917,0.28572796870626027,0.21915757923327564,0.2349041786260089,0.25470517821893024,0.198634097250136,0.2671591145885708,0.3493472718251282,0.23905183761887003,0.2901777414665895,0.22918993595478868,0.25759497826362465,0.2763015646043571,0.18387952944444858,0.28147202060215876,0.32841127760651295,0.31176271187671173,0.32676815882039956,0.38174139368908444,0.366583920563208,0.3211955470447297,0.3501063599549227,0.3694275741511943,0.29368658520324586,0.2984246843429381,0.26055810455763007,0.3333932799457361,0.26906692598584675,0.23518625074304672,0.29556922191259055,0.26619216841714377,0.2238941144847172,0.21366436536165676,0.2525888804193618,0.23218278364627715,0.17674643788019836,0.15698552763891707,0.19496463604237568,0.1570950579220095,0.12412642998617343,0.18189656746298932,0.14644040650147805,0.1459815180344357,0.11765299802147224,0.16623904224443262,0.12264612165533334,0.1429049840358806,0.13670032513987,0.10986197266877626,0.1082153234324826,0.08242288792789405,0.10624566593780976,0.06966424365710532,0.08461039844509344,0.06702958302980788,0.0849541584645407,0.05863704818653696,0.04754452878309316,0.07755861104435366,0.0671441307161432,0.033217807575201076,0.08955867840567697,0.06058407889985061,0.07229383054566361,0.037599189984796486,0.08629276080010799
brandenburg,2022.0027397260274,0.11626147174888668,0.10646972374392023,0.1465446998996631,0.17229592621563541,0.15383532680864084,0.2096074877426282,0.3518601576645919,0.41179705057300253,0.3154351930384632,0.292834191554446,0.3640703231183679,0.32630244351242693,0.2949835054100325,0.31417438323169306,0.3697103769322122,0.2809910262629917,0.31589557934241796,0.2940840250550202,0.30820557000260634,0.3416941885017893,0.35809054423792935,0.3109047906877434,0.32014388166888136,0.251036983437718,0.3149486528517851,0.2674831762471358,0.2507966264311942,0.2763015646043571,0.19070045237737007,0.29401604170711987,0.26468690421381885,0.35592814902142766,0.32676815882039956,0.28686259844763223,0.30687693530947263,0.34671934195558485,0.37542960767002137,0.30873912577155993,0.322200142788551,0.3267890899434203,0.34025478089342376,0.336491572534213,0.2593195285842691,0.2448716549629724,0.32589429195295067,0.1736106918951413,0.16487751428736583,0.23349384099169557,0.2876573768820424,0.15705854780201292,0.2531166404513421,0.23714512709764798,0.197793699916438,0.19978248823796182,0.1799554252936701,0.15350675724915439,0.16706849629003614,0.14819777819402719,0.13050683263078997,0.125168925929998,0.1555460082168467,0.10657393700594266,0.12254187617808046,0.0791782501399779,0.08179790182481247,0.08508437118655493,0.06372342901147951,0.07234069567647762,0.09826879496031815,0.06143788006711993,0.03513786915187837,0.05246325642182697,0.054868137056629775,0.0732467631743204,0.06266654537342196,0.053155559143714726,0.05036037835743476,0.03407115952325587,0.05059460561643705,0.07522558616344,0.09016292169214218
