State,week_end_num,A00,A01,A02,A03,A04,A05,A06,A07,A08,A09,A10,A11,A12,A13,A14,A15,A16,A17,A18,A19,A20,A21,A22,A23,A24,A25,A26,A27,A28,A29,A30,A31,A32,A33,A34,A35,A36,A37,A38,A39,A40,A41,A42,A43,A44,A45,A46,A47,A48,A49,A50,A51,A52,A53,A54,A55,A56,A57,A58,A59,A60,A61,A62,A63,A64,A65,A66,A67,A68,A69,A70,A71,A72,A73,A74,A75,A76,A77,A78,A79,A80+
lower-saxony,2020.0109289617487,-0,-0,-0,-0,-0,-0,-0,-0,-0,-0,-0,-0,-0,-0,-0,-0,-0,-0,-0,-0,-0,-0,-0,-0,-0,-0,-0,-0,-0,-0,-0,-0,-0,-0,-0,-0,-0,-0,-0,-0,-0,-0,-0,-0,-0,-0,-0,-0,-0,-0,-0,-0,-0,-0,-0,-0,-0,-0,-0,-0,-0,-0,-0,-0,-0,-0,-0,-0,-0,-0,-0,-0,-0,-0,-0,-0,-0,-0,-0,-0,-0
lower-saxony,2020.0300546448088,-0,-0,-0,-0,-0,-0,-0,-0,-0,-0,-0,-0,-0,-0,-0,-0,-0,-0,-0,-0,-0,-0,-0,-0,-0,-0,-0,-0,-0,-0,-0,-0,-0,-0,-0,-0,-0,-0,-0,-0,-0,-0,-0,-0,-0,-0,-0,-0,-0,-0,-0,-0,-0,-0,-0,-0,-0,-0,-0,-0,-0,-0,-0,-0,-0,-0,-0,-0,-0,-0,-0,-0,-0,-0,-0,-0,-0,-0,-0,-0,-0
lower-saxony,2020.049180327869,-0,-0,-0,-0,-0,-0,-0,-0,-0,-0,-0,-0,-0,-0,-0,-0,-0,-0,-0,-0,-0,-0,-0,-0,-0,-0,-0,-0,-0,-0,-0,-0,-0,-0,-0,-0,-0,-0,-0,-0,-0,-0,-0,-0,-0,-0,-0,-0,-0,-0,-0,-0,-0,-0,-0,-0,-0,-0,-0,-0,-0,-0,-0,-0,-0,-0,-0,-0,-0,-0,-0,-0,-0,-0,-0,-0,-0,-0,-0,-0,-0
lower-saxony,2020.068306010929,-0,-0,-0,-0,-0,-0,-0,-0,-0,-0,-0,-0,-0,-0,-0,-0,-0,-0,-0,-0,-0,-0,-0,-0,-0,-0,-0,-0,-0,-0,-0,-0,-0,-0,-0,-0,-0,-0,-0,-0,-0,-0,-0,-0,-0,-0,-0,-0,-0,-0,-0,-0,-0,-0,-0,-0,-0,-0,-0,-0,-0,-0,-0,-0,-0,-0,-0,-0,-0,-0,-0,-0,-0,-0,-0,-0,-0,-0,-0,-0,-0
lower-saxony,2020.0874316939892,-0,-0,-0,-0,-0,-0,-0,-0,-0,-0,-0,-0,-0,-0,-0,-0,-0,-0,-0,-0,-0,-0,-0,-0,-0,-0,-0,-0,-0,-0,-0,-0,-0,-0,-0,-0,-0,-0,-0,-0,-0,-0,-0,-0,-0,-0,-0,-0,-0,-0,-0,-0,-0,-0,-0,-0,-0,-0,-0,-0,-0,-0,-0,-0,-0,-0,-0,-0,-0,-0,-0,-0,-0,-0,-0,-0,-0,-0,-0,-0,-0
lower-saxony,2020.1065573770493,-0,-0,-0,-0,-0,-0,-0,-0,-0,-0,-0,-0,-0,-0,-0,-0,-0,-0,-0,-0,-0,-0,-0,-0,-0,-0,-0,-0,-0,-0,-0,-0,-0,-0,-0,-0,-0,-0,-0,-0,-0,-0,-0,-0,-0,-0,-0,-0,-0,-0,-0,-0,-0,-0,-0,-0,-0,-0,-0,-0,-0,-0,-0,-0,-0,-0,-0,-0,-0,-0,-0,-0,-0,-0,-0,-0,-0,-0,-0,-0,-0
lower-saxony,2020.1256830601094,-0,-0,-0,-0,-0,-0,-0,-0,-0,-0,-0,-0,-0,-0,-0,-0,-0,-0,-0,-0,-0,-0,-0,-0,-0,-0,-0,-0,-0,-0,-0,-0,-0,-0,-0,-0,-0,-0,-0,-0,-0,-0,-0,-0,-0,-0,-0,-0,-0,-0,-0,-0,-0,-0,-0,-0,-0,-0,-0,-0,-0,-0,-0,-0,-0,-0,-0,-0,-0,-0,-0,-0,-0,-0,-0,-0,-0,-0,-0,-0,-0
lower-saxony,2020.1448087431695,-0,-0,-0,-0,-0,-0,-0,-0,-0,-0,-0,-0,-0,-0,-0,-0,-0,-0,-0,-0,-0,-0,-0,-0,-0,-0,-0,-0,-0,-0,-0,-0,-0,-0,-0,-0,-0,-0,-0,-0,-0,-0,-0,-0,-0,-0,-0,-0,-0,-0,-0,-0,-0,-0,-0,-0,-0,-0,-0,-0,-0,-0,-0,-0,-0,-0,-0,-0,-0,-0,-0,-0,-0,-0,-0,-0,-0,-0,-0,-0,-0
lower-saxony,2020.1639344262296,-0,-0,-0,-0,-0,-0,-0,-0,-0,-0,-0,-0,-0,-0,-0,-0,-0,-0,-0,-0,-0,-0,-0,-0,-0,-0,-0,-0,-0,-0,-0,-0,-0,-0,-0,-0,-0,-0,-0,-0,-0,-0,-0,-0,-0,-0,-0,-0,-0,-0,-0,-0,-0,-0,-0,-0,-0,-0,-0,-0,-0,-0,-0,-0,-0,-0,-0,-0,-0,-0,-0,-0,-0,-0,-0,-0,-0,-0,-0,-0,-0
lower-saxony,2020.1830601092897,-0,-0,-0,-0,-0,-0,-0,-0,-0,-0,-0,-0,-0,-0,-0,-0,-0,-0,-0,-0,-0,-0,-0,-0,0.0011804133977449437,-0,-0,-0,0.001159612929733815,-0,-0,-0,0.002142444134650337,-0,-0,-0,-0,-0,-0,0.0010920114661630619,-0,-0,-0,0.0011440125841828258,-0,-0,-0,-0,-0,-0,8.840075140874871e-4,-0,-0,-0,-0,7.644056183968352e-4,7.54005466554319e-4,-0,7.956060864047533e-4,-0,8.424068235148251e-4,-0,9.256082379355073e-4,-0,9.880093861184358e-4,-0,-0,-0,-0,-0,-0,-0,-0,-0,-0,-0,-0,-0,-0,-0,-0
lower-saxony,2020.2021857923498,-0,-0,-0,-0,-0,-0,-0,-0,-0,-0,-0,-0,-0,-0,-0,-0,-0,0.0013676179842571252,-0,-0,-0,0.006214371316084415,-0,-0,0.0011804133977449437,0.004810222476222118,0.005954340892522614,0.0023348524178297934,0.004638606884943447,0.003411311892253395,0.003260502217811224,0.003312505504420438,0.002142444134650337,0.0010920114661630619,0.004414987418870811,-0,0.002298450796139386,0.0022464485236385777,0.002199646522854582,0.003276103198336186,0.0010764111408929447,0.004529397258114548,0.0011388124700430575,0.005730715768236012,0.003411311892253395,0.0035153188191119765,0.002251648748545568,0.004414987418870811,0.007140090178408533,0.0064744030399512,0.004425388302940482,0.004940234664859949,0.011800138776377622,0.0022828501089257784,0.009802923954613985,0.005361476388858467,0.003016087467382218,0.004623005495636393,0.00238165454030451,0.0024180562202402007,0.003369709179755342,0.005221062101703512,9.256082379355073e-4,9.412085179638691e-4,9.880093861184358e-4,0.004092561044388847,0.0010400104001397088,0.0032293002708088333,0.0032293002708088333,0.004394185656960979,0.0011128119071272355,0.002267249426398356,-0,-0,0.0014560203843819654,0.0018616333234368946,-0,0.0013728181212779988,-0,-0,5.876033199674743e-4
lower-saxony,2020.22131147541,-0,0.0014144192361890769,-0,-0,0.0013728181212779988,0.0028704792259572447,0.0028756795132703814,0.0014924214163493834,-0,0.0030472892864491677,0.0044305887457612245,-0,0.0028860800894626015,0.0014560203843819654,0.0014664206766304769,0.0028704792259572447,0.0027560730365790635,0.008216649132375735,0.002646867363344045,0.007732974960938583,0.011181202022291139,0.009943350614610848,0.010822326102092914,0.010421844303680755,0.009438856602147598,0.006011547474138592,0.0142915637508084,0.014005485923335151,0.01044264847699852,0.009090394523631421,0.008689926063543336,0.01656983971564772,0.015014567457114875,0.003270902870972542,0.011035570915488218,0.009012380945368752,0.010343828727871672,0.005621503847760371,0.009906943666346611,0.012008186398478806,0.015082187022835283,0.013594576888617496,0.015961249379015705,0.010312622530319941,0.010239808142200517,0.0035153188191119765,0.003380109854759449,0.012138216584987522,0.0142811608931431,0.02128275474865587,0.007967010288569753,0.012346265559716659,0.014156326763488405,0.013693402815599425,0.012065399640482432,0.011482867755258098,0.01886902304778601,0.01002136558959044,0.008741934780205749,0.00645360045418919,0.009272426661402104,0.007831789748571537,0.011113587529125463,0.008471490021595586,0.004929833677805979,0.003068090509561685,0.010375034944150853,0.008617113947610913,0.0043057782616826865,0.004394185656960979,0.007774581164424722,0.003400911211008475,0.004940234664859949,0.006760439438083146,0.0014560203843819654,0.005590300484036865,0.006937262725709608,0.0027508727612272207,0.0014352198061252915,0.004763418167881299,0.002782074421156427
lower-saxony,2020.24043715847,0.004352582158105526,-0,-0,0.0013832183968856015,-0,-0,-0,-0,-0,-0,0.0014768209709591054,0.0029848856670374397,0.004331780421159893,0.0058243261683541825,0.004394185656960979,0.0028704792259572447,0.004134164335210349,0.01233066185773503,0.009256823881769351,0.02320237567476316,0.014905336036696496,0.019888602943288165,0.026459130450558404,0.023165959442229347,0.01769861158958659,0.02405556327791183,0.013100450070966259,0.021007042657905466,0.019727341526875847,0.017048394384522287,0.014119916865459462,0.01878059103982105,0.0182291948530541,0.015259038610442869,0.020970627962757078,0.01014098877854045,0.016091289450864764,0.008996778243757634,0.023119138609295497,0.014192736687016995,0.009693703481235955,0.014728485652022423,0.017100411461730233,0.025215712782768726,0.017069201209161364,0.016403386950121893,0.016902746845166933,0.02649034633944675,0.0163201607671681,0.028685910867197864,0.021246339860430657,0.023051508591713125,0.0204504208162636,0.026630818071332094,0.028665099393831998,0.015311053897737304,0.01886902304778601,0.01773502399347591,0.020663705116886963,0.012096606889927376,0.01601846697056299,0.027853458429279256,0.011113587529125463,0.01693915869175938,0.013802631690252734,0.011259218854422043,0.004149765577846888,0.006464001746029936,0.015066582499860964,0.013183671100922938,0.006661626686297544,0.011332034670019296,0.012351466794747181,0.013521757904712061,0.0043681834662727785,0.0186453423773541,0.011103185307210562,0.009620889959762914,0.0028652789391583914,0.005954340892522614,0.017422918501815595
lower-saxony,2020.25956284153,0.0014508202390348668,0.0014144192361890769,-0,0.002761273312456735,0.0013728181212779988,-0,0.0043161791239144645,-0,0.003005686865187052,0.0030472892864491677,0.0029536838854148113,0.0014924214163493834,0.004331780421159893,0.0072805096475691685,0.004394185656960979,0.0014352198061252915,0.009646894777153196,0.0041081622745491805,0.014546434413698862,0.010312622530319941,0.018634938648657437,0.0161589104167443,0.016835124911993838,0.018530901476172684,0.012980820073743847,0.014432002532979334,0.016673872964677133,0.01517061274145522,0.015082187022835283,0.026141769977233623,0.022817405363896353,0.01546710007179904,0.016086087841743948,0.014166729596180046,0.02318156639590512,0.01239307669374335,0.012642736786929665,0.019118714235009465,0.01981577514491542,0.01091594566857925,0.014000284522855034,0.015862419141904678,0.017100411461730233,0.022921451112809403,0.014790903366165726,0.014057499956717082,0.023665384283293667,0.024284469650704445,0.01835924059664533,0.027759808363951612,0.028326914119026943,0.028815982764439984,0.016517823169188563,0.011410051728448493,0.02112148900867509,0.019139521888064857,0.012075802054883114,0.02390469371950037,0.01986779499048801,0.020970627962757078,0.02107987212470984,0.013927464970808979,0.012039393613587837,0.018822206083660593,0.010848331520319662,0.01023460711837594,0.00934003876058632,0.004310978692535646,0.006458801099852386,0.012086204471364761,0.007774581164424722,0.012465894097099084,0.01976375535138826,0.006760439438083146,0.0058243261683541825,0.022375213253533068,0.006937262725709608,0.005496690505210404,0.02868070799807265,0.0142915637508084,0.024450947645644226
lower-saxony,2020.27868852459,-0,0.004248573556591155,0.0014092190950022075,0.0013832183968856015,0.0013728181212779988,0.0028704792259572447,0.00144041994990653,0.0014924214163493834,0.003005686865187052,0.0030472892864491677,0.0014768209709591054,0.007467736196293589,0.0014456200942135706,0.0014560203843819654,0.004394185656960979,0.0071712944721202465,0.0068904565028238135,0.010957554418900645,0.015867620728645976,0.010312622530319941,0.01987299697791034,0.012429485382675126,0.01924356027822808,0.026641223399901156,0.024783905234470178,0.013230482988800326,0.015482704714958174,0.01283518392685368,0.012762366006361344,0.014775298930607356,0.011950973219418473,0.01546710007179904,0.012866391638280074,0.011987381598810925,0.00993294862679645,0.01014098877854045,0.019540070832188793,0.0067448374121625194,0.008809546189630155,0.01091594566857925,0.01292360582453632,0.012465894097099084,0.011399649447227923,0.006874854437892958,0.011378844891029515,0.018744177903784062,0.015773992246864873,0.017662199211200397,0.013256489611384628,0.01388065245547877,0.015045776476522381,0.019758553374894256,0.018093947624718002,0.017500944699110708,0.013573771454237438,0.011482867755258098,0.015092590040751079,0.020819767354506157,0.011123989753121252,0.01129042562004973,0.015175814258995226,0.013053638300148022,0.010187797927392828,0.013173268464894668,0.008871956799435624,0.005117051763078601,0.008299862346636568,0.008617113947610913,0.0075353459489994855,0.009891340696323704,0.004440989632957202,0.005663108361845575,0.009880938718907498,0.00946486132851025,0.01019299894652979,0.013048436994883204,0.01388065245547877,0.008247854072118593,0.021511648915717375,0.00952727272483302,0.028259277327995398
lower-saxony,2020.2978142076502,0.0014508202390348668,0.0014144192361890769,-0,-0,-0,0.0028704792259572447,0.00144041994990653,0.004472192307027267,-0,0.0030472892864491677,0.0014768209709591054,-0,0.004331780421159893,0.0014560203843819654,0.004394185656960979,-0,0.005512292156648544,0.00958968419605746,0.0013208167744416161,0.006443199164428961,0.00993814962044355,0.01118640314079471,0.008419481575428201,0.01621612822578613,0.005897134373841046,0.013230482988800326,0.005954340892522614,0.011670109435255878,0.01044264847699852,0.009090394523631421,0.009776919059188786,0.007732974960938583,0.009652095742195298,0.01307444352642146,0.005517492708164296,0.005631904973156666,0.005746317489889332,0.008996778243757634,0.005501891055171599,0.006547212155654591,0.011846949418775633,0.002267249426398356,0.005699512338984012,0.0034373136044640058,0.012517906590501499,0.008201046669529411,0.005631904973156666,0.01876498540697031,0.012237039744194867,0.0064744030399512,0.006193568834347745,0.008232251599903536,0.014156326763488405,0.009132001813229757,0.012065399640482432,0.0076549634191316026,0.010562272635097854,0.007706971100667665,0.007150491607565198,0.007259706739321996,0.010114983714056279,0.009574081321230209,0.002776874143198534,0.007530145195667328,0.0029588841810546545,0.0020488403624213725,0.002074841393360111,0.004310978692535646,0.0075353459489994855,0.0032969045129798693,0.006661626686297544,0.005663108361845575,0.0074105280126641575,0.008112632801814583,0.0058243261683541825,0.009319235028401941,0.006937262725709608,0.008247854072118593,0.012902800658613022,0.0035725227175621927,0.020934213293103472
lower-saxony,2020.3169398907103,0.0014508202390348668,0.0014144192361890769,-0,-0,-0,0.00717649518955648,-0,0.0014924214163493834,0.003005686865187052,-0,0.0014768209709591054,0.0014924214163493834,-0,0.0043681834662727785,0.0014664206766304769,0.00430057783134404,0.004134164335210349,0.005481088858459028,0.00528866893337292,0.006443199164428961,0.006209170694867175,0.007457334703679101,0.006011547474138592,0.005793122682923962,0.011800138776377622,0.007212900226197233,0.013100450070966259,0.006999671088432016,0.01044264847699852,0.006817646906522689,0.0021736454295049716,0.007732974960938583,0.007504141436826126,0.005449885578993458,0.004414987418870811,0.006760439438083146,0.004597003190534185,0.0067448374121625194,0.006604419389508075,0.00546028667006821,0.0021528445641883763,0.0067968441834456396,0.0022776498808985165,0.005730715768236012,0.0045501990741136835,0.009371244374477157,0.006760439438083146,0.005517492708164296,0.007140090178408533,0.003702531811699247,0.007082882355239951,0.004940234664859949,0.0062923806967118065,0.006084355941765483,0.006786442825027931,0.0068904565028238135,0.003775337046391954,0.007706971100667665,0.004768618644508019,0.0040301561705664,0.0059023349638452445,0.01044264847699852,0.005553896583354971,0.008471490021595586,0.0019708373476054787,0.005117051763078601,0.002074841393360111,0.004310978692535646,0.0043057782616826865,0.006594018069580277,0.004440989632957202,0.002267249426398356,0.002470058664356574,0.0054082812354987984,0.0043681834662727785,0.0018616333234368946,0.0041653668251699465,0.00412376350938448,0.012902800658613022,0.010718304559228361,0.014640060685233372
lower-saxony,2020.3360655737704,-0,-0,0.002813276099801863,-0,-0,-0,-0,-0,-0,-0,0.0029536838854148113,-0,-0,-0,-0,0.0014352198061252915,-0,0.0027404722120779263,-0,0.005153455357931754,0.0037285336695298504,0.0037285336695298504,0.003608925231153918,-0,0.0047218143736140646,0.004810222476222118,0.00238165454030451,0.0046698096775942876,0.005803523842653571,0.004544998619330876,0.0065160082364414396,0.003312505504420438,0.004290176972232778,0.005449885578993458,0.005517492708164296,0.003380109854759449,0.005746317489889332,0.004498194549718561,0.002199646522854582,0.003276103198336186,0.0021528445641883763,0.003400911211008475,0.0011388124700430575,0.0034373136044640058,0.005689111200059001,0.0011700131626993324,0.002251648748545568,0.004414987418870811,0.005101450230224663,0.002776874143198534,0.006193568834347745,0.0032917041835359632,0.004716613901673972,0.003042088981968304,0.004524196805412104,0.002298450796139386,0.005283468404741922,0.0015392227806076137,0.00238165454030451,0.0024180562202402007,0.0016848272943518216,0.0017420291791526898,0.0046282059582205765,-0,-0,0.003068090509561685,0.004149765577846888,0.0032293002708088333,0.0021528445641883763,0.004394185656960979,0.0011128119071272355,0.002267249426398356,0.0012324146041686591,-0,0.0014560203843819654,0.0037285336695298504,0.0041653668251699465,0.0027508727612272207,0.005735916341602262,0.007145290892723908,0.006146763280864589
lower-saxony,2020.3551912568305,0.0014508202390348668,0.0028340772293037934,0.004222571438720794,-0,0.0013728181212779988,-0,0.00144041994990653,0.0014924214163493834,0.001502821715878309,-0,0.0029536838854148113,0.0014924214163493834,0.0014456200942135706,0.0029120815390412773,0.0014664206766304769,0.0028704792259572447,0.001378018258824673,0.0013676179842571252,0.0013208167744416161,0.0012896159913068346,0.004966237141599493,0.006214371316084415,0.007212900226197233,0.00810743199074506,0.008258255722860864,0.004810222476222118,0.007145290892723908,0.0046698096775942876,0.003478916371049182,0.002272449653385527,0.00542908340308526,0.002210046963827805,0.005361476388858467,0.003270902870972542,0.0011024116856079911,0.002251648748545568,0.004597003190534185,0.0022464485236385777,0.002199646522854582,0.00218404586528353,0.0032293002708088333,0.0011336123564175387,0.0011388124700430575,0.0034373136044640058,0.0045501990741136835,-0,0.0011284122433178158,0.00662002137330365,0.004076959818915024,0.003702531811699247,0.004425388302940482,0.0032917041835359632,0.00550709160564713,0.005325072648370196,0.0037701366691073185,0.0038273408478713415,0.007545747457218475,0.0038533427681110123,0.0015912243458562276,0.004836224887943667,0.004217371016703511,0.002610465523232866,-0,0.001882434072264451,0.0029588841810546545,0.003068090509561685,-0,-0,-0,0.002199646522854582,0.0011128119071272355,0.0011336123564175387,0.006172766360933059,-0,0.0014560203843819654,0.0037285336695298504,0.001388418535472331,0.0013728181212779988,-0,0.00238165454030451,0.005709913479989479
lower-saxony,2020.3743169398906,0.0029016809576542517,0.004248573556591155,-0,-0,0.0027456724863896592,0.0014352198061252915,0.00144041994990653,-0,-0,-0,0.0014768209709591054,0.004477392754523038,0.0014456200942135706,0.0014560203843819654,0.0014664206766304769,-0,-0,-0,-0,0.0025792639662742755,-0,0.004971437638504235,0.0012012138740764501,0.0034737160234086795,-0,-0,0.00238165454030451,0.0023348524178297934,-0,0.002272449653385527,0.0043473817230861005,0.0011024116856079911,0.005361476388858467,-0,-0,0.003380109854759449,0.004597003190534185,0.0011232121307323422,0.002199646522854582,0.00218404586528353,0.0032293002708088333,0.002267249426398356,0.0022776498808985165,0.002293250566546213,-0,0.0035153188191119765,-0,0.003312505504420438,0.005101450230224663,0.002776874143198534,0.0017680300566801682,0.002470058664356574,0.002360853591780659,7.59205542212683e-4,7.54005466554319e-4,-0,7.54005466554319e-4,0.00308369143235383,7.956060864047533e-4,0.0016120249865165582,8.424068235148251e-4,8.684072512197225e-4,0.002776874143198534,-0,0.0029588841810546545,-0,-0,0.0021528445641883763,0.0032293002708088333,-0,-0,0.003400911211008475,0.0012324146041686591,0.001352017576303122,-0,-0,-0,0.0013728181212779988,0.0028652789391583914,0.0011908136348706493,0.00395215018360753
lower-saxony,2020.3934426229507,0.0029016809576542517,0.004248573556591155,0.0014092190950022075,-0,0.0027456724863896592,0.0043057782616826865,0.00144041994990653,-0,-0,0.0015236223211765214,-0,0.0014924214163493834,0.0028860800894626015,0.0014560203843819654,-0,-0,-0,-0,0.002646867363344045,0.0025792639662742755,0.0037285336695298504,0.0037285336695298504,0.012023790003689352,0.001159612929733815,0.003541320583335314,0.0012012138740764501,0.0035725227175621927,0.0011648130459536755,0.0023192517196952167,0.002272449653385527,0.0021736454295049716,0.006630422698426997,0.004290176972232778,0.003270902870972542,0.0011024116856079911,0.004508595450436863,0.002298450796139386,0.0022464485236385777,0.004404586536875719,0.003276103198336186,0.0010764111408929447,0.004529397258114548,0.0034217125755785886,0.0011440125841828258,0.0045501990741136835,0.00468541108093808,0.007888998395657308,0.0077277741878464005,0.004076959818915024,0.0018512329521433405,-0,0.002470058664356574,0.0031460951703395374,7.59205542212683e-4,0.002262049199925457,0.0030628902030005773,7.54005466554319e-4,0.0038533427681110123,0.0031772970674157778,0.0016120249865165582,0.0025272614129474074,8.684072512197225e-4,0.002776874143198534,0.001882434072264451,0.0019708373476054787,0.0020488403624213725,0.0010400104001397088,0.0010764111408929447,0.0021528445641883763,0.001097211575622629,0.0011128119071272355,0.002267249426398356,0.002470058664356574,0.001352017576303122,-0,-0,-0,0.0013728181212779988,-0,-0,0.003073290816637081
lower-saxony,2020.4125683060108,-0,0.0014144192361890769,0.0014092190950022075,0.0013832183968856015,0.0013728181212779988,-0,0.00144041994990653,0.0029796853688030733,0.001502821715878309,0.0015236223211765214,0.005907535554375335,0.0029848856670374397,0.0028860800894626015,0.0014560203843819654,0.0029276824150337995,0.0028704792259572447,0.005512292156648544,0.005481088858459028,0.003967751371641334,0.005153455357931754,0.0037285336695298504,0.004971437638504235,0.003608925231153918,0.004633406421319078,0.003541320583335314,0.003608925231153918,0.004763418167881299,-0,0.003478916371049182,0.002272449653385527,0.0010868113572177433,-0,0.005361476388858467,0.004357782593639265,0.003312505504420438,0.003380109854759449,0.0011492126988483903,0.0033749095170002483,0.004404586536875719,0.0043681834662727785,0.0021528445641883763,-0,0.006838449637916147,0.0011440125841828258,0.0022776498808985165,0.008201046669529411,-0,0.004414987418870811,0.0010192099882909557,9.256082379355073e-4,0.004425388302940482,0.002470058664356574,0.004716613901673972,0.0022828501089257784,0.00150802186641993,0.002298450796139386,0.00150802186641993,0.0015392227806076137,0.0015912243458562276,0.0016120249865165582,0.0025272614129474074,-0,9.256082379355073e-4,0.001882434072264451,-0,0.0020488403624213725,-0,0.0010764111408929447,-0,0.001097211575622629,-0,-0,-0,-0,-0,-0,-0,0.0013728181212779988,-0,0.0011908136348706493,0.0011700131626993324
lower-saxony,2020.431693989071,0.0029016809576542517,0.004248573556591155,0.005626704410198463,0.005527893812761903,0.005486289406854119,0.0014352198061252915,0.00144041994990653,0.005959541488248117,0.006011547474138592,0.0045710008984342744,0.005907535554375335,0.0029848856670374397,0.004331780421159893,0.0072805096475691685,0.0058555296725085965,0.005735916341602262,0.0068904565028238135,0.008216649132375735,0.009256823881769351,0.006443199164428961,0.007452133958149193,0.008700327802714423,0.007212900226197233,0.001159612929733815,0.008258255722860864,0.004810222476222118,0.007145290892723908,0.003499717766823437,0.003478916371049182,0.004544998619330876,0.0043473817230861005,0.002210046963827805,0.0010712110335134644,0.0010920114661630619,0.002204846743081171,0.0011284122433178158,0.005746317489889332,0.004498194549718561,0.005501891055171599,0.0010920114661630619,0.0021528445641883763,0.002267249426398356,0.005699512338984012,0.0034373136044640058,0.006828048271176257,0.007030875297880768,0.004508595450436863,0.002204846743081171,0.0020384399536850103,0.003702531811699247,-0,0.00411336268563894,0.002360853591780659,7.59205542212683e-4,0.00150802186641993,0.0015288224737982639,0.00150802186641993,0.0038533427681110123,7.956060864047533e-4,8.060062465617456e-4,8.424068235148251e-4,0.0017420291791526898,0.0018512329521433405,0.005647506665163499,9.880093861184358e-4,0.0020488403624213725,0.002074841393360111,-0,-0,0.002199646522854582,0.0011128119071272355,0.0011336123564175387,-0,-0,-0,-0,-0,-0,0.0014352198061252915,0.0011908136348706493,8.788074259429569e-4
lower-saxony,2020.450819672131,0.0029016809576542517,0.0014144192361890769,0.002813276099801863,0.002761273312456735,0.006859252377637567,0.0014352198061252915,0.007192097344997588,0.0014924214163493834,0.001502821715878309,0.0015236223211765214,0.005907535554375335,0.004477392754523038,0.005772320369706133,0.0058243261683541825,0.0014664206766304769,0.00430057783134404,0.005512292156648544,0.006848851006736582,0.002646867363344045,0.0025792639662742755,0.002485659407735331,0.008700327802714423,0.003608925231153918,0.0034737160234086795,0.002360853591780659,0.0024024554971491235,0.00238165454030451,0.0023348524178297934,0.0023192517196952167,0.003411311892253395,0.0010868113572177433,0.002210046963827805,0.004290176972232778,-0,0.004414987418870811,0.003380109854759449,0.0011492126988483903,0.0011232121307323422,0.002199646522854582,-0,0.0021528445641883763,0.003400911211008475,0.0011388124700430575,0.0034373136044640058,-0,0.0023452528858511536,-0,0.005517492708164296,0.0010192099882909557,-0,0.007082882355239951,0.0016484261276904955,0.002360853591780659,0.0022828501089257784,0.00150802186641993,0.0015288224737982639,7.54005466554319e-4,7.696056950952293e-4,0.0015912243458562276,-0,0.0016848272943518216,-0,-0,-0,-0,0.0010244100904702265,-0,-0,0.0010764111408929447,0.001097211575622629,0.0011128119071272355,-0,0.0012324146041686591,-0,-0,0.0018616333234368946,-0,-0,-0,0.00238165454030451,0.0024908596565645005
lower-saxony,2020.4699453551912,0.0029016809576542517,0.0028340772293037934,0.0014092190950022075,0.005527893812761903,0.005486289406854119,0.010052571612347957,0.00144041994990653,0.005959541488248117,0.003005686865187052,0.007618558073008363,0.007384524313634336,-0,0.005772320369706133,0.0072805096475691685,0.0058555296725085965,0.00430057783134404,0.005512292156648544,0.0013676179842571252,0.002646867363344045,0.007732974960938583,0.0037285336695298504,0.0037285336695298504,0.0024024554971491235,0.002314051488027633,0.005897134373841046,0.003608925231153918,0.00238165454030451,0.0011648130459536755,0.003478916371049182,0.007956608696085646,0.0043473817230861005,0.003312505504420438,0.002142444134650337,0.0021788456471371156,0.003312505504420438,0.0011284122433178158,0.0034477142929898856,-0,0.0011024116856079911,0.00218404586528353,0.005387479076234068,0.003400911211008475,0.0034217125755785886,0.002293250566546213,0.0022776498808985165,0.0023452528858511536,0.003380109854759449,-0,0.0010192099882909557,0.0018512329521433405,0.003541320583335314,8.216064907089019e-4,0.002360853591780659,0.0015236223211765214,-0,0.0015288224737982639,0.002262049199925457,0.0015392227806076137,0.0015912243458562276,0.0016120249865165582,-0,-0,0.0018512329521433405,-0,9.880093861184358e-4,-0,0.002074841393360111,-0,-0,-0,0.0011128119071272355,-0,-0,-0,-0,-0,0.001388418535472331,-0,0.0014352198061252915,-0,0.0017576297041079169
lower-saxony,2020.4890710382513,-0,0.0014144192361890769,-0,-0,-0,-0,-0,0.0029796853688030733,0.001502821715878309,0.0030472892864491677,-0,0.0029848856670374397,0.004331780421159893,-0,0.004394185656960979,0.0014352198061252915,0.001378018258824673,0.0027404722120779263,0.0013208167744416161,0.0025792639662742755,0.002485659407735331,0.0037285336695298504,0.0024024554971491235,0.001159612929733815,-0,0.0012012138740764501,0.0035725227175621927,0.0046698096775942876,0.003478916371049182,0.003411311892253395,0.0021736454295049716,0.0011024116856079911,0.0010712110335134644,0.003270902870972542,0.0011024116856079911,0.003380109854759449,0.0034477142929898856,-0,0.004404586536875719,-0,0.0021528445641883763,0.0011336123564175387,0.0022776498808985165,0.0011440125841828258,-0,0.0035153188191119765,0.0011284122433178158,0.002204846743081171,0.0020384399536850103,0.002776874143198534,8.840075140874871e-4,0.0032917041835359632,7.852059283220514e-4,-0,-0,-0,0.00150802186641993,7.696056950952293e-4,7.956060864047533e-4,-0,8.424068235148251e-4,8.684072512197225e-4,-0,0.0028236766635127155,-0,0.0020488403624213725,0.002074841393360111,-0,0.0021528445641883763,-0,-0,-0,-0,-0,-0,0.0018616333234368946,-0,-0,-0,-0,0.0010244100904702265
lower-saxony,2020.5081967213114,-0,-0,-0,-0,0.0027456724863896592,0.0043057782616826865,0.00144041994990653,0.004472192307027267,0.001502821715878309,-0,0.0014768209709591054,0.0014924214163493834,-0,0.0014560203843819654,0.0029276824150337995,-0,0.001378018258824673,0.005481088858459028,0.0013208167744416161,0.0012896159913068346,0.0037285336695298504,-0,0.003608925231153918,0.004633406421319078,-0,0.0012012138740764501,0.00238165454030451,0.0011648130459536755,-0,0.002272449653385527,-0,0.003312505504420438,0.0010712110335134644,0.0010920114661630619,0.003312505504420438,0.002251648748545568,0.0011492126988483903,0.0011232121307323422,0.002199646522854582,-0,0.0021528445641883763,0.003400911211008475,0.004560599985233796,0.0034373136044640058,0.0022776498808985165,0.0011700131626993324,0.002251648748545568,0.002204846743081171,0.0010192099882909557,-0,8.840075140874871e-4,0.0016484261276904955,7.852059283220514e-4,-0,0.00150802186641993,-0,-0,-0,0.0031772970674157778,-0,0.0025272614129474074,-0,-0,-0,9.880093861184358e-4,0.0010244100904702265,-0,-0,-0,-0,-0,-0,-0,-0,-0,-0,-0,-0,-0,-0,4.3680183457128774e-4
lower-saxony,2020.5273224043715,0.0014508202390348668,-0,-0,0.0013832183968856015,-0,-0,-0,-0,-0,-0,-0,-0,-0,0.0029120815390412773,-0,-0,-0,-0,-0,0.0025792639662742755,-0,0.002485659407735331,0.0012012138740764501,-0,0.0011804133977449437,0.0012012138740764501,0.0011908136348706493,0.0011648130459536755,0.0023192517196952167,0.0011388124700430575,-0,-0,-0,0.0021788456471371156,0.0011024116856079911,0.002251648748545568,0.0011492126988483903,-0,0.0011024116856079911,-0,-0,-0,0.0011388124700430575,-0,0.0022776498808985165,-0,-0,-0,-0,-0,8.840075140874871e-4,-0,-0,7.59205542212683e-4,7.54005466554319e-4,0.0015288224737982639,-0,-0,-0,-0,-0,-0,-0,-0,-0,-0,-0,0.0021528445641883763,-0,-0,-0,-0,-0,-0,-0,-0,-0,-0,-0,-0,2.912008153656445e-4
lower-saxony,2020.5464480874316,0.0014508202390348668,0.004248573556591155,0.002813276099801863,0.0013832183968856015,0.0027456724863896592,-0,0.00144041994990653,0.0014924214163493834,-0,0.0015236223211765214,0.0014768209709591054,-0,0.0014456200942135706,-0,0.0014664206766304769,0.0014352198061252915,-0,-0,0.002646867363344045,0.003863743539848575,0.004966237141599493,0.002485659407735331,0.0012012138740764501,0.001159612929733815,0.002360853591780659,0.004810222476222118,0.004763418167881299,0.0011648130459536755,0.001159612929733815,0.003411311892253395,0.0065160082364414396,0.002210046963827805,0.002142444134650337,-0,0.002204846743081171,0.002251648748545568,0.002298450796139386,0.0022464485236385777,0.004404586536875719,0.00218404586528353,-0,0.002267249426398356,0.0034217125755785886,0.0034373136044640058,0.0011388124700430575,0.0011700131626993324,0.0011284122433178158,0.002204846743081171,0.004076959818915024,0.0018512329521433405,8.840075140874871e-4,0.0032917041835359632,0.0031460951703395374,0.0015236223211765214,-0,7.644056183968352e-4,-0,-0,0.00238165454030451,8.060062465617456e-4,8.424068235148251e-4,-0,9.256082379355073e-4,-0,-0,-0,-0,0.0010764111408929447,-0,0.0032969045129798693,-0,-0,-0,-0,-0,-0,-0,0.0013728181212779988,-0,-0,1.4560020383879417e-4
lower-saxony,2020.5655737704917,0.0014508202390348668,0.0014144192361890769,-0,-0,0.0013728181212779988,0.0014352198061252915,-0,-0,0.001502821715878309,-0,-0,-0,-0,-0,0.0014664206766304769,0.0014352198061252915,-0,0.0013676179842571252,0.006609620050255059,0.005153455357931754,0.0037285336695298504,0.0037285336695298504,0.003608925231153918,0.002314051488027633,-0,0.003608925231153918,0.004763418167881299,0.0023348524178297934,-0,0.009090394523631421,0.0021736454295049716,0.0011024116856079911,0.0010712110335134644,0.004357782593639265,0.003312505504420438,0.002251648748545568,0.004597003190534185,0.0022464485236385777,0.002199646522854582,0.00218404586528353,0.0021528445641883763,0.002267249426398356,0.0011388124700430575,0.004581401813715118,0.003411311892253395,0.0011700131626993324,0.005631904973156666,0.002204846743081171,0.0020384399536850103,0.0018512329521433405,8.840075140874871e-4,8.216064907089019e-4,7.852059283220514e-4,0.0015236223211765214,0.002262049199925457,-0,0.002262049199925457,7.696056950952293e-4,0.0015912243458562276,-0,0.0025272614129474074,-0,9.256082379355073e-4,-0,9.880093861184358e-4,-0,-0,-0,0.0010764111408929447,0.002199646522854582,-0,0.0011336123564175387,0.0012324146041686591,-0,-0,-0,-0,-0,-0,-0,5.876033199674743e-4
lower-saxony,2020.5846994535518,-0,0.0014144192361890769,0.0014092190950022075,-0,-0,0.0014352198061252915,0.0028756795132703814,0.0029796853688030733,-0,0.0015236223211765214,-0,0.0014924214163493834,0.0028860800894626015,0.0014560203843819654,0.0029276824150337995,0.0028704792259572447,0.004134164335210349,0.0027404722120779263,0.006609620050255059,0.006443199164428961,0.006209170694867175,0.0012428148516948493,0.003608925231153918,0.005793122682923962,0.007077681647160509,0.0024024554971491235,0.00238165454030451,0.0046698096775942876,0.0023192517196952167,0.009090394523631421,-0,0.0011024116856079911,0.003218899625968554,0.003270902870972542,0.004414987418870811,0.0011284122433178158,0.002298450796139386,0.0033749095170002483,0.003302104842938069,0.003276103198336186,0.0021528445641883763,0.0011336123564175387,0.0011388124700430575,0.0034373136044640058,0.005689111200059001,0.0011700131626993324,0.003380109854759449,0.003312505504420438,0.0030576898969653043,9.256082379355073e-4,8.840075140874871e-4,0.002470058664356574,0.001570423713516406,0.0022828501089257784,0.0037701366691073185,0.0038273408478713415,7.54005466554319e-4,7.696056950952293e-4,7.956060864047533e-4,0.0024180562202402007,0.0016848272943518216,-0,9.256082379355073e-4,9.412085179638691e-4,-0,0.0010244100904702265,-0,-0,-0,0.001097211575622629,0.0011128119071272355,-0,-0,-0,0.0014560203843819654,-0,0.001388418535472331,-0,-0,-0,5.876033199674743e-4
lower-saxony,2020.603825136612,0.0029016809576542517,0.0028340772293037934,0.0014092190950022075,-0,-0,0.0014352198061252915,0.0028756795132703814,0.0029796853688030733,0.003005686865187052,0.0030472892864491677,0.0029536838854148113,0.0029848856670374397,0.0028860800894626015,0.0072805096475691685,0.004394185656960979,0.0014352198061252915,0.004134164335210349,0.008216649132375735,0.00528866893337292,0.0012896159913068346,0.002485659407735331,0.008700327802714423,0.006011547474138592,0.002314051488027633,0.005897134373841046,0.004810222476222118,0.004763418167881299,0.003499717766823437,0.003478916371049182,0.002272449653385527,0.0043473817230861005,0.004420187860645602,-0,0.0021788456471371156,0.004414987418870811,0.0011284122433178158,0.004597003190534185,0.0022464485236385777,0.006604419389508075,0.00546028667006821,0.0043057782616826865,0.0011336123564175387,0.004560599985233796,0.005730715768236012,0.0022776498808985165,0.0023452528858511536,0.0011284122433178158,0.003312505504420438,0.0010192099882909557,0.0018512329521433405,8.840075140874871e-4,0.002470058664356574,0.001570423713516406,0.003042088981968304,0.00150802186641993,0.004591802731076329,0.002262049199925457,0.002314051488027633,0.0015912243458562276,0.0024180562202402007,-0,-0,-0,0.001882434072264451,9.880093861184358e-4,0.0010244100904702265,-0,0.0010764111408929447,0.0043057782616826865,0.002199646522854582,-0,0.0011336123564175387,0.0012324146041686591,-0,-0,-0,0.001388418535472331,-0,-0,-0,2.912008153656445e-4
lower-saxony,2020.622950819672,0.0029016809576542517,0.0014144192361890769,0.0014092190950022075,0.002761273312456735,0.0013728181212779988,0.0014352198061252915,0.007192097344997588,0.0014924214163493834,-0,0.0045710008984342744,0.008861555025932942,0.0014924214163493834,0.0014456200942135706,0.0043681834662727785,0.004394185656960979,0.005735916341602262,0.0027560730365790635,0.008216649132375735,0.006609620050255059,0.007732974960938583,0.00869512693287168,0.008700327802714423,0.006011547474138592,0.0034737160234086795,0.005897134373841046,0.0024024554971491235,0.0035725227175621927,0.006999671088432016,0.003478916371049182,0.005683910631373779,0.00542908340308526,0.004420187860645602,0.005361476388858467,0.005449885578993458,0.005517492708164296,0.003380109854759449,0.008045022298518056,0.0011232121307323422,0.009906943666346611,0.00218404586528353,0.005387479076234068,0.002267249426398356,0.004560599985233796,0.002293250566546213,0.0022776498808985165,0.0011700131626993324,0.004508595450436863,0.003312505504420438,0.004076959818915024,9.256082379355073e-4,0.0017680300566801682,0.0032917041835359632,0.002360853591780659,0.0022828501089257784,0.0037701366691073185,0.002298450796139386,0.00150802186641993,7.696056950952293e-4,0.0015912243458562276,-0,8.424068235148251e-4,0.002610465523232866,0.002776874143198534,0.001882434072264451,0.0029588841810546545,0.0010244100904702265,-0,-0,-0,-0,0.0011128119071272355,-0,-0,-0,-0,-0,-0,-0,-0,-0,0.0010244100904702265
lower-saxony,2020.6420765027322,-0,0.004248573556591155,0.0014092190950022075,0.002761273312456735,0.00411336268563894,0.0014352198061252915,0.007192097344997588,0.005959541488248117,0.006011547474138592,0.007618558073008363,0.007384524313634336,0.007467736196293589,0.005772320369706133,0.0029120815390412773,0.008783541790988263,0.00430057783134404,0.0068904565028238135,0.0041081622745491805,0.009256823881769351,0.011597293146249922,0.00993814962044355,0.01118640314079471,0.008419481575428201,0.012741560904955655,0.007077681647160509,0.009620889959762914,0.00952727272483302,0.0046698096775942876,0.003478916371049182,0.004544998619330876,0.0010868113572177433,0.007732974960938583,0.004290176972232778,0.006536810847169685,0.00883034971790915,0.005631904973156666,0.010343828727871672,0.005621503847760371,0.005501891055171599,0.007639361124810888,0.005387479076234068,0.0067968441834456396,0.011399649447227923,0.006874854437892958,0.0011388124700430575,0.00468541108093808,0.004508595450436863,0.005517492708164296,0.005101450230224663,0.003702531811699247,0.003541320583335314,0.002470058664356574,7.852059283220514e-4,0.0015236223211765214,7.54005466554319e-4,0.002298450796139386,0.003016087467382218,0.004623005495636393,0.00238165454030451,0.0016120249865165582,8.424068235148251e-4,0.0017420291791526898,0.0018512329521433405,9.412085179638691e-4,9.880093861184358e-4,0.0020488403624213725,-0,-0,-0,0.001097211575622629,0.0022204474068869785,0.0011336123564175387,0.0012324146041686591,-0,-0,-0,-0,-0,-0,-0,1.4560020383879417e-4
lower-saxony,2020.6612021857923,0.0014508202390348668,0.0014144192361890769,0.0014092190950022075,0.005527893812761903,0.005486289406854119,0.0014352198061252915,0.007192097344997588,0.007452133958149193,0.004508595450436863,0.007618558073008363,0.007384524313634336,0.0014924214163493834,0.008663921724721541,0.0072805096475691685,0.010250210191398735,0.00430057783134404,0.004134164335210349,0.0041081622745491805,0.015867620728645976,0.007732974960938583,0.00993814962044355,0.012429485382675126,0.008419481575428201,0.010421844303680755,0.016523024821490682,0.0012012138740764501,0.0035725227175621927,0.0023348524178297934,0.008123034425508342,0.004544998619330876,0.0043473817230861005,0.008835550601276452,0.005361476388858467,0.004357782593639265,0.003312505504420438,0.002251648748545568,0.0034477142929898856,0.011243615478634129,0.004404586536875719,0.003276103198336186,0.005387479076234068,0.009064389984535487,0.006838449637916147,0.009168408218935003,0.005689111200059001,0.00468541108093808,0.005631904973156666,0.0077277741878464005,0.0010192099882909557,0.005548696028198445,0.003541320583335314,0.0032917041835359632,0.001570423713516406,7.59205542212683e-4,0.002262049199925457,0.0015288224737982639,0.002262049199925457,0.002314051488027633,0.0015912243458562276,8.060062465617456e-4,0.003369709179755342,8.684072512197225e-4,0.002776874143198534,0.001882434072264451,9.880093861184358e-4,-0,-0,0.0010764111408929447,-0,0.001097211575622629,0.0022204474068869785,0.0011336123564175387,-0,0.001352017576303122,0.0029120815390412773,-0,0.002776874143198534,0.0013728181212779988,-0,-0,5.876033199674743e-4
lower-saxony,2020.6803278688524,0.008700327802714423,0.0014144192361890769,0.002813276099801863,0.0013832183968856015,0.0013728181212779988,0.0043057782616826865,-0,0.0029796853688030733,0.003005686865187052,0.006094757159748407,0.0029536838854148113,0.004477392754523038,0.0014456200942135706,0.0058243261683541825,0.0073221154890305085,0.008606712225085364,0.008268657375683799,0.0013676179842571252,0.015867620728645976,0.007732974960938583,0.004966237141599493,0.006214371316084415,0.010822326102092914,0.009267225734339593,0.011800138776377622,0.014432002532979334,0.008336268169746136,0.005834727334325187,0.008123034425508342,0.003411311892253395,0.009776919059188786,0.005522693260200158,0.010723505631432432,0.003270902870972542,0.003312505504420438,0.007883797606960438,0.002298450796139386,0.0022464485236385777,0.0011024116856079911,0.00218404586528353,0.005387479076234068,0.002267249426398356,0.005699512338984012,0.004581401813715118,0.0011388124700430575,0.0058555296725085965,0.005631904973156666,0.00662002137330365,0.0020384399536850103,0.003702531811699247,0.003541320583335314,8.216064907089019e-4,7.852059283220514e-4,0.003801338940633584,0.00150802186641993,-0,0.00150802186641993,7.696056950952293e-4,0.0031772970674157778,0.0024180562202402007,0.0016848272943518216,0.0017420291791526898,9.256082379355073e-4,0.0037649362923369853,9.880093861184358e-4,-0,-0,-0,-0,-0,0.0022204474068869785,0.0011336123564175387,-0,-0,-0,0.0037285336695298504,-0,-0,-0,-0,4.3680183457128774e-4
lower-saxony,2020.6994535519125,-0,0.005668308928450343,0.0014092190950022075,0.0013832183968856015,-0,0.00717649518955648,0.007192097344997588,0.004472192307027267,0.003005686865187052,0.0045710008984342744,0.0044305887457612245,0.0029848856670374397,0.005772320369706133,0.0043681834662727785,0.008783541790988263,0.011477666607101606,0.009646894777153196,0.010957554418900645,0.002646867363344045,0.006443199164428961,0.0037285336695298504,0.0186453423773541,0.009620889959762914,0.006947664114295283,0.010619484286249373,0.004810222476222118,0.008336268169746136,0.010505061046891898,0.005803523842653571,0.005683910631373779,0.0021736454295049716,0.004420187860645602,0.005361476388858467,0.006536810847169685,0.00662002137330365,0.01014098877854045,0.0034477142929898856,0.0067448374121625194,0.003302104842938069,0.007639361124810888,0.0032293002708088333,0.007930604723981044,0.0022776498808985165,0.0034373136044640058,0.0045501990741136835,0.00468541108093808,0.003380109854759449,0.0011024116856079911,0.00815944012481873,0.00925162295626162,0.0017680300566801682,0.00411336268563894,0.0062923806967118065,0.003042088981968304,7.54005466554319e-4,0.0015288224737982639,0.004529397258114548,0.0015392227806076137,0.00238165454030451,0.003224099948131548,8.424068235148251e-4,8.684072512197225e-4,9.256082379355073e-4,0.001882434072264451,9.880093861184358e-4,0.0010244100904702265,0.002074841393360111,0.004310978692535646,0.0010764111408929447,-0,0.0011128119071272355,0.0011336123564175387,0.0012324146041686591,-0,-0,0.0018616333234368946,-0,0.00412376350938448,0.00430057783134404,0.0035725227175621927,0.00395215018360753
lower-saxony,2020.7185792349726,0.005798323262531595,0.0014144192361890769,-0,0.005527893812761903,0.0027456724863896592,0.008611913086085164,-0,0.0014924214163493834,0.004508595450436863,0.006094757159748407,0.0044305887457612245,0.005969942681265255,0.007218100947794619,0.010187797927392828,0.008783541790988263,0.017214849214742513,0.016538629781530565,0.020549259773638633,0.010577875806439992,0.01804713135840781,0.013662194607839885,0.019888602943288165,0.010822326102092914,0.010421844303680755,0.008258255722860864,0.012023790003689352,0.007145290892723908,0.011670109435255878,0.013922263578133053,0.010229406095077343,0.007602955789610853,0.005522693260200158,0.0182291948530541,0.005449885578993458,0.00662002137330365,0.0011284122433178158,0.0034477142929898856,0.015742782790398663,0.005501891055171599,0.008731533032711871,0.008617113947610913,0.009064389984535487,0.0079826126812,0.010312622530319941,0.007961809492070508,0.007030875297880768,0.01014098877854045,0.011035570915488218,0.00815944012481873,0.011103185307210562,0.01239307669374335,0.002470058664356574,0.004716613901673972,0.004565800441571103,0.003016087467382218,0.004591802731076329,0.003016087467382218,0.002314051488027633,0.007150491607565198,0.005647506665163499,0.004217371016703511,0.007831789748571537,9.256082379355073e-4,0.0028236766635127155,-0,0.003068090509561685,0.002074841393360111,0.0010764111408929447,0.0010764111408929447,0.001097211575622629,0.0022204474068869785,0.0011336123564175387,0.002470058664356574,0.001352017576303122,0.0029120815390412773,-0,0.002776874143198534,-0,0.0014352198061252915,-0,0.002782074421156427
lower-saxony,2020.7377049180327,0.0029016809576542517,0.005668308928450343,0.0014092190950022075,0.002761273312456735,0.006859252377637567,0.0028704792259572447,-0,0.0014924214163493834,0.004508595450436863,0.006094757159748407,0.013298100234577928,0.0014924214163493834,0.005772320369706133,0.0116441036060514,0.0058555296725085965,0.008606712225085364,0.023436480635720867,0.00958968419605746,0.018515295918255667,0.01417713243095282,0.017391708055678374,0.017402111535642723,0.012023790003689352,0.013896256622574928,0.007077681647160509,0.009620889959762914,0.010718304559228361,0.006999671088432016,0.009282828517093458,0.017048394384522287,0.007602955789610853,0.013256489611384628,0.007504141436826126,0.01307444352642146,0.011035570915488218,0.004508595450436863,0.0034477142929898856,0.008996778243757634,0.004404586536875719,0.006547212155654591,0.007540546702846017,0.005663108361845575,0.012538711602429472,0.005730715768236012,0.006828048271176257,0.0035153188191119765,0.009012380945368752,0.012138216584987522,0.006120760213804969,0.00740012653149294,0.006193568834347745,0.006583616751733007,0.003931348606847413,0.008367473181271885,0.004524196805412104,0.0030628902030005773,0.003016087467382218,0.006167565743876809,0.003972951768688912,0.0024180562202402007,0.003369709179755342,0.003478916371049182,0.003702531811699247,0.0028236766635127155,0.0029588841810546545,0.003068090509561685,0.0031148932919855626,0.0021528445641883763,0.0010764111408929447,0.0032969045129798693,0.0022204474068869785,0.002267249426398356,0.002470058664356574,0.0054082812354987984,-0,0.0018616333234368946,0.001388418535472331,0.0027508727612272207,0.0014352198061252915,0.0011908136348706493,0.00497663813593485
lower-saxony,2020.7568306010928,0.0029016809576542517,0.004248573556591155,0.004222571438720794,0.0013832183968856015,0.00411336268563894,0.00717649518955648,0.007192097344997588,0.004472192307027267,0.00902278274904181,0.006094757159748407,0.005907535554375335,0.0029848856670374397,0.008663921724721541,0.008736733906195835,0.011711718789039807,0.008606712225085364,0.01791708639536092,0.020549259773638633,0.01189896129308804,0.01546710007179904,0.013662194607839885,0.01118640314079471,0.01924356027822808,0.024326089099468276,0.01416152817957697,0.010822326102092914,0.007145290892723908,0.011670109435255878,0.013922263578133053,0.01136324147934599,0.008689926063543336,0.009943350614610848,0.012866391638280074,0.007628959597872207,0.005517492708164296,0.01239307669374335,0.008045022298518056,0.0067448374121625194,0.003302104842938069,0.012008186398478806,0.008617113947610913,0.007930604723981044,0.015961249379015705,0.013750617911807095,0.005689111200059001,0.016403386950121893,0.013521757904712061,0.00883034971790915,0.007140090178408533,0.00832586650339889,0.011503672353074815,0.008232251599903536,0.007077681647160509,0.006848851006736582,0.011311230140872703,0.0068904565028238135,0.003775337046391954,0.01002136558959044,0.007150491607565198,0.008065825520937807,0.005059846165506341,0.003478916371049182,0.0046282059582205765,0.0028236766635127155,0.004929833677805979,0.0020488403624213725,0.004149765577846888,0.006464001746029936,0.0021528445641883763,0.004394185656960979,0.004440989632957202,0.0011336123564175387,0.0012324146041686591,-0,0.0043681834662727785,0.0018616333234368946,0.005553896583354971,-0,0.0028652789391583914,0.0011908136348706493,0.006734436064147517
lower-saxony,2020.775956284153,0.0014508202390348668,0.005668308928450343,0.005626704410198463,0.009672899607554079,0.006859252377637567,0.010052571612347957,0.0028756795132703814,0.007452133958149193,0.006011547474138592,0.006094757159748407,0.010338627693648754,0.013438536333678437,0.005772320369706133,0.013100450070966259,0.019035483706049034,0.011477666607101606,0.01929557955137028,0.013698604185383193,0.0238058483840873,0.019331993073529896,0.023602955915841693,0.02859746216291918,0.013225281665846569,0.023165959442229347,0.020060268871590133,0.016835124911993838,0.013100450070966259,0.023342838524866676,0.02204747329218073,0.017048394384522287,0.022817405363896353,0.019888602943288165,0.016086087841743948,0.0174385237319118,0.014348779505165127,0.019155127633317535,0.014941746484672705,0.019118714235009465,0.0154150846284124,0.019649311988794837,0.014000284522855034,0.014728485652022423,0.0205232495034856,0.01718884061239943,0.015930039810160994,0.019914612895994433,0.018026324142464724,0.01545149543332269,0.017339690687083274,0.0175789710134846,0.013277294918819153,0.019758553374894256,0.017303278560020424,0.015217426418069304,0.013573771454237438,0.016845528280604895,0.007545747457218475,0.011566086196461307,0.010333426659940269,0.010484256848604085,0.007587353510900485,0.015664759231185592,0.010187797927392828,0.007530145195667328,0.006900857882046998,0.008185444211358792,0.0010400104001397088,0.0010764111408929447,0.0043057782616826865,0.006594018069580277,0.009995360584923656,0.005663108361845575,0.003702531811699247,0.0054082812354987984,0.0058243261683541825,-0,0.0041653668251699465,0.008247854072118593,0.00430057783134404,0.00238165454030451,0.0058555296725085965
lower-saxony,2020.795081967213,0.01015139080797669,0.0127519634546151,0.008440284947649665,0.00828946068757165,0.009600086115211843,0.010052571612347957,0.011508873503826681,0.013412529620047454,0.018041929553644385,0.006094757159748407,0.011820943501131212,0.011945772024446666,0.015883225492003324,0.008736733906195835,0.0161068942813376,0.01434357807035207,0.020679311319569783,0.030142734701166893,0.04364631218933612,0.039966955272617254,0.04969934267246063,0.04476526301784619,0.026459130450558404,0.03938931467724504,0.03540845263453481,0.027666158467289727,0.02977852491633041,0.04319353427824543,0.04062266318396982,0.0375107261183084,0.02716149248307872,0.029830554729414812,0.02037759223104757,0.02506483985834492,0.01655423474624765,0.021407605987602208,0.021839385499940696,0.015742782790398663,0.027525683938527255,0.019649311988794837,0.017235656105985493,0.023795443622868267,0.0205232495034856,0.02063249272556671,0.015930039810160994,0.021090276342574286,0.023665384283293667,0.02538739629821702,0.02754129220075843,0.02128275474865587,0.021246339860430657,0.020580472114999304,0.019664917887047415,0.0251116624432172,0.024138801842335366,0.015311053897737304,0.016601049668502583,0.016959965472689884,0.015893628670174555,0.013709006926505778,0.015175814258995226,0.016538629781530565,0.014816910769176628,0.01129042562004973,0.014790903366165726,0.015352666165034902,0.007264907465600685,0.010770315304649863,0.009688502512032309,0.006594018069580277,0.005553896583354971,0.005663108361845575,0.0074105280126641575,0.010817125020004748,0.0043681834662727785,0.0018616333234368946,0.005553896583354971,0.010999163202516062,0.0071712944721202465,0.010718304559228361,0.009953752604511815
lower-saxony,2020.8142076502731,0.020304763747825676,0.015586735789043028,0.009849732799143621,0.006911259263350734,0.012346265559716659,0.015794798561581988,0.02158447908926038,0.0327911368526245,0.010525865253503073,0.02286422592514429,0.022161921932850572,0.01791708639536092,0.015883225492003324,0.023296017532670587,0.042475342919471665,0.027260344197353025,0.03584555200389647,0.04110664337461154,0.039680736157567675,0.05673173576644688,0.07581404015730156,0.07213761374798719,0.05293173093966539,0.06488967036922123,0.07320510455231208,0.05413937360402129,0.04765903355495698,0.050199022414988075,0.05339500433559273,0.048887373331493345,0.04781517683202685,0.03756796742649722,0.041830020014312116,0.0392384006239477,0.02538739629821702,0.02704183013301061,0.029892990573834894,0.03149553623615686,0.030829537236145035,0.04804939262675356,0.04740920528686655,0.029466347131083353,0.0319273995216093,0.03438856839416482,0.039831651494615566,0.043354868484106454,0.042829233074009355,0.036428356878448344,0.03978481565348968,0.03979522361453939,0.026557980829654097,0.03540845263453481,0.03540324909274682,0.04109623515107383,0.024893157407845867,0.02450297212836152,0.030189561858581068,0.02390469371950037,0.03418043121094688,0.025814006275651023,0.029513173679393382,0.017407313276408307,0.021303563267664152,0.02070532166778468,0.017750629317229673,0.015352666165034902,0.01452562859847291,0.012928807117320678,0.015066582499860964,0.016481411617619894,0.012216234852964341,0.012465894097099084,0.008643118263024918,0.010817125020004748,0.023306422193959144,0.01491573901923189,0.01388065245547877,0.017875472075872385,0.014338376636053524,0.00952727272483302,0.024742285419274965
lower-saxony,2020.8333333333333,0.03191178994279369,0.0127519634546151,0.015477503166720077,0.024877549940455535,0.028810779882300387,0.024409328096941,0.027338385157150143,0.02534057346506397,0.021048659483589287,0.04726347268477339,0.04137725791782401,0.03435214432696426,0.043323642469712965,0.048054597434171197,0.05273393007288503,0.06458248818851582,0.042740760309584576,0.06441588166306195,0.11382769321958489,0.09028793842114724,0.09198611209321184,0.09081405378296466,0.09507005393761044,0.09388750731980941,0.10865824610685267,0.06497297432422909,0.07746487141917925,0.09110055448591844,0.06965903668627586,0.06595180579212696,0.055425127438592015,0.06742008754211694,0.07296036082197542,0.06105262658524514,0.05741888957418059,0.05522731708706406,0.06555089918649569,0.06863327360096325,0.04074756086645094,0.05897543064331097,0.05711175152268317,0.054410055979878406,0.057028460160391224,0.06879989363939092,0.05919407894031788,0.06446273969439509,0.059745909682860324,0.05962617232615096,0.05203642775779658,0.053686504318222444,0.06286959031669248,0.061771074569415586,0.05193232373705603,0.045665645585377126,0.04979303225844547,0.04978262229611121,0.05284324098520251,0.057845762421236395,0.05485772607825278,0.041143072173402365,0.04385448726457489,0.0383069063346535,0.037052797921164934,0.030116719631940177,0.03649080064528632,0.022520876121625445,0.03321260425261641,0.020471229002204546,0.021527255372886592,0.024175218756174933,0.024430137867128703,0.029466347131083353,0.02593886839455305,0.022983878662088706,0.023306422193959144,0.024237647810652917,0.019430829905075154,0.02062208859928993,0.025814006275651023,0.022630123540467888,0.048033778207614876
lower-saxony,2020.8524590163934,0.029008489769455817,0.02409198013345158,0.025330168396754896,0.02349370645315294,0.020580472114999304,0.050271892778607524,0.02158447908926038,0.04174154894992997,0.06016759561264149,0.05031353303224191,0.05468073976476109,0.03435214432696426,0.06934141245146519,0.05679940960198421,0.07178873126095485,0.07750653345395023,0.0827562169210053,0.10419792653473117,0.09527843498319087,0.11869536419271103,0.10816321513058644,0.10575586851433048,0.10109260283547268,0.09504921587897956,0.10629777231819747,0.10110823319509926,0.10728780346612996,0.08174581998862178,0.09173607077027497,0.06026130406143199,0.08370413292309198,0.08623025720038965,0.0890690381340064,0.06105262658524514,0.06625899606200639,0.07214802818656514,0.07245525506294959,0.06863327360096325,0.048455369169999596,0.06116195498598568,0.07652227680329424,0.06461893343711238,0.07300722655351143,0.07224175822762682,0.06374946089924406,0.07970946108661736,0.0766628837556325,0.08282913292307509,0.06224483917839078,0.06294768473675043,0.06286959031669248,0.061771074569415586,0.05901707786709923,0.060896443554352406,0.0633850156564848,0.049017495770202965,0.048314838469420286,0.048585490527684766,0.06201576564167941,0.054056087002616514,0.05650789216864769,0.04004501530468429,0.03612654639581978,0.03576749827561323,0.02958601506058414,0.024565401576333933,0.03840057539685578,0.02801474504825408,0.02475789284607234,0.016481411617619894,0.019987440832793094,0.021532457526321044,0.020996638456688716,0.018926243838959245,0.014567240237249476,0.0186453423773541,0.024986802310579447,0.02200065346632123,0.0243781134572741,0.025012814813486828,0.040711132344735924
lower-saxony,2020.8715846994535,0.0435214075442208,0.031178145023819544,0.025330168396754896,0.03317097769070606,0.026068933420563725,0.03446662005265436,0.04461433336172354,0.03428449969842151,0.06468141106556755,0.05488895901963695,0.0458113737095424,0.06722743828287,0.06355682523840551,0.07137215822308132,0.06299454144508015,0.05883487150928615,0.07861579740538267,0.0932207087493739,0.10322879554119384,0.11094587150986392,0.09945144121954369,0.10700121356380421,0.0926633133805872,0.08808456260584961,0.08502186903929386,0.08905862030597698,0.07985007665731925,0.0852562524788861,0.08243851267671251,0.0773294700367049,0.06956010433952901,0.08069898614266309,0.06329650791158187,0.06541552882288913,0.07399662407754347,0.06311949287371439,0.06670156150574652,0.06075587922762501,0.07049736570589926,0.07427782470407329,0.06142226162721129,0.08730845482541774,0.061594064724238874,0.07109097330904951,0.07969904513354333,0.06446273969439509,0.08343329801640198,0.08282913292307509,0.04999082193874902,0.06480116006325273,0.060214449815930805,0.059298197500119186,0.05901707786709923,0.0487104073373914,0.04526489534970382,0.061276489747583734,0.05435800156739953,0.05398841673719735,0.050084512049894864,0.040336440459756685,0.03879086497220482,0.039175953557591986,0.03612654639581978,0.031058473430288107,0.047341543670816826,0.03173488171033182,0.018676553575927277,0.024778702755751933,0.03121976999047574,0.03516909025109235,0.018879426823316448,0.015862419141904678,0.02717189791783759,0.031100098301149643,0.014567240237249476,0.027967919849274787,0.026375888171802614,0.013745416536820583,0.021511648915717375,0.029783727895299057,0.054628685081314625
lower-saxony,2020.8907103825136,0.0304601195937375,0.026927370751480138,0.023920300894896822,0.030408089150729574,0.027442439952402576,0.02584522177727002,0.05181260437086714,0.0477058764888465,0.04361508599993017,0.03811436490334804,0.05468073976476109,0.049293356417135135,0.05488375352810062,0.06117236722661607,0.060063475312048926,0.060271716121721726,0.07171583073842223,0.06852913634806668,0.08865753551385232,0.08899611338163041,0.08949617088023568,0.09081405378296466,0.08182394276246638,0.08924614152983328,0.07911054717392291,0.07220010041074157,0.08104272030555179,0.06305181081260033,0.09289773126562842,0.07391330566541374,0.08479269514207938,0.05747094705084208,0.06329650791158187,0.07196577581259352,0.05963137829245168,0.06424927567141471,0.0597979694891673,0.061880404480677165,0.05506594604182277,0.08739700344986188,0.0711274231195362,0.06574874881337008,0.06844582669590007,0.08945449923834774,0.08881380194812737,0.07267396004705075,0.08907424704880089,0.06183354877627452,0.08062607312748747,0.06665470145693851,0.06198452841940445,0.05353034341002381,0.05350431663758648,0.05252051419205301,0.06564982390583558,0.049017495770202965,0.049824262157946365,0.05244243543010251,0.04531173612694091,0.0516356284213729,0.05313473787478791,0.0461444680983624,0.04446860859217735,0.048012958989393936,0.02859746216291918,0.038905350469977895,0.02283301221295963,0.030168749783414453,0.022604112229445653,0.02527814308643993,0.017766234645672403,0.028332116952747597,0.028410159521071628,0.035158683215936286,0.018936647625938004,0.029835757713583645,0.02220874190390769,0.02612616213506999,0.022942260287575157,0.03216674698358214,0.07587653123805355
lower-saxony,2020.9098360655737,0.03191178994279369,0.03259861584354137,0.014073104176881762,0.02764014463703324,0.019207146817994344,0.028722330965627346,0.028779562600412235,0.02832171128582109,0.04211104674668278,0.03963910441753364,0.042855254503961625,0.03733900257180066,0.03321260425261641,0.046602476366937574,0.04540541780800134,0.05740327234134746,0.07585570086945857,0.07538701978209734,0.07674099889344502,0.08125104514647673,0.06461893343711238,0.07587132364511963,0.08062086505888992,0.0788084888608465,0.047216630149410695,0.06497297432422909,0.07269478914112995,0.07707429146653796,0.07198139741961683,0.06481157303260637,0.06521247393824776,0.05194273412975135,0.05256215624636485,0.059964561219589,0.05631528333252002,0.06537908301597856,0.057496975808713074,0.05175014220226894,0.048455369169999596,0.05897543064331097,0.05495663045698886,0.04533775879919775,0.055888423049073266,0.06650370825358362,0.07855851089415898,0.0750172854605448,0.0495952433304613,0.062942478438428,0.05917846117432485,0.044426973018742204,0.05046968428033964,0.05023545758403316,0.04406266317321818,0.04338089017709445,0.0520624537955439,0.041356441364500215,0.039254012402257184,0.040872458848916056,0.03815599542268296,0.037110038725270904,0.05229148348942507,0.039175953557591986,0.04168950721766337,0.025413409001518537,0.03649080064528632,0.03481004874182383,0.019716937581699536,0.030168749783414453,0.03121976999047574,0.03297325197669694,0.0211006805625262,0.022661337130866044,0.023467694710147927,0.016221329847915026,0.02039319834786262,0.02610535168614876,0.019430829905075154,0.030251998134053146,0.020075874893171124,0.02143881884417873,0.052577772025326264
lower-saxony,2020.9289617486338,0.02610535168614876,0.02267174166516239,0.015477503166720077,0.026261430256099703,0.034305313420909346,0.030158343748954774,0.017266866458460307,0.0327911368526245,0.022557291902402205,0.05488895901963695,0.0458113737095424,0.04779956248322346,0.03610052833277588,0.04077358125472403,0.04540541780800134,0.05883487150928615,0.0482575853299201,0.06852913634806668,0.0634995553146934,0.05415498985663954,0.06959655307695642,0.07836061252278431,0.06376508003815348,0.07185121750446419,0.06139102476146144,0.07340298330410988,0.059579318652927135,0.0677272864860265,0.07894910199520613,0.052296688721467095,0.059771939579495954,0.05525855025043205,0.049345405759913585,0.05450895950714556,0.0397431838301227,0.056356928425822475,0.04369315150860115,0.05962617232615096,0.05286406213741164,0.06334857127269385,0.056034179825060024,0.043068630720708,0.04447901749074503,0.053884308808504644,0.06830524196053311,0.06329130157834054,0.06312990550632057,0.05520649498857034,0.05815811062701455,0.044426973018742204,0.05489937000426714,0.0518854769957214,0.0472114254258608,0.04490578412595868,0.03847342922854834,0.042121455173345305,0.04453626647010809,0.03855669087547414,0.03815599542268296,0.03145911419535494,0.029513173679393382,0.033951481271630446,0.03149553623615686,0.02635507762293479,0.02761413081979635,0.01637737875364091,0.012450290359226115,0.019394416313704015,0.029065721719190515,0.02197984466836663,0.023322029189798366,0.022661337130866044,0.01976375535138826,0.021631298540399815,0.02621980925830512,0.02050764334763409,0.033316670803178516,0.016497016565171854,0.0243781134572741,0.03216674698358214,0.061661744888013695
lower-saxony,2020.948087431694,0.02755690046768034,0.019836583076899693,0.02251567386930727,0.030408089150729574,0.012346265559716659,0.04739879580174918,0.03597564181139599,0.023847467449782493,0.048127464792759575,0.04726347268477339,0.0369435201973836,0.04630581146000827,0.037547152398046076,0.06117236722661607,0.0498034422228637,0.05596650698539999,0.07033594726639412,0.07538701978209734,0.056882700597393324,0.07221572208816558,0.09696114252348671,0.08707927085059092,0.07700659123973813,0.08692821832853562,0.0779283634359426,0.07701700665350926,0.09058485435712406,0.08758972744780813,0.08824603615010915,0.06708685684143714,0.06630064911967244,0.06852913634806668,0.05578431131635869,0.06432737216353493,0.062942478438428,0.05071432217846827,0.06094850451252984,0.06638395533509953,0.07270520369129829,0.06006868132212452,0.06897172111318853,0.07028908394232902,0.07186683907707822,0.061916847835518186,0.06602990484124538,0.07384560955386028,0.060870413094806536,0.07067440586086896,0.0714346439660138,0.045353372408798116,0.06907585925243327,0.05683064370963065,0.046420313504227644,0.041856040944250744,0.04677423050769341,0.04978262229611121,0.04000858727513301,0.04318832995736075,0.05565417194359651,0.041143072173402365,0.0463838810082647,0.04091929566968116,0.038905350469977895,0.03388383716429119,0.02958601506058414,0.029690074353566534,0.023868276995121535,0.0161589104167443,0.013989881723461418,0.019779361283981098,0.019987440832793094,0.018130360305438,0.016054878197968896,0.018926243838959245,0.03204707311488609,0.03542926680690537,0.029154171219953295,0.0440054147152564,0.025814006275651023,0.038124772530057194,0.0766108070622905
lower-saxony,2020.967213114754,0.03771367285894664,0.02409198013345158,0.021105882673285677,0.02764014463703324,0.034305313420909346,0.028722330965627346,0.025902450245570342,0.04174154894992997,0.04361508599993017,0.03963910441753364,0.03546569162859827,0.03435214432696426,0.05922010856072229,0.05971467382409355,0.04833565780850496,0.0473519531444791,0.06205741530056891,0.06167215722871442,0.08865753551385232,0.10965353317410123,0.09323112741128141,0.07711595318838008,0.08784495762551033,0.11477617580281747,0.10865824610685267,0.0878553752103939,0.08581356845556068,0.0688936176456205,0.0754651330033052,0.0773294700367049,0.07391330566541374,0.084016636491346,0.07296036082197542,0.07632959381942711,0.09721120897243582,0.07778775306172998,0.07130446541963337,0.07651706914569108,0.06608717755181963,0.06116195498598568,0.0711274231195362,0.07823041663656279,0.07986049264064597,0.06535825685206824,0.07400183148273128,0.07970946108661736,0.07553803878230204,0.08504270308003362,0.07857934234548479,0.0722105148618342,0.06464496577317648,0.06836772401821549,0.04563441818333093,0.06851351577811579,0.0739549648547912,0.066644288118493,0.06417638571792679,0.07560052953136964,0.04531173612694091,0.0516356284213729,0.06241664499316302,0.04875725121839539,0.037052797921164934,0.040476949600232785,0.04043531722273161,0.04197573738966224,0.03009590758592735,0.026937776139390295,0.03121976999047574,0.03407115952325587,0.027765011140936866,0.028332116952747597,0.03582473766489773,0.03245292474289763,0.027676564003035045,0.03729216897572205,0.056929551840945204,0.03437816151521754,0.053077479428229823,0.05242681969177731,0.10315064060293712
lower-saxony,2020.9863387978141,0.029008489769455817,0.021256744111607988,0.02251567386930727,0.02764014463703324,0.027442439952402576,0.03159439618977572,0.017266866458460307,0.023847467449782493,0.02406076568428216,0.03353521123726229,0.0369435201973836,0.026880546531653973,0.02454459175201527,0.03640233866439973,0.029289447218012972,0.04447901749074503,0.05515443977881336,0.06167215722871442,0.056882700597393324,0.08383434251496245,0.08825124498246299,0.08707927085059092,0.09868558352428383,0.06373384176502035,0.09092865387472242,0.08303746492094738,0.059579318652927135,0.07941260724161575,0.07894910199520613,0.0693622402107033,0.07282497116815015,0.05304624757486168,0.07725656174601865,0.05887131272977087,0.06515520219106771,0.06086520700446448,0.05174493702493626,0.06638395533509953,0.06388482692567367,0.08192810664350345,0.0646605851810751,0.06234896384685358,0.05360842380550239,0.05732518624752535,0.05691393475506906,0.055081562572699104,0.05748656430400006,0.0750953981263477,0.07245525506294959,0.06387441414189873,0.05932943310871388,0.0675398428467844,0.06216674581386945,0.057085722957636593,0.05810084664883616,0.05667967902980812,0.061911641640403275,0.05398841673719735,0.06201576564167941,0.04517641844115139,0.05060501574132481,0.04004501530468429,0.04076317309785119,0.03576749827561323,0.03649080064528632,0.040950520240296676,0.02283301221295963,0.017235656105985493,0.02368099138687019,0.03297325197669694,0.023322029189798366,0.029466347131083353,0.02717189791783759,0.02974730705346839,0.03496615344124456,0.03542926680690537,0.034705979202554665,0.03162561516154576,0.02868070799807265,0.023821455529816533,0.09670065791792427
lower-saxony,2021.0054794520547,0.01015139080797669,0.014171931013309177,0.014073104176881762,0.016585444689736547,0.01371940966970946,0.021537659680270146,0.010073375637927505,0.020866586117123737,0.016538629781530565,0.024388518335081114,0.0369435201973836,0.031360254498927265,0.034659147977837125,0.024752690369950796,0.03954543312430966,0.032999268475063015,0.04963688304224986,0.04796091098031463,0.05291090976036699,0.07092434592932799,0.07954280608780452,0.0808500205707522,0.08784495762551033,0.07532973682778829,0.06611321062292938,0.07942302313731447,0.07388726868900383,0.07005997496596231,0.07198139741961683,0.06708685684143714,0.07717844583372281,0.07295515352108194,0.07403307592482662,0.07523600122048826,0.06073505491523971,0.05522731708706406,0.0644002623286713,0.05175014220226894,0.05286406213741164,0.05350952199102949,0.06250515124048729,0.051005807134158546,0.06501983285756448,0.05847046070899056,0.046664932352484825,0.03984205946503962,0.05523252261298737,0.05410293569949295,0.06530619147878404,0.06943513743372597,0.060214449815930805,0.05023545758403316,0.05271831424702876,0.04795050138474914,0.05961055443038754,0.050547760080229334,0.06493132233004355,0.056304872064404245,0.057241894543356646,0.04679504922997094,0.04554073608970957,0.053983211335809564,0.05744491830599985,0.02729676329734818,0.03945176199982789,0.03275991718110858,0.020757342403251337,0.023701800865582573,0.034445806265601224,0.028571447866759088,0.02220874190390769,0.029466347131083353,0.029643247645955384,0.025689144456566518,0.023306422193959144,0.041023377644647675,0.026375888171802614,0.04125235872288552,0.04589985169846541,0.04765903355495698,0.10373941069518869
lower-saxony,2021.0246575342467,0.029455941237184754,0.038244460386929136,0.015316255429325545,0.02636028025937385,0.027281155108514348,0.028462187965017663,0.024117992188736462,0.022765382567505477,0.02955479731329391,0.028259277327995398,0.02868070799807265,0.03661568840391218,0.04892380758150823,0.04009185138016989,0.041928899617336514,0.049449504601761174,0.06407746380161104,0.079495934465618,0.09585148716430554,0.09964941987351743,0.1155579052228274,0.11248317063075486,0.0974612766239528,0.1252836017597747,0.11717351659906655,0.10529733893732021,0.09814375904255063,0.10366125498948464,0.09600777521881765,0.10187412657231644,0.08178227726847519,0.07286142219411701,0.09269456903753641,0.08053232797249253,0.06452521713517896,0.07085144661859487,0.09144435741311144,0.07389247608324054,0.07581924774449875,0.07640250081043853,0.07804814294350221,0.07387685390208906,0.06750860230593364,0.07708470689386922,0.08325621441701808,0.07368938809432042,0.05827263877255994,0.09430426076837171,0.07709512232328666,0.08051670379642034,0.06657139480776962,0.06815424396440914,0.07496521041519545,0.07155961567714854,0.06854475692270412,0.06262489522664405,0.06213550850089821,0.05669529604532494,0.05946999357957668,0.07168979486228885,0.07043488108922956,0.04653481580058254,0.0515627561466545,0.0484293449375319,0.033103334598675205,0.03368610873967926,0.030902380461316957,0.040825622070337214,0.028269682982428317,0.037031983098929425,0.046685751031003794,0.028129206823277395,0.03793743556800442,0.02764014463703324,0.039904507331330934,0.03418043121094688,0.04001899528097141,0.05275995645974098,0.03673016911281529,0.07677224498141991,0.12023289243575933
lower-saxony,2021.0438356164384,0.011217609862723512,0.03257780280417161,0.022276370825420815,0.018031525945672842,0.015004164454808108,0.02304110398143001,0.031214566867818642,0.028462187965017663,0.0369435201973836,0.0386763797264933,0.0347215896201702,0.02782224172209667,0.045957102242106626,0.04438533747864398,0.03758878246328038,0.05235915154657262,0.0583819613286117,0.054810876701353525,0.07558490683705942,0.07078375449299748,0.09242368730145435,0.07166375899918559,0.07523600122048826,0.08706885342118949,0.07693889110107896,0.07719406900679761,0.08496978397396944,0.06711809712890698,0.09369475997946766,0.07552762366475863,0.053759379569208725,0.06857079122420169,0.05341582570873286,0.0678053882017954,0.05376458494818435,0.05013135716876957,0.056856672146997765,0.04773190035924526,0.05908475467689358,0.04473403615649916,0.057439712558591385,0.05459224683391008,0.049501554100836294,0.057804116135553286,0.06043310332280749,0.054410055979878406,0.05943875788654936,0.061729425139871404,0.06938306797828363,0.07541826505650084,0.058246609626425694,0.06195849741517902,0.06424927567141471,0.05424868747081092,0.05482649315562814,0.058850489172085234,0.06290603436478938,0.050641451194841015,0.03860872947250306,0.04539500872399343,0.044515448652137087,0.044838125767242304,0.050688296815447106,0.03911350656623497,0.03499217093670725,0.03368610873967926,0.030902380461316957,0.0261677830579091,0.03153716145687352,0.033764159343787806,0.031120910749075352,0.024752690369950796,0.035637408988830326,0.025127269980875076,0.04128358349349116,0.029721292182069287,0.04192369542301884,0.027088654498067428,0.04238687075715279,0.06938306797828363,0.11908625689392181
lower-saxony,2021.0630136986301,0.011217609862723512,0.025491447189510977,0.03481525222425171,0.023582146476685266,0.028644287928795312,0.0216833202022213,0.024117992188736462,0.017074402916619102,0.032510160483754776,0.031235379361559235,0.036230618778158946,0.029289447218012972,0.019269569908297247,0.028633882199400405,0.041928899617336514,0.031989837883740796,0.05410814111286562,0.05344185243687919,0.04858028566712269,0.06553527951116833,0.06930496389287484,0.053119121928566874,0.07029949801069428,0.05723668881627874,0.0711899085683893,0.05261941412549073,0.046654523016350945,0.05887131272977087,0.07170020921117906,0.06064134561271229,0.059365874675785524,0.06964341577690428,0.05887131272977087,0.03919156531715321,0.04623815127966179,0.03704759421482783,0.0602040377671076,0.0420485962304584,0.056856672146997765,0.04910077430186073,0.06178148693200822,0.04602476205676485,0.05062583599734672,0.05553444400831644,0.057007637340662484,0.05553964956498517,0.05943875788654936,0.05611226398025767,0.05175014220226894,0.06012074145157553,0.05177096291679842,0.0495588086099905,0.051063063299592794,0.04716978765624455,0.05406649782049767,0.058095640835767744,0.05062583599734672,0.05291090976036699,0.0424701386704653,0.03981603954288836,0.036417949591265555,0.04737797683775428,0.04019593169894915,0.0419080828431793,0.029315461873366925,0.029721292182069287,0.022661337130866044,0.025116864955247398,0.021745746265098582,0.014156326763488405,0.02111628689636012,0.02362376536333145,0.021839385499940696,0.03769285777217115,0.02201105786842406,0.026745276800109165,0.03239568906503907,0.04990754198165981,0.025429016629750174,0.050183407350351136,0.09039732830557842
lower-saxony,2021.0821917808219,0.004206970174240745,0.021246339860430657,0.03481525222425171,0.01942042601922349,0.010910744577132949,0.02981494578002612,0.022697753010008308,0.0341544141216239,0.02659960209812348,0.02974730705346839,0.022640528068518795,0.017573769255553245,0.031126113862355444,0.02003946085009725,0.03469557226008304,0.05235915154657262,0.03559057692525954,0.04795570618226852,0.053978005934948635,0.06815945078455977,0.04875725121839539,0.04570728215060413,0.06289562177701172,0.06439505588491315,0.05625802138367613,0.06198452841940445,0.06580602121427444,0.05062583599734672,0.0659153596093483,0.052629824655742376,0.05264023518807825,0.036417949591265555,0.05887131272977087,0.054024854561479006,0.0419341038121808,0.043589064189746334,0.04347456837965489,0.03977440769452316,0.04235564532403662,0.04364631218933612,0.04117950099770775,0.05030832799871698,0.046123649636549864,0.05553444400831644,0.0718408031253306,0.053275281601831606,0.05011053711073083,0.041517769870723725,0.05726271745689131,0.04992836195842812,0.04437492859882831,0.04601955745251443,0.04364631218933612,0.04559798623797571,0.041876857697568645,0.05658597703518425,0.036813427968497014,0.04156981143111535,0.03320219760901483,0.04140848276343457,0.033993108458347285,0.03552813423943771,0.027957514255227123,0.029799336835317016,0.03120936374568795,0.016840326596036313,0.014416398205115664,0.02197984466836663,0.02283301221295963,0.016335765666323752,0.023337636190316008,0.02362376536333145,0.016091289450864764,0.018843013618069403,0.026141769977233623,0.017828656006258024,0.030486134834770095,0.038494244627781296,0.029664059510800134,0.04870520246433173,0.0858291942232362
lower-saxony,2021.1013698630136,0.01262193173338156,0.02407637290652759,0.015316255429325545,0.020809363190759527,0.028644287928795312,0.006776041468690766,0.01986259300359185,0.015649154533393755,0.031032457902916963,0.02974730705346839,0.02113189323487207,0.021964238075358078,0.03557496624677159,0.012881995501013856,0.028914837623944253,0.03344675428424764,0.03701116828502577,0.027400818009318758,0.052629824655742376,0.04849180311732818,0.05389471959199449,0.0432351688640971,0.061661744888013695,0.06201055943666092,0.04706569337805377,0.02922701209825631,0.044260431058376036,0.0459154654768417,0.05318679106273686,0.03775009928085571,0.04031562432308695,0.05463389054731724,0.054503754053654936,0.03601206701581435,0.03977961167374313,0.04140848276343457,0.036782205881992124,0.04773190035924526,0.04346936403064337,0.03818721833405045,0.04876766097546099,0.03853067159649152,0.03936849891971599,0.03512746212297075,0.04446340414367195,0.043068630720708,0.04311546951962554,0.04713335463517197,0.03853587545124419,0.030564180635947884,0.0462225374043882,0.04424481777693484,0.04200175839251255,0.04324037318967533,0.029690074353566534,0.03696433498420876,0.03220837274160241,0.04232441990967097,0.03551772713242403,0.035039002461352296,0.045327349728733445,0.02621980925830512,0.025335370930646296,0.029799336835317016,0.022697753010008308,0.026750479475582293,0.015446293888200674,0.0177922435368097,0.017396909795403263,0.020689715457295654,0.011113587529125463,0.021376393149766883,0.017240857830099987,0.016330564032753465,0.009631291885159604,0.017828656006258024,0.05527416683915676,0.027088654498067428,0.035319992494909205,0.04132521655013934,0.07627230982677412
lower-saxony,2021.1205479452055,0.009818526898106836,0.028326914119026943,0.030637023489394902,0.020809363190759527,0.020460824908193256,0.02304110398143001,0.031214566867818642,0.027036627428381574,0.031032457902916963,0.026771290182691698,0.03321260425261641,0.021964238075358078,0.019269569908297247,0.02003946085009725,0.028914837623944253,0.02471627305169694,0.03131862941982168,0.04384407849101936,0.05667967902980812,0.06291644695465208,0.05518046737717515,0.0432351688640971,0.03452385801001032,0.06320279399294543,0.059704261875340864,0.051453447926050395,0.04785161033081124,0.04120552160212122,0.036995557180068694,0.03317097769070606,0.0369539275897547,0.04498905607292327,0.035965234614819264,0.046607681029531826,0.04516080488468342,0.043589064189746334,0.06466579165141338,0.05683064370963065,0.04570207757812972,0.03382139652792902,0.044432177463595596,0.03424807570411133,0.04049776580148282,0.040794397574719504,0.042183905777065524,0.04420318238268499,0.03961828856001279,0.03478403133747756,0.04404184554484988,0.04381285218285383,0.04067470384854662,0.03185455486054549,0.04282402878958494,0.037734487954054215,0.04111705160023255,0.02941952062494109,0.03220837274160241,0.029471550078810655,0.039384110737078704,0.027073046371698873,0.030751491036697904,0.03045491654709628,0.021844587684595407,0.021418010271046003,0.02080416110966395,0.009906943666346611,0.01957128256780228,0.01988340095430464,0.021745746265098582,0.01851009406665356,0.010000561584818924,0.018000315134246866,0.018390451623496243,0.017584172771942085,0.015134202133226351,0.02228677528269061,0.026677642066292553,0.0199562288473898,0.01836444243315097,0.030990833086205812,0.051167165580086396
lower-saxony,2021.1397260273973,0.014021090127885627,0.022661337130866044,0.020887394469597018,0.024971194815076394,0.019092704680395946,0.01897306089675849,0.02128275474865587,0.029882584594558902,0.03398790505818819,0.028259277327995398,0.03321260425261641,0.023431278291807554,0.020752140327365692,0.04009185138016989,0.015898830260037758,0.02471627305169694,0.038437002299943214,0.05344185243687919,0.04587903333458603,0.0498034422228637,0.050042871979654076,0.055591705160362534,0.05796028987884152,0.056044591038978846,0.048215946722602196,0.060813146129682104,0.05144303763130962,0.0459154654768417,0.04624856053244689,0.050339558207693244,0.0447964898979397,0.036417949591265555,0.0392384006239477,0.03601206701581435,0.029029301380254075,0.04795050138474914,0.0356686303879782,0.03977440769452316,0.04235564532403662,0.03928003204318099,0.04985028708853226,0.03638672774221469,0.04499946507567004,0.03852546774225384,0.05244764067724916,0.04533775879919775,0.05360842380550239,0.05050091458622938,0.05726271745689131,0.055024301982406716,0.04529612252984231,0.038936573831297734,0.04529612252984231,0.0338005829991347,0.03502339194844904,0.031682849991800474,0.027608928057912943,0.03854628316231762,0.039384110737078704,0.03583514483335566,0.036417949591265555,0.0346851653196942,0.024466554984993116,0.02234920207002108,0.015129000619842995,0.014858522641044869,0.021631298540399815,0.0177922435368097,0.015222627940297821,0.015243434034403385,0.011113587529125463,0.015747984365178467,0.016091289450864764,0.015071784007000691,0.015134202133226351,0.02080416110966395,0.024768297799871143,0.02280700080045453,0.01977415930593168,0.02213591085603565,0.04004501530468429
lower-saxony,2021.158904109589,0.011217609862723512,0.019826179109866764,0.022276370825420815,0.020809363190759527,0.027281155108514348,0.0216833202022213,0.022697753010008308,0.037000760881198386,0.02659960209812348,0.02974730705346839,0.039254012402257184,0.03661568840391218,0.031126113862355444,0.03293162560639593,0.0216833202022213,0.040721540491192455,0.045561554318150996,0.06166695105810345,0.060729848838449306,0.0825895521573626,0.05389471959199449,0.05930340343358489,0.06536346339226674,0.05127126806898398,0.0436202903635261,0.04677423050769341,0.046654523016350945,0.047091716928068995,0.045087941683140294,0.04346936403064337,0.05600294619581052,0.05677858687397599,0.03269747789430752,0.04342772925727946,0.05376458494818435,0.05340020967809327,0.03900942841394738,0.03181813256828335,0.03343634759379182,0.030548571466337864,0.05202081214140184,0.03638672774221469,0.0359964562107981,0.045327349728733445,0.03989930333960604,0.0419341038121808,0.05594047899359835,0.030293622359353466,0.04183522419926048,0.047888043855116795,0.04344854663979446,0.03716727959238675,0.039529821258513495,0.039306051697124464,0.035783109011894666,0.03696433498420876,0.0360484922457538,0.03476321742337538,0.026251025003527908,0.03663129939483367,0.027515278432973966,0.027067843663946586,0.03057978981023764,0.032593412582920846,0.022697753010008308,0.01981577514491542,0.02369139612518832,0.01883781173368375,0.015222627940297821,0.016335765666323752,0.023337636190316008,0.012372271740083287,0.025288548144338875,0.016330564032753465,0.03715166844056288,0.013370918905287204,0.024768297799871143,0.02280700080045453,0.01977415930593168,0.028040759065911126,0.03306170812423626
lower-saxony,2021.1780821917807,0.029455941237184754,0.025491447189510977,0.0320262602962705,0.022193135242206584,0.025918058020581027,0.025751575328628776,0.034050345894491164,0.037000760881198386,0.032510160483754776,0.0386763797264933,0.0347215896201702,0.03514827618286303,0.026677642066292553,0.021475233867200415,0.031807726203750504,0.049449504601761174,0.03273910407717774,0.03424807570411133,0.04453106201483111,0.06553527951116833,0.050042871979654076,0.05683064370963065,0.051791783639664475,0.0464983832243906,0.0436202903635261,0.03858271016747606,0.0598239994118628,0.049449504601761174,0.052031222551806776,0.03660528107923678,0.03807273441734194,0.03856189473283067,0.03378497285800318,0.049787827277014945,0.04516080488468342,0.030506947036964844,0.04347456837965489,0.06251556375007661,0.0468158679605777,0.03928003204318099,0.05418622237593953,0.04174154894992997,0.041621853043584414,0.031724475362465095,0.03191699313520967,0.0419341038121808,0.02912815664528998,0.03478403133747756,0.04183522419926048,0.03769806154308678,0.0360484922457538,0.040705928272291775,0.03458629948988143,0.03852026388854272,0.03045491654709628,0.02111628689636012,0.032978455275331144,0.030231186033897517,0.025481042091012415,0.0334415509387594,0.029133359559179166,0.02621980925830512,0.018348836925189373,0.02514287752322325,0.022697753010008308,0.022786191679816357,0.015446293888200674,0.01883781173368375,0.01957128256780228,0.014156326763488405,0.01778183997879256,0.02250006711548699,0.016091289450864764,0.022614516752292035,0.01788587565262237,0.011888558914063657,0.015243434034403385,0.018530901476172684,0.02683892503831361,0.020658503050363,0.021802970221906862
lower-saxony,2021.1972602739727,0.023842265064746036,0.038244460386929136,0.03481525222425171,0.045790555381085424,0.054576630449977535,0.05151590973826156,0.041148276289595324,0.04981905717339565,0.0369435201973836,0.043141491092814434,0.05435800156739953,0.03514827618286303,0.04892380758150823,0.05441526142399516,0.039035447932492855,0.056726530090435004,0.05410814111286562,0.04384407849101936,0.059381492498066756,0.05898063654445748,0.05774685254720283,0.0815583258102561,0.06659742812129714,0.05127126806898398,0.06659742812129714,0.07485585298971331,0.0598239994118628,0.05062583599734672,0.047404000544047385,0.052629824655742376,0.06384838219158666,0.06214071471842075,0.049053930111389414,0.05720545446473802,0.05806961177822572,0.061031802154021826,0.04347456837965489,0.054555808612033296,0.05797070147840489,0.04473403615649916,0.058527725094200844,0.05459224683391008,0.046123649636549864,0.05553444400831644,0.04560319080003762,0.04420318238268499,0.061771074569415586,0.06284876515781745,0.045139986816681604,0.05910037241473689,0.04252218118399032,0.0495588086099905,0.04364631218933612,0.04244932167963679,0.031214566867818642,0.02941952062494109,0.026074136028373922,0.034008718661960216,0.027026222020690896,0.03663129939483367,0.03318138432805966,0.032988861874155756,0.03407636293175165,0.023280410544644137,0.023644574819148775,0.014858522641044869,0.025751575328628776,0.02092901119952365,0.014135521104354294,0.009797722974486243,0.024450947645644226,0.01350095249946718,0.011493270053125997,0.021355584601614706,0.02063769478948283,0.013370918905287204,0.026677642066292553,0.012829982643439736,0.021189116516162825,0.019181137219148253,0.023368850205409682
lower-saxony,2021.2164383561644,0.023842265064746036,0.046748207116564654,0.061292108143714955,0.04301138335710295,0.06686296866376537,0.0813604160220645,0.05108908885018071,0.046966804006784504,0.05025107266429448,0.07589215401997285,0.0528484462724761,0.057127368667969455,0.06672238820766165,0.04868438297729126,0.06507710445565737,0.06836772401821549,0.06122963458734789,0.06715454415468593,0.07964175742893319,0.10096235002127205,0.06288000289925177,0.07537139715193886,0.06783142213311766,0.06916958375606083,0.07808459763099981,0.04560319080003762,0.07898034941002852,0.06711809712890698,0.07401224629467712,0.0789647257002702,0.07057026452024422,0.07607962776914119,0.0555969107227635,0.0720490911042908,0.061297314276797306,0.061031802154021826,0.06466579165141338,0.08640735092804583,0.07470483597070458,0.08404788695146485,0.058527725094200844,0.07494438041165777,0.05850169582038018,0.06006868132212452,0.05244764067724916,0.054410055979878406,0.06526974574850582,0.05386869263718087,0.048444959475450765,0.05298378392440006,0.058246609626425694,0.06903941087997181,0.05189068218712208,0.05424868747081092,0.05102142244574989,0.03394627787563679,0.03527836424597828,0.0400554233178139,0.03551772713242403,0.043000974752309074,0.04127837936375675,0.02791589189985886,0.039321663495744605,0.026074136028373922,0.03026240418725459,0.01981577514491542,0.024721475524169246,0.02092901119952365,0.01957128256780228,0.026136567362656626,0.020003046832517246,0.02250006711548699,0.021839385499940696,0.018843013618069403,0.028894026058956992,0.008913563914253455,0.01333450955718892,0.0199562288473898,0.02683892503831361,0.02213591085603565,0.021516851067584757
lower-saxony,2021.2356164383561,0.030855552661989652,0.05950643524515318,0.05989688326473763,0.07355920390321671,0.0846156069132787,0.10986718366684549,0.07523079369170049,0.062635307760211,0.06208344635431234,0.06547280085679431,0.06342146006582373,0.04833565780850496,0.04892380758150823,0.06157844623741939,0.059287785634757124,0.066915035595808,0.0954347213153789,0.09458557123434626,0.10125932691373517,0.08915238083337289,0.10013394975905021,0.09763840860471062,0.09252266315680532,0.09662251279070189,0.10107697248054433,0.10061327408808615,0.07179393844504364,0.07183559593654887,0.09716432142165239,0.08812623314991486,0.09411672130318598,0.0878762103864222,0.08178227726847519,0.09219448078076808,0.07851684801654289,0.09594525994064868,0.08363121569406655,0.07730343134972788,0.09590879272975168,0.07203346947693125,0.08889714423841621,0.0781627149045561,0.06638395533509953,0.08162082379459776,0.07640770845656222,0.05780932191944251,0.06643602178750846,0.06846665409642881,0.08701676630548696,0.07848039302601426,0.07582445533221169,0.06903941087997181,0.06260407016576519,0.06526453921769663,0.048731226834851364,0.04752891451555286,0.047554938297389535,0.049132003785611465,0.039384110737078704,0.04858028566712269,0.050183407350351136,0.0456864638638262,0.036698947076301024,0.05308789005018771,0.04634744853782727,0.03666252139072491,0.025751575328628776,0.03768245023190793,0.03044971350096989,0.017422918501815595,0.02555908038049852,0.028129206823277395,0.014941746484672705,0.026381090810323773,0.02476309532270861,0.017828656006258024,0.036204600663048446,0.034216855157874725,0.01836444243315097,0.04427604434449943,0.026505954290915183
lower-saxony,2021.2547945205479,0.04067990791786589,0.05666926768873399,0.06547280085679431,0.0666130481156685,0.05321281767624837,0.0745746492373627,0.07523079369170049,0.041273175234543165,0.05616952576858913,0.055050329515630596,0.049824262157946365,0.06005826930249454,0.03705800162802277,0.047253063228823305,0.06362971432344736,0.0712784297494598,0.08260517695625974,0.07812626016229422,0.10936693023316395,0.10227531331959201,0.07829291062126818,0.08403226171905497,0.07893868619443607,0.0882668714826667,0.07923553733395602,0.0783658203650108,0.0777825452773913,0.07654831509911568,0.07864183674953334,0.08239684669028861,0.08514687340894145,0.06857079122420169,0.10033714105468522,0.0699245928634981,0.07313740936271639,0.07521517110847774,0.08475102726928596,0.07616815727452782,0.0646605851810751,0.06657139480776962,0.060693406315487454,0.0781627149045561,0.07201264064774818,0.07822000097974716,0.07412680936375297,0.060079093343845105,0.05360842380550239,0.06509793050695976,0.07268958186683085,0.0580852292111886,0.058246609626425694,0.06372863538799219,0.05765835439833115,0.05503471299413413,0.049496349148587214,0.041491749110056195,0.05216135285778959,0.04383887410502002,0.04092970385780306,0.03822364508768359,0.04370876462439663,0.044838125767242304,0.041944512203426126,0.02514287752322325,0.03215634054928352,0.02377463410667591,0.027811836157200263,0.030350855723541886,0.025007612311860886,0.026136567362656626,0.022224348570298577,0.034877694054035284,0.017240857830099987,0.026381090810323773,0.01788587565262237,0.014858522641044869,0.03811436490334804,0.012829982643439736,0.024013944045663413,0.026563183486388017,0.022656134864495664
lower-saxony,2021.2739726027398,0.04067990791786589,0.04533255426370225,0.041777978193503415,0.037458688620085674,0.05594047899359835,0.0433756858374528,0.062447882475018396,0.055513621786841084,0.06356203159823741,0.055050329515630596,0.04529612252984231,0.057127368667969455,0.06375987365799766,0.07017973635041655,0.06941951659161984,0.06836772401821549,0.07832936548036105,0.08772515554935775,0.09720599924248063,0.10621440213463937,0.10527128624183203,0.07784503872384359,0.08017297311061496,0.1025931387842108,0.09187671886648552,0.07719406900679761,0.07658476873517125,0.07418929841689864,0.08443331083710984,0.0709451743225943,0.07617857252036499,0.07500687044730293,0.08505312010353372,0.09113701832498285,0.07528807653701429,0.07848560088023687,0.0691279284002573,0.08299579845459906,0.07470483597070458,0.05892857755642241,0.06720140465393196,0.0706587846464812,0.08440206014536185,0.06687338204600318,0.059292991567180445,0.07028908394232902,0.07460068655795982,0.07969904513354333,0.06607676432702385,0.05706490011497759,0.054545397696187735,0.05487334254659703,0.049418274927323626,0.04559798623797571,0.04111705160023255,0.04903831539061384,0.04832524813792069,0.05518046737717515,0.0424701386704653,0.04140848276343457,0.04370876462439663,0.04399500591148987,0.044567493212691336,0.03631908046691728,0.016075684625069052,0.04260544931397669,0.030902380461316957,0.029305056009662427,0.02283301221295963,0.023956717655714922,0.030007456483303132,0.02362376536333145,0.020689715457295654,0.018843013618069403,0.01788587565262237,0.014858522641044869,0.04383366971954734,0.00855470364366793,0.015534720225985062,0.023608158276936315,0.023368850205409682
lower-saxony,2021.2931506849316,0.04629019756442433,0.05950643524515318,0.05292652564406065,0.07633480145825516,0.058673489268388744,0.0772878081437956,0.0823343477732566,0.09825837528902041,0.09463245645996358,0.11015900039231646,0.1148230792366133,0.09964941987351743,0.11570904093302521,0.09311652224510958,0.10416145353584362,0.12225520219320804,0.12395963257466162,0.11517225057355784,0.11071658333240991,0.11934164171238605,0.10013394975905021,0.11743410378016395,0.1011655445539396,0.09184546370111775,0.08383434251496245,0.09358536315817635,0.08496978397396944,0.07890223090816775,0.09485125473847078,0.07781899977869741,0.09411672130318598,0.08573023110728034,0.0785064323023546,0.08477186120151196,0.09359057252539728,0.08612087608166392,0.07024222066049794,0.08299579845459906,0.08920967901667944,0.07967821323365443,0.0910692997870691,0.082448929178535,0.08327704775035202,0.08502707754869913,0.06727950557985284,0.088438763294798,0.08626671762443132,0.07969904513354333,0.07158565148810259,0.05400403294447563,0.06102138994153751,0.06903941087997181,0.051063063299592794,0.04244932167963679,0.05635172278733789,0.052057248586954666,0.04141889104947138,0.044593515512499016,0.03706320533540714,0.047783948139108676,0.05747094705084208,0.0456864638638262,0.02883159141397068,0.03631908046691728,0.026479941041068513,0.029721292182069287,0.030902380461316957,0.027213519677689067,0.017396909795403263,0.03267146154693779,0.026672439398101128,0.024752690369950796,0.027588117015573278,0.02009668292923525,0.026141769977233623,0.029721292182069287,0.02286422592514429,0.029939817506343593,0.025429016629750174,0.028040759065911126,0.019233156429844266
lower-saxony,2021.3123287671233,0.0547119725998415,0.06375987365799766,0.05432156350967198,0.06522809351660581,0.07642333139807402,0.0813604160220645,0.11217570717072657,0.09825837528902041,0.10203564294250843,0.11015900039231646,0.11028406520454775,0.09231429315419121,0.10828306430300896,0.08164686464357336,0.062182364477388986,0.0712784297494598,0.11682433182374055,0.10967958806524102,0.09179858098829319,0.08390205163158843,0.0962786756260525,0.09639849741018444,0.08635005583251225,0.07752215672559785,0.07578800222915565,0.08773036432954112,0.09215280697645946,0.08833458637113129,0.09253308167885413,0.10072789577789976,0.07505373802331586,0.08358434038654278,0.08178227726847519,0.08053232797249253,0.08928260406855472,0.07630355563312714,0.08809498023873534,0.07957926182315367,0.08586044577266788,0.0676648051978688,0.07913137884639833,0.06208865256662244,0.0697631762019823,0.08729282861323055,0.08781891367243505,0.08163124013262425,0.07226779438012423,0.07520475605560152,0.08150624421401778,0.07337694658321695,0.06749818879648754,0.05398841673719735,0.06507710445565737,0.05897022474267987,0.05330651359276082,0.04752891451555286,0.0375783749438473,0.04761739542692194,0.04788283906436989,0.03981603954288836,0.03884810768958721,0.04653481580058254,0.044567493212691336,0.0484293449375319,0.0397275719049561,0.022786191679816357,0.03296284538099629,0.023025497069911683,0.025007612311860886,0.020689715457295654,0.02111628689636012,0.018000315134246866,0.02298908096124785,0.03266625827902234,0.02063769478948283,0.011888558914063657,0.00952727272483302,0.02138159528810311,0.03248934747978929,0.020658503050363,0.017240857830099987
lower-saxony,2021.331506849315,0.0519062977644388,0.049584833407722656,0.05153152520303465,0.06800324640675302,0.047752719464939156,0.073220726531653485,0.08517291602377208,0.072606265548917,0.06651932821980877,0.06993500685886678,0.07551200099235775,0.06005826930249454,0.07117428719913967,0.07734509325515433,0.06362971432344736,0.09748732540680877,0.086881340048841793,0.08910029163061746,0.09990470925048779,0.0760327592684856,0.08214685147285326,0.07537139715193886,0.08388121804785661,0.08945970819175456,0.07923553733395602,0.07719406900679761,0.06820110536455713,0.0635880634051986,0.08443331083710984,0.08698030535554184,0.05600294619581052,0.05999579722846092,0.0806885699913786,0.07522558616344,0.06560296480479016,0.0817562363516868,0.0691279284002573,0.061380612477047986,0.06354641252031133,0.06438984944168206,0.0639473036721108,0.07280414202192524,0.06750860230593364,0.06574354223459442,0.059292991567180445,0.06801886682341618,0.06876865234151837,0.04825238050217909,0.06717537103802755,0.06420241783244271,0.05731998051210332,0.04601955745251443,0.04447381304119785,0.052676672067664077,0.044926602100198235,0.04526489534970382,0.04141889104947138,0.03854628316231762,0.03629306230754509,0.04140848276343457,0.03722972424656075,0.027067843663946586,0.029705683265478122,0.032593412582920846,0.029315461873366925,0.017833857789692514,0.01854130518405447,0.01465046361469861,0.021745746265098582,0.01851009406665356,0.012221436074988719,0.018000315134246866,0.02298908096124785,0.021355584601614706,0.01925916605470958,0.013370918905287204,0.02286422592514429,0.0256631316153238,0.01412511827790605,0.017709015130952372,0.01396387473408516
lower-saxony,2021.3506849315067,0.04067990791786589,0.04391173555637019,0.037599189984796486,0.05550841623277213,0.0463838810082647,0.05558129403711816,0.0667067681804462,0.08115729886478183,0.05616952576858913,0.0744028032484254,0.08911591838596418,0.057127368667969455,0.0830478815427511,0.08594378332963605,0.08244372092736582,0.05381663876662873,0.056955580327820526,0.07675141425401331,0.06883634184396203,0.07734509325515433,0.07829291062126818,0.07042967404123249,0.07400183148273128,0.07752215672559785,0.06429613355261093,0.06666511479746938,0.05024586763702163,0.06005306329345557,0.062442676226742266,0.05835072628914353,0.04703966984106788,0.07178873126095485,0.08178227726847519,0.049787827277014945,0.0494651194460162,0.059943737224098396,0.05350952199102949,0.059105578328397544,0.06689420881673488,0.0676648051978688,0.058527725094200844,0.04923610220025569,0.046123649636549864,0.06347352355204033,0.05244764067724916,0.051005807134158546,0.05827263877255994,0.04039368487856222,0.04293852316729806,0.055024301982406716,0.04159583223083947,0.04513478230098052,0.04282402878958494,0.04087766293802634,0.03654804083075729,0.035455284534081644,0.03220837274160241,0.032494550730002576,0.02470586810830804,0.024685058227776162,0.025897247654943074,0.02452898438924432,0.03057978981023764,0.02886801161443303,0.03215634054928352,0.011888558914063657,0.01751134820092972,0.011508873503826681,0.017396909795403263,0.007623758835177322,0.010000561584818924,0.010125385738290495,0.008045022298518056,0.013818235833936423,0.015134202133226351,0.010401040138686323,0.007618558073008363,0.009979757588370606,0.021189116516162825,0.017709015130952372,0.014249952332634055
lower-saxony,2021.3698630136987,0.023842265064746036,0.038244460386929136,0.036209804285026785,0.045790555381085424,0.050480094380218846,0.0365948737566443,0.04966811284797735,0.046966804006784504,0.05025107266429448,0.05207286421429129,0.04378683027370379,0.0498034422228637,0.04299056614959863,0.05298378392440006,0.041928899617336514,0.03344675428424764,0.05552923845216305,0.05618514263089955,0.036428356878448344,0.0498034422228637,0.059027489678258105,0.0432351688640971,0.044390541919330256,0.04769026217286333,0.053957184336704184,0.03273390080249956,0.025116864955247398,0.04355783803472377,0.02774420003613074,0.04118470511754649,0.03807273441734194,0.031058473430288107,0.049053930111389414,0.04342772925727946,0.031178145023819544,0.04140848276343457,0.04904872520394517,0.05228107302690995,0.04792968219986968,0.02727595237994031,0.035757091120693925,0.033176181009125415,0.0359964562107981,0.03512746212297075,0.034196041470793505,0.03853067159649152,0.04311546951962554,0.03815079160594054,0.028623476472087798,0.030564180635947884,0.03142789532355181,0.03362366834074512,0.028821185647094384,0.02593886839455305,0.026646426064969374,0.024893157407845867,0.021470031719490697,0.015867620728645976,0.023935908074983355,0.02149604246322626,0.01942042601922349,0.018608929336019413,0.025335370930646296,0.01396387473408516,0.023644574819148775,0.016840326596036313,0.015446293888200674,0.005231463147008865,0.01630975750366404,0.01088994021653837,0.008887559463588091,0.010125385738290495,0.012642736786929665,0.016330564032753465,0.0027508727612272207,0.00594393970262619,0.02286422592514429,0.00855470364366793,0.007062079526054584,0.01623173309372802,0.009828928863038312
lower-saxony,2021.3890410958904,0.03226040498597997,0.038244460386929136,0.0320262602962705,0.02636028025937385,0.028644287928795312,0.039306051697124464,0.031214566867818642,0.029882584594558902,0.032510160483754776,0.04016470758144566,0.0528484462724761,0.03661568840391218,0.047440433754738755,0.030064689532526168,0.04048215364976119,0.031989837883740796,0.028467390812278864,0.042475342919471665,0.04317792131714821,0.028826388530269354,0.043625494727648664,0.04076317309785119,0.03329065414601013,0.04530653159405573,0.019508859115309377,0.021043457378554446,0.027510075680981037,0.02471627305169694,0.030054283518890584,0.04690434765866543,0.03583514483335566,0.036417949591265555,0.03378497285800318,0.02859746216291918,0.029029301380254075,0.03704759421482783,0.032322843747965214,0.03067864802289615,0.03343634759379182,0.03491411848936589,0.03034044965263982,0.04174154894992997,0.02699500581011762,0.027192708793601864,0.0284986079067607,0.030595398989218675,0.0267973035782934,0.023561337045850617,0.024216838117497246,0.026485143689994477,0.022182730803672803,0.02212030421618739,0.0279991366439112,0.017292875099829262,0.023597753555273323,0.009048787267324722,0.009969355593267648,0.02040360242834328,0.016210926604183332,0.023883884159587948,0.016184918503956883,0.00845588748228475,0.009610488036446993,0.011170799786850443,0.014182333849122519,0.011888558914063657,0.011326833536955195,0.01465046361469861,0.011961375610928578,0.009797722974486243,0.007779781942198301,0.005626704410198463,0.005746317489889332,0.0037701366691073185,0.00688005512568118,0.0014872212673678522,0.005715114051269498,0.007124488038577494,0.007062079526054584,0.0059023349638452445,0.008123034425508342
lower-saxony,2021.4082191780822,0.007010072489501038,0.01416152817957697,0.009745713201848466,0.011097984197036333,0.02318676871484182,0.014905336036696496,0.01418753526780673,0.017074402916619102,0.008866755912421307,0.017849463143106564,0.019623302168789433,0.02782224172209667,0.023712205608064495,0.021475233867200415,0.01879099479765868,0.02471627305169694,0.022775787122620007,0.021917418324447695,0.016190120122963836,0.026204201392723697,0.03207308914986711,0.018525699623015233,0.019722139554030384,0.015493107813001068,0.02410238495400524,0.015196620334369833,0.013152463199081293,0.01412511827790605,0.023119138609295497,0.020585674173711304,0.015675162365650305,0.020346380011462703,0.02070532166778468,0.012705151997512511,0.01289759936843573,0.011982180400191667,0.017828656006258024,0.019316387275197962,0.016715486322566215,0.011997783997604384,0.016252539591597902,0.01497815695814356,0.013495751149453748,0.01925916605470958,0.017095209751665015,0.018130360305438,0.009319235028401941,0.011217609862723512,0.01540988308693832,0.005091049210924473,0.01201338759969349,0.006193568834347745,0.006583616751733007,0.007857793671261137,0.009132001813229757,0.011311230140872703,0.009969355593267648,0.0045345977113313085,0.006947664114295283,0.005574698809193734,0.009709306391956513,0.0050754476858778375,0.009610488036446993,0.0065160082364414396,0.00567350949556945,0.002969284773888745,0.004118563097248782,0.005231463147008865,0.005434283946279259,0.0021788456471371156,0.0044461900773324365,0.002251648748545568,0.0011492126988483903,0.0037701366691073185,0.004128963922034487,0.002969284773888745,0.0019032348294126095,0.0028496780818937227,0.0028236766635127155,0.004425388302940482,0.005273067349034468
lower-saxony,2021.427397260274,0.011217609862723512,0.012746762179525249,0.013922263578133053,0.01664786463291019,0.013636187782350675,0.010843130435630415,0.009927747633663777,0.005689111200059001,0.016252539591597902,0.01636177384199741,0.019623302168789433,0.023431278291807554,0.019269569908297247,0.011451660874139914,0.01879099479765868,0.014541232959114825,0.027047032838154416,0.02465904588882532,0.014837716700948375,0.013100450070966259,0.017958700748152395,0.019758553374894256,0.0036973314416898846,0.010728706704150942,0.017214849214742513,0.011690914107985973,0.015545123334434164,0.01412511827790605,0.011555683884026953,0.009147604555409257,0.012315058160441395,0.007493739936929543,0.016346168935031078,0.011649304770849519,0.009672899607554079,0.007623758835177322,0.006687630023829551,0.012497101586897534,0.012257844643743538,0.015269441663739312,0.009750914176774251,0.012840385210793658,0.008996778243757634,0.012460692850623104,0.0079774118831345,0.010198199966192732,0.006989269689443552,0.010094179671830277,0.005501891055171599,0.007129688751332439,0.0055434954735562566,0.009730110280203826,0.004940234664859949,0.009428454715250788,0.011415252869842006,0.006786442825027931,0.0038325412308768125,0.0015132220174873545,0.006947664114295283,0.007961809492070508,0.004857026826684956,0.0025376619194523737,0.0026208660463794796,0.0027924749786266065,0.00662002137330365,0.0019812377428207965,0.0061779669785036575,0.003140894855977498,0.003260502217811224,0.0010868113572177433,0.0022204474068869785,0.002251648748545568,0.002298450796139386,0.005023442636186012,0.001378018258824673,-0,0.005715114051269498,0.0014248195201171272,0.0014144192361890769,0.0029484835903008004,0.0018512329521433405
lower-saxony,2021.4465753424658,0.0056111027244387535,0.009912144657398491,0.005569498251956764,0.008320665671008401,-0,0.012195429970057726,0.007093283772953485,0.012803976234156533,0.011820943501131212,0.008923965698159696,0.013584174170386924,0.0161068942813376,0.008892760352683118,0.01002136558959044,0.010120184725916173,0.013084846142679749,0.01565435609880213,0.0041081622745491805,0.010791119617384493,0.003931348606847413,0.012824781360540272,0.011113587529125463,0.008627515672217152,0.007150491607565198,0.005735916341602262,0.004675010144853533,0.008372674018343875,0.004706212959348299,0.006932062032199865,0.006859252377637567,0.006718834046028912,0.004284976543460163,0.006536810847169685,0.009532473677904933,0.007524944442861097,0.00871593041537525,0.0033437075013491397,0.006817646906522689,0.012257844643743538,0.00763416036108147,0.008663921724721541,0.009631291885159604,0.004498194549718561,0.002267249426398356,0.0079774118831345,0.003400911211008475,0.0023296521845962968,0.0011232121307323422,0.004404586536875719,0.006110358990620823,0.0036973314416898846,0.0035361202294481955,0.004940234664859949,0.003140894855977498,0.004565800441571103,0.0037701366691073185,0.00153402262694581,0.003775337046391954,0.006947664114295283,0.0023868547787384785,0.004045757382003803,0.0033853101930444904,0.0034945174171026557,9.308083307602005e-4,0.0018928344497984545,0.0039625509751080625,0.0010296101931752911,-0,0.003260502217811224,0.0010868113572177433,0.0022204474068869785,0.0011232121307323422,-0,-0,0.0027508727612272207,0.00594393970262619,0.0019032348294126095,0.007124488038577494,0.0014144192361890769,-0,0.0018512329521433405
lower-saxony,2021.4657534246576,-0,0.0014144192361890769,0.0013936186745733149,-0,0.004092561044388847,0.005418682318251812,0.00567350949556945,0.0028444777971750983,0.0029536838854148113,0.005949140297311455,0.009053988172539539,0.0014664206766304769,0.00592833792167956,0.0014300196628583084,0.0043369808546132845,0.0029068812480877357,0.007114086614622255,0.008216649132375735,0.004045757382003803,0.006552412810674354,0.005132653300607687,0.008643118263024918,0.0036973314416898846,0.005959541488248117,0.004591802731076329,0.0035049181170700625,0.004784220077497201,0.002355653355952701,0.0057775209472333035,0.004576201355811764,0.002241248299245859,0.0053562758529402035,0.0021788456471371156,0.004232972284309839,0.00430057783134404,0.0010868113572177433,0.0033437075013491397,0.002272449653385527,0.0033437075013491397,0.004362983029698865,0.0021684452123986444,0.00427977611520186,0.0022464485236385777,0.003400911211008475,0.0022776498808985165,0.0011336123564175387,0.0023296521845962968,-0,0.006604419389508075,0.0030576898969653043,9.256082379355073e-4,0.002652067628300581,8.216064907089019e-4,0.002355653355952701,0.0022828501089257784,0.002262049199925457,7.644056183968352e-4,-0,7.696056950952293e-4,7.956060864047533e-4,0.0032345005940119563,8.476069080134612e-4,0.0017472293536158062,9.308083307602005e-4,-0,-0,0.0010296101931752911,0.00209044201816847,-0,0.0010868113572177433,-0,0.0011232121307323422,0.0011492126988483903,-0,-0,-0,-0,0.0014248195201171272,0.0014144192361890769,0.0014768209709591054,4.2640174825027215e-4
lower-saxony,2021.4849315068493,0.0028028755381770093,-0,0.004175767659317145,0.001388418535472331,-0,0.001357217711769687,0.002839277512982304,0.0014248195201171272,0.0014768209709591054,0.0044617914135902225,0.007545747457218475,0.0058555296725085965,-0,-0,0.0043369808546132845,0.004362983029698865,0.0014248195201171272,0.0041081622745491805,-0,0.0052418641943946355,0.0038481423830252345,0.0074105280126641575,0.004929833677805979,0.0011908136348706493,0.002293250566546213,0.0011700131626993324,0.002392055017686721,0.002355653355952701,0.0011544128140282045,0.0011440125841828258,0.003359308506831505,0.002142444134650337,0.0010920114661630619,0.0010608108203087946,0.0010764111408929447,0.0010868113572177433,0.0022308478520263295,0.002272449653385527,0.0022308478520263295,0.0021788456471371156,0.0010816112487982198,0.0032084989832143057,0.0033749095170002483,0.004529397258114548,0.0011388124700430575,0.0011336123564175387,0.0011648130459536755,-0,0.0011024116856079911,-0,0.0018460327672737322,0.002652067628300581,-0,0.002355653355952701,7.59205542212683e-4,-0,0.00153402262694581,0.0015132220174873545,0.0030888917409951843,7.956060864047533e-4,8.112063274260393e-4,0.0016900274630945603,8.736073383242176e-4,-0,9.464086123428451e-4,0.0019812377428207965,-0,-0,-0,0.0010868113572177433,0.0022204474068869785,-0,-0,-0,-0,-0,-0,-0,0.0028236766635127155,-0,7.1240487998485e-4
lower-saxony,2021.504109589041,0.004206970174240745,0.0014144192361890769,0.002782074421156427,0.001388418535472331,-0,0.0027092705771113563,0.002839277512982304,0.0014248195201171272,0.0029536838854148113,0.0044617914135902225,0.004529397258114548,0.004394185656960979,0.0029640844772087834,0.004295377401531253,0.007228502392555595,0.0014560203843819654,0.0014248195201171272,0.0041081622745491805,0.002698870036282934,0.009168408218935003,0.005132653300607687,0.004940234664859949,0.0024648584176076025,0.007150491607565198,0.002293250566546213,0.0023400526515775636,0.004784220077497201,0.007062079526054584,0.004623005495636393,0.0022880503374788598,0.007836990532066834,0.0010712110335134644,0.0021788456471371156,0.004232972284309839,0.002147644349162222,0.0010868113572177433,0.0011128119071272355,0.006817646906522689,0.006687630023829551,0.003270902870972542,0.0021684452123986444,-0,0.0022464485236385777,0.002267249426398356,0.0011388124700430575,-0,0.0011648130459536755,-0,0.002199646522854582,0.0010192099882909557,0.0018460327672737322,8.840075140874871e-4,8.216064907089019e-4,7.852059283220514e-4,0.0015236223211765214,0.002262049199925457,7.644056183968352e-4,7.54005466554319e-4,-0,0.0015912243458562276,-0,8.476069080134612e-4,0.0017472293536158062,-0,0.0037805374242024375,-0,-0,0.0010452105043990622,0.0010868113572177433,-0,-0,-0,-0,-0,-0,-0,-0,0.0014248195201171272,-0,-0,4.2640174825027215e-4
lower-saxony,2021.5232876712328,0.004206970174240745,0.004248573556591155,0.002782074421156427,0.006937262725709608,0.0027248713922515093,0.001357217711769687,-0,0.007114086614622255,-0,0.00743653172469191,0.00150802186641993,0.0014664206766304769,0.0014820211189005771,0.0028600786528853693,0.0028912803783416852,0.005813925004463643,-0,0.008216649132375735,0.008091829560669015,0.009168408218935003,0.014109514042132914,0.0074105280126641575,0.009860134770317457,0.008341469003697123,0.011477666607101606,0.005845128502376657,0.011961375610928578,0.012944410998783754,0.010401040138686323,0.010291818409022912,0.0011180120186726644,0.002142444134650337,0.006536810847169685,0.0021164430699088742,0.002147644349162222,0.0021788456471371156,0.0022308478520263295,0.002272449653385527,0.0011128119071272355,0.004362983029698865,0.003250101566730168,0.0010712110335134644,0.0022464485236385777,0.0011336123564175387,0.003416512233653071,0.0011336123564175387,0.0023296521845962968,0.0011232121307323422,0.0011024116856079911,0.005091049210924473,9.256082379355073e-4,0.0035361202294481955,0.002470058664356574,0.001570423713516406,7.59205542212683e-4,0.00150802186641993,-0,0.0015132220174873545,-0,0.0015912243458562276,0.0016172251479788346,-0,0.0017472293536158062,0.003723333296920117,0.0028340772293037934,9.880093861184358e-4,0.0030888917409951843,0.0010452105043990622,-0,-0,0.0011128119071272355,-0,0.0011492126988483903,-0,-0,-0,-0,-0,0.0014144192361890769,-0,5.720031460221995e-4
lower-saxony,2021.5424657534247,0.009818526898106836,-0,0.006963266201077726,0.001388418535472331,0.0054550861242678925,0.0027092705771113563,0.004253773981728947,0.0028444777971750983,0.005907535554375335,0.0029744850710829926,0.0060375504865854464,0.004394185656960979,0.008892760352683118,0.015747984365178467,0.005782721525274816,0.004362983029698865,0.008539101079383155,0.006848851006736582,0.01753735696458627,0.030137531686282654,0.025657929048640265,0.023467694710147927,0.01602366857291963,0.01191976605737966,0.01262193173338156,0.010520664201067077,0.004784220077497201,0.020008248833469952,0.013870249680017977,0.008003415878652047,0.008955171062356925,0.003213699304331398,0.004357782593639265,0.008471490021595586,0.009672899607554079,0.007623758835177322,0.005569498251956764,0.0034061115513737876,0.006687630023829551,0.006542011501149185,0.0021684452123986444,0.0053510753175478225,0.005621503847760371,0.005663108361845575,0.009116399075726127,0.005663108361845575,0.0034945174171026557,0.002241248299245859,0.005501891055171599,0.007129688751332439,0.0018460327672737322,0.0035361202294481955,0.0032917041835359632,0.003140894855977498,7.59205542212683e-4,7.54005466554319e-4,0.002298450796139386,0.0015132220174873545,0.0030888917409951843,0.003182497385412486,0.0024284567049030854,0.0050754476858778375,0.0017472293536158062,0.0027924749786266065,0.0018928344497984545,0.0019812377428207965,-0,0.00209044201816847,-0,-0,-0,0.0011232121307323422,0.0034477142929898856,-0,-0,-0,-0,-0,-0,-0,9.98409584762529e-4
lower-saxony,2021.5616438356165,0.004206970174240745,0.0014144192361890769,0.005569498251956764,-0,0.008180243393012761,0.012195429970057726,0.004253773981728947,0.007114086614622255,0.007384524313634336,0.005949140297311455,0.012075802054883114,0.013178469782645783,0.010375034944150853,0.007155692322920859,0.0043369808546132845,0.013084846142679749,0.02135038246587484,0.027400818009318758,0.055331427704592435,0.07996465258865938,0.041054602277761636,0.046940780519288,0.03452385801001032,0.022650932598651512,0.022952664878080786,0.01987299697791034,0.021527255372886592,0.016476209969480418,0.01502497046150284,0.010291818409022912,0.008955171062356925,0.013922263578133053,0.010895141305903801,0.011649304770849519,0.010749511000238682,0.006536810847169685,0.008913563914253455,0.012497101586897534,0.005569498251956764,0.013090047451586399,0.008663921724721541,0.007488539187764362,0.0067448374121625194,0.012460692850623104,0.0079774118831345,0.0067968441834456396,0.004659408744630301,0.006729235390917331,0.002199646522854582,0.006110358990620823,0.00646920239273339,0.0035361202294481955,8.216064907089019e-4,0.003140894855977498,0.004565800441571103,0.006786442825027931,0.003068090509561685,-0,0.0061779669785036575,0.003978152166262342,0.0016172251479788346,8.476069080134612e-4,8.736073383242176e-4,-0,9.464086123428451e-4,9.880093861184358e-4,0.002059240773237899,0.00209044201816847,0.0010868113572177433,0.0010868113572177433,-0,-0,0.0011492126988483903,0.002511660657093224,0.001378018258824673,-0,-0,0.0028496780818937227,0.0014144192361890769,0.004425388302940482,5.720031460221995e-4
lower-saxony,2021.5808219178082,0.004206970174240745,0.008497494264191401,0.012528309095424985,0.004160166408873586,0.0027248713922515093,0.008128235238132577,0.01418753526780673,0.0028444777971750983,0.0014768209709591054,0.008923965698159696,0.016601049668502583,0.008783541790988263,0.010375034944150853,0.011451660874139914,0.008674323458690894,0.01890023438062186,0.022775787122620007,0.021917418324447695,0.04453106201483111,0.04062266318396982,0.033358297481712214,0.019758553374894256,0.024653843422593164,0.022650932598651512,0.020658503050363,0.02221394412551947,0.019134319974017547,0.004706212959348299,0.024274064793716903,0.008003415878652047,0.014556837324433585,0.009636492848641124,0.007628959597872207,0.008471490021595586,0.010749511000238682,0.004357782593639265,0.014489218441861561,0.007951407900626716,0.010026566592080932,0.00763416036108147,0.006500406283859512,0.00427977611520186,0.004498194549718561,0.013594576888617496,0.013677798709381312,0.003400911211008475,0.009319235028401941,0.010094179671830277,0.01210700931057096,0.007129688751332439,0.009241221106812489,0.010614283224455347,0.0074105280126641575,0.003931348606847413,0.006089556550493997,0.0037701366691073185,0.003068090509561685,0.0045345977113313085,7.696056950952293e-4,0.0015912243458562276,0.004045757382003803,0.0016900274630945603,0.0026208660463794796,0.0027924749786266065,0.004727014846080024,0.002969284773888745,0.004118563097248782,0.004186168495544676,0.0010868113572177433,-0,0.0011128119071272355,0.0011232121307323422,-0,0.0012584152268872082,0.001378018258824673,-0,0.005715114051269498,0.0014248195201171272,0.0014144192361890769,-0,8.528069930378874e-4
lower-saxony,2021.6,0.007010072489501038,0.009912144657398491,0.006963266201077726,0.005548696028198445,0.008180243393012761,0.0027092705771113563,0.011347638072338734,0.008539101079383155,0.008866755912421307,0.008923965698159696,0.0060375504865854464,0.021964238075358078,0.011857351789476216,0.004295377401531253,0.0115608850399869,0.01744892722124242,0.01280917751497497,0.031511145690020156,0.039129118307042195,0.027515278432973966,0.0384890407771948,0.022229550793465908,0.024653843422593164,0.03337911083347797,0.017214849214742513,0.026890951910194433,0.01674149468815487,0.027073046371698873,0.019649311988794837,0.017157630306755607,0.013433334989914014,0.009636492848641124,0.00871593041537525,0.014827313734021907,0.019347598876551086,0.01416152817957697,0.011144794207355502,0.007951407900626716,0.011144794207355502,0.00763416036108147,0.004331780421159893,0.011768931704854315,0.013495751149453748,0.010198199966192732,0.0079774118831345,0.011332034670019296,0.0058243261683541825,0.007852592885685211,0.008804345308863735,0.008149038493842695,0.011087581978242765,0.007961809492070508,0.002470058664356574,0.004716613901673972,0.008372674018343875,0.004524196805412104,0.006900857882046998,0.003775337046391954,0.0030888917409951843,0.003182497385412486,0.005663108361845575,0.0033853101930444904,0.0026208660463794796,0.003723333296920117,9.464086123428451e-4,-0,0.002059240773237899,0.00209044201816847,0.005434283946279259,0.0010868113572177433,-0,0.002251648748545568,-0,0.0012584152268872082,0.001378018258824673,0.0014872212673678522,-0,-0,0.0014144192361890769,0.0014768209709591054,0.0022776498808985165
lower-saxony,2021.6191780821919,0.0182291948530541,0.015576332672268944,0.015316255429325545,0.015259038610442869,0.008180243393012761,0.012195429970057726,0.01986259300359185,0.018499690365016214,0.019207146817994344,0.01933719500735183,0.02113189323487207,0.017573769255553245,0.025194902698206924,0.024336493966865543,0.03324902752161997,0.0392644202570655,0.028467390812278864,0.02465904588882532,0.04992836195842812,0.030137531686282654,0.0307879125818611,0.03211471483291475,0.04069031605807264,0.03099603618647037,0.02180817240292429,0.02922701209825631,0.02990339655519328,0.02236480877856809,0.024274064793716903,0.017157630306755607,0.0201539050713419,0.016065281410475443,0.031604802511616535,0.016944360386214385,0.02042441059554951,0.018520497770372377,0.016715486322566215,0.013636187782350675,0.017828656006258024,0.01636177384199741,0.019503657164320395,0.03103766100735226,0.012372271740083287,0.023795443622868267,0.017095209751665015,0.012465894097099084,0.01630975750366404,0.01570637178153197,0.013209677700095337,0.011202006499415215,0.0055434954735562566,0.009730110280203826,0.006583616751733007,0.009428454715250788,0.008372674018343875,0.00829466151684114,0.009969355593267648,0.0015132220174873545,0.0030888917409951843,0.00477381912164906,0.0032345005940119563,0.005917936736990098,0.0052418641943946355,0.003723333296920117,0.0018928344497984545,0.002969284773888745,0.005148254842817696,0.007327316221550946,0.0043473817230861005,0.0032657025441347374,0.0022204474068869785,0.002251648748545568,0.004597003190534185,-0,0.004128963922034487,0.0014872212673678522,0.0019032348294126095,0.0014248195201171272,0.0014144192361890769,-0,0.002563663194818565
lower-saxony,2021.6383561643836,0.03226040498597997,0.022661337130866044,0.020887394469597018,0.03329585747640478,0.03410237998202341,0.03388383716429119,0.025538270158516882,0.02561630853388735,0.02659960209812348,0.03569985180587178,0.024154409088002503,0.03807793822626715,0.04447381304119785,0.04868438297729126,0.04916323328812339,0.04363069909228633,0.05410814111286562,0.042475342919471665,0.03508063051865835,0.0419341038121808,0.06288000289925177,0.04570728215060413,0.04685750544680775,0.05007930703929415,0.03788019385310015,0.04677423050769341,0.04545746325929546,0.03767204269372773,0.031214566867818642,0.034315720285277386,0.04143450348242993,0.031058473430288107,0.02615737782407618,0.031771303944288475,0.03548130227428143,0.039227992774347235,0.0356686303879782,0.04432288423100324,0.032322843747965214,0.01963370609523157,0.019503657164320395,0.023540527623343504,0.04049776580148282,0.030595398989218675,0.03989930333960604,0.015862419141904678,0.024466554984993116,0.01682992322846593,0.01981577514491542,0.023431278291807554,0.015711573352663797,0.014156326763488405,0.009880938718907498,0.01886382116080424,0.009132001813229757,0.009048787267324722,0.01226824709664223,0.012845586495248118,0.006947664114295283,0.005574698809193734,0.005663108361845575,0.00845588748228475,0.0043681834662727785,0.003723333296920117,0.00567350949556945,0.0039625509751080625,0.004118563097248782,0.00627677881122061,0.0021736454295049716,0.005444685034233358,0.0044461900773324365,0.0033749095170002483,0.005746317489889332,0.0012584152268872082,-0,0.002969284773888745,-0,0.0028496780818937227,0.004238172707881602,0.0029484835903008004,0.004987039132350607
lower-saxony,2021.6575342465753,0.035065019993264036,0.033993108458347285,0.02367058665063396,0.04301138335710295,0.03546569162859827,0.05015738225305069,0.05108908885018071,0.052666261528033456,0.03842659461074213,0.07589215401997285,0.058892136295801145,0.06885716940090322,0.0726583382319695,0.08020942928775929,0.08823561848696099,0.06982566001151784,0.05552923845216305,0.0644106752177457,0.06478033413080683,0.07209595601453897,0.05518046737717515,0.07042967404123249,0.05796028987884152,0.05962096636037722,0.05510759013458939,0.04794009179126749,0.05024586763702163,0.06005306329345557,0.05550321067923007,0.06636833540953814,0.04815869369198382,0.04927774162446374,0.04469240037053993,0.04766944309217528,0.04408348080992059,0.043589064189746334,0.04458831105149801,0.05228107302690995,0.04458831105149801,0.04036766468038552,0.0368394463882409,0.047096921639631396,0.041621853043584414,0.04646195067373005,0.04446340414367195,0.03966512425114968,0.03845261383765349,0.03478403133747756,0.022016260070259024,0.034638334113721636,0.023103531674356394,0.02654237286256396,0.019758553374894256,0.01886382116080424,0.015987257367367187,0.012065399640482432,0.01226824709664223,0.01209140568038306,0.009262024807791492,0.015129000619842995,0.018608929336019413,0.0050754476858778375,0.008736733906195835,0.008377874855941806,0.008507895964869762,0.012876794212917595,0.007207699505114218,0.005231463147008865,0.013048436994883204,0.007623758835177322,0.010000561584818924,0.005626704410198463,0.005746317489889332,0.008793943548885647,0.0027508727612272207,0.0014872212673678522,0.0038117397019696124,0.005699512338984012,0.0014144192361890769,0.0059023349638452445,0.004987039132350607
lower-saxony,2021.676712328767,0.033660091897678726,0.06659222145755128,0.04596230684011177,0.0666130481156685,0.04911638904139167,0.06507710445565737,0.07238756084952898,0.08115729886478183,0.07687639874362208,0.10270776483825529,0.09970151964457473,0.09671628695746452,0.10086335810068603,0.11319190688747889,0.08678758361623128,0.11934164171238605,0.11968041942744989,0.09870121316041594,0.07964175742893319,0.07734509325515433,0.0898555901776534,0.0642440692427797,0.04069031605807264,0.060813146129682104,0.07004435393615338,0.04677423050769341,0.05623199324595999,0.051802194004223735,0.04393255313265045,0.052629824655742376,0.06721181810394429,0.04606119430112665,0.05669009037296679,0.059324227172648014,0.06560296480479016,0.058855695060723426,0.06689420881673488,0.05342103105331768,0.05350952199102949,0.05565417194359651,0.0509329357420536,0.05566458308143208,0.06300495405266572,0.04986590205313114,0.04788283906436989,0.04079960165601752,0.04777874335877514,0.033660091897678726,0.029721292182069287,0.02241162893230172,0.02680250625897188,0.025657929048640265,0.026349874987022046,0.024367708581549036,0.019794967221257495,0.014327973769023073,0.011503672353074815,0.014353980940504243,0.019300781481543735,0.011940570829995095,0.009709306391956513,0.009303632234718395,0.010484256848604085,0.011170799786850443,0.009454459436405776,0.012876794212917595,0.00823745242345698,0.00941805283042896,0.00869512693287168,0.004357782593639265,0.007779781942198301,0.0067500380869473355,0.005746317489889332,0.0037701366691073185,0.009631291885159604,0.0014872212673678522,0.0019032348294126095,0.017105613172310023,0.009886139707352614,0.00737932357539228,0.012824781360540272
lower-saxony,2021.695890410959,0.04769546694434062,0.05950643524515318,0.04038848083788758,0.07216885706997836,0.07232507396151518,0.06507710445565737,0.07665246841279065,0.08400621967547985,0.10499512847217686,0.09227782848958005,0.09516382530478089,0.12753025652556,0.10828306430300896,0.09741438884768702,0.1012645370497974,0.1120558490262473,0.0954347213153789,0.08086564484696894,0.07423616525603975,0.05504512400794593,0.06673280156174724,0.06919041144647584,0.06659742812129714,0.05723668881627874,0.059704261875340864,0.059641790226610904,0.06102138994153751,0.05887131272977087,0.062442676226742266,0.04804939262675356,0.05152111489266297,0.04713335463517197,0.06323403194706058,0.05614349767516863,0.052692287881020816,0.05449334314823121,0.06243226373174797,0.051146345107314924,0.05908475467689358,0.04255340671710965,0.058527725094200844,0.0706587846464812,0.04837209167195751,0.0396599202833872,0.06271340182842024,0.051005807134158546,0.027962717051993564,0.041517769870723725,0.025319763330527854,0.025465434447165505,0.024955587324263617,0.027426831719842754,0.01811475486771989,0.01493134349693433,0.01370380555568146,0.01659064634880297,0.019935420867528926,0.014353980940504243,0.019300781481543735,0.016720687994640968,0.01375581928730811,0.011841748234208584,0.014853321155237414,0.009308833165427983,0.00567350949556945,0.010895141305903801,0.01751134820092972,0.00941805283042896,0.009787321015797124,0.005444685034233358,0.0044461900773324365,0.008996778243757634,0.013792228930400247,0.01004737060725646,0.012382674215872823,0.00742613023831921,0.005715114051269498,0.005699512338984012,0.008476690869076719,0.013277294918819153,0.011254017728641106
lower-saxony,2021.7150684931507,0.03226040498597997,0.038244460386929136,0.04317271699782613,0.029133359559179166,0.047752719464939156,0.047445638501210335,0.05534704431519787,0.07688160643720546,0.06356203159823741,0.07887098354028188,0.07551200099235775,0.08498540948808773,0.06523850657145298,0.060146771535849075,0.07954801404843,0.0596365842592678,0.046982418105538305,0.04932979095160679,0.05802796531326935,0.05898063654445748,0.04490578412595868,0.055591705160362534,0.04932458601655036,0.0464983832243906,0.042475342919471665,0.03741185491621222,0.06341625372006618,0.055336633240943664,0.03815079160594054,0.034315720285277386,0.031355051362219034,0.040705928272291775,0.0435994729122561,0.044489426391390495,0.051614807761036816,0.04467678695940287,0.04012827946804521,0.037500318614497846,0.03900942841394738,0.03928003204318099,0.04117950099770775,0.03638672774221469,0.04724785850163257,0.03739624369095737,0.030777506423496283,0.024929574849977938,0.032624632154471145,0.030293622359353466,0.0319273995216093,0.027504872929502884,0.024955587324263617,0.02654237286256396,0.01646580667475668,0.017292875099829262,0.01827080945561934,0.01960769628302628,0.013802631690252734,0.013599778248516077,0.012351466794747181,0.012736359630900538,0.016184918503956883,0.010993962102740479,0.010484256848604085,0.01210180809998616,0.008507895964869762,0.0039625509751080625,0.010297019438569747,0.00941805283042896,0.010874336951551836,0.013069242219069821,0.005553896583354971,0.0067500380869473355,0.004597003190534185,0.008793943548885647,0.009631291885159604,0.0014872212673678522,0.0019032348294126095,0.00855470364366793,0.0028236766635127155,0.0059023349638452445,0.01082752718469552
lower-saxony,2021.7342465753425,0.0182291948530541,0.02974210407814969,0.022276370825420815,0.022193135242206584,0.03410237998202341,0.02981494578002612,0.04398980151039082,0.0512400373004299,0.05616952576858913,0.05802796531326935,0.05738244937152886,0.06592577280182214,0.06227607655703319,0.07161168731209824,0.052057248586954666,0.06399936768481014,0.046982418105538305,0.054810876701353525,0.031032457902916963,0.04062266318396982,0.04747686699096243,0.04076317309785119,0.03822364508768359,0.03099603618647037,0.029840960698278855,0.036246229653478575,0.04186644931987091,0.031781710301532415,0.031214566867818642,0.03660528107923678,0.024633033562881032,0.026776492860773275,0.04141889104947138,0.03919156531715321,0.04085684658470434,0.03596003101730909,0.0356686303879782,0.04432288423100324,0.031204160624072098,0.031636021489628394,0.03034044965263982,0.03210430840902899,0.03261942889124157,0.024924372356685764,0.043323642469712965,0.03286398282571445,0.0267973035782934,0.02805116467661672,0.02752048118548745,0.013240885636274406,0.017558163984875513,0.02212030421618739,0.013995083122900976,0.011789736417122243,0.009132001813229757,0.012065399640482432,0.014567240237249476,0.011332034670019296,0.01775583109285882,0.005574698809193734,0.009709306391956513,0.013532160610456123,0.0043681834662727785,0.0065160082364414396,0.013240885636274406,0.00594393970262619,0.0061779669785036575,0.003140894855977498,0.007608156550225128,0.00871072954396621,0.0033333068336259724,0.0011232121307323422,0.005746317489889332,0.0012584152268872082,0.004128963922034487,0.008913563914253455,0.0038117397019696124,0.005699512338984012,0.005647506665163499,0.0059023349638452445,0.007124488038577494
lower-saxony,2021.7534246575342,0.021038255274045806,0.01841125898514139,0.026459130450558404,0.023582146476685266,0.02318676871484182,0.0216833202022213,0.031214566867818642,0.044119911694200896,0.05321281767624837,0.055050329515630596,0.060401867051248066,0.06005826930249454,0.059308609367566,0.034362551200704666,0.0433756858374528,0.05090170517670416,0.048408525560937506,0.036990353479453966,0.025631916223012953,0.024893157407845867,0.0307879125818611,0.03581953408145273,0.028358131129176675,0.04292291028276753,0.042475342919471665,0.025720359883225498,0.044260431058376036,0.029429926511545666,0.045087941683140294,0.02287463050003617,0.0369539275897547,0.01713682344673326,0.03378497285800318,0.031771303944288475,0.04085684658470434,0.030506947036964844,0.036782205881992124,0.04318312563699116,0.028977272368875834,0.0414605242144518,0.024919169863908314,0.04174154894992997,0.028118801196954944,0.028326914119026943,0.023935908074983355,0.023795443622868267,0.0267973035782934,0.02805116467661672,0.024216838117497246,0.019352800811928403,0.021256744111607988,0.02300468786183651,0.014822112251336231,0.01414592393288367,0.009896541685809217,0.009802923954613985,0.009199613729829125,0.015113396082826297,0.014666068012795774,0.009553277495406043,0.012944410998783754,0.013532160610456123,0.013105651381439466,0.005585099925233785,0.00662002137330365,0.0039625509751080625,0.009267225734339593,0.00627677881122061,0.005434283946279259,0.005444685034233358,0.0044461900773324365,0.0067500380869473355,0.009194412810043424,0.0037701366691073185,0.005501891055171599,0.002969284773888745,0.01333450955718892,0.005699512338984012,0.0028236766635127155,0.011805339956782778,0.010401040138686323
lower-saxony,2021.772602739726,0.01682992322846593,0.02407637290652759,0.005569498251956764,0.024971194815076394,0.019092704680395946,0.02710426262912664,0.03973277587948891,0.039852467437546855,0.03842659461074213,0.04611844502240193,0.05435800156739953,0.058595401267116334,0.0340919731603515,0.05155234583003042,0.03614215723989018,0.0392644202570655,0.03273910407717774,0.017807848877735198,0.031032457902916963,0.03144870790266945,0.0307879125818611,0.03334789080895334,0.02712507347781689,0.03576749827561323,0.032140730901737524,0.036246229653478575,0.03469036878963116,0.030605805111140496,0.028899228949420045,0.024019146447869892,0.027993933843506617,0.022489662615540466,0.03815079160594054,0.023296017532670587,0.03332707746968938,0.03159959935043292,0.023405266580030695,0.03295243878737827,0.030090704575728534,0.017454128966685363,0.028170829349389727,0.03424807570411133,0.02924262087116468,0.030595398989218675,0.021657309364802254,0.019264367981240333,0.017474935953672194,0.023561337045850617,0.0319273995216093,0.029544391401695232,0.027728591712989088,0.016809116499569208,0.018936647625938004,0.016502218215392647,0.017506146449762925,0.023379254881271315,0.010733907777395442,0.015867620728645976,0.008492293414629589,0.010349029762614797,0.010520664201067077,0.011841748234208584,0.013979478926148921,0.010239808142200517,0.009454459436405776,0.009906943666346611,0.01235666803029795,0.005231463147008865,0.007608156550225128,0.007623758835177322,0.007779781942198301,0.0078733960311214,0.005746317489889332,0.005023442636186012,0.00825305489722676,0.008913563914253455,0.011430856297132374,0.005699512338984012,0.007062079526054584,0.004425388302940482,0.013537361964105673
lower-saxony,2021.7917808219179,0.011217609862723512,0.012746762179525249,0.01949325326389783,0.015259038610442869,0.02318676871484182,0.03388383716429119,0.045410622350783775,0.05408731946251298,0.04729470106512635,0.06249473873298298,0.0528484462724761,0.05273393007288503,0.05189068218712208,0.04582178287689639,0.052057248586954666,0.031989837883740796,0.046982418105538305,0.041101439262585165,0.03373293908809078,0.036688539734962146,0.0307879125818611,0.03087636501203877,0.04932458601655036,0.032187559858427126,0.04017511561852642,0.04209543411059242,0.03947257779068166,0.04120552160212122,0.045087941683140294,0.03775009928085571,0.04031562432308695,0.03534601016741689,0.03705800162802277,0.031771303944288475,0.03870760295032809,0.030506947036964844,0.04235564532403662,0.029544391401695232,0.030090704575728534,0.031636021489628394,0.04009185138016989,0.03103766100735226,0.03936849891971599,0.030595398989218675,0.03191699313520967,0.0419341038121808,0.03612134278216725,0.02580360111260882,0.029721292182069287,0.02241162893230172,0.024029551253850073,0.02300468786183651,0.021407605987602208,0.02122032924159188,0.016746696362837068,0.012819580078166842,0.02300468786183651,0.015113396082826297,0.014666068012795774,0.016720687994640968,0.01375581928730811,0.01776103286900255,0.013105651381439466,0.009308833165427983,0.011347638072338734,0.013870249680017977,0.0133865229194174,0.010463452658639629,0.007608156550225128,0.014156326763488405,0.006666827352765989,0.004498194549718561,0.011493270053125997,0.0075353459489994855,0.004128963922034487,0.010401040138686323,0.0038117397019696124,0.007124488038577494,0.007062079526054584,0.004425388302940482,0.010114983714056279
lower-saxony,2021.8109589041096,0.011217609862723512,0.01416152817957697,0.01949325326389783,0.023582146476685266,0.013636187782350675,0.03388383716429119,0.03973277587948891,0.04981905717339565,0.05912640198824046,0.061005771626723083,0.05586760068585457,0.05566458308143208,0.05337418297078971,0.025767183058360264,0.03758878246328038,0.04363069909228633,0.03701116828502577,0.02465904588882532,0.04587903333458603,0.04586862415577186,0.050042871979654076,0.04076317309785119,0.045624009053482836,0.039342479234525295,0.04132521655013934,0.04092449976348459,0.04785161033081124,0.047091716928068995,0.03815079160594054,0.04804939262675356,0.04815869369198382,0.0374899111127703,0.04687311951274238,0.03812997634419002,0.047310315262332724,0.04903831539061384,0.04124195047018165,0.04545746325929546,0.04792968219986968,0.057835350846688664,0.04009185138016989,0.05245284592492264,0.046123649636549864,0.03739624369095737,0.04560319080003762,0.047601781137507425,0.041949716399827155,0.03253617675042337,0.03523153250576789,0.04075276494306161,0.027728591712989088,0.030970020690342243,0.030465322640905113,0.03458629948988143,0.02512206746780387,0.022624921277220225,0.02070532166778468,0.0309856299864561,0.020845777772977137,0.02308792474410145,0.023467694710147927,0.02791589189985886,0.023592551195225426,0.01396387473408516,0.018910638162396836,0.014858522641044869,0.01751134820092972,0.02092901119952365,0.010874336951551836,0.017422918501815595,0.018889830600928397,0.010125385738290495,0.009194412810043424,0.008793943548885647,0.009631291885159604,0.010401040138686323,0.011430856297132374,0.01140485058758098,0.012710353268446101,0.014754493023809816,0.019092704680395946
lower-saxony,2021.8301369863013,0.01682992322846593,0.025491447189510977,0.01949325326389783,0.024971194815076394,0.025918058020581027,0.03117294190532744,0.03689148326677245,0.04839291103396478,0.06948199998821106,0.0684510335452531,0.07551200099235775,0.08205310357616874,0.05189068218712208,0.05728354037876429,0.0563933679098293,0.056726530090435004,0.06693065568558403,0.05618514263089955,0.05128167832933688,0.05898063654445748,0.06673280156174724,0.07042967404123249,0.0431571040429735,0.06201055943666092,0.05510759013458939,0.05847046070899056,0.05383746030859666,0.05062583599734672,0.05781452770384711,0.05148467882277742,0.050396813639544125,0.06857079122420169,0.05777808722394185,0.05720545446473802,0.06345269815129845,0.04795050138474914,0.06466579165141338,0.05228107302690995,0.05462347961583888,0.04910077430186073,0.057439712558591385,0.06530619147878404,0.06300495405266572,0.062338551370624266,0.046743002439905174,0.054410055979878406,0.044281248774252845,0.05723668881627874,0.050651861329107026,0.03361846497754828,0.05362403989867053,0.03185455486054549,0.03540845263453481,0.032229185633108004,0.028170829349389727,0.030928395923604832,0.02453938929723972,0.03476321742337538,0.030886771190187033,0.0334415509387594,0.032369672868652374,0.02452898438924432,0.027957514255227123,0.032593412582920846,0.025533067604319865,0.02179256586143909,0.021631298540399815,0.023025497069911683,0.01957128256780228,0.014156326763488405,0.024450947645644226,0.01912391614748985,0.017240857830099987,0.012559516622681456,0.026141769977233623,0.013370918905287204,0.00952727272483302,0.027088654498067428,0.025429016629750174,0.028040759065911126,0.023795443622868267
lower-saxony,2021.849315068493,0.025246927925235238,0.02407637290652759,0.033420737562001555,0.036074510282755816,0.05184383548329646,0.039306051697124464,0.07949072651020846,0.10538591819960193,0.12424110351694974,0.12058731217317578,0.1390308959090135,0.13927073685997238,0.09492418770255973,0.10458349980191982,0.09402816123529158,0.09166314227756733,0.08973057448808631,0.08224059953854515,0.09044941880761238,0.07209595601453897,0.05646104130500911,0.09392397311322111,0.07029949801069428,0.06677966168094139,0.06544676810628891,0.07017452932796846,0.06939868880944058,0.0706535775760576,0.05550321067923007,0.06064134561271229,0.053759379569208725,0.06964341577690428,0.06759711722042104,0.0678053882017954,0.06990897187435849,0.06975796922124632,0.07693889110107896,0.07389247608324054,0.0847458187875308,0.07530890667822923,0.07804814294350221,0.08137604045163893,0.08440206014536185,0.07481419307859392,0.0855375140009148,0.07595985279587089,0.08976703736649515,0.06397333567194446,0.06166695105810345,0.04992836195842812,0.04899667615812779,0.04690434765866543,0.05189068218712208,0.039306051697124464,0.051781373277189374,0.041491749110056195,0.03527836424597828,0.03930084776529651,0.039384110737078704,0.03822364508768359,0.04370876462439663,0.0346851653196942,0.03320219760901483,0.04749768599454951,0.03026240418725459,0.013870249680017977,0.036053695852110455,0.028259277327995398,0.021745746265098582,0.023956717655714922,0.037791729508559475,0.027000208510576558,0.026438319868376768,0.022614516752292035,0.016507419866139544,0.014858522641044869,0.024768297799871143,0.014255153758087736,0.01977415930593168,0.026563183486388017,0.028212451908818135
lower-saxony,2021.868493150685,0.035065019993264036,0.04108062281967631,0.04317271699782613,0.045790555381085424,0.05594047899359835,0.073220726531653485,0.11075306092937622,0.1624362430804045,0.16868570888981785,0.18173480284786303,0.16627555881079384,0.1407410903465207,0.12907847187015964,0.10888752520846458,0.10271297511943993,0.08146978712769098,0.08545417709504921,0.09047025502303901,0.09855533673918684,0.07996465258865938,0.09113701832498285,0.10258271824637824,0.08881901083735454,0.07871474698251092,0.07693889110107896,0.09709659503405511,0.06820110536455713,0.07183559593654887,0.11337951516060267,0.07552762366475863,0.08402705330929888,0.09538262581912323,0.08396455243288255,0.09749774492360597,0.10759002725603029,0.09703407844687564,0.09144435741311144,0.11485955971437523,0.12270345675689866,0.09715911169640051,0.09215280697645946,0.0781627149045561,0.0877824521600424,0.0759494375938417,0.1060893471099296,0.09298108010164731,0.07343422738638068,0.08082398012081567,0.08260517695625974,0.07745966366718275,0.07397579446199548,0.08232913953355794,0.06260407016576519,0.05503471299413413,0.06473347581328352,0.06413473436180349,0.05139098618886756,0.051401396473187734,0.05792384929678916,0.05495663045698886,0.04208502568913833,0.0490695448368596,0.04544184961843478,0.0437712171344689,0.03499217093670725,0.03467996185028371,0.030902380461316957,0.03559057692525954,0.029362288285803326,0.03921238100385531,0.027785822254071876,0.03262983541821559,0.029887787583933713,0.03392026090346713,0.034398975275194865,0.02080416110966395,0.028581853583660253,0.029939817506343593,0.031079285861553903,0.025085649890862198,0.04446340414367195
lower-saxony,2021.8876712328768,0.05330651359276082,0.05666926768873399,0.07104931641406113,0.07772525968412336,0.07368938809432042,0.11801261198970595,0.13918731379503663,0.2266986391466411,0.2502688899449283,0.2519200437179072,0.26326007941502233,0.1936127945522374,0.16176856493215713,0.12610197752347657,0.114301932348655,0.12225520219320804,0.12681089942389448,0.10830911850748232,0.12423589107824358,0.08783974883385406,0.13483907182860144,0.12857282071221293,0.10857487213873414,0.09184546370111775,0.11027364312537272,0.12755110760444852,0.12930262808016946,0.10719922096403033,0.12728004423105221,0.12594038638404215,0.11879439006577618,0.13401534513099586,0.14402085838133558,0.09856054660433002,0.12913581406446473,0.13524572652823258,0.13164329367150304,0.1752385430805388,0.13834266280011553,0.13869720599137297,0.13014713224677063,0.14034482077531935,0.1148178677418827,0.130428636683476,0.12321947551580899,0.12704025857857307,0.11543803928225772,0.10217110867208175,0.09363224748197538,0.0988835592624374,0.09803956267407157,0.08498540948808773,0.09392918251436415,0.08493853295981303,0.08836063058248012,0.07697534501094172,0.06290603436478938,0.06425448210057681,0.061791899296691585,0.060532018306530315,0.06314552445914219,0.05330651359276082,0.048939422267904854,0.06240623250338122,0.05581033922999831,0.06144829236300044,0.04223594800413007,0.04291770598896189,0.03806232680104804,0.040300012226055996,0.04223594800413007,0.04275637313943084,0.03793743556800442,0.035179497288331224,0.042657491962929006,0.05202081214140184,0.04955360365201052,0.04848139341548577,0.02683892503831361,0.04280321165708429,0.04802857340228109
lower-saxony,2021.9068493150685,0.061729425139871404,0.08361038221883794,0.08080835585711779,0.0916162597291217,0.11740804500328614,0.1356732387440163,0.2217425146739425,0.2638611180560314,0.2918458507677126,0.31920210983179403,0.28298299915140684,0.29216483701092955,0.1989420723445026,0.17921447077886846,0.18386909260449058,0.139739994093953,0.15962996607121346,0.1440052151175397,0.14857846297434693,0.11934164171238605,0.13869720599137297,0.14094965449167743,0.15182221894073022,0.1288699553329933,0.1378786319815689,0.11583933069093325,0.13649699170477222,0.15202561231037456,0.1550870393882134,0.1247936249825427,0.14797354051813827,0.16730324983718325,0.14402085838133558,0.15906142653922692,0.17332895359390563,0.1385199340935758,0.17187333002119262,0.19005850641795238,0.18640008763477672,0.15729325616358203,0.16599386024871757,0.1725411379277041,0.17006820469713596,0.14860453737634716,0.18151042050516977,0.16112175990123223,0.13995898225234962,0.13365040709426582,0.14216455726567187,0.1141872807342186,0.12767100147030905,0.1266493060814581,0.09063173597567634,0.1101329452609634,0.1005611734035175,0.07848560088023687,0.09822711628765443,0.0884700164125979,0.09735187187844152,0.09959732015465401,0.07124197983312372,0.07531932175196575,0.07954801404843,0.05774685254720283,0.060547636479052515,0.08029275778864292,0.05151590973826156,0.05234353583326354,0.048944627164408505,0.05010533209751932,0.04446340414367195,0.04388571359774255,0.05174493702493626,0.0414605242144518,0.045410622350783775,0.04756014305531625,0.04955360365201052,0.04848139341548577,0.04379723903580002,0.0546130686864449,0.05059460561643705
lower-saxony,2021.9260273972602,0.04067990791786589,0.09779470202998607,0.06965382971596201,0.09578376248656098,0.10647493440206397,0.18868069794629191,0.21319444054962733,0.23384381009566857,0.315623532397415,0.2683560620509452,0.3163768966547798,0.28774626733064773,0.20786892279048313,0.1964522242419271,0.15197346008847357,0.1543203618575914,0.14964230919164415,0.1234071199704641,0.11342120597988459,0.11802824743604792,0.12841122189440868,0.1335252860712534,0.12833824194775786,0.1372321240368711,0.114875194212675,0.13341059206463932,0.11492209773578449,0.15675082066631107,0.15625011599870778,0.1419872735470461,0.12328202359212667,0.15119118303641638,0.12653983990898612,0.1410070097782526,0.13236793088046306,0.1647366686023211,0.17187333002119262,0.16383943837928075,0.19199480654027368,0.1551026859861265,0.18120776678597728,0.1725411379277041,0.1576635759550871,0.15087306040124226,0.14607016662725178,0.12931305397391948,0.10609976835050243,0.1358974233839276,0.11899765429077966,0.10908553979159742,0.10081646725671099,0.11157641921100434,0.09723204789746448,0.08572502252744417,0.10666251844287052,0.07622023352457465,0.07902722056748043,0.0922517823162226,0.08111563390494175,0.08843355444366044,0.07610566584331879,0.07108576619535387,0.06118277946933135,0.06427530782242645,0.05865266578992195,0.05351472734499935,0.060792321794363245,0.054441288652378,0.05438402876712825,0.05010533209751932,0.0555864995984769,0.038254868039676496,0.04714376406715859,0.046493178572735924,0.03715166844056288,0.04309985658196719,0.05336897763088874,0.04848139341548577,0.046623295020451726,0.05166165425852637,0.04588944251548389
lower-saxony,2021.945205479452,0.0575177988243929,0.06092247402692298,0.06686296866376537,0.08883984639949259,0.12014428787884936,0.14925640167566276,0.20180267393287107,0.24384765424276253,0.2354265356051723,0.2608821250814805,0.2966413093861208,0.29510901553376523,0.1989420723445026,0.16629120877565173,0.14327520137462008,0.14994477924675567,0.11682433182374055,0.13164329367150304,0.1296466836776346,0.11540155839866853,0.10013394975905021,0.1310489944328074,0.10733991089079237,0.11095108261655921,0.11027364312537272,0.1181793903263676,0.09934203228677493,0.11309289168288247,0.11916964771714501,0.12020683225629203,0.12104076447726671,0.127571958691698,0.13309779151418638,0.1643715148991957,0.15931179180570232,0.15162925673569488,0.14951714968346924,0.16839878040358253,0.14727997429255715,0.16604602653396994,0.1431813432083452,0.12210925968072699,0.1260915522735209,0.15882671019668684,0.1266493060814581,0.1429414842197584,0.11777286906788945,0.10666772912032749,0.10465644641731844,0.10704289926961078,0.1026712928845633,0.08941803657908699,0.08073544268858682,0.08808456260584961,0.07845435376271323,0.07092955302685955,0.07672537585649256,0.07106493774577399,0.07028908394232902,0.07408515003670413,0.0720542983144574,0.0668525552836129,0.05855896023998779,0.050292712901256656,0.06433257860051632,0.04558237255492701,0.05563855524075443,0.06281752743514266,0.05112031952807073,0.04574891874917547,0.05224984165186968,0.04838770619268439,0.04254299820398647,0.05026148272040899,0.042657491962929006,0.04012827946804521,0.03430010998950347,0.0256631316153238,0.031079285861553903,0.04132521655013934,0.03534080663187163
lower-saxony,2021.964383561644,0.05050091458622938,0.07793877903434306,0.07662122239678777,0.1027338162494105,0.12561199303497372,0.15876933525186931,0.19183822972695228,0.223841890134128,0.27699685384383627,0.29377548595897734,0.2738811941241794,0.2627269900859668,0.17068903552791878,0.17346982255371174,0.15342331134240939,0.13828531045220738,0.11968041942744989,0.1302722451416072,0.11883087332970922,0.10490133937460139,0.11041434137047902,0.11000788081218282,0.10363520311368331,0.13125751970797603,0.09762798905972785,0.11349416499405231,0.10054033314430416,0.10955452470682296,0.10295785892413326,0.11333261302886727,0.1266493060814581,0.127571958691698,0.16368816271564623,0.13039214528163331,0.13667425670632377,0.1505340794071923,0.14504810967140988,0.16155991726894525,0.14951714968346924,0.1376023009893788,0.14860975225831963,0.15429428458934386,0.13962007239800692,0.11566734827943996,0.108371648651467,0.11795528206002102,0.12361040222712892,0.08643860282494671,0.10686573525070166,0.08969932061265494,0.07860017380515578,0.08498540948808773,0.0832093394475314,0.05346267382877782,0.05863704818653696,0.061115099928952456,0.07288745865688494,0.05366568283669936,0.06720140465393196,0.06292685954659982,0.060714230611193847,0.05076637294357521,0.06118277946933135,0.0512244219231896,0.043510998837337195,0.03666252139072491,0.04738838631870983,0.03977440769452316,0.028269682982428317,0.035944420227914435,0.032229185633108004,0.034877694054035284,0.027588117015573278,0.023868276995121535,0.028894026058956992,0.02080416110966395,0.036204600663048446,0.02138159528810311,0.04238687075715279,0.030990833086205812,0.04075796902019888
lower-saxony,2021.9835616438356,0.043484977079246305,0.04391173555637019,0.05571663880187674,0.07078375449299748,0.0955441220273955,0.12344881883012178,0.11786146958414749,0.1453140511294916,0.17461765793089154,0.169796919602389,0.17233244703563635,0.19802337237320067,0.14542355683108377,0.10171782088528548,0.09547639774996114,0.09748732540680877,0.0954347213153789,0.09458557123434626,0.11612596930743918,0.10752228728832294,0.10655830500332195,0.11000788081218282,0.11598525560735065,0.10975775281699587,0.09073070842031525,0.10529733893732021,0.11012773423625595,0.09776344330734882,0.07517351090948901,0.1213534925081209,0.10757439494796003,0.09001706922151703,0.10470334072411835,0.10810589605881395,0.1086686678622674,0.09921699378833937,0.09590879272975168,0.10120201545153916,0.09702365902298533,0.10699600285292445,0.09866474401674483,0.0910224177740211,0.08440206014536185,0.1043177665683213,0.07070044122861792,0.07709512232328666,0.06876865234151837,0.08531354636924769,0.06827920779198496,0.06522288698996709,0.058246609626425694,0.06195849741517902,0.04035205256773036,0.04402623232904002,0.04416154702177755,0.051302498856295,0.04678984454861727,0.04383887410502002,0.03860872947250306,0.040612255057304224,0.04370876462439663,0.05414978443857711,0.03145391104875477,0.02234920207002108,0.034050345894491164,0.028732736712721765,0.029872178617365304,0.013604979608929159,0.017396909795403263,0.029403911798927086,0.018889830600928397,0.020247541439710096,0.026438319868376768,0.017584172771942085,0.01788587565262237,0.02377463410667591,0.01333450955718892,0.017105613172310023,0.011300827879420765,0.017709015130952372,0.02522091530521477
lower-saxony,2022.0027397260274,0.04629019756442433,0.07084623952888461,0.06547280085679431,0.07355920390321671,0.07096079562301605,0.08950137983781684,0.12781174679600416,0.15244804723551875,0.15090435106593836,0.1354959771548328,0.17990324505268018,0.13927073685997238,0.14393742769548679,0.11605821821912561,0.12878654895224234,0.13099686324467094,0.11825235601685387,0.1247831999948895,0.19187998349774052,0.18502759462850932,0.20689785775741146,0.21281328243241393,0.22604058067222965,0.19342489658645387,0.17816045508339518,0.1932056831511587,0.17967365261437818,0.1532094818175991,0.15161361118288802,0.15116510733735458,0.1333845252802307,0.13508932049817973,0.1571315680676463,0.13569930667574084,0.11297303142430944,0.14070459170712463,0.13722691029579853,0.12169228333060053,0.13387458301340902,0.10699600285292445,0.10951804795061054,0.11996707921795699,0.1215828275927415,0.097508164442491,0.11408305221318901,0.10659999035407883,0.10960142343098073,0.09992554925496097,0.10686573525070166,0.09582022960976948,0.10544844482852686,0.10271297511943993,0.08073544268858682,0.09202257655326503,0.08683967050236754,0.06413473436180349,0.0751891334801956,0.0801417249791171,0.06720140465393196,0.06212509606741109,0.0647647146869388,0.07531932175196575,0.046316220726337454,0.03725053914794925,0.0633850156564848,0.05252051419205301,0.050485299430942855,0.03453946837294732,0.021745746265098582,0.029403911798927086,0.032229185633108004,0.038254868039676496,0.032187559858427126,0.022614516752292035,0.01788587565262237,0.02377463410667591,0.020960223768826204,0.029939817506343593,0.021189116516162825,0.014754493023809816,0.02949756482527332
