State,week_end_num,A00,A01,A02,A03,A04,A05,A06,A07,A08,A09,A10,A11,A12,A13,A14,A15,A16,A17,A18,A19,A20,A21,A22,A23,A24,A25,A26,A27,A28,A29,A30,A31,A32,A33,A34,A35,A36,A37,A38,A39,A40,A41,A42,A43,A44,A45,A46,A47,A48,A49,A50,A51,A52,A53,A54,A55,A56,A57,A58,A59,A60,A61,A62,A63,A64,A65,A66,A67,A68,A69,A70,A71,A72,A73,A74,A75,A76,A77,A78,A79,A80+
hamburg,2020.0109289617487,-0,-0,-0,-0,-0,-0,-0,-0,-0,-0,-0,-0,-0,-0,-0,-0,-0,-0,-0,-0,-0,-0,-0,-0,-0,-0,-0,-0,-0,-0,-0,-0,-0,-0,-0,-0,-0,-0,-0,-0,-0,-0,-0,-0,-0,-0,-0,-0,-0,-0,-0,-0,-0,-0,-0,-0,-0,-0,-0,-0,-0,-0,-0,-0,-0,-0,-0,-0,-0,-0,-0,-0,-0,-0,-0,-0,-0,-0,-0,-0,-0
hamburg,2020.0300546448088,-0,-0,-0,-0,-0,-0,-0,-0,-0,-0,-0,-0,-0,-0,-0,-0,-0,-0,-0,-0,-0,-0,-0,-0,-0,-0,-0,-0,-0,-0,-0,-0,-0,-0,-0,-0,-0,-0,-0,-0,-0,-0,-0,-0,-0,-0,-0,-0,-0,-0,-0,-0,-0,-0,-0,-0,-0,-0,-0,-0,-0,-0,-0,-0,-0,-0,-0,-0,-0,-0,-0,-0,-0,-0,-0,-0,-0,-0,-0,-0,-0
hamburg,2020.049180327869,-0,-0,-0,-0,-0,-0,-0,-0,-0,-0,-0,-0,-0,-0,-0,-0,-0,-0,-0,-0,-0,-0,-0,-0,-0,-0,-0,-0,-0,-0,-0,-0,-0,-0,-0,-0,-0,-0,-0,-0,-0,-0,-0,-0,-0,-0,-0,-0,-0,-0,-0,-0,-0,-0,-0,-0,-0,-0,-0,-0,-0,-0,-0,-0,-0,-0,-0,-0,-0,-0,-0,-0,-0,-0,-0,-0,-0,-0,-0,-0,-0
hamburg,2020.068306010929,-0,-0,-0,-0,-0,-0,-0,-0,-0,-0,-0,-0,-0,-0,-0,-0,-0,-0,-0,-0,-0,-0,-0,-0,-0,-0,-0,-0,-0,-0,-0,-0,-0,-0,-0,-0,-0,-0,-0,-0,-0,-0,-0,-0,-0,-0,-0,-0,-0,-0,-0,-0,-0,-0,-0,-0,-0,-0,-0,-0,-0,-0,-0,-0,-0,-0,-0,-0,-0,-0,-0,-0,-0,-0,-0,-0,-0,-0,-0,-0,-0
hamburg,2020.0874316939892,-0,-0,-0,-0,-0,-0,-0,-0,-0,-0,-0,-0,-0,-0,-0,-0,-0,-0,-0,-0,-0,-0,-0,-0,-0,-0,-0,-0,-0,-0,-0,-0,-0,-0,-0,-0,-0,-0,-0,-0,-0,-0,-0,-0,-0,-0,-0,-0,-0,-0,-0,-0,-0,-0,-0,-0,-0,-0,-0,-0,-0,-0,-0,-0,-0,-0,-0,-0,-0,-0,-0,-0,-0,-0,-0,-0,-0,-0,-0,-0,-0
hamburg,2020.1065573770493,-0,-0,-0,-0,-0,-0,-0,-0,-0,-0,-0,-0,-0,-0,-0,-0,-0,-0,-0,-0,-0,-0,-0,-0,-0,-0,-0,-0,-0,-0,-0,-0,-0,-0,-0,-0,-0,-0,-0,-0,-0,-0,-0,-0,-0,-0,-0,-0,-0,-0,-0,-0,-0,-0,-0,-0,-0,-0,-0,-0,-0,-0,-0,-0,-0,-0,-0,-0,-0,-0,-0,-0,-0,-0,-0,-0,-0,-0,-0,-0,-0
hamburg,2020.1256830601094,-0,-0,-0,-0,-0,-0,-0,-0,-0,-0,-0,-0,-0,-0,-0,-0,-0,-0,-0,-0,-0,-0,-0,-0,-0,-0,-0,-0,-0,-0,-0,-0,-0,-0,-0,-0,-0,-0,-0,-0,-0,-0,-0,-0,-0,-0,-0,-0,-0,-0,-0,-0,-0,-0,-0,-0,-0,-0,-0,-0,-0,-0,-0,-0,-0,-0,-0,-0,-0,-0,-0,-0,-0,-0,-0,-0,-0,-0,-0,-0,-0
hamburg,2020.1448087431695,-0,-0,-0,-0,-0,-0,-0,-0,-0,-0,-0,-0,-0,-0,-0,-0,-0,-0,-0,-0,-0,-0,-0,-0,-0,-0,-0,-0,-0,-0,-0,-0,-0,-0,-0,-0,-0,-0,-0,-0,-0,-0,-0,-0,-0,-0,-0,-0,-0,-0,-0,-0,-0,-0,-0,-0,-0,-0,-0,-0,-0,-0,-0,-0,-0,-0,-0,-0,-0,-0,-0,-0,-0,-0,-0,-0,-0,-0,-0,-0,-0
hamburg,2020.1639344262296,-0,-0,-0,-0,-0,-0,-0,-0,-0,-0,-0,-0,-0,-0,-0,-0,-0,-0,-0,-0,-0,-0,-0,-0,-0,-0,-0,-0,-0,-0,-0,-0,-0,-0,-0,-0,-0,-0,-0,-0,-0,-0,-0,-0,-0,-0,0.004529397258114548,-0,-0,-0,-0,-0,-0,-0,-0,-0,-0,-0,-0,-0,-0,-0,-0,-0,-0,-0,-0,-0,0.006120760213804969,-0,-0,-0,-0,-0,-0,-0,-0,-0,-0,-0,-0
hamburg,2020.1830601092897,-0,-0,-0,-0,-0,-0,-0,-0,-0,-0,-0,-0,-0,0.006828048271176257,-0,-0,-0,-0,-0,-0,-0,-0,-0,-0,-0,0.003936549000260211,-0,-0,-0,-0,-0,0.0032345005940119563,-0,-0,0.0035049181170700625,-0,-0,-0,-0,-0,-0,-0,-0,-0,-0,-0,0.004529397258114548,-0,0.0044305887457612245,-0,-0,0.003993753362091565,-0,-0,-0,-0,-0,0.003931348606847413,-0,-0,-0,-0,-0,-0,-0,-0,-0,-0,-0,-0,-0,-0,-0,-0,-0,-0,-0,-0,-0,-0,-0
hamburg,2020.2021857923498,0.00542908340308526,0.005314671584346822,-0,-0,-0,-0,-0,-0,0.006339186381260658,0.013287697575658008,-0,0.0067968441834456396,-0,-0,0.006937262725709608,-0,0.00686445306387115,0.02092901119952365,0.013417730961730804,0.018432066355112433,0.005553896583354971,0.005210661058478578,0.0047218143736140646,0.008466289174640396,0.0161589104167443,0.019675321821815844,0.01109278308737655,0.017672602745281225,0.013953471941975461,0.010052571612347957,0.009470062275339882,0.009704105421198058,0.012803976234156533,0.006776041468690766,0.0035049181170700625,0.007145290892723908,0.025725562456160974,-0,0.014905336036696496,0.010936750039578199,0.007441732468655598,0.007998215078505908,0.024877549940455535,0.0042433731319792235,0.008419481575428201,0.008996778243757634,0.01811475486771989,0.00906959089131662,0.035470895176640545,0.025127269980875076,0.024726677997167823,0.019961430843658905,0.01496255246639305,0.007420929495915969,0.01106677754689829,0.007592554269948531,0.007545747457218475,0.003931348606847413,-0,0.004352582158105526,0.004544998619330876,0.00952727272483302,0.014967753963120995,-0,0.010962755515028915,-0,0.01187295534942598,-0,-0,-0,-0,-0,-0,-0,-0,-0,-0,-0,-0,-0,7.436053167918634e-4
hamburg,2020.22131147541,-0,0.005314671584346822,-0,-0,0.0053302731811678185,0.005699512338984012,-0,0.0061415626664147295,0.012673944382853637,0.006646024690024559,0.01960769628302628,0.013589375529244961,-0,-0,0.01388065245547877,0.020752140327365692,0.048070211859561424,0.02791068910778323,0.020127894998943505,0.055310605564410184,0.07227820884477448,0.02083537360402634,0.03307211473972203,0.029638044681042794,0.020195521214244932,0.03936329498163858,0.05919407894031788,0.03888453490618025,0.020934213293103472,0.033514397823016205,0.03156838039428185,0.04530132706168568,0.03842659461074213,0.030501743985632348,0.02805116467661672,0.02143881884417873,0.029398708857967443,0.018489286665460354,0.022359606541863378,0.03282235654288404,0.018608929336019413,0.0440054147152564,0.041465728362415195,0.029726495155305607,0.03369131210964485,0.02699500581011762,0.03170366267296771,0.022676943933088355,0.044343701971882615,0.02093941538720949,0.037094427590631564,0.03593401303758634,0.03366529526503517,0.0185621126060625,0.02213070864223053,0.0189834646930983,0.041512565717546246,0.019649311988794837,0.025257332976888112,0.02175615061619851,0.036355505911910044,0.01428636232171272,0.009979757588370606,0.0261521752079434,0.0328952025597092,0.01170651761799311,0.017807848877735198,0.006162365127346456,0.030621414297924948,0.0247735002775484,-0,0.01213301537128127,0.006339186381260658,0.006729235390917331,0.014536031505045306,0.040378072758094935,-0,0.0065212088883461914,0.006838449637916147,0.01210180809998616,0.003723333296920117
hamburg,2020.24043715847,0.010863934777497159,0.005314671584346822,-0,-0,0.010661092799352354,-0,-0,-0,-0,0.006646024690024559,0.01960769628302628,0.013589375529244961,0.006573215435966263,0.006828048271176257,0.020819767354506157,0.013833839982296826,0.01372981241499424,0.03488810103295564,0.02683892503831361,0.03686546482099745,0.038905350469977895,0.026048122994539687,0.023618563000681193,0.055050329515630596,0.028280088638943494,0.027551697711517227,0.022193135242206584,0.028274885810422732,0.020934213293103472,0.030163546765921426,0.04104419406464036,0.02264573033332204,0.012803976234156533,0.04745084324819709,0.02805116467661672,0.04288648023708342,0.029398708857967443,0.04069031605807264,0.026089743854916102,0.03646998604800865,0.022333595366163878,0.03200024428471833,0.03317097769070606,0.0424701386704653,0.03369131210964485,0.08102709597612967,0.03623582240274669,0.040825622070337214,0.057653148629555444,0.033503991119017196,0.061838754963570844,0.03193780591009149,0.03741185491621222,0.04826799498695923,0.04427083991527267,0.0189834646930983,0.01886382116080424,0.039306051697124464,0.008419481575428201,0.02175615061619851,0.05454019223904948,0.023816253147388236,0.029939817506343593,0.0261521752079434,0.01644500009155316,0.02341046892134744,0.017807848877735198,0.018489286665460354,0.018369644270182756,0.012387875454545077,0.018041929553644385,0.024274064793716903,0.012679145650665703,0.020190319194557754,0.029076127535001273,0.048455369169999596,0.03275991718110858,0.013048436994883204,0.041054602277761636,0.018151167563010037,0.024586211408980454
hamburg,2020.25956284153,-0,0.005314671584346822,0.00537187746224954,-0,0.0053302731811678185,-0,0.005871131431604497,0.0061415626664147295,0.006339186381260658,-0,0.01960769628302628,0.013589375529244961,0.006573215435966263,0.006828048271176257,-0,0.020752140327365692,0.01372981241499424,0.006973667594864792,0.020127894998943505,0.03072027258971668,0.03334789080895334,0.031261394990446154,0.023618563000681193,0.02116830804295771,0.024237647810652917,0.031485129936182556,0.025892045064830553,0.017672602745281225,0.024424935423798158,0.016751898038033827,0.022094293160190178,0.01941002213545338,0.019207146817994344,0.0135529660281875,0.021038255274045806,0.03216154376616962,0.01837484610772913,0.014790903366165726,0.022359606541863378,0.051063063299592794,0.06702437632279096,0.01999784483209072,0.02073133202901571,0.012736359630900538,0.037901009014864574,0.04049776580148282,0.01811475486771989,0.040825622070337214,0.013298100234577928,0.016751898038033827,0.0494651194460162,0.027947108663261708,0.01496255246639305,0.03712564986460271,0.025819208857950006,0.030376870909910564,0.041512565717546246,0.011789736417122243,0.025257332976888112,0.004352582158105526,0.04999602694049271,0.01428636232171272,0.04990754198165981,0.015690767071246836,0.010962755515028915,0.035122258609295104,0.023748622223149062,0.012325460624785496,0.018369644270182756,0.030970020690342243,0.02405556327791183,0.024274064793716903,0.02536658614494264,0.02692216805830875,0.007264907465600685,0.03229682758802961,0.05242681969177731,0.039149933968746664,0.06844061984707421,0.0363138768340037,0.0409817448296617
hamburg,2020.27868852459,0.00542908340308526,0.005314671584346822,-0,0.005418682318251812,0.0053302731811678185,-0,0.005871131431604497,-0,-0,-0,0.02614697259232536,-0,0.006573215435966263,0.006828048271176257,-0,-0,0.01372981241499424,0.006973667594864792,0.033550821303411006,0.03686546482099745,0.027785822254071876,0.02083537360402634,0.01889503249051205,0.046576453061768774,0.012117411733295511,0.015742782790398663,0.018489286665460354,0.03534601016741689,0.02791589189985886,0.013402126938235783,0.025252130450804308,0.03559057692525954,0.028815982764439984,0.023722610352628317,0.014026291530446865,0.010718304559228361,0.029398708857967443,0.025892045064830553,0.04100256123298812,-0,0.01488453007786929,0.015997660566351175,0.037318187635001415,0.033972294860823427,0.012632334259115106,0.017995113334160907,0.02264573033332204,0.03628785867722936,0.03103766100735226,0.02093941538720949,0.037094427590631564,0.03992532330342692,0.029924208524151456,0.0185621126060625,0.029507970727501363,0.053171175100878106,0.022640528068518795,0.011789736417122243,0.004206970174240745,0.013053638300148022,0.018171974828907887,0.01428636232171272,0.014967753963120995,-0,0.01644500009155316,0.02341046892134744,0.0059335385148102425,0.018489286665460354,0.006120760213804969,0.0247735002775484,0.018041929553644385,0.03641274594845814,0.03170886584455822,0.020190319194557754,0.014536031505045306,-0,0.04586862415577186,0.01957128256780228,0.041054602277761636,0.01210180809998616,0.06483760546511605
hamburg,2020.2978142076502,-0,-0,-0,-0,-0,-0,-0,0.0061415626664147295,-0,0.006646024690024559,-0,0.0067968441834456396,-0,-0,-0,0.0069164599547856965,-0,-0,0.0067084327032152545,0.018432066355112433,0.027785822254071876,0.005210661058478578,0.0047218143736140646,0.016933956997830492,0.020195521214244932,0.00786819524397923,0.018489286665460354,0.014135521104354294,0.010463452658639629,0.026807708940176676,0.015784395403182796,0.012939209704444394,-0,0.010166993856035466,0.014026291530446865,0.0142915637508084,0.01102516870917996,0.014790903366165726,0.011181202022291139,0.010936750039578199,0.01116559866991332,0.015997660566351175,0.00414456516311655,0.02547583954254101,0.02526773803062301,0.013495751149453748,0.01811475486771989,0.00906959089131662,0.017729822219928186,0.025127269980875076,0.004118563097248782,0.019961430843658905,0.007478137690988677,0.011134391979197931,0.007374122837664597,0.01518621729564192,0.015092590040751079,0.007857793671261137,0.004206970174240745,0.017407313276408307,-0,0.004763418167881299,0.004987039132350607,0.01045825161244615,0.005481088858459028,-0,0.01187295534942598,-0,0.006120760213804969,-0,0.012023790003689352,0.006068754118689121,0.006339186381260658,0.013459341713950376,-0,0.024222040540008326,0.026204201392723697,0.04568125929342967,0.034206448313292746,0.03025720116039645,0.049923156963451655
hamburg,2020.3169398907103,-0,-0,-0,-0,-0,-0,-0,-0,-0,-0,-0,-0,-0,0.006828048271176257,-0,-0,-0,0.013953471941975461,0.0067084327032152545,-0,0.016668671297279614,0.005210661058478578,0.0047218143736140646,0.012699950727104952,0.012117411733295511,0.00786819524397923,0.007394925791684666,0.0035361202294481955,0.00348931706789617,0.013402126938235783,0.006313183217977983,0.00646920239273339,0.019207146817994344,0.010166993856035466,0.010520664201067077,0.0035725227175621927,0.007348119156845715,0.01109278308737655,-0,0.00364532777022918,0.003723333296920117,-0,0.00828946068757165,0.016985973960557763,0.012632334259115106,-0,0.01811475486771989,0.013604979608929159,-0,-0,0.01236186926637474,0.0079826126812,0.007478137690988677,0.00371293255327242,-0,0.007592554269948531,0.007545747457218475,0.011789736417122243,0.008419481575428201,0.004352582158105526,-0,0.01428636232171272,0.009979757588370606,0.005231463147008865,-0,0.0058503290871796815,0.0059335385148102425,0.012325460624785496,0.012247442192931599,0.018577718178029532,0.018041929553644385,0.01213301537128127,0.006339186381260658,-0,0.007264907465600685,0.008071026327846035,0.026204201392723697,-0,0.02736439883644126,0.018151167563010037,0.03725053914794925
hamburg,2020.3360655737704,-0,0.010635087474764283,-0,-0,-0,-0,-0,-0,-0,-0,-0,-0,-0,-0,-0,0.0069164599547856965,-0,-0,-0,-0,-0,0.02083537360402634,-0,0.008466289174640396,0.012117411733295511,0.003936549000260211,0.0036973314416898846,0.0035361202294481955,0.0069788682925356485,0.003348907835987936,0.0031564958006180316,0.012939209704444394,-0,-0,0.0035049181170700625,0.0035725227175621927,-0,0.018489286665460354,-0,0.010936750039578199,0.003723333296920117,0.007998215078505908,-0,0.0042433731319792235,0.008419481575428201,0.008996778243757634,-0,0.00906959089131662,-0,-0,0.004118563097248782,0.003993753362091565,0.003738934416303768,-0,-0,0.011389247168088262,-0,0.003931348606847413,0.004206970174240745,-0,0.004544998619330876,0.00952727272483302,-0,-0,-0,-0,-0,-0,-0,-0,-0,-0,-0,-0,-0,-0,0.013100450070966259,0.0065212088883461914,0.013683000077598486,0.006047951695206187,0.01191976605737966
hamburg,2020.3551912568305,-0,-0,-0,-0,-0,-0,-0,-0,-0,-0,0.006536810847169685,-0,-0,-0,-0,0.0069164599547856965,-0,0.006973667594864792,-0,-0,-0,-0,-0,-0,0.00404055697766933,-0,0.01109278308737655,0.0070672802325678265,0.00348931706789617,-0,0.0031564958006180316,0.00646920239273339,0.006401594026198965,-0,0.007010072489501038,-0,-0,-0,0.0037285336695298504,-0,0.003723333296920117,0.003998953761745314,0.00414456516311655,-0,-0,-0,0.009053988172539539,-0,-0,0.004186168495544676,0.008242653247524817,0.003993753362091565,0.003738934416303768,-0,0.007374122837664597,0.003796138560742797,0.0037701366691073185,-0,0.008419481575428201,0.004352582158105526,-0,-0,0.004987039132350607,-0,-0,0.0058503290871796815,0.0059335385148102425,-0,0.006120760213804969,-0,-0,0.006068754118689121,-0,0.006729235390917331,-0,-0,-0,-0,0.0205232495034856,0.006047951695206187,0.007446933213145208
hamburg,2020.3743169398906,-0,-0,-0,-0,0.0053302731811678185,-0,-0,-0,-0,-0,-0,-0,-0,-0,-0,-0,-0,0.006973667594864792,-0,-0,-0,-0,-0,0.004232972284309839,-0,-0,-0,0.0070672802325678265,-0,-0,-0,0.0032345005940119563,-0,0.003390510531843826,-0,-0,-0,-0,-0,-0,-0,0.003998953761745314,0.00414456516311655,-0,-0,-0,-0,-0,0.008866755912421307,0.004186168495544676,-0,-0,0.003738934416303768,0.00371293255327242,-0,0.011389247168088262,-0,-0,-0,-0,0.004544998619330876,-0,-0,0.005231463147008865,-0,-0,-0,-0,-0,-0,-0,-0,-0,-0,-0,-0,-0,-0,0.006838449637916147,-0,0.003723333296920117
hamburg,2020.3934426229507,0.010863934777497159,-0,-0,-0,-0,-0,-0,-0,-0,-0,-0,-0,-0,-0,-0,-0,-0,-0,-0,-0,0.011113587529125463,-0,-0,-0,-0,0.00786819524397923,-0,-0,-0,0.003348907835987936,-0,-0,-0,-0,-0,-0,-0,-0,-0,-0,-0,-0,-0,-0,-0,-0,-0,-0,-0,-0,-0,-0,-0,-0,-0,-0,-0,-0,-0,-0,-0,0.004763418167881299,0.004987039132350607,-0,-0,-0,-0,-0,-0,-0,-0,-0,0.006339186381260658,-0,0.007264907465600685,-0,-0,0.0065212088883461914,-0,0.006047951695206187,0.0022360480753789583
hamburg,2020.4125683060108,-0,-0,-0,-0,-0,-0,-0,-0,-0,-0,-0,-0,-0,-0,0.006937262725709608,-0,-0,-0,-0,-0,-0,-0,-0,-0,-0,0.003936549000260211,-0,-0,-0,-0,-0,-0,0.003203298662611505,-0,-0,-0,-0,0.0036973314416898846,-0,-0,-0,-0,-0,0.0042433731319792235,-0,-0,-0,-0,-0,0.004186168495544676,0.004118563097248782,-0,-0,-0,0.0036869307032371557,0.003796138560742797,-0,-0,-0,-0,-0,-0,-0,-0,-0,-0,-0,-0,-0,-0,-0,-0,-0,-0,-0,-0,-0,-0,-0,-0,-0
hamburg,2020.431693989071,-0,-0,-0,-0,-0,-0,-0,-0,-0,-0,-0,-0,-0,-0,-0,-0,-0,-0,-0,-0,0.005553896583354971,0.005210661058478578,-0,-0,-0,-0,-0,-0,-0,-0,-0,-0,-0,-0,-0,-0,0.003676529966864721,-0,-0,-0,0.003723333296920117,-0,-0,-0,-0,0.004498194549718561,0.004529397258114548,-0,-0,0.004186168495544676,-0,-0,-0,0.00371293255327242,-0,-0,-0,-0,-0,-0,-0,-0,-0,0.005231463147008865,-0,-0,-0,-0,0.006120760213804969,-0,0.006011547474138592,-0,-0,-0,-0,-0,-0,-0,-0,-0,7.436053167918634e-4
hamburg,2020.450819672131,-0,-0,-0,-0,-0,-0,-0,-0,-0,-0,-0,-0,0.006573215435966263,-0,-0,0.0069164599547856965,-0,-0,-0,-0,-0,-0,-0,-0,-0,-0,-0,-0,0.00348931706789617,-0,-0,-0,-0,-0,-0,0.0035725227175621927,-0,-0,0.0037285336695298504,-0,0.003723333296920117,-0,-0,-0,-0,-0,0.004529397258114548,-0,-0,-0,-0,-0,-0,-0,0.0036869307032371557,-0,-0,-0,-0,-0,-0,-0,-0,-0,-0,-0,-0,0.006162365127346456,-0,-0,-0,-0,-0,-0,-0,-0,-0,-0,-0,-0,-0
hamburg,2020.4699453551912,-0,-0,-0,-0,-0,-0,-0,-0,-0,-0,-0,-0,-0,-0,-0,-0,-0,-0,-0,-0,0.005553896583354971,-0,-0,-0,0.00404055697766933,0.00786819524397923,-0,0.0035361202294481955,-0,-0,-0,-0,-0,-0,-0,-0,0.003676529966864721,-0,-0,-0,-0,0.003998953761745314,-0,-0,-0,-0,-0,-0,0.0044305887457612245,0.008372674018343875,-0,-0,-0,-0,-0,-0,-0,-0,-0,-0,-0,-0,-0,-0,-0,-0,0.0059335385148102425,-0,-0,-0,-0,-0,-0,-0,-0,-0,-0,-0,-0,0.006047951695206187,7.436053167918634e-4
hamburg,2020.4890710382513,-0,0.005314671584346822,0.00537187746224954,0.005418682318251812,-0,-0,-0,-0,-0,0.006646024690024559,-0,-0,-0,-0,-0,-0,-0,-0,-0,-0,-0,-0,0.0047218143736140646,-0,0.00807622713526865,-0,-0,-0,0.00348931706789617,-0,0.006313183217977983,0.0032345005940119563,-0,-0,0.007010072489501038,0.0035725227175621927,0.003676529966864721,-0,-0,-0,0.003723333296920117,-0,-0,-0,-0,0.004498194549718561,-0,-0,0.0044305887457612245,-0,-0,-0,-0,-0,-0,-0,-0,-0,-0,-0,-0,-0,-0,-0,-0,0.0058503290871796815,-0,-0,-0,-0,0.006011547474138592,-0,-0,-0,-0,-0,0.006552412810674354,-0,-0,-0,0.0014872212673678522
hamburg,2020.5081967213114,-0,-0,-0,0.005418682318251812,-0,-0,-0,-0,-0,-0,-0,-0,-0,0.006828048271176257,-0,-0,-0,-0,-0,-0,-0,-0,0.0047218143736140646,-0,0.00404055697766933,-0,-0,-0,-0,-0,0.0031564958006180316,-0,-0,-0,0.0035049181170700625,-0,-0,-0,-0,-0,-0,-0,-0,-0,-0,-0,0.004529397258114548,-0,-0,0.004186168495544676,-0,-0,-0,-0,-0,-0,-0,-0,-0,0.004352582158105526,-0,-0,-0,-0,-0,-0,-0,-0,-0,-0,-0,-0,-0,-0,-0,-0,-0,-0,-0,-0,7.436053167918634e-4
hamburg,2020.5273224043715,-0,-0,-0,-0,-0,-0,-0,-0,-0,-0,-0,-0,-0,-0,-0,-0,-0,-0,-0,-0,-0,-0,-0,-0,-0,-0,-0,-0,-0,-0,-0,-0,-0,-0,-0,-0,-0,-0,-0,-0,-0,-0,-0,-0,-0,-0,-0,-0,-0,-0,-0,0.0079826126812,-0,-0,0.007374122837664597,-0,-0,-0,-0,-0,-0,-0,-0,-0,-0,-0,0.0059335385148102425,-0,-0,-0,-0,0.006068754118689121,-0,-0,-0,-0,-0,-0,-0,-0,-0
hamburg,2020.5464480874316,-0,-0,-0,-0,-0,-0,-0,-0,-0,-0,-0,-0,-0,-0,-0,0.0069164599547856965,-0,-0,-0,-0,-0,-0,-0,-0,-0,-0,0.0036973314416898846,-0,0.00348931706789617,0.003348907835987936,-0,-0,-0,-0,-0,0.0035725227175621927,-0,0.0036973314416898846,-0,-0,-0,-0,0.00414456516311655,-0,-0,0.004498194549718561,-0,-0,-0,-0,-0,-0,-0,-0,-0,-0,-0,-0,-0,0.004352582158105526,-0,-0,-0,-0,-0,-0,-0,-0,-0,-0,-0,-0,-0,-0,-0,-0,-0,-0,-0,-0,-0
hamburg,2020.5655737704917,-0,-0,-0,0.005418682318251812,-0,0.005699512338984012,-0,0.0061415626664147295,0.006339186381260658,-0,-0,-0,-0,0.006828048271176257,0.01388065245547877,0.0069164599547856965,-0,0.006973667594864792,-0,-0,-0,0.005210661058478578,-0,-0,-0,0.00786819524397923,0.0036973314416898846,-0,-0,0.003348907835987936,0.009470062275339882,0.0032345005940119563,-0,0.003390510531843826,-0,-0,0.003676529966864721,0.014790903366165726,-0,-0,0.003723333296920117,-0,-0,0.0042433731319792235,-0,0.008996778243757634,0.004529397258114548,0.0045345977113313085,-0,-0,-0,-0,-0,0.007420929495915969,0.0036869307032371557,-0,0.0037701366691073185,0.003931348606847413,-0,-0,-0,-0,-0,0.005231463147008865,-0,-0,-0,0.006162365127346456,-0,-0,-0,-0,-0,0.006729235390917331,-0,-0,-0,-0,-0,-0,0.0029796853688030733
hamburg,2020.5846994535518,-0,-0,-0,-0,-0,0.005699512338984012,-0,-0,-0,-0,0.006536810847169685,-0,0.006573215435966263,0.020492037196472048,0.006937262725709608,-0,0.00686445306387115,-0,-0,0.012283850779894996,-0,0.005210661058478578,0.0047218143736140646,-0,0.00404055697766933,0.003936549000260211,0.0036973314416898846,0.017672602745281225,-0,0.003348907835987936,-0,0.00646920239273339,-0,0.003390510531843826,0.007010072489501038,0.010718304559228361,0.003676529966864721,0.0036973314416898846,0.011181202022291139,-0,-0,0.011997783997604384,0.00414456516311655,0.0042433731319792235,-0,0.008996778243757634,0.004529397258114548,0.0045345977113313085,0.0044305887457612245,-0,0.004118563097248782,-0,-0,-0,0.0036869307032371557,0.003796138560742797,0.0037701366691073185,-0,0.004206970174240745,0.004352582158105526,0.004544998619330876,-0,-0,-0,0.005481088858459028,-0,-0,-0,-0,-0,-0,-0,0.006339186381260658,-0,-0,-0,-0,-0,-0,-0,0.0014872212673678522
hamburg,2020.603825136612,-0,0.005314671584346822,-0,-0,0.015997660566351175,0.011394448307400865,0.017610181572017453,0.0061415626664147295,0.012673944382853637,0.019935420867528926,-0,0.0067968441834456396,0.026287443396635506,-0,0.020819767354506157,0.0069164599547856965,0.00686445306387115,0.02791068910778323,0.020127894998943505,0.012283850779894996,0.011113587529125463,0.005210661058478578,-0,-0,0.00404055697766933,0.011805339956782778,0.014790903366165726,0.0070672802325678265,0.0069788682925356485,0.006703232032585742,0.006313183217977983,-0,0.003203298662611505,0.0135529660281875,0.014026291530446865,0.0035725227175621927,0.014697276823043805,0.014790903366165726,-0,0.007290911104813628,-0,0.01999784483209072,-0,0.0042433731319792235,0.008419481575428201,0.004498194549718561,0.009053988172539539,0.013604979608929159,0.0044305887457612245,0.012559516622681456,0.008242653247524817,0.0079826126812,0.007478137690988677,-0,0.0036869307032371557,0.003796138560742797,0.0037701366691073185,-0,0.004206970174240745,0.008700327802714423,-0,0.004763418167881299,-0,-0,-0,0.0058503290871796815,-0,-0,-0,-0,0.006011547474138592,-0,-0,-0,-0,-0,-0,-0,-0,-0,0.0029796853688030733
hamburg,2020.622950819672,-0,-0,-0,0.005418682318251812,0.0053302731811678185,0.011394448307400865,0.005871131431604497,-0,0.025350978535455072,-0,0.006536810847169685,0.0067968441834456396,0.019716937581699536,0.006828048271176257,0.006937262725709608,0.020752140327365692,0.00686445306387115,0.006973667594864792,0.020127894998943505,0.012283850779894996,0.011113587529125463,0.005210661058478578,0.009449258491130937,0.004232972284309839,0.0161589104167443,0.003936549000260211,0.0036973314416898846,0.017672602745281225,0.00348931706789617,0.013402126938235783,0.0031564958006180316,0.0032345005940119563,0.009605287075572209,0.0135529660281875,-0,0.0035725227175621927,0.014697276823043805,0.007394925791684666,0.007452133958149193,-0,0.01116559866991332,-0,0.00414456516311655,0.0042433731319792235,0.004212170595212086,-0,0.009053988172539539,0.0045345977113313085,0.0044305887457612245,0.004186168495544676,0.004118563097248782,0.0079826126812,-0,0.007420929495915969,0.0036869307032371557,0.007592554269948531,-0,-0,0.008419481575428201,-0,0.004544998619330876,0.004763418167881299,-0,0.005231463147008865,-0,-0,0.01187295534942598,-0,-0,0.006193568834347745,-0,-0,-0,-0,0.007264907465600685,-0,-0,0.0065212088883461914,-0,-0,0.0029796853688030733
hamburg,2020.6420765027322,-0,0.005314671584346822,-0,0.005418682318251812,-0,-0,0.005871131431604497,-0,-0,-0,-0,0.0067968441834456396,0.013142060569296185,-0,-0,0.0069164599547856965,-0,0.02092901119952365,0.013417730961730804,0.012283850779894996,0.005553896583354971,0.01041664326165472,0.014171931013309177,0.008466289174640396,0.020195521214244932,0.011805339956782778,0.01109278308737655,0.010603881102422153,0.0069788682925356485,-0,0.0031564958006180316,0.009704105421198058,0.016008063767416442,0.003390510531843826,0.014026291530446865,0.007145290892723908,0.003676529966864721,0.0036973314416898846,-0,0.010936750039578199,0.003723333296920117,0.003998953761745314,-0,-0,-0,0.008996778243757634,0.004529397258114548,-0,-0,0.008372674018343875,-0,-0,0.011217609862723512,0.00371293255327242,0.007374122837664597,0.003796138560742797,-0,0.003931348606847413,-0,-0,-0,0.004763418167881299,0.004987039132350607,0.005231463147008865,-0,-0,-0,-0,-0,-0,-0,-0,0.006339186381260658,-0,-0,-0,-0,-0,-0,-0,-0
hamburg,2020.6612021857923,0.00542908340308526,0.005314671584346822,-0,-0,0.0053302731811678185,0.005699512338984012,0.005871131431604497,0.0061415626664147295,0.006339186381260658,-0,-0,-0,0.006573215435966263,-0,0.006937262725709608,-0,-0,0.02092901119952365,0.013417730961730804,0.03072027258971668,0.011113587529125463,0.031261394990446154,0.0047218143736140646,0.004232972284309839,0.04040409296147972,0.011805339956782778,0.018489286665460354,0.014135521104354294,-0,-0,0.006313183217977983,0.009704105421198058,0.009605287075572209,0.003390510531843826,0.0035049181170700625,0.007145290892723908,0.003676529966864721,-0,0.0037285336695298504,-0,-0,-0,-0,0.0042433731319792235,0.008419481575428201,0.013495751149453748,-0,0.013604979608929159,0.013298100234577928,0.004186168495544676,-0,0.003993753362091565,-0,0.007420929495915969,-0,-0,0.0037701366691073185,-0,-0,0.004352582158105526,0.01363098641881596,0.004763418167881299,0.004987039132350607,-0,-0,0.0058503290871796815,0.0059335385148102425,0.006162365127346456,-0,-0,-0,-0,-0,-0,-0,-0,0.006552412810674354,0.0065212088883461914,-0,-0,7.436053167918634e-4
hamburg,2020.6803278688524,-0,-0,0.00537187746224954,-0,-0,0.005699512338984012,0.005871131431604497,-0,0.006339186381260658,-0,-0,0.0067968441834456396,0.013142060569296185,0.027322776955817422,0.006937262725709608,-0,0.01372981241499424,0.02791068910778323,0.020127894998943505,0.03072027258971668,0.027785822254071876,0.015628348276951847,0.047253063228823305,0.008466289174640396,0.0161589104167443,0.027551697711517227,0.018489286665460354,0.014135521104354294,0.020934213293103472,0.013402126938235783,0.015784395403182796,0.0032345005940119563,0.009605287075572209,0.010166993856035466,0.007010072489501038,-0,0.01102516870917996,0.0036973314416898846,0.0037285336695298504,0.00364532777022918,-0,-0,0.012434686626035387,0.0042433731319792235,0.004212170595212086,-0,0.004529397258114548,0.0045345977113313085,0.0044305887457612245,-0,-0,0.003993753362091565,-0,0.011134391979197931,-0,0.007592554269948531,-0,-0,0.004206970174240745,0.008700327802714423,0.009085193614769562,0.004763418167881299,0.004987039132350607,-0,-0,0.0058503290871796815,-0,0.006162365127346456,-0,-0,-0,-0,-0,-0,-0,-0,0.006552412810674354,-0,-0,-0,0.0029796853688030733
hamburg,2020.6994535519125,-0,-0,-0,-0,-0,0.005699512338984012,0.005871131431604497,-0,-0,0.006646024690024559,0.01307444352642146,0.0067968441834456396,-0,0.05466512335425276,0.04164787386935595,0.0069164599547856965,-0,-0,0.020127894998943505,0.04916323328812339,0.005553896583354971,0.005210661058478578,0.01889503249051205,0.012699950727104952,0.028280088638943494,0.031485129936182556,0.018489286665460354,0.0070672802325678265,0.024424935423798158,0.013402126938235783,0.018936647625938004,0.009704105421198058,0.006401594026198965,0.016944360386214385,0.007010072489501038,0.0142915637508084,0.007348119156845715,0.0036973314416898846,0.011181202022291139,0.007290911104813628,0.007441732468655598,-0,0.012434686626035387,0.008492293414629589,-0,-0,0.013584174170386924,0.013604979608929159,-0,0.004186168495544676,0.008242653247524817,0.0079826126812,-0,0.0222711685975637,0.007374122837664597,-0,0.007545747457218475,0.003931348606847413,0.008419481575428201,0.004352582158105526,0.004544998619330876,0.004763418167881299,0.004987039132350607,0.005231463147008865,0.005481088858459028,0.0058503290871796815,-0,0.018489286665460354,0.006120760213804969,-0,-0,-0,0.006339186381260658,-0,0.007264907465600685,-0,-0,0.0065212088883461914,-0,-0,7.436053167918634e-4
hamburg,2020.7185792349726,0.010863934777497159,-0,0.00537187746224954,0.005418682318251812,0.0053302731811678185,-0,0.011737724652059486,-0,-0,0.006646024690024559,0.01307444352642146,0.013589375529244961,0.006573215435966263,0.020492037196472048,0.006937262725709608,0.0069164599547856965,0.00686445306387115,0.02791068910778323,0.02683892503831361,0.02457580649161621,0.03334789080895334,0.05210930069632286,0.04252218118399032,0.03810395727872194,0.03636070954899522,0.031485129936182556,0.014790903366165726,0.0318129293857595,0.02791589189985886,0.010052571612347957,0.022094293160190178,0.009704105421198058,0.02241162893230172,0.016944360386214385,0.010520664201067077,0.017865068501209603,0.007348119156845715,0.0036973314416898846,0.007452133958149193,0.010936750039578199,0.018608929336019413,0.007998215078505908,-0,0.0042433731319792235,0.004212170595212086,0.008996778243757634,0.013584174170386924,0.013604979608929159,0.013298100234577928,0.008372674018343875,0.016481411617619894,0.015966450975643053,0.007478137690988677,0.007420929495915969,0.014754493023809816,0.011389247168088262,-0,0.011789736417122243,-0,0.004352582158105526,0.004544998619330876,0.004763418167881299,-0,0.005231463147008865,-0,-0,-0,0.006162365127346456,0.012247442192931599,-0,0.012023790003689352,-0,-0,-0,-0,0.008071026327846035,-0,-0,-0,-0,0.003723333296920117
hamburg,2020.7377049180327,0.00542908340308526,-0,-0,-0,0.0053302731811678185,0.005699512338984012,-0,0.018432066355112433,0.006339186381260658,0.013287697575658008,-0,0.0067968441834456396,0.013142060569296185,0.020492037196472048,0.01388065245547877,0.013833839982296826,0.0343313305857317,0.02092901119952365,0.0738404021643111,0.06145870466096587,0.0500272569619132,0.026048122994539687,0.01889503249051205,0.04234003261451287,0.03636070954899522,0.019675321821815844,0.04809103110070469,0.0318129293857595,0.02791589189985886,0.016751898038033827,0.025252130450804308,0.02264573033332204,0.016008063767416442,0.016944360386214385,0.017532155210811945,0.0035725227175621927,0.014697276823043805,0.007394925791684666,0.014905336036696496,0.014582844610372604,0.007441732468655598,0.003998953761745314,0.02073133202901571,0.008492293414629589,0.004212170595212086,0.008996778243757634,0.009053988172539539,0.00906959089131662,0.008866755912421307,0.016751898038033827,0.016481411617619894,0.027947108663261708,0.003738934416303768,0.007420929495915969,0.01106677754689829,0.003796138560742797,0.007545747457218475,0.007857793671261137,0.012627132995985318,-0,-0,0.01905108942008456,0.004987039132350607,0.01045825161244615,-0,-0,-0,0.012325460624785496,-0,0.012387875454545077,0.006011547474138592,-0,-0,0.006729235390917331,0.007264907465600685,-0,-0,0.013048436994883204,-0,-0,0.0029796853688030733
hamburg,2020.7568306010928,0.00542908340308526,-0,-0,0.005418682318251812,-0,0.005699512338984012,-0,0.0061415626664147295,-0,0.02658399411854058,0.006536810847169685,0.013589375529244961,0.013142060569296185,0.027322776955817422,0.01388065245547877,0.04843975462895492,0.02746325093644055,0.03488810103295564,0.013417730961730804,0.03072027258971668,0.061151542747440196,0.06775332037824695,0.047253063228823305,0.03386822699817294,0.028280088638943494,0.019675321821815844,0.014790903366165726,0.021204722876538334,0.020934213293103472,0.023457290016590363,0.028410159521071628,0.03559057692525954,0.016008063767416442,0.027109465340516947,0.017532155210811945,0.025012814813486828,0.01102516870917996,0.007394925791684666,0.026089743854916102,0.014582844610372604,0.007441732468655598,-0,0.016585444689736547,0.02547583954254101,0.029476753027064314,0.02699500581011762,0.013584174170386924,0.018140763933183292,0.022167124149778353,0.016751898038033827,0.01236186926637474,0.011976979202098424,0.011217609862723512,0.007420929495915969,0.01106677754689829,0.030376870909910564,0.0037701366691073185,0.011789736417122243,0.012627132995985318,0.013053638300148022,0.01363098641881596,0.01428636232171272,0.024950384828363172,0.015690767071246836,0.005481088858459028,0.017558163984875513,0.017807848877735198,0.03697994607979251,0.018369644270182756,0.006193568834347745,0.006011547474138592,-0,0.006339186381260658,0.006729235390917331,-0,0.008071026327846035,0.03275991718110858,0.0065212088883461914,-0,0.006047951695206187,0.017131621733031416
hamburg,2020.775956284153,0.00542908340308526,0.005314671584346822,-0,0.005418682318251812,-0,0.005699512338984012,-0,0.018432066355112433,0.006339186381260658,-0,0.01960769628302628,0.013589375529244961,0.019716937581699536,0.04099215303028327,0.027765011140936866,0.041517769870723725,0.04120031748019919,0.02092901119952365,0.013417730961730804,0.012283850779894996,0.055591705160362534,0.05210930069632286,0.009449258491130937,0.029638044681042794,0.04444779080129266,0.03936329498163858,0.022193135242206584,0.0318129293857595,0.024424935423798158,0.010052571612347957,0.022094293160190178,0.00646920239273339,0.02561630853388735,0.027109465340516947,0.021038255274045806,0.039311255629478986,0.007348119156845715,0.018489286665460354,0.014905336036696496,0.014582844610372604,0.007441732468655598,0.0279991366439112,0.02073133202901571,0.0042433731319792235,0.016840326596036313,0.017995113334160907,0.03170366267296771,0.00906959089131662,0.017729822219928186,0.016751898038033827,0.024726677997167823,0.0079826126812,0.026183390912565288,0.0185621126060625,0.007374122837664597,0.026578791459724534,0.030189561858581068,0.03144350475711054,0.029466347131083353,0.017407313276408307,0.004544998619330876,0.023816253147388236,0.014967753963120995,0.015690767071246836,-0,0.01170651761799311,-0,0.006162365127346456,-0,-0,0.012023790003689352,-0,0.012679145650665703,-0,0.007264907465600685,0.01614850718550038,-0,-0,0.006838449637916147,0.006047951695206187,0.008195845849617116
hamburg,2020.795081967213,0.00542908340308526,0.005314671584346822,-0,-0,0.015997660566351175,0.011394448307400865,-0,0.018432066355112433,0.012673944382853637,0.013287697575658008,0.01960769628302628,0.033982701658544,0.019716937581699536,0.020492037196472048,0.020819767354506157,0.027676564003035045,0.04120031748019919,0.048850939107006414,0.04697721340543084,0.04916323328812339,0.07227820884477448,0.06775332037824695,0.047253063228823305,0.04234003261451287,0.052530924702504665,0.07087227498266166,0.05549279957370351,0.042418096209019505,0.05933463904530671,0.05698681452927201,0.03788539764276301,0.04853864680140423,0.028815982764439984,0.02033077390869288,0.014026291530446865,0.025012814813486828,0.03307731804824879,0.03329065414601013,0.026089743854916102,0.043766012755767615,0.018608929336019413,0.0440054147152564,0.041465728362415195,0.021230733487564962,0.02526773803062301,0.02699500581011762,0.03623582240274669,0.03628785867722936,0.044343701971882615,0.029315461873366925,0.04534296333520837,0.023951515259748424,0.04863753916192432,0.0185621126060625,0.03320219760901483,0.007592554269948531,0.022640528068518795,0.027510075680981037,0.025257332976888112,0.004352582158105526,0.022718562095255523,0.01428636232171272,0.014967753963120995,0.015690767071246836,-0,0.0058503290871796815,0.023748622223149062,0.012325460624785496,0.018369644270182756,0.018577718178029532,0.018041929553644385,0.030345652687833437,0.012679145650665703,0.013459341713950376,-0,-0,0.006552412810674354,0.0065212088883461914,0.006838449637916147,-0,0.019368406621194236
hamburg,2020.8142076502731,0.00542908340308526,0.01595084618731619,-0,0.0162577412173633,-0,0.022791393959198103,0.017610181572017453,0.03686546482099745,0.006339186381260658,0.019935420867528926,0.01307444352642146,0.04077878533393879,0.03286398282571445,0.03415961753844482,0.09028272938476835,0.08306871479261847,0.048070211859561424,0.09774260416936317,0.0872772024057391,0.08606358130177552,0.07784503872384359,0.07296556812339615,0.14188298928901252,0.08895965104379637,0.09702365902298533,0.0945178482053065,0.12216659419035207,0.12382411007176328,0.11873705927417601,0.09724767709671354,0.07263750915249105,0.061484735414998076,0.07367376597417606,0.07798044144880159,0.04559278167644049,0.08223018307845462,0.09192881085051241,0.05919407894031788,0.05219258417968321,0.058361137966881575,0.040950520240296676,0.06802407363001714,0.037318187635001415,0.06796679878611611,0.08426664069814944,0.08102709597612967,0.03623582240274669,0.07260105828348264,0.09760194020640224,0.07122635844822553,0.0494651194460162,0.047914067816677265,0.04863753916192432,0.04084123432517421,0.04796091098031463,0.056976403126703615,0.030189561858581068,0.05897022474267987,0.042100638322103624,0.06094850451252984,0.018171974828907887,0.0333426874733578,0.04990754198165981,0.04708651221702175,0.04386489604021393,0.029268635503098047,0.035627001859946744,0.02464864095688728,0.03674578013809947,0.0247735002775484,0.02405556327791183,0.024274064793716903,-0,0.013459341713950376,0.014536031505045306,0.03229682758802961,0.03275991718110858,0.0065212088883461914,0.02736439883644126,0.006047951695206187,0.02905531590546209
hamburg,2020.8333333333333,0.06520206088861366,0.02658399411854058,0.04301138335710295,0.0162577412173633,0.015997660566351175,0.011394448307400865,0.011737724652059486,0.018432066355112433,0.019014676094624178,0.05317638042097855,0.03268707135379651,0.04077878533393879,0.03944135410752286,0.08201664610643816,0.13896311497118996,0.15239067932826064,0.10993492668930649,0.104734603618805,0.13433336465140042,0.11683475521591759,0.14466223624872138,0.14081408770217355,0.1608296570405024,0.12712887488655547,0.161805078359291,0.08269371757203837,0.14440672704459975,0.0813343753165378,0.10475544555904195,0.12746770333905977,0.10741286137304927,0.09387708852638955,0.08329267275582708,0.08815748607987794,0.12987084233705165,0.10012352971400927,0.1066520970895172,0.07400703888844636,0.07084103243968999,0.08026150958516333,0.07820437749843837,0.07202826226885042,0.1120402153755984,0.06796679878611611,0.10957015761017386,0.0630101603572375,0.11785104598616372,0.06352038073420105,0.08428226600098115,0.08799601281058879,0.08659486259118672,0.0718876678478599,0.06361409522519164,0.04084123432517421,0.08488644797795514,0.06457728172651246,0.06039666100780951,0.07470483597070458,0.07580883257063165,0.07401745370143516,0.045447054164869355,0.052405998714648024,0.04491619311203666,0.03661568840391218,0.03837976003511822,0.07613170393052872,0.04750289074674576,0.012325460624785496,0.018369644270182756,0.030970020690342243,0.030069892540127745,0.03641274594845814,0.012679145650665703,0.04712294520526912,0.03634509863931343,0.040378072758094935,0.026204201392723697,0.013048436994883204,0.061588858561446407,0.02420643327404232,0.05216135285778959
hamburg,2020.8524590163934,0.00542908340308526,0.031906586750892585,0.021501244613538126,0.0596365842592678,0.048002549383415014,0.04559278167644049,0.09398127655452695,0.055310605564410184,0.04437492859882831,0.05982920539796896,0.09811770993085427,0.10200959188112192,0.09206945946804242,0.10254624638038597,0.09028272938476835,0.1385199340935758,0.17876572881172262,0.1676736409223188,0.17470113785577226,0.23392738515546685,0.13908824907925638,0.14603887887135317,0.1608296570405024,0.1144009498554613,0.1091637036504022,0.12211447190625985,0.11846082998241507,0.10965874415128248,0.14671678446398573,0.13418738823661297,0.10425003086322385,0.11656374769836866,0.11536507754067267,0.08476665271767003,0.12635739680028335,0.06434299147603721,0.1287448458120406,0.08141249747224595,0.11936770145826607,0.08026150958516333,0.11175359927996976,0.09605987134137488,0.12450172611828429,0.1275146182218833,0.10535465491333063,0.09003790526370341,0.08156353397275182,0.13621024077577085,0.11092502708832236,0.096388078113646955,0.0659622189918993,0.09587232554443466,0.08982954521754315,0.07799606486283436,0.08857940247281733,0.060776703548349784,0.06417117929658397,0.1022544723733844,0.07159085865186116,0.052234225971386564,0.07273124007584172,0.06671197485566142,0.04491619311203666,0.06279149601391203,0.03837976003511822,0.046836686699525225,0.035627001859946744,0.02464864095688728,0.055128412193479186,0.030970020690342243,0.018041929553644385,0.07892827039575233,0.02536658614494264,0.033654888530837174,0.0436202903635261,0.048455369169999596,0.06554048606909141,0.032624632154471145,0.07528807653701429,0.03025720116039645,0.07378832829753537
hamburg,2020.8715846994535,0.02715628976647721,0.01595084618731619,0.021501244613538126,0.03252056698886141,0.05333774560244267,0.017095209751665015,0.08222497484919472,0.06145870466096587,0.10784014482431624,0.0465244064904953,0.07193453261262,0.06798241919183069,0.10523481249008415,0.07517871843253444,0.10418750567529654,0.16626512550350336,0.10993492668930649,0.1886702601426544,0.12760844811450014,0.2092576817147869,0.12238029610134887,0.11470842647313338,0.0803552542519358,0.11015900039231646,0.09702365902298533,0.11028406520454775,0.10363520311368331,0.11319711821925654,0.07679828340241564,0.090537972780833,0.07579841739885061,0.09387708852638955,0.08008443678681071,0.11192035754342212,0.10176471254206085,0.08938678289150734,0.09928993287588751,0.0703047050456619,0.09323112741128141,0.08756889238656647,0.08193331484302963,0.12010259166901359,0.08296975693008829,0.08071981845149145,0.10957015761017386,0.09003790526370341,0.08609483299207217,0.09076717200003417,0.06652974153323028,0.1005820136710773,0.07833978115908252,0.03193780591009149,0.05987085330555248,0.08543334288944987,0.0701120450992263,0.08358434038654278,0.09061610876479784,0.06683693521729715,0.046316220726337454,0.06530098494432571,0.059089960588984906,0.04287607165729657,0.06988814389613474,0.02092380910645847,0.04386489604021393,0.0409817448296617,0.017807848877735198,0.04314669540901133,0.06125566522671559,0.03716727959238675,0.05413937360402129,0.030345652687833437,0.04440095080227126,0.05385828185890182,0.014536031505045306,0.048455369169999596,0.05898063654445748,0.013048436994883204,0.05474320545367557,0.01210180809998616,0.08423018167645825
hamburg,2020.8907103825136,0.021724937569143943,0.01595084618731619,0.04301138335710295,0.021678118033694314,0.015997660566351175,0.03989409934840773,0.046966804006784504,0.03686546482099745,0.08244372092736582,0.08643860282494671,0.1243140777136568,0.06118277946933135,0.09206945946804242,0.06834168981839103,0.07638167023114753,0.09692467460015795,0.08930343981644798,0.1536788648547231,0.10743891514151181,0.11068010576102655,0.07784503872384359,0.11993059515685785,0.0803552542519358,0.11015900039231646,0.0646605851810751,0.06299454144508015,0.0703047050456619,0.06364533342638877,0.07679828340241564,0.10396345770257359,0.06315593709696103,0.06796159198525012,0.044832921281759225,0.0644106752177457,0.04910077430186073,0.04646195067373005,0.1066520970895172,0.09993075925738139,0.09696635222890468,0.08756889238656647,0.08938678289150734,0.09605987134137488,0.107881831202662,0.09348117592329351,0.08004798069729602,0.08102709597612967,0.08609483299207217,0.0771419917814787,0.09760194020640224,0.1005820136710773,0.0659622189918993,0.0599020892581348,0.08982954521754315,0.07799606486283436,0.06272902065613944,0.04557196343549718,0.041512565717546246,0.07076813324576048,0.07580883257063165,0.0565911826971255,0.045447054164869355,0.047643419253039575,0.03992532330342692,0.04708651221702175,0.03837976003511822,0.046836686699525225,0.04156460727272956,0.03697994607979251,0.03674578013809947,0.0495588086099905,0.03608491750120283,0.018203185743359794,0.03170886584455822,0.04712294520526912,0.029076127535001273,0.048455369169999596,-0,0.05874116563101736,0.061588858561446407,0.06053722436351458,0.09541909266102502
hamburg,2020.9098360655737,0.01629415261230751,0.021267148364867018,0.021501244613538126,0.021678118033694314,0.010661092799352354,0.017095209751665015,0.04109623515107383,0.055310605564410184,0.025350978535455072,0.02658399411854058,0.039227992774347235,0.013589375529244961,0.03944135410752286,0.08201664610643816,0.06943513743372597,0.041517769870723725,0.05494101396362606,0.048850939107006414,0.09399690477674962,0.04916323328812339,0.061151542747440196,0.1303712930635081,0.051979170520600644,0.03386822699817294,0.04848659826614938,0.0590535192152731,0.06660263478556433,0.04949114419685335,0.06282794000728255,0.05698681452927201,0.053676093576418754,0.04206420885248601,0.06085479482533826,0.05762711979351158,0.04910077430186073,0.05003766697322137,0.06617048342525081,0.06660263478556433,0.0633798093143819,0.07296036082197542,0.026053325600267803,0.06001662124479957,0.05806440596828428,0.0637182226354939,0.04211625095975073,0.04499946507567004,0.07249170582975899,0.040825622070337214,0.0798448686664354,0.054456904995659625,0.0494651194460162,0.0599020892581348,0.044895375141964296,0.044557084296413356,0.029507970727501363,0.034175227792043225,0.04529091799851986,0.03144350475711054,0.037890601432940846,0.052234225971386564,0.018171974828907887,0.04287607165729657,0.029939817506343593,0.0261521752079434,0.02192782270989646,0.02341046892134744,0.029684871383974375,0.012325460624785496,0.024492567227658763,0.018577718178029532,0.030069892540127745,0.01213301537128127,0.006339186381260658,0.006729235390917331,0.021802970221906862,-0,0.03275991718110858,0.01957128256780228,0.006838449637916147,0.07870953910533904,0.09243410580367274
hamburg,2020.9289617486338,0.021724937569143943,0.021267148364867018,0.021501244613538126,0.027099059918251102,0.048002549383415014,0.02849340505637608,0.05871513625035029,0.02457580649161621,0.05706490011497759,0.06647767498697602,0.06539470264438214,0.05437882332613802,0.05259338780898294,0.07517871843253444,0.11113868280528162,0.11078432746143067,0.10993492668930649,0.07678266034825244,0.12760844811450014,0.10452097421302015,0.12794727969190123,0.08861586454402241,0.10874162020865447,0.06776373393878579,0.09297587079547927,0.06299454144508015,0.08881901083735454,0.0813343753165378,0.06282794000728255,0.06369219076336763,0.08212081037348454,0.04530132706168568,0.08329267275582708,0.09155374973027493,0.03156317723674844,0.0786522524908435,0.06617048342525081,0.051791783639664475,0.055919656609534886,0.06931017082824968,0.08193331484302963,0.06802407363001714,0.053915541165227114,0.05946999357957668,0.067399260560762,0.10355183719884298,0.10423960999334744,0.03628785867722936,0.04877807073461048,0.07961050961665472,0.05358760235524373,0.03992532330342692,0.05987085330555248,0.07056505745868465,0.07380395045209141,0.06837813770179602,0.04529091799851986,0.07863662887965775,0.03368090537024011,0.052234225971386564,0.0636349206905713,0.04287607165729657,0.024950384828363172,0.04708651221702175,0.0328952025597092,0.029268635503098047,0.029684871383974375,0.02464864095688728,0.024492567227658763,0.0247735002775484,0.018041929553644385,0.04855946623009569,0.03170886584455822,0.04712294520526912,0.007264907465600685,0.07269999641595629,0.03931645956234851,0.07833457331946389,0.05474320545367557,0.06053722436351458,0.10586529094277218
hamburg,2020.948087431694,0.032593412582920846,0.031906586750892585,0.016122499116499107,0.010837929351467157,0.03199504108396636,0.03989409934840773,0.06459290111407484,0.04916323328812339,0.05706490011497759,0.08643860282494671,0.07848039302601426,0.013589375529244961,0.06574874881337008,0.04099215303028327,0.05553964956498517,0.07614211916906452,0.08930343981644798,0.06979962508175645,0.1545133340490879,0.11683475521591759,0.12238029610134887,0.10949199314040543,0.09927951299997391,0.09319987143182129,0.1253565774194815,0.04723744904880816,0.08511562228835749,0.07072126953219447,0.07679828340241564,0.11739240974343232,0.07895951779806254,0.10035798123246456,0.08008443678681071,0.06780018141709734,0.09122557346916739,0.05718983729600024,0.05881404796618773,0.09252266315680532,0.09696635222890468,0.11313458227236556,0.07820437749843837,0.09605987134137488,0.107881831202662,0.09348117592329351,0.07583487050920791,0.05850690167409966,0.10877809642022526,0.08622504857047392,0.05321281767624837,0.07541826505650084,0.09072029025937679,0.0878762103864222,0.07484543800880447,0.07799606486283436,0.10705332070128533,0.04937143045083696,0.08306350647936625,0.07470483597070458,0.06737843358774864,0.052234225971386564,0.0772826004095318,0.047643419253039575,0.04491619311203666,0.03138627019029515,0.04935061069705398,0.029268635503098047,0.04156460727272956,0.030813927986886827,0.030621414297924948,0.018577718178029532,0.030069892540127745,0.06677966168094139,0.08248538695134285,0.05385828185890182,0.03634509863931343,0.05653392044446876,0.06554048606909141,0.07179914562965965,0.07528807653701429,0.04236605379965862,0.15664129110830013
hamburg,2020.967213114754,0.010863934777497159,0.021267148364867018,0.04301138335710295,0.048788480495843896,0.0800271486576184,0.06270298927921564,0.05284324098520251,0.04301138335710295,0.05706490011497759,0.05317638042097855,0.045764532482237726,0.04077878533393879,0.06574874881337008,0.061500353873676805,0.10418750567529654,0.06921123914523301,0.08242809617697663,0.09774260416936317,0.14105915100275487,0.10452097421302015,0.10567249919959253,0.08861586454402241,0.13240963692642732,0.11864324538789973,0.13750323929314281,0.07087227498266166,0.09252266315680532,0.1379933358435731,0.10125932691373517,0.10731906791466507,0.11057588426951553,0.09063694504701088,0.11215486225618862,0.08476665271767003,0.0982531654541574,0.0786522524908435,0.1066520970895172,0.11105009374293454,0.1081684259584292,0.10582881677437629,0.11548494331305129,0.14816648915795103,0.08296975693008829,0.1360277637351707,0.12645122460481267,0.1260915522735209,0.09063173597567634,0.12711844943071968,0.11537028909024552,0.10477628750763247,0.08659486259118672,0.1358765689580463,0.09357494442529432,0.07427782470407329,0.07750132569778131,0.06457728172651246,0.11329613362231511,0.07076813324576048,0.08423539010656583,0.09144435741311144,0.0636349206905713,0.0953253208335256,0.08487603098784396,0.0523175096548341,0.04935061069705398,0.0702682558118554,0.05344705778406935,0.012325460624785496,0.04899667615812779,0.08055836827637072,0.030069892540127745,0.07892827039575233,0.03170886584455822,0.04038848083788758,0.058163316446342726,0.048455369169999596,0.03275991718110858,0.039149933968746664,0.06844061984707421,0.06053722436351458,0.15365278790816939
hamburg,2020.9863387978141,0.03802590016042626,0.02658399411854058,0.010749511000238682,0.021678118033694314,0.058673489268388744,0.03419083805032202,0.046966804006784504,0.07375708400249739,0.06340584103012065,0.02658399411854058,0.039227992774347235,0.04077878533393879,0.05259338780898294,0.061500353873676805,0.1250490378329057,0.04843975462895492,0.09617969262132423,0.07678266034825244,0.0872772024057391,0.11068010576102655,0.11680869673939548,0.10949199314040543,0.08981391824773975,0.11864324538789973,0.08488644797795514,0.0945178482053065,0.09622657928428617,0.11319711821925654,0.094267794708282407,0.09724767709671354,0.08527708661353291,0.08091772580160633,0.108950056047995,0.09494502571108787,0.12635739680028335,0.07507456807065975,0.09192881085051241,0.09622657928428617,0.07084103243968999,0.09487209271777246,0.12294322241203379,0.1000662195036104,0.13281105932921516,0.09773218460350211,0.10957015761017386,0.10805899868345013,0.07702742206936658,0.12711844943071968,0.08872004203121035,0.08380309218317719,0.0659622189918993,0.0878762103864222,0.08982954521754315,0.07056505745868465,0.07380395045209141,0.060776703548349784,0.06795117838508802,0.09044420975506315,0.09266852265543786,0.06094850451252984,0.06818548489315078,0.07624627166915819,0.07488189045110875,0.09421049095123595,0.04386489604021393,0.052692287881020816,0.035627001859946744,0.06781580177276138,0.04899667615812779,0.07435593625908996,0.05413937360402129,0.06677966168094139,0.057090928669601304,0.05385828185890182,0.03634509863931343,0.048455369169999596,0.04586862415577186,0.02610014907521543,0.061588858561446407,0.0363138768340037,0.13946365321022675
hamburg,2021.0054794520547,0.032593412582920846,0.01595084618731619,0.010749511000238682,0.021678118033694314,0.03733379883682261,0.03419083805032202,0.005871131431604497,0.03072027258971668,0.04437492859882831,0.0465244064904953,0.01307444352642146,0.033982701658544,0.026287443396635506,0.07517871843253444,0.04164787386935595,0.06921123914523301,0.06868534230562054,0.09075675383179027,0.09399690477674962,0.06760753074967857,0.12794727969190123,0.1303712930635081,0.09927951299997391,0.11864324538789973,0.08083960438921389,0.11028406520454775,0.12957891497082258,0.09903464651708185,0.1257318824299847,0.10396345770257359,0.09160063222236234,0.10683968176942009,0.07688160643720546,0.07798044144880159,0.07718365355756147,0.10728259272653207,0.047783948139108676,0.09993075925738139,0.055919656609534886,0.08026150958516333,0.09311131292537884,0.06802407363001714,0.04976700735651442,0.08922530580489871,0.067399260560762,0.05400403294447563,0.09063173597567634,0.07260105828348264,0.05321281767624837,0.07541826505650084,0.05358760235524373,0.06789390362147658,0.09732061342200124,0.08543334288944987,0.06642040184631297,0.10640198523560628,0.06795117838508802,0.1022544723733844,0.08423539010656583,0.10452097421302015,0.0636349206905713,0.052405998714648024,0.034929728969465036,0.04708651221702175,0.08776161702158079,0.05855375438105659,0.05938669843986569,0.03697994607979251,0.04287086736817866,0.03716727959238675,0.042100638322103624,0.06677966168094139,0.06343707910621249,0.04038848083788758,0.07271561824355245,0.05653392044446876,0.07210116322939279,0.05220819984766702,0.041054602277761636,0.07870953910533904,0.1984931601034344
hamburg,2021.0246575342467,0.03141748903711387,0.011139593093019493,0.01091594566857925,0.01101996760680905,0.04975139242161237,0.03802590016042626,0.028920040516489626,0.011852150603862919,0.03713085357875095,0.012725957084356844,0.05313473787478791,0.045957102242106626,0.020361986118910415,0.0722469654570811,0.061318138814350505,0.08350100661083022,0.04789324864639044,0.10830390766554099,0.08001152463333412,0.13531871616991595,0.18659317891120378,0.10777240453078224,0.13022532777076798,0.14382271072101707,0.10712106005807615,0.14484474359176144,0.14203420153138988,0.08225622423259621,0.09368955060180342,0.12169228333060053,0.10807463113720332,0.1156204440841168,0.10253061558850994,0.06907585925243327,0.08692821832853562,0.07171583073842223,0.10653225167607122,0.1089187906188305,0.05662241667969944,0.09488772120772578,0.0891888433063549,0.07164293031809112,0.0890690381340064,0.08368850779398053,0.10259834905391592,0.08929302194145777,0.11775723369833488,0.05940231626840119,0.05018861237137771,0.08037608642305248,0.10151462419454277,0.099555640417147,0.10066016474883842,0.08650631533266298,0.07116387295557847,0.06310908024319327,0.05368129894706296,0.08747513471429207,0.07146588686564018,0.06378590556400113,0.05729395184282767,0.05987085330555248,0.08187081648311477,0.05549800512620334,0.03187016442218581,0.06688900212327284,0.041601036392344484,0.06629023585212797,0.0500324619673039,0.07464234629802248,0.04398459710981265,0.05506594604182277,0.10510454929982047,0.06495214832296592,0.03463313064899739,0.07486106048094708,0.05817893390744267,0.03363927843344811,0.0740382833336648,0.0849229074597749,0.17216027768018413
hamburg,2021.0438356164384,0.02094461748183015,0.011139593093019493,0.01637737875364091,0.03858271016747606,0.016580243031184678,0.01629415261230751,0.03471118267457441,0.011852150603862919,0.012372271740083287,0.025455029353872036,0.03320219760901483,0.026256227629550655,0.03394107448015803,0.006562814122280046,0.0408672547603266,0.06261448269516212,0.06158365239916939,0.0676648051978688,0.06666511479746938,0.07376749876542414,0.0903869102114322,0.07182518156054393,0.08195414764636236,0.09147561233739078,0.07932928015113494,0.057127368667969455,0.07470483597070458,0.08225622423259621,0.08327183941623313,0.0555969107227635,0.06751901581746515,0.05777808722394185,0.09590879272975168,0.05920449078691724,0.045186827481403145,0.05377499570770461,0.09182462693464849,0.04128878762375218,0.07551200099235775,0.07209595601453897,0.0334259409054129,0.04523887271391622,0.07286142219411701,0.058569371959419476,0.0812041719845034,0.059511641199466454,0.049787827277014945,0.0456864638638262,0.09585148716430554,0.07143985111465084,0.05919407894031788,0.08294892371986728,0.06037583683927891,0.03759398622377517,0.06741488079599328,0.04454147092590018,0.034503044200046816,0.05322843365061269,0.05954808289422968,0.0425169769302963,0.04406786758160957,0.027624536345130603,0.04814307924002447,0.04540541780800134,0.010619484286249373,0.027858661215628747,0.03565822325284605,0.012044594817923965,0.03751592987099191,0.055971712585321375,0.03141228589467296,0.048944627164408505,0.0803552542519358,0.051953144524530835,0.04849180311732818,0.02993461451175702,0.04154899480070872,0.04036766468038552,0.03363927843344811,0.0565963883595821,0.09841467057770815
hamburg,2021.0630136986301,0.005236663670438811,0.011139593093019493,0.03275991718110858,0.02755690046768034,0.022104697581028895,0.00542908340308526,0.011566086196461307,0.01778183997879256,0.024752690369950796,0.025455029353872036,0.026563183486388017,0.03282235654288404,0.03394107448015803,0.019690927727868554,0.061318138814350505,0.0278170389393853,0.08212601859231732,0.027057438250009416,0.053327334930468304,0.049168438207035044,0.0508236288453737,0.05642460177358529,0.11090939377764229,0.08711573186992799,0.08726678493668494,0.06474909524776822,0.07097120982590625,0.0679459715857919,0.05549800512620334,0.06255200755006156,0.08779286973240377,0.04814307924002447,0.04296974895042808,0.07565781278398359,0.05909516650160319,0.05736162641004863,0.06242185123883868,0.060063475312048926,0.041517769870723725,0.06830003512577844,0.07059629983584592,0.07541826505650084,0.060714230611193847,0.050199022414988075,0.06837813770179602,0.051005807134158546,0.0814958279010297,0.03654804083075729,0.041059806385100615,0.0535719862730239,0.042272377594068426,0.053899924984523916,0.03621500790753163,0.07145026541348344,0.048679178106830694,0.04825238050217909,0.05368129894706296,0.05322843365061269,0.051604397433992096,0.06378590556400113,0.0484761885653489,0.041444911773675035,0.024065968091178745,0.03026240418725459,0.021246339860430657,0.033431144249339136,0.00593873910845527,0.04217349733790853,0.06254680129135462,0.06219277692234349,0.04398459710981265,0.024466554984993116,0.0061779669785036575,0.07145026541348344,0.03463313064899739,0.02244804463657235,0.04986590205313114,0.02690655998191206,0.05383746030859666,0.0565963883595821,0.09184546370111775
hamburg,2021.0821917808219,0.010468653705347542,0.027848255643444543,0.01637737875364091,0.02204227108722312,0.03869199133606432,0.01629415261230751,0.005782721525274816,-0,0.012372271740083287,0.03818721833405045,0.013277294918819153,0.019690927727868554,0.04073194863973225,0.03939451861792638,0.0408672547603266,0.04869479271976955,0.03420124489177989,0.027057438250009416,0.053327334930468304,0.049168438207035044,0.05647145260439263,0.04616008195019439,0.06748256853623141,0.06532181108529846,0.05155234583003042,0.04569687300617045,0.026136567362656626,0.07510060564157056,0.045087941683140294,0.045166009402983244,0.04387530481793648,0.04493180659506327,0.04627978830330441,0.019727341526875847,0.04866356349858639,0.03584555200389647,0.04038327679772796,0.033779769478671215,0.06417638571792679,0.05691393475506906,0.03714126100861542,0.04523887271391622,0.05666406201897573,0.03764082009169099,0.0469980322089748,0.03824966421303955,0.04073194863973225,0.027406020750380154,0.054753616409124295,0.04017511561852642,0.0676543916571415,0.04560319080003762,0.03621500790753163,0.026313456550184463,0.06366615890427901,0.040825622070337214,0.04217349733790853,0.03801549255350606,0.0277806194750044,0.03826007186682844,0.06611321062292938,0.018416460826856485,0.04814307924002447,0.04540541780800134,0.021246339860430657,0.02228677528269061,0.03565822325284605,0.04820553707598237,0.031261394990446154,0.006214371316084415,0.01884821550296966,0.018348836925189373,0.018530901476172684,0.01947764741716979,0.04155940311487037,0.02244804463657235,0.05817893390744267,0.03363927843344811,0.04710212635171474,0.07075771908354098,0.08965764880796709
hamburg,2021.1013698630136,-0,0.005569498251956764,0.03275991718110858,0.005512292156648544,0.011051174228849372,0.021724937569143943,0.017350094156640673,0.00592833792167956,0.0185621126060625,0.006365189557546502,0.013277294918819153,0.01312645662852338,0.03394107448015803,0.019690927727868554,0.027244736019444875,0.0278170389393853,0.07527766146953588,0.04058623474975733,0.05999579722846092,0.06761794428102148,0.0960390328860889,0.05642460177358529,0.06748256853623141,0.047898453438179264,0.04758096209224422,0.019035483706049034,0.03733900257180066,0.04647756462089169,0.03815079160594054,0.07298119003077552,0.03712564986460271,0.05135455021016223,0.016523024821490682,0.05920449078691724,0.045186827481403145,0.046602476366937574,0.036709354419722846,0.01876498540697031,0.04529091799851986,0.05691393475506906,0.025996096965921842,0.06409828945256013,0.032369672868652374,0.041830020014312116,0.025631916223012953,0.06801886682341618,0.049787827277014945,0.05482649315562814,0.06387962053352846,0.022312786434970013,0.0549618359558148,0.058048788541581124,0.0523175096548341,0.03759398622377517,0.033696515480125346,0.029690074353566534,0.026833722353991372,0.03801549255350606,0.0277806194750044,0.05102142244574989,0.0396599202833872,0.050657066397018655,0.01925396412869344,0.03026240418725459,0.010619484286249373,0.016715486322566215,0.03565822325284605,0.024097182543471058,0.018754581654336435,0.018650544242480107,0.01884821550296966,0.03670415074774868,0.024711070579739352,0.02597008397112666,0.020778150712009624,0.01496255246639305,0.016616654651957382,0.020179915156756156,0.03363927843344811,0.042444117433228894,0.04007103534141143
hamburg,2021.1205479452055,0.010468653705347542,0.016710284651006022,0.03822364508768359,0.016533428127661683,0.005527893812761903,0.010863934777497159,0.005782721525274816,0.03556976268832088,0.024752690369950796,0.006365189557546502,0.006640824025636648,0.026256227629550655,0.027151087050402017,0.019690927727868554,0.013620583693301576,0.0278170389393853,0.027359196099544254,0.006760439438083146,0.04665972768415453,0.02457580649161621,0.0508236288453737,0.035897587887843536,0.06266133910325324,0.06096412281014396,0.03964951234941883,0.04188726607735551,0.03733900257180066,0.06436381723333442,0.017339690687083274,0.045166009402983244,0.02699500581011762,0.04814307924002447,0.03966512425114968,0.02959121802028503,0.03127700437403043,0.03943094621730098,0.044057458765341895,0.033779769478671215,0.030189561858581068,0.030345652687833437,0.052005196529690705,0.041465728362415195,0.032369672868652374,0.04601435284877916,0.06837813770179602,0.021246339860430657,0.04073194863973225,0.03654804083075729,0.02280700080045453,0.07143985111465084,0.042272377594068426,0.03730778016972627,0.03621500790753163,0.045113964243396774,0.033696515480125346,0.029690074353566534,0.034503044200046816,0.02280700080045453,0.03969114409778556,0.034008718661960216,0.0396599202833872,0.02302029476710931,0.028878417390679725,0.03530958542955223,0.021246339860430657,0.02228677528269061,0.02971088623715266,0.018073140390041906,0.012502302837021037,0.018650544242480107,0.03141228589467296,0.018348836925189373,0.01235666803029795,0.01947764741716979,0.020778150712009624,0.03741705865900149,0.03323862087072909,0.020179915156756156,0.04037286871897694,0.03536682431478768,0.03861393333506731
hamburg,2021.1397260273973,0.01570637178153197,0.033420737562001555,0.01637737875364091,0.033066911431721704,0.016580243031184678,0.01629415261230751,0.011566086196461307,0.03556976268832088,0.024752690369950796,0.019092704680395946,0.026563183486388017,0.045957102242106626,0.047523709760751855,0.019690927727868554,0.04768505740191277,0.034773624379385075,0.0410493981709377,0.03382139652792902,0.053327334930468304,0.05531581109867697,0.05647145260439263,0.05129208859177388,0.04819512743144641,0.047898453438179264,0.05551882734142537,0.03807793822626715,0.04854905651470802,0.06078711571183947,0.03467996185028371,0.0555969107227635,0.047253063228823305,0.04493180659506327,0.04627978830330441,0.03617337894209628,0.03823405273626483,0.05018861237137771,0.033035691594636325,0.04128878762375218,0.04529091799851986,0.02655277817343493,0.03714126100861542,0.041465728362415195,0.04856467108857387,0.020908202830396985,0.055550060679891745,0.046753411793750844,0.0452596908215068,0.031974228286176395,0.02280700080045453,0.03124578561155328,0.02958601506058414,0.03730778016972627,0.024138801842335366,0.033831803295450234,0.04118990923791182,0.05196876012061076,0.034503044200046816,0.04561880448933728,0.03969114409778556,0.0425169769302963,0.035252346607322294,0.0368394463882409,0.03850985618267699,0.020174713138630188,0.03187016442218581,0.033431144249339136,0.011883357725328935,0.03012192264474778,0.018754581654336435,0.006214371316084415,0.006281979439199475,0.012231838520603982,0.0061779669785036575,0.012986021372251058,0.013849444135345498,0.01496255246639305,0.04154899480070872,0.05383225492232595,0.020179915156756156,0.02829049429754094,0.029138562473594712
hamburg,2021.158904109589,0.02094461748183015,0.016710284651006022,0.03275991718110858,0.04409388963139131,0.03316577437281314,0.05433197438070381,0.03471118267457441,0.01778183997879256,0.04331843813580664,0.044557084296413356,0.026563183486388017,0.045957102242106626,0.013573771454237438,0.05910037241473689,0.027244736019444875,0.02086138403030935,0.05473799997673576,0.0676648051978688,0.053327334930468304,0.06146391081073331,0.03387863377506636,0.025642321351701185,0.07713157634267345,0.0827562169210053,0.09521071105178354,0.019035483706049034,0.05601856300809312,0.05363445063004696,0.041621853043584414,0.07298119003077552,0.06751901581746515,0.03850985618267699,0.0661236238550237,0.05261941412549073,0.03823405273626483,0.05018861237137771,0.05874637150871082,0.05255174572966058,0.033967091462747054,0.05311391661419813,0.04085684658470434,0.04523887271391622,0.0647647146869388,0.050199022414988075,0.034175227792043225,0.03399831185903285,0.05884528328396243,0.0456864638638262,0.07757944209511854,0.04017511561852642,0.06342146006582373,0.041455320067003455,0.06037583683927891,0.01503537346797201,0.05617473138884007,0.04825238050217909,0.04600914824557059,0.030408089150729574,0.04366192529106801,0.04676902582842347,0.035252346607322294,0.050657066397018655,0.04814307924002447,0.04035725660475935,0.04249615992071718,0.016715486322566215,0.00593873910845527,0.03012192264474778,0.03751592987099191,0.03730778016972627,0.01884821550296966,0.030584992869379296,0.018530901476172684,0.006490004984736952,0.03463313064899739,0.01496255246639305,0.04986590205313114,0.020179915156756156,0.026911762673521824,0.01414592393288367,0.024768297799871143
hamburg,2021.1780821917807,0.02094461748183015,0.05014176720091785,0.021839385499940696,0.016533428127661683,0.055284577900910174,0.05433197438070381,0.028920040516489626,0.03556976268832088,0.03713085357875095,0.05729395184282767,0.06643081513992388,0.019690927727868554,0.04073194863973225,0.032827559826413374,0.03405554930090421,0.06261448269516212,0.013677798709381312,0.0676648051978688,0.053327334930468304,0.0799177805862344,0.05647145260439263,0.05642460177358529,0.04819512743144641,0.056606799686064475,0.05155234583003042,0.03807793822626715,0.05975632163995214,0.05363445063004696,0.03815079160594054,0.052119711124449006,0.05063104106265907,0.02246365137478491,0.052890088589399746,0.03288479597962832,0.06605593788368815,0.028675505129473783,0.051401396473187734,0.06382235025430076,0.041517769870723725,0.06070902453648832,0.048288814307289096,0.056554743074497905,0.05261420886114938,0.04601435284877916,0.055550060679891745,0.059511641199466454,0.036204600663048446,0.031974228286176395,0.06387962053352846,0.03124578561155328,0.04650358787657199,0.041455320067003455,0.028165626531800828,0.041356441364500215,0.026209404014061723,0.04454147092590018,0.038338129336639964,0.02660480475902166,0.0277806194750044,0.029757713005673345,0.035252346607322294,0.06448356549965097,0.03850985618267699,0.03026240418725459,0.03718289074890309,0.027858661215628747,0.0237694317289319,0.024097182543471058,0.031261394990446154,0.03108969208031053,0.01884821550296966,0.03670415074774868,0.030891974280044986,0.01947764741716979,0.020778150712009624,0.01496255246639305,0.016616654651957382,0.03363927843344811,-0,-0,0.027681766771685642
hamburg,2021.1972602739727,0.005236663670438811,0.0389938167090741,0.02729676329734818,0.02204227108722312,0.03316577437281314,0.021724937569143943,0.028920040516489626,0.00592833792167956,0.024752690369950796,0.044557084296413356,0.03320219760901483,0.03938931467724504,0.06110989381410723,0.032827559826413374,0.0408672547603266,0.04173114059930998,0.09582543920089025,0.08798038639178628,0.08668341000048602,0.05531581109867697,0.07907929968085729,0.06155762159562014,0.08195414764636236,0.06096412281014396,0.05948561143312352,0.06856037750203971,0.05975632163995214,0.057210660188689054,0.07979799677198164,0.0555969107227635,0.07089831044947996,0.07705346061813396,0.07274165463331046,0.055914451014818935,0.04866356349858639,0.046602476366937574,0.06977359016502424,0.05255174572966058,0.026417509294523595,0.05311391661419813,0.052005196529690705,0.03769285777217115,0.05666406201897573,0.03764082009169099,0.03845261383765349,0.05525855025043205,0.03167764682280737,0.04111705160023255,0.07301243385961952,0.07143985111465084,0.050729937402528534,0.041455320067003455,0.06037583683927891,0.045113964243396774,0.037443077380776374,0.040825622070337214,0.05368129894706296,0.015201821854517133,0.04366192529106801,0.04676902582842347,0.026438319868376768,0.032229185633108004,0.05777808722394185,0.020174713138630188,0.03718289074890309,0.02228677528269061,0.0237694317289319,0.018073140390041906,0.018754581654336435,0.04975139242161237,0.01884821550296966,0.024466554984993116,0.018530901476172684,0.006490004984736952,0.020778150712009624,0.02993461451175702,0.024924372356685764,0.0067240347182130535,0.020179915156756156,0.01414592393288367,0.028410159521071628
hamburg,2021.2164383561644,0.02094461748183015,0.0389938167090741,0.07100245244709096,0.02755690046768034,0.03316577437281314,0.02715628976647721,0.06944034438214132,0.01778183997879256,0.049511964006903206,0.044557084296413356,0.07307492157362547,0.06566544361556387,0.1290888977189669,0.032827559826413374,0.06813341668900867,0.11136276169547991,0.05473799997673576,0.060896443554352406,0.10002974940260181,0.09837820163499726,0.0960390328860889,0.08722511508133823,0.11090939377764229,0.09147561233739078,0.07139298679571786,0.08762098005532326,0.06349434896111678,0.05363445063004696,0.06938306797828363,0.052119711124449006,0.06751901581746515,0.09633077202001174,0.05950643524515318,0.08224580776937579,0.0695340695427177,0.08248017869652209,0.06977359016502424,0.05255174572966058,0.09062652690485784,0.08728761987688023,0.03714126100861542,0.07164293031809112,0.05261420886114938,0.07950114242155493,0.09832089334812504,0.03824966421303955,0.07243442606481779,0.09141310250761807,0.054753616409124295,0.0669723092812668,0.10574544734267785,0.11616245069924654,0.04426563548656102,0.033831803295450234,0.07491313542199625,0.04825238050217909,0.038338129336639964,0.0342116517353205,0.04366192529106801,0.06378590556400113,0.026438319868376768,0.041444911773675035,0.03850985618267699,0.07569426579577415,0.058444431463834316,0.033431144249339136,0.0237694317289319,0.024097182543471058,0.031261394990446154,0.024867144964795872,0.03141228589467296,0.012231838520603982,0.030891974280044986,0.02597008397112666,0.020778150712009624,0.04490578412595868,0.05817893390744267,0.04036766468038552,0.0134541403680991,0.01414592393288367,0.018936647625938004
hamburg,2021.2356164383561,0.04713335463517197,0.07802210389664586,0.09834173271786294,0.05512320667797219,0.060813146129682104,0.09783638035606547,0.09261122066075365,0.10083730762659208,0.1300689368403604,0.06366095253402744,0.0863708904054031,0.05909516650160319,0.10188975716685822,0.0853916745032933,0.06813341668900867,0.1462161764036879,0.09582543920089025,0.14898001021488957,0.10002974940260181,0.20927856559069835,0.15261493605286394,0.07695972190358144,0.1495432245561661,0.14382271072101707,0.10712106005807615,0.10287449409519106,0.08592294892787126,0.08941803657908699,0.10063932444995187,0.11821587315881267,0.09117348218961673,0.09633077202001174,0.1223959328610229,0.09212155164515132,0.03823405273626483,0.11479181027604679,0.08079793968392537,0.08260517695625974,0.11708491725497261,0.09488772120772578,0.08546980275472381,0.07541826505650084,0.09717474087372777,0.058569371959419476,0.11543803928225772,0.07227300161219152,0.07243442606481779,0.07311658009134651,0.09585148716430554,0.10719922096403033,0.07188246065437942,0.058048788541581124,0.0684302061509808,0.045113964243396774,0.07491313542199625,0.0593971103250329,0.06903420397170902,0.05703366586662338,0.05557608847627475,0.08931906663284382,0.04406786758160957,0.04605078508584807,0.05777808722394185,0.05044886408683336,0.0531243272434509,0.05015738225305069,0.03565822325284605,0.06026130406143199,0.056289255166136136,0.06841458561074809,0.050271892778607524,0.04282402878958494,0.024711070579739352,0.0389625933133828,0.06235417008575301,0.01496255246639305,0.04154899480070872,0.020179915156756156,0.020179915156756156,0.03536682431478768,0.033514397823016205
hamburg,2021.2547945205479,0.04713335463517197,0.0668681753546265,0.06554048606909141,0.10478670848506033,0.14940242039895218,0.09239764105504368,0.10999224777723746,0.11865366914468414,0.11766863335967945,0.13378074181337563,0.1329413919445671,0.08538125741197128,0.06790431721016875,0.07881890463553758,0.09541388311061369,0.11833053365599377,0.11638655123900521,0.14219584269052532,0.14009976084117085,0.11684517861018397,0.13563674366154924,0.09749774492360597,0.06748256853623141,0.13073099499812713,0.09521071105178354,0.091433939109193,0.09340303563412598,0.11448433316532636,0.07632959381942711,0.12169228333060053,0.06751901581746515,0.12205192523431811,0.07274165463331046,0.0855375140009148,0.07649103086551562,0.07889181511678613,0.10653225167607122,0.1314816853114165,0.0944032402032402,0.09868558352428383,0.08546980275472381,0.09428863245377518,0.1012280661083417,0.0711274231195362,0.0897618283823024,0.046753411793750844,0.11322317488599616,0.1005611734035175,0.12327159890751568,0.08037608642305248,0.08457914764692011,0.053899924984523916,0.0523175096548341,0.08274059207672407,0.06741488079599328,0.08168332185404907,0.08438643480653357,0.05322843365061269,0.047633009721030815,0.05527416683915676,0.08817311255190044,0.07830853412917692,0.08187081648311477,0.06559775824061712,0.04249615992071718,0.04458310659101211,0.02971088623715266,0.04217349733790853,0.025007612311860886,0.03108969208031053,0.03141228589467296,0.030584992869379296,0.030891974280044986,0.03246333123654997,0.020778150712009624,0.052390382987264866,0.05817893390744267,0.0067240347182130535,0.020179915156756156,0.042444117433228894,0.022583303190004095
hamburg,2021.2739726027398,0.03141748903711387,0.0389938167090741,0.03275991718110858,0.07167417334286143,0.04975139242161237,0.0706431634367804,0.08681362705277477,0.14241484119152956,0.12387102166741105,0.07003393991888583,0.15291220808550876,0.09195485686209204,0.0814958279010297,0.07881890463553758,0.0749547954123836,0.13226887915536148,0.14380706751683026,0.13541777370464758,0.14677936081038356,0.17845265531400217,0.11866409290355802,0.13860335608784716,0.08195414764636236,0.08711573186992799,0.15082612443949084,0.07618378014406874,0.08592294892787126,0.08941803657908699,0.09368955060180342,0.08689696613737548,0.11483350222764724,0.05456621952996323,0.1257058194945134,0.06249473873298298,0.07996986059153427,0.08248017869652209,0.0991753143556754,0.10515665453676903,0.11330655630728927,0.09109013625088136,0.0891888433063549,0.09051192747893928,0.09312173156536796,0.10044134202710375,0.08548542841909959,0.08078231542804601,0.07696492960551526,0.09141310250761807,0.06844582669590007,0.09825837528902041,0.05919407894031788,0.053899924984523916,0.07245525506294959,0.04887696355046279,0.07116387295557847,0.06310908024319327,0.06135458177513876,0.06083397047334043,0.03969114409778556,0.07655352275984226,0.05729395184282767,0.06448356549965097,0.03850985618267699,0.03530958542955223,0.06375987365799766,0.03900942841394738,0.02971088623715266,0.012044594817923965,0.03751592987099191,0.03108969208031053,0.05655994873331235,0.018348836925189373,0.018530901476172684,0.03246333123654997,0.03463313064899739,0.01496255246639305,0.04154899480070872,0.0134541403680991,-0,0.03536682431478768,0.01602366857291963
hamburg,2021.2931506849316,0.04713335463517197,0.05014176720091785,0.02729676329734818,0.05512320667797219,0.03869199133606432,0.08695426183551405,0.05207286421429129,0.10083730762659208,0.10527128624183203,0.09552328377878959,0.09302275456975558,0.09852928742131792,0.08829291566010053,0.06567065018651978,0.061318138814350505,0.18108774941958997,0.0889752777568786,0.1150836546392196,0.14677936081038356,0.13531871616991595,0.12998031552191108,0.13346272567265144,0.13988077208991226,0.1394584392454068,0.09123599173133945,0.07237193912048741,0.08592294892787126,0.08225622423259621,0.11453123633588973,0.09037649211937324,0.0844124770405244,0.08990247113873337,0.06942993048583779,0.055914451014818935,0.07996986059153427,0.08965764880796709,0.07344464208464464,0.0713357082410395,0.09062652690485784,0.07589736161499283,0.07803251951382255,0.08674070546332019,0.06881030740951369,0.0920642502531988,0.06409828945256013,0.06801886682341618,0.07243442606481779,0.08683967050236754,0.07757944209511854,0.0446403556849714,0.06342146006582373,0.099555640417147,0.0684302061509808,0.07145026541348344,0.05242681969177731,0.0593971103250329,0.06903420397170902,0.04181961164598368,0.051604397433992096,0.05527416683915676,0.0396599202833872,0.06448356549965097,0.07223134377027683,0.04035725660475935,0.04780997204857335,0.03900942841394738,0.041601036392344484,0.04820553707598237,0.0500324619673039,0.03730778016972627,0.025132472494472556,0.030584992869379296,0.018530901476172684,0.01947764741716979,0.02770257785150514,0.02993461451175702,0.03323862087072909,0.0067240347182130535,0.0134541403680991,0.042444117433228894,0.019670119854168545
hamburg,2021.3123287671233,0.02617818829382411,0.027848255643444543,0.05460786322252667,0.03858271016747606,0.027634941872547066,0.04345895533417718,0.05207286421429129,0.04149695326115035,0.13627280447996104,0.08915238083337289,0.03984726345103573,0.0788084888608465,0.07469962849511574,0.0722469654570811,0.0885898202048393,0.12529923939251736,0.10267650316209351,0.07443404793144749,0.14009976084117085,0.0860739985297875,0.0903869102114322,0.08208956107145984,0.07713157634267345,0.056606799686064475,0.04758096209224422,0.07618378014406874,0.026136567362656626,0.04647756462089169,0.08327183941623313,0.0555969107227635,0.05063104106265907,0.09311652224510958,0.05620075949789431,0.055914451014818935,0.05561773297759006,0.06094850451252984,0.05507635706188782,0.060063475312048926,0.07173145227035833,0.05311391661419813,0.04085684658470434,0.052780777578602445,0.0647647146869388,0.058569371959419476,0.11115431618488966,0.051005807134158546,0.0814958279010297,0.07311658009134651,0.05931902123709756,0.06250515124048729,0.0549618359558148,0.03730778016972627,0.04426563548656102,0.03759398622377517,0.033696515480125346,0.05196876012061076,0.04984508210137078,0.06083397047334043,0.07146588686564018,0.04676902582842347,0.04406786758160957,0.032229185633108004,0.05777808722394185,0.05044886408683336,0.03718289074890309,0.04458310659101211,0.02971088623715266,0.04820553707598237,0.031261394990446154,0.018650544242480107,0.03141228589467296,0.05506594604182277,0.030891974280044986,0.051953144524530835,0.006926861339210263,0.007483338439113557,0.016616654651957382,-0,0.020179915156756156,0.021215127119388867,0.017480137701716886
hamburg,2021.331506849315,0.03665731772344312,0.05014176720091785,0.021839385499940696,0.04409388963139131,0.060813146129682104,0.0706431634367804,0.06944034438214132,0.06522809351660581,0.03713085357875095,0.09552328377878959,0.046493178572735924,0.03938931467724504,0.03394107448015803,0.06567065018651978,0.1090594851981071,0.1043959232607713,0.08212601859231732,0.0676648051978688,0.053327334930468304,0.09837820163499726,0.0734238126902084,0.07695972190358144,0.07713157634267345,0.10019647007313867,0.05551882734142537,0.04950675905361215,0.07097120982590625,0.07510060564157056,0.04855946623009569,0.06255200755006156,0.07427782470407329,0.08990247113873337,0.05950643524515318,0.04275116886229263,0.04866356349858639,0.05736162641004863,0.06609759077869493,0.06757629016816227,0.04529091799851986,0.06070902453648832,0.02971088623715266,0.041465728362415195,0.04856467108857387,0.050199022414988075,0.055550060679891745,0.021246339860430657,0.049787827277014945,0.05025627769209413,0.07301243385961952,0.0669723092812668,0.05919407894031788,0.053899924984523916,0.0684302061509808,0.026313456550184463,0.037443077380776374,0.07425178754514407,0.04600914824557059,0.04181961164598368,0.0277806194750044,0.034008718661960216,0.026438319868376768,0.0368394463882409,0.028878417390679725,0.04035725660475935,0.021246339860430657,0.033431144249339136,0.02971088623715266,0.018073140390041906,0.018754581654336435,0.03730778016972627,0.01884821550296966,0.012231838520603982,0.037073612751732314,0.03246333123654997,0.006926861339210263,0.007483338439113557,0.05817893390744267,0.0134541403680991,-0,0.021215127119388867,0.013110852692427163
hamburg,2021.3506849315067,0.005236663670438811,0.033420737562001555,0.06554048606909141,0.04409388963139131,0.03869199133606432,0.05976673359912875,0.04628499293360102,0.04743002426336422,0.08048024740385135,0.07640250081043853,0.09302275456975558,0.03938931467724504,0.05431635807494059,0.05910037241473689,0.027244736019444875,0.06261448269516212,0.027359196099544254,0.08798038639178628,0.04665972768415453,0.09837820163499726,0.05647145260439263,0.04616008195019439,0.043370481498337804,0.03918636139677676,0.03171927218930691,0.04569687300617045,0.04854905651470802,0.06436381723333442,0.05549800512620334,0.06255200755006156,0.06751901581746515,0.025673536750258193,0.05950643524515318,0.02630305128720792,0.04171032390431999,0.05736162641004863,0.044057458765341895,0.04879889025916121,0.05284324098520251,0.04552512242385097,0.07059629983584592,0.04523887271391622,0.05261420886114938,0.020908202830396985,0.03845261383765349,0.016996377359348447,0.05431635807494059,0.0456864638638262,0.045624009053482836,0.0446403556849714,0.016902746845166933,0.029018895573813784,0.028165626531800828,0.030075095548244155,0.02246365137478491,0.040825622070337214,0.04600914824557059,0.01900427229203403,0.03175049123604822,0.02550705484115976,0.0484761885653489,0.0368394463882409,0.033696515480125346,0.04035725660475935,0.03187016442218581,0.016715486322566215,0.041601036392344484,0.03614736085562561,0.012502302837021037,0.024867144964795872,0.012564717879042194,0.012231838520603982,0.030891974280044986,0.0389625933133828,0.020778150712009624,0.01496255246639305,0.024924372356685764,0.0067240347182130535,-0,-0,0.0072857103759284385
hamburg,2021.3698630136987,0.01570637178153197,0.033420737562001555,0.02729676329734818,0.016533428127661683,0.022104697581028895,0.01629415261230751,0.03471118267457441,0.023707003236566184,0.0185621126060625,0.025455029353872036,0.006640824025636648,0.026256227629550655,0.04073194863973225,0.01312645662852338,0.03405554930090421,0.006952864809371217,0.0410493981709377,0.047357157882094554,0.026656831396661633,0.030725475662914902,0.016933956997830492,0.06155762159562014,0.057835350846688664,0.017412515017688462,0.035684241094578885,0.026651628730552348,0.018666149840991908,0.032171950201509536,0.03467996185028371,0.0555969107227635,0.02362376536333145,0.03208869877710804,0.03305130151083315,0.02959121802028503,0.01737610283963735,0.025090852400289885,0.033035691594636325,0.02251567386930727,0.05662241667969944,0.034138803874279464,0.03714126100861542,0.022614516752292035,0.012138216584987522,0.02927383843104301,0.025631916223012953,0.012746762179525249,0.022624921277220225,0.04111705160023255,0.05018861237137771,0.022312786434970013,0.008450686636884294,0.016580243031184678,0.02011749097362581,0.030075095548244155,0.026209404014061723,0.018551708894017745,0.019165531466089826,0.01900427229203403,0.01984178506119964,0.017001579059527188,0.008809546189630155,0.018416460826856485,0.014437203976637282,0.020174713138630188,0.03718289074890309,0.016715486322566215,0.01782345422334967,0.012044594817923965,0.03751592987099191,0.006214371316084415,0.006281979439199475,0.024466554984993116,-0,-0,0.006926861339210263,-0,-0,0.020179915156756156,0.0067240347182130535,-0,0.0043681834662727785
hamburg,2021.3890410958904,0.02094461748183015,0.005569498251956764,-0,0.01101996760680905,0.016580243031184678,0.010863934777497159,0.03471118267457441,0.04743002426336422,0.03093880211216547,0.044557084296413356,0.06643081513992388,0.03282235654288404,0.04073194863973225,0.06567065018651978,0.0408672547603266,0.02086138403030935,0.027359196099544254,0.0676648051978688,0.03998777126970584,0.018432066355112433,0.04517121392180975,0.03076710026721393,0.019269569908297247,0.013058839605933103,0.019820977127133783,0.026651628730552348,0.011196805379356746,0.010723505631432432,0.013870249680017977,0.027791025033654132,0.016871536711235546,0.016044474987537857,0.019826179109866764,0.023015092464833173,0.013901458012643687,0.021506446764364646,0.025694347026373132,0.01876498540697031,0.011321632404405547,0.01517061274145522,0.0222815730537926,0.01507698551465495,0.040466541502732635,0.03345716097679191,0.017084806333101374,0.016996377359348447,0.027151087050402017,0.009132001813229757,0.013683000077598486,0.017849463143106564,0.008450686636884294,0.024872347452362567,0.02011749097362581,0.030075095548244155,0.02246365137478491,0.00370773218222291,0.011498471202837403,0.011399649447227923,0.003967751371641334,0.004248573556591155,0.013214879021494076,-0,0.01925396412869344,0.005044244649821531,0.015930039810160994,0.005569498251956764,0.01782345422334967,0.006021948677558128,0.018754581654336435,-0,0.012564717879042194,-0,0.01235666803029795,0.012986021372251058,-0,-0,-0,-0,-0,0.007072480939606985,0.0050962497203174036
hamburg,2021.4082191780822,0.01570637178153197,0.016710284651006022,0.021839385499940696,0.01101996760680905,0.022104697581028895,0.021724937569143943,0.011566086196461307,0.029638044681042794,0.0185621126060625,0.012725957084356844,0.013277294918819153,0.019690927727868554,0.006786442825027931,0.03939451861792638,0.027244736019444875,0.034773624379385075,0.0410493981709377,0.01352695925732107,0.03332187413617073,0.018432066355112433,0.005642306100639183,0.03076710026721393,0.03372773571395979,0.004352582158105526,0.015857217555683697,0.0076133573113537825,0.01493134349693433,0.017870270288280813,0.024274064793716903,0.010421844303680755,0.0067500380869473355,0.00962609092220405,0.019826179109866764,0.019727341526875847,0.0034737160234086795,0.0035829234331317228,0.014681672415575582,0.033779769478671215,0.007545747457218475,0.007582152752366816,0.011139593093019493,0.022614516752292035,-0,0.004180968077167981,0.0085443019336265,0.008497494264191401,0.013573771454237438,0.01370380555568146,0.02280700080045453,0.0044617914135902225,0.012679145650665703,0.016580243031184678,0.004024955767797943,0.003759735916092501,0.003744134790467952,0.00370773218222291,0.011498471202837403,0.011399649447227923,0.01984178506119964,0.008502695114267609,0.004404586536875719,-0,0.004810222476222118,0.020174713138630188,0.005309471053109519,0.005569498251956764,-0,0.012044594817923965,-0,0.012434686626035387,-0,-0,0.0061779669785036575,-0,-0,-0,-0,-0,0.0067240347182130535,0.007072480939606985,0.0050962497203174036
hamburg,2021.427397260274,0.01570637178153197,0.011139593093019493,0.00546028667006821,0.005512292156648544,0.022104697581028895,0.010863934777497159,0.005782721525274816,0.00592833792167956,0.03093880211216547,0.025455029353872036,0.019919814888100344,0.01312645662852338,0.027151087050402017,0.01312645662852338,0.006807245543943892,0.0278170389393853,0.027359196099544254,0.01352695925732107,0.026656831396661633,0.03687066850910866,0.01129042562004973,0.015383875387355223,0.03372773571395979,0.013058839605933103,0.011893760103312842,0.019035483706049034,0.0037337340426538855,0.021444020988765872,0.006932062032199865,0.013891055233020673,0.0067500380869473355,0.01925396412869344,0.016523024821490682,0.013152463199081293,0.006947664114295283,0.014333175202281044,0.011009565403622116,0.011259218854422043,0.003775337046391954,0.011378844891029515,0.014853321155237414,0.0037701366691073185,0.016184918503956883,0.008362272344714289,0.01281437879630789,0.004248573556591155,0.018099149434690816,0.01370380555568146,0.013683000077598486,0.008923965698159696,0.008450686636884294,0.00414456516311655,0.008045022298518056,0.003759735916092501,0.007488539187764362,0.011129190865902368,0.011498471202837403,-0,0.011904162483377698,-0,-0,-0,-0,-0,0.005309471053109519,0.011139593093019493,-0,0.018073140390041906,-0,0.006214371316084415,0.006281979439199475,0.012231838520603982,0.01235666803029795,0.006490004984736952,0.006926861339210263,-0,-0,0.0067240347182130535,-0,-0,0.0043681834662727785
hamburg,2021.4465753424658,0.005236663670438811,0.016710284651006022,0.00546028667006821,0.005512292156648544,0.016580243031184678,0.010863934777497159,0.017350094156640673,0.00592833792167956,-0,0.012725957084356844,0.026563183486388017,0.006562814122280046,0.006786442825027931,0.019690927727868554,0.0204296126386492,0.013906659403238498,0.006838449637916147,0.02028915765754561,0.026656831396661633,0.012289052008682562,0.01129042562004973,0.015383875387355223,0.02409198013345158,-0,0.015857217555683697,0.0076133573113537825,0.011196805379356746,0.007145290892723908,0.006932062032199865,0.006947664114295283,-0,0.0064171959491335275,0.026438319868376768,0.013152463199081293,-0,0.010749511000238682,-0,0.011259218854422043,0.011321632404405547,0.003790938181377859,-0,0.0037701366691073185,0.016184918503956883,0.020908202830396985,0.01281437879630789,0.008497494264191401,-0,-0,-0,-0,0.004227771861252387,0.00828946068757165,-0,0.003759735916092501,0.003744134790467952,-0,0.0038325412308768125,0.003801338940633584,0.003967751371641334,-0,0.008809546189630155,-0,-0,-0,0.005309471053109519,-0,0.00593873910845527,-0,-0,-0,0.006281979439199475,-0,0.0061779669785036575,-0,0.006926861339210263,-0,0.008305063176946391,-0,-0,0.007072480939606985,0.003640127405946399
hamburg,2021.4657534246576,-0,0.005569498251956764,-0,0.01101996760680905,-0,0.00542908340308526,0.005782721525274816,0.00592833792167956,0.012372271740083287,0.012725957084356844,0.013277294918819153,0.006562814122280046,0.020361986118910415,0.01312645662852338,0.006807245543943892,0.006952864809371217,0.02051804745101276,0.02028915765754561,0.01332410689098527,0.03687066850910866,0.005642306100639183,0.015383875387355223,0.02409198013345158,0.021766554969380177,0.023785038863731137,0.003806539321038674,0.007467736196293589,0.010723505631432432,0.006932062032199865,0.006947664114295283,0.0067500380869473355,0.00962609092220405,0.026438319868376768,0.009860134770317457,0.006947664114295283,0.010749511000238682,-0,0.007504141436826126,0.003775337046391954,-0,0.00371293255327242,0.0075353459489994855,0.016184918503956883,0.004180968077167981,0.01281437879630789,-0,0.009048787267324722,0.01370380555568146,0.004560599985233796,0.0044617914135902225,-0,0.012434686626035387,-0,0.007514542938803311,0.003744134790467952,0.00370773218222291,-0,-0,0.003967751371641334,-0,-0,-0,-0,-0,-0,-0,0.00593873910845527,-0,-0,-0,-0,0.006115559601955722,-0,-0,0.013849444135345498,0.007483338439113557,-0,-0,-0,-0,7.280050960454046e-4
hamburg,2021.4849315068493,0.010468653705347542,0.011139593093019493,0.00546028667006821,0.01101996760680905,0.016580243031184678,0.00542908340308526,0.011566086196461307,0.00592833792167956,0.0061883682152110014,0.012725957084356844,0.026563183486388017,-0,-0,0.006562814122280046,-0,0.034773624379385075,0.02051804745101276,0.02028915765754561,0.03332187413617073,0.0061415626664147295,0.005642306100639183,0.025642321351701185,0.004815422957523926,0.017412515017688462,0.00792540393112291,-0,0.0037337340426538855,0.010723505631432432,0.0034685156762824733,0.013891055233020673,0.0033749095170002483,0.0064171959491335275,0.003302104842938069,0.006573215435966263,0.006947664114295283,0.0035829234331317228,-0,0.0037545355403623185,-0,-0,0.00371293255327242,0.0075353459489994855,0.004045757382003803,0.004180968077167981,0.0085443019336265,0.004248573556591155,0.004524196805412104,0.004565800441571103,-0,-0,0.008450686636884294,0.00414456516311655,0.012070600847419764,0.003759735916092501,-0,0.00370773218222291,-0,0.007602955789610853,-0,-0,-0,-0,0.004810222476222118,0.005044244649821531,0.010619484286249373,0.005569498251956764,0.00593873910845527,-0,-0,0.006214371316084415,0.006281979439199475,-0,-0,-0,-0,-0,-0,0.0067240347182130535,0.0067240347182130535,-0,-0
hamburg,2021.504109589041,-0,0.005569498251956764,-0,-0,-0,-0,-0,-0,-0,-0,-0,-0,-0,-0,0.006807245543943892,0.006952864809371217,0.013677798709381312,0.01352695925732107,0.026656831396661633,-0,0.005642306100639183,-0,0.004815422957523926,0.013058839605933103,0.00792540393112291,0.0076133573113537825,0.0037337340426538855,0.007145290892723908,0.017339690687083274,0.006947664114295283,0.0033749095170002483,0.01283518392685368,0.003302104842938069,0.009860134770317457,0.010421844303680755,-0,-0,-0,0.003775337046391954,0.003790938181377859,0.00371293255327242,-0,-0,0.008362272344714289,0.004269375260251284,0.004248573556591155,0.009048787267324722,-0,0.004560599985233796,-0,-0,-0,-0,0.003759735916092501,-0,0.00370773218222291,0.011498471202837403,0.003801338940633584,0.011904162483377698,-0,-0,0.004602203650517907,-0,0.005044244649821531,0.010619484286249373,-0,-0,-0,-0,0.006214371316084415,-0,-0,-0,0.006490004984736952,-0,-0,-0,-0,-0,-0,0.0014560203843819654
hamburg,2021.5232876712328,0.005236663670438811,-0,-0,0.005512292156648544,-0,-0,0.005782721525274816,0.00592833792167956,0.0061883682152110014,-0,0.026563183486388017,-0,0.006786442825027931,-0,-0,0.013906659403238498,0.013677798709381312,-0,0.006661626686297544,0.0430165876602783,0.03387863377506636,0.010255411216783925,0.014452808310744417,0.013058839605933103,0.00792540393112291,0.0076133573113537825,0.007467736196293589,0.025023219818294442,0.017339690687083274,0.0034737160234086795,0.0067500380869473355,0.0064171959491335275,0.003302104842938069,0.006573215435966263,0.006947664114295283,0.0035829234331317228,-0,0.0037545355403623185,0.003775337046391954,-0,-0,0.0075353459489994855,0.008091829560669015,-0,0.004269375260251284,0.004248573556591155,-0,0.009132001813229757,0.02280700080045453,0.008923965698159696,-0,-0,0.008045022298518056,-0,0.007488539187764362,0.00370773218222291,0.0038325412308768125,0.007602955789610853,0.003967751371641334,0.004248573556591155,-0,-0,-0,-0,-0,-0,-0,-0,-0,-0,0.006281979439199475,-0,-0,-0,0.006926861339210263,-0,-0,-0,-0,0.007072480939606985,-0
hamburg,2021.5424657534247,0.005236663670438811,-0,-0,0.005512292156648544,0.005527893812761903,0.010863934777497159,0.005782721525274816,0.00592833792167956,-0,-0,0.006640824025636648,0.019690927727868554,0.020361986118910415,0.01312645662852338,-0,0.02086138403030935,0.027359196099544254,0.03382139652792902,0.03998777126970584,0.018432066355112433,0.01129042562004973,0.041028581748861724,0.014452808310744417,0.013058839605933103,0.011893760103312842,0.0304601195937375,0.01493134349693433,0.007145290892723908,0.02080416110966395,0.04168950721766337,0.016871536711235546,0.02246365137478491,0.009912144657398491,0.006573215435966263,-0,0.010749511000238682,-0,0.007504141436826126,0.007545747457218475,-0,0.011139593093019493,0.0075353459489994855,0.004045757382003803,0.008362272344714289,0.004269375260251284,0.004248573556591155,0.004524196805412104,0.009132001813229757,0.004560599985233796,0.008923965698159696,0.004227771861252387,0.00414456516311655,-0,0.003759735916092501,0.014972955460375015,0.014842918185189164,0.007665364951277586,-0,-0,-0,0.004404586536875719,0.004602203650517907,-0,-0,0.005309471053109519,-0,-0,-0,0.00625077567914549,-0,-0,-0,-0,-0,-0,-0,-0,-0,-0,-0,7.280050960454046e-4
hamburg,2021.5616438356165,0.005236663670438811,0.011139593093019493,0.00546028667006821,0.01101996760680905,0.011051174228849372,0.00542908340308526,0.023134745548924536,0.01778183997879256,0.0185621126060625,0.012725957084356844,0.05313473787478791,0.03282235654288404,0.03394107448015803,0.019690927727868554,0.03405554930090421,0.0278170389393853,0.013677798709381312,0.03382139652792902,0.053327334930468304,0.07376749876542414,0.03952461730428584,0.04616008195019439,0.057835350846688664,0.03047572873679638,0.04758096209224422,0.02284341678160602,0.02240122445005047,0.03932686742965571,0.03120936374568795,0.027791025033654132,0.03712564986460271,0.01925396412869344,0.03305130151083315,0.016439798447055985,0.03475281046944847,0.025090852400289885,0.007337717688158038,0.030023065490478285,0.022640528068518795,0.003790938181377859,0.011139593093019493,0.018843013618069403,0.024274064793716903,0.008362272344714289,0.01281437879630789,0.012746762179525249,0.013573771454237438,0.027406020750380154,0.02280700080045453,0.03124578561155328,0.008450686636884294,0.012434686626035387,0.008045022298518056,0.01127482223489776,0.01122801210752824,0.007420929495915969,0.011498471202837403,0.003801338940633584,0.003967751371641334,0.017001579059527188,0.004404586536875719,-0,0.00962609092220405,-0,0.010619484286249373,-0,-0,-0,0.00625077567914549,-0,-0,-0,-0,-0,-0,0.007483338439113557,0.008305063176946391,-0,-0,-0,-0
hamburg,2021.5808219178082,0.005236663670438811,0.011139593093019493,0.021839385499940696,0.01101996760680905,0.005527893812761903,-0,0.057861379786963776,0.059292991567180445,0.012372271740083287,0.025455029353872036,0.026563183486388017,0.03282235654288404,0.006786442825027931,0.01312645662852338,-0,0.04173114059930998,0.0684302061509808,0.027057438250009416,0.08001152463333412,0.0860739985297875,0.06777414750141005,0.02051284539906611,0.043370481498337804,0.017412515017688462,0.027749402811548553,0.026651628730552348,0.02240122445005047,0.032171950201509536,0.03120936374568795,0.013891055233020673,0.030371667871593303,0.0064171959491335275,0.026438319868376768,0.03946216989421609,0.01737610283963735,0.03943094621730098,0.033035691594636325,0.0375315411321785,0.041517769870723725,0.030345652687833437,0.0334259409054129,0.022614516752292035,0.024274064793716903,0.008362272344714289,0.021355584601614706,0.012746762179525249,0.009048787267324722,0.027406020750380154,0.01824480032511044,0.008923965698159696,0.016902746845166933,0.00414456516311655,0.008045022298518056,0.01879619667735517,0.003744134790467952,-0,0.007665364951277586,0.015201821854517133,0.015872822315913367,-0,0.004404586536875719,0.009204814650129236,-0,0.010083777653838487,0.005309471053109519,0.005569498251956764,-0,0.006021948677558128,0.00625077567914549,-0,-0,-0,-0,0.012986021372251058,-0,0.007483338439113557,-0,-0,0.0067240347182130535,0.01414592393288367,0.003640127405946399
hamburg,2021.6,0.01570637178153197,0.027848255643444543,0.00546028667006821,0.033066911431721704,0.011051174228849372,0.01629415261230751,0.057861379786963776,0.059292991567180445,0.09287168478177314,0.12102512812509002,0.07307492157362547,0.03938931467724504,0.0950908920045918,0.05910037241473689,0.1090594851981071,0.09046504596840252,0.13695058276686406,0.13541777370464758,0.10670941455880338,0.0860739985297875,0.07907929968085729,0.035897587887843536,0.043370481498337804,0.047898453438179264,0.04758096209224422,0.057127368667969455,0.04854905651470802,0.042902093110681674,0.03815079160594054,0.04168950721766337,0.04387530481793648,0.02246365137478491,0.023134745548924536,0.03946216989421609,0.024326089099468276,0.0430165876602783,0.04038327679772796,0.04879889025916121,0.033967091462747054,0.022754978014472772,0.052005196529690705,0.052780777578602445,0.044515448652137087,0.041830020014312116,0.04272514748443179,0.05525855025043205,0.027151087050402017,0.009132001813229757,0.041059806385100615,0.03571025894933535,0.02958601506058414,0.00828946068757165,0.028165626531800828,0.01503537346797201,0.014972955460375015,0.011129190865902368,0.019165531466089826,0.003801338940633584,0.007935805517359338,0.02550705484115976,0.013214879021494076,0.009204814650129236,0.00962609092220405,0.005044244649821531,0.010619484286249373,0.016715486322566215,0.011883357725328935,0.006021948677558128,-0,-0,-0,0.012231838520603982,0.0061779669785036575,0.012986021372251058,0.006926861339210263,-0,-0,-0,-0,0.01414592393288367,0.010198199966192732
hamburg,2021.6191780821919,0.03665731772344312,0.027848255643444543,0.04368274276733994,0.033066911431721704,0.03316577437281314,0.05433197438070381,0.10419792653473117,0.10083730762659208,0.08667820132517381,0.09552328377878959,0.12628441973603602,0.09195485686209204,0.1971621058908581,0.18409348512521884,0.09541388311061369,0.13226887915536148,0.0889752777568786,0.08798038639178628,0.09335615151698876,0.1414814968481565,0.0903869102114322,0.08208956107145984,0.07713157634267345,0.06096412281014396,0.09123599173133945,0.04569687300617045,0.08218330903387164,0.06436381723333442,0.07285621490313127,0.059074342854268685,0.033748549213596254,0.05777808722394185,0.05620075949789431,0.055914451014818935,0.06257283259009029,0.05736162641004863,0.05507635706188782,0.04128878762375218,0.01886902304778601,0.04552512242385097,0.07059629983584592,0.033925464296857395,0.060714230611193847,0.07950114242155493,0.04272514748443179,0.08929302194145777,0.05431635807494059,0.05025627769209413,0.045624009053482836,0.03571025894933535,0.03804671538051579,0.041455320067003455,0.02011749097362581,0.041356441364500215,0.003744134790467952,0.025975286569046966,0.038338129336639964,0.01900427229203403,0.01984178506119964,0.021251541985756222,0.022026664475484493,0.009204814650129236,0.004810222476222118,0.015129000619842995,0.010619484286249373,0.027858661215628747,0.00593873910845527,0.006021948677558128,0.012502302837021037,0.012434686626035387,0.006281979439199475,-0,0.01235666803029795,0.012986021372251058,0.020778150712009624,0.007483338439113557,0.016616654651957382,-0,-0,-0,0.014567240237249476
hamburg,2021.6383561643836,0.01570637178153197,0.016710284651006022,0.04368274276733994,0.049610858218473844,0.027634941872547066,0.02715628976647721,0.07523079369170049,0.04743002426336422,0.08048024740385135,0.15292263871400658,0.06643081513992388,0.1379933358435731,0.17673078476840987,0.13142955368950174,0.11588102348240537,0.13226887915536148,0.11638655123900521,0.07443404793144749,0.14009976084117085,0.0860739985297875,0.0734238126902084,0.05129208859177388,0.043370481498337804,0.07839706742933998,0.05948561143312352,0.07237193912048741,0.04854905651470802,0.06436381723333442,0.052031222551806776,0.03821844126417123,0.07765235083851142,0.05456621952996323,0.02974730705346839,0.055914451014818935,0.04171032390431999,0.05018861237137771,0.047726695584121286,0.04128878762375218,0.011321632404405547,0.04552512242385097,0.07059629983584592,0.04900708596312342,0.040466541502732635,0.02927383843104301,0.034175227792043225,0.03399831185903285,0.027151087050402017,0.027406020750380154,0.041059806385100615,0.0446403556849714,0.033816193144946535,0.029018895573813784,0.04426563548656102,0.01503537346797201,0.014972955460375015,0.014842918185189164,0.019165531466089826,0.01900427229203403,0.007935805517359338,0.021251541985756222,0.008809546189630155,0.02302029476710931,0.004810222476222118,0.020174713138630188,0.005309471053109519,0.03900942841394738,0.0237694317289319,-0,0.00625077567914549,0.012434686626035387,0.012564717879042194,-0,0.01235666803029795,0.006490004984736952,0.013849444135345498,-0,0.024924372356685764,0.0134541403680991,0.0067240347182130535,0.021215127119388867,0.010198199966192732
hamburg,2021.6575342465753,0.01570637178153197,0.0389938167090741,0.03822364508768359,0.04409388963139131,0.060813146129682104,0.04889257822279298,0.09840425087718008,0.11865366914468414,0.1300689368403604,0.14653948522478852,0.11963351161218341,0.1379933358435731,0.12228647564203085,0.23681080697749451,0.11588102348240537,0.09046504596840252,0.11638655123900521,0.0676648051978688,0.053327334930468304,0.049168438207035044,0.0903869102114322,0.07182518156054393,0.06266133910325324,0.03918636139677676,0.07139298679571786,0.08380830057050676,0.05601856300809312,0.042902093110681674,0.03120936374568795,0.06255200755006156,0.07765235083851142,0.06420241783244271,0.03966512425114968,0.04932979095160679,0.03823405273626483,0.06094850451252984,0.044057458765341895,0.07509019061164056,0.033967091462747054,0.07209595601453897,0.05943875788654936,0.052780777578602445,0.05666406201897573,0.050199022414988075,0.04272514748443179,0.03399831185903285,0.036204600663048446,0.0456864638638262,0.05018861237137771,0.0491059792145148,0.033816193144946535,0.012434686626035387,0.024138801842335366,0.030075095548244155,0.007488539187764362,0.025975286569046966,0.034503044200046816,0.003801338940633584,0.01984178506119964,0.004248573556591155,0.01762058509569122,0.02302029476710931,0.014437203976637282,0.03530958542955223,0.005309471053109519,-0,0.00593873910845527,0.006021948677558128,0.012502302837021037,0.006214371316084415,0.006281979439199475,0.012231838520603982,0.0061779669785036575,0.01947764741716979,0.013849444135345498,0.007483338439113557,0.024924372356685764,-0,0.0134541403680991,0.01414592393288367,0.026225011881204716
hamburg,2021.676712328767,0.04189247026803308,0.016710284651006022,0.02729676329734818,0.05512320667797219,0.027634941872547066,0.08151666052909237,0.06365053979508231,0.0889648599476334,0.11766863335967945,0.10190017756583156,0.11963351161218341,0.1445735900560832,0.14950150476613175,0.11169627625041882,0.08177186090019954,0.07653789977922135,0.09582543920089025,0.12185907346941338,0.08668341000048602,0.06761794428102148,0.06777414750141005,0.07182518156054393,0.057835350846688664,0.08711573186992799,0.05948561143312352,0.06856037750203971,0.04854905651470802,0.06436381723333442,0.052031222551806776,0.027791025033654132,0.07765235083851142,0.05135455021016223,0.04296974895042808,0.03946216989421609,0.04866356349858639,0.03943094621730098,0.05874637150871082,0.04128878762375218,0.03773969172913588,0.06070902453648832,0.055721844376790224,0.04523887271391622,0.04856467108857387,0.050199022414988075,0.07692847570295407,0.06801886682341618,0.0452596908215068,0.06854475692270412,0.05018861237137771,0.0669723092812668,0.02958601506058414,0.041455320067003455,0.02011749097362581,0.04887696355046279,0.007488539187764362,0.03711524243786269,0.019165531466089826,0.02280700080045453,0.015872822315913367,0.017001579059527188,0.035252346607322294,0.009204814650129236,0.024065968091178745,0.005044244649821531,0.015930039810160994,0.02228677528269061,0.01782345422334967,0.018073140390041906,0.012502302837021037,-0,-0,0.024466554984993116,0.0061779669785036575,0.01947764741716979,0.020778150712009624,0.02993461451175702,0.016616654651957382,0.0134541403680991,0.0134541403680991,0.007072480939606985,0.022583303190004095
hamburg,2021.695890410959,0.02617818829382411,0.044567493212691336,0.00546028667006821,0.033066911431721704,0.06634750884942543,0.08695426183551405,0.08102188786736168,0.0711586658345771,0.04331843813580664,0.12102512812509002,0.10632382552796832,0.197245622016092,0.11549015487464313,0.1445892334908596,0.13635622286930674,0.12529923939251736,0.07527766146953588,0.060896443554352406,0.12673792172319115,0.06146391081073331,0.06212509606741109,0.06155762159562014,0.043370481498337804,0.07839706742933998,0.05155234583003042,0.057127368667969455,0.03733900257180066,0.02859746216291918,0.05549800512620334,0.03474240351761011,0.04387530481793648,0.04493180659506327,0.04296974895042808,0.03946216989421609,0.03823405273626483,0.06454083650710833,0.04038327679772796,0.07885015197212866,0.05662241667969944,0.06070902453648832,0.0334259409054129,0.0678678696588728,0.04856467108857387,0.050199022414988075,0.03845261383765349,0.03824966421303955,0.036204600663048446,0.05482649315562814,0.02280700080045453,0.03571025894933535,0.02958601506058414,0.029018895573813784,0.016091289450864764,0.033831803295450234,0.029950223497072753,0.029690074353566534,0.019165531466089826,0.015201821854517133,0.011904162483377698,0.004248573556591155,0.013214879021494076,0.018416460826856485,0.004810222476222118,0.005044244649821531,0.010619484286249373,0.016715486322566215,0.011883357725328935,0.018073140390041906,0.012502302837021037,0.012434686626035387,0.012564717879042194,0.006115559601955722,0.0061779669785036575,0.01947764741716979,0.006926861339210263,0.007483338439113557,0.008305063176946391,0.0134541403680991,0.020179915156756156,0.01414592393288367,0.03132383255288551
hamburg,2021.7150684931507,0.02617818829382411,0.016710284651006022,0.01637737875364091,0.033066911431721704,0.022104697581028895,0.010863934777497159,0.057861379786963776,0.04149695326115035,0.061896023058197525,0.108272642624876,0.0863708904054031,0.1379933358435731,0.08829291566010053,0.13142955368950174,0.0749547954123836,0.09743001810174663,0.06158365239916939,0.04058623474975733,0.05999579722846092,0.02457580649161621,0.0508236288453737,0.06669114815792276,0.05301501574025177,0.0827562169210053,0.035684241094578885,0.057127368667969455,0.026136567362656626,0.03574668396785748,0.03815079160594054,0.03474240351761011,0.047253063228823305,0.03529917836627809,0.02974730705346839,0.02630305128720792,0.04171032390431999,0.03943094621730098,0.04038327679772796,0.02251567386930727,0.041517769870723725,0.04173114059930998,0.0334259409054129,0.022614516752292035,0.044515448652137087,0.02927383843104301,0.05127126806898398,0.021246339860430657,0.04073194863973225,0.01827080945561934,0.031932602715587184,0.017849463143106564,0.02958601506058414,0.02072612995572637,0.008045022298518056,0.01503537346797201,0.018718168536506805,0.018551708894017745,-0,0.011399649447227923,0.01984178506119964,0.017001579059527188,0.01762058509569122,0.009204814650129236,0.00962609092220405,0.010083777653838487,0.005309471053109519,0.005569498251956764,0.00593873910845527,0.006021948677558128,0.012502302837021037,0.006214371316084415,0.01884821550296966,0.024466554984993116,0.01235666803029795,-0,-0,-0,-0,0.0067240347182130535,0.026911762673521824,0.01414592393288367,0.01383904136612803
hamburg,2021.7342465753425,0.02617818829382411,0.016710284651006022,0.01637737875364091,0.02204227108722312,0.04422400007564283,0.02715628976647721,0.07523079369170049,0.07709512232328666,0.09907111592017757,0.07003393991888583,0.11297824273415187,0.07223655099868821,0.12228647564203085,0.052530924702504665,0.06813341668900867,0.07653789977922135,0.06158365239916939,0.027057438250009416,0.04665972768415453,0.0430165876602783,0.03387863377506636,-0,0.014452808310744417,0.017412515017688462,0.027749402811548553,0.03426888941201995,0.029872178617365304,0.032171950201509536,0.07285621490313127,0.01736569936487648,0.020247541439710096,0.03208869877710804,0.016523024821490682,0.009860134770317457,0.03127700437403043,0.046602476366937574,0.025694347026373132,0.04504110110749318,0.04529091799851986,0.02655277817343493,0.04085684658470434,0.03015314073250295,0.05261420886114938,0.041830020014312116,0.03845261383765349,0.012746762179525249,0.027151087050402017,0.027406020750380154,0.041059806385100615,0.022312786434970013,0.042272377594068426,0.012434686626035387,0.024138801842335366,0.026313456550184463,0.01122801210752824,0.011129190865902368,0.019165531466089826,0.003801338940633584,0.0277806194750044,0.017001579059527188,0.008809546189630155,0.009204814650129236,0.014437203976637282,0.005044244649821531,0.015930039810160994,0.011139593093019493,0.011883357725328935,0.018073140390041906,0.00625077567914549,0.018650544242480107,0.025132472494472556,0.018348836925189373,0.024711070579739352,-0,0.006926861339210263,0.02244804463657235,0.008305063176946391,0.0067240347182130535,0.0067240347182130535,0.01414592393288367,0.013110852692427163
hamburg,2021.7534246575342,0.02094461748183015,0.044567493212691336,0.02729676329734818,-0,0.04975139242161237,0.021724937569143943,0.057861379786963776,0.15430471549507477,0.08667820132517381,0.12102512812509002,0.0863708904054031,0.08538125741197128,0.0814958279010297,0.05910037241473689,0.06813341668900867,0.06261448269516212,0.08212601859231732,0.060896443554352406,0.04665972768415453,0.05531581109867697,0.0734238126902084,0.06155762159562014,0.05301501574025177,0.047898453438179264,0.06345269815129845,0.04188726607735551,0.04854905651470802,0.06436381723333442,0.04855946623009569,0.03474240351761011,0.03712564986460271,0.04814307924002447,0.036355505911910044,0.06249473873298298,0.027801430594386087,0.0430165876602783,0.02202146227260865,0.04128878762375218,0.03773969172913588,0.04931938108200913,0.03714126100861542,0.04900708596312342,0.024274064793716903,0.020908202830396985,0.025631916223012953,0.05525855025043205,0.009048787267324722,0.06397333567194446,0.01824480032511044,0.026776492860773275,0.02113189323487207,0.03316577437281314,0.04024276791037024,0.01879619667735517,0.029950223497072753,0.022265966370232804,0.007665364951277586,0.007602955789610853,0.03175049123604822,0.021251541985756222,0.013214879021494076,0.009204814650129236,0.004810222476222118,0.02522091530521477,0.010619484286249373,0.027858661215628747,0.0237694317289319,-0,0.00625077567914549,0.006214371316084415,0.025132472494472556,0.006115559601955722,0.024711070579739352,0.012986021372251058,0.020778150712009624,0.01496255246639305,0.008305063176946391,-0,0.020179915156756156,0.007072480939606985,0.020398400387839855
hamburg,2021.772602739726,0.02094461748183015,0.0389938167090741,0.021839385499940696,-0,0.011051174228849372,0.021724937569143943,0.028920040516489626,0.04149695326115035,0.04331843813580664,0.03818721833405045,0.03320219760901483,0.03282235654288404,0.047523709760751855,0.0853916745032933,0.027244736019444875,0.04173114059930998,0.04789324864639044,0.04058623474975733,0.006661626686297544,0.049168438207035044,0.05647145260439263,0.05642460177358529,0.038551487018638385,0.017412515017688462,0.05948561143312352,0.053316924260572426,0.026136567362656626,0.032171950201509536,0.041621853043584414,0.0486427440282171,0.05063104106265907,0.03529917836627809,0.049584833407722656,0.046040375872653166,0.03823405273626483,0.03584555200389647,0.047726695584121286,0.026271835510753603,0.033967091462747054,0.034138803874279464,0.03714126100861542,0.04523887271391622,0.020231935366603407,0.041830020014312116,0.04272514748443179,0.025496649739538132,0.03167764682280737,0.027406020750380154,0.027369601573864595,0.03124578561155328,0.025361383607928202,0.016580243031184678,0.02011749097362581,0.022552089646446647,0.018718168536506805,0.00370773218222291,0.030668241886397156,0.02660480475902166,0.01984178506119964,0.017001579059527188,0.030845146490088796,0.013813034452186325,0.01925396412869344,0.020174713138630188,0.026557980829654097,0.005569498251956764,-0,0.012044594817923965,0.025007612311860886,0.012434686626035387,0.025132472494472556,-0,-0,0.006490004984736952,-0,0.01496255246639305,0.016616654651957382,-0,0.0067240347182130535,0.007072480939606985,0.012382674215872823
hamburg,2021.7917808219179,0.01570637178153197,0.016710284651006022,0.02729676329734818,0.02204227108722312,0.022104697581028895,0.04889257822279298,0.04628499293360102,0.04149695326115035,0.061896023058197525,0.07640250081043853,0.05313473787478791,0.07223655099868821,0.047523709760751855,0.052530924702504665,0.061318138814350505,0.11833053365599377,0.07527766146953588,0.060896443554352406,0.053327334930468304,0.06146391081073331,0.10169698016251257,0.07182518156054393,0.043370481498337804,0.10455744746407206,0.07139298679571786,0.06093809231672459,0.05975632163995214,0.050053281994088254,0.03120936374568795,0.052119711124449006,0.03712564986460271,0.01925396412869344,0.05950643524515318,0.03288479597962832,0.052140531986948055,0.05377499570770461,0.02202146227260865,0.0375315411321785,0.04529091799851986,0.022754978014472772,0.055721844376790224,0.041465728362415195,0.032369672868652374,0.04601435284877916,0.055550060679891745,0.025496649739538132,0.04073194863973225,0.022838214497025486,0.031932602715587184,0.03571025894933535,0.03804671538051579,0.024872347452362567,0.028165626531800828,0.026313456550184463,0.018718168536506805,0.03711524243786269,0.015331860027223648,0.02660480475902166,0.015872822315913367,0.0127519634546151,0.004404586536875719,0.018416460826856485,0.014437203976637282,0.015129000619842995,0.026557980829654097,0.033431144249339136,0.0237694317289319,0.018073140390041906,0.025007612311860886,0.012434686626035387,0.012564717879042194,0.006115559601955722,0.024711070579739352,0.006490004984736952,0.020778150712009624,-0,0.008305063176946391,0.0067240347182130535,0.020179915156756156,0.021215127119388867,0.008741934780205749
hamburg,2021.8109589041096,0.02094461748183015,0.05014176720091785,0.03822364508768359,0.06064134561271229,0.055284577900910174,0.07607962776914119,0.13897354280202798,0.14241484119152956,0.1300689368403604,0.1720715845983301,0.15291220808550876,0.12483532495405561,0.06790431721016875,0.11827320337579979,0.08177186090019954,0.08350100661083022,0.11638655123900521,0.09475227445082586,0.07334049519587547,0.0860739985297875,0.06777414750141005,0.08208956107145984,0.10608413649042348,0.06967986457273363,0.10712106005807615,0.057127368667969455,0.041075418710248265,0.04647756462089169,0.09021501195936776,0.0555969107227635,0.07427782470407329,0.06099015331659387,0.0661236238550237,0.05261941412549073,0.07649103086551562,0.05736162641004863,0.04038327679772796,0.07509019061164056,0.06417638571792679,0.05311391661419813,0.06687858873790699,0.052780777578602445,0.07691285260967541,0.05438402876712825,0.07265313096131482,0.051005807134158546,0.04073194863973225,0.0456864638638262,0.05931902123709756,0.04017511561852642,0.0549618359558148,0.04975139242161237,0.06037583683927891,0.05264023518807825,0.048679178106830694,0.03339992419357441,0.030668241886397156,0.04561880448933728,0.03572066609488178,0.04676902582842347,0.022026664475484493,0.027624536345130603,0.033696515480125346,0.02522091530521477,0.03187016442218581,0.02228677528269061,0.00593873910845527,0.018073140390041906,0.031261394990446154,0.03730778016972627,0.006281979439199475,0.018348836925189373,0.04943388976220084,0.012986021372251058,0.020778150712009624,0.02244804463657235,0.05817893390744267,0.02690655998191206,0.020179915156756156,0.021215127119388867,0.04079960165601752
hamburg,2021.8301369863013,0.03141748903711387,0.044567493212691336,0.03822364508768359,0.07167417334286143,0.055284577900910174,0.07607962776914119,0.12737908645366391,0.16024545624153402,0.14247219809420342,0.15292263871400658,0.20620350517015748,0.1906586995536836,0.1699221279317907,0.06567065018651978,0.06813341668900867,0.16713631387257613,0.10267650316209351,0.1150836546392196,0.07334049519587547,0.05531581109867697,0.04517121392180975,0.05642460177358529,0.07230424501552835,0.0827562169210053,0.03964951234941883,0.07618378014406874,0.05228627825790987,0.10731906791466507,0.07632959381942711,0.07645978494651215,0.06751901581746515,0.04493180659506327,0.06281752743514266,0.06578519487937336,0.09041295545070843,0.09324675540805379,0.08446977000121655,0.04879889025916121,0.10196270000352309,0.06830003512577844,0.05943875788654936,0.056554743074497905,0.08096459870537567,0.04601435284877916,0.06837813770179602,0.08078231542804601,0.0950908920045918,0.07311658009134651,0.10955973567408248,0.05803837692638292,0.042272377594068426,0.06634750884942543,0.03219276307843709,0.06016238959266302,0.033696515480125346,0.029690074353566534,0.0575177988243929,0.04561880448933728,0.0277806194750044,0.029757713005673345,0.05729395184282767,0.0368394463882409,0.06741488079599328,0.04035725660475935,0.021246339860430657,0.033431144249339136,0.03565822325284605,0.05423307119005987,0.031261394990446154,0.012434686626035387,0.01884821550296966,0.06119319171413154,0.0061779669785036575,0.02597008397112666,0.020778150712009624,0.05988126528766179,0.05817893390744267,0.03363927843344811,0.026911762673521824,0.04952237391505408,0.06194287881889401
hamburg,2021.849315068493,0.010468653705347542,0.033420737562001555,0.049147618534525886,0.04409388963139131,0.055284577900910174,0.06520206088861366,0.12737908645366391,0.11865366914468414,0.2604640344611399,0.20399521233549525,0.33299553953797595,0.23019275578293,0.2244163608753496,0.0853916745032933,0.0749547954123836,0.20202192361308258,0.0684302061509808,0.0676648051978688,0.10670941455880338,0.05531581109867697,0.0960390328860889,0.07695972190358144,0.07713157634267345,0.09583585838469176,0.08726678493668494,0.1143175666792975,0.08966285778172967,0.10731906791466507,0.05897022474267987,0.10777240453078224,0.0641399407794915,0.05135455021016223,0.11577157997607565,0.08882942861738001,0.08344892306882734,0.10401556179613322,0.07712116090595439,0.060063475312048926,0.09818543764839668,0.05311391661419813,0.09662772246219957,0.0678678696588728,0.11338472651118207,0.0878762103864222,0.10687615664687043,0.08503749456906902,0.08602712102017077,0.09598693678440862,0.08671466206329258,0.06250515124048729,0.0676543916571415,0.06219798314559973,0.04024276791037024,0.022552089646446647,0.033696515480125346,0.04454147092590018,0.05368129894706296,0.03801549255350606,0.047633009721030815,0.05527416683915676,0.0396599202833872,0.04605078508584807,0.033696515480125346,0.0706431634367804,0.015930039810160994,0.033431144249339136,0.02971088623715266,0.03012192264474778,0.031261394990446154,0.024867144964795872,0.025132472494472556,0.030584992869379296,0.018530901476172684,0.02597008397112666,0.006926861339210263,0.03741705865900149,0.03323862087072909,0.05383225492232595,0.026911762673521824,0.03536682431478768,0.0466337043503344
hamburg,2021.868493150685,0.03665731772344312,0.07244484056284078,0.10927834418918402,0.06616007018377265,0.08294892371986728,0.1577157338840818,0.1679762158793433,0.1899750018349836,0.3102247412654416,0.32550184155150724,0.3463581428530888,0.24337745658593496,0.17673078476840987,0.1643402161296678,0.1910031613516955,0.16713631387257613,0.13695058276686406,0.16932739105218872,0.08668341000048602,0.07376749876542414,0.11300429929121543,0.11804909470514646,0.09642975531232327,0.09583585838469176,0.09123599173133945,0.08762098005532326,0.13455233004193615,0.09299670802327104,0.10410934929610008,0.12169228333060053,0.11483350222764724,0.12205192523431811,0.11908625689392181,0.11517746210380522,0.11129501681288768,0.13274849978988193,0.11756439786041871,0.1014000007705672,0.13221674674424902,0.13288925885922534,0.12639388537081897,0.13582964653039578,0.12554944215599673,0.13816017827633545,0.14968924408487252,0.10206169401694025,0.14497510637181907,0.082261432464986,0.09128287393694133,0.09825837528902041,0.06342146006582373,0.07879807308824174,0.07245525506294959,0.06769083905881368,0.06366615890427901,0.07425178754514407,0.07287183677765864,0.05703366586662338,0.07146588686564018,0.08506353712912064,0.079350111911237,0.041444911773675035,0.033696515480125346,0.04540541780800134,0.026557980829654097,0.05015738225305069,0.041601036392344484,0.06026130406143199,0.018754581654336435,0.06219277692234349,0.06284876515781745,0.05506594604182277,0.04325598616952369,0.01947764741716979,0.02770257785150514,0.01496255246639305,0.04986590205313114,0.03363927843344811,0.05383746030859666,0.021215127119388867,0.04517121392180975
hamburg,2021.8876712328768,0.03141748903711387,0.044567493212691336,0.01637737875364091,0.07719406900679761,0.07188246065437942,0.20676211892855823,0.19118583141288298,0.20782193535525617,0.25425055883529074,0.2934983252810581,0.2728984408608642,0.2829516289082333,0.27214570624172496,0.13142955368950174,0.1431865575464745,0.1950429290971939,0.0889752777568786,0.20325913556344352,0.12673792172319115,0.15379881897728662,0.13563674366154924,0.13860335608784716,0.13022532777076798,0.13073099499812713,0.12301098247145723,0.1410278662617761,0.10087898839141127,0.13239399715526792,0.14233662733529376,0.13910389086394123,0.15881106247818355,0.1381288952794154,0.1257058194945134,0.15143108008126566,0.11129501681288768,0.13634058191110823,0.17276548157079316,0.16910827917962512,0.13599648202107625,0.10628735103794289,0.12267218305729728,0.22657851674030144,0.13771700424183522,0.11719957525840952,0.12399611946271641,0.1744767858615423,0.13590263699170183,0.14175784845544034,0.1049899179623207,0.12508552548537274,0.10151462419454277,0.09540346401136256,0.09260080212304922,0.06769083905881368,0.06741488079599328,0.07425178754514407,0.09590358313028598,0.06463975930492338,0.0953096922120521,0.05102142244574989,0.026438319868376768,0.07369980284368877,0.07705346061813396,0.060547636479052515,0.06907585925243327,0.0780429351330855,0.04754973353997798,0.03614736085562561,0.03751592987099191,0.03730778016972627,0.05655994873331235,0.03670415074774868,0.04325598616952369,0.02597008397112666,0.03463313064899739,0.02993461451175702,0.04986590205313114,0.04036766468038552,0.04710212635171474,0.04952237391505408,0.060485163817097586
hamburg,2021.9068493150685,0.04713335463517197,0.061292108143714955,0.05460786322252667,0.11582890749828698,0.17157073238705464,0.17405938937812507,0.24345059816441697,0.3209862587075834,0.291558241898076,0.40879908869035547,0.3263129089791544,0.289550253385838,0.20397433058134476,0.2170375058779647,0.21150796758187174,0.2229645288864422,0.15752274980812384,0.2440043877398544,0.21363303690873897,0.12916187871914175,0.0847301933454071,0.13860335608784716,0.1737046050014404,0.14818734851324133,0.15082612443949084,0.19831568423985121,0.14577814830430202,0.12164537370045093,0.18059202844988195,0.13910389086394123,0.17573421301734288,0.13170063869419693,0.13233143811768655,0.10859050474757212,0.11826277969528208,0.14711831732873276,0.18749602060948603,0.12771791653654474,0.16626512550350336,0.14809869631102415,0.1524532625029507,0.17740387283032155,0.1661138427830332,0.1423522700971272,0.15397092754950853,0.14890700139506677,0.16766320733451265,0.12344360647083301,0.16442889602558897,0.11167022034878102,0.09727893550931005,0.14940242039895218,0.08857419360759189,0.09027231131358177,0.09740396934759228,0.10398429933373245,0.07670975282423968,0.12555465472636806,0.07941260724161575,0.07655352275984226,0.0396599202833872,0.09214238853060076,0.09151207643945716,0.05044886408683336,0.04780997204857335,0.055732255528174776,0.0534939059322579,0.04820553707598237,0.06880510052419161,0.012434686626035387,0.050271892778607524,0.08568856248322218,0.030891974280044986,0.051953144524530835,0.020778150712009624,0.01496255246639305,0.06649850159922174,0.03363927843344811,0.020179915156756156,0.042444117433228894,0.03788539764276301
hamburg,2021.9260273972602,0.07857934234548479,0.033420737562001555,0.08740221219716894,0.07167417334286143,0.12723834229902434,0.18495453517979293,0.31321702524995154,0.35677634175371264,0.2977814071453232,0.33190176910301994,0.3062753992700919,0.3886249946743338,0.3609023160813157,0.25659685557238454,0.19783545846948927,0.23693617677066536,0.16438194782655802,0.2507966264311942,0.20025751192515295,0.15996379034422953,0.15261493605286394,0.13346272567265144,0.15920747279817427,0.15691772329357223,0.16275443646424062,0.18685411420767692,0.14952236465696492,0.13239399715526792,0.14929290631804354,0.14954843953227095,0.1452775492802085,0.16387073684739217,0.1223959328610229,0.13494855547335435,0.1356732387440163,0.14711831732873276,0.135959986711753,0.15781483409330058,0.13599648202107625,0.15190044706567613,0.14872969468795974,0.1660616764297477,0.1417734910431651,0.15912401774283752,0.13256082162344968,0.14890700139506677,0.14043867382190625,0.16007854293303145,0.15528001442487346,0.14297798442926254,0.11421854933126771,0.08294892371986728,0.08454268840612454,0.08650631533266298,0.08240726318376468,0.08911591838596418,0.08822520082589988,0.07605879731918885,0.07543909524986672,0.07655352275984226,0.08376142510334994,0.08291767392018562,0.08187081648311477,0.060547636479052515,0.10098840055800865,0.055732255528174776,0.0534939059322579,0.04820553707598237,0.056289255166136136,0.03108969208031053,0.03769806154308678,0.03670415074774868,0.04325598616952369,0.0389625933133828,0.04849180311732818,0.06737322684580158,0.024924372356685764,0.020179915156756156,0.020179915156756156,0.007072480939606985,0.037156872157314835
hamburg,2021.945205479452,0.06285397144675144,0.11149304056391267,0.10927834418918402,0.13792555625816774,0.17711689623461727,0.2831398506511481,0.3190346855130705,0.3090634466593185,0.3538077277177866,0.2870978934288541,0.3263129089791544,0.4283099032153023,0.3404065710891778,0.23681080697749451,0.26622875524227646,0.209001854915555,0.13695058276686406,0.1828984756445177,0.15345981891013624,0.12916187871914175,0.17526463085415536,0.11804909470514646,0.1688683005690215,0.13509453402493282,0.20650630440653112,0.1486619011067793,0.15326685062819148,0.18616002920985353,0.18754820847012948,0.16348472372394782,0.13174234420496983,0.1477805925942686,0.14226884208837687,0.15472716893555533,0.1774925750075934,0.16868570888981785,0.11756439786041871,0.14276419785233857,0.15112860138064235,0.212787175814293,0.15617709697083546,0.20387514236362,0.15799738760467147,0.184291786298337,0.13256082162344968,0.11057588426951553,0.14497510637181907,0.16923870280207293,0.12784302358678176,0.1295580630788035,0.1650600925950232,0.11616245069924654,0.11678784996757763,0.10533381273292532,0.06366615890427901,0.0593971103250329,0.10358309940124799,0.05703366586662338,0.07543909524986672,0.08931906663284382,0.08376142510334994,0.08753243104948401,0.06259365763845329,0.09084530832839245,0.0531243272434509,0.10036319127821731,0.07134091537976937,0.03614736085562561,0.0750641530459448,0.03730778016972627,0.03769806154308678,0.067315952718758107,0.04943388976220084,0.04545746325929546,0.020778150712009624,0.03741705865900149,0.04154899480070872,0.04036766468038552,0.04710212635171474,0.01414592393288367,0.036428356878448344
hamburg,2021.964383561644,0.06809176216323323,0.05571663880187674,0.11475011835787938,0.14897479529579102,0.1438592115490776,0.2613054452594258,0.2608821250814805,0.35677634175371264,0.42859826944767737,0.4023844501481321,0.6143654268210365,0.6471199276166361,0.42243282352239814,0.22362777084508056,0.24570236423931252,0.2159827232561336,0.22616070183591713,0.2440043877398544,0.2403996368213752,0.27099571605780526,0.2659569680130773,0.25181553876039997,0.23657051571877058,0.2792866690926325,0.21844739725013843,0.19067435685864026,0.21694873621891228,0.23280435651392334,0.23280435651392334,0.24367524794159712,0.1825018846810297,0.17996586134815143,0.20525857406240497,0.21080833230991894,0.22632260471297433,0.20464777137842285,0.2169644014418488,0.2180609787749958,0.16626512550350336,0.22421268415910517,0.17480027044063787,0.26065217482430286,0.21077178445741082,0.1423522700971272,0.19682282301139617,0.19579454842129587,0.18582081810749776,0.16465842116436105,0.17357938756406577,0.15193173834860763,0.19050212676344627,0.12031628509782893,0.09663293213421341,0.10909596163265001,0.11990974713343529,0.14489167415493318,0.1112637499737648,0.0836676742957982,0.0953096922120521,0.08931906663284382,0.08817311255190044,0.0690914799913048,0.07223134377027683,0.07569426579577415,0.06907585925243327,0.08362600732447399,0.041601036392344484,0.04217349733790853,0.03751592987099191,0.08708968828207932,0.03769806154308678,0.018348836925189373,0.024711070579739352,0.0389625933133828,0.04155940311487037,0.02993461451175702,0.008305063176946391,0.02690655998191206,0.026911762673521824,0.06367657164635179,0.0466337043503344
hamburg,2021.9835616438356,0.12577879574675993,0.08917321652908738,0.1038071457351502,0.14344727511944708,0.2159409501274004,0.2667671072168233,0.2666991595728904,0.41647778070192576,0.42859826944767737,0.3511167496219612,0.5204061982677516,0.5210259735850659,0.38823730952142455,0.2697882537355392,0.23886377539116863,0.28584822782847086,0.31552413098407384,0.2711891217188944,0.3006736021270393,0.25864537937729287,0.2432677444111033,0.3601116535122076,0.3673903921553428,0.2836626924006269,0.2941206315099331,0.2556614595507763,0.25444390222536395,0.3010554048039568,0.20843277532497753,0.22274519088748884,0.1994327482968096,0.237944369846304,0.23180148632029146,0.19430697903578883,0.28218306386209713,0.21184212506322314,0.24645471616801462,0.25198274679321775,0.23064716488461323,0.25468950162229764,0.17107510213524538,0.23793392214943318,0.26359979605415385,0.21367480818349224,0.21397242948739453,0.24699286346132593,0.258514731317187,0.17381938791724508,0.17815523723705318,0.15193173834860763,0.13963050036058886,0.1868175831873478,0.20152078284523003,0.10909596163265001,0.09365829434679476,0.11885693281961361,0.09974319949900903,0.12936518347402515,0.08736054223329841,0.0935801537914715,0.06611321062292938,0.09675275473464998,0.04814307924002447,0.09084530832839245,0.10098840055800865,0.055732255528174776,0.0772878081437956,0.05423307119005987,0.00625077567914549,0.0435266118984468,0.06284876515781745,0.067315952718758107,0.024711070579739352,0.006490004984736952,0.04849180311732818,0.052390382987264866,0.03323862087072909,0.07403307592482662,0.0067240347182130535,0.007072480939606985,0.03569985180587178
hamburg,2022.0027397260274,0.08381871734672515,0.07802210389664586,0.11475011835787938,0.13239921041180033,0.12170270769860347,0.11960223975884511,0.2725116175428155,0.2494851327697679,0.3164501409841818,0.2231629783493684,0.2662235285513924,0.3489703494227182,0.27214570624172496,0.29618632322200744,0.31415868869644137,0.3768123732617207,0.39815562371617813,0.38686995658394585,0.4281526132171124,0.4689695923284233,0.5218768635954312,0.4686337784322877,0.5179954475797802,0.5512883972941143,0.4258247768694235,0.40505712004315125,0.408463663146915,0.29746238644633954,0.4316812665622044,0.41492622660749195,0.3554569368149379,0.2830823383796386,0.30154704525667275,0.2933832778863553,0.29965373200958084,0.2982625568194867,0.3387159673720812,0.28215169410149976,0.31029274580746,0.23182760248630152,0.3501953572200183,0.2720150242581907,0.29206548043026814,0.27248025361611533,0.36427978493141544,0.22565410576728534,0.26760862001199054,0.22424924145968414,0.2605842351701941,0.21910013768294148,0.2244372508400723,0.18265843338423324,0.18536680055646057,0.22974879670249687,0.1799710793761746,0.20445461304847454,0.1804407040427136,0.19416605361650638,0.1868123644722554,0.1830602438797109,0.14556435021483888,0.1290419814157987,0.12044137434168538,0.13633015460825815,0.07439238835825664,0.10036319127821731,0.0891888433063549,0.06629023585212797,0.1126342974046232,0.09331968612177409,0.05655994873331235,0.067315952718758107,0.05561773297759006,0.07145026541348344,0.05541992189338195,0.05988126528766179,0.03323862087072909,0.02690655998191206,0.04710212635171474,0.04952237391505408,0.05610705836626599
