State,Year,Week,week_start,week_start_num,week_end,week_end_num,Sex,A00,A01,A02,A03,A04,A05,A06,A07,A08,A09,A10,A11,A12,A13,A14,A15,A16,A17,A18,A19,A20,A21,A22,A23,A24,A25,A26,A27,A28,A29,A30,A31,A32,A33,A34,A35,A36,A37,A38,A39,A40,A41,A42,A43,A44,A45,A46,A47,A48,A49,A50,A51,A52,A53,A54,A55,A56,A57,A58,A59,A60,A61,A62,A63,A64,A65,A66,A67,A68,A69,A70,A71,A72,A73,A74,A75,A76,A77,A78,A79,A80+
baden-wurttemberg,2020,1,2019-12-30,2019.9945205479453,2020-01-05,2020.0109289617487,female,-0,-0,-0,-0,-0,-0,-0,-0,-0,-0,-0,-0,-0,-0,-0,-0,-0,-0,-0,-0,-0,-0,-0,-0,-0,-0,-0,-0,-0,-0,-0,-0,-0,-0,-0,-0,-0,-0,-0,-0,-0,-0,-0,-0,-0,-0,-0,-0,-0,-0,-0,-0,-0,-0,-0,-0,-0,-0,-0,-0,-0,-0,-0,-0,-0,-0,-0,-0,-0,-0,-0,-0,-0,-0,-0,-0,-0,-0,-0,-0,-0
baden-wurttemberg,2020,1,2019-12-30,2019.9945205479453,2020-01-05,2020.0109289617487,male,-0,-0,-0,-0,-0,-0,-0,-0,-0,-0,-0,-0,-0,-0,-0,-0,-0,-0,-0,-0,-0,-0,-0,-0,-0,-0,-0,-0,-0,-0,-0,-0,-0,-0,-0,-0,-0,-0,-0,-0,-0,-0,-0,-0,-0,-0,-0,-0,-0,-0,-0,-0,-0,-0,-0,-0,-0,-0,-0,-0,-0,-0,-0,-0,-0,-0,-0,-0,-0,-0,-0,-0,-0,-0,-0,-0,-0,-0,-0,-0,-0
baden-wurttemberg,2020,2,2020-01-06,2020.0136612021859,2020-01-12,2020.0300546448088,female,-0,-0,-0,-0,-0,-0,-0,-0,-0,-0,-0,-0,-0,-0,-0,-0,-0,-0,-0,-0,-0,-0,-0,-0,-0,-0,-0,-0,-0,-0,-0,-0,-0,-0,-0,-0,-0,-0,-0,-0,-0,-0,-0,-0,-0,-0,-0,-0,-0,-0,-0,-0,-0,-0,-0,-0,-0,-0,-0,-0,-0,-0,-0,-0,-0,-0,-0,-0,-0,-0,-0,-0,-0,-0,-0,-0,-0,-0,-0,-0,-0
baden-wurttemberg,2020,2,2020-01-06,2020.0136612021859,2020-01-12,2020.0300546448088,male,-0,-0,-0,-0,-0,-0,-0,-0,-0,-0,-0,-0,-0,-0,-0,-0,-0,-0,-0,-0,-0,-0,-0,-0,-0,-0,-0,-0,-0,-0,-0,-0,-0,-0,-0,-0,-0,-0,-0,-0,-0,-0,-0,-0,-0,-0,-0,-0,-0,-0,-0,-0,-0,-0,-0,-0,-0,-0,-0,-0,-0,-0,-0,-0,-0,-0,-0,-0,-0,-0,-0,-0,-0,-0,-0,-0,-0,-0,-0,-0,-0
baden-wurttemberg,2020,3,2020-01-13,2020.032786885246,2020-01-19,2020.049180327869,female,-0,-0,-0,-0,-0,-0,-0,-0,-0,-0,-0,-0,-0,-0,-0,-0,-0,-0,-0,-0,-0,-0,-0,-0,-0,-0,-0,-0,-0,-0,-0,-0,-0,-0,-0,-0,-0,-0,-0,-0,-0,-0,-0,-0,-0,-0,-0,-0,-0,-0,-0,-0,-0,-0,-0,-0,-0,-0,-0,-0,-0,-0,-0,-0,-0,-0,-0,-0,-0,-0,-0,-0,-0,-0,-0,-0,-0,-0,-0,-0,-0
baden-wurttemberg,2020,3,2020-01-13,2020.032786885246,2020-01-19,2020.049180327869,male,-0,-0,-0,-0,-0,-0,-0,-0,-0,-0,-0,-0,-0,-0,-0,-0,-0,-0,-0,-0,-0,-0,-0,-0,-0,-0,-0,-0,-0,-0,-0,-0,-0,-0,-0,-0,-0,-0,-0,-0,-0,-0,-0,-0,-0,-0,-0,-0,-0,-0,-0,-0,-0,-0,-0,-0,-0,-0,-0,-0,-0,-0,-0,-0,-0,-0,-0,-0,-0,-0,-0,-0,-0,-0,-0,-0,-0,-0,-0,-0,-0
baden-wurttemberg,2020,4,2020-01-20,2020.051912568306,2020-01-26,2020.068306010929,female,-0,-0,-0,-0,-0,-0,-0,-0,-0,-0,-0,-0,-0,-0,-0,-0,-0,-0,-0,-0,-0,-0,-0,-0,-0,-0,-0,-0,-0,-0,-0,-0,-0,-0,-0,-0,-0,-0,-0,-0,-0,-0,-0,-0,-0,-0,-0,-0,-0,-0,-0,-0,-0,-0,-0,-0,-0,-0,-0,-0,-0,-0,-0,-0,-0,-0,-0,-0,-0,-0,-0,-0,-0,-0,-0,-0,-0,-0,-0,-0,-0
baden-wurttemberg,2020,4,2020-01-20,2020.051912568306,2020-01-26,2020.068306010929,male,-0,-0,-0,-0,-0,-0,-0,-0,-0,-0,-0,-0,-0,-0,-0,-0,-0,-0,-0,-0,-0,-0,-0,-0,-0,-0,-0,-0,-0,-0,-0,-0,-0,-0,-0,-0,-0,-0,-0,-0,-0,-0,-0,-0,-0,-0,-0,-0,-0,-0,-0,-0,-0,-0,-0,-0,-0,-0,-0,-0,-0,-0,-0,-0,-0,-0,-0,-0,-0,-0,-0,-0,-0,-0,-0,-0,-0,-0,-0,-0,-0
baden-wurttemberg,2020,5,2020-01-27,2020.0710382513662,2020-02-02,2020.0874316939892,female,-0,-0,-0,-0,-0,-0,-0,-0,-0,-0,-0,-0,-0,-0,-0,-0,-0,-0,-0,-0,-0,-0,-0,-0,-0,-0,-0,-0,-0,-0,-0,-0,-0,-0,-0,-0,-0,-0,-0,-0,-0,-0,-0,-0,-0,-0,-0,-0,-0,-0,-0,-0,-0,-0,-0,-0,-0,-0,-0,-0,-0,-0,-0,-0,-0,-0,-0,-0,-0,-0,-0,-0,-0,-0,-0,-0,-0,-0,-0,-0,-0
baden-wurttemberg,2020,5,2020-01-27,2020.0710382513662,2020-02-02,2020.0874316939892,male,-0,-0,-0,-0,-0,-0,-0,-0,-0,-0,-0,-0,-0,-0,-0,-0,-0,-0,-0,-0,-0,-0,-0,-0,-0,-0,-0,-0,-0,-0,-0,-0,-0,-0,-0,-0,-0,-0,-0,-0,-0,-0,-0,-0,-0,-0,-0,-0,-0,-0,-0,-0,-0,-0,-0,-0,-0,-0,-0,-0,-0,-0,-0,-0,-0,-0,-0,-0,-0,-0,-0,-0,-0,-0,-0,-0,-0,-0,-0,-0,-0
baden-wurttemberg,2020,6,2020-02-03,2020.0901639344263,2020-02-09,2020.1065573770493,female,-0,-0,-0,-0,-0,-0,-0,-0,-0,-0,-0,-0,-0,-0,-0,-0,-0,-0,-0,-0,-0,-0,-0,-0,-0,-0,-0,-0,-0,-0,-0,-0,-0,-0,-0,-0,-0,-0,-0,-0,-0,-0,-0,-0,-0,-0,-0,-0,-0,-0,-0,-0,-0,-0,-0,-0,-0,-0,-0,-0,-0,-0,-0,-0,-0,-0,-0,-0,-0,-0,-0,-0,-0,-0,-0,-0,-0,-0,-0,-0,-0
baden-wurttemberg,2020,6,2020-02-03,2020.0901639344263,2020-02-09,2020.1065573770493,male,-0,-0,-0,-0,-0,-0,-0,-0,-0,-0,-0,-0,-0,-0,-0,-0,-0,-0,-0,-0,-0,-0,-0,-0,-0,-0,-0,-0,-0,-0,-0,-0,-0,-0,-0,-0,-0,-0,-0,-0,-0,-0,-0,-0,-0,-0,-0,-0,-0,-0,-0,-0,-0,-0,-0,-0,-0,-0,-0,-0,-0,-0,-0,-0,-0,-0,-0,-0,-0,-0,-0,-0,-0,-0,-0,-0,-0,-0,-0,-0,-0
baden-wurttemberg,2020,7,2020-02-10,2020.1092896174864,2020-02-16,2020.1256830601094,female,-0,-0,-0,-0,-0,-0,-0,-0,-0,-0,-0,-0,-0,-0,-0,-0,-0,-0,-0,-0,-0,-0,-0,-0,-0,-0,-0,-0,-0,-0,-0,-0,-0,-0,-0,-0,-0,-0,-0,-0,-0,-0,-0,-0,-0,-0,-0,-0,-0,-0,-0,-0,-0,-0,-0,-0,-0,-0,-0,-0,-0,-0,-0,-0,-0,-0,-0,-0,-0,-0,-0,-0,-0,-0,-0,-0,-0,-0,-0,-0,-0
baden-wurttemberg,2020,7,2020-02-10,2020.1092896174864,2020-02-16,2020.1256830601094,male,-0,-0,-0,-0,-0,-0,-0,-0,-0,-0,-0,-0,-0,-0,-0,-0,-0,-0,-0,-0,-0,-0,-0,-0,-0,-0,-0,-0,-0,-0,-0,-0,-0,-0,-0,-0,-0,-0,-0,-0,-0,-0,-0,-0,-0,-0,-0,-0,-0,-0,-0,-0,-0,-0,-0,-0,-0,-0,-0,-0,-0,-0,-0,-0,-0,-0,-0,-0,-0,-0,-0,-0,-0,-0,-0,-0,-0,-0,-0,-0,-0
baden-wurttemberg,2020,8,2020-02-17,2020.1284153005465,2020-02-23,2020.1448087431695,female,-0,-0,-0,-0,-0,-0,-0,-0,-0,-0,-0,-0,-0,-0,-0,-0,-0,-0,9.828092875793055e-4,-0,-0,-0,-0,-0,-0,-0,-0,-0,-0,-0,-0,-0,-0,-0,-0,-0,-0,-0,-0,-0,-0,-0,-0,-0,-0,-0,-0,-0,-0,-0,-0,-0,-0,-0,-0,-0,-0,-0,-0,-0,-0,-0,-0,-0,-0,-0,-0,-0,-0,-0,-0,-0,-0,-0,-0,-0,-0,-0,-0,-0,-0
baden-wurttemberg,2020,8,2020-02-17,2020.1284153005465,2020-02-23,2020.1448087431695,male,-0,-0,-0,-0,-0,-0,-0,-0,-0,-0,-0,-0,-0,-0,-0,-0,-0,-0,-0,-0,-0,-0,-0,-0,-0,-0,-0,-0,-0,-0,-0,-0,-0,-0,-0,-0,-0,-0,-0,-0,-0,-0,-0,-0,-0,-0,-0,-0,-0,-0,-0,-0,-0,-0,-0,-0,-0,-0,-0,-0,-0,-0,-0,-0,-0,-0,-0,-0,-0,-0,-0,-0,-0,-0,-0,-0,-0,-0,-0,-0,-0
baden-wurttemberg,2020,9,2020-02-24,2020.1475409836066,2020-03-01,2020.1639344262296,female,-0,-0,-0,-0,-0,-0,-0,-0,-0,-0,-0,-0,-0,-0,-0,-0,-0,-0,-0,-0,-0,-0,-0,-0,7.956060864047533e-4,-0,-0,-0,7.59205542212683e-4,-0,-0,-0,-0,7.280050960454046e-4,-0,-0,-0,-0,-0,-0,-0,-0,7.904060071005078e-4,-0,-0,8.060062465617456e-4,-0,-0,-0,-0,-0,-0,5.980034385291251e-4,-0,-0,-0,-0,-0,-0,-0,-0,-0,-0,-0,-0,-0,-0,-0,-0,8.632071646410181e-4,-0,-0,-0,-0,-0,-0,-0,-0,-0,-0,-0
baden-wurttemberg,2020,9,2020-02-24,2020.1475409836066,2020-03-01,2020.1639344262296,male,-0,-0,-0,-0,-0,-0,-0,-0,-0,-0,-0,-0,-0,-0,-0,-0,-0,-0,-0,8.684072512197225e-4,-0,-0,-0,-0,7.1240487998485e-4,-0,-0,-0,6.812044618983496e-4,-0,-0,-0,0.0012896159913068346,-0,-0,-0,-0,-0,-0,-0,7.176049514830961e-4,7.696056950952293e-4,7.800058500578373e-4,-0,-0,-0,7.904060071005078e-4,-0,-0,-0,-0,-0,-0,-0,-0,5.668030890843131e-4,5.616030326606649e-4,-0,-0,6.136036202688044e-4,6.396039335704413e-4,-0,-0,-0,-0,8.216064907089019e-4,-0,-0,-0,-0,-0,-0,-0,-0,-0,-0,-0,-0,-0,-0,-0
baden-wurttemberg,2020,10,2020-03-02,2020.1666666666667,2020-03-08,2020.1830601092897,female,-0,-0,-0,-0,-0,-0,-0,0.0010608108203087946,0.0010712110335134644,-0,-0,0.0010608108203087946,-0,0.0010296101931752911,0.0010504106091842097,-0,-0,0.002028039547028811,9.828092875793055e-4,0.0018876342607685472,8.788074259429569e-4,8.632071646410181e-4,-0,8.008061662232416e-4,-0,0.0016068248255685408,7.904060071005078e-4,0.0015236223211765214,7.59205542212683e-4,-0,-0,0.0014352198061252915,7.07204809000845e-4,0.0014612205302433198,0.0014560203843819654,-0,7.54005466554319e-4,-0,0.0014716208235318897,-0,0.0014612205302433198,7.696056950952293e-4,7.904060071005078e-4,0.0015964245052441485,-0,0.004825823921693603,0.003135694542141295,0.0015808240286462535,7.332051691094672e-4,0.001378018258824673,0.0019864379412056275,0.0031096929807496723,0.0011908136348706493,0.003525719523239945,0.0011544128140282045,5.824032614637801e-4,0.001721228486489026,-0,6.032034985870817e-4,6.084035591650503e-4,6.292038066885943e-4,6.604041935742898e-4,-0,-0,0.0014716208235318897,-0,-0,8.268065731274711e-4,8.320066560718302e-4,8.632071646410181e-4,8.580070785765575e-4,-0,-0,-0,-0,0.0014092190950022075,-0,-0,-0,9.308083307602005e-4,5.720031460221995e-4
baden-wurttemberg,2020,10,2020-03-02,2020.1666666666667,2020-03-08,2020.1830601092897,male,-0,-0,-0,-0,0.0018356323991003999,-0,-0,-0,-0,-0,-0,0.0010088097854867022,-0,0.0029588841810546545,-0,0.0019500365634153166,9.464086123428451e-4,0.0028236766635127155,0.0036609288662095077,0.003478916371049182,-0,-0,-0,7.1240487998485e-4,-0,7.176049514830961e-4,-0,-0,6.812044618983496e-4,0.0013416173069358463,-0,6.552041277961948e-4,-0,6.708043266962928e-4,-0,0.0014144192361890769,0.002137243920664269,0.0021788456471371156,-0,7.176049514830961e-4,0.0021528445641883763,7.696056950952293e-4,0.0015652235567344159,0.0023660538281344377,0.0031304942288193816,0.002407655737663283,0.0015756238708242005,0.001586024186994111,0.002204846743081171,0.002043640157790284,0.003281303526214121,0.0036661292325725816,0.0011752132799592396,0.0034425139484697983,0.0033853101930444904,0.0011336123564175387,0.0028028755381770093,5.720031460221995e-4,0.001185613516044898,0.0012272144811884878,0.00255326268311309,0.002002038539491907,7.07204809000845e-4,0.0014664206766304769,7.644056183968352e-4,8.216064907089019e-4,-0,9.204081456366061e-4,0.0018564331375272125,-0,9.776091895544216e-4,-0,0.0010816112487982198,0.0011908136348706493,-0,0.0016640266245696565,0.0026000650021664614,-0,-0,-0,5.252026522785282e-4
baden-wurttemberg,2020,11,2020-03-09,2020.1857923497269,2020-03-15,2020.2021857923498,female,9.98409584762529e-4,-0,-0,-0,-0,9.880093861184358e-4,-0,-0,0.0010712110335134644,0.0010868113572177433,0.004232972284309839,0.0010608108203087946,0.005179457941286273,0.0010296101931752911,0.006287180067692691,0.007166093755198382,0.005065046671778663,0.003042088981968304,9.828092875793055e-4,0.004716613901673972,0.005273067349034468,0.0060531523002996255,0.0058555296725085965,0.00638599210793978,0.004779019599315969,0.004815422957523926,0.010260612242683546,0.009922546641057075,0.010619484286249373,0.00877834091281695,0.009100796342909912,0.007899399974617293,0.009886139707352614,0.007301312564138671,0.005101450230224663,0.004524196805412104,0.004529397258114548,0.010551870523468895,0.005897134373841046,0.006646024690024559,0.014614053370672519,0.01001096358616428,0.004753017216193921,0.00717649518955648,0.012757164730230983,0.01045825161244615,0.006271578183767644,0.011857351789476216,0.011014766504952585,0.006193568834347745,0.011909363674193372,0.011820943501131212,0.008346669838174052,0.009984958586699498,0.008065825520937807,0.0069840689907324175,0.008045022298518056,0.00816984175787542,0.007836990532066834,0.006718834046028912,0.005023442636186012,0.00592833792167956,0.005559097139037382,0.0043161791239144645,0.003671329599461501,0.001549623089497087,0.00556429769523413,0.0024804591594204378,0.004987039132350607,0.0034529146380358157,0.0025740637086042453,0.0017680300566801682,0.0029276824150337995,0.004196569333852543,0.0024180562202402007,0.002813276099801863,0.0010920114661630619,0.004326579988220815,0.0011284122433178158,9.308083307602005e-4,0.001710828143277401
baden-wurttemberg,2020,11,2020-03-09,2020.1857923497269,2020-03-15,2020.2021857923498,male,-0,9.256082379355073e-4,-0,0.003676529966864721,0.0018356323991003999,9.568088026666271e-4,9.672089950704858e-4,-0,0.0010140098866259321,0.0010296101931752911,0.0019968383395411833,0.0020228393444778857,0.0029588841810546545,9.880093861184358e-4,0.003972951768688912,0.003894945867543119,0.005694311769258563,0.0037649362923369853,-0,0.006958065504961515,0.002423256462314505,0.006167565743876809,0.005231463147008865,0.005694311769258563,0.0064327978767492475,0.0035985245103836694,0.007108885903421963,0.011051174228849372,0.015009365955698453,0.007394925791684666,0.009631291885159604,0.006562814122280046,0.005803523842653571,0.013417730961730804,0.004779019599315969,0.011300827879420765,0.009979757588370606,0.0029068812480877357,0.0085182976676288,0.007915002346961344,0.01363098641881596,0.011514074655104551,0.007041276705191476,0.006307982586878362,0.010957554418900645,0.010432246389299219,0.004732215319060305,0.011878156537120226,0.01542028617041256,0.013620583693301576,0.011820943501131212,0.017116016595036396,0.01233066185773503,0.011482867755258098,0.011285224491147437,0.010198199966192732,0.01120720761999968,0.008549502788384242,0.01067149493283023,0.010421844303680755,0.0076549634191316026,0.006006346873211892,0.008476690869076719,0.009542875585615106,0.006136362052479218,0.008201046669529411,0.003478916371049182,0.0064327978767492475,0.0037181329248362313,0.007706971100667665,0.01074430992543354,0.0029900859657976397,0.003250101566730168,0.004758217691780449,0.002782074421156427,-0,0.00520026001733406,0.001331217039648678,0.0027040703064400047,0.0035569216481055464,0.0026312665716063024
baden-wurttemberg,2020,12,2020-03-16,2020.204918032787,2020-03-22,2020.22131147541,female,9.98409584762529e-4,9.724090920553305e-4,-0,0.0019292357875457782,0.0038845450895646266,-0,0.005148254842817696,-0,0.0032084989832143057,0.0010868113572177433,0.004232972284309839,0.003187697703935032,0.006214371316084415,0.005143054328229515,0.0052418641943946355,0.00921521649229578,0.012153820229216194,0.00912159998770908,0.014749291548414057,0.016039273383099933,0.01494694797932523,0.03199504108396636,0.035158683215936286,0.027151087050402017,0.025481042091012415,0.026479941041068513,0.03158398987001743,0.03969634806867859,0.033389517512484854,0.033649685164522075,0.023108733985480374,0.02657358880142324,0.022598909968806032,0.024835930050308833,0.02040360242834328,0.01885861927433708,0.02190701394108068,0.03316577437281314,0.01989900692281063,0.019935420867528926,0.01973254350024748,0.03466435144516484,0.02297347406533756,0.02871192522061522,0.019935420867528926,0.024945182332989004,0.025876437297627643,0.026094946464808394,0.024232445386586157,0.031656834152052817,0.02911775081906758,0.03733900257180066,0.033982701658544,0.03348317771726721,0.0293831000382005,0.03493493246386896,0.025288548144338875,0.021594883408087653,0.024726677997167823,0.026271835510753603,0.028274885810422732,0.02635507762293479,0.022239955241367685,0.015102993060748082,0.0176361903851074,0.011623298952049702,0.01668947796998015,0.017360497628279455,0.013303301564821176,0.010359431833667443,0.012008186398478806,0.011503672353074815,0.010733907777395442,0.014692075353365513,0.010879538039362388,0.015482704714958174,0.014229146636033727,0.011893760103312842,0.02139720170624013,0.008377874855941806,0.00958968419605746
baden-wurttemberg,2020,12,2020-03-16,2020.204918032787,2020-03-22,2020.22131147541,male,0.0037545355403623185,0.0018564331375272125,0.0027560730365790635,0.0018356323991003999,9.1520805385195e-4,0.0028704792259572447,0.0067656401144341426,0.002995286265072126,0.003036888678013275,0.004118563097248782,0.005985544474694745,0.005049445154527776,0.007894199184880109,0.0049350341710758016,0.00993294862679645,0.00779538427865152,0.010437447432891652,0.009412851888795442,0.007316914757024442,0.013043235690132871,0.016169313650069517,0.013100450070966259,0.01494694797932523,0.019940622861716432,0.02429487450977393,0.017984709735555854,0.022754978014472772,0.03661568840391218,0.02865469366027251,0.035627001859946744,0.030824334152540277,0.023628967726507962,0.02966926247830991,0.028852402953970215,0.023889086548788227,0.022609314490611505,0.030657835751980618,0.02324919658263803,0.021298361137128553,0.030944005207223825,0.027260344197353025,0.033009675078052914,0.020351582046756276,0.036277451418165865,0.030532962301419123,0.016850729965688042,0.03393066769077411,0.033269840829649726,0.032317640514939114,0.03269227462379457,0.04073194863973225,0.032400892305874895,0.039347683170519544,0.032151137332912284,0.03725053914794925,0.03796345455015071,0.03810916109077172,0.028509013609085872,0.03260902236635017,0.0343365340202617,0.030626617361225725,0.02537178868248336,0.022614516752292035,0.024955587324263617,0.021480436015424785,0.02297347406533756,0.024367708581549036,0.02113189323487207,0.018582920036396472,0.016382580391894143,0.01074430992543354,0.018926243838959245,0.0216833202022213,0.01427595946508799,0.016694679639459004,0.0166634696304082,0.020798959029094562,0.009303632234718395,0.02297867636345579,0.020148703055823725,0.019826179109866764
baden-wurttemberg,2020,13,2020-03-23,2020.224043715847,2020-03-29,2020.24043715847,female,0.01001096358616428,0.004872628286199056,0.004820623439345829,0.0028964806677350525,0.008736733906195835,0.008908363023077718,0.007207699505114218,0.0010608108203087946,0.0032084989832143057,0.0043369808546132845,0.00528866893337292,0.006380791469564156,0.0031096929807496723,0.008227050776876028,0.011529678112048001,0.004092561044388847,0.019248762203203453,0.013178469782645783,0.01769861158958659,0.03775009928085571,0.03429490655862406,0.04497344257271275,0.041018173540948666,0.04952237391505408,0.04300617905444269,0.04333925547456869,0.04580096454427208,0.051151550224723376,0.051609602597251045,0.04023756388479322,0.03712044615096944,0.04094531614389493,0.03884810768958721,0.041642669703157664,0.026958586921457084,0.0392384006239477,0.037021575690936115,0.03542926680690537,0.03169845950189206,0.03027281024253846,0.03654283717493163,0.04468199142925907,0.03644917145906266,0.04148134080943615,0.03987848737792603,0.0523175096548341,0.046269379044268207,0.05774164676957327,0.05803317111956267,0.04749768599454951,0.05030312296570727,0.057882202948567024,0.04471842273285485,0.05699202023133503,0.04033123642481093,0.05940752221228488,0.04368794713770722,0.05546156626963049,0.05066747653441075,0.035439673896214906,0.0452492817666697,0.046134058866414286,0.03127700437403043,0.036688539734962146,0.0367509838142395,0.03564781611979677,0.027026222020690896,0.02728635783760315,0.02577758821411524,0.02244804463657235,0.027447642697634136,0.03009590758592735,0.02927383843104301,0.028337319786994587,0.018130360305438,0.033790176237861604,0.027369601573864595,0.02811359838457745,0.028155220898190492,0.027926297485577574,0.02865469366027251
baden-wurttemberg,2020,13,2020-03-23,2020.224043715847,2020-03-29,2020.24043715847,male,0.006568014778865976,0.005569498251956764,0.0027560730365790635,0.005512292156648544,0.005501891055171599,0.00669283069289289,0.0038689439265003588,0.003988552962963668,0.0010140098866259321,0.0030888917409951843,0.004987039132350607,0.006063553512041092,0.005923137329074769,0.005917936736990098,0.007946207105682173,0.010718304559228361,0.011384046029301662,0.01129042562004973,0.010062973624097329,0.02087178820446432,0.026677642066292553,0.03700596458285459,0.03363927843344811,0.024211635695512428,0.034305313420909346,0.03238007934564396,0.02702101931762926,0.032468534484154224,0.02933627360702296,0.041007765335118886,0.03339472085277219,0.030850349575781807,0.039347683170519544,0.03690709434049092,0.03618378618033077,0.035330399562349,0.032083495567505164,0.03414921070531789,0.030532962301419123,0.03958706478935528,0.027260344197353025,0.033779769478671215,0.03130822315525011,0.023654979550180276,0.04149695326115035,0.03691750172557168,0.04340170754085238,0.040398888919763454,0.047013646317099755,0.04632142536028055,0.0499335669539198,0.03851506003534658,0.050511324692360714,0.04249095566962163,0.047976525377567185,0.05497224695503578,0.051005807134158546,0.0524736669208155,0.043282007813029315,0.04599353443906463,0.038286091010411194,0.0373910399502511,0.05443087775946044,0.03670415074774868,0.03222398240944775,0.03610573194434553,0.03743266989050533,0.04319353427824543,0.04088807111781513,0.039519413350584745,0.03907707918923584,0.03785937869966785,0.04121072572456986,0.04165828220330925,0.03478923481730773,0.053342950939217225,0.048106645537029355,0.04387010042881188,0.05814249317216859,0.055721844376790224,0.045103555217730316
baden-wurttemberg,2020,14,2020-03-30,2020.2431693989072,2020-04-05,2020.25956284153,female,0.007004871788709344,0.0019500365634153166,0.0028912803783416852,0.0028964806677350525,0.0029120815390412773,0.00593873910845527,0.002059240773237899,0.0010608108203087946,0.0042745756874694165,0.0054238828604055945,0.0021164430699088742,0.004253773981728947,0.00414456516311655,0.006167565743876809,0.01047905580032977,0.011259218854422043,0.01722005093677563,0.020278753599968627,0.029502767776124154,0.03775009928085571,0.03517429376945432,0.03891575825500139,0.053582396993984635,0.04472883168142824,0.035039002461352296,0.04093490795264813,0.04421879565162494,0.051151550224723376,0.04553553153390438,0.046092421959464544,0.03221877918631392,0.03734941004332476,0.03390465072640886,0.03652722621056747,0.027686969540862572,0.03244251825132789,0.037021575690936115,0.0384422061453278,0.0368602611334012,0.03692270541889027,0.027770213918436898,0.046992827507310285,0.046753411793750844,0.0638275566407177,0.0478568151184324,0.03460190987156911,0.04391693994965605,0.06248953248001559,0.05435800156739953,0.0536917096899088,0.046992827507310285,0.04667534169070244,0.058439225616363104,0.06110989381410723,0.04955360365201052,0.051833425110400615,0.05001164194886134,0.0531243272434509,0.0548941645116886,0.051333729662363006,0.05342103105331768,0.036246229653478575,0.038926166042108,0.03956624895266614,0.03307211473972203,0.027900283525187867,0.02782224172209667,0.019014676094624178,0.02661000742044037,0.033675702001315866,0.02916457705346386,0.026557980829654097,0.022442842391546248,0.0293831000382005,0.01933719500735183,0.04646195067373005,0.03174528806028686,0.03784897112608203,0.04843975462895492,0.03258300606323596,0.07401745370143516
baden-wurttemberg,2020,14,2020-03-30,2020.2431693989072,2020-04-05,2020.25956284153,male,0.0046906115497633806,0.0018564331375272125,0.004591802731076329,0.0018356323991003999,0.0018356323991003999,0.0019136352111011434,0.0048310244045557,0.003988552962963668,0.0020228393444778857,0.004118563097248782,0.003988552962963668,0.008081427943217201,0.0029588841810546545,0.012824781360540272,0.007946207105682173,0.01266354184879604,0.008539101079383155,0.015997660566351175,0.02653717020791216,0.026963789618278017,0.02587123470959719,0.027749402811548553,0.02466424835557219,0.023498908803311888,0.02644352251313849,0.030220779986949105,0.03413360045953551,0.026942978834129074,0.033431144249339136,0.03495574644670323,0.026968992315613713,0.020346380011462703,0.031604802511616535,0.027510075680981037,0.037547152398046076,0.028259277327995398,0.029945020501444982,0.03269747789430752,0.024851537505207227,0.03022598301016301,0.028696316607004238,0.023795443622868267,0.03130822315525011,0.027598522535702004,0.025834816607981623,0.03129781689276104,0.03629826593837576,0.03406075270783216,0.040398888919763454,0.04427604434449943,0.04467158249006179,0.033009675078052914,0.041111847487164524,0.04364110782313006,0.03442499248688489,0.039097894830108997,0.037547152398046076,0.04505671462801884,0.04624856053244689,0.04292291028276753,0.031261394990446154,0.044073071990527624,0.042407687722980536,0.03009590758592735,0.038364148519280224,0.03774489550473253,0.029596420980512284,0.03399831185903285,0.04553553153390438,0.039519413350584745,0.03810395727872194,0.035866366351226676,0.028191640624939417,0.03927482811395119,0.030616211235144776,0.053342950939217225,0.03509624104874475,0.06382235025430076,0.04461433336172354,0.055721844376790224,0.07022139254879498
baden-wurttemberg,2020,15,2020-04-06,2020.2622950819673,2020-04-12,2020.27868852459,female,0.002002038539491907,0.002922482122514309,9.620088986114335e-4,9.672089950704858e-4,0.0019396361744404699,0.0019812377428207965,0.0030888917409951843,0.0031772970674157778,0.005345874782669774,0.0043369808546132845,0.0010556107144836049,0.003187697703935032,-0,0.00308369143235383,0.006287180067692691,0.0061415626664147295,0.004050957786852583,0.011149995322211734,0.019664917887047415,0.024534186842978888,0.03341553421911666,0.03286398282571445,0.026786898218492262,0.02635507762293479,0.02149604246322626,0.030496540934826247,0.03552813423943771,0.038166403057718554,0.029596420980512284,0.029258229648764095,0.025912855428392206,0.025137675008584763,0.026131364748605935,0.02264573033332204,0.016757099713756697,0.021126691121516255,0.019638908059230343,0.02185499205547191,0.03243211176184075,0.02289023736628031,0.029232215022036583,0.021563670457839468,0.029315461873366925,0.03908748700863085,0.024721475524169246,0.02655277817343493,0.03293682890085908,0.034794438297652816,0.04406786758160957,0.034414585600647966,0.032426908517881034,0.04169471138854916,0.039347683170519544,0.03583514483335566,0.03341553421911666,0.03843179845508518,0.027588117015573278,0.03443539937520457,0.031360254498927265,0.031771303944288475,0.03393066769077411,0.028992881066826102,0.024326089099468276,0.01870256292238956,0.013225281665846569,0.01782345422334967,0.01191976605737966,0.01488453007786929,0.018291616769384955,0.012086204471364761,0.012866391638280074,0.015045776476522381,0.015607542028834938,0.018889830600928397,0.009667698640431205,0.028155220898190492,0.028462187965017663,0.02811359838457745,0.030413292192685314,0.031651630985668644,0.08053232797249253
baden-wurttemberg,2020,15,2020-04-06,2020.2622950819673,2020-04-12,2020.27868852459,male,0.0046906115497633806,0.002782074421156427,0.003676529966864721,0.00642759723369247,0.006422396591155822,-0,0.0019344359807302181,0.005985544474694745,0.0060739547258630445,0.004118563097248782,0.008981175546833909,0.005049445154527776,0.0029588841810546545,0.008882358575019015,0.007946207105682173,0.006817646906522689,0.008539101079383155,0.008471490021595586,0.013724611042088825,0.024352101271867984,0.020211127276417346,0.022354404305684895,0.02690655998191206,0.022786191679816357,0.02143881884417873,0.028779562600412235,0.021329573928131205,0.02279659623909453,0.02456019911947642,0.022182730803672803,0.020549259773638633,0.02297347406533756,0.02192782270989646,0.01878579291847679,0.020476431049993696,0.013422932303940196,0.020674109251490356,0.02324919658263803,0.019878198965847294,0.024466554984993116,0.021522053219978347,0.013048436994883204,0.023478099405787368,0.02523652287566438,0.01722005093677563,0.014442405420821295,0.018145965747833594,0.022177528585189468,0.024971194815076394,0.0204296126386492,0.024960789820678786,0.02322838728504327,0.03170886584455822,0.020091480919435727,0.023701800865582573,0.024929574849977938,0.01905108942008456,0.027369601573864595,0.0225260783744583,0.023296017532670587,0.02488275242906322,0.02537178868248336,0.028269682982428317,0.02202146227260865,0.017641392149282988,0.01723045438239712,0.016533428127661683,0.017454128966685363,0.022297179742036412,0.021199520755890815,0.016606251329135777,0.026896154600248367,0.027109465340516947,0.020226733343279173,0.025049232339419344,0.028332116952747597,0.02339486189896438,0.02791068910778323,0.03244251825132789,0.049787827277014945,0.05476402736665739
baden-wurttemberg,2020,16,2020-04-13,2020.2814207650274,2020-04-19,2020.2978142076502,female,0.003000486564872446,0.0058503290871796815,-0,-0,9.724090920553305e-4,0.002969284773888745,0.0010296101931752911,-0,0.002137243920664269,0.0043369808546132845,0.0010556107144836049,0.004253773981728947,0.00414456516311655,0.00411336268563894,0.004191368914435681,0.005117051763078601,0.007093283772953485,0.007098484482587577,0.007862994457362991,0.017927489980436632,0.0211006805625262,0.026807708940176676,0.01674149468815487,0.022359606541863378,0.012736359630900538,0.013641389146411435,0.019737745474133737,0.01602887017579082,0.019727341526875847,0.023405266580030695,0.012606327948680246,0.014364383812731791,0.01624213634162231,0.017532155210811945,0.011654505936167873,0.010562272635097854,0.012086204471364761,0.009043586362624314,0.01326689226406136,0.014026291530446865,0.016809116499569208,0.016944360386214385,0.01663746130384459,0.019940622861716432,0.018338433255814884,0.02091860701391948,0.019602494322149867,0.01502497046150284,0.016153708800865068,0.011696115277466192,0.02250006711548699,0.017422918501815595,0.017880673863990084,0.01879619667735517,0.0190094741930718,0.02561630853388735,0.014364383812731791,0.022177528585189468,0.018088745815271322,0.017105613172310023,0.020107086950389725,0.017787041757538067,0.015982055768658562,0.017979507937036752,0.014697276823043805,0.011623298952049702,0.007150491607565198,0.012403479173694871,0.010806722857394844,0.011222810984862875,0.008575507069992844,0.00885115325451097,0.013656993241703807,0.006297581326245275,0.008461088328199601,0.016892343465108452,0.014229146636033727,0.010811923938442575,0.02027355157195497,0.01861413119750858,0.0438492828775338
baden-wurttemberg,2020,16,2020-04-13,2020.2814207650274,2020-04-19,2020.2978142076502,male,0.002813276099801863,0.002782074421156427,0.005512292156648544,9.204081456366061e-4,0.0027508727612272207,0.0038273408478713415,0.0019344359807302181,0.0019968383395411833,0.004050957786852583,0.002059240773237899,0.003988552962963668,0.00404055697766933,0.0019760375449502316,0.008882358575019015,9.93209485183359e-4,0.003894945867543119,0.0018980346393426264,0.004706212959348299,0.010978358806546596,0.017391708055678374,0.014551635868808968,0.016954763776679642,0.017937893567593784,0.018515295918255667,0.0142915637508084,0.018707764793239677,0.02204227108722312,0.01312125531596912,0.012960014884929158,0.014785701887127897,0.012200631190001126,0.020346380011462703,0.012252643418077446,0.012075802054883114,0.017063999502223974,0.012008186398478806,0.009979757588370606,0.010172194873091614,0.014197938106741774,0.012949612293649146,0.015779193824760788,0.0199562288473898,0.013303301564821176,0.014192736687016995,0.010957554418900645,0.012840385210793658,0.014203139526992608,0.0166322596400894,0.013953471941975461,0.014301966610554842,0.013792228930400247,0.018338433255814884,0.014093909811048093,0.01090554348620109,0.010718304559228361,0.011332034670019296,0.014567240237249476,0.014822112251336231,0.01837484610772913,0.01716803373988884,0.019139521888064857,0.018692159182244678,0.016252539591597902,0.01981577514491542,0.01227344832387483,0.00410296186397373,0.01044264847699852,0.004591802731076329,0.013932666363999407,0.009636492848641124,0.02051284539906611,0.014941746484672705,0.013012027872573672,0.01546710007179904,0.012523107842706004,0.018333231421905304,0.016897545154874634,0.023925503287740443,0.017573769255553245,0.017776638200561638,0.03228642112769874
baden-wurttemberg,2020,17,2020-04-20,2020.3005464480875,2020-04-26,2020.3169398907103,female,0.002002038539491907,0.002922482122514309,9.620088986114335e-4,-0,9.724090920553305e-4,9.880093861184358e-4,0.0030888917409951843,0.0031772970674157778,0.002137243920664269,0.0010868113572177433,0.004232972284309839,0.0010608108203087946,0.00206964118613459,-0,0.0031460951703395374,0.004092561044388847,0.002028039547028811,0.004056158192227219,0.00885115325451097,0.0094336556584391,0.02022153132046957,0.013833839982296826,0.01841125898514139,0.01836444243315097,0.007166093755198382,0.01925916605470958,0.020528451556473076,0.010681897068388959,0.013656993241703807,0.014629657757849308,0.011904162483377698,0.01580000014155917,0.007062079526054584,0.009496067017308214,0.009470062275339882,0.013578972812054932,0.010572674748807659,0.014317570904073767,0.00810743199074506,0.009594885155377441,0.010962755515028915,0.013865048293070885,0.012673944382853637,0.01834363509023906,0.019139521888064857,0.014484016992994944,0.01254391285671498,0.01106677754689829,0.016153708800865068,0.01720444577224309,0.017865068501209603,0.016174515267509723,0.01191976605737966,0.01233066185773503,0.013823437216201025,0.01804713135840781,0.014364383812731791,0.012252643418077446,0.018692159182244678,0.015883225492003324,0.013823437216201025,0.013833839982296826,0.006947664114295283,0.008632716535297642,0.008814747070922528,0.006973667594864792,0.006359988921251389,0.007441732468655598,0.008315464839132307,0.002589664483180265,0.006001146272799539,0.004425388302940482,0.01170651761799311,0.0031460951703395374,0.008461088328199601,0.007036076001273164,0.014229146636033727,0.010811923938442575,0.014640060685233372,0.015820806466682606,0.034825659190675325
baden-wurttemberg,2020,17,2020-04-20,2020.3005464480875,2020-04-26,2020.3169398907103,male,0.001877233884274619,0.004638606884943447,9.204081456366061e-4,0.003676529966864721,0.0027508727612272207,9.568088026666271e-4,0.0029016809576542517,0.002995286265072126,0.003036888678013275,0.0030888917409951843,9.98409584762529e-4,-0,9.880093861184358e-4,9.880093861184358e-4,0.0019864379412056275,0.003894945867543119,0.0028444777971750983,0.006588817410399463,0.011893760103312842,0.006958065504961515,0.008081427943217201,0.01387545106749112,0.015695968640823493,0.018515295918255667,0.010000561584818924,0.012949612293649146,0.01137364375328337,0.011742925826227591,0.008185444211358792,0.013443737677968907,0.016694679639459004,0.01312645662852338,0.009027983651655722,0.012746762179525249,0.007509342187557531,0.012715554539894168,0.010692299206028544,0.015982055768658562,0.0085182976676288,0.008632716535297642,0.005018242134080271,0.011514074655104551,0.005475888310578272,0.007883797606960438,0.012523107842706004,0.012034192409766177,0.02051284539906611,0.014255153758087736,0.00807622713526865,0.014301966610554842,0.006568014778865976,0.00855470364366793,0.014676470947463945,0.00918401097203835,0.00958968419605746,0.009064389984535487,0.010083777653838487,0.0079826126812,0.008892760352683118,0.011035570915488218,0.011482867755258098,0.008679524326452942,0.008476690869076719,0.013209677700095337,0.0053666769252910624,0.004919432692832402,0.002610465523232866,0.010104581691902875,0.010219004050034989,0.013490549799966361,0.009766517104661232,0.010957554418900645,0.006505606934198099,0.004758217691780449,0.006958065504961515,0.004997440130846761,0.010395839098741123,0.01595084618731619,0.021626096377077162,0.015404681545978773,0.024565401576333933
baden-wurttemberg,2020,18,2020-04-27,2020.3196721311476,2020-05-03,2020.3360655737704,female,0.003000486564872446,-0,0.0019292357875457782,0.003863743539848575,0.0029120815390412773,9.880093861184358e-4,0.002059240773237899,0.0021164430699088742,0.002137243920664269,0.0021684452123986444,0.0031720967499333595,0.0021268434942464864,0.0010348102963946028,0.0020540405675667285,0.002095642227474157,-0,0.004050957786852583,0.0010140098866259321,0.005897134373841046,0.0094336556584391,0.006151963895840346,0.008648319127665926,8.372067395304327e-4,0.008783541790988263,0.007961809492070508,0.00561630328583662,0.007894199184880109,0.008393477371845058,0.009105997253326543,0.004388985217780854,0.004903831219275663,0.010052571612347957,0.007062079526054584,0.005845128502376657,0.0014560203843819654,0.009808124935256148,0.00755094821210531,0.002262049199925457,0.00810743199074506,0.0044305887457612245,0.003655728500360734,0.006162365127346456,0.0055434954735562566,0.006380791469564156,0.002392055017686721,0.0072389038393971495,0.006271578183767644,0.007114086614622255,0.009542875585615106,0.00756655047989827,0.005954340892522614,0.006219571937816006,0.004768618644508019,0.005283468404741922,0.004607404111015946,0.00931403409665198,0.008045022298518056,0.007587353510900485,0.009043586362624314,0.005496690505210404,0.007540546702846017,0.006588817410399463,0.004170567241980617,0.007909801555657911,0.002204846743081171,0.0038741443136664456,0.007946207105682173,0.003307305173422107,0.003322906167983072,0.0043161791239144645,0.006001146272799539,0.002657267893771396,0.007805785838885855,0.0052470647188647915,0.006042751090638643,0.005631904973156666,0.009849732799143621,0.0032449012419726235,0.002251648748545568,0.0065160082364414396,0.012445089114310883
baden-wurttemberg,2020,18,2020-04-27,2020.3196721311476,2020-05-03,2020.3360655737704,male,0.0046906115497633806,9.256082379355073e-4,-0,0.0027560730365790635,0.003671329599461501,9.568088026666271e-4,9.672089950704858e-4,0.0019968383395411833,0.0010140098866259321,0.0030888917409951843,0.002995286265072126,0.003031688374572533,9.880093861184358e-4,0.0039469497886402685,0.003972951768688912,0.0019500365634153166,0.0028444777971750983,0.005647506665163499,0.0036609288662095077,0.006958065504961515,0.012122612945435263,0.007706971100667665,0.007472936943378171,0.007831789748571537,0.005002640630872101,0.0050338436419635705,0.007108885903421963,0.005527893812761903,0.00477381912164906,0.008065825520937807,0.0057775209472333035,0.004591802731076329,0.0038689439265003588,0.004695812019103001,0.010921146760551548,0.0021164430699088742,0.0049922396313357474,0.005808724423301436,0.0063911927468413045,0.00144041994990653,0.0043057782616826865,0.003837741614408134,0.005475888310578272,0.005517492708164296,0.0015652235567344159,0.011233213230708054,0.005522693260200158,0.003166896432976778,-0,0.006125960826174338,0.005252265243860826,0.00855470364366793,0.004695812019103001,0.004591802731076329,0.004513795901579035,0.006229973182845335,0.0039209478215878266,0.0034217125755785886,0.004742616266586923,0.003676529966864721,0.0038273408478713415,0.01001096358616428,0.0035309198760869213,0.007337717688158038,0.0038325412308768125,0.004919432692832402,0.005221062101703512,0.0027560730365790635,0.006500406283859512,0.005782721525274816,0.0039053466476019223,0.0029900859657976397,0.005418682318251812,0.004758217691780449,0.012523107842706004,0.011664908268371053,0.011696115277466192,0.01595084618731619,0.0027040703064400047,0.007108885903421963,0.011581689669017459
baden-wurttemberg,2020,19,2020-05-04,2020.3387978142077,2020-05-10,2020.3551912568305,female,0.006006346873211892,0.0019500365634153166,0.0028912803783416852,9.672089950704858e-4,9.724090920553305e-4,9.880093861184358e-4,0.002059240773237899,0.0010608108203087946,0.0010712110335134644,0.0021684452123986444,0.0010556107144836049,0.0021268434942464864,0.00206964118613459,-0,0.0010504106091842097,-0,0.004050957786852583,0.00810743199074506,0.005897134373841046,0.010380235982015222,0.005273067349034468,0.0060531523002996255,0.003348907835987936,0.00638599210793978,0.007166093755198382,0.00561630328583662,0.007894199184880109,0.006869653750619098,0.006068754118689121,0.004388985217780854,0.003499717766823437,0.004310978692535646,0.004238172707881602,0.002922482122514309,0.003640127405946399,0.004524196805412104,0.0030212877692570046,0.004518996353235525,0.0051586558735601425,0.0044305887457612245,0.005117051763078601,0.006162365127346456,0.003166896432976778,0.006380791469564156,0.004784220077497201,0.005631904973156666,0.003135694542141295,0.006323584481731828,0.003671329599461501,0.004815422957523926,0.006614820711516403,0.005600701603197585,0.005361476388858467,0.0041081622745491805,0.005184658459520951,0.004659408744630301,0.004597003190534185,0.004082160226884292,0.0018096314877705962,0.0036661292325725816,0.004399386096655418,0.00592833792167956,6.968046686044236e-4,0.005751518064810153,0.002204846743081171,0.0038741443136664456,7.956060864047533e-4,0.0049610366452090765,0.002496059905919493,0.0034529146380358157,0.0025740637086042453,0.002657267893771396,0.0039001462573153684,0.0052470647188647915,0.0024180562202402007,0.002813276099801863,0.0054706877632234,0.008648319127665926,0.0011284122433178158,0.010239808142200517,0.010499859996536744
baden-wurttemberg,2020,19,2020-05-04,2020.3387978142077,2020-05-10,2020.3551912568305,male,0.001877233884274619,9.256082379355073e-4,9.204081456366061e-4,0.004591802731076329,0.0018356323991003999,0.0028704792259572447,-0,0.002995286265072126,0.0020228393444778857,-0,9.98409584762529e-4,0.0010088097854867022,-0,-0,0.0029796853688030733,0.002922482122514309,0.0018980346393426264,0.001882434072264451,9.1520805385195e-4,0.006958065504961515,0.0032345005940119563,0.006167565743876809,0.002241248299245859,0.004981838633879792,0.0035725227175621927,0.0043161791239144645,0.007108885903421963,0.005527893812761903,0.003411311892253395,0.008065825520937807,0.0057775209472333035,0.003936549000260211,0.005803523842653571,0.004024955767797943,0.00546028667006821,0.007062079526054584,0.003562122004072948,0.0014508202390348668,0.003551721292663989,7.176049514830961e-4,0.0021528445641883763,0.002303651026246831,0.006261176930416317,0.0031512954852158663,0.007046477409624154,8.008061662232416e-4,0.006313183217977983,0.004753017216193921,0.003671329599461501,0.0034061115513737876,0.004597003190534185,0.0048882297503998065,0.002932882708067575,0.004019755365543792,0.0039469497886402685,0.003400911211008475,0.004482593202544671,0.0022828501089257784,0.001778430411332561,0.0012272144811884878,0.00127401560675402,0.0026676684262789594,0.0035309198760869213,0.002932882708067575,0.0038325412308768125,0.0016380257990398109,0.003478916371049182,0.0018356323991003999,0.002787274699628602,0.004815422957523926,0.0029276824150337995,9.98409584762529e-4,0.0021684452123986444,0.009516870820243991,0.0013936186745733149,0.006666827352765989,0.0026000650021664614,0.006646024690024559,0.013516556552617548,0.0035569216481055464,0.007717372643216724
baden-wurttemberg,2020,20,2020-05-11,2020.3579234972678,2020-05-17,2020.3743169398906,female,9.98409584762529e-4,9.724090920553305e-4,-0,-0,9.724090920553305e-4,0.002969284773888745,-0,0.0021164430699088742,0.0010712110335134644,-0,-0,-0,-0,0.0020540405675667285,-0,0.0010244100904702265,0.003036888678013275,-0,9.828092875793055e-4,0.003775337046391954,0.0035153188191119765,0.0060531523002996255,0.008367473181271885,0.003192898022971868,0.005574698809193734,0.00561630328583662,0.005527893812761903,0.003816940083414855,0.005309471053109519,0.002194446303142263,0.004201769753783715,0.0028704792259572447,0.0035309198760869213,0.0014612205302433198,0.0029120815390412773,0.004524196805412104,7.54005466554319e-4,0.0037701366691073185,0.005897134373841046,0.00369213107220637,7.332051691094672e-4,0.0038481423830252345,0.002376454302396363,0.002392055017686721,0.00717649518955648,0.004024955767797943,0.005486289406854119,0.00395215018360753,0.0029380830016271825,-0,0.004633406421319078,0.0012428148516948493,0.004768618644508019,0.004695812019103001,0.003458114983596041,0.0011648130459536755,0.002298450796139386,0.0064171959491335275,0.003016087467382218,0.0030524895914443187,0.003140894855977498,0.0032917041835359632,0.0020852418093770505,0.0050338436419635705,7.332051691094672e-4,0.003099292359832304,7.956060864047533e-4,-0,8.320066560718302e-4,8.632071646410181e-4,0.0034321132609840565,0.002657267893771396,0.0029276824150337995,0.00210084243730566,-0,0.004222571438720794,0.003281303526214121,-0,-0,9.308083307602005e-4,0.008216649132375735
baden-wurttemberg,2020,20,2020-05-11,2020.3579234972678,2020-05-17,2020.3743169398906,male,-0,9.256082379355073e-4,9.204081456366061e-4,-0,-0,-0,9.672089950704858e-4,-0,0.0010140098866259321,-0,-0,-0,0.0019760375449502316,9.880093861184358e-4,0.0029796853688030733,0.0019500365634153166,0.0018980346393426264,-0,0.0018304322157966753,8.684072512197225e-4,0.0016172251479788346,0.00308369143235383,0.005231463147008865,0.004981838633879792,0.004284976543460163,0.002158044779740347,0.0028444777971750983,6.916045991804607e-4,0.0020488403624213725,0.006047951695206187,0.0032084989832143057,6.552041277961948e-4,0.0025792639662742755,0.0033541081711525736,0.004092561044388847,0.0028236766635127155,0.003562122004072948,0.0014508202390348668,0.007810986619780369,0.0028756795132703814,7.176049514830961e-4,-0,0.004695812019103001,0.0031512954852158663,0.002350453120639017,0.0032084989832143057,0.0015756238708242005,0.003166896432976778,0.0014664206766304769,0.0027248713922515093,0.0013156166426210114,0.0048882297503998065,0.0041081622745491805,0.005741116915482853,0.0016900274630945603,0.0011336123564175387,0.002241248299245859,5.720031460221995e-4,0.001778430411332561,0.0024544579256640347,0.00255326268311309,0.002002038539491907,0.0014144192361890769,0.002199646522854582,0.002298450796139386,0.0016380257990398109,0.0017420291791526898,9.204081456366061e-4,0.0018564331375272125,0.0028912803783416852,9.776091895544216e-4,0.0029900859657976397,0.0021684452123986444,0.004758217691780449,0.0013936186745733149,0.0033333068336259724,0.0039001462573153684,0.005314671584346822,0.0027040703064400047,0.007108885903421963,0.006490004984736952
baden-wurttemberg,2020,21,2020-05-18,2020.377049180328,2020-05-24,2020.3934426229507,female,9.98409584762529e-4,9.724090920553305e-4,-0,0.0019292357875457782,-0,-0,0.0010296101931752911,0.0010608108203087946,-0,-0,0.0021164430699088742,-0,-0,0.0010296101931752911,-0,0.0010244100904702265,0.0010140098866259321,0.002028039547028811,9.828092875793055e-4,9.412085179638691e-4,0.004394185656960979,0.002594864742416224,8.372067395304327e-4,0.003192898022971868,0.005574698809193734,0.0032084989832143057,0.005527893812761903,0.0015236223211765214,0.001518422169069036,0.002194446303142263,0.0028028755381770093,-0,0.0021164430699088742,0.002189246083955761,0.003640127405946399,0.00150802186641993,0.002267249426398356,0.003016087467382218,0.0014716208235318897,7.384052426877714e-4,0.0014612205302433198,0.0023088512568800955,0.003166896432976778,0.002392055017686721,0.004784220077497201,0.004024955767797943,0.002350453120639017,0.0015808240286462535,0.0014664206766304769,0.0020644409794233374,0.0013208167744416161,0.0012428148516948493,5.980034385291251e-4,0.0011752132799592396,5.772032034858707e-4,5.824032614637801e-4,0.0011492126988483903,0.002917281830520651,0.002412855978691718,0.0024440574358006633,0.0012584152268872082,6.604041935742898e-4,0.001388418535472331,0.00144041994990653,0.0014716208235318897,-0,0.00238165454030451,8.268065731274711e-4,8.320066560718302e-4,-0,0.0017160283146203095,8.840075140874871e-4,-0,0.00210084243730566,-0,0.0014092190950022075,0.0010920114661630619,0.0032449012419726235,0.002251648748545568,-0,0.007649762653835953
baden-wurttemberg,2020,21,2020-05-18,2020.377049180328,2020-05-24,2020.3934426229507,male,9.360084240991387e-4,-0,9.204081456366061e-4,-0,0.0027508727612272207,-0,0.0019344359807302181,-0,-0,0.0010296101931752911,0.0019968383395411833,0.0010088097854867022,-0,-0,-0,-0,0.0018980346393426264,9.412085179638691e-4,0.0018304322157966753,-0,0.0032345005940119563,-0,0.0014924214163493834,0.0014248195201171272,0.0014300196628583084,0.002158044779740347,7.1240487998485e-4,6.916045991804607e-4,6.812044618983496e-4,0.0040301561705664,-0,0.0026260663087299776,0.0012896159913068346,0.0013416173069358463,0.0020488403624213725,0.0035309198760869213,7.1240487998485e-4,7.280050960454046e-4,0.0014196193778902011,7.176049514830961e-4,7.176049514830961e-4,0.002303651026246831,0.0015652235567344159,0.0023660538281344377,7.852059283220514e-4,0.0016068248255685408,0.0031564958006180316,0.001586024186994111,7.332051691094672e-4,0.002043640157790284,0.0019708373476054787,-0,0.002350453120639017,0.001721228486489026,0.0022568489739783763,0.0011336123564175387,5.616030326606649e-4,0.0011388124700430575,0.0029640844772087834,6.136036202688044e-4,6.396039335704413e-4,0.0013364171730351354,0.0021216432818147724,0.0014664206766304769,0.003068090509561685,0.002459658171372907,0.0017420291791526898,0.0027560730365790635,9.308083307602005e-4,-0,0.0029276824150337995,0.0019916381401162723,0.003250101566730168,0.003567322360554648,0.0013936186745733149,0.0033333068336259724,0.0013000162502735818,-0,-0,0.005923137329074769,0.0047374157925664535
baden-wurttemberg,2020,22,2020-05-25,2020.396174863388,2020-05-31,2020.4125683060108,female,-0,9.724090920553305e-4,-0,9.672089950704858e-4,0.0019396361744404699,0.0019812377428207965,-0,0.0010608108203087946,-0,0.0010868113572177433,0.0010556107144836049,-0,-0,-0,-0,0.0010244100904702265,-0,-0,-0,0.0018876342607685472,-0,0.0017316288317807886,0.003348907835987936,0.002397255257160785,7.956060864047533e-4,0.0032084989832143057,0.0023660538281344377,0.0030524895914443187,0.001518422169069036,7.332051691094672e-4,0.003499717766823437,0.0014352198061252915,7.07204809000845e-4,0.0014612205302433198,0.00218404586528353,0.00150802186641993,0.0030212877692570046,0.003016087467382218,0.002210046963827805,0.0014768209709591054,0.0014612205302433198,7.696056950952293e-4,-0,0.002392055017686721,0.0015964245052441485,0.0016068248255685408,0.004706212959348299,7.904060071005078e-4,0.0014664206766304769,6.864045302822849e-4,0.002646867363344045,0.0018668335098608409,0.0011908136348706493,0.002350453120639017,5.772032034858707e-4,0.0023296521845962968,0.001721228486489026,0.0017524295286047305,0.0012064139944565,0.0030524895914443187,6.292038066885943e-4,6.604041935742898e-4,6.968046686044236e-4,0.00144041994990653,0.0014716208235318897,7.748057723194122e-4,-0,8.268065731274711e-4,8.320066560718302e-4,8.632071646410181e-4,8.580070785765575e-4,8.840075140874871e-4,-0,0.0010504106091842097,0.003624526316206946,-0,-0,-0,0.002251648748545568,-0,0.003312505504420438
baden-wurttemberg,2020,22,2020-05-25,2020.396174863388,2020-05-31,2020.4125683060108,male,9.360084240991387e-4,0.0018564331375272125,9.204081456366061e-4,-0,-0,-0,9.672089950704858e-4,-0,-0,0.0010296101931752911,9.98409584762529e-4,-0,-0,9.880093861184358e-4,-0,0.0019500365634153166,9.464086123428451e-4,0.001882434072264451,9.1520805385195e-4,8.684072512197225e-4,8.060062465617456e-4,0.00308369143235383,0.0014924214163493834,0.0028496780818937227,0.002142444134650337,0.0035985245103836694,0.0014196193778902011,0.00206964118613459,-0,0.0013416173069358463,0.0012844158626006128,0.0026260663087299776,0.0012896159913068346,0.0013416173069358463,0.001362417847750506,0.0014144192361890769,0.0014248195201171272,0.0014508202390348668,7.1240487998485e-4,0.00144041994990653,7.176049514830961e-4,0.00153402262694581,0.0023452528858511536,0.0023660538281344377,7.852059283220514e-4,8.008061662232416e-4,0.0015756238708242005,7.904060071005078e-4,0.0014664206766304769,-0,0.0013156166426210114,0.0012220143587225675,0.0011752132799592396,5.720031460221995e-4,0.0016900274630945603,0.003400911211008475,0.0028028755381770093,5.720031460221995e-4,-0,6.136036202688044e-4,0.00127401560675402,6.656042598781713e-4,0.0035309198760869213,0.002199646522854582,0.00153402262694581,0.002459658171372907,8.684072512197225e-4,9.204081456366061e-4,9.308083307602005e-4,0.0038533427681110123,0.001955236758679912,-0,0.0010816112487982198,0.003567322360554648,-0,-0,0.0026000650021664614,0.001331217039648678,0.0027040703064400047,0.0035569216481055464,0.0024544579256640347
baden-wurttemberg,2020,23,2020-06-01,2020.4153005464482,2020-06-07,2020.431693989071,female,0.002002038539491907,0.0019500365634153166,9.620088986114335e-4,9.672089950704858e-4,-0,9.880093861184358e-4,-0,-0,0.0010712110335134644,-0,-0,0.0010608108203087946,-0,-0,0.0010504106091842097,-0,-0,-0,-0,-0,-0,0.002594864742416224,-0,-0,0.0023868547787384785,-0,0.0031564958006180316,-0,-0,0.0014612205302433198,0.0028028755381770093,0.0021528445641883763,7.07204809000845e-4,7.280050960454046e-4,0.0014560203843819654,-0,7.54005466554319e-4,0.002262049199925457,0.0014716208235318897,7.384052426877714e-4,0.0014612205302433198,7.696056950952293e-4,0.001586024186994111,7.956060864047533e-4,-0,0.0016068248255685408,7.852059283220514e-4,-0,0.0014664206766304769,0.001378018258824673,-0,6.240037440305762e-4,0.0011908136348706493,0.0011752132799592396,0.0011544128140282045,-0,5.720031460221995e-4,-0,6.032034985870817e-4,0.0012220143587225675,0.0012584152268872082,6.604041935742898e-4,-0,7.176049514830961e-4,0.0014716208235318897,-0,-0,-0,8.320066560718302e-4,-0,-0,-0,-0,-0,-0,0.0014092190950022075,-0,0.0010816112487982198,-0,0.0018616333234368946,0.0014820211189005771
baden-wurttemberg,2020,23,2020-06-01,2020.4153005464482,2020-06-07,2020.431693989071,male,9.360084240991387e-4,9.256082379355073e-4,-0,-0,9.1520805385195e-4,-0,9.672089950704858e-4,-0,0.0020228393444778857,-0,-0,-0,-0,-0,-0,9.724090920553305e-4,-0,9.412085179638691e-4,9.1520805385195e-4,0.0017368290052038353,8.060062465617456e-4,-0,7.488053914101972e-4,0.0014248195201171272,0.0014300196628583084,0.0035985245103836694,0.002132043707192469,0.00206964118613459,0.001362417847750506,-0,6.396039335704413e-4,0.0019708373476054787,0.003224099948131548,0.0013416173069358463,6.812044618983496e-4,0.0014144192361890769,7.1240487998485e-4,-0,-0,7.176049514830961e-4,7.176049514830961e-4,-0,0.0023452528858511536,-0,-0,-0,-0,0.001586024186994111,-0,0.001362417847750506,0.0013156166426210114,-0,5.876033199674743e-4,0.002298450796139386,-0,5.668030890843131e-4,0.0011180120186726644,0.0011388124700430575,0.001185613516044898,-0,-0,0.0013364171730351354,0.0014144192361890769,-0,7.644056183968352e-4,8.216064907089019e-4,8.684072512197225e-4,-0,-0,-0,-0,9.98409584762529e-4,0.0010816112487982198,-0,0.0013936186745733149,-0,0.0013000162502735818,0.001331217039648678,0.001352017576303122,-0,0.0015808240286462535
baden-wurttemberg,2020,24,2020-06-08,2020.4344262295083,2020-06-14,2020.450819672131,female,-0,-0,-0,-0,9.724090920553305e-4,-0,-0,-0,-0,-0,-0,0.0010608108203087946,-0,-0,-0,-0,-0,0.0010140098866259321,9.828092875793055e-4,9.412085179638691e-4,0.0017576297041079169,0.004321379555807597,0.0016744269584206722,0.0015964245052441485,-0,0.0016068248255685408,0.0031564958006180316,0.0015236223211765214,-0,-0,-0,7.176049514830961e-4,7.07204809000845e-4,0.0014612205302433198,0.00218404586528353,7.54005466554319e-4,0.00150802186641993,0.002262049199925457,7.384052426877714e-4,7.384052426877714e-4,7.332051691094672e-4,7.696056950952293e-4,-0,-0,-0,0.0016068248255685408,-0,0.0015808240286462535,0.0014664206766304769,0.0034425139484697983,6.604041935742898e-4,0.0012428148516948493,5.980034385291251e-4,-0,5.772032034858707e-4,0.0011648130459536755,-0,0.0011648130459536755,0.0012064139944565,6.084035591650503e-4,0.0012584152268872082,-0,-0,-0,7.332051691094672e-4,-0,-0,-0,8.320066560718302e-4,8.632071646410181e-4,8.580070785765575e-4,8.840075140874871e-4,0.0019500365634153166,0.0010504106091842097,-0,0.0014092190950022075,-0,-0,0.0011284122433178158,-0,0.0011388124700430575
baden-wurttemberg,2020,24,2020-06-08,2020.4344262295083,2020-06-14,2020.450819672131,male,-0,9.256082379355073e-4,-0,-0,-0,0.0019136352111011434,-0,-0,0.0020228393444778857,0.0010296101931752911,9.98409584762529e-4,-0,-0,9.880093861184358e-4,-0,-0,9.464086123428451e-4,-0,-0,8.684072512197225e-4,8.060062465617456e-4,0.004623005495636393,-0,0.002137243920664269,0.002142444134650337,0.002158044779740347,7.1240487998485e-4,6.916045991804607e-4,0.001362417847750506,0.0013416173069358463,6.396039335704413e-4,6.552041277961948e-4,0.003224099948131548,6.708043266962928e-4,6.812044618983496e-4,0.0014144192361890769,-0,7.280050960454046e-4,7.1240487998485e-4,0.00144041994990653,-0,-0,7.800058500578373e-4,7.904060071005078e-4,-0,8.008061662232416e-4,0.0023660538281344377,-0,-0,0.002043640157790284,6.552041277961948e-4,-0,0.002932882708067575,0.0011492126988483903,5.616030326606649e-4,-0,-0,0.0011388124700430575,0.001778430411332561,-0,-0,-0,-0,0.0014664206766304769,-0,8.216064907089019e-4,-0,9.204081456366061e-4,-0,9.620088986114335e-4,-0,-0,0.0021684452123986444,0.0011908136348706493,-0,-0,-0,0.001331217039648678,0.001352017576303122,0.001185613516044898,7.020047385426273e-4
baden-wurttemberg,2020,25,2020-06-15,2020.4535519125684,2020-06-21,2020.4699453551912,female,9.98409584762529e-4,9.724090920553305e-4,-0,-0,-0,0.0019812377428207965,-0,0.0010608108203087946,0.0010712110335134644,0.0010868113572177433,0.0010556107144836049,0.003187697703935032,0.0010348102963946028,-0,0.0010504106091842097,0.0010244100904702265,0.0010140098866259321,-0,-0,9.412085179638691e-4,-0,-0,0.002511660657093224,0.0015964245052441485,7.956060864047533e-4,0.002407655737663283,-0,0.0015236223211765214,-0,-0,-0,7.176049514830961e-4,0.0014144192361890769,-0,7.280050960454046e-4,0.002262049199925457,0.002267249426398356,0.00150802186641993,0.0014716208235318897,0.0022152471851002564,0.0014612205302433198,0.0015392227806076137,0.003166896432976778,7.956060864047533e-4,0.002392055017686721,-0,7.852059283220514e-4,-0,7.332051691094672e-4,0.001378018258824673,0.0019864379412056275,6.240037440305762e-4,5.980034385291251e-4,0.0011752132799592396,5.772032034858707e-4,5.824032614637801e-4,5.720031460221995e-4,5.824032614637801e-4,0.0012064139944565,6.084035591650503e-4,6.292038066885943e-4,0.0013156166426210114,-0,-0,-0,-0,0.0015912243458562276,8.268065731274711e-4,8.320066560718302e-4,-0,8.580070785765575e-4,-0,-0,0.00210084243730566,0.0012064139944565,0.002813276099801863,0.003281303526214121,-0,-0,-0,8.008061662232416e-4
baden-wurttemberg,2020,25,2020-06-15,2020.4535519125684,2020-06-21,2020.4699453551912,male,-0,-0,0.0018356323991003999,-0,-0,-0,9.672089950704858e-4,0.003988552962963668,-0,-0,9.98409584762529e-4,0.0010088097854867022,0.0019760375449502316,9.880093861184358e-4,0.0019864379412056275,0.002922482122514309,9.464086123428451e-4,-0,9.1520805385195e-4,8.684072512197225e-4,8.060062465617456e-4,0.00308369143235383,-0,0.0014248195201171272,7.1240487998485e-4,0.00144041994990653,7.1240487998485e-4,0.00206964118613459,6.812044618983496e-4,0.0026884694975347276,6.396039335704413e-4,0.00131041651131466,-0,-0,0.0020488403624213725,0.0028236766635127155,-0,-0,-0,7.176049514830961e-4,0.0014352198061252915,7.696056950952293e-4,7.800058500578373e-4,0.0023660538281344377,0.0031304942288193816,8.008061662232416e-4,7.904060071005078e-4,-0,-0,6.812044618983496e-4,6.552041277961948e-4,0.0012220143587225675,5.876033199674743e-4,-0,0.0022568489739783763,0.0011336123564175387,0.0011180120186726644,-0,5.928033789854071e-4,6.136036202688044e-4,-0,6.656042598781713e-4,-0,7.332051691094672e-4,7.644056183968352e-4,-0,-0,-0,0.0018564331375272125,-0,0.001955236758679912,-0,-0,0.00238165454030451,-0,-0,-0,-0,-0,-0,0.0012272144811884878
baden-wurttemberg,2020,26,2020-06-22,2020.4726775956285,2020-06-28,2020.4890710382513,female,-0,-0,0.0019292357875457782,9.672089950704858e-4,9.724090920553305e-4,9.880093861184358e-4,0.002059240773237899,-0,0.0010712110335134644,0.0010868113572177433,0.0010556107144836049,0.004253773981728947,0.0010348102963946028,0.0010296101931752911,0.0031460951703395374,0.0010244100904702265,0.004050957786852583,0.002028039547028811,0.001965637150774993,-0,0.0017576297041079169,0.002594864742416224,8.372067395304327e-4,-0,7.956060864047533e-4,0.002407655737663283,7.904060071005078e-4,-0,0.003036888678013275,0.0029276824150337995,0.00210084243730566,0.0014352198061252915,7.07204809000845e-4,7.280050960454046e-4,0.0014560203843819654,7.54005466554319e-4,7.54005466554319e-4,-0,0.002210046963827805,-0,0.002194446303142263,0.0015392227806076137,0.002376454302396363,0.0015964245052441485,0.0015964245052441485,0.004024955767797943,0.001570423713516406,7.904060071005078e-4,7.332051691094672e-4,0.0027508727612272207,6.604041935742898e-4,6.240037440305762e-4,0.0011908136348706493,0.0017628298801369115,0.0011544128140282045,0.0017472293536158062,0.0028704792259572447,0.0011648130459536755,0.0018096314877705962,-0,-0,6.604041935742898e-4,6.968046686044236e-4,-0,7.332051691094672e-4,-0,-0,8.268065731274711e-4,8.320066560718302e-4,-0,-0,-0,-0,0.0010504106091842097,-0,0.0014092190950022075,-0,0.0010816112487982198,-0,-0,0.0015964245052441485
baden-wurttemberg,2020,26,2020-06-22,2020.4726775956285,2020-06-28,2020.4890710382513,male,9.360084240991387e-4,9.256082379355073e-4,9.204081456366061e-4,-0,9.1520805385195e-4,-0,-0,-0,0.0010140098866259321,0.004118563097248782,9.98409584762529e-4,0.0020228393444778857,0.0019760375449502316,-0,0.0029796853688030733,9.724090920553305e-4,-0,0.0037649362923369853,9.1520805385195e-4,0.002610465523232866,0.002423256462314505,7.696056950952293e-4,7.488053914101972e-4,-0,7.1240487998485e-4,7.176049514830961e-4,0.002132043707192469,0.00206964118613459,0.0027300716650088515,-0,0.0032084989832143057,0.0026260663087299776,0.0038689439265003588,0.0013416173069358463,0.001362417847750506,0.0014144192361890769,0.002137243920664269,0.0014508202390348668,0.0014196193778902011,7.176049514830961e-4,7.176049514830961e-4,7.696056950952293e-4,0.0015652235567344159,7.904060071005078e-4,0.0015652235567344159,0.002407655737663283,0.0023660538281344377,0.002376454302396363,0.004404586536875719,0.001362417847750506,0.0019708373476054787,0.0030576898969653043,5.876033199674743e-4,0.0011492126988483903,0.0016900274630945603,5.668030890843131e-4,5.616030326606649e-4,5.720031460221995e-4,5.928033789854071e-4,6.136036202688044e-4,6.396039335704413e-4,-0,7.07204809000845e-4,7.332051691094672e-4,7.644056183968352e-4,8.216064907089019e-4,8.684072512197225e-4,-0,9.308083307602005e-4,9.620088986114335e-4,0.004883029261810867,-0,0.0010816112487982198,-0,0.0013936186745733149,0.0033333068336259724,0.0026000650021664614,-0,-0,0.001185613516044898,0.0015808240286462535
baden-wurttemberg,2020,27,2020-06-29,2020.4918032786886,2020-07-05,2020.5081967213114,female,9.98409584762529e-4,9.724090920553305e-4,0.003858543153722642,-0,-0,-0,0.0010296101931752911,0.0010608108203087946,0.0010712110335134644,-0,0.0010556107144836049,0.0010608108203087946,-0,-0,-0,-0,0.0010140098866259321,0.0010140098866259321,9.828092875793055e-4,-0,8.788074259429569e-4,8.632071646410181e-4,0.002511660657093224,8.008061662232416e-4,7.956060864047533e-4,0.0032084989832143057,-0,0.0015236223211765214,0.001518422169069036,0.002194446303142263,0.0028028755381770093,0.0028704792259572447,0.0014144192361890769,0.0014612205302433198,-0,0.00150802186641993,7.54005466554319e-4,7.54005466554319e-4,0.004420187860645602,-0,0.0014612205302433198,7.696056950952293e-4,0.001586024186994111,7.956060864047533e-4,7.956060864047533e-4,8.060062465617456e-4,0.001570423713516406,0.0023712540650024897,0.0014664206766304769,0.001378018258824673,-0,0.0012428148516948493,5.980034385291251e-4,0.0011752132799592396,5.772032034858707e-4,5.824032614637801e-4,0.001721228486489026,-0,6.032034985870817e-4,6.084035591650503e-4,-0,0.002636466834996906,0.001388418535472331,-0,-0,7.748057723194122e-4,-0,-0,-0,-0,-0,-0,-0,-0,-0,-0,-0,-0,0.0011284122433178158,9.308083307602005e-4,5.720031460221995e-4
baden-wurttemberg,2020,27,2020-06-29,2020.4918032786886,2020-07-05,2020.5081967213114,male,0.001877233884274619,-0,0.0018356323991003999,0.0018356323991003999,0.0018356323991003999,9.568088026666271e-4,9.672089950704858e-4,-0,0.0010140098866259321,0.002059240773237899,0.0019968383395411833,0.003031688374572533,-0,-0,0.0019864379412056275,9.724090920553305e-4,9.464086123428451e-4,9.412085179638691e-4,0.0018304322157966753,0.0017368290052038353,-0,7.696056950952293e-4,-0,0.0014248195201171272,7.1240487998485e-4,0.0028756795132703814,0.002132043707192469,0.002761273312456735,0.0027300716650088515,0.002017639142452774,6.396039335704413e-4,6.552041277961948e-4,6.448039977942706e-4,0.0013416173069358463,0.001362417847750506,-0,0.0014248195201171272,0.0014508202390348668,7.1240487998485e-4,0.0028756795132703814,0.0028704792259572447,0.00153402262694581,7.800058500578373e-4,0.0023660538281344377,-0,0.00400935456260728,7.904060071005078e-4,0.001586024186994111,7.332051691094672e-4,-0,-0,-0,0.0017628298801369115,0.001721228486489026,-0,5.668030890843131e-4,0.0016796271261233435,5.720031460221995e-4,-0,0.0024544579256640347,6.396039335704413e-4,6.656042598781713e-4,0.0014144192361890769,7.332051691094672e-4,7.644056183968352e-4,8.216064907089019e-4,0.0017420291791526898,9.204081456366061e-4,9.308083307602005e-4,-0,-0,-0,0.0021684452123986444,-0,0.0013936186745733149,-0,-0,-0,-0,-0,8.788074259429569e-4
baden-wurttemberg,2020,28,2020-07-06,2020.5109289617487,2020-07-12,2020.5273224043715,female,9.98409584762529e-4,0.002922482122514309,0.0019292357875457782,9.672089950704858e-4,9.724090920553305e-4,-0,0.0030888917409951843,0.0010608108203087946,-0,-0,0.0010556107144836049,-0,0.00206964118613459,0.0020540405675667285,0.0010504106091842097,0.0010244100904702265,0.0010140098866259321,0.002028039547028811,9.828092875793055e-4,9.412085179638691e-4,8.788074259429569e-4,8.632071646410181e-4,0.0016744269584206722,8.008061662232416e-4,0.0015912243458562276,-0,-0,0.0022880503374788598,0.001518422169069036,7.332051691094672e-4,0.0013988188142001,-0,0.0021164430699088742,0.002922482122514309,0.0029120815390412773,-0,0.00150802186641993,0.00150802186641993,7.384052426877714e-4,0.0014768209709591054,0.002922482122514309,-0,0.002376454302396363,-0,0.0015964245052441485,8.060062465617456e-4,-0,0.00395215018360753,7.332051691094672e-4,0.001378018258824673,6.604041935742898e-4,0.0012428148516948493,0.0011908136348706493,0.0011752132799592396,-0,5.824032614637801e-4,5.720031460221995e-4,5.824032614637801e-4,-0,6.084035591650503e-4,-0,0.0013156166426210114,6.968046686044236e-4,-0,-0,7.748057723194122e-4,0.0015912243458562276,8.268065731274711e-4,-0,0.0017264286588720033,-0,-0,9.776091895544216e-4,-0,-0,0.0014092190950022075,-0,-0,-0,-0,5.720031460221995e-4
baden-wurttemberg,2020,28,2020-07-06,2020.5109289617487,2020-07-12,2020.5273224043715,male,-0,9.256082379355073e-4,9.204081456366061e-4,-0,0.0027508727612272207,-0,9.672089950704858e-4,-0,0.0020228393444778857,0.002059240773237899,-0,0.0010088097854867022,9.880093861184358e-4,9.880093861184358e-4,9.93209485183359e-4,0.003894945867543119,9.464086123428451e-4,0.001882434072264451,9.1520805385195e-4,0.003478916371049182,0.0032345005940119563,0.0015392227806076137,0.005231463147008865,7.1240487998485e-4,0.0014300196628583084,7.176049514830961e-4,0.0014196193778902011,0.002761273312456735,0.0027300716650088515,0.002017639142452774,0.0019240355948756038,6.552041277961948e-4,6.448039977942706e-4,0.0033541081711525736,0.0020488403624213725,-0,7.1240487998485e-4,0.004357782593639265,7.1240487998485e-4,0.002158044779740347,0.0014352198061252915,0.003837741614408134,0.0015652235567344159,7.904060071005078e-4,0.005481088858459028,0.002407655737663283,7.904060071005078e-4,0.003166896432976778,0.0029380830016271825,6.812044618983496e-4,0.0019708373476054787,6.136036202688044e-4,0.0017628298801369115,0.0011492126988483903,5.616030326606649e-4,0.0011336123564175387,-0,0.001710828143277401,0.0023712540650024897,0.0012272144811884878,6.396039335704413e-4,6.656042598781713e-4,-0,7.332051691094672e-4,0.00153402262694581,8.216064907089019e-4,0.0017420291791526898,0.0018356323991003999,9.308083307602005e-4,0.0019292357875457782,9.776091895544216e-4,-0,0.0021684452123986444,-0,-0,-0,-0,0.001331217039648678,0.0027040703064400047,-0,-0
baden-wurttemberg,2020,29,2020-07-13,2020.5300546448088,2020-07-19,2020.5464480874316,female,9.98409584762529e-4,9.724090920553305e-4,-0,9.672089950704858e-4,9.724090920553305e-4,0.0019812377428207965,0.002059240773237899,0.0021164430699088742,0.002137243920664269,0.0010868113572177433,0.0010556107144836049,-0,0.0031096929807496723,0.005143054328229515,-0,0.0061415626664147295,-0,0.01013578776460552,0.001965637150774993,0.003775337046391954,0.002636466834996906,0.0060531523002996255,0.003348907835987936,0.002397255257160785,0.003182497385412486,0.0032084989832143057,0.006313183217977983,-0,7.59205542212683e-4,0.003655728500360734,0.005600701603197585,0.0028704792259572447,0.0021164430699088742,0.0036505281350378074,7.280050960454046e-4,0.002262049199925457,0.002267249426398356,0.002262049199925457,0.004420187860645602,0.0014768209709591054,0.0043837847791265904,0.0015392227806076137,-0,0.002392055017686721,0.002392055017686721,0.002412855978691718,0.001570423713516406,-0,7.332051691094672e-4,6.864045302822849e-4,0.003307305173422107,0.0031096929807496723,0.003577723075084036,0.0011752132799592396,0.0028808798011093497,0.0023296521845962968,0.002298450796139386,5.824032614637801e-4,0.0012064139944565,6.084035591650503e-4,-0,0.0013156166426210114,6.968046686044236e-4,-0,-0,-0,0.0015912243458562276,0.001653626292798774,-0,8.632071646410181e-4,-0,-0,-0,-0,0.0012064139944565,-0,0.002189246083955761,-0,0.0011284122433178158,9.308083307602005e-4,4.576020134534245e-4
baden-wurttemberg,2020,29,2020-07-13,2020.5300546448088,2020-07-19,2020.5464480874316,male,0.001877233884274619,0.00371293255327242,0.0018356323991003999,0.0018356323991003999,0.0027508727612272207,0.0028704792259572447,0.0019344359807302181,0.002995286265072126,0.0010140098866259321,-0,0.003988552962963668,0.0020228393444778857,0.0019760375449502316,0.0019708373476054787,9.93209485183359e-4,-0,0.0018980346393426264,0.0028236766635127155,0.0027456724863896592,0.0017368290052038353,0.0016172251479788346,0.0038533427681110123,0.0029900859657976397,0.004981838633879792,0.0028600786528853693,0.00144041994990653,0.0014196193778902011,0.0013832183968856015,0.001362417847750506,0.004706212959348299,0.0025688634514484925,0.0019708373476054787,0.0012896159913068346,0.004024955767797943,6.812044618983496e-4,0.0021164430699088742,0.0028496780818937227,0.0021788456471371156,0.002132043707192469,0.0035985245103836694,0.0014352198061252915,0.002303651026246831,0.0015652235567344159,0.0039417493941873135,0.0039157474297410386,0.002407655737663283,0.0023660538281344377,0.0055434954735562566,0.0014664206766304769,0.002043640157790284,0.0026260663087299776,0.0030576898969653043,0.0011752132799592396,0.0011492126988483903,5.616030326606649e-4,0.0017004278021459124,0.0028028755381770093,0.001710828143277401,0.001185613516044898,0.0012272144811884878,0.00127401560675402,0.0013364171730351354,0.0014144192361890769,0.002932882708067575,-0,8.216064907089019e-4,-0,0.0018356323991003999,9.308083307602005e-4,9.620088986114335e-4,-0,9.98409584762529e-4,-0,-0,-0,0.0016640266245696565,-0,0.002657267893771396,0.001352017576303122,-0,5.252026522785282e-4
baden-wurttemberg,2020,30,2020-07-20,2020.549180327869,2020-07-26,2020.5655737704917,female,9.98409584762529e-4,9.724090920553305e-4,0.0019292357875457782,-0,9.724090920553305e-4,-0,-0,0.004232972284309839,0.0032084989832143057,0.0032553018920135506,0.0021164430699088742,0.0010608108203087946,0.0031096929807496723,0.006167565743876809,0.0031460951703395374,0.0061415626664147295,0.004050957786852583,0.003042088981968304,0.00688005512568118,0.005663108361845575,0.0017576297041079169,0.003458114983596041,0.005023442636186012,0.003993753362091565,0.0023868547787384785,0.002407655737663283,0.0031564958006180316,0.0030524895914443187,0.0045501990741136835,0.004388985217780854,0.0028028755381770093,0.0028704792259572447,0.0028236766635127155,0.0014612205302433198,0.00218404586528353,7.54005466554319e-4,0.006042751090638643,0.002262049199925457,0.0036869307032371557,7.384052426877714e-4,0.003655728500360734,0.0030784911242383115,0.007129688751332439,-0,0.004784220077497201,0.004825823921693603,0.002350453120639017,0.005533094365837986,0.002204846743081171,0.001378018258824673,0.0013208167744416161,0.0018668335098608409,0.0029796853688030733,0.0017628298801369115,0.0028808798011093497,0.0017472293536158062,0.002298450796139386,0.0023348524178297934,6.032034985870817e-4,0.0018304322157966753,0.0012584152268872082,0.0013156166426210114,0.001388418535472331,0.00144041994990653,0.0014716208235318897,-0,-0,-0,0.0016640266245696565,8.632071646410181e-4,0.0017160283146203095,8.840075140874871e-4,9.776091895544216e-4,-0,0.0012064139944565,-0,0.002189246083955761,0.0021632449958065873,-0,-0,4.576020134534245e-4
baden-wurttemberg,2020,30,2020-07-20,2020.549180327869,2020-07-26,2020.5655737704917,male,9.360084240991387e-4,0.0018564331375272125,0.0027560730365790635,-0,0.0027508727612272207,0.0028704792259572447,0.0019344359807302181,0.0019968383395411833,0.003036888678013275,0.0030888917409951843,0.0019968383395411833,0.00404055697766933,0.0029588841810546545,-0,0.003972951768688912,-0,9.464086123428451e-4,0.0028236766635127155,0.0036609288662095077,8.684072512197225e-4,0.0032345005940119563,0.002314051488027633,0.003738934416303768,0.0014248195201171272,0.0035725227175621927,0.0028756795132703814,0.004264174833559011,0.005527893812761903,0.001362417847750506,0.002017639142452774,0.0012844158626006128,0.003936549000260211,0.0051586558735601425,0.004695812019103001,0.003411311892253395,-0,0.002137243920664269,0.0021788456471371156,0.002839277512982304,0.0035985245103836694,0.0035881237916937088,0.003068090509561685,0.0039105470384143285,0.0015756238708242005,0.0039157474297410386,0.002407655737663283,0.005522693260200158,0.003166896432976778,0.0051378538141556625,0.005449885578993458,6.552041277961948e-4,0.0012220143587225675,0.0035205191709188123,0.004019755365543792,0.0033853101930444904,5.668030890843131e-4,0.0016796271261233435,0.001710828143277401,0.0035569216481055464,6.136036202688044e-4,0.00127401560675402,6.656042598781713e-4,0.0028236766635127155,7.332051691094672e-4,0.00153402262694581,8.216064907089019e-4,0.0017420291791526898,-0,0.002787274699628602,0.0019292357875457782,-0,-0,0.0043369808546132845,0.00238165454030451,0.0013936186745733149,-0,0.0039001462573153684,-0,0.001352017576303122,0.001185613516044898,0.0010504106091842097
baden-wurttemberg,2020,31,2020-07-27,2020.568306010929,2020-08-02,2020.5846994535518,female,9.98409584762529e-4,-0,9.620088986114335e-4,9.672089950704858e-4,-0,9.880093861184358e-4,0.0010296101931752911,-0,-0,0.0032553018920135506,0.0031720967499333595,0.007441732468655598,0.00206964118613459,0.0010296101931752911,0.004191368914435681,0.0061415626664147295,0.004050957786852583,0.003042088981968304,0.00885115325451097,0.0018876342607685472,0.006151963895840346,0.0060531523002996255,0.004186168495544676,0.003993753362091565,0.006370390194367517,0.008024219084426654,0.006313183217977983,0.0030524895914443187,0.001518422169069036,0.002194446303142263,0.00210084243730566,0.0021528445641883763,0.0035309198760869213,0.0036505281350378074,0.003640127405946399,0.0037701366691073185,0.0067968441834456396,0.005273067349034468,0.0036869307032371557,7.384052426877714e-4,0.002194446303142263,0.0015392227806076137,0.003166896432976778,0.00557989936695659,0.002392055017686721,0.002412855978691718,0.0039209478215878266,-0,0.0014664206766304769,0.001378018258824673,0.003967751371641334,0.0012428148516948493,0.003577723075084036,0.0011752132799592396,0.0028808798011093497,0.0029120815390412773,5.720031460221995e-4,0.0023348524178297934,0.0018096314877705962,0.0012220143587225675,6.292038066885943e-4,0.0013156166426210114,0.001388418535472331,0.00144041994990653,0.0014716208235318897,-0,-0,0.001653626292798774,8.320066560718302e-4,8.632071646410181e-4,8.580070785765575e-4,0.0017680300566801682,9.776091895544216e-4,0.0010504106091842097,0.0012064139944565,-0,0.0010920114661630619,-0,0.003380109854759449,9.308083307602005e-4,9.1520805385195e-4
baden-wurttemberg,2020,31,2020-07-27,2020.568306010929,2020-08-02,2020.5846994535518,male,0.002813276099801863,0.0018564331375272125,9.204081456366061e-4,9.204081456366061e-4,9.1520805385195e-4,-0,0.0019344359807302181,0.002995286265072126,-0,0.002059240773237899,9.98409584762529e-4,0.0020228393444778857,0.0019760375449502316,0.007894199184880109,9.93209485183359e-4,9.724090920553305e-4,9.464086123428451e-4,0.006588817410399463,0.004576201355811764,0.0043473817230861005,0.00404055697766933,0.0038533427681110123,0.0029900859657976397,0.0014248195201171272,0.0028600786528853693,0.0035985245103836694,0.0035569216481055464,0.0034529146380358157,0.0054550861242678925,0.0026884694975347276,0.0057775209472333035,0.003281303526214121,0.0019344359807302181,0.0060375504865854464,0.0020488403624213725,0.004238172707881602,0.002137243920664269,0.003629726678935282,0.003551721292663989,0.0035985245103836694,0.0043057782616826865,0.00153402262694581,0.004695812019103001,0.0039417493941873135,0.0039157474297410386,0.004815422957523926,0.0039417493941873135,0.0039573505791006425,0.0029380830016271825,0.004087360635379416,0.0026260663087299776,0.0012220143587225675,0.002350453120639017,0.0028704792259572447,0.0016900274630945603,0.002267249426398356,5.616030326606649e-4,0.0011388124700430575,0.001185613516044898,0.0018408325829299343,0.00255326268311309,0.0013364171730351354,-0,0.002199646522854582,0.003068090509561685,0.0016380257990398109,-0,9.204081456366061e-4,9.308083307602005e-4,-0,9.776091895544216e-4,9.98409584762529e-4,-0,0.00238165454030451,-0,-0,0.0013000162502735818,-0,-0,-0,5.252026522785282e-4
baden-wurttemberg,2020,32,2020-08-03,2020.5874316939892,2020-08-09,2020.603825136612,female,-0,0.0019500365634153166,0.0019292357875457782,0.0028964806677350525,-0,9.880093861184358e-4,0.004118563097248782,0.0021164430699088742,0.002137243920664269,0.0010868113572177433,0.0010556107144836049,0.0021268434942464864,0.00206964118613459,0.0010296101931752911,0.0031460951703395374,-0,0.003036888678013275,0.002028039547028811,0.007862994457362991,0.005663108361845575,0.002636466834996906,0.005189858978269959,0.003348907835987936,0.002397255257160785,0.005574698809193734,0.008024219084426654,0.0047374157925664535,7.644056183968352e-4,0.0022776498808985165,0.0029276824150337995,0.00210084243730566,0.007181695907518631,0.0035309198760869213,0.0014612205302433198,0.004373383903372552,0.002262049199925457,7.54005466554319e-4,0.0037701366691073185,0.0014716208235318897,0.0029536838854148113,0.0014612205302433198,-0,0.001586024186994111,7.956060864047533e-4,0.003988552962963668,0.002412855978691718,0.001570423713516406,0.00395215018360753,0.0014664206766304769,0.0027508727612272207,0.0013208167744416161,0.0024908596565645005,0.0011908136348706493,0.002350453120639017,0.0011544128140282045,5.824032614637801e-4,-0,5.824032614637801e-4,0.0012064139944565,6.084035591650503e-4,0.0012584152268872082,6.604041935742898e-4,0.001388418535472331,0.00144041994990653,-0,0.00232445195188862,7.956060864047533e-4,-0,-0,-0,-0,-0,0.0019500365634153166,-0,-0,-0,0.0010920114661630619,-0,-0,-0,3.432011325633059e-4
baden-wurttemberg,2020,32,2020-08-03,2020.5874316939892,2020-08-09,2020.603825136612,male,0.001877233884274619,0.002782074421156427,0.003676529966864721,0.003676529966864721,9.1520805385195e-4,-0,9.672089950704858e-4,9.98409584762529e-4,0.0010140098866259321,0.0010296101931752911,-0,0.0010088097854867022,9.880093861184358e-4,0.0039469497886402685,-0,0.002922482122514309,-0,0.004706212959348299,0.007316914757024442,0.0043473817230861005,0.004851826341216602,0.008476690869076719,0.005980343876362871,0.005694311769258563,0.004284976543460163,0.0057567186402568615,0.00497663813593485,0.006906058572441684,0.00477381912164906,0.006047951695206187,0.0051378538141556625,0.005907535554375335,0.003224099948131548,0.0013416173069358463,0.003411311892253395,0.004238172707881602,0.0042745756874694165,-0,0.0014196193778902011,0.0035985245103836694,0.0043057782616826865,-0,0.0015652235567344159,0.0023660538281344377,0.007046477409624154,0.0016068248255685408,7.904060071005078e-4,7.904060071005078e-4,0.002204846743081171,0.0034061115513737876,0.005252265243860826,0.0018356323991003999,5.876033199674743e-4,0.001721228486489026,0.0011284122433178158,0.004529397258114548,0.002241248299245859,-0,0.001185613516044898,0.0012272144811884878,0.00255326268311309,-0,0.0021216432818147724,7.332051691094672e-4,7.644056183968352e-4,0.002459658171372907,-0,-0,0.0018564331375272125,9.620088986114335e-4,9.776091895544216e-4,0.0019916381401162723,-0,0.0011908136348706493,-0,0.0016640266245696565,0.0013000162502735818,0.001331217039648678,-0,-0,3.4840116714657195e-4
baden-wurttemberg,2020,33,2020-08-10,2020.6065573770493,2020-08-16,2020.622950819672,female,0.002002038539491907,0.0019500365634153166,0.0019292357875457782,-0,0.0019396361744404699,-0,0.002059240773237899,0.0021164430699088742,0.002137243920664269,0.0021684452123986444,0.0010556107144836049,0.0021268434942464864,0.00414456516311655,0.00411336268563894,0.0010504106091842097,0.0010244100904702265,0.005065046671778663,0.00810743199074506,0.010817125020004748,0.01226824709664223,0.011430856297132374,0.010375034944150853,0.015066582499860964,0.0071868966259951515,0.010349029762614797,0.008825148835062024,0.007894199184880109,0.005340674248317607,0.009105997253326543,0.004388985217780854,0.0028028755381770093,0.0035881237916937088,0.0035309198760869213,0.0036505281350378074,0.003640127405946399,0.0037701366691073185,0.00528866893337292,0.003016087467382218,0.004420187860645602,0.007384524313634336,0.003655728500360734,0.00770177033017048,0.001586024186994111,0.002392055017686721,0.006380791469564156,-0,0.007842191316088062,0.0031616961165344864,0.003671329599461501,0.0027508727612272207,0.004633406421319078,0.0018668335098608409,0.003577723075084036,0.002350453120639017,5.772032034858707e-4,0.0017472293536158062,5.720031460221995e-4,5.824032614637801e-4,0.0018096314877705962,0.0030524895914443187,0.0012584152268872082,0.0013156166426210114,0.002782074421156427,0.00144041994990653,-0,7.748057723194122e-4,0.0015912243458562276,0.001653626292798774,8.320066560718302e-4,-0,0.0017160283146203095,8.840075140874871e-4,0.0029276824150337995,-0,0.0012064139944565,-0,0.0010920114661630619,-0,-0,-0,2.2880050336228263e-4
baden-wurttemberg,2020,33,2020-08-10,2020.6065573770493,2020-08-16,2020.622950819672,male,0.001877233884274619,9.256082379355073e-4,0.0018356323991003999,-0,0.0018356323991003999,0.0019136352111011434,9.672089950704858e-4,0.004987039132350607,-0,0.0030888917409951843,0.002995286265072126,0.0020228393444778857,0.0029588841810546545,9.880093861184358e-4,9.93209485183359e-4,0.005845128502376657,0.005694311769258563,0.006588817410399463,0.0036609288662095077,0.013043235690132871,0.01293400841061952,0.00924642203127985,0.01494694797932523,0.014952149474492278,0.007857793671261137,0.01942562796189202,0.014218743790855273,0.016580243031184678,0.003411311892253395,0.008065825520937807,0.0051378538141556625,0.005907535554375335,0.003224099948131548,0.004695812019103001,0.00546028667006821,0.007769380387165525,0.003562122004072948,0.0029068812480877357,0.005678710063214445,0.005039044145629613,7.176049514830961e-4,0.00537187746224954,0.0015652235567344159,0.006307982586878362,0.005481088858459028,0.007223301669917921,0.0023660538281344377,0.007129688751332439,0.0029380830016271825,0.004087360635379416,0.003281303526214121,0.00427977611520186,0.0011752132799592396,0.002298450796139386,0.0033853101930444904,0.004529397258114548,0.0011180120186726644,0.001710828143277401,5.928033789854071e-4,6.136036202688044e-4,0.005101450230224663,6.656042598781713e-4,0.0021216432818147724,0.002199646522854582,0.002298450796139386,8.216064907089019e-4,-0,-0,9.308083307602005e-4,9.620088986114335e-4,9.776091895544216e-4,-0,-0,0.003567322360554648,-0,0.0033333068336259724,0.0013000162502735818,0.002657267893771396,-0,-0,5.252026522785282e-4
baden-wurttemberg,2020,34,2020-08-17,2020.6256830601094,2020-08-23,2020.6420765027322,female,0.002002038539491907,0.0019500365634153166,0.003858543153722642,0.0048310244045557,0.0058243261683541825,0.0039573505791006425,0.002059240773237899,0.0031772970674157778,0.0010712110335134644,0.0010868113572177433,0.011638902441767738,0.005314671584346822,0.009324435960666313,0.008227050776876028,0.007337717688158038,0.005117051763078601,0.009116399075726127,0.012164222661305117,0.014749291548414057,0.024534186842978888,0.03517429376945432,0.020752140327365692,0.021761352792532013,0.020762544479663175,0.017516549952622636,0.016049676592490326,0.014208340947757954,0.009922546641057075,0.011378844891029515,0.012434686626035387,0.012606327948680246,0.010052571612347957,0.012002985197778588,0.011685712939020211,0.00655761346622002,0.009053988172539539,0.00528866893337292,0.011306029009889506,0.005897134373841046,0.008123034425508342,0.007306513294578523,0.00770177033017048,0.007129688751332439,0.008773140035171583,0.007972211085594934,0.009652095742195298,0.0039209478215878266,0.009485665118961466,0.006609620050255059,0.00756655047989827,0.009262024807791492,0.004352582158105526,0.0029796853688030733,0.005283468404741922,0.0028808798011093497,0.0029120815390412773,0.0034477142929898856,0.003499717766823437,0.003016087467382218,0.0024440574358006633,6.292038066885943e-4,6.604041935742898e-4,0.0034737160234086795,0.00144041994990653,7.332051691094672e-4,0.00232445195188862,0.0015912243458562276,0.001653626292798774,0.002496059905919493,-0,0.0017160283146203095,8.840075140874871e-4,-0,-0,0.0012064139944565,0.002813276099801863,-0,-0,0.0011284122433178158,-0,0.0011388124700430575
baden-wurttemberg,2020,34,2020-08-17,2020.6256830601094,2020-08-23,2020.6420765027322,male,0.0103178235619476,0.002782074421156427,0.0027560730365790635,0.00642759723369247,0.0018356323991003999,0.005735916341602262,0.0067656401144341426,0.002995286265072126,0.005065046671778663,0.005148254842817696,0.011971778004519644,0.005049445154527776,0.008882358575019015,0.010853532605523353,0.007946207105682173,0.004872628286199056,0.006640824025636648,0.010349029762614797,0.028368536803391124,0.024352101271867984,0.03799988114702858,0.03237487610689073,0.038124772530057194,0.022786191679816357,0.025725562456160974,0.025179295140243644,0.017776638200561638,0.024867144964795872,0.02251567386930727,0.015456696978959239,0.012840385210793658,0.014437203976637282,0.01418753526780673,0.014088708401723202,0.015695968640823493,0.011300827879420765,0.0064171959491335275,0.012351466794747181,0.004971437638504235,0.014390391002423017,0.016497016565171854,0.013048436994883204,0.010172194873091614,0.011040772019425564,0.01017739589067374,0.010432246389299219,0.017355295892197004,0.011087581978242765,0.009548076540247592,0.010895141305903801,0.007223301669917921,0.006110358990620823,0.006458801099852386,0.004591802731076329,0.0050754476858778375,0.005663108361845575,0.004482593202544671,0.0022828501089257784,0.0035569216481055464,0.004903831219275663,0.003187697703935032,0.0026676684262789594,7.07204809000845e-4,0.002932882708067575,-0,-0,-0,-0,9.308083307602005e-4,0.0028912803783416852,0.0029276824150337995,-0,-0,0.003567322360554648,0.0013936186745733149,-0,0.0013000162502735818,-0,0.0027040703064400047,-0,7.020047385426273e-4
baden-wurttemberg,2020,35,2020-08-24,2020.6448087431695,2020-08-30,2020.6612021857923,female,0.002002038539491907,0.0019500365634153166,0.0028912803783416852,0.0019292357875457782,0.0067968441834456396,0.0049454351591699695,0.004118563097248782,0.0074105280126641575,0.0042745756874694165,0.016268144470460842,0.008461088328199601,0.005314671584346822,0.007254506013557681,0.011311230140872703,0.007337717688158038,0.007166093755198382,0.012153820229216194,0.016221329847915026,0.029502767776124154,0.02736439883644126,0.0211006805625262,0.02161569205199893,0.021761352792532013,0.017568567498142243,0.010349029762614797,0.015243434034403385,0.015789596982119347,0.013735013788414154,0.014416398205115664,0.014629657757849308,0.012606327948680246,0.009334837826761389,0.010593478982469807,0.010957554418900645,0.00655761346622002,0.009808124935256148,0.003775337046391954,0.01582600804926714,0.011056375334347382,0.009594885155377441,0.006578416093592457,0.016174515267509723,0.00792020313877916,0.01116559866991332,0.007972211085594934,0.008045022298518056,0.013329308223824075,0.00869512693287168,0.00807622713526865,0.008258255722860864,0.003967751371641334,0.0068436503220691836,0.00655761346622002,0.0017628298801369115,0.006911259263350734,0.0034945174171026557,0.0034477142929898856,0.003499717766823437,0.003619325954004455,-0,0.0012584152268872082,0.0019760375449502316,0.0034737160234086795,0.002158044779740347,0.002204846743081171,0.001549623089497087,0.0031772970674157778,0.0024804591594204378,0.003322906167983072,0.0034529146380358157,-0,0.0017680300566801682,0.0019500365634153166,0.0010504106091842097,0.0024180562202402007,0.0014092190950022075,-0,0.0010816112487982198,-0,-0,0.0011388124700430575
baden-wurttemberg,2020,35,2020-08-24,2020.6448087431695,2020-08-30,2020.6612021857923,male,9.360084240991387e-4,9.256082379355073e-4,0.003676529966864721,0.0018356323991003999,0.004586602272132791,0.004779019599315969,0.007732974960938583,0.003988552962963668,0.011139593093019493,0.00823745242345698,0.0079826126812,0.007072480939606985,0.013818235833936423,0.008882358575019015,0.008939568377917506,0.015586735789043028,0.010437447432891652,0.013173268464894668,0.018302020429392843,0.02522091530521477,0.028295697127617623,0.026979397711852503,0.029898193564250896,0.02990859954665048,0.020720927882963213,0.024461352538024922,0.0234624923631118,0.018650544242480107,0.018421662669086174,0.02083537360402634,0.013485348450993466,0.011155196437593964,0.01354256331828127,0.01140485058758098,0.012970417478295986,0.014130319690867144,0.01140485058758098,0.013802631690252734,0.01065069066795533,0.012231838520603982,0.011477666607101606,0.015352666165034902,0.011737724652059486,0.011826144683617312,0.011742925826227591,0.008024219084426654,0.014203139526992608,0.010297019438569747,0.011014766504952585,0.004768618644508019,0.013792228930400247,0.009168408218935003,0.007046477409624154,0.005741116915482853,0.004513795901579035,0.005663108361845575,0.0067240347182130535,0.005132653300607687,0.004149765577846888,0.0018408325829299343,0.0019136352111011434,0.002002038539491907,7.07204809000845e-4,0.004404586536875719,0.0038325412308768125,8.216064907089019e-4,0.002610465523232866,0.0027560730365790635,0.0018564331375272125,0.0019292357875457782,9.776091895544216e-4,-0,0.003250101566730168,0.0011908136348706493,0.0013936186745733149,-0,0.0039001462573153684,0.003988552962963668,-0,0.0035569216481055464,5.252026522785282e-4
baden-wurttemberg,2020,36,2020-08-31,2020.6639344262296,2020-09-06,2020.6803278688524,female,0.002002038539491907,9.724090920553305e-4,0.005782721525274816,0.0028964806677350525,0.0067968441834456396,0.002969284773888745,0.007207699505114218,0.005293869462529797,0.0064171959491335275,0.0119301684426469,0.01375581928730811,0.009568880363990994,0.007254506013557681,0.010281416351495636,0.01572197649649416,0.00921521649229578,0.013168067147658042,0.015207023375178961,0.019664917887047415,0.017927489980436632,0.0211006805625262,0.022484460366350763,0.01841125898514139,0.02315555480904589,0.019108310411604067,0.007223301669917921,0.015789596982119347,0.012211033631454433,0.015175814258995226,0.008045022298518056,0.009100796342909912,0.017235656105985493,0.012002985197778588,0.01387545106749112,0.0072857103759284385,0.009808124935256148,0.008310264007782153,0.014317570904073767,0.009579282278983844,0.006646024690024559,0.013152463199081293,0.010780717459976748,0.010297019438569747,0.00557989936695659,0.011961375610928578,0.009652095742195298,0.010978358806546596,0.01106677754689829,0.009542875585615106,0.006193568834347745,0.006614820711516403,0.006219571937816006,0.004170567241980617,0.0041081622745491805,0.005761919216217912,0.005819125586151741,0.0028704792259572447,0.0011648130459536755,0.006630422698426997,0.0018304322157966753,0.0037701366691073185,0.0013156166426210114,0.006255976304517954,0.002158044779740347,7.332051691094672e-4,0.001549623089497087,7.956060864047533e-4,0.0049610366452090765,8.320066560718302e-4,8.632071646410181e-4,-0,0.0017680300566801682,0.0019500365634153166,0.0010504106091842097,0.0012064139944565,0.0014092190950022075,0.0010920114661630619,0.0010816112487982198,0.002251648748545568,-0,0.0011388124700430575
baden-wurttemberg,2020,36,2020-08-31,2020.6639344262296,2020-09-06,2020.6803278688524,male,0.0037545355403623185,0.004638606884943447,0.003676529966864721,0.0018356323991003999,0.003671329599461501,0.005735916341602262,0.010635087474764283,0.011971778004519644,0.00911119816426913,0.010297019438569747,0.008981175546833909,0.007072480939606985,0.012829982643439736,0.007894199184880109,0.007946207105682173,0.006817646906522689,0.010437447432891652,0.010349029762614797,0.019217550661174313,0.020003046832517246,0.01778183997879256,0.02466424835557219,0.020179915156756156,0.015664759231185592,0.020008248833469952,0.015108194571524151,0.01493134349693433,0.014504822791571606,0.020466026954941582,0.011425655154183948,0.01540988308693832,0.011155196437593964,0.012252643418077446,0.013417730961730804,0.010921146760551548,0.012715554539894168,0.007129688751332439,0.00871593041537525,0.007810986619780369,0.013672597341678638,0.012913203240534153,0.015352666165034902,0.012523107842706004,0.010250210191398735,0.009392048127474796,0.012034192409766177,0.015779193824760788,0.011878156537120226,0.008814747070922528,0.010895141305903801,0.012476296591617569,0.007946207105682173,0.009979757588370606,0.0068904565028238135,0.006770840791299499,0.0050962497203174036,0.006162365127346456,0.0028496780818937227,0.004149765577846888,0.0030628902030005773,0.005741116915482853,0.004004154161913369,0.005652707230202153,0.002199646522854582,0.003068090509561685,0.002459658171372907,0.002610465523232866,9.204081456366061e-4,0.0018564331375272125,9.620088986114335e-4,9.776091895544216e-4,0.0019916381401162723,-0,0.0011908136348706493,0.002782074421156427,-0,0.00520026001733406,0.001331217039648678,-0,0.0023712540650024897,7.020047385426273e-4
baden-wurttemberg,2020,37,2020-09-07,2020.6830601092897,2020-09-13,2020.6994535519125,female,0.003000486564872446,0.0039001462573153684,9.620088986114335e-4,0.0019292357875457782,0.004857026826684956,0.0039573505791006425,0.00823745242345698,0.0031772970674157778,0.00962609092220405,0.009761316128180634,0.011638902441767738,0.007441732468655598,0.009324435960666313,0.008227050776876028,0.013625785055795746,0.014333175202281044,0.014182333849122519,0.020278753599968627,0.01769861158958659,0.014151125347925895,0.01494694797932523,0.010375034944150853,0.011716919960600964,0.022359606541863378,0.019904208913349573,0.008024219084426654,0.016580243031184678,0.012975618775762674,0.009105997253326543,0.01170131644747242,0.010505061046891898,0.007899399974617293,0.007062079526054584,0.009496067017308214,0.0072857103759284385,0.012824781360540272,0.008310264007782153,0.010551870523468895,0.005897134373841046,0.011810541137713943,0.008767939158040618,0.01001096358616428,0.013464543060316143,0.010364632869976964,0.007972211085594934,0.015285046247583377,0.007056878820055708,0.00790460076488041,0.013214879021494076,0.011009565403622116,0.007275308919724271,0.009329636893456644,0.004170567241980617,0.007046477409624154,0.004607404111015946,0.006401594026198965,0.008045022298518056,0.004082160226884292,0.006027149280045188,0.0024440574358006633,0.005023442636186012,0.0032917041835359632,0.004170567241980617,0.0035933241507815398,0.0029380830016271825,0.001549623089497087,0.0015912243458562276,0.001653626292798774,0.002496059905919493,-0,0.0034321132609840565,0.007077681647160509,0.0019500365634153166,0.00210084243730566,0.0012064139944565,0.0014092190950022075,0.0043785843409866404,0.0010816112487982198,0.0011284122433178158,0.0018616333234368946,0.0010296101931752911
baden-wurttemberg,2020,37,2020-09-07,2020.6830601092897,2020-09-13,2020.6994535519125,male,0.0037545355403623185,0.0064952056340352796,0.004591802731076329,0.003676529966864721,0.0027508727612272207,0.004779019599315969,0.0038689439265003588,0.0079826126812,0.010125385738290495,0.007207699505114218,0.00997455659055614,0.015155008191951251,0.012829982643439736,0.009865335756681784,0.008939568377917506,0.014614053370672519,0.00949086606787186,0.015056179487153957,0.011893760103312842,0.013043235690132871,0.021017446861203895,0.026979397711852503,0.014197938106741774,0.015664759231185592,0.0142915637508084,0.015108194571524151,0.009953752604511815,0.011051174228849372,0.014327973769023073,0.010078576645625783,0.00898637644528638,0.011815742319159573,0.01289759936843573,0.010062973624097329,0.012283850779894996,0.00918401097203835,0.0049922396313357474,0.007993014278885702,0.00923081925944987,0.009355641565193784,0.0071712944721202465,0.007675766485504184,0.010957554418900645,0.012616730471292277,0.007826588965596397,0.00962609092220405,0.01262193173338156,0.009501267967258987,0.01983138109312592,0.007488539187764362,0.008539101079383155,0.009168408218935003,0.009979757588370606,0.005163856389714407,0.006203970074175833,0.0050962497203174036,0.0072857103759284385,0.003988552962963668,0.005335473714479772,0.0012272144811884878,0.00127401560675402,0.002002038539491907,0.004238172707881602,0.007337717688158038,0.004602203650517907,0.004919432692832402,0.0017420291791526898,0.0027560730365790635,9.308083307602005e-4,-0,9.776091895544216e-4,0.007967010288569753,0.0010816112487982198,0.003567322360554648,0.0013936186745733149,0.0016640266245696565,0.0039001462573153684,0.002657267893771396,-0,0.001185613516044898,0.0015808240286462535
baden-wurttemberg,2020,38,2020-09-14,2020.7021857923498,2020-09-20,2020.7185792349726,female,0.002002038539491907,0.0058503290871796815,0.003858543153722642,0.0048310244045557,0.0038845450895646266,0.00593873910845527,0.0030888917409951843,0.012699950727104952,0.007483338439113557,0.006505606934198099,0.008461088328199601,0.008502695114267609,0.00414456516311655,0.008227050776876028,0.006287180067692691,0.013308502895578911,0.011144794207355502,0.014192736687016995,0.019664917887047415,0.014151125347925895,0.01494694797932523,0.025944070989350237,0.011716919960600964,0.014374786687046262,0.016720687994640968,0.016049676592490326,0.013417730961730804,0.014499621341149892,0.012138216584987522,0.016819519862976896,0.011202006499415215,0.011488068903929045,0.01412511827790605,0.015337061560893114,0.011654505936167873,0.009808124935256148,0.00755094821210531,0.0037701366691073185,0.011789736417122243,0.005907535554375335,0.011690914107985973,0.015404681545978773,0.009506468917735723,0.00717649518955648,0.006380791469564156,0.013677798709381312,0.008622314809651059,0.016606251329135777,0.008809546189630155,0.00688005512568118,0.00860151136459996,0.007467736196293589,0.009537674631497036,0.010572674748807659,0.007488539187764362,0.0069840689907324175,0.005746317489889332,0.007587353510900485,0.0018096314877705962,0.005496690505210404,0.007540546702846017,0.002636466834996906,0.002782074421156427,0.0035933241507815398,0.006614820711516403,0.0054238828604055945,0.00556429769523413,0.003307305173422107,0.0041549659931030825,0.0043161791239144645,0.005143054328229515,0.0017680300566801682,0.0048778287737478,0.004196569333852543,0.004836224887943667,0.0014092190950022075,0.0010920114661630619,0.0010816112487982198,0.003380109854759449,9.308083307602005e-4,0.003198098342534541
baden-wurttemberg,2020,38,2020-09-14,2020.7021857923498,2020-09-20,2020.7185792349726,male,0.002813276099801863,0.00371293255327242,0.007348119156845715,0.007348119156845715,0.003671329599461501,0.0028704792259572447,0.008700327802714423,0.012970417478295986,0.0060739547258630445,0.005148254842817696,0.011971778004519644,0.011113587529125463,0.010858733691253035,0.01480130632580804,0.007946207105682173,0.011690914107985973,0.011384046029301662,0.015997660566351175,0.014640060685233372,0.01826560762847452,0.015357867700785595,0.020809363190759527,0.02690655998191206,0.01637737875364091,0.020008248833469952,0.022302381972495757,0.021329573928131205,0.011742925826227591,0.01978456326255091,0.014785701887127897,0.01477009745312464,0.02231798866698492,0.016122499116499107,0.010733907777395442,0.010921146760551548,0.008476690869076719,0.01568556550219627,0.016710284651006022,0.013490549799966361,0.008632716535297642,0.011477666607101606,0.016117297504256358,0.009392048127474796,0.011826144683617312,0.008611913086085164,0.008825148835062024,0.011045973123877359,0.007129688751332439,0.011014766504952585,0.00816984175787542,0.01116559866991332,0.012226637297539115,0.006458801099852386,0.0068904565028238135,0.011285224491147437,0.008497494264191401,0.01120720761999968,0.006271578183767644,0.007706971100667665,0.004903831219275663,0.0076549634191316026,0.010681897068388959,0.006359988921251389,0.002199646522854582,0.0038325412308768125,0.004919432692832402,0.004352582158105526,0.0064327978767492475,0.002787274699628602,0.008674323458690894,0.001955236758679912,0.003983352564350079,0.0010816112487982198,0.003567322360554648,0.002782074421156427,0.0033333068336259724,-0,0.002657267893771396,0.0027040703064400047,0.0023712540650024897,0.0021060426476514314
baden-wurttemberg,2020,39,2020-09-21,2020.72131147541,2020-09-27,2020.7377049180327,female,0.002002038539491907,0.009745713201848466,0.0028912803783416852,0.006760439438083146,-0,9.880093861184358e-4,0.005148254842817696,0.006349587650215769,0.00962609092220405,0.006505606934198099,0.007405327271815587,0.008502695114267609,0.006214371316084415,0.008227050776876028,0.011529678112048001,0.005117051763078601,0.009116399075726127,0.00810743199074506,0.022614516752292035,0.01981577514491542,0.018463277425680057,0.020752140327365692,0.019248762203203453,0.019961430843658905,0.011940570829995095,0.012034192409766177,0.014998962954432291,0.013735013788414154,0.009105997253326543,0.014629657757849308,0.009100796342909912,0.010052571612347957,0.012710353268446101,0.008034620690429147,0.010198199966192732,0.009053988172539539,0.00755094821210531,0.006781242146596394,0.006630422698426997,0.010333426659940269,0.009501267967258987,0.006932062032199865,0.01109278308737655,0.007972211085594934,0.010364632869976964,0.008045022298518056,0.007842191316088062,0.010276215323515192,0.009542875585615106,0.006193568834347745,0.003307305173422107,0.006219571937816006,0.007150491607565198,0.005871131431604497,0.004607404111015946,0.004659408744630301,0.006318383849591955,0.006999671088432016,0.0054238828604055945,0.007941006311263562,0.008793943548885647,0.00592833792167956,0.006255976304517954,0.007192097344997588,0.006614820711516403,0.00232445195188862,0.004768618644508019,0.004134164335210349,8.320066560718302e-4,0.005179457941286273,0.004290176972232778,0.007077681647160509,0.0048778287737478,0.006297581326245275,0.0024180562202402007,0.007036076001273164,0.0043785843409866404,0.004326579988220815,0.004503394999820554,0.003723333296920117,0.005481088858459028
baden-wurttemberg,2020,39,2020-09-21,2020.72131147541,2020-09-27,2020.7377049180327,male,0.0046906115497633806,0.004638606884943447,0.005512292156648544,0.0018356323991003999,0.006422396591155822,0.0038273408478713415,0.0048310244045557,0.0069840689907324175,0.008102231180201475,0.005148254842817696,0.008981175546833909,0.006063553512041092,0.011841748234208584,0.008882358575019015,0.01191976605737966,0.004872628286199056,0.02087699029231954,0.008471490021595586,0.016471008321855496,0.02087178820446432,0.013740215162360118,0.018499690365016214,0.017937893567593784,0.02064809891888209,0.015004164454808108,0.01654903309082355,0.01351135520104908,0.016580243031184678,0.01773502399347591,0.011425655154183948,0.01477009745312464,0.013781826172628861,0.008383075694054132,0.016772704744035773,0.010239808142200517,0.010593478982469807,0.007129688751332439,0.010172194873091614,0.0063911927468413045,0.018707764793239677,0.008606712225085364,0.008440284947649665,0.007826588965596397,0.010250210191398735,0.009392048127474796,0.00962609092220405,0.005522693260200158,0.009501267967258987,0.0051378538141556625,0.006807245543943892,0.009194412810043424,0.010390638059310358,0.008221849954368686,0.01090554348620109,0.008461088328199601,0.009631291885159604,0.008965572854586027,0.0079826126812,0.008299862346636568,0.007967010288569753,0.009568880363990994,0.004675010144853533,0.0035309198760869213,0.003671329599461501,0.003068090509561685,0.006562814122280046,0.004352582158105526,0.005512292156648544,0.0018564331375272125,0.0038533427681110123,0.007810986619780369,0.004981838633879792,0.0021684452123986444,0.004758217691780449,0.002782074421156427,0.004997440130846761,0.0013000162502735818,0.003988552962963668,0.0054082812354987984,0.001185613516044898,0.004035356573860712
baden-wurttemberg,2020,40,2020-09-28,2020.74043715847,2020-10-04,2020.7568306010928,female,0.007004871788709344,0.0058503290871796815,0.007712171871679231,0.003863743539848575,0.0029120815390412773,0.002969284773888745,0.0061779669785036575,0.004232972284309839,0.005345874782669774,0.0043369808546132845,0.00528866893337292,0.006380791469564156,0.016580243031184678,0.011311230140872703,0.012575120393330197,0.017402111535642723,0.016210926604183332,0.02129315900711916,0.02064809891888209,0.02264573033332204,0.016705082979971943,0.022484460366350763,0.02092380910645847,0.01277796983788551,0.019904208913349573,0.011233213230708054,0.014998962954432291,0.017552962229019788,0.015175814258995226,0.015357867700785595,0.013303301564821176,0.010770315304649863,0.014827313734021907,0.009496067017308214,0.01530065083611597,0.009053988172539539,0.011332034670019296,0.011306029009889506,0.009579282278983844,0.011810541137713943,0.011690914107985973,0.006162365127346456,0.00871593041537525,0.011961375610928578,0.013558167383918133,0.012070600847419764,0.014894933056242298,0.01106677754689829,0.005871131431604497,0.008944769272208542,0.005954340892522614,0.009953752604511815,0.011326833536955195,0.009397249067027562,0.007488539187764362,0.0069840689907324175,0.011493270053125997,0.00816984175787542,0.009646894777153196,0.009163207302270403,0.005652707230202153,0.0032917041835359632,0.004170567241980617,0.0043161791239144645,0.003671329599461501,0.001549623089497087,0.007150491607565198,0.0049610366452090765,0.002496059905919493,0.006042751090638643,0.0017160283146203095,0.004425388302940482,0.0048778287737478,0.0031460951703395374,0.004836224887943667,0.007036076001273164,0.002189246083955761,0.0032449012419726235,0.003380109854759449,0.0018616333234368946,0.004222571438720794
baden-wurttemberg,2020,40,2020-09-28,2020.74043715847,2020-10-04,2020.7568306010928,male,0.0046906115497633806,0.00371293255327242,0.0027560730365790635,0.003676529966864721,0.003671329599461501,0.0038273408478713415,0.0048310244045557,0.004987039132350607,0.010125385738290495,0.00823745242345698,0.0079826126812,0.011113587529125463,0.013818235833936423,0.009865335756681784,0.00993294862679645,0.01851009406665356,0.021823778949087637,0.025413409001518537,0.02379024124304235,0.02087178820446432,0.011316431272381898,0.02003946085009725,0.012705151997512511,0.017802647096908267,0.01929557955137028,0.020866586117123737,0.018484084816465865,0.020034258846022147,0.01773502399347591,0.013443737677968907,0.016049676592490326,0.015753185940472807,0.011607695467007982,0.009392048127474796,0.015014567457114875,0.009891340696323704,0.00855470364366793,0.010172194873091614,0.01277796983788551,0.005039044145629613,0.009324435960666313,0.009979757588370606,0.016434596803073367,0.00945966038219503,0.013308502895578911,0.0064171959491335275,0.010255411216783925,0.015841612800131105,0.013220080343407303,0.009532473677904933,0.007878596818777955,0.00855470364366793,0.0035205191709188123,0.008611913086085164,0.012413881655727382,0.009631291885159604,0.007842191316088062,0.005132653300607687,0.007114086614622255,0.007967010288569753,0.00829466151684114,0.006677228687257503,0.005652707230202153,0.0051378538141556625,0.010739108851154384,0.003281303526214121,0.006963266201077726,0.004591802731076329,0.004643807349082134,0.005782721525274816,0.004883029261810867,0.003983352564350079,0.010843130435630415,0.003567322360554648,0.004175767659317145,0.004997440130846761,0.0039001462573153684,0.002657267893771396,0.004056158192227219,0.0035569216481055464,0.004212170595212086
baden-wurttemberg,2020,41,2020-10-05,2020.75956284153,2020-10-11,2020.775956284153,female,0.002002038539491907,0.0019500365634153166,0.005782721525274816,0.003863743539848575,0.0038845450895646266,0.008908363023077718,0.013391724258505185,0.00952727272483302,0.00855470364366793,0.013012027872573672,0.01375581928730811,0.019139521888064857,0.016580243031184678,0.03497135693929339,0.019914612895994433,0.020476431049993696,0.024315684234152955,0.03853067159649152,0.02655277817343493,0.030199967899287996,0.02725514147086117,0.026807708940176676,0.027624536345130603,0.02555387782421946,0.024685058227776162,0.026479941041068513,0.022104697581028895,0.02213591085603565,0.022765382567505477,0.021943429291970015,0.02941431768241391,0.028727533838911377,0.01412511827790605,0.02264573033332204,0.016757099713756697,0.02791589189985886,0.01737610283963735,0.018843013618069403,0.014005485923335151,0.02141280812906678,0.024846335019722523,0.018484084816465865,0.02614697259232536,0.020736534102819698,0.021532457526321044,0.01769861158958659,0.01646580667475668,0.026885749220666822,0.024965992317620228,0.02408677772395836,0.028456985118282808,0.021776959324643592,0.019077098953877037,0.015857217555683697,0.01497815695814356,0.019212348739321247,0.016091289450864764,0.014005485923335151,0.01266354184879604,0.017105613172310023,0.008793943548885647,0.011202006499415215,0.008341469003697123,0.008632716535297642,0.008814747070922528,0.007748577283341836,0.006359988921251389,0.005787922103842218,0.005819125586151741,0.006906058572441684,0.007717372643216724,0.009735311253569027,0.01170651761799311,0.011540080419280044,0.009667698640431205,0.002813276099801863,0.007660164184941631,0.00756655047989827,0.01013578776460552,0.008377874855941806,0.010499859996536744
baden-wurttemberg,2020,41,2020-10-05,2020.75956284153,2020-10-11,2020.775956284153,male,0.008445485792009783,0.005569498251956764,0.008268657375683799,0.007348119156845715,0.005501891055171599,0.011477666607101606,0.012569919135928956,0.008981175546833909,0.016200523362532936,0.014416398205115664,0.015961249379015705,0.022229550793465908,0.018754581654336435,0.02466945082284533,0.01986259300359185,0.034107583393643275,0.030366464833802426,0.03765122762362214,0.030199967899287996,0.03566342682014888,0.023441682980160427,0.03315016442224681,0.037375428731245226,0.029195794566489568,0.029299853078593948,0.03093880211216547,0.03271308770898183,0.024180421174516364,0.02729156056721828,0.0376460238573933,0.0282540745015569,0.02953918844667389,0.019347598876551086,0.025496649739538132,0.016382580391894143,0.014832515217222104,0.019248762203203453,0.020341177976683764,0.026271835510753603,0.019430829905075154,0.019368406621194236,0.027634941872547066,0.01956608061056861,0.02129315900711916,0.018005516934847407,0.02086138403030935,0.017355295892197004,0.017422918501815595,0.02644352251313849,0.027244736019444875,0.018390451623496243,0.022005855667115312,0.017027587568208664,0.01722005093677563,0.023134745548924536,0.018697361052054044,0.01120720761999968,0.010832728267824117,0.014223945213187246,0.01716803373988884,0.013396925598107463,0.01001096358616428,0.016959965472689884,0.012476296591617569,0.00843508410381549,0.010666293865828298,0.008700327802714423,0.0064327978767492475,0.010219004050034989,0.008674323458690894,0.007810986619780369,0.006973667594864792,0.009756115152214457,0.009516870820243991,0.009740512227448648,0.013329308223824075,0.0013000162502735818,0.011961375610928578,0.012164222661305117,0.00829466151684114,0.011581689669017459
baden-wurttemberg,2020,42,2020-10-12,2020.77868852459,2020-10-18,2020.795081967213,female,0.01001096358616428,0.006822847588589405,0.010603881102422153,0.014489218441861561,0.01262193173338156,0.010884739127687382,0.016481411617619894,0.017995113334160907,0.014972955460375015,0.014099111220887492,0.0201018849395494,0.022328393132581854,0.030054283518890584,0.05246846167105782,0.032494550730002576,0.032765120458390036,0.0374899111127703,0.03549170937400516,0.03540324909274682,0.049079954656442715,0.03253617675042337,0.04757055257273833,0.041856040944250744,0.04232962414409935,0.05177096291679842,0.04574891874917547,0.04737797683775428,0.033587244809318705,0.04553553153390438,0.033649685164522075,0.036417949591265555,0.03879086497220482,0.030371667871593303,0.03360285489109335,0.026958586921457084,0.028670302261389717,0.037021575690936115,0.025626713659452495,0.02800954224628782,0.03322821422192664,0.02704183013301061,0.03466435144516484,0.04754452878309316,0.03509624104874475,0.024721475524169246,0.032187559858427126,0.03842659461074213,0.028467390812278864,0.029372694160960736,0.02959121802028503,0.033748549213596254,0.027380007050267125,0.027421628976693393,0.02995542649321534,0.024196028432675102,0.021542861834745457,0.026438319868376768,0.024513377031152014,0.020502441296728256,0.017105613172310023,0.02261971901449879,0.013178469782645783,0.021542861834745457,0.025897247654943074,0.016902746845166933,0.016273346097787213,0.017485339450287705,0.012403479173694871,0.010806722857394844,0.015539921779952344,0.018010718735974082,0.013277294918819153,0.013656993241703807,0.010494658946707572,0.006042751090638643,0.0126687431155676,0.007660164184941631,0.018380047945795872,0.012387875454545077,0.011170799786850443,0.017464532459138083
baden-wurttemberg,2020,42,2020-10-12,2020.77868852459,2020-10-18,2020.795081967213,male,0.008445485792009783,0.0064952056340352796,0.010104581691902875,0.010104581691902875,0.016512621517401002,0.009563679407277743,0.016434596803073367,0.018962657102494423,0.01417713243095282,0.021626096377077162,0.016959965472689884,0.04042490913356441,0.028628679335480925,0.0296068269025228,0.03178691348093245,0.03995654727719487,0.034164820955792194,0.045186827481403145,0.05308789005018771,0.040882867027663215,0.05094334593467349,0.04086205067225217,0.04410950286751557,0.04772149080952404,0.04288648023708342,0.053978005934948635,0.04338089017709445,0.04560319080003762,0.05049570953394812,0.048408525560937506,0.04367233402816222,0.03676139116807025,0.03612134278216725,0.03489330452319398,0.03003347149786665,0.029674465446346065,0.04278239453291736,0.028337319786994587,0.039056263556700985,0.03022598301016301,0.03228642112769874,0.03531478896197325,0.032874389401630066,0.02523652287566438,0.028966866572847146,0.029695277323685064,0.03156317723674844,0.033269840829649726,0.032317640514939114,0.02997103548477827,0.03153195830246389,0.029341476541735547,0.026422711937203202,0.031001239287261322,0.03273390080249956,0.027765011140936866,0.02241162893230172,0.016533428127661683,0.021933024903398612,0.020231935366603407,0.027432034463506887,0.014021090127885627,0.021199520755890815,0.02202146227260865,0.021480436015424785,0.011482867755258098,0.015664759231185592,0.017454128966685363,0.022297179742036412,0.019274771835868773,0.015628348276951847,0.012949612293649146,0.011924967249750274,0.01546710007179904,0.018088745815271322,0.024997207310182054,0.01299642397082048,0.013287697575658008,0.017573769255553245,0.014218743790855273,0.018598525614607966
baden-wurttemberg,2020,43,2020-10-19,2020.7978142076502,2020-10-25,2020.8142076502731,female,0.011009565403622116,0.010723505631432432,0.019285175692578753,0.017386506316479613,0.01942042601922349,0.026724466103410466,0.01545149543332269,0.025408206459819525,0.023530122915212774,0.03145391104875477,0.027510075680981037,0.02020072323444674,0.03523673603037832,0.047320724729743635,0.06815945078455977,0.07785545430555413,0.05776767566294422,0.08115729886478183,0.0767357912139374,0.0783658203650108,0.08974099245073781,0.08479269514207938,0.07285621490313127,0.082297890106338,0.05814249317216859,0.07386123172562513,0.06555089918649569,0.06490008335629902,0.06452521713517896,0.057804116135553286,0.06305181081260033,0.0632236192936038,0.0678262153458128,0.05772602943979995,0.056851466458478606,0.053582396993984635,0.03551252357970115,0.04824717567496483,0.04275637313943084,0.050219842508455105,0.0467794351874785,0.04853864680140423,0.052301893954024396,0.059037901491501704,0.048658358630209717,0.05553444400831644,0.06039666100780951,0.0648636379106524,0.062442676226742266,0.04818471778899431,0.05494101396362606,0.05601856300809312,0.04949114419685335,0.05816852226618628,0.04667013702133027,0.04367233402816222,0.04023756388479322,0.043781625893439875,0.041012969437776256,0.04094011204800823,0.03833292550167652,0.04020113572035973,0.03336350081887554,0.02949236187493729,0.025720359883225498,0.03177650712264724,0.021459627425638325,0.02232319089952605,0.02577758821411524,0.023311624525387008,0.027447642697634136,0.025668334182533628,0.021464829572307182,0.020986234257553645,0.013292898904860724,0.023930705681098775,0.025179295140243644,0.01621612822578613,0.0360432886399121,0.020476431049993696,0.037110038725270904
baden-wurttemberg,2020,43,2020-10-19,2020.7978142076502,2020-10-25,2020.8142076502731,male,0.021579276930621616,0.009282828517093458,0.009189211890783682,0.019290377621711437,0.02202146227260865,0.01530065083611597,0.02223475301715946,0.026942978834129074,0.027343587891964963,0.0319273995216093,0.03792182418496114,0.0373910399502511,0.035538541348534236,0.04342772925727946,0.05563855524075443,0.06823755314942365,0.07025263471947786,0.0668525552836129,0.08056878440157444,0.07657435340797546,0.09950354079224276,0.09333010480351261,0.0890013222891257,0.07908450759506716,0.07721489991152847,0.07486106048094708,0.06971631339410558,0.06219277692234349,0.07098162403088212,0.07801168828155541,0.06038104288063264,0.073548789182008,0.06516040871092947,0.0630986676147572,0.06282273372094908,0.04663890901605425,0.05134413993522056,0.06250515124048729,0.06747736178385155,0.055430332984317425,0.049511964006903206,0.03915513788547763,0.0555864995984769,0.03154236461180955,0.06108386324771678,0.06583205414462755,0.0647230628595688,0.05467032882390303,0.055102384621166824,0.05382184415134199,0.05848087241070243,0.04585821497904135,0.048746841463413695,0.04306342641232404,0.04628499293360102,0.05497224695503578,0.045957102242106626,0.04790886302332557,0.04684189138556734,0.050287507869815756,0.03956104499479871,0.041398074479481066,0.042407687722980536,0.038905350469977895,0.03222398240944775,0.025434219173531215,0.022630123540467888,0.028482999357174327,0.03252056698886141,0.031807726203750504,0.03516909025109235,0.029887787583933713,0.020601280352981317,0.02617818829382411,0.026438319868376768,0.01999784483209072,0.029898193564250896,0.02658399411854058,0.02974210407814969,0.03200024428471833,0.03492452547557603
baden-wurttemberg,2020,44,2020-10-26,2020.8169398907103,2020-11-01,2020.8333333333333,female,0.014015888725850446,0.020471229002204546,0.021215127119388867,0.026084541245550118,0.02136078673786922,0.03662609573067052,0.024721475524169246,0.028581853583660253,0.025668334182533628,0.04230360297717748,0.03597564181139599,0.0435994729122561,0.0414605242144518,0.03908748700863085,0.039836855479570076,0.05325446028496681,0.06486884440132704,0.0750641530459448,0.0964349649645036,0.09348117592329351,0.10470855120525896,0.11944066881619454,0.12483532495405561,0.10949199314040543,0.11795007025136832,0.12208841078380846,0.1311897489018257,0.09929514281462441,0.10707416357090015,0.09588274473763074,0.09600777521881765,0.06106824491413834,0.0947001796382655,0.09502316831743671,0.0845739391823867,0.06868534230562054,0.07180435281479132,0.05956370077123016,0.06784183570929722,0.07239276809358959,0.07677224498141991,0.07629314036225669,0.08323538109203082,0.07979799677198164,0.09097032669798226,0.08856377587870057,0.09572645705890168,0.1076265026598069,0.08302704830123032,0.08538646595737433,0.08408434584533724,0.0890325757450318,0.0823083065799914,0.07286662948562998,0.08184477552198131,0.06989855788420381,0.07245004781263735,0.07064837050616117,0.06877906610539038,0.07579320981373948,0.06222401426971692,0.06328088891341589,0.05840278469868053,0.051807399187282034,0.03895218551898528,0.03564781611979677,0.02782224172209667,0.04300617905444269,0.041585423909386174,0.04058623474975733,0.03946216989421609,0.03718289074890309,0.031224973113647688,0.03673537278738736,0.04473403615649916,0.04224115222970406,0.03393587108520574,0.0367665948457725,0.03153716145687352,0.02606373081327982,0.05790302611850882
baden-wurttemberg,2020,44,2020-10-26,2020.8169398907103,2020-11-01,2020.8333333333333,male,0.031906586750892585,0.02506483985834492,0.022968271767745563,0.026641223399901156,0.03854107930652341,0.030605805111140496,0.018369644270182756,0.038926166042108,0.025319763330527854,0.030897177370417774,0.03492452547557603,0.03536682431478768,0.04640469957426246,0.04342772925727946,0.04768505740191277,0.06335898395117145,0.04935581563472113,0.05931381530207407,0.08973578346914828,0.11403614944688444,0.12299534552683246,0.11418206930320801,0.09723725763002362,0.11047166298688524,0.10727738198746213,0.12026416466836311,0.11030490936916433,0.10577671086390117,0.10241077967353535,0.10560997230125055,0.08416768055589927,0.09852928742131792,0.08969932061265494,0.09467413225155938,0.08264163483862061,0.07138777965177369,0.09060048155860989,0.07341339799611621,0.06961217397224458,0.07415805388093619,0.08398017764494681,0.0737258397262326,0.06969027851909089,0.0773190545603483,0.08538125741197128,0.07305929963808135,0.07262188734836038,0.0863865163405523,0.08524583541469294,0.08108959332199162,0.07952197425050699,0.09787284891878498,0.07578800222915565,0.08156874213576337,0.0841312216035924,0.09127766480090081,0.0723198667242334,0.07016411528463071,0.08007402075862623,0.07360607017446603,0.07659518406445319,0.05476402736665739,0.062208395593681715,0.06608717755181963,0.05755423912189405,0.054982657956341156,0.04004501530468429,0.04043531722273161,0.036241026027849385,0.0433756858374528,0.04885614399465342,0.03387343038635642,0.03253097349605066,0.0428448459304193,0.04314669540901133,0.04000338327299791,0.041601036392344484,0.038551487018638385,0.03650120794704954,0.039118710479314665,0.04387530481793648
baden-wurttemberg,2020,45,2020-11-02,2020.8360655737704,2020-11-08,2020.8524590163934,female,0.027031424724278854,0.02534577599999638,0.027967919849274787,0.030917989737126672,0.03690709434049092,0.03662609573067052,0.026781695539369616,0.03917074963878367,0.03636591318659535,0.04555634976026216,0.04656604374334662,0.05211450591012252,0.043531816253187895,0.054529781326330476,0.06921123914523301,0.06760232398478624,0.07196577581259352,0.1004465520812029,0.1250021251745037,0.1067146252409654,0.14083494410832456,0.15064359610209507,0.15755926025404643,0.12389187127906257,0.15147280141943467,0.12932869281846684,0.13356177967186889,0.10541197095251652,0.10707416357090015,0.10467728832622947,0.09811250011008435,0.09846155925592508,0.09540867356073006,0.09063694504701088,0.07581404015730156,0.09512735864189964,0.07709512232328666,0.09352285079219669,0.08407392901590731,0.1004882325328118,0.0906786176364957,0.09017333974141285,0.09196006606597695,0.08379267541008886,0.08937115605475592,0.09420528152190534,0.10515144401072181,0.09970672962455492,0.10508891773891987,0.11365050608341157,0.10529212839717604,0.10523481249008415,0.11335866976349626,0.08639172498664163,0.08011568488388261,0.089720156527522,0.0862615089908577,0.07123156557600542,0.0808500205707522,0.07640250081043853,0.07794919463482976,0.07185121750446419,0.07022659957593572,0.06116195498598568,0.05586760068585457,0.06356723795858478,0.053275281601831606,0.04383366971954734,0.0490695448368596,0.04922569234941354,0.03774489550473253,0.04426563548656102,0.04684189138556734,0.04093490795264813,0.05319720170657942,0.047872429484433175,0.05913160790450126,0.03784897112608203,0.051823014739594685,0.04561880448933728,0.06521247393824776
baden-wurttemberg,2020,45,2020-11-02,2020.8360655737704,2020-11-08,2020.8524590163934,male,0.01595084618731619,0.0222815730537926,0.03216154376616962,0.027562103224358234,0.02385787222141106,0.036350302275351375,0.032874389401630066,0.03193780591009149,0.04761219066326474,0.055622938542602376,0.04091929566968116,0.04446860859217735,0.06320279399294543,0.050339558207693244,0.067565876645161,0.07018494337339182,0.07310616545878747,0.0960650809564983,0.11448433316532636,0.1035778890328724,0.12056646388645831,0.12808281294105245,0.13018883651160434,0.12331329765849895,0.11515140445777992,0.12098343120895241,0.12598208727517934,0.10785056641576969,0.1406993776178761,0.11436968114873111,0.10153025468102847,0.10773592902465684,0.09809687065089488,0.09669023856084238,0.0887929663964249,0.0777512985823351,0.07703783748731005,0.08941803657908699,0.07956363793344755,0.09289252196781596,0.07895430989637066,0.08141249747224595,0.08144374636739307,0.08521458423463446,0.07754298776175922,0.07707949917993992,0.09158500472030529,0.0760744201558737,0.09186630047594223,0.08381871734672515,0.09333531414516179,0.08991288913582364,0.0787251627384252,0.08674070546332019,0.09826358512441119,0.08276663348646965,0.0812979183507019,0.07929803252662954,0.08303746492094738,0.0662433761739864,0.08170415455722711,0.07548075566163104,0.06008429935549008,0.06608717755181963,0.05601856300809312,0.04677423050769341,0.04788283906436989,0.05146385822287528,0.05390513037756864,0.048200332253456796,0.04494221558635023,0.053811433382442334,0.05314514850820919,0.03451345110398719,0.05707010582485774,0.04667534169070244,0.04680545859422956,0.04520244104568468,0.043261190497185395,0.05453498678243232,0.0605580485966753
baden-wurttemberg,2020,46,2020-11-09,2020.8551912568305,2020-11-15,2020.8715846994535,female,0.03003347149786665,0.017547760473690187,0.02507524487356256,0.02318676871484182,0.027192708793601864,0.03464353757897235,0.033993108458347285,0.0359964562107981,0.04385448726457489,0.048814504908041616,0.053978005934948635,0.054243482043374744,0.05286406213741164,0.053499111284658764,0.0713096725552289,0.07477774068374604,0.08414163844449939,0.09435635518429264,0.1250021251745037,0.12090003747697124,0.14347856131604822,0.13070492955692933,0.13658041045375433,0.1302983103659249,0.13630408636028368,0.11887256851982947,0.09085051742112732,0.10693868506774301,0.09795620572961992,0.09881583063561672,0.08969411163524556,0.0862354658308329,0.0947001796382655,0.09210071476804561,0.0801938052087123,0.08606358130177552,0.08163644830241706,0.08521979276333705,0.09293419636495093,0.08126146141043157,0.08116250698710627,0.09172044322751467,0.08878775750980084,0.09497628273953139,0.09336657020603346,0.09823232611991341,0.09101199955463875,0.09733103290539354,0.10508891773891987,0.09710180475304941,0.09402816123529158,0.09650790014987179,0.09424695697113983,0.09110055448591844,0.092230945386938,0.08039171055687414,0.0828082997691934,0.07707429146653796,0.07481419307859392,0.07824083229546468,0.05782493927422557,0.06987252291793872,0.057007637340662484,0.052525719447021196,0.04924651205318179,0.05115675534265861,0.04293331887193561,0.04052378606476071,0.034097176570930005,0.03713085357875095,0.05147426852178429,0.03540845263453481,0.04782038161600708,0.04513478230098052,0.0435214075442208,0.04083082615476014,0.044890170650751335,0.047586166852781484,0.05746053555134058,0.05027709780849119,0.08236038897955725
baden-wurttemberg,2020,46,2020-11-09,2020.8551912568305,2020-11-15,2020.8715846994535,male,0.024393720774768243,0.02320757799577594,0.025725562456160974,0.030319637517088757,0.035788312591700434,0.04687311951274238,0.025137675008584763,0.036927909112735385,0.03950380149259468,0.05046968428033964,0.04790365823049482,0.04749768599454951,0.06320279399294543,0.0562632270127862,0.05563855524075443,0.07116387295557847,0.09591400232974512,0.09323633674301507,0.09065257226415695,0.12710802397697404,0.09707575616330891,0.10259834905391592,0.11071658333240991,0.09548681686382582,0.10727738198746213,0.08999102418052753,0.10674588934487918,0.1154640970719244,0.09968067972988552,0.10560997230125055,0.09381457580971408,0.09524196823993587,0.08194893944474961,0.08526666954516608,0.08537604886709572,0.08199581327806661,0.07418409099293742,0.08432393349816103,0.0745850641640359,0.07343943473525481,0.07679828340241564,0.0760327592684856,0.0916318872405718,0.08600628658501575,0.07440801069428914,0.07145547256367898,0.07104410930453689,0.0816260319633473,0.08230309834290676,0.07836061252278431,0.09333531414516179,0.07033074022830382,0.0863708904054031,0.0804177507903347,0.08074065076866568,0.07992819658312272,0.09027231131358177,0.07301764116625485,0.07354358182218294,0.07360607017446603,0.0670139629103154,0.06946637913202158,0.07281976388081463,0.06167736339985242,0.05601856300809312,0.06319758766908112,0.04875204634064695,0.04595189764462818,0.027874269577812125,0.03759398622377517,0.049829467143023866,0.044838125767242304,0.05748656430400006,0.04879889025916121,0.04314669540901133,0.04500466957782189,0.048106645537029355,0.05850169582038018,0.05273393007288503,0.058095640835767744,0.06530098494432571
baden-wurttemberg,2020,47,2020-11-16,2020.8743169398906,2020-11-22,2020.8907103825136,female,0.0170171841631739,0.021444020988765872,0.023145150177944288,0.030917989737126672,0.02621980925830512,0.04652961114527556,0.04018031963785379,0.05506074053256903,0.04278759881317492,0.05207286421429129,0.058210168843719795,0.04040929700372257,0.06323923827456798,0.054529781326330476,0.0723563173961331,0.08400621967547985,0.08414163844449939,0.13194044583792497,0.11810642473825982,0.1171161875944752,0.1284998405387586,0.13070492955692933,0.1198055071416993,0.11269162146822663,0.1075796057167927,0.11887256851982947,0.11615723907028097,0.1046460254659955,0.10099361066692551,0.09515340625563304,0.09881583063561672,0.09702365902298533,0.09823753595268855,0.09063694504701088,0.06852392949089309,0.08379267541008886,0.08163644830241706,0.08748555222508626,0.088506478407108,0.0975290034865245,0.09799788418514002,0.08786058400362123,0.10148336323567786,0.10535986545973433,0.10215547799296876,0.09984739928125455,0.11143571782159191,0.09178295342674671,0.09920657392704145,0.10813195017451281,0.08938678289150734,0.08093335009816625,0.10081646725671099,0.08815748607987794,0.0847301933454071,0.07747528692474269,0.08568335390756554,0.07240318258326939,0.07179393844504364,0.08557918250393497,0.06285397144675144,0.0659153596093483,0.05631528333252002,0.04892380758150823,0.05366047746762417,0.04960565325528393,0.053275281601831606,0.03721411307599008,0.038254868039676496,0.03540324909274682,0.04032082835647606,0.04161144471692278,0.028295697127617623,0.04723744904880816,0.04956921852751923,0.04083082615476014,0.04269912611958655,0.04542103143791714,0.060839176560560954,0.05307227411802959,0.1119776808199933
baden-wurttemberg,2020,47,2020-11-16,2020.8743169398906,2020-11-22,2020.8907103825136,male,0.021579276930621616,0.03156317723674844,0.028482999357174327,0.028482999357174327,0.02385787222141106,0.0334779743681285,0.04738838631870983,0.0459154654768417,0.0384890407771948,0.0628383525815075,0.05989167727185589,0.07480898559205364,0.07308012888651258,0.060214449815930805,0.07154399419682869,0.07018494337339182,0.10637072133845239,0.09700802989106154,0.11448433316532636,0.09051192747893928,0.11003393588087688,0.1072304853593004,0.09948270095689689,0.09762798905972785,0.11013815628618728,0.10296306923037678,0.09036086498519547,0.08501666053041607,0.07918345806409788,0.09349159463738806,0.0918819280625428,0.08340725627278542,0.10068100505607726,0.08392288522367289,0.08332392278086807,0.07421533554454444,0.06847186094786732,0.08214164325193392,0.08169894638065303,0.08713135802889697,0.09116827306453461,0.08832937753042336,0.07047133043983175,0.07889702301221904,0.07832415764178556,0.09154333140443949,0.09158500472030529,0.0760744201558737,0.09260080212304922,0.08040733469538448,0.07360086280891057,0.09481478829478891,0.07108055908217388,0.08616775367580586,0.08752201352929827,0.07425699497588463,0.07063795636792682,0.0684510335452531,0.0670139629103154,0.07667329910056049,0.07978758080117329,0.0661236238550237,0.06433257860051632,0.05433197438070381,0.050646656261710624,0.055805133646225843,0.05746053555134058,0.04319353427824543,0.05576348899482941,0.041450115920081715,0.03810395727872194,0.03686546482099745,0.05314514850820919,0.06309346130132396,0.05707010582485774,0.05835072628914353,0.03509624104874475,0.05450895950714556,0.047320724729743635,0.04860630997513122,0.0865584019370616
baden-wurttemberg,2020,48,2020-11-23,2020.8934426229507,2020-11-29,2020.9098360655737,female,0.01802112233978274,0.02729676329734818,0.022177528585189468,0.028982475267673936,0.029133359559179166,0.039597472710824616,0.04121072572456986,0.0359964562107981,0.04278759881317492,0.054243482043374744,0.05927216784062582,0.054243482043374744,0.044567493212691336,0.054529781326330476,0.053473084527853564,0.0635047616687855,0.0831260062727882,0.08216768436173554,0.08855335815189634,0.10198875104141761,0.11087812717038796,0.10644367046105091,0.09632556237826424,0.10469291976339766,0.09242368730145435,0.08029275778864292,0.10587571213844235,0.079417815189201435,0.0994774909993683,0.09661730311973192,0.08618858817565475,0.08048024740385135,0.0833812145422164,0.0796625893142174,0.06560296480479016,0.06944034438214132,0.0907150811796932,0.0859750349479349,0.07448091499117837,0.08421976481781393,0.08775119945548054,0.08477706968586983,0.10148336323567786,0.09337698889716566,0.11413516644759232,0.09823232611991341,0.08630317807403191,0.09099116312213593,0.098471978967930765,0.09020980293029997,0.07215844262722886,0.08965764880796709,0.09006915934263708,0.0805114957387767,0.09684652913628486,0.08855335815189634,0.0828082997691934,0.0759077768065916,0.06696710257998466,0.06661825478150546,0.061594064724238874,0.06921644607122289,0.0632704762505763,0.05396238973548079,0.03748470736268477,0.05425909832725232,0.03816119923994037,0.04631101609290951,0.04075276494306161,0.04058623474975733,0.03431051685283013,0.03540845263453481,0.04684189138556734,0.035684241094578885,0.03505461297893608,0.047872429484433175,0.03722452052251837,0.04542103143791714,0.04054980634106465,0.057731235215871826,0.11140445089786746
baden-wurttemberg,2020,48,2020-11-23,2020.8934426229507,2020-11-29,2020.9098360655737,male,0.021579276930621616,0.018567314462868325,0.027567305981562446,0.028482999357174327,0.03211991804564148,0.038265275694501145,0.046420313504227644,0.05390513037756864,0.06281232114985169,0.048408525560937506,0.053899924984523916,0.06368177801817299,0.07209595601453897,0.05132852452671288,0.1003892415147939,0.06531139801376946,0.07785545430555413,0.08664174061262016,0.08606878991552354,0.07135132965878765,0.08412080476477214,0.0856104339031121,0.10397387851710885,0.08265205138113206,0.07578800222915565,0.1022440519034129,0.086803209676591,0.07394975745429094,0.09558058898254668,0.09147561233739078,0.07259585101856396,0.07552241610677209,0.06967986457273363,0.07451736717794973,0.08264163483862061,0.06572792250140694,0.06847186094786732,0.06177628075045129,0.07743362491501198,0.0633537776116749,0.07248649857579081,0.07449132989907783,0.08066252962229858,0.07021097849607193,0.07362169227427286,0.08832937753042336,0.08368329941865532,0.0863865163405523,0.08304267323158551,0.07631917854334139,0.07689202182594261,0.09236638557656848,0.06755546312424515,0.08386559286552818,0.07396017225580716,0.07368938809432042,0.06783142213311766,0.06959655307695642,0.0640462253408172,0.0644002623286713,0.0702057714704954,0.05743450681170985,0.06503545237806356,0.045514713315881195,0.04373478649448098,0.04185083675721903,0.05746053555134058,0.04503069209641199,0.04739359105996614,0.052057248586954666,0.028332116952747597,0.04683148201400983,0.05314514850820919,0.03927482811395119,0.04871561221097204,0.05167726976706623,0.03509624104874475,0.05052173480057608,0.0500272569619132,0.039118710479314665,0.0791782501399779
baden-wurttemberg,2020,49,2020-11-30,2020.9125683060108,2020-12-06,2020.9289617486338,female,0.020018652836930783,0.01559713890789836,0.027967919849274787,0.04058103068980693,0.033993108458347285,0.04553553153390438,0.05254654047208713,0.04870520246433173,0.05027709780849119,0.06400978049360653,0.057153397253861773,0.06275505204608889,0.06738884707321262,0.06070381846229822,0.06921123914523301,0.09118390044135224,0.08515208193086185,0.11466673462181455,0.10332779196494803,0.13319163148175417,0.12232817360305188,0.11337430381053978,0.10219194958487826,0.10949199314040543,0.1131606389077633,0.1236990126902701,0.11378600207440209,0.11611554605733719,0.11239979052974003,0.1032131645441476,0.09811250011008435,0.09271019687305321,0.09045462786068921,0.08551667976192585,0.08894923323768185,0.09588274473763074,0.08541771724072543,0.08144374636739307,0.10031630088525804,0.08791788076352328,0.08994414313961192,0.10406245552497219,0.08799601281058879,0.10376546262319207,0.11094066040369664,0.10549012928958304,0.08551667976192585,0.09099116312213593,0.098471978967930765,0.10468770928381757,0.10662083304198854,0.09900338704906902,0.0912620373958987,0.09227782848958005,0.09280917327374333,0.08855335815189634,0.0914391482608884,0.09753421324883488,0.08628755216393151,0.092923777762536,0.07920949769250424,0.07251253485083464,0.08066773769506905,0.07052340098500207,0.05071952725263208,0.05038119851551241,0.049293356417135135,0.04217870155722661,0.03908748700863085,0.03453946837294732,0.049756597399390125,0.040721540491192455,0.03610573194434553,0.051437832484717894,0.059246138194162114,0.03942053832916226,0.05913160790450126,0.05624240449948423,0.06534784377324093,0.057731235215871826,0.13291532539536582
baden-wurttemberg,2020,49,2020-11-30,2020.9125683060108,2020-12-06,2020.9289617486338,male,0.015009365955698453,0.0222815730537926,0.031240582486293054,0.033993108458347285,0.03028321629990475,0.05166165425852637,0.059964561219589,0.061896023058197525,0.04659727170486426,0.07005476795550653,0.04990233698877312,0.0677272864860265,0.07209595601453897,0.06219277692234349,0.07452778209315009,0.08775119945548054,0.08736054223329841,0.10832475103642772,0.10348410249144456,0.0992222037197742,0.11003393588087688,0.11109178269465202,0.09050150936183333,0.09335094217324631,0.09653915811777417,0.0784647694664643,0.09534615900280086,0.08847522526739365,0.09216322542440554,0.10695952789140911,0.08223539130824195,0.08275100863905849,0.09099116312213593,0.07989174060313872,0.09289252196781596,0.10817884761567541,0.08417809740410986,0.0799594445863061,0.08525104394652577,0.06983607398707332,0.07679828340241564,0.08294892371986728,0.07595985279587089,0.09074112658334096,0.07754298776175922,0.09636723952683517,0.08921488794556215,0.10939298498070008,0.0940750459583288,0.08859502907163584,0.08412601318392432,0.08256871909946574,0.08342808966663301,0.08099063922572522,0.07226779438012423,0.08276663348646965,0.0885898202048393,0.07530369914214612,0.08303746492094738,0.07360607017446603,0.09256954652246044,0.07213761374798719,0.07423616525603975,0.059475199530235834,0.07214802818656514,0.04923610220025569,0.05746053555134058,0.04319353427824543,0.050183407350351136,0.050126152153479826,0.05863184231978816,0.059792763506188326,0.04880409514160422,0.05952205310965082,0.05707010582485774,0.07002873291103127,0.045504304209995065,0.05318158574159428,0.0689665142117037,0.06521247393824776,0.09007436835761612
baden-wurttemberg,2020,50,2020-12-07,2020.931693989071,2020-12-13,2020.948087431694,female,0.02202146227260865,0.031193754382408043,0.027000208510576558,0.055081562572699104,0.04953798878118495,0.05147947367201745,0.0463630624506018,0.06353599980430225,0.0781106367091442,0.07812626016229422,0.07727739267578376,0.0702057714704954,0.0725750219641153,0.11735592748871856,0.08705322728099753,0.11579763793288392,0.10342157822446213,0.14007369070337777,0.12204671301504884,0.12751983098925104,0.13466702656685958,0.15237503354635257,0.12567454398918754,0.13830095199536727,0.14029268026708203,0.14300405602316082,0.12327681124955704,0.1329413919445671,0.13216982761893734,0.133264618240274,0.1381132537880099,0.12724876777889166,0.10955452470682296,0.10965874415128248,0.10719401023330899,0.10873119843861873,0.10887710340918673,0.11995144318863887,0.12246890446835397,0.12046222257825091,0.10971085395184475,0.14497510637181907,0.122917160874224,0.12054561560809951,0.12452778845025844,0.1288699553329933,0.12871878136639187,0.13139827474143592,0.13158073553704897,0.13158073553704897,0.11855464353959937,0.12456427573696822,0.10559434058841558,0.11404657228018565,0.13725297900640038,0.09496586372796069,0.10986197266877626,0.12326117422499458,0.10561518287323785,0.10271297511943993,0.1050055494934613,0.10814758265020276,0.09040774640181187,0.10438029191288134,0.07499645543614704,0.07210116322939279,0.056455835656096166,0.048793685377244954,0.04990233698877312,0.05959493653930908,0.04375039962277747,0.0602092437912557,0.054654712416521284,0.04933499588719,0.06288000289925177,0.054914986485117764,0.05693996323413307,0.08546980275472381,0.06196890981530662,0.07636604730215246,0.17149247466481152
baden-wurttemberg,2020,50,2020-12-07,2020.931693989071,2020-12-13,2020.948087431694,male,0.019701331667840917,0.030637023489394902,0.03399831185903285,0.033993108458347285,0.04588944251548389,0.05740327234134746,0.06770645938163224,0.06389523971153373,0.07295515352108194,0.0906786176364957,0.06687858873790699,0.07480898559205364,0.09779470202998607,0.08095939060287294,0.08447497845532187,0.12484053745284308,0.12823919789826774,0.13661690619851408,0.12640431068138827,0.13844172609549513,0.10193664897868543,0.13658562413001224,0.11296260880618554,0.1290211297390877,0.10871035490481343,0.10800689053820399,0.09677359347595454,0.1036977276375268,0.10104571178477653,0.10493781289244579,0.1118213447599999,0.10510454929982047,0.09422090981145702,0.11214965102886265,0.10588613333620103,0.11596440916564721,0.09631514309634082,0.09087656289261156,0.10303080325908516,0.09433551741166159,0.09763319883195537,0.10601118787220726,0.12143167480970198,0.1002225202261995,0.10106134213030844,0.11163895328405876,0.09237680406730614,0.10860092648941023,0.10069663529198467,0.11792922302196951,0.1295267852564586,0.11195683598483677,0.10577671086390117,0.10859571561823297,0.09656520643870978,0.089006531197137,0.10655309433682986,0.08672507942173725,0.09550765509781814,0.10553702434821009,0.09256954652246044,0.09420007209310241,0.08909508271320825,0.09107450890223653,0.07752215672559785,0.07140860823066739,0.06007388733272711,0.05514402874311522,0.05576348899482941,0.053020221044720324,0.049829467143023866,0.060792321794363245,0.05965220216285492,0.05832990293992145,0.06403581252472286,0.07503290798431601,0.06891965212177341,0.07447050008536486,0.07438197347017382,0.07589215401997285,0.12769185260563393
baden-wurttemberg,2020,51,2020-12-14,2020.950819672131,2020-12-20,2020.967213114754,female,0.03203666670453702,0.03509624104874475,0.03665211405668208,0.06281752743514266,0.0543944396506662,0.049501554100836294,0.08451664610691642,0.062479119975638785,0.08775119945548054,0.08572502252744417,0.08045420713909408,0.07659518406445319,0.07464755376788067,0.07512143570768859,0.07340819064984942,0.0922101084659972,0.10950762602496307,0.1299073333730619,0.1486619011067793,0.1473842693746301,0.16287441152427515,0.16017764764533513,0.17351156157805522,0.16472623560378977,0.15626054729677483,0.16472623560378977,0.1375188806010525,0.15513397919608257,0.12304225637481915,0.13399449145990194,0.13951579288720892,0.13660647884025393,0.13503718525936875,0.1345471165695384,0.113035567176923,0.13065801179569608,0.13310300484127813,0.13808197081932524,0.12542434062377575,0.12785866198922227,0.1287500587027346,0.13416132106281156,0.14038653321955646,0.1685239853665125,0.13571494744104703,0.1296779615720981,0.1538718346656263,0.15597368736240627,0.1308456830946289,0.16608254296478192,0.14574686072411244,0.1470140227800712,0.12411079270611836,0.12817143102572762,0.1291670916516484,0.1311324044425323,0.1294433778221671,0.13495898249916286,0.1183044744298898,0.11311894829738953,0.10438029191288134,0.12069155373213761,0.10502639154229543,0.10006100948761211,0.08235518073725613,0.07442884048297053,0.0691852045230929,0.06783142213311766,0.06155762159562014,0.07515268082251078,0.07551720854930126,0.058439225616363104,0.06442108810890525,0.06404101893250651,0.06288000289925177,0.07605358970800746,0.07885535986338316,0.07680869877446354,0.10144168198641747,0.09035044689835461,0.186953269963656
baden-wurttemberg,2020,51,2020-12-14,2020.950819672131,2020-12-20,2020.967213114754,male,0.029086533352894357,0.030637023489394902,0.03767724646256034,0.04318832995736075,0.0523175096548341,0.07846997731912797,0.06964341577690428,0.0758817388315032,0.0638275566407177,0.09893044836345007,0.06687858873790699,0.06266654537342196,0.059246138194162114,0.09281959185319637,0.09939413174985563,0.08775119945548054,0.11872663550067548,0.1196387235895653,0.1392446671378003,0.1227503673415639,0.11408305221318901,0.11804388288708538,0.14142935520015404,0.11118037182802197,0.1258934729214888,0.13324376487024348,0.11814290751951279,0.10646451308630442,0.11676700320411723,0.13188310055077396,0.11632922310202107,0.11299387666682438,0.11360360370724576,0.11416643501329833,0.11956054398364828,0.12304746869387188,0.10631340424249244,0.11052377360208962,0.10160840718391435,0.11308246904073438,0.12422546620240457,0.1290888977189669,0.11201937051537411,0.11207148268160219,0.1308717486063807,0.1140517836976168,0.11371304265076337,0.11653768935764891,0.12203628857808341,0.12953199822554098,0.10780888006248769,0.12236987159750985,0.11165979799178272,0.10686573525070166,0.1101329452609634,0.12192683211611992,0.11777808085878183,0.11242584679694412,0.10441155461335429,0.10983591768624573,0.10726696051088289,0.09887834936493159,0.10537549710208971,0.0998942892513832,0.07752215672559785,0.08126666954319432,0.08186040009709762,0.06434299147603721,0.07622544115245061,0.07906888385400809,0.06058407889985061,0.07275727647342736,0.07810542889247452,0.08453747994523722,0.07796481803946866,0.08671466206329258,0.08583961140429322,0.08644381147625915,0.09333010480351261,0.08063648926625316,0.13824881353647436
baden-wurttemberg,2020,52,2020-12-21,2020.9699453551912,2020-12-27,2020.9863387978141,female,0.02402434885060263,0.014619254832546412,0.02893044630314788,0.02801474504825408,0.01942042601922349,0.033654888530837174,0.033993108458347285,0.03176089758912708,0.03422726200453944,0.07052340098500207,0.057153397253861773,0.0435994729122561,0.05286406213741164,0.055555266238123804,0.0513753707662979,0.06145349851172543,0.0831260062727882,0.10349452320991732,0.11712139931955093,0.12090003747697124,0.10206690423339623,0.10211379620496312,0.11728817479786197,0.12629484502465893,0.12513243821901582,0.1140517836976168,0.1224845412546732,0.09241326880132336,0.10935650833780369,0.10541197095251652,0.08758972744780813,0.08982954521754315,0.09611196751612458,0.088438763294798,0.0801938052087123,0.10722006389211985,0.10811631770352814,0.08370934130050968,0.10917933643626569,0.10714190295484258,0.11556832836115245,0.09634640094837425,0.1276814270369264,0.10136873988060482,0.10614666395892257,0.11516182751462428,0.10829348598323064,0.10921060202208596,0.10656351567034199,0.10261919013794547,0.11590186989068006,0.10024857039230473,0.08887630865331983,0.09051192747893928,0.09396043893219924,0.09554933159085466,0.0931686154711484,0.09753421324883488,0.10018083998757092,0.11128459453109116,0.0917933718005911,0.08504791159152571,0.08205831178822012,0.09069424486616537,0.06689941551071826,0.06667032146851969,0.04690955235147974,0.04300617905444269,0.05323363897643907,0.04836168199407969,0.042032983613124145,0.0531243272434509,0.059537670978833404,0.04513478230098052,0.03868678746568847,0.06336939663173415,0.06351517437853933,0.06706602999354694,0.05971467382409355,0.06145870466096587,0.1427537692613131
baden-wurttemberg,2020,52,2020-12-21,2020.9699453551912,2020-12-27,2020.9863387978141,male,0.019701331667840917,0.0176361903851074,0.025725562456160974,0.028482999357174327,0.027525683938527255,0.03539284201072721,0.03964951234941883,0.03293682890085908,0.04355783803472377,0.06593097939883816,0.06588412004443844,0.04851262252726467,0.043443342293381516,0.040466541502732635,0.042714738936932284,0.048731226834851364,0.04650879252926853,0.0564870695573735,0.11723605740343529,0.09747690589209937,0.0914078933585318,0.09101720866406612,0.09648706151504222,0.09335094217324631,0.08794913356826306,0.09359578189314587,0.06473347581328352,0.07740758617587419,0.08532917198666373,0.08878254862370434,0.08416768055589927,0.08406872060197776,0.07936573573678733,0.08526666954516608,0.07649103086551562,0.0904858821900909,0.07989174060313872,0.08214164325193392,0.07174186662759152,0.08568856248322218,0.08685529657837944,0.07218968596173472,0.07752736448385297,0.0773190545603483,0.08067815384218059,0.09234554860135538,0.09632556237826424,0.1022544723733844,0.08377705025437185,0.08927739513288876,0.08478227817075516,0.0880793537901923,0.084016636491346,0.07352275238811484,0.07791794783962838,0.09411672130318598,0.08241767967932735,0.0713096725552289,0.08422497324687812,0.09571082831686029,0.09384583215865508,0.08751159601119952,0.07777212971028441,0.08298538184322862,0.06984128097563028,0.06648288163925835,0.06007388733272711,0.04503069209641199,0.060412279139683035,0.059771939579495954,0.0693882749214793,0.059792763506188326,0.05965220216285492,0.06190122925174295,0.05707010582485774,0.05667967902980812,0.05851210752834609,0.06781580177276138,0.07438197347017382,0.07114304447471313,0.11679306165974569
baden-wurttemberg,2020,53,2020-12-28,2020.9890710382513,2021-01-03,2021.0054794520547,female,0.00900718004430961,0.011696115277466192,0.017355295892197004,0.013521757904712061,0.016507419866139544,0.012866391638280074,0.013391724258505185,0.025408206459819525,0.03315536773858351,0.030366464833802426,0.024336493966865543,0.02658399411854058,0.04871561221097204,0.04011787144033314,0.04298536184902181,0.04505671462801884,0.06994021385733032,0.05882445973669459,0.09545034997443579,0.08970452959059191,0.09414276841068588,0.11337430381053978,0.10303080325908516,0.11589144668549807,0.11396318967227191,0.08832416869024298,0.09164230558414962,0.10388009126147732,0.09111618184238487,0.08343329801640198,0.07637125494463122,0.08119896385800017,0.07560573709717888,0.07600672123082042,0.08894923323768185,0.0747308733564886,0.08163644830241706,0.0648428119531784,0.088506478407108,0.07608483538293598,0.0723823536059956,0.09326238340952298,0.08402705330929888,0.0813968730317115,0.08378225863909303,0.09017333974141285,0.08787100159163537,0.090199384873724,0.0815583258102561,0.08538646595737433,0.10131663843909672,0.08778766094595931,0.08111563390494175,0.10227531331959201,0.07492355041646409,0.08738658595680725,0.092017367343118,0.08701155759678342,0.08447497845532187,0.07640250081043853,0.08738658595680725,0.07317386060770309,0.08205831178822012,0.07700659123973813,0.04851262252726467,0.05581033922999831,0.0477058764888465,0.049621268146422426,0.04574371417253374,0.03972236793093831,0.04460912889863318,0.05755423912189405,0.04391693994965605,0.04303220057294105,0.05078198818327173,0.05209889027028087,0.05474841093114227,0.059490817385352036,0.06196890981530662,0.0633225395856249,0.14596065956397072
baden-wurttemberg,2020,53,2020-12-28,2020.9890710382513,2021-01-03,2021.0054794520547,male,0.021579276930621616,0.02042441059554951,0.017454128966685363,0.022968271767745563,0.01559713890789836,0.0162577412173633,0.025137675008584763,0.022952664878080786,0.028358131129176675,0.03295764208392984,0.03393066769077411,0.03031443448449818,0.040476949600232785,0.041450115920081715,0.05365006673103122,0.05848087241070243,0.05030832799871698,0.054602657759135295,0.0686593079467776,0.06525412615763641,0.07764714306773321,0.08406872060197776,0.07777733749357997,0.0805114957387767,0.07077854741006565,0.0784647694664643,0.07398620926872651,0.08432393349816103,0.07098162403088212,0.07060671396573766,0.07838144389483122,0.06172421896352105,0.056768175513098706,0.07384560955386028,0.06487405089251719,0.05512320667797219,0.06775852715825857,0.07050257276068048,0.05894940114538459,0.05110990930002715,0.06746174152985164,0.06373384176502035,0.06655577482590448,0.060740260992557096,0.0673523998832152,0.05860060713022269,0.05998538522341881,0.07845435376271323,0.08671987074225694,0.06881551429536291,0.06373904814257557,0.05931381530207407,0.07637125494463122,0.06949762084908728,0.0790480522065745,0.07198660462300467,0.07849080873498683,0.07530369914214612,0.08184998371316704,0.07176269534831511,0.06828962145783897,0.0801573490425217,0.0735279597458482,0.06608717755181963,0.06216153959373492,0.05088088481022107,0.053978005934948635,0.04778915291995738,0.05576348899482941,0.06170339426334358,0.05374376343539674,0.055805133646225843,0.05531581109867697,0.06190122925174295,0.05010533209751932,0.055013890972763727,0.06631626902489622,0.03589238429710271,0.07032032615368167,0.061651332549392125,0.09973798951538064
baden-wurttemberg,2021,1,2021-01-04,2021.0082191780823,2021-01-10,2021.0246575342467,female,0.016892343465108452,0.02467465329063319,0.018432066355112433,0.01439559244191866,0.01826560762847452,0.029029301380254075,0.018754581654336435,0.028685910867197864,0.024211635695512428,0.021251541985756222,0.02805116467661672,0.037906212806610474,0.03810916109077172,0.03197943148484581,0.03997215927110676,0.060401867051248066,0.05196876012061076,0.07360607017446603,0.08257913562737088,0.10611540021527474,0.13197172511211838,0.14417729127808956,0.12563805592341826,0.11561002093534538,0.11382769321958489,0.11616766232874018,0.11007562401793167,0.115396346845956,0.10801210135038176,0.11165979799178272,0.10142605152655548,0.09902422669232298,0.08953784255551257,0.09017854876683377,0.07944906288568623,0.07930324046274602,0.07451215972113467,0.08661048859363366,0.09477832187667434,0.08161561562636407,0.08548542841909959,0.08762098005532326,0.1023951489223737,0.0806833619165159,0.0836937161698274,0.08838667480687899,0.09808645101404696,0.08542292578978046,0.10586529094277218,0.09990470925048779,0.10552139265730397,0.09617969262132423,0.09042337355007275,0.08904299356784338,0.09735187187844152,0.08969932061265494,0.08775640823826689,0.09005353230081922,0.08157915846335717,0.08365725754983709,0.08242288792789405,0.08026671761777546,0.07502249296794512,0.06162530171195693,0.052988989225742245,0.04521805461466013,0.05008971706102237,0.05543553853056972,0.04340691188309837,0.03950380149259468,0.03936849891971599,0.04258983652944474,0.06019362572036922,0.04856987594756724,0.036277451418165865,0.055550060679891745,0.07917304221638528,0.061661744888013695,0.05441526142399516,0.06844061984707421,0.1291983692576453
baden-wurttemberg,2021,1,2021-01-04,2021.0082191780823,2021-01-10,2021.0246575342467,male,0.01542028617041256,0.016694679639459004,0.0175789710134846,0.019181137219148253,0.01649181491546561,0.01641899187425904,0.01999784483209072,0.02114229746315074,0.02280700080045453,0.03623582240274669,0.03892096214829142,0.03669374340536833,0.04815869369198382,0.04125235872288552,0.052947346829617555,0.04736756735888252,0.04540541780800134,0.08476665271767003,0.06811779623792977,0.08842313674294484,0.1068292603805613,0.08748034346942539,0.09053276371941293,0.09672670631976579,0.09091302657461292,0.08153228500561942,0.0915589588939725,0.09202257655326503,0.10791309600835212,0.08303746492094738,0.10559955115883651,0.0813604160220645,0.07878244943324356,0.07934490397043198,0.06454083650710833,0.07994382058236432,0.0771003300387748,0.07201784785426467,0.0733821539263549,0.06834168981839103,0.06552486639689192,0.07104410930453689,0.06601949162791869,0.08555834824825118,0.08462081538199144,0.07530369914214612,0.08529792075652125,0.08311038131738735,0.08899090447466267,0.09067340856098663,0.08824082731827128,0.07461110148984795,0.07185642469481601,0.08562085104034486,0.07563698250300353,0.06927892922380414,0.07138777965177369,0.08248538695134285,0.06961738093838726,0.06944555133107229,0.0719189110196756,0.06971110641806216,0.06832606930474815,0.07527766146953588,0.05594047899359835,0.05703366586662338,0.05773644099245908,0.04350059013253707,0.05338459365214908,0.036995557180068694,0.05817372808655679,0.043026996268197344,0.04804939262675356,0.059110784242573614,0.04906433992784663,0.05036558339617555,0.07957926182315367,0.056788998236937824,0.05962617232615096,0.08063648926625316,0.1043438187860876
baden-wurttemberg,2021,2,2021-01-11,2021.027397260274,2021-01-17,2021.0438356164384,female,0.02064809891888209,0.019737745474133737,0.014551635868808968,0.015357867700785595,0.015378673849002994,0.02322318496194863,0.02369139612518832,0.017412515017688462,0.01894705141499828,0.03507022350120618,0.02912815664528998,0.03579871975286834,0.020107086950389725,0.027853458429279256,0.016392983669967363,0.030189561858581068,0.05094855103176786,0.06755025636457214,0.08954826047955118,0.08985038118459006,0.10333821265209645,0.09492418770255973,0.0939864859614107,0.11230077683342998,0.09879499107587987,0.09401774241369006,0.07176269534831511,0.08082918820976204,0.09278312683424615,0.07315303132172642,0.0838968432348744,0.07599109841447495,0.07878244943324356,0.05493580846688451,0.07069523415402298,0.0676543916571415,0.06547280085679431,0.05571663880187674,0.0782147931521246,0.07646499259837268,0.06925810149793486,0.05766876593744024,0.07312178740840533,0.07435072881844113,0.07970425310981666,0.0628904154839019,0.06832086246791379,0.07287704407021454,0.0916318872405718,0.08740742094499775,0.067565876645161,0.07029429097625384,0.069830866999032,0.06692024229187675,0.06901337634386008,0.07985007665731925,0.08190206565367977,0.06290603436478938,0.06513437611682216,0.0600010032317609,0.0725750219641153,0.06319238134574384,0.07103369508704686,0.05111511441378844,0.04209543411059242,0.03705800162802277,0.03756276366860042,0.04016470758144566,0.02587123470959719,0.03193780591009149,0.03936849891971599,0.026942978834129074,0.029638044681042794,0.042621062103190534,0.04374519524615969,0.03949859754097675,0.06908627307782816,0.05717422013195853,0.05441526142399516,0.06611841723871298,0.13108548629559635
baden-wurttemberg,2021,2,2021-01-11,2021.027397260274,2021-01-17,2021.0438356164384,male,0.024492567227658763,0.014837716700948375,0.02405556327791183,0.021012244759291584,0.018328029588521866,0.012772768560188606,0.02475789284607234,0.020179915156756156,0.030741084885621703,0.030194764878671343,0.03789580522364522,0.023800646003214656,0.035111851583511704,0.025533067604319865,0.04019593169894915,0.05131811425698727,0.046368267089239024,0.048018163793170615,0.0727208255204646,0.05922531448637019,0.07713157634267345,0.08270413412498295,0.08672507942173725,0.08416768055589927,0.0859750349479349,0.07230945225123998,0.07652227680329424,0.08706364470726849,0.08021984534306724,0.08167811367956153,0.07598589081007336,0.07687119105055445,0.0833812145422164,0.059980179221676665,0.07530369914214612,0.06969027851909089,0.08063648926625316,0.07273124007584172,0.06393168447846136,0.061219222335250546,0.07129405115000081,0.07104410930453689,0.059105578328397544,0.059641790226610904,0.06879468675510582,0.06509793050695976,0.057116957237259375,0.07123156557600542,0.08899090447466267,0.08034483816950423,0.06428572068647323,0.06536346339226674,0.07124197983312372,0.07262188734836038,0.05945958167981614,0.05053214491087551,0.05995935521993743,0.04969934267246063,0.06616007018377265,0.0496785227873878,0.0669566891789786,0.05292132034897696,0.06155241543647631,0.05017299730986679,0.04773190035924526,0.042183905777065524,0.048528237090184334,0.039061467464052084,0.05057378537291367,0.033196994287997925,0.03253097349605066,0.03802590016042626,0.03271308770898183,0.04237646227736401,0.039248808475631315,0.05468073976476109,0.062270870325958266,0.050022051957037725,0.048528237090184334,0.05232792012463811,0.09044420975506315
baden-wurttemberg,2021,3,2021-01-18,2021.0465753424658,2021-01-24,2021.0630136986301,female,0.01877018728406492,0.01677790642183421,0.01649181491546561,0.017277269913448006,0.012497101586897534,0.02419082601276645,0.02171453322428923,0.017412515017688462,0.020003046832517246,0.03081913106945035,0.02157407477250906,0.022104697581028895,0.02116830804295771,0.02269255073999475,0.03074628796089661,0.028108395572714745,0.04075796902019888,0.06250515124048729,0.06664949478745799,0.05446731589378809,0.06825317363647677,0.06556651886650909,0.061500353873676805,0.071814767186624745,0.05609144152740616,0.06872179042989959,0.07335611721589134,0.07061712809771505,0.060063475312048926,0.05881925385118346,0.06345790450069912,0.06064655168064202,0.05155234583003042,0.05070911710481969,0.04881970979204756,0.05746574130082786,0.05794467248340805,0.057975907278971214,0.050375993475214376,0.044099094042913775,0.04862192456618339,0.061318138814350505,0.047711081261886654,0.058522519238396686,0.07332487318055282,0.06368698439050967,0.05705969440561281,0.06424927567141471,0.06396812927093748,0.055805133646225843,0.051011012237505156,0.0716221016453454,0.06234375760848118,0.05376458494818435,0.05956890673127655,0.0520624537955439,0.04795570618226852,0.054243482043374744,0.05280680398890015,0.0515107045843754,0.05534183877781021,0.046753411793750844,0.04446860859217735,0.029403911798927086,0.040643479443550776,0.0340919731603515,0.02269255073999475,0.029716089209353567,0.03255178651667696,0.0201695111210304,0.02886801161443303,0.03302528498643982,0.0215532661452516,0.030725475662914902,0.02773899726122771,0.03208869877710804,0.051807399187282034,0.039227992774347235,0.03997215927110676,0.05219258417968321,0.08605837268855501
baden-wurttemberg,2021,3,2021-01-18,2021.0465753424658,2021-01-24,2021.0630136986301,male,0.008164640941084106,0.01854650703877881,0.01480130632580804,0.01370380555568146,0.021990249066300163,0.024633033562881032,0.018093947624718002,0.019217550661174313,0.0247891077137147,0.02919059164635338,0.027650550167573017,0.02181337458445638,0.03209910519786996,0.029461144183870868,0.019602494322149867,0.034534264918116224,0.028977272368875834,0.04236605379965862,0.05337938831120597,0.05126606293959195,0.055081562572699104,0.07394975745429094,0.06084438264829691,0.05978755752373633,0.07046091633705347,0.06095891671041996,0.06364533342638877,0.05094334593467349,0.06222922049610063,0.04967331781742496,0.05647145260439263,0.05700243163703027,0.06104742047666037,0.04320394292158315,0.05579472248025004,0.05601856300809312,0.055159645297441204,0.0541810169547506,0.045035896601689246,0.03843179845508518,0.03815599542268296,0.048070211859561424,0.049891927004556955,0.04550950876267479,0.06325485726022934,0.046264174415528596,0.05631528333252002,0.045098350705681335,0.05400923834794774,0.04642551814859507,0.06017800765416781,0.0462069235338087,0.060792321794363245,0.05903269558461643,0.04559798623797571,0.04484853473977693,0.060532018306530315,0.043484977079246305,0.05637775098498367,0.053270076271830925,0.0452492817666697,0.03936329498163858,0.051401396473187734,0.05089129499242058,0.03281194997738157,0.03514827618286303,0.022583303190004095,0.03018435883900562,0.03371212559470242,0.029403911798927086,0.03154236461180955,0.027015816615082386,0.029643247645955384,0.033451957630262326,0.023301219863057523,0.031651630985668644,0.031126113862355444,0.024331291532909555,0.031885773988506096,0.050917320457034294,0.062312520189175706
baden-wurttemberg,2021,4,2021-01-25,2021.0657534246575,2021-01-31,2021.0821917808219,female,0.008445485792009783,0.012829982643439736,0.0155243171196172,0.025918058020581027,0.010572674748807659,0.01741771675949474,0.017766234645672403,0.018437268198909004,0.022104697581028895,0.018062736775831804,0.01942042601922349,0.022104697581028895,0.03175569441232444,0.030949208302808583,0.024596616328426666,0.020819767354506157,0.0397379798545483,0.04737797683775428,0.058689106882718396,0.04777353857896834,0.06271340182842024,0.06901858325003735,0.06320800031732524,0.051167165580086396,0.05450895950714556,0.057653148629555444,0.04862712943090747,0.045499099657830486,0.05321802300051733,0.04523887271391622,0.04594669304766488,0.05925134412241017,0.04224115222970406,0.0422515606824088,0.04881970979204756,0.045093146194147476,0.045145191332897815,0.031615208835539886,0.03984726345103573,0.05660159402256561,0.04788283906436989,0.0394101304431067,0.04231921567576922,0.05931381530207407,0.039836855479570076,0.042183905777065524,0.03615776808864708,0.037599189984796486,0.05527416683915676,0.0697631762019823,0.067565876645161,0.04906433992784663,0.04799734458120121,0.04719060653688801,0.04953798878118495,0.04396377951269721,0.06317155605759583,0.03403993908323867,0.043417320569147176,0.03756796742649722,0.04242330045281737,0.03727135405766968,0.03450824765175377,0.03780734085254592,0.02684933040852547,0.025200105218565173,0.016429395159616854,0.023290815202809897,0.026708858086354943,0.016803914818648753,0.02536658614494264,0.021724937569143943,0.02514808003837646,0.011888558914063657,0.02240122445005047,0.02344688532511468,0.035970438212844374,0.029138562473594712,0.023311624525387008,0.03943094621730098,0.0543944396506662
baden-wurttemberg,2021,4,2021-01-25,2021.0657534246575,2021-01-31,2021.0821917808219,male,0.012699950727104952,0.012980820073743847,0.01480130632580804,0.014614053370672519,0.028410159521071628,0.013683000077598486,0.02285382135233424,0.016335765666323752,0.017849463143106564,0.013084846142679749,0.012289052008682562,0.01983138109312592,0.028087584330481093,0.026516359594498717,0.03137066077391138,0.02269255073999475,0.03960267667233758,0.04142409519326814,0.03772928417949908,0.04684709607212461,0.04321435156700434,0.05326487094235708,0.04334445981055848,0.04354222496423847,0.05001684695268903,0.058121669906333065,0.037890601432940846,0.05094334593467349,0.055310605564410184,0.05443608320566157,0.049746187444349825,0.04738838631870983,0.05382184415134199,0.03546569162859827,0.04368794713770722,0.03961828856001279,0.041012969437776256,0.04277198597395902,0.042855254503961625,0.05338459365214908,0.03743266989050533,0.04304260918398527,0.049121593955608694,0.0431571040429735,0.04427083991527267,0.04077358125472403,0.04263147063193929,0.04747686699096243,0.0563933679098293,0.05379581723299806,0.05333774560244267,0.05082883393048463,0.05342103105331768,0.04427083991527267,0.035783109011894666,0.0482575853299201,0.05995935521993743,0.033316670803178516,0.04601955745251443,0.033514397823016205,0.04028960416397081,0.033550821303411006,0.03989930333960604,0.03511705509614594,0.028337319786994587,0.035928809443206255,0.029279041359514337,0.021303563267664152,0.0299658324870681,0.03224999853293815,0.025626713659452495,0.034019125466970314,0.02452898438924432,0.028992881066826102,0.029435129455634618,0.031651630985668644,0.053618834533758146,0.024331291532909555,0.033269840829649726,0.029695277323685064,0.05062063093256117
baden-wurttemberg,2021,5,2021-02-01,2021.0849315068492,2021-02-07,2021.1013698630136,female,0.01032302459408969,0.014806507806412532,0.014551635868808968,0.013438536333678437,0.007691368790742345,0.008705528673083116,0.015794798561581988,0.012294253237996145,0.016840326596036313,0.009563679407277743,0.01942042601922349,0.020003046832517246,0.016933956997830492,0.02269255073999475,0.006146763280864589,0.024986802310579447,0.03871801069577255,0.04334445981055848,0.04177277401429003,0.04586341956714903,0.04795050138474914,0.03881168049850649,0.03757317118490899,0.041257562850015805,0.046607681029531826,0.04422400007564283,0.0334779743681285,0.03765122762362214,0.0410493981709377,0.04222033533054472,0.03573107324251107,0.04669616037338888,0.033649685164522075,0.03239048582471813,0.03861393333506731,0.04072674456520484,0.03912391439292093,0.03989930333960604,0.034581096030364106,0.051453447926050395,0.036829039018782296,0.03502859545223135,0.03539284201072721,0.0403260323903802,0.03664691039043599,0.036610484741317,0.03857230244911182,0.0454366450725269,0.03710483501320564,0.050662271465457084,0.037906212806610474,0.048398115875771905,0.041137868057724444,0.041814407462603606,0.03892096214829142,0.03875443782122968,0.04444779080129266,0.032307234050443064,0.029331070672825185,0.03514307266711036,0.0344301959307815,0.041065010492966195,0.027874269577812125,0.02169892671091331,0.02467465329063319,0.017787041757538067,0.02269255073999475,0.012044594817923965,0.01668947796998015,0.021007042657905466,0.02011749097362581,0.027811836157200263,0.01885861927433708,0.013870249680017977,0.017069201209161364,0.012341064325200612,0.01726166473174986,0.014567240237249476,0.026646426064969374,0.037110038725270904,0.041403278621194514
baden-wurttemberg,2021,5,2021-02-01,2021.0849315068492,2021-02-07,2021.1013698630136,male,0.006349587650215769,0.013911860794347813,0.012028991206470531,0.02649554898941377,0.01924356027822808,0.012772768560188606,0.019045887514883748,0.01826040580185584,0.02082496943715721,0.017110814883415926,0.021506446764364646,0.016855931651297302,0.017048394384522287,0.02062208859928993,0.018624534922042267,0.02368099138687019,0.034773624379385075,0.02729676329734818,0.04877807073461048,0.0388897387963456,0.03643356052282371,0.03576749827561323,0.03878045721217865,0.0346851653196942,0.030990833086205812,0.041814407462603606,0.041465728362415195,0.0403260323903802,0.04424481777693484,0.04490578412595868,0.047055283961695435,0.03714126100861542,0.04331843813580664,0.0277233889396535,0.03629306230754509,0.0279991366439112,0.036058899458987825,0.03278593357273398,0.03558537336524092,0.03771887663194529,0.04175716147976913,0.0351534796991422,0.033764159343787806,0.036090121111204534,0.04031562432308695,0.036069306674310506,0.04826799498695923,0.03956104499479871,0.046066398909544434,0.04052378606476071,0.03486728707719771,0.04092449976348459,0.043594268550743664,0.04249615992071718,0.03174008488505191,0.030652632685556156,0.03311374122249157,0.03501298494245231,0.040263584017874825,0.029919005531132456,0.02912815664528998,0.02322838728504327,0.03042890132168197,0.03153195830246389,0.02311393629713059,0.0304601195937375,0.022583303190004095,0.019529666924480757,0.01404189574124071,0.01896785899936338,0.023654979550180276,0.018005516934847407,0.027598522535702004,0.021183914397082358,0.013485348450993466,0.01870256292238956,0.029393505917522614,0.02297867636345579,0.020793756949039816,0.026864938467750194,0.036058899458987825
baden-wurttemberg,2021,6,2021-02-08,2021.1041095890412,2021-02-14,2021.1205479452055,female,0.01032302459408969,0.011841748234208584,0.008731533032711871,0.017277269913448006,0.012497101586897534,0.010645489603034252,0.012829982643439736,0.01331890555866096,0.017896279231453784,0.011685712939020211,0.02157407477250906,0.029476753027064314,0.01798991153460109,0.02062729066216523,0.012294253237996145,0.027067843663946586,0.015279844719116973,0.027213519677689067,0.029830554729414812,0.03439377183442239,0.042418096209019505,0.02587123470959719,0.03842659461074213,0.03465394451102432,0.03475281046944847,0.03474240351761011,0.02550185229009158,0.038437002299943214,0.03344675428424764,0.03241650203151779,0.0247891077137147,0.027874269577812125,0.03150073938692207,0.02394111046938264,0.02695338422516247,0.03127180124564645,0.0346071133331692,0.029357085349008386,0.02555908038049852,0.02424805266035366,0.02798873104361682,0.03430010998950347,0.028467390812278864,0.03399831185903285,0.03346236432384794,0.023873479382754605,0.030532962301419123,0.028982475267673936,0.03552813423943771,0.029362288285803326,0.03170366267296771,0.02916977997100291,0.033654888530837174,0.025683941887274634,0.03243211176184075,0.02660480475902166,0.026313456550184463,0.028847200068186574,0.030506947036964844,0.030293622359353466,0.028894026058956992,0.02716149248307872,0.025215712782768726,0.01890023438062186,0.019592090401952436,0.009631291885159604,0.014863724127366848,0.01606007980396201,0.015019768959045821,0.015966450975643053,0.02186539642843016,0.012164222661305117,0.01526424013682805,0.012881995501013856,0.016002862166626535,0.014806507806412532,0.02445615009157144,0.010083777653838487,0.016653066298220602,0.022031866678875005,0.0344041787164938
baden-wurttemberg,2021,6,2021-02-08,2021.1041095890412,2021-02-14,2021.1205479452055,male,0.00906959089131662,0.010203400986370103,0.00832586650339889,0.01004737060725646,0.014660866546239245,0.01641899187425904,0.016190120122963836,0.020179915156756156,0.003967751371641334,0.014088708401723202,0.017407313276408307,0.016855931651297302,0.018052333163697372,0.01865574610813226,0.018624534922042267,0.015784395403182796,0.02221394412551947,0.016944360386214385,0.025761980481260664,0.03623582240274669,0.03558537336524092,0.03735981751693186,0.03117294190532744,0.03320740093055818,0.030288419329371697,0.03330626413875032,0.0364595787524942,0.03466435144516484,0.03387343038635642,0.027213519677689067,0.033608058252722395,0.032015853890086564,0.037406651173937926,0.030304028420884612,0.03293162560639593,0.0279991366439112,0.02898767816698684,0.02351971820916393,0.02396712244920358,0.02490356238871051,0.030954411398908175,0.024388518335081114,0.03760439374633277,0.03373814246273667,0.03715166844056288,0.026656831396661633,0.03539284201072721,0.028477796508357196,0.030970020690342243,0.03905105964986489,0.02803035345728778,0.03828088718065543,0.028852402953970215,0.03482045570720606,0.03751592987099191,0.02327000588856024,0.026828519670183897,0.03388383716429119,0.02990859954665048,0.028722330965627346,0.02788987794467474,0.02322838728504327,0.022312786434970013,0.022931855699151363,0.02087699029231954,0.014057499956717082,0.015893628670174555,0.020414006510905577,0.01404189574124071,0.014223945213187246,0.013797430310069239,0.011004364302806092,0.018395653463129862,0.018952253310311876,0.009808124935256148,0.01726166473174986,0.03458629948988143,0.016221329847915026,0.0166322596400894,0.02544982680800896,0.02369659849512521
baden-wurttemberg,2021,7,2021-02-15,2021.123287671233,2021-02-21,2021.1397260273973,female,0.007509342187557531,0.014806507806412532,0.0067916435039738305,0.015357867700785595,0.012497101586897534,0.01645020173657643,0.011841748234208584,0.010245009166539523,0.011576488510976585,0.017001579059527188,0.014021090127885627,0.017896279231453784,0.01905108942008456,0.014442405420821295,0.01434357807035207,0.014572441694434968,0.02139199956634262,0.0201539050713419,0.0248619424777439,0.03247894098093046,0.032270811441104386,0.0396755321882428,0.03159439618977572,0.030527759247483577,0.03554374490386645,0.03158398987001743,0.021516851067584757,0.027452845443380468,0.03648559699518292,0.024123194601358353,0.030626617361225725,0.029268635503098047,0.03150073938692207,0.030278013270964195,0.022583303190004095,0.028363333966020723,0.02181337458445638,0.024841132534752543,0.023301219863057523,0.020575270056807718,0.023566539402775682,0.030652632685556156,0.024617426173565,0.02529895320431984,0.019118714235009465,0.030241592082934123,0.028118801196954944,0.027416426234070354,0.03710483501320564,0.022754978014472772,0.033082521357290444,0.03314496110643655,0.016824721545464133,0.022099495370346427,0.03183894530359669,0.024289672079976055,0.034503044200046816,0.025959678776853377,0.03108969208031053,0.022416831174205135,0.02090300073941348,0.022739371188830015,0.02654237286256396,0.019602494322149867,0.01886902304778601,0.017043192679666256,0.008606712225085364,0.011243615478634129,0.011680511770580458,0.021007042657905466,0.01136844261605168,0.006084355941765483,0.008081427943217201,0.021802970221906862,0.014936544990546254,0.013573771454237438,0.011508873503826681,0.014567240237249476,0.007769380387165525,0.026672439398101128,0.02874314246189848
baden-wurttemberg,2021,7,2021-02-15,2021.123287671233,2021-02-21,2021.1397260273973,male,0.007254506013557681,0.01576358909262821,0.012028991206470531,0.017355295892197004,0.02107467001655247,0.020070672885458985,0.013329308223824075,0.017298076829667556,0.01388065245547877,0.022141113070355437,0.019456839628814008,0.014874127101577476,0.0100317675950974,0.015711573352663797,0.012741560904955655,0.014796104845729624,0.026079338636698868,0.02635507762293479,0.012881995501013856,0.041538586488630395,0.03558537336524092,0.04371917337086659,0.03117294190532744,0.03320740093055818,0.03381098976249051,0.03330626413875032,0.022156719716449013,0.028295697127617623,0.036636503059511785,0.029253026722375113,0.033608058252722395,0.029455941237184754,0.03346756767141887,0.0277233889396535,0.03293162560639593,0.0279991366439112,0.02898767816698684,0.026370685533807756,0.029050112999381636,0.018499690365016214,0.03887412712740609,0.019368406621194236,0.02379024124304235,0.03295243878737827,0.023712205608064495,0.03449784074885478,0.020107086950389725,0.03560098404685315,0.033353094145075333,0.030944005207223825,0.02803035345728778,0.02573596760358771,0.027624536345130603,0.023608158276936315,0.029435129455634618,0.03178691348093245,0.02169372454082502,0.028795171239016606,0.025881639886172834,0.028722330965627346,0.02974730705346839,0.01741771675949474,0.02163650070423713,0.023644574819148775,0.019384012435137786,0.01561794515185277,0.015056179487153957,0.019529666924480757,0.01404189574124071,0.015175814258995226,0.010843130435630415,0.015004164454808108,0.013287697575658008,0.012263045869935648,0.009808124935256148,0.011508873503826681,0.027666158467289727,0.014868925614209124,0.015248635559227649,0.019794967221257495,0.022848619066712792
baden-wurttemberg,2021,8,2021-02-22,2021.1424657534246,2021-02-28,2021.158904109589,female,0.011264419980728982,0.02171453322428923,0.031048067217778943,0.01919674297689591,0.0211474995780736,0.013547764672971363,0.017766234645672403,0.020486835147121667,0.0263186591824593,0.01912391614748985,0.023733015099274033,0.011576488510976585,0.023285612873469672,0.028883620279586825,0.029721292182069287,0.028108395572714745,0.02547063699459589,0.03224999853293815,0.04177277401429003,0.04012827946804521,0.03688107588689908,0.03536162077716536,0.0367197617652276,0.03713085357875095,0.030012659485178096,0.036324284100357374,0.04065388757646613,0.03451345110398719,0.02736439883644126,0.024123194601358353,0.03427409284030171,0.037635616326503654,0.04940786504001814,0.030278013270964195,0.033514397823016205,0.042912501695682885,0.030090704575728534,0.030860755748723896,0.03081913106945035,0.03307211473972203,0.03535641724005798,0.03357163473223588,0.04540021326573404,0.028462187965017663,0.039836855479570076,0.036610484741317,0.03857230244911182,0.030548571466337864,0.03394627787563679,0.027895080734673915,0.03032484055019417,0.031157332552986423,0.034903711505238535,0.024487364778082346,0.02948195597583279,0.02544462426266061,0.02982014876263316,0.028847200068186574,0.02874314246189848,0.023628967726507962,0.025205307739443926,0.019581686483836572,0.02256249415888399,0.02169892671091331,0.020320369842783625,0.02223475301715946,0.014863724127366848,0.020075874893171124,0.012517906590501499,0.01428636232171272,0.01136844261605168,0.016512621517401002,0.014369585249631773,0.012881995501013856,0.01173252347841739,0.012341064325200612,0.020143501040820178,0.01905108942008456,0.01998223883392199,0.024352101271867984,0.023306422193959144
baden-wurttemberg,2021,8,2021-02-22,2021.1424657534246,2021-02-28,2021.158904109589,male,0.017235656105985493,0.016694679639459004,0.019430829905075154,0.021012244759291584,0.024742285419274965,0.023722610352628317,0.018093947624718002,0.02114229746315074,0.02082496943715721,0.01811475486771989,0.018432066355112433,0.017849463143106564,0.016049676592490326,0.013745416536820583,0.02450297212836152,0.02368099138687019,0.02704183013301061,0.032005447485985175,0.03220837274160241,0.03358204144977235,0.04491098861874011,0.042928114577088256,0.03725574287459535,0.04059143881022278,0.03381098976249051,0.03684985375978247,0.03288479597962832,0.026880546531653973,0.029721292182069287,0.04490578412595868,0.03696953868221401,0.03650120794704954,0.03412319363161541,0.036110935556430114,0.026880546531653973,0.029367491223124625,0.03252056698886141,0.03278593357273398,0.03123017623734026,0.03415961753844482,0.03815599542268296,0.03156317723674844,0.03837455619598286,0.036090121111204534,0.042688717577295594,0.042345236850498014,0.041830020014312116,0.02927383843104301,0.035736276817103896,0.04421359122812214,0.03760439374633277,0.041585423909386174,0.03622021153055142,0.03305130151083315,0.02885760584026865,0.02611055429759684,0.027973122647082346,0.029929411517696826,0.025304155735088197,0.02094461748183015,0.032848372965748836,0.03032484055019417,0.025018017315627496,0.017194042331825046,0.017896279231453784,0.01796390254459583,0.019238358353778868,0.012424284139840888,0.018723370408923815,0.01896785899936338,0.01971173560989486,0.016008063767416442,0.008175042575181122,0.014494419891242694,0.01716803373988884,0.008632716535297642,0.013828638598991673,0.02297867636345579,0.013859846906638294,0.02544982680800896,0.022510471617515317
baden-wurttemberg,2021,9,2021-03-01,2021.1616438356164,2021-03-07,2021.1780821917807,female,0.01032302459408969,0.02171453322428923,0.032988861874155756,0.03072027258971668,0.03942053832916226,0.03677700220273344,0.01974294744854616,0.026636020735359246,0.02526773803062301,0.03188057079921395,0.025892045064830553,0.03264024194727222,0.03069425723155213,0.02269255073999475,0.03382139652792902,0.031235379361559235,0.034638334113721636,0.04334445981055848,0.04873643171051591,0.050641451194841015,0.05717942585278269,0.04830442880300376,0.04526489534970382,0.04786201990658029,0.04028440013370653,0.04027399207474618,0.03427409284030171,0.04628499293360102,0.039529821258513495,0.03015314073250295,0.04594669304766488,0.04391173555637019,0.04009185138016989,0.03239048582471813,0.028410159521071628,0.03127180124564645,0.028587056442894578,0.042912501695682885,0.03232804698151775,0.03527836424597828,0.04125235872288552,0.041601036392344484,0.03462272372110519,0.03162561516154576,0.03744828112669014,0.04616528656850971,0.05464950694844008,0.04230360297717748,0.03394627787563679,0.040378072758094935,0.034461416605112934,0.03181813256828335,0.03178691348093245,0.03942574227296834,0.03773969172913588,0.0318129293857595,0.03742746614614804,0.025382193759120552,0.026984600410755597,0.02786906678989518,0.02705223554382453,0.024003539242806113,0.02123593561133503,0.018197983922985494,0.018140763933183292,0.017043192679666256,0.017214849214742513,0.007228502392555595,0.012517906590501499,0.017646593913984696,0.016616654651957382,0.013901458012643687,0.013469744407207957,0.00792540393112291,0.01173252347841739,0.009870536743572083,0.01870256292238956,0.016809116499569208,0.015539921779952344,0.0127519634546151,0.024305279370919582
baden-wurttemberg,2021,9,2021-03-01,2021.1616438356164,2021-03-07,2021.1780821917807,male,0.017235656105985493,0.029679668414897036,0.02961202986430606,0.03471638614710906,0.0375783749438473,0.04745084324819709,0.027619333582200315,0.024986802310579447,0.02578279079277061,0.03220837274160241,0.026625615407831257,0.030741084885621703,0.02407117049859004,0.03437816151521754,0.02352492056192523,0.04243370894198143,0.032843169680131096,0.04707610279649588,0.04141368690618967,0.04065388757646613,0.04406266317321818,0.04371917337086659,0.04714896878393621,0.039852467437546855,0.04438013303847859,0.046066398909544434,0.038603525610453805,0.04598832983793396,0.04216829311910552,0.042183905777065524,0.03898861280848737,0.03522112545811492,0.037406651173937926,0.03482045570720606,0.03427409284030171,0.045764532482237726,0.039597472710824616,0.037068409043306466,0.03776571061233823,0.04056541851309214,0.03815599542268296,0.04161144471692278,0.036069306674310506,0.036875872197746386,0.043479772729193046,0.03999297527028432,0.05309309536194535,0.05143262733865298,0.048450164322461804,0.04715937821904849,0.03486728707719771,0.041585423909386174,0.0386763797264933,0.03895738941592654,0.030590195929035793,0.03235406315707275,0.043391298857928785,0.03501298494245231,0.031058473430288107,0.03471118267457441,0.02602731257684399,0.024518579483330884,0.026370685533807756,0.027947108663261708,0.02460702124995485,0.022650932598651512,0.015893628670174555,0.013313704226862691,0.017787041757538067,0.017069201209161364,0.013797430310069239,0.016008063767416442,0.01737610283963735,0.020070672885458985,0.023301219863057523,0.012944410998783754,0.01728767337051709,0.016221329847915026,0.01802112233978274,0.026864938467750194,0.01777143642285684
baden-wurttemberg,2021,10,2021-03-08,2021.1808219178083,2021-03-14,2021.1972602739727,female,0.013142060569296185,0.018754581654336435,0.030080298556886934,0.05473279450031702,0.06347352355204033,0.06292165325036243,0.05825702128331127,0.02971088623715266,0.03264024194727222,0.04889257822279298,0.04316230836073877,0.028425768048788314,0.029638044681042794,0.033009675078052914,0.03074628796089661,0.047898453438179264,0.04789324864639044,0.039311255629478986,0.059683437984089836,0.0602040377671076,0.07286662948562998,0.06125045909779729,0.06833648297998678,0.0519895809226747,0.06399416128119675,0.057653148629555444,0.06298412883957963,0.05020943246068248,0.0524580511731114,0.061078657135998894,0.05907954876531765,0.048788480495843896,0.046540020456404665,0.05141180675959203,0.04736236262022517,0.04072674456520484,0.05192191334645064,0.06023527391983167,0.05789782032524452,0.05660159402256561,0.04640990421706133,0.05693475753727567,0.06387962053352846,0.0553574553915423,0.0517969888216807,0.04298015754897164,0.059475199530235834,0.04230360297717748,0.05527416683915676,0.04992836195842812,0.04480169437978227,0.053041042267787816,0.04051337795788596,0.041814407462603606,0.04069031605807264,0.04164787386935595,0.03625663690628759,0.041543790644406255,0.04107021460134682,0.038171606876023265,0.025819208857950006,0.03917074963878367,0.02322318496194863,0.032203169520024735,0.025397801377977258,0.02297347406533756,0.014863724127366848,0.019274771835868773,0.022531280627817375,0.013443737677968907,0.018369644270182756,0.01477009745312464,0.017063999502223974,0.016845528280604895,0.009600086115211843,0.016044474987537857,0.01726166473174986,0.02241162893230172,0.012211033631454433,0.01971173560989486,0.018088745815271322
baden-wurttemberg,2021,10,2021-03-08,2021.1808219178083,2021-03-14,2021.1972602739727,male,0.012699950727104952,0.03339472085277219,0.036090121111204534,0.05848607826233721,0.052244636424522865,0.05840799054249777,0.0628747966077115,0.03844740999122737,0.033717328967265606,0.031204160624072098,0.030725475662914902,0.03669374340536833,0.03009590758592735,0.029461144183870868,0.027447642697634136,0.03354561794750358,0.05023545758403316,0.05460786322252667,0.05522211156165607,0.06895610041029239,0.051692885280301186,0.04849180311732818,0.05855896023998779,0.050927730646528065,0.05072473232731691,0.05599253499022966,0.0564870695573735,0.061562827755291004,0.05669529604532494,0.05035517331922076,0.051765757737381596,0.053155559143714726,0.06235937632516789,0.0367509838142395,0.05915763749364035,0.053285692263390416,0.05374376343539674,0.05275475118132537,0.055935273396797915,0.046264174415528596,0.05183863029659091,0.05022504753312871,0.050657066397018655,0.044723627206883984,0.04506191913590638,0.05411334652675359,0.04263147063193929,0.055393894175165576,0.052421614446714865,0.0486323342961583,0.05128688346029775,0.042902093110681674,0.03744828112669014,0.04072674456520484,0.04559798623797571,0.05280159870580081,0.03824966421303955,0.048002549383415014,0.04141368690618967,0.03830170250281466,0.03408676975029946,0.03871801069577255,0.03584034841836859,0.0394153343858712,0.02311393629713059,0.02499200481011761,0.020075874893171124,0.018640140512742695,0.02059607829270231,0.014223945213187246,0.0216833202022213,0.015004164454808108,0.022484460366350763,0.0089187648059436,0.018395653463129862,0.01726166473174986,0.010375034944150853,0.016221329847915026,0.023566539402775682,0.012725957084356844,0.019805371182045665
baden-wurttemberg,2021,11,2021-03-15,2021.2,2021-03-21,2021.2164383561644,female,0.02440412565569241,0.051338934798528385,0.050464479231184446,0.06722743828287,0.06732115945497613,0.07842310666396038,0.0612244284610415,0.04815869369198382,0.06845624039512171,0.0573980665981082,0.07123677270430097,0.0642440692427797,0.04551991786960274,0.03714126100861542,0.043047813490285775,0.05936066873607134,0.07032553319072915,0.05847046070899056,0.08257913562737088,0.08124062888460841,0.07840748312162228,0.08455831379190511,0.07346547148743021,0.071814767186624745,0.06478554061313492,0.07029949801069428,0.07654831509911568,0.06747736178385155,0.07375708400249739,0.08825124498246299,0.06783662892094965,0.06343707910621249,0.07018494337339182,0.06621213641201647,0.08090730960650588,0.07930324046274602,0.07149712978403808,0.06776894071984013,0.06843541299876393,0.06616527680425396,0.060412279139683035,0.06058928496205277,0.06465017224195665,0.051401396473187734,0.0669462757800579,0.06607676432702385,0.06188561067266464,0.07052340098500207,0.0726583382319695,0.05874637150871082,0.07032553319072915,0.07095558852235596,0.06421803710740655,0.05735121493243541,0.047768333799676724,0.047435229008793905,0.05790302611850882,0.050204227437571886,0.04224115222970406,0.04484333025325206,0.05472758902441361,0.04422400007564283,0.04446860859217735,0.032905609141872724,0.03628785867722936,0.031126113862355444,0.028170829349389727,0.029716089209353567,0.023368850205409682,0.0403468485312164,0.024492567227658763,0.0208561819440096,0.026942978834129074,0.023785038863731137,0.03093880211216547,0.027151087050402017,0.020143501040820178,0.02801994785074668,0.023311624525387008,0.022031866678875005,0.022416831174205135
baden-wurttemberg,2021,11,2021-03-15,2021.2,2021-03-21,2021.2164383561644,male,0.03175569441232444,0.03524714308114974,0.038863719350715045,0.055742666681638,0.07701179894636004,0.06571230277290552,0.09052755465850891,0.07403307592482662,0.06249473873298298,0.05537307200997013,0.058387167170344256,0.048601105112485256,0.043141491092814434,0.04813266960799165,0.06275505204608889,0.050329148135948534,0.058933783452878294,0.06120360396101662,0.07364252174797298,0.08311558963533457,0.05762711979351158,0.06837813770179602,0.0775898576236303,0.06865410107656966,0.08104272030555179,0.0786939154769413,0.07366335123002246,0.056606799686064475,0.08299059014865012,0.0605632546562714,0.07396537965735038,0.06725867865480353,0.06958613914936937,0.06643081513992388,0.06521247393824776,0.07379353568186398,0.0714346439660138,0.07273124007584172,0.06247391372423515,0.0726114728148786,0.06264572029586297,0.06458248818851582,0.07447050008536486,0.050219842508455105,0.06483760546511605,0.06588412004443844,0.07724614628427116,0.05618514263089955,0.0786522524908435,0.07739717068387109,0.06086520700446448,0.06007388733272711,0.06509272399335365,0.061989734621810955,0.04617569580670892,0.05962096636037722,0.05481608218558871,0.06213030228389114,0.05407690864046316,0.049079954656442715,0.04835127231828574,0.05421224948968314,0.05546156626963049,0.038697195206966725,0.05146385822287528,0.0320262602962705,0.039321663495744605,0.023077520126531876,0.03183894530359669,0.023712205608064495,0.024643438491696115,0.0290136926713774,0.03782295220121339,0.03791141659887134,0.0355645591303851,0.028774359721922448,0.031126113862355444,0.03108969208031053,0.024950384828363172,0.041012969437776256,0.022682146201540552
baden-wurttemberg,2021,12,2021-03-22,2021.2191780821918,2021-03-28,2021.2356164383561,female,0.027223925122858827,0.044426973018742204,0.060172801633146936,0.07202826226885042,0.0884960606917828,0.0958671159486166,0.08592815752753277,0.09226220078399887,0.07583487050920791,0.07654310743891064,0.07879286520271885,0.09164751475671841,0.0783658203650108,0.04952237391505408,0.05945958167981614,0.062484326227563676,0.07236152463706502,0.08773557311024044,0.11445306440846176,0.09559100811728792,0.11164937563687337,0.09060569062681932,0.08885547307657193,0.10734512163613391,0.08771994676970195,0.08927218619773881,0.08293329881767608,0.07846997731912797,0.08365204917764194,0.08145937082200577,0.07659518406445319,0.08506353712912064,0.07591819200027645,0.0781939618468384,0.07653269212005936,0.07930324046274602,0.07827728711804777,0.0926424762863915,0.08123021262482659,0.0786730839797169,0.08253226126823278,0.08981391824773975,0.07235111015572843,0.09651831947041817,0.08768348532670313,0.08121458823906896,0.09406462712733336,0.07365814385873078,0.09321029008955385,0.08814185961254557,0.08964202188982168,0.06564982390583558,0.0673367796667467,0.06632147566101733,0.07964175742893319,0.06942993048583779,0.07195015421025738,0.06001662124479957,0.0569191404498419,0.05757506216050457,0.060880825277060076,0.05560211628569136,0.059745909682860324,0.04410950286751557,0.040643479443550776,0.0340919731603515,0.04304260918398527,0.030522556194074422,0.03255178651667696,0.042027779408383883,0.035866366351226676,0.035637408988830326,0.023348040859932032,0.025767183058360264,0.02133477606178936,0.02344688532511468,0.0330929279769415,0.026896154600248367,0.029976238483003258,0.024352101271867984,0.028524622166475024
baden-wurttemberg,2021,12,2021-03-22,2021.2191780821918,2021-03-28,2021.2356164383561,male,0.024492567227658763,0.057523004579618627,0.046274583673522954,0.09141310250761807,0.07976674886581579,0.09037649211937324,0.10960663440294578,0.09809687065089488,0.08731366356386083,0.1097994407326424,0.08606878991552354,0.07738675519395419,0.082297890106338,0.07270520369129829,0.0804177507903347,0.06119319171413154,0.0744028032484254,0.07251253485083464,0.08469894247523975,0.096388078113646955,0.09410109304495327,0.10180639405025133,0.07682432183644405,0.09007957737312274,0.09867516376947037,0.08081877203239668,0.07580883257063165,0.08989726214096805,0.07537660469480159,0.0775898576236303,0.0975237937247303,0.08392288522367289,0.09258517432040937,0.07676182961667354,0.07463193135988219,0.08610004160894476,0.08630317807403191,0.09485646423251046,0.07410597969605667,0.08971494754802543,0.08786579279736452,0.06960696700662906,0.07600672123082042,0.0973466621343937,0.08699593147381479,0.08001152463333412,0.07885535986338316,0.09578897207402252,0.10569334151574764,0.07518392595610716,0.08207914464162476,0.08055836827637072,0.07861579740538267,0.07912096300911745,0.0791053392571109,0.06757108340640386,0.07081499700155552,0.0638275566407177,0.07249691308424283,0.07124197983312372,0.06633709557249706,0.05485772607825278,0.05749177005609889,0.053759379569208725,0.0551960839424501,0.04843454978298581,0.0376460238573933,0.041725936424784116,0.037458688620085674,0.030350855723541886,0.03154236461180955,0.037021575690936115,0.0357779054326154,0.025642321351701185,0.026979397711852503,0.025897247654943074,0.0432351688640971,0.03920197315946269,0.03743266989050533,0.041012969437776256,0.02657358880142324
baden-wurttemberg,2021,13,2021-03-29,2021.2383561643835,2021-04-04,2021.2547945205479,female,0.03191699313520967,0.040476949600232785,0.0446403556849714,0.056653650681028414,0.06732115945497613,0.05323884430278651,0.06221360181850746,0.05943875788654936,0.05581033922999831,0.061651332549392125,0.05827784460334798,0.05581033922999831,0.06988814389613474,0.05158878194732986,0.06458769465103469,0.060401867051248066,0.0733821539263549,0.07965738134211106,0.08257913562737088,0.08698030535554184,0.10887710340918673,0.10010789965036002,0.10595908177898936,0.0982531654541574,0.1011655445539396,0.0813656241647382,0.08053753603222263,0.09182462693464849,0.07527766146953588,0.08749596973796747,0.07513705826275581,0.08994935214207346,0.07448612244486447,0.06832606930474815,0.08163644830241706,0.07785024651444096,0.07677224498141991,0.08887109975835307,0.07896993360299948,0.0801417249791171,0.09212155164515132,0.07081499700155552,0.07235111015572843,0.0806833619165159,0.07970425310981666,0.08121458823906896,0.07153878703776881,0.07679307571717112,0.0766108070622905,0.07050257276068048,0.067565876645161,0.07560573709717888,0.08043858298649446,0.07409556486533744,0.06133896336024334,0.06479595357936076,0.059657408131755824,0.06868013543281151,0.055742666681638,0.06788349003486983,0.05411334652675359,0.06192726022730596,0.043807647799979754,0.05111511441378844,0.03846822538004493,0.03483606615918174,0.041476136659910255,0.03694872389331167,0.039227992774347235,0.0403468485312164,0.027993933843506617,0.03215634054928352,0.030538165355869496,0.03171406901667513,0.04054460228475993,0.02221394412551947,0.025897247654943074,0.039227992774347235,0.018874224935293928,0.03130822315525011,0.028191640624939417
baden-wurttemberg,2021,13,2021-03-29,2021.2383561643835,2021-04-04,2021.2547945205479,male,0.029939817506343593,0.03524714308114974,0.0499752069366324,0.07403307592482662,0.059584524614531335,0.06297371623616416,0.07431427674848363,0.07692326800467104,0.061500353873676805,0.07552241610677209,0.08812102433007764,0.06348914260806719,0.07325717783503859,0.04714896878393621,0.05490457549736099,0.04934020082328841,0.07343943473525481,0.08005318870851655,0.08746471720558488,0.10966916610721734,0.09495023521452177,0.09145998487289997,0.07606400493089754,0.08342808966663301,0.09796662534036382,0.08011047686639707,0.08511562228835749,0.08423018167645825,0.09267894120671055,0.08780849609485611,0.09011604049625652,0.08585002858743711,0.08404267854013794,0.06901337634386008,0.0719397398113091,0.08199581327806661,0.0771003300387748,0.0798709086260533,0.08428747443630562,0.08615212780639442,0.07849601659025258,0.07032553319072915,0.07830853412917692,0.07849080873498683,0.07591819200027645,0.08079793968392537,0.08691259223060482,0.08311038131738735,0.08819394785523901,0.08181873457389464,0.06907585925243327,0.08650631533266298,0.08045941519100001,0.07143985111465084,0.06408267021356494,0.07837102820776462,0.07252815662211376,0.06439505588491315,0.05407690864046316,0.06465017224195665,0.07750653345395023,0.06066737595758469,0.04531173612694091,0.04085164249767156,0.04474964958482576,0.049215282500655336,0.032624632154471145,0.03551252357970115,0.0449526245797208,0.03414921070531789,0.036475189696544084,0.033020081683125445,0.02350931350519697,0.01783905957364158,0.03802069635670289,0.030210373942077342,0.04842414009260474,0.024331291532909555,0.031885773988506096,0.03535121370347708,0.027083451788759295
baden-wurttemberg,2021,14,2021-04-05,2021.2575342465752,2021-04-11,2021.2739726027398,female,0.036610484741317,0.05627884390323163,0.05920449078691724,0.048970651654758786,0.058663077528110105,0.05808002339967788,0.04936622551161262,0.05226025210813225,0.050542555023258974,0.05952205310965082,0.07447570753800799,0.06318717502292207,0.06988814389613474,0.0743038618760455,0.0574084780851021,0.0802042212608906,0.0999099192508202,0.09580981042909949,0.11246232559296561,0.11855985540884705,0.12827568778928794,0.1165220543594897,0.13676288943370737,0.1081684259584292,0.11699110634929176,0.10667293979831238,0.0965026904903786,0.08475623575155702,0.09583064879252715,0.09051713653827788,0.09047025502303901,0.08994935214207346,0.08810539787370812,0.08242288792789405,0.0947679029047681,0.07712116090595439,0.07978237281654862,0.08661048859363366,0.08800122161790368,0.10074873611228352,0.10687615664687043,0.09346554785606861,0.09546076908307556,0.09651831947041817,0.1100235138518338,0.08519895865164538,0.10613624270895144,0.09797183514652452,0.10902821970314736,0.0844645615476387,0.08964202188982168,0.08688654874449603,0.09104846333160602,0.07289787324564116,0.07373625448290162,0.07116908007709546,0.06375466727835734,0.07849601659025258,0.06278628973123314,0.05939190438219159,0.05472758902441361,0.060032239262523275,0.05243723018347114,0.03920717708139572,0.053717736556139324,0.04373478649448098,0.03834333317212995,0.037755303057493875,0.05175534738011686,0.03950380149259468,0.03936849891971599,0.03302528498643982,0.028737939587046946,0.033696515480125346,0.028805577000687144,0.02961723282661569,0.03884810768958721,0.026896154600248367,0.03552813423943771,0.03594962382386245,0.02597008397112666
baden-wurttemberg,2021,14,2021-04-05,2021.2575342465752,2021-04-11,2021.2739726027398,male,0.03629306230754509,0.05473799997673576,0.058309079599038055,0.05848607826233721,0.07609525061208433,0.05293173093966539,0.06001662124479957,0.05767917747863396,0.054550603153852864,0.06343187275889689,0.06146391081073331,0.07241880432169706,0.06723264501022512,0.0648428119531784,0.06765959842724736,0.06711809712890698,0.06860203240320062,0.0970184493118202,0.10589655453604817,0.1105550399962786,0.12805153600604682,0.11852858420117916,0.11871099984434545,0.1107739052819903,0.12195810536745742,0.09714348252377077,0.1044428173326226,0.1054849187301265,0.08852731384401392,0.0980291430487069,0.09886792957149745,0.08905341139274207,0.10704289926961078,0.08967327573081445,0.09011083147710303,0.08131354276150345,0.0877147379905621,0.11199331445184717,0.10465644641731844,0.08543855144006424,0.10300996201008454,0.08181873457389464,0.09828963430917727,0.10206169401694025,0.09887313946795352,0.11770511583378268,0.09657562577073872,0.0965808354375332,0.09216843464916423,0.10764734575916836,0.09098074490901545,0.09708096588021542,0.09090781747561621,0.08739700344986188,0.0727468619128299,0.08291767392018562,0.09253829094065841,0.08134999973828777,0.0840114280831492,0.0718408031253306,0.07750653345395023,0.06454083650710833,0.05952205310965082,0.05949602333809597,0.04474964958482576,0.04687311951274238,0.041830020014312116,0.039951343280261994,0.0449526245797208,0.041736344774362444,0.047320724729743635,0.042027779408383883,0.03373293908809078,0.046836686699525225,0.0355645591303851,0.03452906146380004,0.04842414009260474,0.03108969208031053,0.031885773988506096,0.022624921277220225,0.027588117015573278
baden-wurttemberg,2021,15,2021-04-12,2021.2767123287672,2021-04-18,2021.2931506849316,female,0.0384890407771948,0.06517082175222269,0.07085665370883233,0.08260517695625974,0.06635792212843913,0.082297890106338,0.07209074880020083,0.08610525022634484,0.06951324171465603,0.08399059445559036,0.08851689612451452,0.08848564297854468,0.0709451743225943,0.09392918251436415,0.10153025468102847,0.11878396628078906,0.1376805077249734,0.15337637307871446,0.14833857908937773,0.15303216043955173,0.14768672629558227,0.1381288952794154,0.150461068405395,0.11809078926841136,0.13519359113260865,0.13832180739355632,0.12844249904575877,0.12325596188451485,0.1118213447599999,0.09051713653827788,0.12187992227438153,0.11507844311836798,0.10746496892303395,0.11627710666869587,0.134912060899487,0.12810887706793064,0.10615708521098219,0.10395303689012668,0.11962829963531814,0.12062900877168095,0.1142550293849254,0.12417334185456463,0.1178093516151231,0.10602160909711054,0.10683447107472673,0.11549015487464313,0.1166002293973075,0.09169960651113615,0.12484574995215887,0.11387459579786718,0.10828306430300896,0.08887630865331983,0.1029109661914054,0.07887619143362846,0.08731366356386083,0.08158957479303752,0.08600107797752841,0.07618898776828824,0.0798188287198575,0.07516309586495688,0.06395771647048158,0.07267396004705075,0.06771687293278666,0.06442629455526408,0.04209543411059242,0.054118551941168436,0.045389804182773726,0.044983851572334116,0.050922525551517786,0.03782295220121339,0.046368267089239024,0.05563855524075443,0.04132001241623831,0.03964430838321295,0.036277451418165865,0.028384145318614166,0.051807399187282034,0.06053722436351458,0.03552813423943771,0.04175195730263332,0.030855552661989652
baden-wurttemberg,2021,15,2021-04-12,2021.2767123287672,2021-04-18,2021.2931506849316,male,0.04446340414367195,0.051026627550659565,0.0731269947259914,0.07220530763603004,0.07976674886581579,0.09220489923706372,0.08862107341342781,0.07499645543614704,0.058522519238396686,0.0876157712860968,0.08196977225434202,0.09128808307350944,0.10741286137304927,0.11205063780884401,0.08630838671177357,0.10466165689376594,0.11793964663562419,0.11588102348240537,0.15015859534716172,0.15838335999581085,0.15522785893893729,0.15836771241072464,0.14843244656475152,0.12778047002403878,0.11702237663238091,0.13334803180401789,0.11088854937071717,0.14447451507843648,0.11760609203504636,0.114385315499743,0.1325399685356582,0.12304746869387188,0.10836122695558022,0.11033617563175555,0.11367135159750187,0.13057460254691122,0.12029543691977365,0.1034267885771697,0.11483871372395055,0.10183244500983377,0.11165979799178272,0.0997744594117587,0.11059151747992363,0.13822274432662893,0.10678757484601176,0.1192790983755707,0.1417057065303329,0.10688136734574091,0.1311532569658687,0.12757717146481387,0.1313930615852513,0.12154634239798935,0.09890439885766895,0.09330405810307743,0.09528364452002674,0.09257996505390262,0.08167290550559564,0.09944623126514128,0.09898775732210648,0.08382392573561398,0.07378312091372245,0.07810542889247452,0.06764918488756276,0.07670975282423968,0.06564461733696493,0.06093809231672459,0.04936622551161262,0.03728696524542495,0.06932058470056929,0.03794263936338985,0.037458688620085674,0.053041042267787816,0.04089327520849365,0.03903024402773989,0.05151590973826156,0.03452906146380004,0.0363138768340037,0.04055501039788441,0.044364519721096195,0.05374376343539674,0.031146926320693605
baden-wurttemberg,2021,16,2021-04-19,2021.295890410959,2021-04-25,2021.3123287671233,female,0.046940780519288,0.05726792318657494,0.06988814389613474,0.09894607807318716,0.0962005311329782,0.12010259166901359,0.11757482140094291,0.0850791626714167,0.1222343532377752,0.12337584584766476,0.11661586441897183,0.12962061877994543,0.13986513007154286,0.10839770290032491,0.11384853880471103,0.1406993776178761,0.16321347297309022,0.16752757088353673,0.17227505718714928,0.18369166664570852,0.15323034319594708,0.1424513410313646,0.14960580430397172,0.13875977268781836,0.14152842437605842,0.12803589754560157,0.11486477121328424,0.1279681309380094,0.12933390576769063,0.12147858424707814,0.12553380444800621,0.10739722911823875,0.12611240277552238,0.12262527254316409,0.1225001780457003,0.12009737964513785,0.12273994276353598,0.12129615889500346,0.1346983074812016,0.1324148501845219,0.14008933278448404,0.13148689847648592,0.1201234397697522,0.14088187105274674,0.12199980306516435,0.12984477732700897,0.13834266280011553,0.13172149144540227,0.14937634559686583,0.11975859921359445,0.12554422958614211,0.12208319856088784,0.13413525390207742,0.10759002725603029,0.10207732466786852,0.11171190979766372,0.09127245566537635,0.10565165689179133,0.0839280936230011,0.08911591838596418,0.07811584452634125,0.07773567524184222,0.07037239654764878,0.06723264501022512,0.058074817588694115,0.04818471778899431,0.041476136659910255,0.03614736085562561,0.050922525551517786,0.047914067816677265,0.05862663645355475,0.04085164249767156,0.04041970508976491,0.035679037525193205,0.034138803874279464,0.030855552661989652,0.04748727649171407,0.04259504079043646,0.04219431421831167,0.026672439398101128,0.03418563463037699
baden-wurttemberg,2021,16,2021-04-19,2021.295890410959,2021-04-25,2021.3123287671233,male,0.04990754198165981,0.06123484071418129,0.07220530763603004,0.1023951489223737,0.12382932246918718,0.1050003389825609,0.10865303522993147,0.1009831904496196,0.13599126840389295,0.12190077108770878,0.1301836234766681,0.11910189266308671,0.13153903015589644,0.14846895062871002,0.12558593015958636,0.13728947522320548,0.14891743122019502,0.1526775194974585,0.17691862242088852,0.1699064768741303,0.15268273478790506,0.15438294735474822,0.14538184034614168,0.1410904357625555,0.12619580486713297,0.1234071199704641,0.1266493060814581,0.14305619925017832,0.12661281733169832,0.1327902061410729,0.1345627569882939,0.13652827371995474,0.1399224841619085,0.11485955971437523,0.1217496173804746,0.10935650833780369,0.11321275221773466,0.12056125181608209,0.12939646119917306,0.11466152314275294,0.1289742134970564,0.12349051772321785,0.12212489635889871,0.1374354603465579,0.14560606684619803,0.14442237042917794,0.12316735217634932,0.13066322487818446,0.1391143187230098,0.1349641960128483,0.14166920721386966,0.13477129635451118,0.12473107508797356,0.1317371310142969,0.12766578868778133,0.1141872807342186,0.12284418863785818,0.12434013995158193,0.1076265026598069,0.08681883574165215,0.10419271610474994,0.09619532150427892,0.10421355782779589,0.07670975282423968,0.06116195498598568,0.06641519520028662,0.04769026217286333,0.05416019527521727,0.05244764067724916,0.055024301982406716,0.05126606293959195,0.0510370377620362,0.04089327520849365,0.04572289587116441,0.04538459964206915,0.044603924436069496,0.06053722436351458,0.028384145318614166,0.048528237090184334,0.04667013702133027,0.02962243578944013
baden-wurttemberg,2021,17,2021-04-26,2021.3150684931506,2021-05-02,2021.331506849315,female,0.04224635645579311,0.07999069260826137,0.07960009368340132,0.09510131104121392,0.11738719799118855,0.1026504517796515,0.12153070589378512,0.09020980293029997,0.10008184955472574,0.11592271630731193,0.10797041486760338,0.11062799498916308,0.10274423681752815,0.10012873973626585,0.11384853880471103,0.10835601610842295,0.1346148917514389,0.15944219085940733,0.12740515022781335,0.15303216043955173,0.12365731362998128,0.1381288952794154,0.11879439006577618,0.12304746869387188,0.12253145164184924,0.11221218579127745,0.1260446386745883,0.09968067972988552,0.13695579648023093,0.10637072133845239,0.11457292807856491,0.11577679156639499,0.11463546575526194,0.11698068292577411,0.10863219172745686,0.11644909109689121,0.11897159473035346,0.13713827677749987,0.1264095233374538,0.1316745727669526,0.11794485844323217,0.11466673462181455,0.1232090508437373,0.13057981562103774,0.12279727796855422,0.1099088716702218,0.12143167480970198,0.12151506939428862,0.11772596297333525,0.11460940838083421,0.10552139265730397,0.11543803928225772,0.10852797434040617,0.09622136965298304,0.1026712928845633,0.0972268381654215,0.08658965392474402,0.0877407818914673,0.07805855856588875,0.0830478815427511,0.08857940247281733,0.07584007809849119,0.07103369508704686,0.05461827415087846,0.054441288652378,0.054118551941168436,0.05165644909005129,0.044983851572334116,0.04758096209224422,0.04118470511754649,0.05074555263127793,0.04520244104568468,0.039519413350584745,0.03171406901667513,0.02773899726122771,0.03579351617202114,0.04892901247645472,0.039227992774347235,0.03108969208031053,0.042912501695682885,0.02630305128720792
baden-wurttemberg,2021,17,2021-04-26,2021.3150684931506,2021-05-02,2021.331506849315,male,0.04536898602309244,0.08166248915922299,0.09165793310342726,0.0978207509798681,0.11281148107814935,0.09677359347595454,0.1458720111578398,0.09039211925824152,0.10518791770399931,0.09769571613943293,0.12402739395856065,0.1171161875944752,0.10942425069497924,0.12681089942389448,0.10889273610888967,0.14322305792799692,0.12374592417306186,0.11965435952485692,0.1446257348569823,0.13534999747628837,0.15268273478790506,0.1472069678595651,0.14919382234834058,0.12852069200643687,0.12407951816010959,0.12269824447232852,0.12808281294105245,0.12603942605509408,0.11275936817032176,0.11370261988431433,0.1284998405387586,0.11406741795304971,0.12742600125653653,0.12648771324118185,0.12848420194348983,0.11619893211664797,0.11533380825418676,0.13342101878206034,0.10465644641731844,0.12749897992290388,0.12608633964932972,0.11414558930074044,0.12904719433628,0.13822274432662893,0.12342275703891428,0.1263521841494431,0.13283712582615584,0.12115021907413204,0.1375188806010525,0.11872142361471169,0.12454342585571172,0.11559438621610277,0.09890439885766895,0.11163374210842902,0.11494294375963655,0.10679278553600584,0.11026322104828654,0.09435635518429264,0.10475023507320246,0.10180118385989748,0.10108739271663736,0.07423095782738513,0.0845739391823867,0.07886056775515922,0.07310616545878747,0.05937628655678323,0.052713108972787366,0.04794529658774495,0.05338459365214908,0.04932979095160679,0.066066351104313345,0.042027779408383883,0.0357779054326154,0.04237646227736401,0.047835995971061966,0.03308772466685853,0.053618834533758146,0.03108969208031053,0.033269840829649726,0.05374376343539674,0.030298825389861624
baden-wurttemberg,2021,18,2021-05-03,2021.3342465753424,2021-05-09,2021.3506849315067,female,0.03943094621730098,0.0671441307161432,0.07085665370883233,0.06722743828287,0.07021097849607193,0.07745445591570203,0.09087135379727339,0.09328843008908339,0.07689202182594261,0.08079793968392537,0.09175690750126496,0.08426664069814944,0.10062369423126523,0.10322879554119384,0.0994774909993683,0.10314021995337766,0.12032149714364589,0.09681527098361672,0.12441832674373711,0.08602712102017077,0.10056638346962299,0.09751337420271355,0.0803031738606423,0.10568813093592277,0.10749623347808812,0.07899597312448685,0.10368730687833211,0.10910638347579137,0.09507005393761044,0.089006531197137,0.0860896243757213,0.09204341339905427,0.09670586759725101,0.09088698108485917,0.10644367046105091,0.09022543001907456,0.1016344580443095,0.09188713725911617,0.10607371525298341,0.10443239642411145,0.10023815032429546,0.08615733642901177,0.10162403769858418,0.1012697471863759,0.11481265624766859,0.10592260754480028,0.08843355444366044,0.09326759274439363,0.08372496643588125,0.10358309940124799,0.09585669675855205,0.08025109352150966,0.07357482598893797,0.07708470689386922,0.0619324664239788,0.06885196251088296,0.08424580696834029,0.05943875788654936,0.06455124942433245,0.056362134064833966,0.053499111284658764,0.07520475605560152,0.055091973595890756,0.04410950286751557,0.04500466957782189,0.03187016442218581,0.039129118307042195,0.03614736085562561,0.038395371555637346,0.032775527014520696,0.027993933843506617,0.03650641159870935,0.03143309846754883,0.036672928726856444,0.03093880211216547,0.02098103215876963,0.04028960416397081,0.031381067050978005,0.023311624525387008,0.02898767816698684,0.025080447381949242
baden-wurttemberg,2021,18,2021-05-03,2021.3342465753424,2021-05-09,2021.3506849315067,male,0.03992532330342692,0.058449637311820915,0.056455835656096166,0.06854475692270412,0.06325485726022934,0.06480116006325273,0.08670945338485574,0.08943366342992679,0.1032027438820585,0.09567957084687508,0.09119952782287212,0.09029314745804215,0.082297890106338,0.10417708481795027,0.09710701447255989,0.09477832187667434,0.10342157822446213,0.1083351727250041,0.10958579051823031,0.13446370108231362,0.10597992421001103,0.11374952234978977,0.10119159519247117,0.11003393588087688,0.1205508276769027,0.09430426076837171,0.10086335810068603,0.08423018167645825,0.09267894120671055,0.10279633968943998,0.10156151566808903,0.08392288522367289,0.10769945354412304,0.08773557311024044,0.08270413412498295,0.0956743612703738,0.11179528879569912,0.09342908238413887,0.09228824696257482,0.09969109968618613,0.0972424673631105,0.08396976083638422,0.10213463709478957,0.08791788076352328,0.1075796057167927,0.08707927085059092,0.10141042107139757,0.11163895328405876,0.10569334151574764,0.10321837487597235,0.08550626264556166,0.08386038447246592,0.09090781747561621,0.08857940247281733,0.07737113196299335,0.08518854159893556,0.08281871634509093,0.09322591808006382,0.08516249897627355,0.07483502302998163,0.07998548460330009,0.06777414750141005,0.06425968853025439,0.06092768012300422,0.05444649409961552,0.05624761012702514,0.05187506661448893,0.05061022080454732,0.04120552160212122,0.033196994287997925,0.03844740999122737,0.033020081683125445,0.03986807940021081,0.04572289587116441,0.026979397711852503,0.04748207174107489,0.03804671538051579,0.025683941887274634,0.03881688438138674,0.03535121370347708,0.01929557955137028
baden-wurttemberg,2021,19,2021-05-10,2021.3534246575343,2021-05-16,2021.3698630136987,female,0.032853576251881456,0.04244932167963679,0.04949114419685335,0.048970651654758786,0.05384787108270708,0.05517526185646289,0.07505894553436668,0.06559255167695961,0.06740446730531582,0.058460049009363406,0.06907585925243327,0.06318717502292207,0.07412680936375297,0.06914354915477613,0.0574084780851021,0.07290828783648323,0.08052191185459139,0.0836937161698274,0.06366615890427901,0.08124062888460841,0.06917479067788539,0.06815424396440914,0.07175748816735496,0.06272902065613944,0.06952886258492308,0.06555610574597692,0.06537908301597856,0.06826358729711711,0.05701804874948457,0.06183354877627452,0.06783662892094965,0.06762315104747209,0.06373384176502035,0.06832606930474815,0.0648636379106524,0.0676543916571415,0.06095891671041996,0.0835947571178912,0.06617569004677477,0.0720490911042908,0.06409828945256013,0.07154399419682869,0.05617993700960636,0.062479119975638785,0.07252815662211376,0.058111258276542295,0.07877724154929118,0.06503545237806356,0.06791993759711434,0.06315073077778809,0.051011012237505156,0.06299454144508015,0.05922531448637019,0.04838770619268439,0.04658686238227465,0.048012958989393936,0.03742746614614804,0.04904872520394517,0.05221861029559286,0.0600010032317609,0.04304260918398527,0.041065010492966195,0.03915513788547763,0.032905609141872724,0.0355645591303851,0.03187016442218581,0.03286398282571445,0.03534080663187163,0.030881568100855482,0.027733794486851013,0.02186539642843016,0.019987440832793094,0.019758553374894256,0.018827407966479345,0.026672439398101128,0.01974294744854616,0.02302029476710931,0.013448939022773868,0.015539921779952344,0.015071784007000691,0.018421662669086174
baden-wurttemberg,2021,19,2021-05-10,2021.3534246575343,2021-05-16,2021.3698630136987,male,0.04083082615476014,0.04824197084826575,0.042569019490703706,0.053915541165227114,0.06508751748026885,0.062062621510272795,0.0609693289103892,0.08077189926006978,0.06944034438214132,0.060412279139683035,0.07069002707995525,0.06646726168398114,0.0702474276897243,0.07565781278398359,0.0686436873377237,0.06415556003569486,0.0889127709327201,0.06874261794095955,0.06535305031239681,0.06895610041029239,0.07374146186201545,0.096236998548464,0.07911054717392291,0.08342808966663301,0.07046091633705347,0.06592056620532166,0.06793555798875794,0.07360086280891057,0.0719189110196756,0.06396812927093748,0.06051119408379383,0.07046091633705347,0.06564461733696493,0.06965903668627586,0.06790431721016875,0.06900816943820419,0.0714346439660138,0.0548941645116886,0.06901858325003735,0.056945168931505814,0.06840937876505046,0.059553288852712494,0.058340314613490145,0.07377791353043679,0.06800324640675302,0.06981003905209797,0.07161168731209824,0.053811433382442334,0.06275505204608889,0.06633188893481774,0.06497297432422909,0.06404101893250651,0.050964166326165516,0.058444431463834316,0.04906433992784663,0.05109949907406189,0.054243482043374744,0.051958349722705036,0.05062063093256117,0.05087567971989995,0.035330399562349,0.05097978162525814,0.0534314417440563,0.038697195206966725,0.03654283717493163,0.0304601195937375,0.024258457512136344,0.031068879644879765,0.02341046892134744,0.03509624104874475,0.024643438491696115,0.02201105786842406,0.018395653463129862,0.018952253310311876,0.039248808475631315,0.028774359721922448,0.019019877996702707,0.024331291532909555,0.01802112233978274,0.0212099249977005,0.01726166473174986
baden-wurttemberg,2021,20,2021-05-17,2021.372602739726,2021-05-23,2021.3890410958904,female,0.0225260783744583,0.0414605242144518,0.0320210570929211,0.028800374119588697,0.046154877332394206,0.03387343038635642,0.04739359105996614,0.05226025210813225,0.06213550850089821,0.044635151219282354,0.053957184336704184,0.05581033922999831,0.06458769465103469,0.04952237391505408,0.052275867796436844,0.07394975745429094,0.0733821539263549,0.039311255629478986,0.0696382088081604,0.06689420881673488,0.061791899296691585,0.07765235083851142,0.058933783452878294,0.07511622819037972,0.05450895950714556,0.04580096454427208,0.05500868546872677,0.04942347987176363,0.05549800512620334,0.050516529746210785,0.06200014702819346,0.06343707910621249,0.04582178287689639,0.05775205832535933,0.0517345266718398,0.054555808612033296,0.055685405363356553,0.048939422267904854,0.05940231626840119,0.05071952725263208,0.05746574130082786,0.053285692263390416,0.0484761885653489,0.058522519238396686,0.04860630997513122,0.05492539747495894,0.05545636072077263,0.044650764617917955,0.05922531448637019,0.04846057401805258,0.04618090042659279,0.04906433992784663,0.04862192456618339,0.03822884891171094,0.028300899958220646,0.034700775731061395,0.03391505751059177,0.03288479597962832,0.03343634759379182,0.03514307266711036,0.03012192264474778,0.032848372965748836,0.025881639886172834,0.025902450245570342,0.021043457378554446,0.017787041757538067,0.014863724127366848,0.01686633502407105,0.02587123470959719,0.01512379910698572,0.016616654651957382,0.016512621517401002,0.017063999502223974,0.016845528280604895,0.009600086115211843,0.012341064325200612,0.02302029476710931,0.01120720761999968,0.015539921779952344,0.0127519634546151,0.012315058160441395
baden-wurttemberg,2021,20,2021-05-17,2021.372602739726,2021-05-23,2021.3890410958904,male,0.020866586117123737,0.03895738941592654,0.03701637198772346,0.0456864638638262,0.047664238323308544,0.041059806385100615,0.051437832484717894,0.055758283415752785,0.07043488108922956,0.06141705548161368,0.07274165463331046,0.05157837162549546,0.0602040377671076,0.059928119232955934,0.06373904814257557,0.07699617582805317,0.06183354877627452,0.08288121584429546,0.0727208255204646,0.07249691308424283,0.06864889420688888,0.056445424359845196,0.07530369914214612,0.045020283087414396,0.05142742219310331,0.05173973184813041,0.05577390015455183,0.047404000544047385,0.04770067171633308,0.053754174190748384,0.05916284341302825,0.048033778207614876,0.06039145496489793,0.0573980665981082,0.04705007925430057,0.056700501718210006,0.04596230684011177,0.047763129020911836,0.043578655469325836,0.05409252487431663,0.04751850500646601,0.052374767264576905,0.0575698564000731,0.041585423909386174,0.04110664337461154,0.049402660097141095,0.05550841623277213,0.04905913501936042,0.054805671217633675,0.05011053711073083,0.03760439374633277,0.046867914823574636,0.039904507331330934,0.03423246542864994,0.0409817448296617,0.04484853473977693,0.04167909887746007,0.040097055391158626,0.03796345455015071,0.031120910749075352,0.0309856299864561,0.03871801069577255,0.032458127989460586,0.027947108663261708,0.03654283717493163,0.0320262602962705,0.025933665800282155,0.01686633502407105,0.018723370408923815,0.020866586117123737,0.01971173560989486,0.016008063767416442,0.011243615478634129,0.020070672885458985,0.013485348450993466,0.005751518064810153,0.019019877996702707,0.017568567498142243,0.009704105421198058,0.011311230140872703,0.010999163202516062
baden-wurttemberg,2021,21,2021-05-24,2021.3917808219178,2021-05-30,2021.4082191780822,female,0.009386847188447992,0.011841748234208584,0.012611529209729022,0.03072027258971668,0.019227954506435822,0.021287956877624414,0.028628679335480925,0.021511648915717375,0.024211635695512428,0.026563183486388017,0.024815120117727414,0.03264024194727222,0.023285612873469672,0.03404514248860458,0.03074628796089661,0.03956624895266614,0.03158398987001743,0.03830170250281466,0.03381098976249051,0.030569383693521933,0.028581853583660253,0.0396755321882428,0.030741084885621703,0.03465394451102432,0.032385282584923604,0.028425768048788314,0.03188057079921395,0.03686546482099745,0.023561337045850617,0.0369435201973836,0.030626617361225725,0.019508859115309377,0.03866076812160925,0.02886801161443303,0.03278593357273398,0.028363333966020723,0.02482552508297713,0.028602665023709443,0.031573583552341675,0.030865958835972974,0.03461752025793724,0.021163105925953163,0.022307584203469774,0.027671361234899224,0.024695463167001108,0.030241592082934123,0.032942032195842894,0.026630818071332094,0.03552813423943771,0.021287956877624414,0.0282540745015569,0.03049133788453498,0.023056710897638263,0.02269255073999475,0.025944070989350237,0.02139720170624013,0.022801798519511415,0.02076774655658965,0.01818237846497322,0.014541232959114825,0.016595848008395496,0.017688208050302228,0.012606327948680246,0.012601126688157493,0.013787027551257304,0.006666827352765989,0.014083506992924363,0.009636492848641124,0.006677228687257503,0.005881532606937609,0.009620889959762914,0.012164222661305117,0.008981175546833909,0.00594393970262619,0.003198098342534541,0.007405327271815587,0.007192097344997588,0.004482593202544671,0.008882358575019015,0.006958065504961515,0.006989269689443552
baden-wurttemberg,2021,21,2021-05-24,2021.3917808219178,2021-05-30,2021.4082191780822,male,0.0199562288473898,0.021329573928131205,0.01387545106749112,0.03837455619598286,0.025657929048640265,0.027369601573864595,0.027619333582200315,0.025949273584662178,0.027765011140936866,0.024154409088002503,0.030725475662914902,0.02578279079277061,0.03209910519786996,0.027499670178551053,0.02940911474041309,0.034534264918116224,0.026079338636698868,0.037656431390365966,0.03404514248860458,0.03446662005265436,0.03812997634419002,0.03656365180136445,0.030413292192685314,0.029518376631811765,0.030288419329371697,0.038265275694501145,0.0364595787524942,0.03961828856001279,0.03318138432805966,0.027213519677689067,0.028899228949420045,0.03393587108520574,0.03871801069577255,0.03804151157470937,0.022177528585189468,0.029367491223124625,0.019794967221257495,0.028509013609085872,0.026141769977233623,0.029887787583933713,0.030954411398908175,0.03156317723674844,0.034534264918116224,0.027458048189653125,0.023712205608064495,0.03214593411706747,0.028150018082169055,0.03164642781979934,0.028587056442894578,0.031682849991800474,0.01845807557928742,0.025080447381949242,0.02087178820446432,0.026557980829654097,0.020772948634042315,0.02327000588856024,0.02112148900867509,0.018067938582676676,0.024726677997167823,0.01914992571771485,0.019212348739321247,0.012902800658613022,0.018931445732191323,0.016481411617619894,0.01565955766473659,0.014837716700948375,0.011711718789039807,0.007987813479779884,0.008424682417701872,0.010432246389299219,0.010843130435630415,0.013006826571470939,0.0051118512516052615,0.006687630023829551,0.008580707927871615,0.007192097344997588,0.0069164599547856965,0.006755238762258061,0.0055434954735562566,0.005652707230202153,0.005585099925233785
baden-wurttemberg,2021,22,2021-05-31,2021.4109589041095,2021-06-06,2021.427397260274,female,0.009386847188447992,0.018754581654336435,0.019404820194351795,0.022078686532838312,0.0211474995780736,0.01838524978438876,0.01974294744854616,0.020486835147121667,0.01473888859917765,0.022312786434970013,0.02049723924633706,0.0263186591824593,0.02116830804295771,0.021662511531247507,0.024596616328426666,0.019779361283981098,0.026485143689994477,0.03830170250281466,0.02585562694864049,0.01910310850067905,0.0304236982781644,0.029320664805997165,0.023909896110776784,0.024752690369950796,0.0268545330944151,0.012632334259115106,0.019129118060496397,0.02039319834786262,0.018999070391522415,0.024123194601358353,0.02114229746315074,0.020205925255174728,0.013599778248516077,0.02041920855296445,0.022583303190004095,0.020361986118910415,0.018806600438315058,0.018817004201356447,0.021048659483589287,0.01910310850067905,0.022094293160190178,0.021163105925953163,0.012309856929046825,0.02213591085603565,0.02389949132873866,0.016710284651006022,0.017672602745281225,0.019581686483836572,0.02368099138687019,0.013209677700095337,0.015160209707930345,0.01656983971564772,0.016200523362532936,0.017318883754212644,0.013558167383918133,0.01098876100349089,0.009355641565193784,0.013844242750473737,0.009381646249935602,0.009085193614769562,0.009834129846287232,0.012632334259115106,0.007296111834213189,0.009797722974486243,0.008705528673083116,0.010375034944150853,0.013298100234577928,0.007228502392555595,0.0033385071672246357,0.004201769753783715,0.008747135654730063,0.00521586157983388,0.0044877936510806194,0.0029744850710829926,0.007467736196293589,0.0049350341710758016,0.008632716535297642,0.0067240347182130535,0.0011076117961076025,0.008117833613398493,0.005990745073540965
baden-wurttemberg,2021,22,2021-05-31,2021.4109589041095,2021-06-06,2021.427397260274,male,0.0045345977113313085,0.016694679639459004,0.01480130632580804,0.010962755515028915,0.01649181491546561,0.011857351789476216,0.01999784483209072,0.024986802310579447,0.016855931651297302,0.014088708401723202,0.016382580391894143,0.02181337458445638,0.02206828211720402,0.019638908059230343,0.01371940966970946,0.01973254350024748,0.0251116624432172,0.032005447485985175,0.030366464833802426,0.0212099249977005,0.02033077390869288,0.025434219173531215,0.02585042436269211,0.02213591085603565,0.033103334598675205,0.019129118060496397,0.02073133202901571,0.019805371182045665,0.019352800811928403,0.02244804463657235,0.02083537360402634,0.021126691121516255,0.021652107198883212,0.017407313276408307,0.020830171520334454,0.01570637178153197,0.02898767816698684,0.01924356027822808,0.01815636937870107,0.02632906444856477,0.017272068185691096,0.020081076901403663,0.012278649551621904,0.025101257420712536,0.018177176646680372,0.02116830804295771,0.020908202830396985,0.022942260287575157,0.015878023903695297,0.017677804513099284,0.016403386950121893,0.014515225693981677,0.020257945491047983,0.010619484286249373,0.01269474945721187,0.010780717459976748,0.01540988308693832,0.013547764672971363,0.013802631690252734,0.018551708894017745,0.009293230374865555,0.012257844643743538,0.00878874266967398,0.006448399809051898,0.007457334703679101,0.013277294918819153,0.01254391285671498,0.007098484482587577,0.009360842501099463,0.005689111200059001,0.008871956799435624,0.008003415878652047,0.0051118512516052615,0.0033437075013491397,0.003676529966864721,0.007192097344997588,0.0069164599547856965,0.001352017576303122,0.004160166408873586,0.011311230140872703,0.004232972284309839
baden-wurttemberg,2021,23,2021-06-07,2021.4301369863015,2021-06-13,2021.4465753424658,female,0.0037545355403623185,0.012829982643439736,0.011638902441767738,0.008637917398898307,0.012497101586897534,0.006770840791299499,0.007894199184880109,0.02253648288169113,0.024211635695512428,0.02975251002931346,0.024815120117727414,0.024211635695512428,0.02116830804295771,0.026818114304136324,0.021522053219978347,0.029148968303981775,0.03871801069577255,0.02922701209825631,0.030829537236145035,0.023883884159587948,0.020283955628496917,0.024144004257039185,0.015368270773853679,0.014848119669956026,0.011846949418775633,0.01894705141499828,0.015940442997697955,0.014114715453538935,0.012918404532277994,0.019597292361788067,0.017495742948984615,0.013937867757715891,0.015030171964474388,0.014078305584640034,0.010926347853038289,0.015269441663739312,0.01654903309082355,0.018062736775831804,0.01879099479765868,0.016902746845166933,0.017672602745281225,0.016783108100158758,0.018463277425680057,0.020554461829233938,0.011945772024446666,0.01273115835737145,0.019279973763960682,0.014879328589460348,0.011841748234208584,0.007337717688158038,0.0075769519943590736,0.007951407900626716,0.011217609862723512,0.011945772024446666,0.008840751485169706,0.009828928863038312,0.005845128502376657,0.008653519992832884,0.005865930844721004,0.011508873503826681,0.007993014278885702,0.0075769519943590736,0.005309471053109519,0.006297581326245275,0.004352582158105526,0.0044461900773324365,0.0039105470384143285,0.005621503847760371,0.005839927918087977,0.004201769753783715,0.006994470388680601,0.0017368290052038353,0.0026936697666516906,0.0029744850710829926,0.0010660109266482322,0.002470058664356574,0.00144041994990653,0.0011180120186726644,0.0022204474068869785,0.0023192517196952167,0.0038845450895646266
baden-wurttemberg,2021,23,2021-06-07,2021.4301369863015,2021-06-13,2021.4465753424658,male,0.008164640941084106,0.012980820073743847,0.011103185307210562,0.0063911927468413045,0.011909363674193372,0.017334488953082212,0.019045887514883748,0.024986802310579447,0.02181337458445638,0.02919059164635338,0.0225260783744583,0.026776492860773275,0.023072317818524892,0.03241129878911425,0.030387276988101133,0.025652726482471466,0.02800954224628782,0.032005447485985175,0.023920300894896822,0.022094293160190178,0.02033077390869288,0.01986779499048801,0.017485339450287705,0.019919814888100344,0.012673944382853637,0.013459341713950376,0.015009365955698453,0.009194412810043424,0.019352800811928403,0.01496255246639305,0.018145965747833594,0.010245009166539523,0.008528699372468524,0.013537361964105673,0.014785701887127897,0.01570637178153197,0.013433334989914014,0.0199562288473898,0.014520427145970035,0.01565435609880213,0.012954813589029024,0.015779193824760788,0.013043235690132871,0.02274977573873999,0.018177176646680372,0.018031525945672842,0.012866391638280074,0.013448939022773868,0.00952727272483302,0.010312622530319941,0.005465487216382864,0.010557071579020381,0.016575041373158923,0.0100317675950974,0.013272093591183011,0.007946207105682173,0.009132001813229757,0.01129042562004973,0.008627515672217152,0.006583616751733007,0.009293230374865555,0.009033184554795588,0.00946486132851025,0.00931403409665198,0.005221062101703512,0.007810986619780369,0.0058555296725085965,0.005325072648370196,0.003744134790467952,0.0028444777971750983,0.0039417493941873135,0.009001979143776418,0.002043640157790284,0.005574698809193734,0.0024544579256640347,0.0043161791239144645,0.003458114983596041,0.004056158192227219,0.0055434954735562566,0.008481891717072247,0.0028756795132703814
baden-wurttemberg,2021,24,2021-06-14,2021.4493150684932,2021-06-20,2021.4657534246576,female,0.002813276099801863,0.005923137329074769,0.009698904450954024,0.0057567186402568615,0.006729235390917331,0.008705528673083116,0.010858733691253035,0.012294253237996145,0.011576488510976585,0.018062736775831804,0.011867754162257745,0.00947526322269548,0.01058307686459831,0.010312622530319941,0.009220417414162218,0.01769861158958659,0.011202006499415215,0.010078576645625783,0.01292360582453632,0.005730715768236012,0.011982180400191667,0.006895657192178224,0.00597514327855689,0.009901742675820701,0.010265813269109149,0.00868472519474094,0.0071712944721202465,0.01019299894652979,0.008357071508682635,0.011306029009889506,0.010208602007073454,0.0048778287737478,0.004295377401531253,0.01196657680746688,0.010926347853038289,0.006542011501149185,0.006016748075591187,0.010536267359929925,0.012023790003689352,0.005143054328229515,0.009574081321230209,0.011675310602655163,0.013844242750473737,0.01106677754689829,0.008762738281435603,0.006365189557546502,0.002407655737663283,0.007046477409624154,0.00868472519474094,0.006604419389508075,0.005512292156648544,0.007290911104813628,0.005605902163555226,0.004779019599315969,0.005897134373841046,0.0046282059582205765,0.0035049181170700625,0.004612604572039852,0.0046906115497633806,0.003634927042177917,0.0036869307032371557,0.0025272614129474074,0.003983352564350079,0.00210084243730566,0.0021788456471371156,0.0029640844772087834,0.0015652235567344159,0.0016068248255685408,0.0025012601557887625,0.0016796271261233435,8.736073383242176e-4,0.0026052652624425246,0.0026936697666516906,0.004955836149344533,-0,-0,-0,0.0011180120186726644,-0,-0,0.0016640266245696565
baden-wurttemberg,2021,24,2021-06-14,2021.4493150684932,2021-06-20,2021.4657534246576,male,0.006349587650215769,0.008346669838174052,0.00925162295626162,0.004565800441571103,0.009163207302270403,0.00638599210793978,0.007618558073008363,0.008648319127665926,0.01189896129308804,0.014088708401723202,0.018432066355112433,0.01388065245547877,0.01404189574124071,0.014728485652022423,0.010780717459976748,0.012824781360540272,0.01545149543332269,0.008471490021595586,0.013802631690252734,0.014135521104354294,0.008471490021595586,0.007150491607565198,0.01140485058758098,0.014015888725850446,0.007041276705191476,0.006375590831702886,0.007862994457362991,0.009194412810043424,0.00898637644528638,0.009522071772275523,0.006047951695206187,0.010245009166539523,0.0078733960311214,0.00902278274904181,0.010078576645625783,0.008877157686964345,0.009896541685809217,0.009262024807791492,0.004357782593639265,0.004981838633879792,0.006479603687694912,0.00645360045418919,0.00997455659055614,0.010198199966192732,0.013433334989914014,0.008622314809651059,0.005626704410198463,0.00949086606787186,0.006349587650215769,0.009574081321230209,0.008887559463588091,0.007259706739321996,0.0018408325829299343,0.004128963922034487,0.006921660646735023,0.005106650740657798,0.006848851006736582,0.0033853101930444904,0.006323584481731828,0.0035881237916937088,0.0037181329248362313,0.004513795901579035,0.006084355941765483,0.005013041632488857,0.0029796853688030733,0.001560023400466684,0.0033437075013491397,0.006214371316084415,9.360084240991387e-4,0.0028444777971750983,0.0019708373476054787,0.002002038539491907,-0,0.0022308478520263295,0.0012272144811884878,0.00144041994990653,-0,0.001352017576303122,0.00277167386576647,-0,0.001352017576303122
baden-wurttemberg,2021,25,2021-06-21,2021.468493150685,2021-06-27,2021.4849315068493,female,0.0037545355403623185,0.0049350341710758016,0.008731533032711871,0.0057567186402568615,9.620088986114335e-4,0.0019344359807302181,0.007894199184880109,0.009220417414162218,0.012632334259115106,0.008497494264191401,0.00755094821210531,0.007368922100462836,0.007405327271815587,0.0061883682152110014,0.005122252275066269,0.0072857103759284385,0.006110358990620823,0.00906959089131662,0.005964742084499513,0.0028652789391583914,0.004607404111015946,0.0060375504865854464,0.005122252275066269,0.00412376350938448,0.006318383849591955,0.0031564958006180316,0.003983352564350079,0.006271578183767644,0.006079155333551316,0.005278267876625255,0.00364532777022918,0.0048778287737478,0.005725515195395651,0.008445485792009783,0.00218404586528353,0.0029068812480877357,0.009027983651655722,0.0052678668219580125,0.005262666295407436,0.0029380830016271825,0.008102231180201475,0.005834727334325187,0.0038481423830252345,0.00869512693287168,0.003187697703935032,0.00477381912164906,0.002407655737663283,7.852059283220514e-4,0.0031564958006180316,0.002199646522854582,0.0034425139484697983,0.003312505504420438,0.0031148932919855626,0.0023868547787384785,0.0011804133977449437,0.0017368290052038353,0.0011700131626993324,0.0028860800894626015,0.0011752132799592396,0.0030264880716576255,6.136036202688044e-4,0.0018928344497984545,6.656042598781713e-4,0.0013988188142001,0.0014508202390348668,0.0014820211189005771,0.0023452528858511536,0.002407655737663283,8.320066560718302e-4,8.424068235148251e-4,8.736073383242176e-4,8.684072512197225e-4,8.996077816296376e-4,-0,0.002132043707192469,-0,0.00144041994990653,0.0011180120186726644,0.0022204474068869785,0.001159612929733815,8.892076027462617e-4
baden-wurttemberg,2021,25,2021-06-21,2021.468493150685,2021-06-27,2021.4849315068493,male,0.0018148316689941748,0.004638606884943447,0.004623005495636393,0.005481088858459028,0.0064119953076371364,0.00912159998770908,0.007618558073008363,0.0038429419984537592,0.006942463419745264,0.009059189078280308,0.011264419980728982,0.003967751371641334,0.005013041632488857,0.006874854437892958,0.01371940966970946,0.013813034452186325,0.010624685348569389,0.011295626749478021,0.00735852062761398,0.009719708335039781,0.010166993856035466,0.0031772970674157778,0.005319872116098456,0.0029484835903008004,0.009152805470507532,0.005668308928450343,0.004290176972232778,0.007072480939606985,0.010364632869976964,0.008840751485169706,0.002017639142452774,0.005122252275066269,0.003936549000260211,0.0012896159913068346,0.0040301561705664,0.003416512233653071,0.009189211890783682,0.0064119953076371364,0.0029016809576542517,0.007826588965596397,0.006479603687694912,0.0021528445641883763,0.003068090509561685,0.00627677881122061,0.0023712540650024897,0.00470101248896849,0.004825823921693603,0.006328785114386053,0.005559097139037382,0.0051586558735601425,0.002735271938280475,0.0019812377428207965,0.0036817303347937884,0.0047218143736140646,0.0023088512568800955,0.003972951768688912,0.0011440125841828258,0.0033853101930444904,0.0017264286588720033,0.0035881237916937088,0.003099292359832304,0.0038689439265003588,0.002028039547028811,0.0014352198061252915,7.436053167918634e-4,0.0023400526515775636,8.372067395304327e-4,-0,0.0018720336968105979,0.003790938181377859,-0,0.005002640630872101,0.002043640157790284,-0,-0,0.00144041994990653,-0,-0,0.001388418535472331,0.0028288769461511125,3.3800109850581987e-4
baden-wurttemberg,2021,26,2021-06-28,2021.4876712328767,2021-07-04,2021.504109589041,female,-0,9.880093861184358e-4,0.0038793447013583844,0.0028808798011093497,0.006729235390917331,0.0029016809576542517,0.0029588841810546545,0.006146763280864589,0.004212170595212086,0.0021268434942464864,0.0032345005940119563,0.006313183217977983,0.0031720967499333595,0.0051586558735601425,0.0040977614539241345,0.0041653668251699465,0.004071759411460064,0.005039044145629613,0.003978152166262342,0.003822140465380173,0.005533094365837986,0.008622314809651059,0.006828048271176257,0.0024752589116313678,0.006318383849591955,0.0071036851927475855,0.0015912243458562276,0.0039209478215878266,0.005319872116098456,0.0037701366691073185,0.004373383903372552,0.006271578183767644,0.003577723075084036,0.002813276099801863,0.0029120815390412773,0.0029068812480877357,0.005262666295407436,0.0030108871660274915,0.004508595450436863,0.003671329599461501,0.0014716208235318897,0.002917281830520651,0.006151963895840346,0.007114086614622255,0.004779019599315969,0.0023868547787384785,0.004014554963815496,0.0031304942288193816,0.0039469497886402685,0.004404586536875719,0.001378018258824673,6.604041935742898e-4,0.0024908596565645005,5.980034385291251e-4,0.002355653355952701,0.002314051488027633,5.824032614637801e-4,5.772032034858707e-4,0.0023452528858511536,0.0030264880716576255,-0,0.0031564958006180316,6.656042598781713e-4,-0,0.0014508202390348668,0.0014820211189005771,7.800058500578373e-4,0.0016068248255685408,0.0025012601557887625,-0,8.736073383242176e-4,8.684072512197225e-4,0.0026936697666516906,-0,0.002132043707192469,-0,-0,-0,-0,-0,4.4200187850892194e-4
baden-wurttemberg,2021,26,2021-06-28,2021.4876712328767,2021-07-04,2021.504109589041,male,0.0018148316689941748,0.0018564331375272125,0.0018512329521433405,0.004565800441571103,0.0064119953076371364,0.002735271938280475,0.006666827352765989,0.004805021995434633,0.005949140297311455,0.0050338436419635705,0.003073290816637081,0.009917345648964796,0.00400935456260728,0.0029432832957010753,0.0088199479527293,0.008877157686964345,0.006760439438083146,0.004706212959348299,0.009199613729829125,0.0035361202294481955,0.00592833792167956,0.003972951768688912,0.003042088981968304,0.008117833613398493,0.004222571438720794,0.003541320583335314,0.0064327978767492475,0.0028288769461511125,0.00414456516311655,0.006120760213804969,0.003359308506831505,0.004482593202544671,0.007218100947794619,0.0038689439265003588,0.00470101248896849,0.0013676179842571252,0.0042433731319792235,0.003562122004072948,0.0029016809576542517,0.0028444777971750983,0.002158044779740347,0.0021528445641883763,0.003068090509561685,0.002350453120639017,7.904060071005078e-4,0.002350453120639017,-0,7.904060071005078e-4,-0,0.0073637213637754466,6.812044618983496e-4,0.0032969045129798693,0.003068090509561685,0.0029484835903008004,0.0017316288317807886,0.0017004278021459124,0.0022828501089257784,0.0011284122433178158,0.0017264286588720033,0.0017940309472143036,0.0018564331375272125,0.0012896159913068346,0.001352017576303122,0.002147644349162222,-0,0.0023400526515775636,0.002506460406183855,0.0017732302337492335,0.0018720336968105979,0.0018980346393426264,-0,9.98409584762529e-4,0.002043640157790284,0.0022308478520263295,0.003676529966864721,0.00144041994990653,0.0017264286588720033,-0,0.00277167386576647,0.0028288769461511125,0.0010140098866259321
baden-wurttemberg,2021,27,2021-07-05,2021.5068493150684,2021-07-11,2021.5232876712328,female,9.360084240991387e-4,9.880093861184358e-4,0.0019396361744404699,0.0028808798011093497,0.0038429419984537592,0.0019344359807302181,0.0039469497886402685,0.0020488403624213725,0.004212170595212086,0.003187697703935032,0.005392679615272976,0.0031564958006180316,0.004232972284309839,0.0061883682152110014,0.005122252275066269,0.005205460537649154,0.005091049210924473,0.005039044145629613,0.005964742084499513,0.006687630023829551,0.00829466151684114,0.0060375504865854464,0.011950973219418473,0.00742613023831921,0.00947526322269548,0.007894199184880109,0.006375590831702886,0.009412851888795442,0.00912159998770908,0.006027149280045188,0.004373383903372552,0.005574698809193734,0.0028652789391583914,0.002813276099801863,0.0014560203843819654,0.0021788456471371156,0.0022568489739783763,0.0037649362923369853,0.001502821715878309,7.332051691094672e-4,0.0014716208235318897,0.002917281830520651,0.0023088512568800955,7.904060071005078e-4,0.004779019599315969,0.007956608696085646,0.003213699304331398,0.007046477409624154,0.0039469497886402685,0.002199646522854582,0.00619876945399884,0.004638606884943447,0.0018668335098608409,0.001196013754210651,5.876033199674743e-4,0.0017368290052038353,0.002922482122514309,0.0023088512568800955,0.0023452528858511536,0.0012116141153565736,0.003073290816637081,0.0018928344497984545,0.0013260169067880205,7.020047385426273e-4,0.0029016809576542517,0.0014820211189005771,7.800058500578373e-4,8.008061662232416e-4,8.320066560718302e-4,8.424068235148251e-4,0.0017472293536158062,0.0026052652624425246,0.0044877936510806194,9.93209485183359e-4,-0,0.002470058664356574,0.00144041994990653,-0,0.0022204474068869785,-0,8.892076027462617e-4
baden-wurttemberg,2021,27,2021-07-05,2021.5068493150684,2021-07-11,2021.5232876712328,male,9.048078718484659e-4,-0,0.002776874143198534,0.003655728500360734,0.0018304322157966753,0.0018252320330072143,9.516087072476133e-4,0.0019240355948756038,0.0019812377428207965,-0,0.0010244100904702265,-0,0.001003609684867492,0.001965637150774993,0.004898630729132204,0.0019708373476054787,0.005793122682923962,0.001882434072264451,0.008279059030587392,0.007951407900626716,0.009319235028401941,0.008741934780205749,0.01140485058758098,0.0059023349638452445,0.006339186381260658,0.010624685348569389,0.005715114051269498,0.009194412810043424,0.007602955789610853,0.009522071772275523,0.009407650947687885,0.007041276705191476,0.0078733960311214,0.004513795901579035,0.0040301561705664,0.0040977614539241345,0.006359988921251389,0.009262024807791492,0.0050806481937046895,0.005689111200059001,0.005039044145629613,0.0028704792259572447,0.004602203650517907,0.0039209478215878266,0.007114086614622255,0.006271578183767644,0.0016068248255685408,0.0023712540650024897,0.004763418167881299,0.0036817303347937884,0.006151963895840346,0.0032969045129798693,0.005522693260200158,0.0011804133977449437,0.0023088512568800955,0.0011336123564175387,0.0011440125841828258,0.0016952276323631062,0.002298450796139386,0.002392055017686721,0.003099292359832304,0.0019344359807302181,6.76004394040201e-4,7.176049514830961e-4,0.0014924214163493834,0.001560023400466684,0.0016744269584206722,8.892076027462617e-4,0.0018720336968105979,9.464086123428451e-4,0.0029588841810546545,9.98409584762529e-4,0.0010244100904702265,0.0011128119071272355,0.0024544579256640347,0.00144041994990653,-0,-0,0.00277167386576647,-0,6.76004394040201e-4
baden-wurttemberg,2021,28,2021-07-12,2021.5260273972603,2021-07-18,2021.5424657534247,female,0.001877233884274619,0.0029588841810546545,0.0029120815390412773,0.004799821515173018,0.0019240355948756038,0.007738175734550922,0.0039469497886402685,0.0010244100904702265,0.0031564958006180316,0.0021268434942464864,0.009709306391956513,0.004212170595212086,0.004232972284309839,0.009282828517093458,0.009220417414162218,0.0072857103759284385,0.005091049210924473,0.010078576645625783,0.006958065504961515,0.012419082897521123,0.011061576440359837,0.01293400841061952,0.016221329847915026,0.01897306089675849,0.012637535522759372,0.00947526322269548,0.009563679407277743,0.01019299894652979,0.01064028853863916,0.01583120963236622,0.01239307669374335,0.006271578183767644,0.005725515195395651,0.007743376508689189,0.00655761346622002,0.003634927042177917,0.005262666295407436,0.008279059030587392,0.012023790003689352,0.005143054328229515,0.0029432832957010753,0.00364532777022918,0.006921660646735023,0.0031616961165344864,0.005574698809193734,0.00477381912164906,0.01044264847699852,0.0031304942288193816,0.006313183217977983,0.004404586536875719,0.005512292156648544,0.005304270522398097,0.0031148932919855626,0.0029848856670374397,0.004128963922034487,0.002314051488027633,0.0017524295286047305,0.0017316288317807886,0.0035205191709188123,0.002423256462314505,6.136036202688044e-4,0.0018928344497984545,0.0013260169067880205,0.0027976752581388934,0.0021788456471371156,0.0022204474068869785,0.0015652235567344159,8.008061662232416e-4,-0,8.424068235148251e-4,0.0026260663087299776,0.0017368290052038353,8.996077816296376e-4,-0,0.002132043707192469,-0,0.00144041994990653,0.002241248299245859,0.0022204474068869785,0.0023192517196952167,8.892076027462617e-4
baden-wurttemberg,2021,28,2021-07-12,2021.5260273972603,2021-07-18,2021.5424657534247,male,0.003629726678935282,0.0018564331375272125,9.256082379355073e-4,0.004565800441571103,0.004581401813715118,0.0036505281350378074,0.007618558073008363,0.004805021995434633,0.0019812377428207965,0.009059189078280308,0.005117051763078601,0.005949140297311455,0.008024219084426654,0.006874854437892958,0.0088199479527293,0.007894199184880109,0.006760439438083146,0.005647506665163499,0.013802631690252734,0.013256489611384628,0.010166993856035466,0.015893628670174555,0.012164222661305117,0.01106677754689829,0.016200523362532936,0.013459341713950376,0.012866391638280074,0.01556072800101304,0.014515225693981677,0.01496255246639305,0.012767567283017733,0.006401594026198965,0.0059023349638452445,0.007732974960938583,0.008060624714555516,0.008877157686964345,0.006359988921251389,0.005699512338984012,0.007987813479779884,0.008539101079383155,0.008637917398898307,0.00430057783134404,0.003837741614408134,0.003135694542141295,0.007114086614622255,0.0039209478215878266,0.0072389038393971495,0.0023712540650024897,0.0031772970674157778,0.006630422698426997,0.005465487216382864,0.002641667098913336,0.004909031709944994,0.0059023349638452445,0.0023088512568800955,0.002839277512982304,0.003993753362091565,0.0022568489739783763,0.0028756795132703814,0.0029900859657976397,0.0024804591594204378,6.448039977942706e-4,0.003380109854759449,0.002147644349162222,0.0022360480753789583,0.0039053466476019223,0.0033437075013491397,8.892076027462617e-4,0.0018720336968105979,9.464086123428451e-4,9.880093861184358e-4,9.98409584762529e-4,0.002043640157790284,-0,-0,0.00144041994990653,-0,0.001352017576303122,-0,0.0014144192361890769,6.76004394040201e-4
baden-wurttemberg,2021,29,2021-07-19,2021.545205479452,2021-07-25,2021.5616438356165,female,0.0046906115497633806,0.0019760375449502316,0.0067916435039738305,0.004799821515173018,0.0028808798011093497,0.0029016809576542517,0.007894199184880109,0.0071712944721202465,0.00947526322269548,0.006375590831702886,0.014021090127885627,0.010525865253503073,0.009522071772275523,0.007218100947794619,0.015368270773853679,0.01561274359008081,0.018338433255814884,0.011082380869623426,0.01491573901923189,0.014327973769023073,0.0156699607981549,0.01120720761999968,0.017927489980436632,0.017324085486646892,0.01737610283963735,0.01815636937870107,0.018328029588521866,0.010978358806546596,0.01823959850057322,0.01507698551465495,0.011664908268371053,0.007665364951277586,0.01002136558959044,0.008445485792009783,0.0043681834662727785,0.01236186926637474,0.006770840791299499,0.0052678668219580125,0.008268657375683799,0.005143054328229515,0.0073637213637754466,0.0043785843409866404,0.006921660646735023,0.006323584481731828,0.004779019599315969,0.007956608696085646,0.008034620690429147,0.005481088858459028,0.0071036851927475855,0.006604419389508075,0.004134164335210349,0.003312505504420438,0.006229973182845335,0.004180968077167981,0.004716613901673972,0.0046282059582205765,0.0064327978767492475,0.0017316288317807886,0.0023452528858511536,0.0030264880716576255,0.002459658171372907,0.001263615352987529,0.002652067628300581,0.0027976752581388934,0.0029016809576542517,7.384052426877714e-4,7.800058500578373e-4,0.004820623439345829,0.001669226791232261,0.0016796271261233435,8.736073383242176e-4,-0,0.0017940309472143036,9.93209485183359e-4,0.002132043707192469,0.003702531811699247,-0,0.0011180120186726644,0.0011076117961076025,0.001159612929733815,0.0022204474068869785
baden-wurttemberg,2021,29,2021-07-19,2021.545205479452,2021-07-25,2021.5616438356165,male,9.048078718484659e-4,0.002782074421156427,0.0018512329521433405,0.003655728500360734,0.0018304322157966753,0.002735271938280475,0.008570306212628472,0.0067240347182130535,0.01090554348620109,0.0050338436419635705,0.010239808142200517,0.008923965698159696,0.006016748075591187,0.006874854437892958,0.017641392149282988,0.011836547050156,0.009657296707751815,0.016944360386214385,0.012881995501013856,0.012372271740083287,0.016944360386214385,0.015893628670174555,0.015966450975643053,0.014754493023809816,0.018312424091482198,0.01629415261230751,0.01429676518041859,0.018390451623496243,0.013131657941592127,0.01836444243315097,0.012096606889927376,0.013443737677968907,0.01312125531596912,0.00902278274904181,0.010078576645625783,0.008195845849617116,0.009189211890783682,0.010687098136945756,0.009438856602147598,0.007114086614622255,0.007197298064514397,0.010759913151403842,0.00537187746224954,0.005491489955775094,0.00790460076488041,0.006271578183767644,0.003218899625968554,0.0031616961165344864,0.008731533032711871,0.0051586558735601425,0.00410296186397373,0.0032969045129798693,0.0067500380869473355,0.005309471053109519,0.005772320369706133,0.006240374429955163,0.0034269129180184016,0.0028236766635127155,0.007472936943378171,0.005980343876362871,0.004955836149344533,0.0038689439265003588,6.76004394040201e-4,0.002147644349162222,0.0022360480753789583,7.800058500578373e-4,8.372067395304327e-4,8.892076027462617e-4,9.360084240991387e-4,0.003790938181377859,0.0019708373476054787,-0,-0,0.0011128119071272355,0.0012272144811884878,0.00144041994990653,0.0017264286588720033,-0,0.001388418535472331,-0,0.0015236223211765214
baden-wurttemberg,2021,30,2021-07-26,2021.5643835616438,2021-08-01,2021.5808219178082,female,0.0046906115497633806,0.006906058572441684,0.0038793447013583844,0.0028808798011093497,0.0038429419984537592,0.0038689439265003588,0.005923137329074769,0.009220417414162218,0.010525865253503073,0.008497494264191401,0.009709306391956513,0.017896279231453784,0.01375581928730811,0.00825305489722676,0.01741771675949474,0.00832586650339889,0.013240885636274406,0.01209140568038306,0.021875800803470166,0.030569383693521933,0.019358002747831886,0.01897306089675849,0.019638908059230343,0.014848119669956026,0.0268545330944151,0.007894199184880109,0.019129118060496397,0.01568556550219627,0.012918404532277994,0.01583120963236622,0.015311053897737304,0.008362272344714289,0.0078733960311214,0.008445485792009783,0.0072857103759284385,0.011633701278010085,0.012788372394834305,0.010536267359929925,0.01277796983788551,0.004409786977610334,0.005891933784351191,0.00875753740534499,0.008461088328199601,0.006323584481731828,0.011945772024446666,0.011139593093019493,0.008034620690429147,0.009397249067027562,0.012627132995985318,0.009542875585615106,0.004820623439345829,0.0066252220356052575,0.006229973182845335,0.006568014778865976,0.004716613901673972,0.005205460537649154,0.002922482122514309,0.003458114983596041,0.0023452528858511536,0.0018148316689941748,0.006146763280864589,0.004420187860645602,0.0019916381401162723,0.00210084243730566,-0,0.00592833792167956,0.0031304942288193816,0.0016068248255685408,0.005007841131423316,0.0025220611604778874,0.0026260663087299776,0.0026052652624425246,0.0017940309472143036,0.0029744850710829926,0.003198098342534541,-0,0.0028756795132703814,0.003359308506831505,0.0022204474068869785,-0,0.0018876342607685472
baden-wurttemberg,2021,30,2021-07-26,2021.5643835616438,2021-08-01,2021.5808219178082,male,0.006349587650215769,0.004638606884943447,0.0064744030399512,0.0063911927468413045,0.004581401813715118,0.002735271938280475,0.008570306212628472,0.0028808798011093497,0.014874127101577476,0.00805022310334564,0.013313704226862691,0.007930604723981044,0.0100317675950974,0.01178453523827202,0.019602494322149867,0.013813034452186325,0.008689926063543336,0.009412851888795442,0.021163105925953163,0.016788309778997864,0.021178712278522308,0.014307168041205605,0.015966450975643053,0.02213591085603565,0.025356181071428494,0.01629415261230751,0.017870270288280813,0.019097906590280194,0.02419082601276645,0.019045887514883748,0.015456696978959239,0.014083506992924363,0.016403386950121893,0.010957554418900645,0.008736733906195835,0.010245009166539523,0.012725957084356844,0.005699512338984012,0.0050806481937046895,0.007826588965596397,0.010073375637927505,0.00430057783134404,0.007670565718127922,0.005491489955775094,0.01106677754689829,0.006271578183767644,0.0064327978767492475,0.004747816741133262,0.007145290892723908,0.014733687125337003,0.010255411216783925,0.009236020182871087,0.004295377401531253,0.0059023349638452445,0.005195059497544844,0.002272449653385527,0.0034269129180184016,0.0050806481937046895,0.0034477142929898856,0.004186168495544676,0.0018564331375272125,0.004513795901579035,0.0027040703064400047,0.002147644349162222,0.0014924214163493834,0.0023400526515775636,0.002506460406183855,-0,9.360084240991387e-4,0.003790938181377859,0.0039417493941873135,0.006001146272799539,0.002043640157790284,0.0011128119071272355,0.003676529966864721,0.0043161791239144645,0.0017264286588720033,0.004056158192227219,0.004160166408873586,0.0028288769461511125,0.0018616333234368946
baden-wurttemberg,2021,31,2021-08-02,2021.5835616438355,2021-08-08,2021.6,female,9.360084240991387e-4,0.012829982643439736,0.0067916435039738305,0.010557071579020381,0.0028808798011093497,0.008705528673083116,0.013818235833936423,0.011269621107550368,0.00947526322269548,0.010624685348569389,0.0043161791239144645,0.01473888859917765,0.01058307686459831,0.016502218215392647,0.011269621107550368,0.014572441694434968,0.017318883754212644,0.014109514042132914,0.03381098976249051,0.023883884159587948,0.025814006275651023,0.024144004257039185,0.023909896110776784,0.023103531674356394,0.02290064194637099,0.01815636937870107,0.016736293013998777,0.018822206083660593,0.013677798709381312,0.021105882673285677,0.023332433856291586,0.016720687994640968,0.013599778248516077,0.011264419980728982,0.014567240237249476,0.015997660566351175,0.009027983651655722,0.006021948677558128,0.010520664201067077,0.008081427943217201,0.009574081321230209,0.007296111834213189,0.00923081925944987,0.011857351789476216,0.008762738281435603,0.005569498251956764,0.009641693812637063,0.009397249067027562,0.012627132995985318,0.011009565403622116,0.008955171062356925,0.008617113947610913,0.006854051691929893,0.004779019599315969,0.005304270522398097,0.008097030370172276,0.007015273190818646,0.006344387015475263,0.002932882708067575,0.002423256462314505,0.0018460327672737322,0.005054645659759895,0.004643807349082134,0.0027976752581388934,0.004352582158105526,0.0022204474068869785,0.0031304942288193816,0.0016068248255685408,0.001669226791232261,0.0025220611604778874,0.0026260663087299776,-0,0.0017940309472143036,0.0019812377428207965,0.003198098342534541,0.0012324146041686591,0.00144041994990653,-0,-0,0.0023192517196952167,0.00144041994990653
baden-wurttemberg,2021,31,2021-08-02,2021.5835616438355,2021-08-08,2021.6,male,0.003629726678935282,0.011129190865902368,0.00740012653149294,0.004565800441571103,0.010078576645625783,0.00638599210793978,0.013329308223824075,0.007686168021811396,0.01090554348620109,0.01107197865395119,0.011264419980728982,0.012887196789636148,0.007020473892650622,0.009818526898106836,0.012741560904955655,0.015784395403182796,0.0077277741878464005,0.016944360386214385,0.01932158920745296,0.024742285419274965,0.02287463050003617,0.02940911474041309,0.028129206823277395,0.025085649890862198,0.02042441059554951,0.02338445721998572,0.017152428590972393,0.02122032924159188,0.015893628670174555,0.01836444243315097,0.022177528585189468,0.01728767337051709,0.010499859996536744,0.013537361964105673,0.011420454011749976,0.01570637178153197,0.0162577412173633,0.012829982643439736,0.009438856602147598,0.014229146636033727,0.012237039744194867,0.00430057783134404,0.009204814650129236,0.007056878820055708,0.010276215323515192,0.007056878820055708,0.003218899625968554,0.010281416351495636,0.008731533032711871,0.0073637213637754466,0.006151963895840346,0.006599218729286997,0.004295377401531253,0.005309471053109519,0.00807622713526865,0.00567350949556945,0.00627677881122061,0.00395215018360753,0.0051742574235774715,0.0035881237916937088,0.006817646906522689,0.0012896159913068346,0.003380109854759449,0.0035829234331317228,0.005221062101703512,0.003125293916023304,0.0016744269584206722,0.002662468159768038,0.0018720336968105979,0.003790938181377859,-0,0.003000486564872446,0.002043640157790284,0.0022308478520263295,0.0012272144811884878,0.00144041994990653,0.005184658459520951,0.001352017576303122,0.001388418535472331,0.0014144192361890769,0.0015236223211765214
baden-wurttemberg,2021,32,2021-08-09,2021.6027397260275,2021-08-15,2021.6191780821919,female,0.008445485792009783,0.006906058572441684,0.004851826341216602,0.01151927580689688,0.006729235390917331,0.009672899607554079,0.012829982643439736,0.011269621107550368,0.011576488510976585,0.015935241403672203,0.010785918538417625,0.012632334259115106,0.011638902441767738,0.016502218215392647,0.025621511096406775,0.021860194241693706,0.02547063699459589,0.026204201392723697,0.05072473232731691,0.03917074963878367,0.03134984822602566,0.03881168049850649,0.04611844502240193,0.03960788063437711,0.030803521823315843,0.04422400007564283,0.030288419329371697,0.029804539816368044,0.032681868084324876,0.03467996185028371,0.03427409284030171,0.022297179742036412,0.017896279231453784,0.02041920855296445,0.02185499205547191,0.021085074233381854,0.015045776476522381,0.02107467001655247,0.01879099479765868,0.013958673337767286,0.01988340095430464,0.013131657941592127,0.016153708800865068,0.017391708055678374,0.015930039810160994,0.021485638164175366,0.013656993241703807,0.0211474995780736,0.010260612242683546,0.013943069151946876,0.013781826172628861,0.013256489611384628,0.011217609862723512,0.010749511000238682,0.011202006499415215,0.008097030370172276,0.00993814962044355,0.005189858978269959,0.00410296186397373,0.009085193614769562,0.011680511770580458,0.006313183217977983,0.005969942681265255,0.006297581326245275,0.0050806481937046895,0.006666827352765989,0.0023452528858511536,0.004820623439345829,0.005007841131423316,0.003359308506831505,0.004373383903372552,0.004342181288592536,0.0035933241507815398,0.004955836149344533,-0,0.0049350341710758016,0.0043161791239144645,0.008965572854586027,0.004440989632957202,0.001159612929733815,0.004659408744630301
baden-wurttemberg,2021,32,2021-08-09,2021.6027397260275,2021-08-15,2021.6191780821919,male,0.00906959089131662,0.010203400986370103,0.01017739589067374,0.019181137219148253,0.010078576645625783,0.0100317675950974,0.012377472977715043,0.011529678112048001,0.009912144657398491,0.016101692670661593,0.0225260783744583,0.01388065245547877,0.007020473892650622,0.009818526898106836,0.02254168513609111,0.013813034452186325,0.01738130457779542,0.024471757432487577,0.03957145291105434,0.04861671970197451,0.06102138994153751,0.0556489663754633,0.057798910352190994,0.04133042068456697,0.04508273717265402,0.053155559143714726,0.03574668396785748,0.0431571040429735,0.03456548565492474,0.03741705865900149,0.032265608213284745,0.02369139612518832,0.02690655998191206,0.01676230138999413,0.025538270158516882,0.018437268198909004,0.018380047945795872,0.020668907183925566,0.016699881309452415,0.02205787770365149,0.015836411215991393,0.015061380993247308,0.015347464629798743,0.015690767071246836,0.019758553374894256,0.018031525945672842,0.012866391638280074,0.011862552975603975,0.012705151997512511,0.011051174228849372,0.010936750039578199,0.016497016565171854,0.014733687125337003,0.011800138776377622,0.012117411733295511,0.012486699088217054,0.008559904499466014,0.010728706704150942,0.009776919059188786,0.007779781942198301,0.005574698809193734,0.01032302459408969,0.00946486132851025,0.0035829234331317228,0.012673944382853637,0.003125293916023304,0.007524944442861097,0.002662468159768038,0.00561630328583662,0.006635623361774643,0.0029588841810546545,0.006999671088432016,0.002043640157790284,0.005574698809193734,0.004903831219275663,0.007192097344997588,0.005184658459520951,0.0054082812354987984,0.004160166408873586,0.0028288769461511125,0.003551721292663989
baden-wurttemberg,2021,33,2021-08-16,2021.6219178082192,2021-08-22,2021.6383561643836,female,0.01032302459408969,0.014806507806412532,0.019404820194351795,0.015357867700785595,0.016340967300420138,0.021287956877624414,0.01974294744854616,0.02253648288169113,0.023160757125374496,0.02975251002931346,0.024815120117727414,0.0263186591824593,0.03175569441232444,0.033009675078052914,0.025621511096406775,0.05310871130035623,0.04585301039146037,0.04435411084544763,0.05470676712602247,0.07645978494651215,0.07471525092345255,0.0698829369028794,0.07517351090948901,0.08089689341349193,0.07348630089855933,0.07029949801069428,0.05819975719620943,0.05334815627650709,0.0524580511731114,0.05127126806898398,0.04594669304766488,0.0425169769302963,0.033649685164522075,0.030980426887232786,0.03060060204991639,0.02327000588856024,0.029341476541735547,0.030860755748723896,0.03232804698151775,0.030132328671913244,0.030199967899287996,0.02919059164635338,0.028467390812278864,0.03320740093055818,0.03266625827902234,0.0222815730537926,0.03535641724005798,0.027416426234070354,0.02999705048112077,0.02716149248307872,0.02963284171665657,0.02585042436269211,0.018697361052054044,0.017318883754212644,0.016507419866139544,0.008097030370172276,0.012861190351738811,0.014998962954432291,0.013490549799966361,0.01090554348620109,0.009834129846287232,0.010739108851154384,0.0092880294457223,0.009100796342909912,0.008705528673083116,0.00592833792167956,0.007041276705191476,0.006422396591155822,0.007509342187557531,0.005881532606937609,0.006994470388680601,0.0026052652624425246,0.005387479076234068,0.00792540393112291,0.005335473714479772,0.003702531811699247,0.010068174630755202,0.004482593202544671,0.004440989632957202,0.004638606884943447,0.005434283946279259
baden-wurttemberg,2021,33,2021-08-16,2021.6219178082192,2021-08-22,2021.6383561643836,male,0.025403003918641028,0.012980820073743847,0.02405556327791183,0.014614053370672519,0.018328029588521866,0.02098103215876963,0.026667236730436025,0.02402434885060263,0.01883781173368375,0.024154409088002503,0.03892096214829142,0.039670328219432956,0.03811956871643935,0.03633989500379043,0.032348859920916996,0.030584992869379296,0.046368267089239024,0.048018163793170615,0.05522211156165607,0.0733821539263549,0.07374146186201545,0.07076813324576048,0.08443851928755751,0.07086706789086572,0.04155940311487037,0.05386869263718087,0.04790365823049482,0.05589883423380933,0.05600294619581052,0.05239558822920679,0.04369315150860115,0.039061467464052084,0.041346033090963276,0.034175227792043225,0.030912786644671408,0.030735881810861638,0.04030521625787691,0.030647429619646536,0.026141769977233623,0.02561630853388735,0.028795171239016606,0.032999268475063015,0.021485638164175366,0.031381067050978005,0.03241129878911425,0.020382794269463586,0.02654237286256396,0.02610535168614876,0.027791025033654132,0.024310481802278915,0.01709000804212591,0.015836411215991393,0.01718884061239943,0.021246339860430657,0.02250526936623804,0.01759457629041233,0.01883781173368375,0.014114715453538935,0.01265313931681946,0.013761020663329399,0.010536267359929925,0.00967810057519137,0.008112632801814583,0.0035829234331317228,0.007457334703679101,0.005465487216382864,0.013381321580855659,0.01065069066795533,0.003744134790467952,0.006635623361774643,0.005912736145419771,0.006999671088432016,0.003068090509561685,0.005574698809193734,0.004903831219275663,0.005751518064810153,0.0069164599547856965,0.0054082812354987984,0.0055434954735562566,0.0028288769461511125,0.0045710008984342744
baden-wurttemberg,2021,34,2021-08-23,2021.641095890411,2021-08-29,2021.6575342465753,female,0.03379537961823492,0.02764014463703324,0.027166695200194997,0.03360285489109335,0.034612316795295764,0.030002253481954542,0.038504652330522394,0.04610803579566305,0.03474240351761011,0.052078069424449425,0.06043310332280749,0.0642440692427797,0.0709451743225943,0.054685945235968855,0.07074209784411946,0.07811584452634125,0.08052191185459139,0.08874087755369324,0.0845739391823867,0.10516186506333258,0.10887710340918673,0.07592339959789826,0.09056401809577784,0.10238472842421725,0.08218330903387164,0.09480957880491865,0.07176269534831511,0.07690243721676593,0.08517291602377208,0.07164813748758547,0.07148671547581971,0.052973373323284646,0.07018494337339182,0.06761794428102148,0.04809103110070469,0.054555808612033296,0.05342623639842934,0.04667534169070244,0.05789782032524452,0.06984128097563028,0.05009492207266509,0.05474320545367557,0.06849789521286305,0.05219258417968321,0.05338979899360749,0.06687338204600318,0.05464950694844008,0.04073194863973225,0.05211450591012252,0.041111847487164524,0.024117992188736462,0.0364595787524942,0.0267973035782934,0.04599873904071044,0.028894026058956992,0.024289672079976055,0.02748406192880732,0.020190319194557754,0.019940622861716432,0.015144605161548193,0.014135521104354294,0.012002985197778588,0.011945772024446666,0.00839867821152366,0.011607695467007982,0.010375034944150853,0.012517906590501499,0.00802941988716782,0.01001096358616428,0.008403879051716657,0.008747135654730063,0.01303283308219876,0.008081427943217201,0.006937262725709608,0.005335473714479772,0.003702531811699247,0.008632716535297642,0.008965572854586027,0.005548696028198445,0.009272426661402104,0.010432246389299219
baden-wurttemberg,2021,34,2021-08-23,2021.641095890411,2021-08-29,2021.6575342465753,male,0.02630825391843593,0.02597008397112666,0.02128275474865587,0.02466424835557219,0.03390985411824286,0.036496004295904674,0.040955724337225025,0.05094855103176786,0.048601105112485256,0.043287212143289566,0.06146391081073331,0.08334475614132877,0.08932948451305192,0.0638587949701488,0.07256981470180966,0.07798044144880159,0.060870413094806536,0.08664694928427442,0.08930864875472866,0.10701163498712443,0.11022674379493737,0.10340073681884099,0.09357494442529432,0.09599214639223089,0.09232471163449187,0.08862628228334923,0.07366335123002246,0.0750172854605448,0.06569147647554502,0.06601428502204022,0.07127322261699284,0.060849588736559865,0.054477726794000904,0.05546156626963049,0.06454083650710833,0.05601856300809312,0.04596230684011177,0.05560732184913455,0.05448293224489184,0.05836634380652947,0.06480636654767179,0.053811433382442334,0.06371301626002378,0.05571663880187674,0.05772082366425501,0.05568019979209666,0.050677886673886896,0.055393894175165576,0.0508340390161108,0.04421359122812214,0.04512957778580611,0.032999268475063015,0.031922196328152054,0.024783905234470178,0.02770257785150514,0.028378942479687842,0.02112148900867509,0.024279267221947544,0.023576944118193006,0.01914992571771485,0.017350094156640673,0.007743376508689189,0.016226531470558473,0.01289759936843573,0.014166729596180046,0.010931548946051022,0.011711718789039807,0.004435789189096282,0.011233213230708054,0.008533900225665754,0.006900857882046998,0.010005762585228615,0.009199613729829125,0.0089187648059436,0.008580707927871615,0.007192097344997588,0.0017264286588720033,0.00945966038219503,0.004160166408873586,0.0028288769461511125,0.008632716535297642
baden-wurttemberg,2021,35,2021-08-30,2021.6602739726027,2021-09-05,2021.676712328767,female,0.02064809891888209,0.02961202986430606,0.023285612873469672,0.04992836195842812,0.05000123194276317,0.045488690555075595,0.05727312891678551,0.07071606245551965,0.06951324171465603,0.06803448724477738,0.066915035595808,0.08953784255551257,0.07730343134972788,0.09289773126562842,0.09742480834986955,0.10314021995337766,0.13053289797269016,0.11498984734385558,0.09751858396346384,0.10898653240577673,0.09502316831743671,0.10096756012757879,0.09654957744458377,0.09742480834986955,0.09721120897243582,0.08215726791625111,0.08852210498400623,0.08082918820976204,0.05169809045241773,0.08598545215820828,0.07367897334703796,0.0857614825972361,0.06588412004443844,0.07044008813775385,0.07215323540663916,0.07421012811797,0.0669827226854009,0.07078375449299748,0.06090685574181814,0.06469182401093575,0.06705040986310049,0.07446529263323748,0.0761994030182976,0.0791001313408147,0.06136499405433992,0.06687338204600318,0.06108386324771678,0.07209074880020083,0.04263667489709784,0.06241664499316302,0.04342252491295,0.03845261383765349,0.03615256447187598,0.03524193955550368,0.023582146476685266,0.028337319786994587,0.026313456550184463,0.027114668052427793,0.02522091530521477,0.021204722876538334,0.020283955628496917,0.01894705141499828,0.025215712782768726,0.023098329363747103,0.013787027551257304,0.011113587529125463,0.013298100234577928,0.009636492848641124,0.01668947796998015,0.013443737677968907,0.008747135654730063,0.012164222661305117,0.01526424013682805,0.009906943666346611,0.009600086115211843,0.014806507806412532,0.005751518064810153,0.012325460624785496,0.011103185307210562,0.008117833613398493,0.013979478926148921
baden-wurttemberg,2021,35,2021-08-30,2021.6602739726027,2021-09-05,2021.676712328767,male,0.030845146490088796,0.03432092371823954,0.03701637198772346,0.047513300252706905,0.03207308914986711,0.048366886832761004,0.07431427674848363,0.0586422540538127,0.09426258527321103,0.07451736717794973,0.09529927313367739,0.08135520787991822,0.09636202988143414,0.08253746952827005,0.0804177507903347,0.09675275473464998,0.08020942928775929,0.0979614155347309,0.10681883899379108,0.10170219034241985,0.10173866161641099,0.09304880112928092,0.0859646177397484,0.09599214639223089,0.082448929178535,0.0715960658161354,0.08081877203239668,0.06793555798875794,0.06776373393878579,0.08031358993472813,0.07262188734836038,0.07687119105055445,0.0735279597458482,0.060625727412038796,0.06655577482590448,0.07447570753800799,0.07214282096701832,0.07415805388093619,0.06247391372423515,0.06548842051334867,0.06336419029119505,0.06314552445914219,0.06678486836345532,0.07220530763603004,0.06246350122298585,0.06195849741517902,0.07724614628427116,0.06014156551794964,0.052421614446714865,0.06633188893481774,0.04444258635487082,0.04224635645579311,0.04482251231234999,0.03187016442218581,0.045020283087414396,0.025543472713228644,0.03254138000532251,0.02710426262912664,0.028181234986123443,0.029320664805997165,0.02912815664528998,0.021287956877624414,0.01960769628302628,0.02149604246322626,0.008944769272208542,0.022650932598651512,0.010874336951551836,0.008877157686964345,0.01497815695814356,0.01233066185773503,0.013797430310069239,0.006001146272799539,0.007155692322920859,0.011149995322211734,0.006131161439069603,0.008632716535297642,0.01210180809998616,0.00945966038219503,0.008315464839132307,0.009896541685809217,0.014385189563441887
baden-wurttemberg,2021,36,2021-09-06,2021.6794520547944,2021-09-12,2021.695890410959,female,0.023467694710147927,0.040476949600232785,0.03881168049850649,0.052812009272526335,0.05673694144297411,0.06001662124479957,0.04245452592655975,0.07276769103611067,0.08005318870851655,0.08399059445559036,0.08527708661353291,0.08848564297854468,0.08260517695625974,0.08463123232097622,0.08100105543751755,0.08124583701528464,0.10807463113720332,0.11297303142430944,0.09452826712711067,0.10037361137128308,0.0968725776111921,0.08628755216393151,0.08372496643588125,0.08255309431152336,0.06952886258492308,0.06793035119102012,0.09091302657461292,0.06355161887910069,0.06995583485586093,0.06409828945256013,0.08024588549046813,0.07808459763099981,0.08021984534306724,0.07537660469480159,0.0685083089225121,0.06401498689878955,0.08053753603222263,0.08962639497636664,0.05865266578992195,0.08382392573561398,0.06483760546511605,0.07739196293865475,0.07465796870915573,0.07593381479471223,0.05817372808655679,0.06209385877945956,0.06108386324771678,0.050922525551517786,0.05527416683915676,0.05139619133077003,0.04273555603401472,0.04773710513488441,0.030538165355869496,0.031058473430288107,0.03420124489177989,0.027759808363951612,0.02748406192880732,0.03519510784809772,0.0234624923631118,0.02786906678989518,0.022744573463521888,0.020211127276417346,0.01990941090441469,0.016798713138242865,0.01741771675949474,0.017787041757538067,0.013298100234577928,0.012044594817923965,0.009178810053818976,0.012606327948680246,0.0052470647188647915,0.008689926063543336,0.011675310602655163,0.016845528280604895,0.006401594026198965,0.013573771454237438,0.014385189563441887,0.010083777653838487,0.012211033631454433,0.009272426661402104,0.015534720225985062
baden-wurttemberg,2021,36,2021-09-06,2021.6794520547944,2021-09-12,2021.695890410959,male,0.030845146490088796,0.03524714308114974,0.058309079599038055,0.06397333567194446,0.049496349148587214,0.05658077137376992,0.0552481391938897,0.07114825159414444,0.0883033333347276,0.08661048859363366,0.07069002707995525,0.10121764584405343,0.08430830818280301,0.09040774640181187,0.10103529155703013,0.09576813372729628,0.08504270308003362,0.09324675540805379,0.10681883899379108,0.08842313674294484,0.07374146186201545,0.08588648874487204,0.06997666286119751,0.07382477999880403,0.07680869877446354,0.08436560102872902,0.07294473892085357,0.05943875788654936,0.061536796962160634,0.07895430989637066,0.07262188734836038,0.0755901144013099,0.07287183677765864,0.05030312296570727,0.05579472248025004,0.06832086246791379,0.05020943246068248,0.0541810169547506,0.06247391372423515,0.061219222335250546,0.06985169495431416,0.06386400136020891,0.06678486836345532,0.044723627206883984,0.060089505367650495,0.05018861237137771,0.061146336628952185,0.06647767498697602,0.058777606785833714,0.05600815179938552,0.0458113737095424,0.03894177772667087,0.041132663942573124,0.038364148519280224,0.030590195929035793,0.030652632685556156,0.029112547906740144,0.03557496624677159,0.022427235659579076,0.032317640514939114,0.026646426064969374,0.020642896853925143,0.023665384283293667,0.026511156942443794,0.017147226875703747,0.019524464971410214,0.014218743790855273,0.018640140512742695,0.009360842501099463,0.015175814258995226,0.008871956799435624,0.015004164454808108,0.010219004050034989,0.0100317675950974,0.015940442997697955,0.011508873503826681,0.010375034944150853,0.014868925614209124,0.008315464839132307,0.011311230140872703,0.014894933056242298
baden-wurttemberg,2021,37,2021-09-13,2021.6986301369864,2021-09-19,2021.7150684931507,female,0.01877018728406492,0.0335612280167821,0.03881168049850649,0.04608721734843636,0.05770000056727524,0.08423539010656583,0.08395413562745005,0.09431467964738079,0.09270498759402768,0.10208253488588487,0.12310480423796945,0.1222343532377752,0.14092879803951774,0.11459898543471803,0.11590186989068006,0.13548033645538918,0.1244026893759035,0.09580981042909949,0.08357392365727528,0.08315725619766909,0.07102328087164254,0.07851684801654289,0.06491570284082832,0.06768042551287282,0.06083397047334043,0.051333729662363006,0.06059449102477037,0.07061712809771505,0.0646293463699753,0.06032898249057867,0.06418679856216468,0.062041796674573144,0.05227066256647901,0.06832606930474815,0.07799085705763328,0.07202305506129683,0.07300722655351143,0.057221071638160335,0.05488895901963695,0.07573071883312478,0.06557172542756004,0.07885015197212866,0.06465017224195665,0.0632704762505763,0.06295809733495329,0.053332540266194946,0.05625802138367613,0.061896023058197525,0.05606541347306993,0.044786080935828795,0.04825238050217909,0.029830554729414812,0.03241129878911425,0.03225520175920163,0.03243211176184075,0.030075095548244155,0.025725562456160974,0.03346236432384794,0.024050360872056205,0.022416831174205135,0.019056291325799984,0.021475233867200415,0.02123593561133503,0.025200105218565173,0.018140763933183292,0.011857351789476216,0.021126691121516255,0.012044594817923965,0.015857217555683697,0.008403879051716657,0.013995083122900976,0.012164222661305117,0.008981175546833909,0.009906943666346611,0.007467736196293589,0.007405327271815587,0.012944410998783754,0.005600701603197585,0.012211033631454433,0.013911860794347813,0.016091289450864764
baden-wurttemberg,2021,37,2021-09-13,2021.6986301369864,2021-09-19,2021.7150684931507,male,0.037198501910100344,0.04081521390304804,0.03979001963375125,0.042032983613124145,0.06141705548161368,0.06845624039512171,0.07526724640414348,0.10676152140389074,0.10518791770399931,0.10576628968807159,0.12710802397697404,0.14096529683628975,0.13153903015589644,0.11992017114410178,0.11380163624992563,0.1422323423766412,0.12180695149356978,0.11022153276083595,0.08838667480687899,0.08842313674294484,0.08816269490336175,0.07394975745429094,0.07378312091372245,0.06717537103802755,0.06764397811849962,0.06095891671041996,0.06292685954659982,0.05235915154657262,0.05254654047208713,0.05648186390586068,0.06387441414189873,0.055721844376790224,0.05645063000771011,0.04901229086639981,0.0611775733477102,0.06490528985062274,0.05445169954737991,0.07273124007584172,0.055935273396797915,0.06264051402777926,0.052556950987749304,0.05022504753312871,0.05526375577948777,0.05806961177822572,0.0640462253408172,0.06274463948854418,0.05792384929678916,0.050641451194841015,0.059574112691838356,0.05379581723299806,0.049917951969001964,0.04224635645579311,0.04298015754897164,0.03895738941592654,0.03174008488505191,0.03178691348093245,0.03025720116039645,0.023712205608064495,0.02185499205547191,0.022141113070355437,0.019212348739321247,0.019352800811928403,0.023665384283293667,0.01576358909262821,0.01565955766473659,0.01796390254459583,0.014218743790855273,0.015087388531530141,0.01497815695814356,0.01896785899936338,0.014785701887127897,0.01700678076022049,0.009199613729829125,0.0089187648059436,0.0024544579256640347,0.014385189563441887,0.010375034944150853,0.013516556552617548,0.008315464839132307,0.012725957084356844,0.014218743790855273
baden-wurttemberg,2021,38,2021-09-20,2021.717808219178,2021-09-26,2021.7342465753425,female,0.0225260783744583,0.035538541348534236,0.04366712965935757,0.048007754186143996,0.04903831539061384,0.06195329121589418,0.08296454862674765,0.09636723952683517,0.08953784255551257,0.09356973505963323,0.12310480423796945,0.11590708149405743,0.10274423681752815,0.08256871909946574,0.11179528879569912,0.08958472323012572,0.08358434038654278,0.07764193529748235,0.06565503047522177,0.07072126953219447,0.07286662948562998,0.06038624892250179,0.06235417008575301,0.05281721455666779,0.056882700597393324,0.057653148629555444,0.05341062036466333,0.05413416818752789,0.05169809045241773,0.06711809712890698,0.05688790628903932,0.052973373323284646,0.06516561523131832,0.05775205832535933,0.0648636379106524,0.06037583683927891,0.0632132066422321,0.053457468480018665,0.062411438748014386,0.0632236192936038,0.06557172542756004,0.05401444375193516,0.061568033915477306,0.057731235215871826,0.04621212815681235,0.050146972217776385,0.049824262157946365,0.04073194863973225,0.056856672146997765,0.050662271465457084,0.031011645490399312,0.03977961167374313,0.033654888530837174,0.019108310411604067,0.027712983394538208,0.018504892215577586,0.03391505751059177,0.02250006711548699,0.026396698728998875,0.02544462426266061,0.02213070864223053,0.019581686483836572,0.01592483821717588,0.016798713138242865,0.020320369842783625,0.014822112251336231,0.017214849214742513,0.012044594817923965,0.011680511770580458,0.018489286665460354,0.013995083122900976,0.01738130457779542,0.009875737730976804,0.015857217555683697,0.010666293865828298,0.012341064325200612,0.011508873503826681,0.007842191316088062,0.008882358575019015,0.0127519634546151,0.015425487712927255
baden-wurttemberg,2021,38,2021-09-20,2021.717808219178,2021-09-26,2021.7342465753425,male,0.02630825391843593,0.024112789776640834,0.040716336417706674,0.03471638614710906,0.062333345133294374,0.07119511569251923,0.080037564676414,0.09039211925824152,0.09922741365172524,0.10778282610865954,0.11273852302181979,0.1300324456909447,0.10741286137304927,0.113035567176923,0.1098723946654427,0.09774260416936317,0.09858659593785818,0.06120360396101662,0.057986318881661544,0.05657556571287094,0.06271340182842024,0.0556489663754633,0.041059806385100615,0.05757506216050457,0.04790365823049482,0.05386869263718087,0.05505553502384215,0.04457269767160878,0.06222922049610063,0.041502157412759554,0.05983441138459054,0.049314176147994666,0.0551336177095015,0.04578535080027637,0.05310350598702961,0.05738244937152886,0.04383887410502002,0.047763129020911836,0.04212665938745494,0.04768505740191277,0.04175716147976913,0.053811433382442334,0.058340314613490145,0.05650268651505033,0.047435229008793905,0.04469760484195881,0.04826799498695923,0.04747686699096243,0.03811956871643935,0.047898453438179264,0.039654716316139725,0.03762000503407771,0.02271335982316015,0.029507970727501363,0.030590195929035793,0.034627927184788056,0.027400818009318758,0.024846335019722523,0.022427235659579076,0.020346380011462703,0.016731091340357246,0.01999784483209072,0.018931445732191323,0.016481411617619894,0.01565955766473659,0.014837716700948375,0.016731091340357246,0.011540080419280044,0.011233213230708054,0.01233066185773503,0.006900857882046998,0.008003415878652047,0.011243615478634129,0.011149995322211734,0.008580707927871615,0.010068174630755202,0.01728767337051709,0.016221329847915026,0.0055434954735562566,0.012725957084356844,0.014218743790855273
baden-wurttemberg,2021,39,2021-09-27,2021.7369863013698,2021-10-03,2021.7534246575342,female,0.032853576251881456,0.035538541348534236,0.0446403556849714,0.025918058020581027,0.054810876701353525,0.059048313306830046,0.07308012888651258,0.1014937835532075,0.12434535240073213,0.1521351321466287,0.13391629026778556,0.15917096119498422,0.11016942244851428,0.08773036432954112,0.12514807580630002,0.07811584452634125,0.07746487141917925,0.07259585101856396,0.058689106882718396,0.07263230188392218,0.06825317363647677,0.06125045909779729,0.06406184456886546,0.06685776197343135,0.06004265127694701,0.058444431463834316,0.04862712943090747,0.0564870695573735,0.049413069983410385,0.050516529746210785,0.0532440496296608,0.06273943321055661,0.05442046686862724,0.05563855524075443,0.0539259519549699,0.052369562024719166,0.05944916978214037,0.05571663880187674,0.06617569004677477,0.06543114846224601,0.07589736161499283,0.06058928496205277,0.06310908024319327,0.051401396473187734,0.06455124942433245,0.059704261875340864,0.060276922152645504,0.04856987594756724,0.041054602277761636,0.03964430838321295,0.04066429571146475,0.031157332552986423,0.03178691348093245,0.0298617726422541,0.02948195597583279,0.03412319363161541,0.026313456550184463,0.020190319194557754,0.029331070672825185,0.024232445386586157,0.02705223554382453,0.022109899792226023,0.018577718178029532,0.019602494322149867,0.020320369842783625,0.014078305584640034,0.010952353323286817,0.012044594817923965,0.017526953457563752,0.010921146760551548,0.013995083122900976,0.011295626749478021,0.014369585249631773,0.015857217555683697,0.013865048293070885,0.02098103215876963,0.007192097344997588,0.010083777653838487,0.012211033631454433,0.0127519634546151,0.018530901476172684
baden-wurttemberg,2021,39,2021-09-27,2021.7369863013698,2021-10-03,2021.7534246575342,male,0.02630825391843593,0.025044029834155674,0.02035678408257603,0.047513300252706905,0.06875823857973187,0.06297371623616416,0.08670945338485574,0.07980841274487638,0.11611554605733719,0.12290673626276427,0.13223759970242216,0.15190566227818753,0.1234957300872031,0.12090524958129899,0.1295163593198558,0.10565165689179133,0.09084530832839245,0.09041816450013257,0.0727208255204646,0.06276546460571861,0.059324227172648014,0.06679007504649638,0.057798910352190994,0.05461827415087846,0.04438013303847859,0.041814407462603606,0.039321663495744605,0.05448293224489184,0.061536796962160634,0.05715860297260135,0.05378540646930918,0.04738838631870983,0.04200175839251255,0.04062266318396982,0.052432024937366595,0.04440095080227126,0.05657556571287094,0.047763129020911836,0.04866876836747826,0.04269912611958655,0.060485163817097586,0.050938140838105925,0.050657066397018655,0.04708130750650123,0.05059981067861753,0.04469760484195881,0.03539284201072721,0.03956104499479871,0.04368274276733994,0.04347456837965489,0.04171032390431999,0.03630346956973294,0.03560618760842813,0.03010111059665254,0.030590195929035793,0.03121976999047574,0.02454459175201527,0.02202146227260865,0.025881639886172834,0.021542861834745457,0.018588121895278004,0.02322838728504327,0.022312786434970013,0.014327973769023073,0.0119301684426469,0.008591109645195443,0.020075874893171124,0.012424284139840888,0.01404189574124071,0.015175814258995226,0.011826144683617312,0.010005762585228615,0.009199613729829125,0.015607542028834938,0.011035570915488218,0.020138299026342812,0.008643118263024918,0.013516556552617548,0.012476296591617569,0.016965167169226247,0.018109553056191764
baden-wurttemberg,2021,40,2021-10-04,2021.7561643835616,2021-10-10,2021.772602739726,female,0.013142060569296185,0.0335612280167821,0.031048067217778943,0.0355229306856734,0.03942053832916226,0.051302498856295,0.07901159684363362,0.09841467057770815,0.11907062112945839,0.10740765062092554,0.13283191252572005,0.11590708149405743,0.12077494712976847,0.1228650378378008,0.08715740163762124,0.11357233547997295,0.08664174061262016,0.0786522524908435,0.06764397811849962,0.07167938051548439,0.06364012705822229,0.053483495229013585,0.04269912611958655,0.06272902065613944,0.05450895950714556,0.05607582469324221,0.062187570699602734,0.06276546460571861,0.07299681194285383,0.06636312876873086,0.05251010368368556,0.05367088820630141,0.05442046686862724,0.05493580846688451,0.0575698564000731,0.05600815179938552,0.06396812927093748,0.06701916961628962,0.051880271804847534,0.06395771647048158,0.06336419029119505,0.056205965121271996,0.062338551370624266,0.0632704762505763,0.05897022474267987,0.04775792424266213,0.06671197485566142,0.05719504301839361,0.05211450591012252,0.04331843813580664,0.039285235972925804,0.0364595787524942,0.03864515652140638,0.03942574227296834,0.033020081683125445,0.03412319363161541,0.029237417946343228,0.03288479597962832,0.03637111682472198,0.024232445386586157,0.033196994287997925,0.017688208050302228,0.01990941090441469,0.02240122445005047,0.022494864865250614,0.017787041757538067,0.02190701394108068,0.017667400977983524,0.019191541057124385,0.015966450975643053,0.022744573463521888,0.0208561819440096,0.013469744407207957,0.009906943666346611,0.012798774953864125,0.013573771454237438,0.0043161791239144645,0.01120720761999968,0.012211033631454433,0.02319197103429321,0.015092590040751079
baden-wurttemberg,2021,40,2021-10-04,2021.7561643835616,2021-10-10,2021.772602739726,male,0.03357163473223588,0.02226076414341658,0.03145911419535494,0.046602476366937574,0.038494244627781296,0.045624009053482836,0.08766785900181157,0.0884700164125979,0.1081684259584292,0.10778282610865954,0.11889862803062917,0.14096529683628975,0.14159099447914247,0.10024336035804199,0.09416360610607165,0.1007070554518683,0.11406741795304971,0.06685776197343135,0.057986318881661544,0.07072647660939649,0.059324227172648014,0.06599345860372799,0.041824815829890366,0.0553574553915423,0.05142742219310331,0.04890298800694941,0.04647235997131495,0.06085479482533826,0.04770067171633308,0.041502157412759554,0.04907474974638778,0.05187506661448893,0.05251010368368556,0.05481608218558871,0.052432024937366595,0.05875157738693126,0.05940752221228488,0.058465254858913504,0.043578655469325836,0.0633537776116749,0.05976152761928274,0.05022504753312871,0.058340314613490145,0.05257256676515334,0.06246350122298585,0.05568019979209666,0.05148467882277742,0.05222381552033445,0.04924130712645536,0.05453498678243232,0.03623582240274669,0.03167764682280737,0.03929043990319717,0.036001659811947535,0.02885760584026865,0.03235406315707275,0.023405266580030695,0.03614215723989018,0.03393587108520574,0.031120910749075352,0.02912815664528998,0.026453927804229314,0.031781710301532415,0.018629736785086778,0.014166729596180046,0.018744177903784062,0.020075874893171124,0.01686633502407105,0.02341046892134744,0.016122499116499107,0.009854933784467555,0.02201105786842406,0.020440016726415582,0.011149995322211734,0.013485348450993466,0.014385189563441887,0.027666158467289727,0.013516556552617548,0.009704105421198058,0.012725957084356844,0.017095209751665015
baden-wurttemberg,2021,41,2021-10-11,2021.7753424657535,2021-10-17,2021.7917808219179,female,0.015956047782908676,0.026651628730552348,0.02134518033066118,0.04416675144006572,0.046154877332394206,0.04161664887999607,0.08790746316611743,0.09636723952683517,0.11484913671811828,0.14041781757469254,0.14689408430770465,0.1549462202188316,0.1366846840781752,0.12906804602344277,0.10871556578748437,0.11461461985467285,0.08562605960974091,0.08773557311024044,0.0865636106003739,0.05637775098498367,0.08855856701503467,0.08283434121284676,0.06491570284082832,0.05860060713022269,0.07111180176905786,0.06239582001568444,0.06378069918176019,0.05962617232615096,0.0684302061509808,0.056554743074497905,0.05835072628914353,0.05855375438105659,0.05442046686862724,0.05775205832535933,0.05684105508301524,0.06984128097563028,0.06246350122298585,0.07304367770723616,0.07896993360299948,0.0720490911042908,0.0810583446396743,0.08688654874449603,0.07697013730796483,0.0553574553915423,0.055779105735197586,0.06846665409642881,0.07636604730215246,0.06424927567141471,0.05527416683915676,0.06094850451252984,0.04687311951274238,0.04442176857440393,0.05111511441378844,0.04659727170486426,0.03950900544473917,0.03643876416771404,0.028066773096576427,0.029424723567983084,0.03637111682472198,0.03211471483291475,0.024591413868446203,0.026531967553775116,0.02256249415888399,0.0273019660280044,0.02322318496194863,0.02593886839455305,0.01877538916167991,0.017667400977983524,0.022531280627817375,0.01512379910698572,0.017490541199373096,0.01738130457779542,0.0215532661452516,0.014863724127366848,0.02560590341040424,0.025918058020581027,0.020143501040820178,0.013448939022773868,0.01776103286900255,0.01623173309372802,0.024414530538704307
baden-wurttemberg,2021,41,2021-10-11,2021.7753424657535,2021-10-17,2021.7917808219179,male,0.01905108942008456,0.030611008172879445,0.028685910867197864,0.03929043990319717,0.05316596978130451,0.05840799054249777,0.09148082149326085,0.0884700164125979,0.12207798633848387,0.11181613356609758,0.133264618240274,0.1767673087032499,0.1275146182218833,0.14649776784459467,0.13541256014548633,0.10466165689376594,0.09568478042390405,0.08005318870851655,0.06903941087997181,0.07957405385939284,0.05762711979351158,0.08031879797255057,0.06008429935549008,0.052400793471663994,0.059886471279501134,0.058121669906333065,0.05935025685820077,0.055190878420168746,0.06292165325036243,0.061245252969405986,0.04302179196398028,0.051234832174164024,0.06433257860051632,0.0573980665981082,0.05310350598702961,0.05875157738693126,0.05374376343539674,0.0548941645116886,0.07047133043983175,0.056945168931505814,0.05472238354903707,0.05740327234134746,0.05680461528528622,0.07613170393052872,0.06958613914936937,0.05803317111956267,0.053899924984523916,0.05855896023998779,0.048450164322461804,0.04715937821904849,0.05607582469324221,0.042902093110681674,0.04789324864639044,0.0365948737566443,0.042137067817242524,0.04257942800903541,0.03882208826478198,0.04122633809502915,0.027031424724278854,0.024534186842978888,0.03346756767141887,0.025808803693866775,0.029076127535001273,0.027947108663261708,0.02460702124995485,0.022650932598651512,0.021750948440391216,0.023077520126531876,0.017787041757538067,0.01233066185773503,0.0216833202022213,0.015004164454808108,0.022484460366350763,0.014494419891242694,0.019618100206346065,0.02445615009157144,0.02074693825199469,0.013516556552617548,0.034659147977837125,0.019794967221257495,0.02183418331580065
baden-wurttemberg,2021,42,2021-10-18,2021.7945205479452,2021-10-24,2021.8109589041096,female,0.027223925122858827,0.02467465329063319,0.03784376734006448,0.05377499570770461,0.05962096636037722,0.06389003331834017,0.10471376168692166,0.10765255653531702,0.13383808919327336,0.13722169655524297,0.18151563868818665,0.201416379126487,0.1780769696047987,0.14457880453381716,0.16007332690077666,0.14904780421080344,0.13257124817048138,0.11196204719284543,0.12441832674373711,0.12143167480970198,0.1079547824451743,0.107881831202662,0.11109178269465202,0.10403640344817541,0.10037361137128308,0.09243931505556183,0.08931906663284382,0.08946491714568897,0.09278312683424615,0.0746631761805726,0.08024588549046813,0.0857614825972361,0.09312173156536796,0.09582022960976948,0.07944906288568623,0.08440206014536185,0.09937329195836292,0.08736575097695899,0.10381235612649142,0.0941271401446191,0.1076160811132649,0.10516186506333258,0.09314777817447048,0.1012697471863759,0.0860896243757213,0.10831432934994,0.0956743612703738,0.08699072276720399,0.0781939618468384,0.08299579845459906,0.07653269212005936,0.08555834824825118,0.07482460805324478,0.06393168447846136,0.07078375449299748,0.059011871962298665,0.05731998051210332,0.050204227437571886,0.049282946554831286,0.0612140162099866,0.045499099657830486,0.04738838631870983,0.06040707309520206,0.04341211622585945,0.04500466957782189,0.030387276988101133,0.027385209789246325,0.03213032447265111,0.030881568100855482,0.021849789869776325,0.035866366351226676,0.027811836157200263,0.019758553374894256,0.025767183058360264,0.04054460228475993,0.03208869877710804,0.0330929279769415,0.02801994785074668,0.03219796629897347,0.04059143881022278,0.04273555603401472
baden-wurttemberg,2021,42,2021-10-18,2021.7945205479452,2021-10-24,2021.8109589041096,male,0.03266105501163332,0.03710483501320564,0.036090121111204534,0.027406020750380154,0.04858028566712269,0.062062621510272795,0.11723605740343529,0.1192790983755707,0.17178463742876518,0.18446921430476523,0.1671467473546638,0.22752383535172058,0.19491244073798422,0.16127302809899607,0.1757081250081416,0.11454687073547495,0.12955285010710813,0.1300272326716867,0.1215671910775719,0.096388078113646955,0.10597992421001103,0.100217310194541,0.09967025977567869,0.09303317319200127,0.09303317319200127,0.09642975531232327,0.07724093855417395,0.08493853295981303,0.072606265548917,0.08985038118459006,0.07262188734836038,0.08392288522367289,0.08995456114505102,0.06449918485906356,0.09347596656703193,0.0806312811966124,0.08488644797795514,0.06916437683476344,0.07410597969605667,0.0726114728148786,0.08786579279736452,0.10336947472607143,0.08522500129256713,0.08634484719059675,0.09808124119640886,0.1027807088223877,0.0699974908748765,0.07360607017446603,0.08342288131739149,0.07149192262967106,0.06017800765416781,0.0633798093143819,0.06017800765416781,0.056081030304107146,0.050219842508455105,0.0670035494999252,0.06510313702109297,0.05082883393048463,0.05637775098498367,0.06165653871843941,0.058892136295801145,0.05550321067923007,0.05816852226618628,0.04730511052941158,0.03803110396466461,0.03436775463835302,0.03430010998950347,0.03462272372110519,0.034648741044737995,0.02560590341040424,0.04041970508976491,0.03602247422176405,0.0357779054326154,0.03233845345017319,0.04169991555995001,0.04748207174107489,0.027666158467289727,0.029736901103345804,0.03743266989050533,0.04242330045281737,0.04096613253263839
baden-wurttemberg,2021,43,2021-10-25,2021.813698630137,2021-10-31,2021.8301369863013,female,0.03473199656784876,0.0414605242144518,0.05143262733865298,0.05185424585827647,0.06924768763812855,0.06970589944253437,0.12647728791389146,0.20319127085374528,0.21092841829188425,0.3057837141107392,0.32349777434940313,0.279663086728805,0.25671182160765676,0.23255363715225932,0.2238314452703099,0.2106673621632078,0.203076423085268,0.17460200545989227,0.1573141191803247,0.1606940384129188,0.14029268026708203,0.15887886929235617,0.13676288943370737,0.13462531871034142,0.12015471193653239,0.13832180739355632,0.1196595715043284,0.1303295886523489,0.10268171344015156,0.11845561812309251,0.11749664489793814,0.11787189318422071,0.1103309645866877,0.10428650392423995,0.10571418384025082,0.11353585590525447,0.1250021251745037,0.1311063388001181,0.12791600283841598,0.14640911852280994,0.16002638263400476,0.1395314348004952,0.1340049182944035,0.13612682262061485,0.15234374199666476,0.12984477732700897,0.11176923284444856,0.11759045671564404,0.11219134086211655,0.12123361320733135,0.12071240206900723,0.09352806015316091,0.092923777762536,0.09502837782869915,0.07727739267578376,0.09317382479661966,0.07487668295778897,0.0790740917671748,0.07688160643720546,0.07152316556370615,0.057804116135553286,0.06888320385880785,0.06705040986310049,0.06092247402692298,0.04645674602572188,0.05485772607825278,0.045389804182773726,0.04980864720585143,0.038395371555637346,0.03782295220121339,0.05512320667797219,0.05998538522341881,0.057496975808713074,0.04559798623797571,0.05442046686862724,0.03579351617202114,0.04605078508584807,0.03810916109077172,0.04330802946955082,0.05451416496116303,0.05472758902441361
baden-wurttemberg,2021,43,2021-10-25,2021.813698630137,2021-10-31,2021.8301369863013,male,0.03538243493079043,0.04452585756008081,0.034237668853286905,0.0484293449375319,0.06417117929658397,0.07941260724161575,0.1372790477300768,0.17805609825609256,0.21656232888030458,0.25419307850660294,0.30496250564775096,0.32819149437879014,0.2664325965964076,0.22138218263218087,0.2455717486939618,0.21250522517372586,0.17797783077305654,0.15644831101980025,0.16492446293382126,0.14774930380921703,0.13484428533026463,0.14163270792302565,0.13014191921602103,0.11890383993435394,0.10996098172144046,0.10210858598380874,0.11375473373745078,0.12036840557953593,0.1279994078228486,0.11574552203233118,0.12647728791389146,0.10316106125458485,0.1057298155891177,0.10323400587459058,0.09078279925631656,0.11278021332718567,0.10329652991603243,0.09842509028032413,0.11411432074756354,0.11608948794122009,0.10877809642022526,0.10695952789140911,0.10982028470299846,0.11935206560916971,0.13054853718410633,0.1232090508437373,0.11833053365599377,0.12431929016019452,0.11762693913489966,0.11133670596096314,0.09235075784437298,0.08518333307335743,0.09766966725218013,0.1015823563365701,0.09124120086320534,0.07268958186683085,0.08681883574165215,0.07004435393615338,0.0771003300387748,0.06285397144675144,0.0880533097197148,0.0690654454291239,0.060875619185675585,0.0637963183300526,0.05444649409961552,0.060157183573205764,0.04769026217286333,0.0488301195616166,0.038395371555637346,0.042688717577295594,0.050282302838890076,0.04903311048472676,0.052140531986948055,0.051302498856295,0.057653148629555444,0.04604558047898727,0.058808842081718965,0.07437676602691176,0.044364519721096195,0.04667013702133027,0.05434759069115682
baden-wurttemberg,2021,44,2021-11-01,2021.8328767123287,2021-11-07,2021.849315068493,female,0.046940780519288,0.0394881896392975,0.05823099214499452,0.07875641001868586,0.0817562363516868,0.10943988355916555,0.1482447117834537,0.17440895870500464,0.20353059528791276,0.23530639303531908,0.2443283051308772,0.29553784407556627,0.2280095582278398,0.2180557569233714,0.18885814092868816,0.22738804267098225,0.16423588703396527,0.1685396360080735,0.16728759956773773,0.16165380861379103,0.19947450816611847,0.1580130350783275,0.178718767666898,0.17681948579752707,0.16370381190182418,0.1763238055157203,0.1604019379548391,0.1664998754238599,0.15676646776485761,0.14641433318461106,0.14965273916425678,0.15978644593235447,0.1612782442515923,0.15580157216137283,0.16486186474796305,0.15800260342870226,0.15667258524419123,0.17638641750111528,0.1784161301953839,0.17662643081021603,0.19771018291094358,0.17685079207922372,0.17643337653964322,0.16704241262799066,0.17151856055913792,0.16654682553510153,0.18024241755506454,0.15291742339949324,0.18342552884262536,0.15802346673004547,0.13314471147680507,0.14733212180744876,0.1278899388082183,0.12793685407198258,0.11921134317890011,0.10591739694200793,0.11118558295821165,0.10623003403387211,0.09450221982651151,0.0945751523010604,0.10027983060886078,0.09418444380981339,0.07568905822109914,0.07914700260623443,0.06751901581746515,0.060792321794363245,0.05087047463010563,0.0771419917814787,0.058439225616363104,0.055482388470261386,0.05512320667797219,0.05563855524075443,0.061094275472710444,0.058491284114498956,0.05549279957370351,0.03826007186682844,0.053249254957050386,0.051567961305745195,0.05663803367801882,0.0382704795227004,0.059501229291366864
baden-wurttemberg,2021,44,2021-11-01,2021.8328767123287,2021-11-07,2021.849315068493,male,0.03629306230754509,0.03895738941592654,0.05460786322252667,0.07128884401596379,0.06141705548161368,0.12877091027074805,0.16115305673363256,0.15203082753544492,0.2225362984152901,0.23094488334570473,0.256581178405452,0.26935963748951275,0.21706361463005305,0.20068033885748182,0.19046037409900282,0.1778526030452315,0.18184960349062956,0.1611687051568935,0.16861267239765412,0.14952236465696492,0.16202937568847647,0.16235278284303595,0.1575801233775134,0.1536684340745335,0.15797130849238253,0.1653209198608645,0.15316254374691882,0.1607879281943429,0.12661281733169832,0.15188480143127445,0.1352352994449261,0.132034283716951,0.14321262924494674,0.11421333789712337,0.14937113063801408,0.14152842437605842,0.11604258336512399,0.1441355757929393,0.14468309419836345,0.15888408520480413,0.15783569731930758,0.148656686219577,0.16212848411886724,0.14844287629469705,0.15115467706139227,0.14914167296643463,0.14412514692688064,0.1552487211270344,0.1478692442541736,0.16672419300458288,0.13413525390207742,0.14403650164983164,0.12227083891527131,0.12523147635125287,0.11840871141266739,0.10395303689012668,0.11826799153528264,0.1254712536630881,0.10071747561383998,0.11139402859413719,0.09798746456812676,0.0806885699913786,0.1021815291274359,0.07097120982590625,0.08206352000078737,0.07579320981373948,0.06443670744955138,0.06660263478556433,0.07025784174974703,0.07116387295557847,0.06902379015674179,0.06806052129079893,0.07362689964191424,0.056882700597393324,0.06870096292718744,0.051802194004223735,0.06399936768481014,0.06219798314559973,0.056851466458478606,0.07214282096701832,0.0573980665981082
baden-wurttemberg,2021,45,2021-11-08,2021.8520547945207,2021-11-14,2021.868493150685,female,0.07230945225123998,0.08691259223060482,0.0834853815427489,0.11048729616596618,0.1540074355017017,0.16764234016518068,0.2760715461506086,0.3463057953652281,0.37922706346697743,0.47061196340341777,0.4767516373599522,0.5087368929032008,0.46449400090227866,0.4328715201359755,0.4011162901349749,0.37708997836171715,0.3402704833069175,0.3234297525359355,0.2961026480390141,0.2690616990096869,0.3004277854486504,0.27575788626247644,0.281613182828777,0.2555099165277557,0.2628053852327839,0.23338414966780183,0.22758650901627292,0.23577129408588393,0.20022619154841612,0.2697516644058784,0.2381898913270465,0.23531161661954375,0.25468950162229764,0.23705632310608973,0.2277327478606689,0.24485075678752316,0.27070822248557325,0.27842405562010974,0.2916575975095588,0.29618632322200744,0.2850011912348412,0.3021799084269294,0.290005181489551,0.2829411721647201,0.2787063639085999,0.30321028890984053,0.2948213886152444,0.27085458265099893,0.25237464272696525,0.2479072041566495,0.21955967186230704,0.1905438794614145,0.19226098820494925,0.1938215708660833,0.17714298495059824,0.15402829720016972,0.16921261805141594,0.17215506043589016,0.15270359595493352,0.1613721350878494,0.147712800250442,0.12772312932429805,0.13285797903311397,0.12472586260015861,0.10749102271760413,0.10977338578144971,0.10806420950084376,0.10690742084790816,0.10105613201461104,0.08577189976472842,0.09803956267407157,0.10698037072342953,0.10875725286762152,0.08626671762443132,0.07471525092345255,0.0827301755164763,0.09213717930845708,0.08522500129256713,0.08331350610376774,0.09979008937517765,0.09372601625639516
baden-wurttemberg,2021,45,2021-11-08,2021.8520547945207,2021-11-14,2021.868493150685,male,0.06534263723461213,0.06216153959373492,0.09629430453875712,0.11337951516060267,0.14863061179142772,0.18182873062763882,0.2691819195943566,0.35381819872166426,0.40205430634057143,0.4710422417169946,0.519607854507822,0.5190931393717412,0.46639857244427124,0.44272492967275723,0.3816261508954888,0.34340582686267446,0.37990277776817577,0.3522056889642704,0.3322210011587103,0.28615149119772865,0.26408062955249456,0.2700705151439786,0.2514393226523809,0.23734363068598222,0.25199319731312136,0.19944318826099278,0.21986254888268603,0.2161498161066374,0.22368521739706346,0.19214616457464426,0.24043620550356795,0.20267445789309962,0.20047675509051915,0.22220729447321644,0.20397433058134476,0.21620725439800362,0.2011188296780897,0.22852140014662975,0.22191484827222258,0.23672200355687548,0.22500650560895114,0.23502954382245847,0.24453728516363932,0.25394748145429136,0.23761004458760385,0.2388324317526756,0.24177881635430806,0.229075030751082,0.21478698071406815,0.22439024843124483,0.2239776735547554,0.1996415479787118,0.19614426389352732,0.18677583348125049,0.18437528175535783,0.16539916829573215,0.16691199451403732,0.16453322550852625,0.15200996663831343,0.17138291405153064,0.14456316110217815,0.1498613390558254,0.15639615436206739,0.14563213975778952,0.1097004319875547,0.10786619880686324,0.1088354162329626,0.1012697471863759,0.08806893616043716,0.08540730014418628,0.11048729616596618,0.10312979930590645,0.07976674886581579,0.08813665079114882,0.09939934169903812,0.09501274929647173,0.12288067474324074,0.10686573525070166,0.09848760853986568,0.08346975647936843,0.09993596926032958
baden-wurttemberg,2021,46,2021-11-15,2021.8712328767124,2021-11-21,2021.8876712328768,female,0.06761273751508645,0.10075394619718162,0.09709138531558853,0.13838958749545893,0.22056230598624318,0.27354141031012086,0.3624627317908377,0.4185326127833809,0.5959629039204816,0.5961838218323774,0.6282742265858622,0.6545495374881809,0.5628095587726434,0.5338380688302108,0.4217722833856581,0.42428867166727724,0.39052678938499474,0.34675075069176464,0.2861044329727737,0.31612054231432585,0.26799017999021263,0.32258210355436223,0.26702321836504017,0.27375050777909704,0.2747123669660746,0.2801858935216415,0.2684187849484175,0.2475884892889461,0.2536496312664034,0.2674779494301643,0.26528795934701177,0.26541339781628015,0.25396838328592547,0.2837463475683971,0.28262747083693485,0.28211509607139057,0.3198770445833365,0.34353145391581974,0.3249210203929508,0.32500997456409353,0.36873104793469175,0.31392327123614355,0.33256116862073876,0.30837819038759723,0.29792784353138435,0.333623552098638,0.3101724301397892,0.3149538844424812,0.2690355641367512,0.29143274034438726,0.2818641388445143,0.2557711978776258,0.24794900297271355,0.219000920609089,0.21678686252487692,0.21553366388088036,0.2155649934788964,0.1935710393900593,0.19153551589139636,0.18081640682969857,0.18717767579377556,0.16952563592292888,0.1747741828999842,0.16894133742022835,0.143853997143497,0.14171092072049374,0.11982114312714133,0.1350736799210451,0.12447045133715424,0.14050124261373778,0.12520541366658897,0.1287500587027346,0.11865366914468414,0.11605300660060082,0.10035277118723959,0.11239979052974003,0.11087291607100959,0.11777808085878183,0.10332779196494803,0.09166314227756733,0.10417708481795027
baden-wurttemberg,2021,46,2021-11-15,2021.8712328767124,2021-11-21,2021.8876712328768,male,0.09350722271244684,0.10860092648941023,0.12781174679600416,0.16649465874745234,0.22862585830009385,0.2633541545698111,0.32088684704252,0.4797272786125147,0.550121706675072,0.5981195236762548,0.6842891344998502,0.7066814310560172,0.5190406177055423,0.5210102164939606,0.457694777347129,0.4298618567035955,0.3837948535586879,0.3616772817888951,0.3201909707084682,0.2897018956448567,0.29814749888368913,0.2868469121534086,0.26289945956497696,0.26773929092217913,0.2526986122621712,0.25992052168014423,0.27084412833980653,0.24527917106292496,0.2507548253260763,0.24678387355975764,0.25596454692174436,0.2110276199644164,0.2558286799507799,0.2539370305416249,0.27349436349547573,0.25186779121290054,0.26714866102030527,0.2707657210728608,0.24889993511533579,0.23743765896599478,0.29154255418729735,0.2905280922724259,0.29466450187569915,0.26261723707897783,0.30512988466435614,0.26167128028792913,0.2749110140148039,0.2521133784429663,0.250671223216648,0.2687951239220842,0.24388944979579727,0.25729710718260973,0.23558324372213926,0.23180148632029146,0.22086518884659617,0.22919515892462383,0.23279390984971868,0.21098585081607207,0.2160558263121648,0.2056083531890371,0.19988688867628027,0.17574464822468924,0.18623830900925967,0.15281833252318036,0.1410852216346179,0.14856803321720652,0.1524324014363498,0.11638655123900521,0.13122102772445962,0.13101771571365403,0.12134828035886433,0.13220110703110985,0.13404141223162078,0.11382248182460615,0.12643037396695297,0.11951363627651809,0.11075306092937622,0.12853633061268555,0.11515140445777992,0.12596644943708685,0.11485955971437523
baden-wurttemberg,2021,47,2021-11-22,2021.890410958904,2021-11-28,2021.9068493150685,female,0.08452706302503343,0.09976403943875416,0.14375492353687128,0.19808601049201113,0.2543550686866034,0.3114854553103161,0.42212352193757424,0.548786876542438,0.6684058838658028,0.7220649235381114,0.7561536202224184,0.8381994077546151,0.6334587454064328,0.5682346391595197,0.5365490274202013,0.5019948875894543,0.422348944944708,0.3893689391436857,0.3081009518663452,0.2978703149019664,0.31804584662451,0.30003029710827317,0.27474373223910875,0.27291935031138354,0.2763015646043571,0.2817752584504286,0.26921850852311785,0.2893620084381335,0.2887868197646795,0.29475340430332925,0.2689519326316408,0.30464344088972445,0.3057784834425497,0.3092360698921588,0.3661754527104113,0.33038413531539523,0.35848324066833837,0.38369532174605897,0.4415082288401128,0.41528266061427993,0.4392269915075111,0.4013363818035588,0.4309629328745157,0.3831767116995562,0.38611557035390076,0.36325866656206496,0.37567054145362305,0.34332207566252915,0.31824465928231643,0.30914714270064325,0.29087321626969126,0.25177373683620397,0.2592202347413768,0.26278970619396774,0.26060513966969723,0.22134040516567968,0.22143440451250748,0.2074669205502553,0.21508460838356136,0.20696050656716117,0.19273072387826146,0.18980277405611604,0.17877094671931787,0.16894133742022835,0.1773308240920608,0.155827650185515,0.1268786645233937,0.12541391550967557,0.13785256295731207,0.10765776731198204,0.13747717045707988,0.11568819460205405,0.14025618194241635,0.11704322349822062,0.1046303940429297,0.0950908920045918,0.09934203228677493,0.12002441136568966,0.10555265604382102,0.1288386779245342,0.11584975388566877
baden-wurttemberg,2021,47,2021-11-22,2021.890410958904,2021-11-28,2021.9068493150685,male,0.10986197266877626,0.11789795219354224,0.1472904037913518,0.21140876499296535,0.246109886849485,0.3165547759194354,0.4158173162054606,0.5593087899203241,0.6283268586975247,0.6806379280606493,0.727875774779509,0.9060384793434704,0.686438882439776,0.61531255960928,0.5804273647219798,0.5124758271530281,0.43050676991786035,0.41003074791631255,0.335926329713804,0.32969859802376666,0.29388530474942526,0.2780581027124174,0.28888094111223267,0.27366686869060786,0.2866743632292253,0.2663280624688321,0.28090214736124974,0.24385810312787182,0.2827058959914606,0.27412688534208934,0.2883894203976207,0.274696684336655,0.29276098048159094,0.29540710329174724,0.28768352111586243,0.27657340590694607,0.29272960433906353,0.29154255418729735,0.3087548186711751,0.33830248442596333,0.35599097763825344,0.3439188059069442,0.3533312992718848,0.35729992442047015,0.3138761878719804,0.33498950560688207,0.3266687361011107,0.2878926754595956,0.30893790284990724,0.30508803985969424,0.28991628717940565,0.25729710718260973,0.25839976129582354,0.2566961444060638,0.26550225024842167,0.2394593081121717,0.24540978587336937,0.23820033907534607,0.22471926618519936,0.2266359665521897,0.2098424334106879,0.20423013264756806,0.19505858772230672,0.19594591751610896,0.15529044552833807,0.16893090357806098,0.14320741490420888,0.15820602097385414,0.14248262662875996,0.16239972921007023,0.1351779505241172,0.12718621493101184,0.13199257797203356,0.14176306265082383,0.09694551341035867,0.13104378131164485,0.12634697149911964,0.1326025278241145,0.1262635691650606,0.14864104156111965,0.1199462311799071
baden-wurttemberg,2021,48,2021-11-29,2021.9095890410958,2021-12-05,2021.9260273972602,female,0.10050907277114457,0.10075394619718162,0.15348589575991425,0.2154292320238246,0.29783370580729357,0.3436152054531906,0.4191354488245321,0.5612115809907577,0.6193906894963698,0.6467145152399054,0.7857138365401267,0.7366829305436122,0.632390218528507,0.5619790247177974,0.5303392498015453,0.4746787603946658,0.4428875082332762,0.4178039768099712,0.3381140629081054,0.30075205450305187,0.3273176035918729,0.28529399244755643,0.3030742984380268,0.29780232660379946,0.31600544485827387,0.3024152727278665,0.27402233574577417,0.31380817864345095,0.2842012248985703,0.3046068270263194,0.32173970066348523,0.3025408007906284,0.3136983177698726,0.3120661264170324,0.36544231333003097,0.3713705650148217,0.43123558390871597,0.3783889804087025,0.3748534661922316,0.4182495443579369,0.4206661595657815,0.39692424572605733,0.41157691462494833,0.41025611850654725,0.3676627100631382,0.3768804649415259,0.3352302520900676,0.33859558592191596,0.3261820907964525,0.31431563426208986,0.3068089352344321,0.2664273698850406,0.2629778549718096,0.2501905136958263,0.23040167901469163,0.24747876822911874,0.24022724195173356,0.2178938797831983,0.2203847547848658,0.20756611561941699,0.19273072387826146,0.2183325157819017,0.19674974698864092,0.1871985508039502,0.153313788793025,0.17292200096475469,0.1409965815396249,0.13990684213099175,0.1345054088091968,0.13544384150831196,0.11907062112945839,0.11742889202374138,0.10695952789140911,0.11704322349822062,0.10676673209126836,0.12229168788533279,0.09213717930845708,0.08409997109339186,0.09220489923706372,0.09979008937517765,0.10884583802388555
baden-wurttemberg,2021,48,2021-11-29,2021.9095890410958,2021-12-05,2021.9260273972602,male,0.10895526695468051,0.13834787665306514,0.15934830350777623,0.21599838818805722,0.2212620725064598,0.3248163686217165,0.4763108161002533,0.5942797506459625,0.6333429434031618,0.7091905592368477,0.727875774779509,0.7448796718264431,0.5960786227096599,0.5686341829597633,0.5477358533055969,0.5363861557625158,0.4665454844418642,0.3730517558564712,0.3498131935707139,0.3119196502110113,0.2921857542099965,0.29243676125508455,0.2927034575680888,0.2788632025089165,0.2604849389123213,0.28769397881306397,0.285931886512305,0.28508484855595523,0.2945180746791821,0.29669360690145147,0.29987339465241897,0.28242356598871254,0.29143796956974644,0.2980010618790595,0.3093040731412243,0.3047271298171788,0.29913072945188934,0.3116110052704516,0.343091760557642,0.3554935865000785,0.3444003826762605,0.38219189069648696,0.366463474580738,0.3794156340165947,0.3639865386293977,0.3586612640270566,0.3792846821734793,0.3221007288028044,0.3233146389004604,0.29249428387357096,0.2672375164175441,0.2937807154199273,0.2756742439451774,0.2715236629390362,0.2527456402656935,0.25200364783512524,0.24196688912480663,0.23423034587323258,0.23222456982459005,0.24706601012530688,0.20797333946522675,0.18804399575851827,0.19981380834745058,0.1880335580826833,0.17772215781609677,0.18225140773619625,0.15159275045313098,0.1439634997704322,0.14342120330332814,0.13957314659226955,0.14703488167307027,0.11716309313898464,0.12277121650388924,0.10488570787478119,0.12151506939428862,0.14546527334949252,0.10555786661006507,0.08791267196455659,0.12070718998400332,0.1415544952431909,0.11537028909024552
baden-wurttemberg,2021,49,2021-12-06,2021.9287671232876,2021-12-12,2021.945205479452,female,0.11273331173599561,0.1254764662256217,0.15640137002548424,0.2135025018913892,0.28913716119925315,0.2959143793695659,0.4420221765810343,0.5156740895809231,0.5544575133915647,0.5618108169043229,0.6173542156257187,0.6204536868656255,0.5478356995999073,0.46303545057972384,0.40834312012073914,0.37708997836171715,0.3125944904457691,0.34066827936376587,0.3021014538966864,0.256581178405452,0.2503890670896576,0.2566909186732518,0.23528549870367943,0.26296740224406945,0.25011213756485556,0.2476616367907794,0.29725842341856323,0.2531009643336034,0.268925797813873,0.2796003502668901,0.27994540174410615,0.2955326144378992,0.32594138620016044,0.32410997467475716,0.32878281803254517,0.28796587967865456,0.3524255737140557,0.37762947930421276,0.3680397679821158,0.35089687040652645,0.34352098498313216,0.3675265509309755,0.32946311019992275,0.3306457931532868,0.33158253900710805,0.34563575217481285,0.33684746931408194,0.25983690483343763,0.29124971778821807,0.25012258770882667,0.22163284813604003,0.23912497311332584,0.20790024777089086,0.2177998868362875,0.21619681106758107,0.19405644522110524,0.18563816689198398,0.18604521905056187,0.17799870209034832,0.16683896051310199,0.1754576807857103,0.17269243934817818,0.16745453601801985,0.14016232922520777,0.1460336642472032,0.13428123017050544,0.12609676489824037,0.1286353752281245,0.10607371525298341,0.11017984450680095,0.1199462311799071,0.08695947053847844,0.0889648599476334,0.06741488079599328,0.08325621441701808,0.08890756203409508,0.0878137048833818,0.09196006606597695,0.07775650636353863,0.061479529263151485,0.09128287393694133
baden-wurttemberg,2021,49,2021-12-06,2021.9287671232876,2021-12-12,2021.945205479452,male,0.09077759017036535,0.13369732755551048,0.15471152245063338,0.1994901681257525,0.25900074376146026,0.37807470274418026,0.4321321964285984,0.4991282249607515,0.5841977511816707,0.575731854206651,0.6283005426350315,0.6233375713502759,0.5393021610199698,0.4605486641544305,0.4319958683821743,0.39009193762878913,0.3206043096636728,0.3181086294869578,0.2970544611907957,0.2790461814738223,0.25897461394461285,0.2517005835497259,0.2522022081522431,0.25068689860193044,0.2399660386927987,0.21153407355777346,0.27587289466844817,0.2161498161066374,0.2452008023341382,0.24473581697268523,0.245838204754508,0.25089590419051927,0.24396259209444282,0.26883693953172605,0.2606678532186238,0.27726347098057763,0.2699921090435021,0.30300630333548567,0.27662568324344544,0.28391365830767445,0.30457021318868893,0.3258733611901023,0.3085508113456189,0.2973159513710371,0.2614308741221183,0.286099204283744,0.29916210945701366,0.2910719250647679,0.28498550550211865,0.24437010107024215,0.23221412327686242,0.22216551634380488,0.2244894757885888,0.22113151833664657,0.20754001163549862,0.20013745058344376,0.19784067829097565,0.2126879707849595,0.18893120586213316,0.17618814647264638,0.17066295004971588,0.18545029773963734,0.18691673887366797,0.16143994524168673,0.1418308472384284,0.12351657954838045,0.12643558662563117,0.10749102271760413,0.11058109533912744,0.11866409290355802,0.11443743003707464,0.11014336731193339,0.1033121609381438,0.10600597726053301,0.11537028909024552,0.13104378131164485,0.08130833462404603,0.10822053426554704,0.07627751745985958,0.08771994676970195,0.08925655939543128
baden-wurttemberg,2021,50,2021-12-13,2021.9479452054795,2021-12-19,2021.964383561644,female,0.08264684310961262,0.10173866161641099,0.1359756275554678,0.20193839981638328,0.2504935691804,0.32024329191358003,0.3217292361171165,0.38963089395527395,0.41528790230907636,0.47061196340341777,0.45063417907990455,0.47473648496380033,0.42926938250725016,0.3912917181661278,0.30827880282322484,0.29747284611035535,0.23580263587929237,0.22416568195326708,0.23714512709764798,0.18848238003545453,0.22076074628167436,0.21165938242454846,0.19585196423297677,0.19917174987343858,0.1938111320304829,0.18503803170098526,0.18678627090463232,0.1901054778047986,0.19946406819564722,0.19404600633835448,0.2213456273471597,0.19823216639599042,0.21443191835423295,0.22998383339056724,0.23870705738763665,0.26603536802956074,0.24728022594744978,0.2723704800216405,0.27049913724956376,0.24153850213744,0.2472541020194503,0.2757683415615993,0.23357219207899957,0.25592796731771356,0.24188330114282708,0.22404556539802653,0.21491229741991333,0.18119733048225664,0.20639666999662673,0.20073776006407157,0.19189042194567613,0.17325591057979559,0.1528757009022459,0.14529840747666303,0.15998987045581015,0.15287048559244015,0.1311063388001181,0.13397885121207265,0.1474103431778374,0.14253998360620243,0.10581839558810431,0.13342101878206034,0.10492739188473604,0.11981593113146967,0.09658604510485541,0.10160840718391435,0.07515268082251078,0.07794919463482976,0.08183435914118056,0.0790376363859843,0.06650370825358362,0.07738675519395419,0.04940786504001814,0.08130833462404603,0.05121921679848681,0.07037239654764878,0.04460912889863318,0.05044365903976221,0.047747514687731356,0.06844061984707421,0.07483502302998163
baden-wurttemberg,2021,50,2021-12-13,2021.9479452054795,2021-12-19,2021.964383561644,male,0.07533494436648473,0.10581318499574861,0.12873963292186336,0.20132241595884712,0.2212620725064598,0.2982050278197621,0.35634700790082574,0.4293270566899607,0.44403081698255703,0.455811507682895,0.5020316407004796,0.5060746415098035,0.3582423865060355,0.3447825065471129,0.32834324936533427,0.31660186170898785,0.2759303989668178,0.26038041674045204,0.21754923980845628,0.20714845344927585,0.18752211453325782,0.19185388738707188,0.1987645949487791,0.18697414488374478,0.18269496148279965,0.17384547497890396,0.17681948579752707,0.18491278696947028,0.15710027365553353,0.1853198334498451,0.18713592579856658,0.1724785305721407,0.18928087517924042,0.19373284083027892,0.23298717347723064,0.19221401487099407,0.20253873008838724,0.21349205910415675,0.22628604595473475,0.2260040221122732,0.2228391927737501,0.22062497126087982,0.2437640632374796,0.2342512397809012,0.2495164828299669,0.21127823555905398,0.19898383181976387,0.19174950307534838,0.18370732185301766,0.20220463238609282,0.17389243172286156,0.1817608938807851,0.16104351790264332,0.17079337757156932,0.15022639087964582,0.13125230656590828,0.14287369818437456,0.14754592716524634,0.14912602816206405,0.12398569463494631,0.11909668073951128,0.10976817479277431,0.11843998254824752,0.12910974942285244,0.11044560769886896,0.10317148190832086,0.0778346231442193,0.0772669772098581,0.09181941774433143,0.07970946108661736,0.09271019687305321,0.06605593788368815,0.06339542834226018,0.08478748665615642,0.07484023051912941,0.0633225395856249,0.06746174152985164,0.056788998236937824,0.07489230543931859,0.06789911041556487,0.06858120494844917
baden-wurttemberg,2021,51,2021-12-20,2021.9671232876713,2021-12-26,2021.9835616438356,female,0.05351993269948451,0.0671441307161432,0.07571509609970091,0.1326129543795087,0.13762315610737075,0.18705764464790053,0.2116228339738808,0.2217007369179451,0.25956515101023864,0.2854874512961969,0.30071021322112,0.2690826069174905,0.2577778824045159,0.19631129300869454,0.1981173295797111,0.20439718773739646,0.17138813121835447,0.14125207398803238,0.16528962051988524,0.15303216043955173,0.16340126180374745,0.15455505786032075,0.16758495549269817,0.15447682574171387,0.16211805164361473,0.15890494885981615,0.1556085951891696,0.1405481692570148,0.14305098492512075,0.14490210317472393,0.13941672754564483,0.1611843535848693,0.17348547468391734,0.15227072845396009,0.15755404447449048,0.15727239315520983,0.17327156264560747,0.18242882878082034,0.17162812145821782,0.1980077128552904,0.1807120446721364,0.16074619938166987,0.1517439909334695,0.16307784812826562,0.1411634336086198,0.1465968466771993,0.13995376823786354,0.14114257707071626,0.14937634559686583,0.09622657928428617,0.09792494690989796,0.10082688744060748,0.09728935498435115,0.10340073681884099,0.0932207087493739,0.08332913112019785,0.09185588208748631,0.08254267778883476,0.0745329895515354,0.07334570253535737,0.0701120450992263,0.07141381537669728,0.06638395533509953,0.07493917291207998,0.053717736556139324,0.06672759488444667,0.05557088291595824,0.04900708596312342,0.042569019490703706,0.03697994607979251,0.04549389510619258,0.04607160351848892,0.05480046573444069,0.025767183058360264,0.034138803874279464,0.02221394412551947,0.034534264918116224,0.036990353479453966,0.026646426064969374,0.03478923481730773,0.046066398909544434
baden-wurttemberg,2021,51,2021-12-20,2021.9671232876713,2021-12-26,2021.9835616438356,male,0.06171380661238985,0.06030815834915091,0.08146457897459046,0.11978465916843319,0.1458720111578398,0.20105618790590393,0.21083965906108776,0.22242140791327228,0.2275133897483049,0.26329666417721576,0.312170752531084,0.3052501886653248,0.2603856428440587,0.20265357666932052,0.2101348117245339,0.16993256197284998,0.14988741410110737,0.13097079767020414,0.13817060594615763,0.12294843472115968,0.14248784089681965,0.14322305792799692,0.15452898047437624,0.16994821303836152,0.14878705855645344,0.13122102772445962,0.1338120221945663,0.13880148386060837,0.1259195359510199,0.13688280454063023,0.13725819275009246,0.1249760626047916,0.12282333944627495,0.11485955971437523,0.13724255152059023,0.14152842437605842,0.14509504041812213,0.14914167296643463,0.15851897259715442,0.14390092681252323,0.14340034585984243,0.1616016467346137,0.14442758489175367,0.1492303269467899,0.13688801824720137,0.13027745818542782,0.12719664040043394,0.12590389813173253,0.12956327605102727,0.11650641936602575,0.11700674148848866,0.09311652224510958,0.10074873611228352,0.09685173883022011,0.09181941774433143,0.10054033314430416,0.09367913184804637,0.09605466172677338,0.08919405223315048,0.07782941535519237,0.08743346469198537,0.07358524071536143,0.07780337641786379,0.06810217579154891,0.06564461733696493,0.06562899763349243,0.05104224286850316,0.0621563333741274,0.05338459365214908,0.059771939579495954,0.041403278621194514,0.044031436733791014,0.04804939262675356,0.04572289587116441,0.042928114577088256,0.041725936424784116,0.04496303357517498,0.04461433336172354,0.03881688438138674,0.039597472710824616,0.03673537278738736
baden-wurttemberg,2021,52,2021-12-27,2021.986301369863,2022-01-02,2022.0027397260274,female,0.07136695108122286,0.08888672644482445,0.06599866520752118,0.09317903412261856,0.1328006327340987,0.14240962693078407,0.18784568027592,0.17029775472891096,0.1961338245916433,0.24491345133906703,0.2248289392324708,0.22678220272340385,0.19825826570778457,0.2066629253930853,0.1960607495371418,0.16679201013809494,0.20614085727242432,0.2201184291194869,0.20719544027594514,0.2057388683912731,0.23927646839333447,0.22291230546944038,0.2438633275712167,0.21159150675089458,0.24059292871851445,0.18107731313995076,0.19318480572933278,0.19718820466558373,0.1910762292991678,0.23037034047641464,0.215491891112888,0.19473497709494522,0.1821000785000293,0.2038333789601263,0.21676075391174296,0.19593547825404403,0.19289774202913884,0.20206890580768258,0.1799241171427928,0.18768389715291875,0.17997629740472718,0.17612031708382875,0.18569557149058283,0.15911358587033717,0.19309607678005725,0.1585659155030943,0.13753973568558786,0.15291742339949324,0.15967169398813824,0.12343839411207251,0.14143456936259866,0.13271200676002162,0.10415624310952278,0.10100924099679667,0.1203892537868463,0.1105550399962786,0.10415624310952278,0.10565165689179133,0.0839280936230011,0.09761235974616546,0.08427184913190307,0.08532396344700527,0.09429384189145021,0.07564219007246917,0.06243226373174797,0.057080517246187235,0.057137780100764105,0.05543553853056972,0.050084512049894864,0.04370876462439663,0.059501229291366864,0.04258983652944474,0.04761219066326474,0.050552965137726495,0.036277451418165865,0.04443738190897566,0.035970438212844374,0.0414709325109052,0.04663890901605425,0.032468534484154224,0.041512565717546246
baden-wurttemberg,2021,52,2021-12-27,2021.986301369863,2022-01-02,2022.0027397260274,male,0.06080273396098024,0.07887619143362846,0.10092587929176461,0.08866795326152756,0.11648036105404025,0.13608511359321604,0.16592604415613027,0.21181079770812558,0.19566405817596777,0.2390309417822041,0.2442394888712728,0.23548921879529042,0.19290296135500068,0.18787177437515382,0.18652533594859488,0.16894655434209424,0.1586024266814561,0.15739235556765657,0.16953606988443048,0.20271100005490272,0.1909248743790549,0.21019746443424028,0.18503281316448544,0.17883356165133532,0.16362034962997873,0.18877463827331134,0.18040417752764573,0.18491278696947028,0.17027166944699665,0.1723533160871546,0.1621910790143298,0.17633424084138505,0.1570272534338448,0.15427863823466784,0.15206211889683366,0.1689204697379872,0.15785656055367947,0.16557653185069116,0.18400999012066632,0.155316523296157,0.13330111165794736,0.15296957656813573,0.16212848411886724,0.1374354603465579,0.15669866370515065,0.13813932294296435,0.1610591662929464,0.11559959778866326,0.1231934138395512,0.12019640818816082,0.13550640429041072,0.11889862803062917,0.1062821403985959,0.09626304671803945,0.11089376047166802,0.09940455164873682,0.08224580776937579,0.08926697726311646,0.10647493440206397,0.09221531769544673,0.07750653345395023,0.0813343753165378,0.07848039302601426,0.07168979486228885,0.06937265409345068,0.05781452770384711,0.06108386324771678,0.06038104288063264,0.05244764067724916,0.04932979095160679,0.055211700512409215,0.058048788541581124,0.05316596978130451,0.03791141659887134,0.057653148629555444,0.03884810768958721,0.04669616037338888,0.03244251825132789,0.034659147977837125,0.0367665948457725,0.04130440001764864
