State,Year,Week,week_start,week_start_num,week_end,week_end_num,Sex,A00,A01,A02,A03,A04,A05,A06,A07,A08,A09,A10,A11,A12,A13,A14,A15,A16,A17,A18,A19,A20,A21,A22,A23,A24,A25,A26,A27,A28,A29,A30,A31,A32,A33,A34,A35,A36,A37,A38,A39,A40,A41,A42,A43,A44,A45,A46,A47,A48,A49,A50,A51,A52,A53,A54,A55,A56,A57,A58,A59,A60,A61,A62,A63,A64,A65,A66,A67,A68,A69,A70,A71,A72,A73,A74,A75,A76,A77,A78,A79,A80+
saxony,2020,1,2019-12-30,2019.9945205479453,2020-01-05,2020.0109289617487,female,-0,-0,-0,-0,-0,-0,-0,-0,-0,-0,-0,-0,-0,-0,-0,-0,-0,-0,-0,-0,-0,-0,-0,-0,-0,-0,-0,-0,-0,-0,-0,-0,-0,-0,-0,-0,-0,-0,-0,-0,-0,-0,-0,-0,-0,-0,-0,-0,-0,-0,-0,-0,-0,-0,-0,-0,-0,-0,-0,-0,-0,-0,-0,-0,-0,-0,-0,-0,-0,-0,-0,-0,-0,-0,-0,-0,-0,-0,-0,-0,-0
saxony,2020,1,2019-12-30,2019.9945205479453,2020-01-05,2020.0109289617487,male,-0,-0,-0,-0,-0,-0,-0,-0,-0,-0,-0,-0,-0,-0,-0,-0,-0,-0,-0,-0,-0,-0,-0,-0,-0,-0,-0,-0,-0,-0,-0,-0,-0,-0,-0,-0,-0,-0,-0,-0,-0,-0,-0,-0,-0,-0,-0,-0,-0,-0,-0,-0,-0,-0,-0,-0,-0,-0,-0,-0,-0,-0,-0,-0,-0,-0,-0,-0,-0,-0,-0,-0,-0,-0,-0,-0,-0,-0,-0,-0,-0
saxony,2020,2,2020-01-06,2020.0136612021859,2020-01-12,2020.0300546448088,female,-0,-0,-0,-0,-0,-0,-0,-0,-0,-0,-0,-0,-0,-0,-0,-0,-0,-0,-0,-0,-0,-0,-0,-0,-0,-0,-0,-0,-0,-0,-0,-0,-0,-0,-0,-0,-0,-0,-0,-0,-0,-0,-0,-0,-0,-0,-0,-0,-0,-0,-0,-0,-0,-0,-0,-0,-0,-0,-0,-0,-0,-0,-0,-0,-0,-0,-0,-0,-0,-0,-0,-0,-0,-0,-0,-0,-0,-0,-0,-0,-0
saxony,2020,2,2020-01-06,2020.0136612021859,2020-01-12,2020.0300546448088,male,-0,-0,-0,-0,-0,-0,-0,-0,-0,-0,-0,-0,-0,-0,-0,-0,-0,-0,-0,-0,-0,-0,-0,-0,-0,-0,-0,-0,-0,-0,-0,-0,-0,-0,-0,-0,-0,-0,-0,-0,-0,-0,-0,-0,-0,-0,-0,-0,-0,-0,-0,-0,-0,-0,-0,-0,-0,-0,-0,-0,-0,-0,-0,-0,-0,-0,-0,-0,-0,-0,-0,-0,-0,-0,-0,-0,-0,-0,-0,-0,-0
saxony,2020,3,2020-01-13,2020.032786885246,2020-01-19,2020.049180327869,female,-0,-0,-0,-0,-0,-0,-0,-0,-0,-0,-0,-0,-0,-0,-0,-0,-0,-0,-0,-0,-0,-0,-0,-0,-0,-0,-0,-0,-0,-0,-0,-0,-0,-0,-0,-0,-0,-0,-0,-0,-0,-0,-0,-0,-0,-0,-0,-0,-0,-0,-0,-0,-0,-0,-0,-0,-0,-0,-0,-0,-0,-0,-0,-0,-0,-0,-0,-0,-0,-0,-0,-0,-0,-0,-0,-0,-0,-0,-0,-0,-0
saxony,2020,3,2020-01-13,2020.032786885246,2020-01-19,2020.049180327869,male,-0,-0,-0,-0,-0,-0,-0,-0,-0,-0,-0,-0,-0,-0,-0,-0,-0,-0,-0,-0,-0,-0,-0,-0,-0,-0,-0,-0,-0,-0,-0,-0,-0,-0,-0,-0,-0,-0,-0,-0,-0,-0,-0,-0,-0,-0,-0,-0,-0,-0,-0,-0,-0,-0,-0,-0,-0,-0,-0,-0,-0,-0,-0,-0,-0,-0,-0,-0,-0,-0,-0,-0,-0,-0,-0,-0,-0,-0,-0,-0,-0
saxony,2020,4,2020-01-20,2020.051912568306,2020-01-26,2020.068306010929,female,-0,-0,-0,-0,-0,-0,-0,-0,-0,-0,-0,-0,-0,-0,-0,-0,-0,-0,-0,-0,-0,-0,-0,-0,-0,-0,-0,-0,-0,-0,-0,-0,-0,-0,-0,-0,-0,-0,-0,-0,-0,-0,-0,-0,-0,-0,-0,-0,-0,-0,-0,-0,-0,-0,-0,-0,-0,-0,-0,-0,-0,-0,-0,-0,-0,-0,-0,-0,-0,-0,-0,-0,-0,-0,-0,-0,-0,-0,-0,-0,-0
saxony,2020,4,2020-01-20,2020.051912568306,2020-01-26,2020.068306010929,male,-0,-0,-0,-0,-0,-0,-0,-0,-0,-0,-0,-0,-0,-0,-0,-0,-0,-0,-0,-0,-0,-0,-0,-0,-0,-0,-0,-0,-0,-0,-0,-0,-0,-0,-0,-0,-0,-0,-0,-0,-0,-0,-0,-0,-0,-0,-0,-0,-0,-0,-0,-0,-0,-0,-0,-0,-0,-0,-0,-0,-0,-0,-0,-0,-0,-0,-0,-0,-0,-0,-0,-0,-0,-0,-0,-0,-0,-0,-0,-0,-0
saxony,2020,5,2020-01-27,2020.0710382513662,2020-02-02,2020.0874316939892,female,-0,-0,-0,-0,-0,-0,-0,-0,-0,-0,-0,-0,-0,-0,-0,-0,-0,-0,-0,-0,-0,-0,-0,-0,-0,-0,-0,-0,-0,-0,-0,-0,-0,-0,-0,-0,-0,-0,-0,-0,-0,-0,-0,-0,-0,-0,-0,-0,-0,-0,-0,-0,-0,-0,-0,-0,-0,-0,-0,-0,-0,-0,-0,-0,-0,-0,-0,-0,-0,-0,-0,-0,-0,-0,-0,-0,-0,-0,-0,-0,-0
saxony,2020,5,2020-01-27,2020.0710382513662,2020-02-02,2020.0874316939892,male,-0,-0,-0,-0,-0,-0,-0,-0,-0,-0,-0,-0,-0,-0,-0,-0,-0,-0,-0,-0,-0,-0,-0,-0,-0,-0,-0,-0,-0,-0,-0,-0,-0,-0,-0,-0,-0,-0,-0,-0,-0,-0,-0,-0,-0,-0,-0,-0,-0,-0,-0,-0,-0,-0,-0,-0,-0,-0,-0,-0,-0,-0,-0,-0,-0,-0,-0,-0,-0,-0,-0,-0,-0,-0,-0,-0,-0,-0,-0,-0,-0
saxony,2020,6,2020-02-03,2020.0901639344263,2020-02-09,2020.1065573770493,female,-0,-0,-0,-0,-0,-0,-0,-0,-0,-0,-0,-0,-0,-0,-0,-0,-0,-0,-0,-0,-0,-0,-0,-0,-0,-0,-0,-0,-0,-0,-0,-0,-0,-0,-0,-0,-0,-0,-0,-0,-0,-0,-0,-0,-0,-0,-0,-0,-0,-0,-0,-0,-0,-0,-0,-0,-0,-0,-0,-0,-0,-0,-0,-0,-0,-0,-0,-0,-0,-0,-0,-0,-0,-0,-0,-0,-0,-0,-0,-0,-0
saxony,2020,6,2020-02-03,2020.0901639344263,2020-02-09,2020.1065573770493,male,-0,-0,-0,-0,-0,-0,-0,-0,-0,-0,-0,-0,-0,-0,-0,-0,-0,-0,-0,-0,-0,-0,-0,-0,-0,-0,-0,-0,-0,-0,-0,-0,-0,-0,-0,-0,-0,-0,-0,-0,-0,-0,-0,-0,-0,-0,-0,-0,-0,-0,-0,-0,-0,-0,-0,-0,-0,-0,-0,-0,-0,-0,-0,-0,-0,-0,-0,-0,-0,-0,-0,-0,-0,-0,-0,-0,-0,-0,-0,-0,-0
saxony,2020,7,2020-02-10,2020.1092896174864,2020-02-16,2020.1256830601094,female,-0,-0,-0,-0,-0,-0,-0,-0,-0,-0,-0,-0,-0,-0,-0,-0,-0,-0,-0,-0,-0,-0,-0,-0,-0,-0,-0,-0,-0,-0,-0,-0,-0,-0,-0,-0,-0,-0,-0,-0,-0,-0,-0,-0,-0,-0,-0,-0,-0,-0,-0,-0,-0,-0,-0,-0,-0,-0,-0,-0,-0,-0,-0,-0,-0,-0,-0,-0,-0,-0,-0,-0,-0,-0,-0,-0,-0,-0,-0,-0,-0
saxony,2020,7,2020-02-10,2020.1092896174864,2020-02-16,2020.1256830601094,male,-0,-0,-0,-0,-0,-0,-0,-0,-0,-0,-0,-0,-0,-0,-0,-0,-0,-0,-0,-0,-0,-0,-0,-0,-0,-0,-0,-0,-0,-0,-0,-0,-0,-0,-0,-0,-0,-0,-0,-0,-0,-0,-0,-0,-0,-0,-0,-0,-0,-0,-0,-0,-0,-0,-0,-0,-0,-0,-0,-0,-0,-0,-0,-0,-0,-0,-0,-0,-0,-0,-0,-0,-0,-0,-0,-0,-0,-0,-0,-0,-0
saxony,2020,8,2020-02-17,2020.1284153005465,2020-02-23,2020.1448087431695,female,-0,-0,-0,-0,-0,-0,-0,-0,-0,-0,-0,-0,-0,-0,-0,-0,-0,-0,-0,-0,-0,-0,-0,-0,-0,-0,-0,-0,-0,-0,-0,-0,-0,-0,-0,-0,-0,-0,-0,-0,-0,-0,-0,-0,-0,-0,-0,-0,-0,-0,-0,-0,-0,-0,-0,-0,-0,-0,-0,-0,-0,-0,-0,-0,-0,-0,-0,-0,-0,-0,-0,-0,-0,-0,-0,-0,-0,-0,-0,-0,-0
saxony,2020,8,2020-02-17,2020.1284153005465,2020-02-23,2020.1448087431695,male,-0,-0,-0,-0,-0,-0,-0,-0,-0,-0,-0,-0,-0,-0,-0,-0,-0,-0,-0,-0,-0,-0,-0,-0,-0,-0,-0,-0,-0,-0,-0,-0,-0,-0,-0,-0,-0,-0,-0,-0,-0,-0,-0,-0,-0,-0,-0,-0,-0,-0,-0,-0,-0,-0,-0,-0,-0,-0,-0,-0,-0,-0,-0,-0,-0,-0,-0,-0,-0,-0,-0,-0,-0,-0,-0,-0,-0,-0,-0,-0,-0
saxony,2020,9,2020-02-24,2020.1475409836066,2020-03-01,2020.1639344262296,female,-0,-0,-0,-0,-0,-0,-0,-0,-0,-0,-0,-0,-0,-0,-0,-0,-0,-0,-0,-0,-0,-0,-0,-0,-0,-0,-0,-0,-0,-0,-0,-0,-0,-0,-0,-0,-0,-0,-0,-0,-0,-0,-0,-0,-0,-0,-0,-0,-0,-0,-0,-0,-0,-0,-0,-0,-0,-0,-0,-0,-0,-0,-0,-0,-0,-0,-0,-0,-0,-0,-0,-0,-0,-0,-0,-0,-0,-0,-0,-0,-0
saxony,2020,9,2020-02-24,2020.1475409836066,2020-03-01,2020.1639344262296,male,-0,-0,-0,-0,-0,-0,-0,-0,-0,-0,-0,-0,-0,-0,-0,-0,-0,-0,-0,-0,-0,-0,-0,-0,-0,-0,-0,-0,-0,-0,-0,-0,-0,-0,-0,-0,-0,-0,-0,-0,-0,-0,-0,-0,-0,-0,-0,-0,-0,-0,-0,-0,-0,-0,-0,-0,-0,-0,-0,-0,-0,-0,-0,-0,-0,-0,-0,-0,-0,-0,-0,-0,-0,-0,-0,-0,-0,-0,-0,-0,-0
saxony,2020,10,2020-03-02,2020.1666666666667,2020-03-08,2020.1830601092897,female,-0,-0,-0,-0,-0,-0,-0,-0,-0,-0,-0,-0,-0,-0,-0,-0,-0,-0,-0,-0,-0,-0,-0,-0,-0,-0,-0,-0,-0,-0,-0,-0,-0,-0,-0,-0,-0,-0,0.002043640157790284,-0,-0,-0,-0,-0,-0,-0,-0,-0,0.002392055017686721,-0,-0,-0,-0,-0,-0,-0,-0,-0,-0,-0,-0,-0,-0,-0,-0,-0,0.0017160283146203095,-0,-0,-0,-0,0.0019812377428207965,-0,-0,-0,-0,-0,-0,-0,-0,-0
saxony,2020,10,2020-03-02,2020.1666666666667,2020-03-08,2020.1830601092897,male,-0,-0,-0,-0,-0,-0,-0,-0,-0,-0,-0,-0,-0,-0,-0,-0,-0,-0,-0,-0,-0,-0,-0,-0,-0,-0,-0,-0,-0,-0,-0,-0,-0,-0,-0,-0,-0,0.0018460327672737322,-0,-0,-0,-0,-0,-0,-0,0.002298450796139386,0.002314051488027633,-0,-0,-0,-0,0.0018356323991003999,-0,-0,-0,-0,-0,-0,-0,-0,-0,-0,-0,-0,-0,-0,-0,0.0019240355948756038,0.0018980346393426264,-0,-0,-0,-0,-0,-0,-0,-0,-0,-0,-0,-0
saxony,2020,11,2020-03-09,2020.1857923497269,2020-03-15,2020.2021857923498,female,-0,-0,-0,-0,-0,-0,0.0027976752581388934,-0,-0,-0,-0,-0,-0,-0,0.0031720967499333595,0.003166896432976778,-0,-0,0.003218899625968554,-0,-0,-0,0.00308369143235383,0.0030784911242383115,-0,0.006781242146596394,0.003478916371049182,0.0034477142929898856,0.013225281665846569,0.0028860800894626015,0.002080041601111447,-0,-0,-0,0.0019968383395411833,0.004035356573860712,0.006131161439069603,0.0020384399536850103,0.006131161439069603,0.0021060426476514314,-0,-0,0.002132043707192469,0.002199646522854582,0.0024440574358006633,0.002584464224470131,0.002636466834996906,-0,0.00717649518955648,0.002043640157790284,0.002028039547028811,0.003983352564350079,0.003894945867543119,0.001882434072264451,0.005262666295407436,0.005085848702057417,0.003203298662611505,0.004784220077497201,0.0032449012419726235,0.003203298662611505,0.0033437075013491397,0.005039044145629613,0.0018044313070670536,-0,0.001783630589441697,0.0017160283146203095,-0,-0,-0,-0,0.0017316288317807886,0.003967751371641334,-0,-0,-0,-0,-0,-0,-0,-0,2.2880050336228263e-4
saxony,2020,11,2020-03-09,2020.1857923497269,2020-03-15,2020.2021857923498,male,0.003042088981968304,-0,-0,-0,0.002636466834996906,-0,-0,-0,-0,-0,-0,-0,-0,-0,0.0030212877692570046,0.0030264880716576255,-0,-0,0.0030784911242383115,0.002922482122514309,-0,-0,-0,-0,0.0028808798011093497,0.003031688374572533,0.006214371316084415,0.0030524895914443187,0.009012380945368752,0.010577875806439992,0.007519743690575015,0.0018148316689941748,0.003567322360554648,0.005252265243860826,-0,0.0018096314877705962,-0,0.0055434954735562566,0.0018148316689941748,0.00561630328583662,0.0018356323991003999,0.0018980346393426264,0.003822140465380173,0.0058555296725085965,0.006635623361774643,-0,0.004633406421319078,-0,0.01047905580032977,0.003624526316206946,0.005486289406854119,0.00550709160564713,0.009090394523631421,0.0070672802325678265,0.006781242146596394,0.0016276254724692577,0.004779019599315969,0.0015652235567344159,0.003203298662611505,0.0032553018920135506,0.0017004278021459124,0.0017264286588720033,0.0018928344497984545,0.0019240355948756038,0.0019032348294126095,0.0018616333234368946,0.005730715768236012,0.005772320369706133,0.003796138560742797,0.0018980346393426264,0.0019968383395411833,-0,0.0029276824150337995,-0,-0,0.0035933241507815398,0.0024804591594204378,-0,-0,-0,7.696056950952293e-4
saxony,2020,12,2020-03-16,2020.204918032787,2020-03-22,2020.22131147541,female,0.0032084989832143057,-0,0.0029536838854148113,0.0028236766635127155,-0,-0,-0,0.005819125586151741,0.0028704792259572447,0.0029276824150337995,-0,-0,0.002932882708067575,-0,-0,0.003166896432976778,-0,0.009688502512032309,0.006437998520331927,0.0063339857475604045,0.023649777184407177,0.012200631190001126,0.018515295918255667,0.01845807557928742,0.0094336556584391,0.013558167383918133,0.013922263578133053,0.027593319775374478,0.013225281665846569,0.008663921724721541,0.02080416110966395,0.01210180809998616,0.019503657164320395,0.00770177033017048,0.015971652572796494,0.02218793302268236,0.022484460366350763,0.008154239309067744,0.020434814682275072,0.008419481575428201,0.010239808142200517,0.002158044779740347,0.002132043707192469,0.008809546189630155,0.0048882297503998065,0.020700119597103182,0.007915002346961344,0.00782138818313564,0.019144723802626776,0.02041920855296445,0.012179826313337437,0.013943069151946876,0.015586735789043028,0.016933956997830492,0.02106426580180478,0.01187295534942598,0.01281437879630789,0.017552962229019788,0.00648480433595298,0.008013817480499029,0.0133865229194174,0.00671363337435913,0.012637535522759372,0.012673944382853637,0.001783630589441697,0.008575507069992844,0.005153455357931754,0.010281416351495636,0.005101450230224663,0.00662002137330365,-0,-0,0.0024804591594204378,0.004919432692832402,0.0066512253549268294,0.011202006499415215,-0,0.005969942681265255,-0,0.003551721292663989,0.0022880503374788598
saxony,2020,12,2020-03-16,2020.204918032787,2020-03-22,2020.22131147541,male,0.006089556550493997,0.0029380830016271825,-0,0.008102231180201475,0.002636466834996906,-0,-0,0.0054238828604055945,0.0027248713922515093,-0,0.0027508727612272207,0.0027976752581388934,-0,0.005735916341602262,0.0030212877692570046,-0,0.00597514327855689,-0,0.0030784911242383115,-0,0.016382580391894143,0.005496690505210404,0.005741116915482853,0.022510471617515317,0.011529678112048001,0.021241137735619742,0.018640140512742695,0.033608058252722395,0.03305130151083315,0.02115790380947481,0.007519743690575015,0.019971834837752535,0.02318676871484182,0.022760180290731784,0.01473888859917765,0.010863934777497159,0.013084846142679749,0.02402434885060263,0.01088994021653837,0.01122801210752824,0.01835403876065428,0.011394448307400865,0.011467264312355086,0.017573769255553245,0.008845952369577362,0.009194412810043424,0.011581689669017459,0.01837484610772913,0.01047905580032977,0.01630455587268961,0.01645540338211426,0.034877694054035284,0.016366975478689656,0.010598680042182987,0.015259038610442869,0.011378844891029515,0.009558478451078909,0.015649154533393755,0.01762578685831152,0.013027631779014988,0.003395710871169003,0.006911259263350734,0.009470062275339882,0.011529678112048001,0.011415252869842006,0.01116559866991332,0.005730715768236012,0.005772320369706133,0.009485665118961466,0.007597755029522502,0.007987813479779884,0.004643807349082134,0.0029276824150337995,-0,0.01629415261230751,0.010780717459976748,0.004966237141599493,0.007753778058520413,0.01147246545947112,0.004820623439345829,0.002314051488027633
saxony,2020,13,2020-03-23,2020.224043715847,2020-03-29,2020.24043715847,female,0.0032084989832143057,-0,-0,0.0028236766635127155,-0,0.002813276099801863,0.0027976752581388934,0.005819125586151741,0.0028704792259572447,0.01464526214970296,0.005725515195395651,0.002995286265072126,-0,0.01213301537128127,-0,0.006339186381260658,0.01565955766473659,0.0032293002708088333,0.01287159292533582,0.018999070391522415,0.014780500408604591,0.0182968185991316,0.018515295918255667,0.01845807557928742,0.012580321651257461,0.03729737270653412,0.024362506144470122,0.027593319775374478,0.029757713005673345,0.02599089436591945,0.024971194815076394,0.016132902342539803,0.019503657164320395,0.011555683884026953,0.023961920052196124,0.03429490655862406,0.014307168041205605,0.01019299894652979,0.00816984175787542,0.016840326596036313,0.014333175202281044,0.021579276930621616,0.019212348739321247,0.017615383333597048,0.014666068012795774,0.025876437297627643,0.029018895573813784,0.03389424394430867,0.02632906444856477,0.0347215896201702,0.02029956171720999,0.013943069151946876,0.027281155108514348,0.037635616326503654,0.033353094145075333,0.016959965472689884,0.01281437879630789,0.02074693825199469,0.014593247528391407,0.014421599647218522,0.023426075948408936,0.011753328176112956,0.009027983651655722,0.010863934777497159,0.010692299206028544,0.017152428590972393,0.010312622530319941,0.013709006926505778,0.010203400986370103,0.00662002137330365,0.010401040138686323,0.007935805517359338,0.017350094156640673,0.00984453181433411,0.013303301564821176,0.00839867821152366,0.005886733195387228,0.003983352564350079,0.0021632449958065873,0.014208340947757954,0.008013817480499029
saxony,2020,13,2020-03-23,2020.224043715847,2020-03-29,2020.24043715847,male,0.012174625095475011,0.0029380830016271825,0.0028028755381770093,0.002698870036282934,-0,0.002636466834996906,-0,0.0054238828604055945,-0,0.00828425985881655,0.0027508727612272207,0.005595501043354282,0.0027924749786266065,-0,0.0030212877692570046,0.006047951695206187,-0,0.009303632234718395,0.015389076926233536,0.008762738281435603,0.013651791876088,0.0027456724863896592,0.02584522177727002,0.025324965863378235,0.023061913204078088,0.01820838756426024,0.024851537505207227,0.012216234852964341,0.012018588801434188,0.0238058483840873,0.01879619667735517,0.019971834837752535,0.007134889464607528,0.017506146449762925,0.01473888859917765,0.012673944382853637,0.018692159182244678,0.01293400841061952,0.012705151997512511,0.01122801210752824,0.025694347026373132,0.011394448307400865,0.007644561889066231,0.007810986619780369,0.011061576440359837,0.011493270053125997,0.009267225734339593,0.016075684625069052,0.023051508591713125,0.021740544090332155,0.025600700849446347,0.016517823169188563,0.018187580283792203,0.015898830260037758,0.018650544242480107,0.017880673863990084,0.022302381972495757,0.02190701394108068,0.01602366857291963,0.01628374935400671,0.010187797927392828,0.017282471641719487,0.013256489611384628,0.015373472311165294,0.01331890555866096,0.014889731566792758,0.011467264312355086,0.011545281573679298,0.005689111200059001,0.003796138560742797,0.019971834837752535,0.00232445195188862,0.011716919960600964,0.0212255313643211,-0,0.025158485070250175,0.012413881655727382,0.002584464224470131,0.017209647493235516,0.01686633502407105,0.009646894777153196
saxony,2020,14,2020-03-30,2020.2431693989072,2020-04-05,2020.25956284153,female,-0,0.003073290816637081,0.0029536838854148113,0.005642306100639183,0.0027560730365790635,-0,-0,0.011638902441767738,0.005746317489889332,-0,0.005725515195395651,-0,-0,-0,0.006344387015475263,0.006339186381260658,0.01565955766473659,0.006458801099852386,0.01287159292533582,0.01266354184879604,0.02660480475902166,0.02135038246587484,0.018515295918255667,0.015383875387355223,0.02831130562098262,0.027119870764864957,0.017402111535642723,0.006895657192178224,0.023145150177944288,0.017324085486646892,0.016642662968114338,0.014114715453538935,0.007800585058505722,0.028894026058956992,0.015971652572796494,0.01815636937870107,0.02452378193602447,0.01630975750366404,0.024518579483330884,0.02526773803062301,0.014333175202281044,0.021579276930621616,0.01067149493283023,0.013209677700095337,0.026885749220666822,0.020700119597103182,0.018463277425680057,0.01303283308219876,0.04308944795946401,0.018380047945795872,0.024362506144470122,0.031875367610436675,0.031183348142826493,0.031984634684030094,0.02808238152122697,0.02204747329218073,0.035252346607322294,0.022338797600260574,0.025949273584662178,0.027244736019444875,0.016731091340357246,0.016788309778997864,0.01986259300359185,0.014484016992994944,0.019602494322149867,0.006859252377637567,0.013750617911807095,0.013709006926505778,0.010203400986370103,0.001653626292798774,0.010401040138686323,0.0019812377428207965,0.024783905234470178,0.004919432692832402,0.0066512253549268294,0.011202006499415215,0.0019604369544703195,0.021901811750174947,0.01082752718469552,0.01775583109285882,0.033654888530837174
saxony,2020,14,2020-03-30,2020.2431693989072,2020-04-05,2020.25956284153,male,-0,0.0029380830016271825,-0,0.002698870036282934,0.002636466834996906,0.002636466834996906,-0,-0,0.005449885578993458,0.00828425985881655,0.005496690505210404,0.0027976752581388934,0.00557989936695659,0.0028704792259572447,0.0030212877692570046,0.0030264880716576255,0.014941746484672705,0.009303632234718395,0.018468479272598842,0.017526953457563752,0.013651791876088,0.013740215162360118,0.005741116915482853,0.014067902769637996,0.020179915156756156,0.021241137735619742,0.018640140512742695,0.009163207302270403,0.018026324142464724,0.018515295918255667,0.003759735916092501,0.005444685034233358,0.008913563914253455,0.0017524295286047305,0.012892398078772923,0.010863934777497159,0.005605902163555226,0.01293400841061952,0.007259706739321996,0.007488539187764362,0.011009565403622116,0.018993868491525404,0.015285046247583377,0.009761316128180634,0.01990941090441469,0.011493270053125997,0.013901458012643687,0.0068904565028238135,0.008383075694054132,0.010869135864267278,0.01096795661168318,0.011009565403622116,0.029102142083641234,0.019430829905075154,0.011867754162257745,0.01300162527088269,0.012741560904955655,0.015649154533393755,0.027244736019444875,0.014655665080208779,0.015285046247583377,0.013823437216201025,0.02083537360402634,0.02883159141397068,0.007608156550225128,0.016746696362837068,0.005730715768236012,0.011545281573679298,0.020866586117123737,0.011394448307400865,0.005990745073540965,0.0092880294457223,0.011716919960600964,0.02729676329734818,0.020367188155770984,0.010780717459976748,0.009927747633663777,0.010333426659940269,0.017209647493235516,0.012049796022780333,0.025080447381949242
saxony,2020,15,2020-04-06,2020.2622950819673,2020-04-12,2020.27868852459,female,-0,0.0061415626664147295,-0,0.0028236766635127155,0.00550709160564713,-0,0.005590300484036865,-0,-0,0.005860730258351855,-0,-0,0.005865930844721004,0.009100796342909912,0.0031720967499333595,0.006339186381260658,0.009397249067027562,0.01614330557066179,0.01287159292533582,0.01266354184879604,0.020689715457295654,0.0182968185991316,0.012341064325200612,0.012304655698178278,0.0157271780691927,0.010166993856035466,0.010437447432891652,0.013792228930400247,0.023145150177944288,0.023103531674356394,0.02080416110966395,0.018151167563010037,0.009750914176774251,0.00770177033017048,0.011982180400191667,0.014119916865459462,0.01635137057016812,0.006115559601955722,0.00816984175787542,0.023160757125374496,0.0020488403624213725,0.01726166473174986,0.01067149493283023,0.0154150846284124,0.012221436074988719,0.01293400841061952,0.023743419848001653,0.0234624923631118,0.014359182376357874,0.0367665948457725,0.016236934717412117,0.015935241403672203,0.02338445721998572,0.01881180231957845,0.015794798561581988,0.023743419848001653,0.019227954506435822,0.022338797600260574,0.014593247528391407,0.012819580078166842,0.00669283069289289,0.015113396082826297,0.01805753496950152,0.010863934777497159,0.003562122004072948,0.005143054328229515,0.005153455357931754,0.008565105355790045,0.005101450230224663,0.008273858202872625,0.00520026001733406,0.0019812377428207965,0.0024804591594204378,0.002459658171372907,-0,0.016803914818648753,0.005886733195387228,0.009953752604511815,0.008658720858514239,0.008877157686964345,0.01762578685831152
saxony,2020,15,2020-04-06,2020.2622950819673,2020-04-12,2020.27868852459,male,-0,-0,-0,-0,0.002636466834996906,-0,0.0026676684262789594,-0,-0,0.002761273312456735,0.0027508727612272207,0.005595501043354282,0.0027924749786266065,0.008606712225085364,0.0030212877692570046,0.0030264880716576255,0.011950973219418473,0.003099292359832304,0.009236020182871087,0.01460885190932469,0.010921146760551548,0.013740215162360118,0.005741116915482853,0.002813276099801863,0.011529678112048001,0.006068754118689121,0.012424284139840888,0.0030524895914443187,0.006006346873211892,0.02115790380947481,0.007519743690575015,0.005444685034233358,0.003567322360554648,0.003499717766823437,0.007368922100462836,0.007244104563595258,0.005605902163555226,0.0036973314416898846,0.009074791798612161,0.009355641565193784,0.00917360913611401,0.007597755029522502,0.009553277495406043,0.009761316128180634,0.004425388302940482,0.006895657192178224,0.01621612822578613,0.0068904565028238135,0.004191368914435681,0.005434283946279259,0.007311714025544296,0.0018356323991003999,0.009090394523631421,0.010598680042182987,0.006781242146596394,0.01300162527088269,0.006370390194367517,0.012517906590501499,0.012819580078166842,0.013027631779014988,0.0067916435039738305,0.008643118263024918,0.01136324147934599,0.011529678112048001,0.007608156550225128,0.01116559866991332,0.009553277495406043,-0,0.005689111200059001,0.005699512338984012,0.007987813479779884,0.004643807349082134,0.00878874266967398,-0,-0,0.014374786687046262,0.007446933213145208,0.002584464224470131,0.025819208857950006,0.01686633502407105,0.015045776476522381
saxony,2020,16,2020-04-13,2020.2814207650274,2020-04-19,2020.2978142076502,female,0.0032084989832143057,-0,-0,-0,0.0027560730365790635,-0,-0,0.011638902441767738,0.008617113947610913,-0,-0,-0,-0,-0,-0,-0,-0,0.006458801099852386,0.006437998520331927,0.01266354184879604,0.014780500408604591,0.006099957769517166,0.015430689255968034,0.0030784911242383115,0.0031460951703395374,-0,-0,0.0034477142929898856,0.006609620050255059,0.005772320369706133,0.010401040138686323,0.01210180809998616,0.0019500365634153166,0.0057775209472333035,0.005990745073540965,0.0060531523002996255,0.004087360635379416,0.01019299894652979,0.006131161439069603,0.004212170595212086,0.012283850779894996,0.0043161791239144645,0.008539101079383155,0.006604419389508075,0.0024440574358006633,0.002584464224470131,0.002636466834996906,0.00782138818313564,0.00717649518955648,0.00816984175787542,0.008117833613398493,0.003983352564350079,0.011690914107985973,0.013168067147658042,0.0035101184678309845,0.005085848702057417,0.0016016246651463287,0.009574081321230209,0.00648480433595298,0.004805021995434633,0.005018242134080271,0.005039044145629613,0.007223301669917921,0.003619325954004455,0.003562122004072948,0.0017160283146203095,0.0017160283146203095,0.0051378538141556625,0.003400911211008475,-0,0.0034685156762824733,0.003967751371641334,0.004955836149344533,0.002459658171372907,0.003328106500541602,0.0027976752581388934,0.011774132882138057,0.0019916381401162723,0.0021632449958065873,0.0017732302337492335,0.009386847188447992
saxony,2020,16,2020-04-13,2020.2814207650274,2020-04-19,2020.2978142076502,male,-0,-0,-0,-0,0.002636466834996906,-0,-0,0.0027092705771113563,0.0027248713922515093,0.002761273312456735,0.0027508727612272207,-0,0.0027924749786266065,0.008606712225085364,-0,0.0030264880716576255,0.008965572854586027,0.00619876945399884,-0,0.005839927918087977,0.0027300716650088515,0.010993962102740479,0.0028704792259572447,0.011254017728641106,0.005767119792704852,-0,0.009319235028401941,0.0030524895914443187,0.006006346873211892,0.00528866893337292,-0,0.0018148316689941748,0.003567322360554648,0.003499717766823437,-0,0.007244104563595258,-0,0.0055434954735562566,0.0018148316689941748,0.003744134790467952,0.003671329599461501,-0,0.003822140465380173,0.0019500365634153166,0.004425388302940482,0.002298450796139386,0.002314051488027633,-0,0.008383075694054132,0.005434283946279259,0.0018304322157966753,0.007342918422238916,0.010910744577132949,0.0070672802325678265,0.008476690869076719,0.006500406283859512,0.003187697703935032,0.00782138818313564,-0,0.011399649447227923,0.011888558914063657,0.005184658459520951,0.003785737802527224,0.011529678112048001,-0,0.009303632234718395,-0,0.0019240355948756038,0.0018980346393426264,-0,0.0019968383395411833,0.00232445195188862,0.0029276824150337995,0.006063553512041092,-0,0.0071868966259951515,0.004966237141599493,0.005169056906383001,-0,0.007228502392555595,0.01118640314079471
saxony,2020,17,2020-04-20,2020.3005464480875,2020-04-26,2020.3169398907103,female,-0,-0,0.005912736145419771,0.0028236766635127155,0.0027560730365790635,-0,-0,-0,0.005746317489889332,-0,0.0028600786528853693,-0,-0,0.006063553512041092,-0,0.003166896432976778,-0,0.006458801099852386,0.003218899625968554,-0,0.005912736145419771,0.0030472892864491677,-0,0.00923081925944987,0.006287180067692691,-0,0.003478916371049182,0.010343828727871672,0.013225281665846569,0.005772320369706133,0.006240374429955163,0.008065825520937807,-0,0.00770177033017048,0.0019968383395411833,0.0060531523002996255,0.010219004050034989,0.0020384399536850103,0.002043640157790284,-0,0.0020488403624213725,-0,-0,0.006604419389508075,-0,0.00775897883421337,0.002636466834996906,-0,0.002392055017686721,0.006125960826174338,0.004061358598116162,0.007967010288569753,0.0019500365634153166,0.005642306100639183,0.0035101184678309845,0.0016952276323631062,0.003203298662611505,0.004784220077497201,0.0016224253099669165,0.008013817480499029,0.0033437075013491397,0.003359308506831505,0.005418682318251812,0.00542908340308526,0.001783630589441697,0.0017160283146203095,0.0017160283146203095,0.001710828143277401,0.0017004278021459124,0.001653626292798774,0.0017316288317807886,-0,-0,-0,0.003328106500541602,0.0027976752581388934,-0,0.003983352564350079,-0,0.005325072648370196,0.008929166590890197
saxony,2020,17,2020-04-20,2020.3005464480875,2020-04-26,2020.3169398907103,male,-0,0.0029380830016271825,-0,-0,-0,-0,-0,-0,-0,-0,-0,-0,-0,-0,-0,-0,-0,-0,0.0030784911242383115,0.002922482122514309,0.00546028667006821,0.005496690505210404,0.0028704792259572447,0.002813276099801863,0.0028808798011093497,0.006068754118689121,0.006214371316084415,0.006110358990620823,0.003005686865187052,0.002646867363344045,0.003759735916092501,0.005444685034233358,0.0053510753175478225,0.003499717766823437,0.0018408325829299343,-0,0.003738934416303768,0.0018460327672737322,0.0018148316689941748,0.003744134790467952,-0,0.0018980346393426264,0.0019084350199968575,0.0019500365634153166,-0,-0,0.006947664114295283,0.004591802731076329,-0,0.007244104563595258,0.0018304322157966753,0.0018356323991003999,0.0018200318507435628,0.0035309198760869213,0.008476690869076719,0.006500406283859512,0.003187697703935032,0.004695812019103001,0.0016016246651463287,0.0016276254724692577,-0,0.0017264286588720033,0.003785737802527224,0.0019240355948756038,0.0019032348294126095,0.003723333296920117,0.005730715768236012,0.0019240355948756038,0.0018980346393426264,-0,0.0019968383395411833,-0,0.0058555296725085965,0.003031688374572533,-0,-0,0.007446933213145208,0.005169056906383001,0.0028704792259572447,0.004820623439345829,0.003858543153722642
saxony,2020,18,2020-04-27,2020.3196721311476,2020-05-03,2020.3360655737704,female,0.0032084989832143057,-0,-0,-0,-0,0.002813276099801863,-0,-0,-0,-0,-0,-0,-0,-0,-0,0.003166896432976778,0.006266377556829031,0.006458801099852386,-0,0.009496067017308214,0.008866755912421307,0.0030472892864491677,0.00308369143235383,0.006151963895840346,-0,0.006781242146596394,-0,0.0034477142929898856,-0,-0,0.004160166408873586,0.004035356573860712,-0,-0,0.0019968383395411833,0.004035356573860712,0.002043640157790284,-0,-0,0.004212170595212086,0.0020488403624213725,0.0043161791239144645,0.004269375260251284,-0,0.0048882297503998065,0.0051742574235774715,0.013188872419714582,0.00782138818313564,0.004784220077497201,0.002043640157790284,0.002028039547028811,0.00597514327855689,0.011690914107985973,0.003759735916092501,0.0035101184678309845,0.003390510531843826,0.004805021995434633,0.004784220077497201,0.004862227312667634,0.0016016246651463287,0.0016744269584206722,0.003359308506831505,0.0018044313070670536,0.0018096314877705962,-0,-0,-0,-0,0.0017004278021459124,0.001653626292798774,-0,0.003967751371641334,0.0024804591594204378,0.002459658171372907,0.003328106500541602,0.0027976752581388934,-0,0.003983352564350079,0.0021632449958065873,-0,0.007093283772953485
saxony,2020,18,2020-04-27,2020.3196721311476,2020-05-03,2020.3360655737704,male,-0,-0,-0,0.002698870036282934,-0,0.002636466834996906,-0,-0,-0,-0,-0,-0,-0,-0,-0,-0,-0,-0,-0,0.005839927918087977,-0,0.0027456724863896592,0.005741116915482853,-0,0.0028808798011093497,0.006068754118689121,0.0031044926700280707,0.0030524895914443187,-0,-0,0.001877233884274619,0.0018148316689941748,0.001783630589441697,0.0017524295286047305,0.0036817303347937884,-0,0.005605902163555226,-0,-0,-0,0.003671329599461501,0.0018980346393426264,-0,-0,0.004425388302940482,-0,-0,-0,-0,0.003624526316206946,-0,0.003671329599461501,-0,0.0017680300566801682,0.0016952276323631062,0.0016276254724692577,0.003187697703935032,0.006255976304517954,-0,0.0016276254724692577,0.0017004278021459124,-0,-0,-0,0.003806539321038674,-0,-0,0.0019240355948756038,-0,0.0018980346393426264,-0,-0,-0,-0,-0,-0,0.0024804591594204378,0.002584464224470131,0.0028704792259572447,-0,0.005013041632488857
saxony,2020,19,2020-05-04,2020.3387978142077,2020-05-10,2020.3551912568305,female,-0,-0,0.0029536838854148113,0.0028236766635127155,-0,0.002813276099801863,-0,-0,-0,0.0029276824150337995,-0,-0,-0,0.006063553512041092,-0,-0,-0,-0,0.003218899625968554,0.009496067017308214,0.0029536838854148113,0.006099957769517166,0.00308369143235383,0.01845807557928742,0.0031460951703395374,0.003390510531843826,0.003478916371049182,0.006895657192178224,-0,0.005772320369706133,0.006240374429955163,0.004035356573860712,0.0019500365634153166,-0,0.0019968383395411833,0.004035356573860712,0.004087360635379416,0.0020384399536850103,0.004087360635379416,0.010525865253503073,-0,0.002158044779740347,0.004269375260251284,0.008809546189630155,0.0048882297503998065,0.002584464224470131,0.005273067349034468,-0,0.00717649518955648,-0,0.002028039547028811,0.007967010288569753,0.003894945867543119,0.009407650947687885,0.007020473892650622,0.01017739589067374,0.003203298662611505,0.003192898022971868,0.0016224253099669165,0.003203298662611505,0.005018242134080271,0.0016796271261233435,0.005418682318251812,0.00542908340308526,-0,0.0017160283146203095,0.0017160283146203095,-0,0.0017004278021459124,0.001653626292798774,0.0017316288317807886,0.003967751371641334,-0,-0,0.0066512253549268294,0.0027976752581388934,-0,-0,0.008658720858514239,0.003551721292663989,0.0061779669785036575
saxony,2020,19,2020-05-04,2020.3387978142077,2020-05-10,2020.3551912568305,male,-0,0.0029380830016271825,-0,-0,-0,-0,-0,-0,0.0027248713922515093,0.002761273312456735,-0,-0,-0,-0,-0,-0,-0,0.003099292359832304,-0,0.002922482122514309,0.00546028667006821,-0,0.005741116915482853,0.002813276099801863,-0,0.003031688374572533,-0,0.0030524895914443187,0.003005686865187052,0.007935805517359338,0.001877233884274619,-0,-0,-0,0.0036817303347937884,-0,0.003738934416303768,-0,0.0018148316689941748,0.0018720336968105979,0.0018356323991003999,0.0018980346393426264,-0,0.0019500365634153166,0.002210046963827805,0.004597003190534185,-0,0.002298450796139386,0.006287180067692691,0.005434283946279259,-0,0.0018356323991003999,-0,0.0017680300566801682,-0,0.0016276254724692577,-0,0.0031304942288193816,0.003203298662611505,-0,0.0017004278021459124,0.003458114983596041,0.0018928344497984545,-0,-0,0.00557989936695659,0.0019084350199968575,-0,0.003796138560742797,0.003796138560742797,0.003993753362091565,0.00232445195188862,-0,0.003031688374572533,-0,0.0071868966259951515,-0,0.007753778058520413,-0,-0,0.0034737160234086795
saxony,2020,20,2020-05-11,2020.3579234972678,2020-05-17,2020.3743169398906,female,-0,-0,0.005912736145419771,0.0028236766635127155,0.0027560730365790635,0.002813276099801863,0.0027976752581388934,-0,-0,-0,-0,0.002995286265072126,-0,0.006063553512041092,-0,-0,-0,0.0032293002708088333,0.006437998520331927,0.0063339857475604045,0.005912736145419771,0.006099957769517166,0.00308369143235383,0.006151963895840346,0.0031460951703395374,-0,0.006958065504961515,0.006895657192178224,-0,0.0028860800894626015,0.006240374429955163,0.002017639142452774,0.0019500365634153166,0.0019240355948756038,0.003993753362091565,-0,0.004087360635379416,0.0020384399536850103,0.002043640157790284,0.010525865253503073,0.0020488403624213725,0.0043161791239144645,0.004269375260251284,0.002199646522854582,-0,0.002584464224470131,0.002636466834996906,0.0026052652624425246,0.002392055017686721,0.002043640157790284,-0,0.009958953600245485,0.00779538427865152,0.003759735916092501,0.0035101184678309845,0.003390510531843826,0.003203298662611505,0.0015964245052441485,0.0016224253099669165,0.0016016246651463287,0.0033437075013491397,0.0016796271261233435,0.0018044313070670536,0.003619325954004455,-0,0.0017160283146203095,0.0017160283146203095,0.001710828143277401,-0,0.001653626292798774,-0,-0,-0,-0,0.003328106500541602,-0,-0,0.0019916381401162723,0.0021632449958065873,0.0017732302337492335,0.004118563097248782
saxony,2020,20,2020-05-11,2020.3579234972678,2020-05-17,2020.3743169398906,male,-0,0.0029380830016271825,-0,-0,0.002636466834996906,0.002636466834996906,0.0026676684262789594,-0,0.0027248713922515093,0.002761273312456735,-0,-0,-0,0.0028704792259572447,-0,-0,-0,0.003099292359832304,-0,-0,0.00546028667006821,-0,-0,-0,0.0028808798011093497,-0,-0,-0,-0,0.002646867363344045,0.003759735916092501,0.005444685034233358,-0,0.003499717766823437,-0,0.003619325954004455,0.003738934416303768,0.0036973314416898846,-0,-0,0.0018356323991003999,-0,0.0019084350199968575,0.0019500365634153166,0.002210046963827805,0.002298450796139386,-0,-0,-0,-0,-0,0.0018356323991003999,0.003634927042177917,-0,-0,0.003250101566730168,0.0015912243458562276,-0,-0,-0,-0,0.005184658459520951,-0,0.0019240355948756038,0.0019032348294126095,-0,0.0019084350199968575,0.0019240355948756038,0.0018980346393426264,-0,-0,-0,-0,0.003031688374572533,-0,-0,-0,-0,0.0028704792259572447,-0,0.002698870036282934
saxony,2020,21,2020-05-18,2020.377049180328,2020-05-24,2020.3934426229507,female,-0,-0,-0,0.0028236766635127155,-0,-0,-0,-0,-0,0.0029276824150337995,-0,-0,-0,-0,0.0031720967499333595,-0,-0,-0,-0,-0,0.0029536838854148113,-0,-0,-0,-0,0.003390510531843826,-0,0.0034477142929898856,-0,-0,0.002080041601111447,-0,-0,0.0057775209472333035,0.0019968383395411833,-0,-0,0.0020384399536850103,-0,-0,0.004092561044388847,0.0043161791239144645,0.002132043707192469,0.002199646522854582,0.0048882297503998065,-0,-0,0.0026052652624425246,-0,0.002043640157790284,0.004061358598116162,0.0019916381401162723,0.003894945867543119,0.005642306100639183,-0,0.0016952276323631062,-0,0.0015964245052441485,-0,0.0016016246651463287,0.0016744269584206722,0.0016796271261233435,-0,-0,-0,-0,-0,-0,0.003400911211008475,-0,-0,-0,-0,-0,-0,0.0027976752581388934,-0,-0,0.004331780421159893,-0,0.0038897454782967204
saxony,2020,21,2020-05-18,2020.377049180328,2020-05-24,2020.3934426229507,male,0.003042088981968304,-0,0.0028028755381770093,-0,0.002636466834996906,-0,-0,0.0027092705771113563,0.005449885578993458,-0,-0,-0,0.0027924749786266065,0.0028704792259572447,-0,-0,0.00597514327855689,-0,0.0061571645113304525,0.002922482122514309,-0,0.0027456724863896592,0.0028704792259572447,-0,-0,0.003031688374572533,0.0031044926700280707,0.0030524895914443187,-0,-0,0.001877233884274619,-0,0.001783630589441697,-0,0.0018408325829299343,0.0018096314877705962,0.0018668335098608409,0.0018460327672737322,-0,0.0018720336968105979,-0,-0,-0,-0,0.002210046963827805,-0,-0,0.002298450796139386,0.002095642227474157,0.0018096314877705962,0.0018304322157966753,0.0018356323991003999,0.0018200318507435628,0.0017680300566801682,-0,-0,-0,0.0015652235567344159,-0,-0,0.0050962497203174036,0.0017264286588720033,0.0018928344497984545,0.0038429419984537592,0.0019032348294126095,-0,0.0019084350199968575,-0,-0,-0,-0,0.00232445195188862,-0,-0,-0,-0,-0,-0,0.0028704792259572447,-0,0.0019292357875457782
saxony,2020,22,2020-05-25,2020.396174863388,2020-05-31,2020.4125683060108,female,-0,-0,-0,-0,0.0027560730365790635,-0,-0,-0,-0,0.0029276824150337995,-0,-0,-0,-0,-0,-0,-0,-0,-0,0.003166896432976778,-0,-0,-0,-0,0.006287180067692691,0.003390510531843826,0.003478916371049182,-0,0.003307305173422107,-0,-0,0.004035356573860712,-0,0.0019240355948756038,-0,0.002017639142452774,0.002043640157790284,0.004076959818915024,-0,0.0021060426476514314,0.0020488403624213725,0.002158044779740347,-0,0.002199646522854582,-0,0.002584464224470131,0.002636466834996906,0.0026052652624425246,-0,0.002043640157790284,-0,-0,0.0019500365634153166,-0,0.0017524295286047305,-0,-0,0.0015964245052441485,-0,0.0016016246651463287,-0,0.0016796271261233435,-0,0.003619325954004455,-0,-0,-0,-0,-0,-0,-0,-0,0.0024804591594204378,-0,0.003328106500541602,-0,-0,-0,-0,0.003551721292663989,0.002059240773237899
saxony,2020,22,2020-05-25,2020.396174863388,2020-05-31,2020.4125683060108,male,-0,0.0029380830016271825,-0,-0,-0,-0,-0,0.0054238828604055945,-0,0.005522693260200158,0.0027508727612272207,-0,-0,0.0028704792259572447,0.0030212877692570046,0.0030264880716576255,-0,-0,-0,-0,-0,-0,-0,-0,-0,-0,-0,-0,0.003005686865187052,-0,-0,-0,-0,-0,-0,0.0018096314877705962,-0,0.0018460327672737322,-0,-0,0.0018356323991003999,-0,-0,-0,0.002210046963827805,-0,-0,-0,-0,-0,-0,0.0018356323991003999,-0,-0,-0,-0,0.0015912243458562276,-0,0.0016016246651463287,0.0016276254724692577,-0,0.0017264286588720033,-0,-0,0.0019032348294126095,0.0018616333234368946,-0,0.0019240355948756038,-0,-0,0.0019968383395411833,0.00232445195188862,-0,0.003031688374572533,-0,-0,-0,-0,-0,-0,7.696056950952293e-4
saxony,2020,23,2020-06-01,2020.4153005464482,2020-06-07,2020.431693989071,female,-0,-0,-0,-0,-0,-0,0.005590300484036865,-0,-0,-0,-0,-0,-0,-0,-0,-0,-0,-0,-0,-0,0.0029536838854148113,-0,-0,0.006151963895840346,-0,-0,-0,-0,-0,-0,-0,-0,-0,-0,-0,-0,-0,-0,-0,-0,-0,-0,-0,-0,-0,0.002584464224470131,-0,-0,-0,-0,0.002028039547028811,-0,-0,-0,-0,0.0016952276323631062,-0,-0,-0,0.0016016246651463287,-0,-0,-0,-0,0.001783630589441697,0.0017160283146203095,-0,-0,-0,0.001653626292798774,0.0017316288317807886,-0,-0,-0,-0,-0,-0,-0,0.0021632449958065873,0.0017732302337492335,4.576020134534245e-4
saxony,2020,23,2020-06-01,2020.4153005464482,2020-06-07,2020.431693989071,male,-0,-0,-0,-0,0.002636466834996906,-0,-0,-0,0.0027248713922515093,-0,-0,-0,-0,-0,-0,-0,-0,-0,-0,-0,-0,-0,-0,-0,-0,-0,-0,-0,-0,0.002646867363344045,-0,0.003629726678935282,0.001783630589441697,-0,-0,-0,-0,-0,-0,-0,-0,-0,-0,-0,-0,-0,-0,-0,-0,0.0018096314877705962,-0,-0,-0,-0,-0,0.0016276254724692577,-0,-0,0.0016016246651463287,-0,-0,-0,-0,-0,-0,0.0018616333234368946,-0,0.0019240355948756038,-0,-0,-0,-0,0.0029276824150337995,-0,-0,-0,-0,-0,-0,-0,3.8480142376654273e-4
saxony,2020,24,2020-06-08,2020.4344262295083,2020-06-14,2020.450819672131,female,-0,-0,-0,-0,-0,-0,-0,-0,-0,-0,-0,-0,-0,-0,-0,-0,-0,-0,-0,-0,-0,0.0030472892864491677,-0,-0,-0,0.003390510531843826,-0,-0,-0,-0,-0,-0,-0,-0,-0,0.002017639142452774,-0,-0,0.002043640157790284,-0,-0,-0,-0,-0,-0,-0,-0,-0,-0,-0,-0,-0,-0,-0,-0,-0,-0,-0,-0,-0,-0,-0,0.0018044313070670536,-0,-0,-0,-0,-0,-0,-0,-0,-0,-0,0.002459658171372907,-0,-0,-0,-0,-0,0.0017732302337492335,6.864045302822849e-4
saxony,2020,24,2020-06-08,2020.4344262295083,2020-06-14,2020.450819672131,male,-0,-0,-0,-0,-0,-0,-0,-0,-0,-0,-0,-0,-0,-0,-0,-0,-0,0.003099292359832304,0.0030784911242383115,-0,-0,-0,-0,-0,-0,-0,-0,-0,-0,-0,-0,-0,-0,0.0017524295286047305,-0,-0,-0,-0,0.0018148316689941748,0.0018720336968105979,-0,-0,-0,-0,-0,-0,-0,-0,-0,-0,-0,-0,-0,-0,-0,-0,-0,-0,-0,-0,0.0017004278021459124,-0,-0,-0,-0,-0,-0,-0,-0,0.0018980346393426264,-0,-0,-0,-0,-0,0.0035933241507815398,-0,-0,-0,-0,3.8480142376654273e-4
saxony,2020,25,2020-06-15,2020.4535519125684,2020-06-21,2020.4699453551912,female,-0,-0,0.0029536838854148113,-0,0.0027560730365790635,-0,0.0027976752581388934,0.005819125586151741,0.0028704792259572447,0.0029276824150337995,-0,-0,-0,0.021230733487564962,0.0031720967499333595,0.006339186381260658,0.006266377556829031,-0,-0,-0,-0,-0,-0,-0,0.0031460951703395374,0.003390510531843826,-0,-0,-0,-0,-0,-0,-0,-0,0.0019968383395411833,-0,-0,-0,-0,0.0021060426476514314,-0,0.002158044779740347,0.002132043707192469,0.002199646522854582,0.0024440574358006633,-0,0.002636466834996906,-0,0.00717649518955648,0.002043640157790284,-0,-0,-0,-0,0.0017524295286047305,-0,-0,-0,0.0032449012419726235,-0,-0,-0,0.0018044313070670536,-0,-0,0.0017160283146203095,-0,-0,-0,-0,-0,-0,-0,-0,-0,-0,-0,-0,-0,0.0017732302337492335,-0
saxony,2020,25,2020-06-15,2020.4535519125684,2020-06-21,2020.4699453551912,male,-0,0.0029380830016271825,-0,-0,-0,-0,-0,0.0027092705771113563,-0,-0,0.0027508727612272207,-0,-0,0.020081076901403663,-0,0.018151167563010037,-0,0.012403479173694871,-0,0.002922482122514309,-0,0.0027456724863896592,-0,-0,-0,0.006068754118689121,-0,-0,-0,-0,-0,0.0018148316689941748,-0,-0,0.0036817303347937884,-0,0.0018668335098608409,-0,-0,0.003744134790467952,0.0018356323991003999,0.0018980346393426264,-0,-0,0.004425388302940482,-0,-0,-0,-0,0.0018096314877705962,0.003655728500360734,-0,-0,-0,-0,-0,-0,-0,0.0016016246651463287,0.0016276254724692577,-0,-0,-0,0.0019240355948756038,-0,-0,0.0019084350199968575,-0,-0,-0,-0,-0,-0,-0,-0,-0,-0,0.002584464224470131,-0,-0,-0
saxony,2020,26,2020-06-22,2020.4726775956285,2020-06-28,2020.4890710382513,female,-0,-0,-0,-0,-0,-0,-0,-0,-0,-0,-0,-0,-0,-0,-0,-0,-0,0.0032293002708088333,-0,-0,-0,-0,-0,-0,-0,-0,-0,-0,-0,-0,-0,-0,-0,-0,0.003993753362091565,0.002017639142452774,-0,0.0020384399536850103,-0,-0,-0,-0,-0,-0,0.0024440574358006633,-0,-0,-0,-0,-0,-0,-0,0.0019500365634153166,0.001882434072264451,-0,-0,-0,-0,0.0016224253099669165,-0,-0,-0,-0,-0,-0,-0,-0,-0,-0,0.001653626292798774,-0,-0,-0,-0,0.003328106500541602,-0,-0,-0,-0,-0,2.2880050336228263e-4
saxony,2020,26,2020-06-22,2020.4726775956285,2020-06-28,2020.4890710382513,male,-0,-0,-0,-0,-0,-0,-0,-0,0.0027248713922515093,-0,-0,-0,0.0027924749786266065,-0,-0,0.0030264880716576255,-0,-0,-0,-0,-0,-0,-0,-0,-0,-0,-0,-0,-0,-0,-0,0.0018148316689941748,-0,-0,-0,0.0018096314877705962,-0,-0,0.0018148316689941748,-0,0.0018356323991003999,-0,-0,-0,-0,-0,-0,-0,-0,0.0018096314877705962,0.0018304322157966753,-0,-0,0.0017680300566801682,-0,-0,0.0015912243458562276,-0,-0,-0,-0,-0,-0,-0,-0,-0,-0,0.0019240355948756038,-0,-0,-0,-0,-0,-0,-0,-0,-0,-0,-0,-0,-0
saxony,2020,27,2020-06-29,2020.4918032786886,2020-07-05,2020.5081967213114,female,-0,-0,-0,-0,-0,-0,-0,-0,-0,-0,-0,-0,-0,-0,-0,-0,-0,-0,-0,-0,0.0029536838854148113,-0,-0,-0,-0,-0,-0,-0,-0,-0,-0,-0,-0,-0,-0,-0,-0,-0,-0,-0,-0,-0,0.002132043707192469,0.002199646522854582,-0,-0,-0,-0,-0,-0,-0,0.0019916381401162723,-0,-0,-0,-0,-0,-0,-0,-0,-0,-0,-0,-0,-0,-0,-0,-0,-0,-0,-0,-0,-0,-0,-0,-0,-0,-0,-0,-0,-0
saxony,2020,27,2020-06-29,2020.4918032786886,2020-07-05,2020.5081967213114,male,-0,-0,-0,-0,-0,-0,-0,-0,-0,-0,-0,-0,0.0027924749786266065,-0,-0,-0,-0,-0,-0,-0,-0,-0,0.0028704792259572447,-0,-0,-0,-0,-0,0.003005686865187052,-0,-0,0.0018148316689941748,-0,-0,-0,-0,-0,-0,-0,-0,-0,0.0018980346393426264,-0,0.0039053466476019223,-0,-0,0.002314051488027633,-0,-0,-0,-0,0.0018356323991003999,-0,-0,-0,-0,-0,-0,-0,0.0016276254724692577,-0,-0,-0,-0,-0,-0,-0,-0,-0,-0,-0,-0,-0,-0,-0,-0,-0,-0,-0,-0,-0
saxony,2020,28,2020-07-06,2020.5109289617487,2020-07-12,2020.5273224043715,female,-0,-0,-0,-0,-0,-0,-0,-0,-0,-0,-0,-0,-0,0.003031688374572533,-0,-0,-0,-0,-0,-0,-0,-0,-0,0.0030784911242383115,-0,-0,-0,-0,-0,-0,-0,-0,0.0019500365634153166,-0,-0,-0,0.002043640157790284,-0,-0,-0,-0,-0,-0,0.002199646522854582,-0,-0,-0,-0,-0,-0,-0,-0,-0,-0,-0,-0,-0,-0,-0,-0,-0,-0,-0,-0,-0,-0,-0,0.001710828143277401,-0,-0,-0,-0,-0,-0,-0,-0,-0,-0,-0,-0,-0
saxony,2020,28,2020-07-06,2020.5109289617487,2020-07-12,2020.5273224043715,male,-0,-0,-0,-0,-0,-0,-0,-0,-0,-0,-0,-0,-0,-0,-0,-0,-0,-0,-0,-0,-0,-0,0.0028704792259572447,-0,-0,-0,-0,-0,-0,0.002646867363344045,-0,-0,0.001783630589441697,-0,-0,0.005434283946279259,-0,-0,-0,-0,0.0018356323991003999,-0,-0,-0,-0,-0,0.004633406421319078,-0,-0,-0,-0,0.0018356323991003999,-0,-0,-0,-0,-0,-0,-0,-0,-0,-0,-0,-0,-0,-0,-0,-0,-0,0.0018980346393426264,-0,-0,-0,-0,-0,-0,-0,-0,-0,-0,-0
saxony,2020,29,2020-07-13,2020.5300546448088,2020-07-19,2020.5464480874316,female,-0,-0,-0,-0,-0,-0,-0,-0,-0,-0,-0,0.002995286265072126,-0,-0,-0,-0,-0,-0,-0,-0,0.0029536838854148113,-0,-0,-0,0.0031460951703395374,-0,-0,-0,0.003307305173422107,-0,-0,0.002017639142452774,-0,-0,-0,-0,-0,-0,0.002043640157790284,-0,-0,-0,-0,-0,-0,-0,-0,-0,-0,0.002043640157790284,-0,-0,-0,-0,-0,-0,-0,0.0015964245052441485,-0,0.0016016246651463287,-0,-0,-0,-0,-0,-0,-0,-0,-0,-0,-0,-0,-0,-0,-0,-0,-0,-0,-0,-0,-0
saxony,2020,29,2020-07-13,2020.5300546448088,2020-07-19,2020.5464480874316,male,-0,-0,-0,-0,-0,-0,-0,-0,0.0027248713922515093,-0,-0,-0,-0,-0,-0,-0,-0,-0,-0,-0,-0,-0,0.0028704792259572447,-0,-0,-0,-0,-0,-0,-0,0.001877233884274619,-0,0.001783630589441697,-0,-0,-0,-0,-0,-0,-0,0.0018356323991003999,-0,-0,-0,0.004425388302940482,-0,-0,0.002298450796139386,-0,0.0018096314877705962,-0,-0,-0,-0,-0,-0,-0,-0,-0,-0,-0,-0,-0,-0,-0,-0,-0,-0,-0,-0,-0,-0,-0,-0,-0,-0,-0,-0,-0,-0,-0
saxony,2020,30,2020-07-20,2020.549180327869,2020-07-26,2020.5655737704917,female,-0,-0,0.0029536838854148113,-0,-0,-0,-0,-0,-0,-0,-0,-0,-0,-0,-0,-0,0.006266377556829031,-0,-0,-0,-0,-0,-0,-0,0.0031460951703395374,-0,-0,-0,-0,-0,-0,-0,-0,-0,-0,0.002017639142452774,0.004087360635379416,0.0020384399536850103,-0,-0,-0,-0,-0,-0,-0,-0,-0,-0,-0,-0,-0,-0,-0,-0,0.0017524295286047305,0.0016952276323631062,-0,-0,-0,-0,-0,-0,-0,0.0018096314877705962,-0,-0,-0,-0,-0,-0,-0,-0,-0,-0,-0,-0,-0,-0,0.0021632449958065873,-0,4.576020134534245e-4
saxony,2020,30,2020-07-20,2020.549180327869,2020-07-26,2020.5655737704917,male,-0,-0,0.0028028755381770093,-0,-0,-0,-0,-0,-0,-0,0.0027508727612272207,0.0027976752581388934,0.0027924749786266065,0.0028704792259572447,0.0030212877692570046,-0,0.0029900859657976397,-0,0.0030784911242383115,-0,-0,-0,-0,-0,-0,-0,0.0031044926700280707,0.0030524895914443187,-0,0.002646867363344045,-0,-0,-0,-0,-0,-0,-0,-0,0.0018148316689941748,-0,-0,-0,-0,-0,-0,-0,0.002314051488027633,-0,-0,-0,-0,-0,-0,-0,-0,0.0016276254724692577,-0,-0,-0,-0,-0,0.0017264286588720033,-0,-0,-0,-0,-0,-0,-0,-0,0.0019968383395411833,-0,-0,-0,-0,-0,-0,-0,0.0028704792259572447,-0,-0
saxony,2020,31,2020-07-27,2020.568306010929,2020-08-02,2020.5846994535518,female,-0,-0,-0,-0,-0,-0,-0,-0,-0,0.005860730258351855,-0,-0,-0,-0,-0,-0,-0,-0,0.003218899625968554,0.0063339857475604045,-0,-0,-0,-0,-0,0.003390510531843826,-0,-0,-0,0.0028860800894626015,-0,-0,-0,-0,-0,-0,-0,-0,-0,-0,-0,-0,-0,-0,-0,-0,-0,0.0026052652624425246,-0,-0,-0,0.0019916381401162723,-0,-0,-0,-0,-0,0.0015964245052441485,-0,0.0016016246651463287,-0,0.0016796271261233435,-0,-0,-0,-0,-0,-0,-0,-0,0.0017316288317807886,-0,-0,0.002459658171372907,-0,-0,-0,-0,-0,-0,2.2880050336228263e-4
saxony,2020,31,2020-07-27,2020.568306010929,2020-08-02,2020.5846994535518,male,-0,-0,-0,-0,-0,-0,0.0026676684262789594,-0,0.0027248713922515093,0.002761273312456735,-0,-0,-0,-0,-0,-0,-0,-0,0.0061571645113304525,-0,0.0027300716650088515,-0,-0,0.002813276099801863,-0,-0,-0,0.0030524895914443187,-0,-0,-0,0.0018148316689941748,-0,-0,-0,-0,-0,-0,0.003629726678935282,-0,-0,-0,-0,-0,-0,-0,-0,0.002298450796139386,-0,-0,-0,-0,-0,-0,-0,-0,-0,-0,-0,0.0016276254724692577,-0,-0,-0,0.0038429419984537592,-0,-0,-0,-0,0.0018980346393426264,-0,-0,-0,-0,-0,-0,-0,-0,-0,-0,-0,3.8480142376654273e-4
saxony,2020,32,2020-08-03,2020.5874316939892,2020-08-09,2020.603825136612,female,-0,-0,-0,-0,-0,-0,-0,-0,-0,-0,-0,-0,-0,-0,-0,-0,-0,0.0032293002708088333,0.003218899625968554,0.009496067017308214,0.005912736145419771,0.012200631190001126,0.00308369143235383,0.006151963895840346,-0,0.003390510531843826,-0,0.006895657192178224,0.003307305173422107,-0,-0,-0,0.0019500365634153166,-0,-0,0.002017639142452774,0.002043640157790284,-0,0.002043640157790284,0.004212170595212086,-0,0.002158044779740347,-0,-0,-0,0.002584464224470131,-0,-0,-0,0.002043640157790284,0.004061358598116162,-0,-0,0.003759735916092501,0.0035101184678309845,0.005085848702057417,0.003203298662611505,-0,0.0016224253099669165,-0,0.0016744269584206722,0.003359308506831505,-0,-0,-0,0.0017160283146203095,-0,-0,-0,0.003307305173422107,-0,0.0019812377428207965,0.0024804591594204378,-0,-0,-0,-0,-0,-0,-0,2.2880050336228263e-4
saxony,2020,32,2020-08-03,2020.5874316939892,2020-08-09,2020.603825136612,male,-0,-0,-0,-0,-0,-0,-0,-0,-0,-0,-0,-0,-0,-0,-0,-0,-0,0.00619876945399884,-0,-0,0.008190645030230759,0.008242653247524817,0.0028704792259572447,0.002813276099801863,0.0028808798011093497,-0,0.0031044926700280707,-0,0.003005686865187052,0.007935805517359338,0.001877233884274619,0.003629726678935282,0.001783630589441697,0.003499717766823437,-0,-0,-0,0.0018460327672737322,-0,0.003744134790467952,-0,-0,-0,0.0019500365634153166,0.002210046963827805,0.002298450796139386,0.002314051488027633,0.002298450796139386,0.004191368914435681,-0,0.003655728500360734,-0,0.0018200318507435628,-0,-0,0.0016276254724692577,0.0015912243458562276,0.0015652235567344159,0.0016016246651463287,0.004883029261810867,0.003395710871169003,0.006911259263350734,0.005683910631373779,0.0019240355948756038,0.003806539321038674,0.003723333296920117,-0,0.0038481423830252345,-0,-0,-0,-0,-0,-0,0.004071759411460064,-0,-0,-0,-0,-0,-0
saxony,2020,33,2020-08-10,2020.6065573770493,2020-08-16,2020.622950819672,female,-0,0.003073290816637081,-0,-0,-0,0.002813276099801863,-0,-0,0.0028704792259572447,-0,-0,-0,-0,-0,-0,0.003166896432976778,-0,-0,0.003218899625968554,0.009496067017308214,0.011820943501131212,-0,0.006172766360933059,-0,0.0031460951703395374,0.003390510531843826,-0,-0,-0,-0,-0,0.002017639142452774,0.0039001462573153684,-0,0.0019968383395411833,0.002017639142452774,-0,-0,0.006131161439069603,0.0021060426476514314,0.004092561044388847,-0,-0,0.002199646522854582,0.0024440574358006633,-0,0.005273067349034468,-0,-0,-0,-0,-0,-0,-0,-0,-0,-0,0.003192898022971868,-0,0.0016016246651463287,-0,-0,0.0018044313070670536,0.0018096314877705962,0.001783630589441697,-0,-0,-0,-0,0.001653626292798774,-0,0.0019812377428207965,-0,-0,-0,-0,-0,-0,-0,-0,-0
saxony,2020,33,2020-08-10,2020.6065573770493,2020-08-16,2020.622950819672,male,-0,-0,-0,-0,0.002636466834996906,-0,0.0026676684262789594,-0,-0,0.002761273312456735,-0,-0,0.0027924749786266065,-0,0.0030212877692570046,-0,-0,0.01860372747505639,0.0061571645113304525,-0,0.0027300716650088515,0.0027456724863896592,0.011482867755258098,-0,0.0028808798011093497,0.003031688374572533,-0,0.006110358990620823,-0,0.002646867363344045,0.007519743690575015,0.0018148316689941748,-0,0.0017524295286047305,0.0036817303347937884,-0,-0,-0,-0,-0,0.0018356323991003999,0.0018980346393426264,0.003822140465380173,0.0019500365634153166,-0,-0,-0,0.004591802731076329,-0,0.0018096314877705962,0.0018304322157966753,-0,0.003634927042177917,0.0017680300566801682,-0,-0,0.0015912243458562276,-0,0.0016016246651463287,-0,-0,-0,-0,0.0019240355948756038,-0,-0,-0,-0,0.0018980346393426264,-0,-0,-0,-0,-0,-0,-0,0.0024804591594204378,-0,0.0028704792259572447,-0,3.8480142376654273e-4
saxony,2020,34,2020-08-17,2020.6256830601094,2020-08-23,2020.6420765027322,female,-0,0.0061415626664147295,-0,-0,-0,-0,-0,-0,0.005746317489889332,0.0029276824150337995,-0,0.002995286265072126,0.002932882708067575,-0,0.0031720967499333595,-0,-0,0.006458801099852386,0.003218899625968554,0.003166896432976778,0.0029536838854148113,0.0030472892864491677,0.00308369143235383,0.0030784911242383115,0.0031460951703395374,-0,0.003478916371049182,0.0034477142929898856,0.003307305173422107,0.005772320369706133,-0,0.002017639142452774,0.007800585058505722,-0,-0,0.002017639142452774,0.006131161439069603,-0,0.002043640157790284,0.004212170595212086,0.0020488403624213725,0.002158044779740347,-0,0.002199646522854582,0.0024440574358006633,-0,0.005273067349034468,-0,-0,0.002043640157790284,0.002028039547028811,0.003983352564350079,-0,-0,-0,0.003390510531843826,0.0016016246651463287,-0,-0,-0,-0,0.003359308506831505,-0,0.0018096314877705962,-0,0.0017160283146203095,-0,-0,-0,-0,-0,-0,-0,-0,0.003328106500541602,-0,-0,0.0019916381401162723,-0,-0,-0
saxony,2020,34,2020-08-17,2020.6256830601094,2020-08-23,2020.6420765027322,male,0.003042088981968304,-0,-0,0.002698870036282934,-0,0.002636466834996906,-0,-0,-0,-0,-0,-0,0.0027924749786266065,-0,-0,-0,0.0029900859657976397,0.003099292359832304,0.0030784911242383115,0.005839927918087977,0.010921146760551548,0.005496690505210404,0.005741116915482853,-0,0.005767119792704852,0.003031688374572533,0.0031044926700280707,0.0030524895914443187,-0,0.002646867363344045,0.001877233884274619,0.003629726678935282,0.001783630589441697,0.0017524295286047305,-0,-0,0.0018668335098608409,-0,-0,0.003744134790467952,0.003671329599461501,-0,0.0019084350199968575,0.0019500365634153166,-0,-0,0.002314051488027633,0.004591802731076329,-0,0.003624526316206946,-0,-0,-0,-0,-0,0.0016276254724692577,0.0015912243458562276,-0,-0,0.0016276254724692577,0.0017004278021459124,-0,-0,-0,-0,-0,-0,-0,-0,-0,-0,-0,-0,-0,-0,-0,-0,-0,-0,-0,-0
saxony,2020,35,2020-08-24,2020.6448087431695,2020-08-30,2020.6612021857923,female,-0,-0,0.0029536838854148113,-0,-0,-0,0.0027976752581388934,0.0029068812480877357,-0,0.00878874266967398,0.0028600786528853693,-0,0.011737724652059486,0.003031688374572533,0.0031720967499333595,-0,0.009397249067027562,-0,-0,-0,0.0029536838854148113,0.006099957769517166,-0,0.012304655698178278,-0,0.006781242146596394,0.003478916371049182,-0,0.003307305173422107,0.0028860800894626015,0.002080041601111447,0.006047951695206187,0.0019500365634153166,0.0038533427681110123,-0,0.002017639142452774,0.004087360635379416,0.01019299894652979,-0,-0,0.0020488403624213725,0.002158044779740347,0.004269375260251284,-0,0.0048882297503998065,-0,0.002636466834996906,0.0026052652624425246,0.002392055017686721,0.002043640157790284,-0,-0,-0,0.003759735916092501,0.005262666295407436,0.0016952276323631062,0.0016016246651463287,-0,-0,-0,-0,-0,-0,-0,-0,-0,0.0034373136044640058,-0,-0,-0,-0,0.0019812377428207965,-0,0.002459658171372907,-0,-0,-0,-0,-0,-0,2.2880050336228263e-4
saxony,2020,35,2020-08-24,2020.6448087431695,2020-08-30,2020.6612021857923,male,0.003042088981968304,-0,-0,0.002698870036282934,0.002636466834996906,-0,-0,-0,0.0027248713922515093,-0,0.0027508727612272207,-0,-0,-0,-0,0.006047951695206187,0.008965572854586027,-0,-0,-0,-0,-0,0.011482867755258098,0.002813276099801863,0.0028808798011093497,0.006068754118689121,0.009319235028401941,0.009163207302270403,-0,0.010577875806439992,0.001877233884274619,0.005444685034233358,0.001783630589441697,0.006999671088432016,0.0018408325829299343,0.007244104563595258,0.003738934416303768,-0,0.003629726678935282,0.0018720336968105979,-0,0.0018980346393426264,0.007644561889066231,0.0019500365634153166,-0,-0,0.002314051488027633,-0,0.004191368914435681,0.0018096314877705962,-0,0.003671329599461501,0.003634927042177917,0.0017680300566801682,0.005085848702057417,-0,0.0015912243458562276,-0,-0,0.0016276254724692577,0.0050962497203174036,-0,-0,-0,0.0019032348294126095,-0,-0,-0,-0,-0,-0,-0,-0,-0,-0,-0,-0,-0,-0,-0,3.8480142376654273e-4
saxony,2020,36,2020-08-31,2020.6639344262296,2020-09-06,2020.6803278688524,female,-0,-0,-0,-0,0.0027560730365790635,-0,0.0027976752581388934,-0,-0,-0,0.005725515195395651,-0,-0,0.003031688374572533,-0,0.006339186381260658,0.01565955766473659,0.012918404532277994,0.006437998520331927,0.01266354184879604,0.005912736145419771,0.006099957769517166,0.009256823881769351,-0,0.012580321651257461,0.006781242146596394,0.003478916371049182,-0,0.003307305173422107,0.005772320369706133,-0,0.002017639142452774,0.007800585058505722,-0,0.003993753362091565,0.0060531523002996255,0.004087360635379416,0.0020384399536850103,-0,0.0021060426476514314,0.010239808142200517,0.002158044779740347,-0,0.004404586536875719,-0,0.002584464224470131,-0,-0,-0,0.004082160226884292,0.006089556550493997,0.0019916381401162723,0.0019500365634153166,0.001882434072264451,-0,0.0016952276323631062,0.004805021995434633,-0,0.0032449012419726235,-0,0.0016744269584206722,0.003359308506831505,0.003608925231153918,-0,-0,0.0017160283146203095,-0,0.0034269129180184016,0.0017004278021459124,-0,0.0017316288317807886,-0,-0,-0,0.003328106500541602,-0,-0,-0,-0,-0,6.864045302822849e-4
saxony,2020,36,2020-08-31,2020.6639344262296,2020-09-06,2020.6803278688524,male,-0,0.0029380830016271825,-0,0.002698870036282934,-0,0.002636466834996906,-0,-0,0.0027248713922515093,-0,0.005496690505210404,0.0027976752581388934,-0,0.0028704792259572447,0.012096606889927376,0.006047951695206187,0.00597514327855689,0.00619876945399884,0.009236020182871087,0.005839927918087977,0.00546028667006821,0.013740215162360118,0.011482867755258098,0.008440284947649665,0.0028808798011093497,0.003031688374572533,0.018640140512742695,0.018328029588521866,0.009012380945368752,0.007935805517359338,0.005637105536640755,0.005444685034233358,-0,0.0017524295286047305,0.005527893812761903,-0,0.0018668335098608409,0.0018460327672737322,0.009074791798612161,0.003744134790467952,0.003671329599461501,0.0018980346393426264,-0,-0,0.004425388302940482,-0,0.006947664114295283,-0,0.002095642227474157,0.0018096314877705962,0.0018304322157966753,-0,0.0018200318507435628,0.0017680300566801682,0.0016952276323631062,0.003250101566730168,0.0015912243458562276,0.0031304942288193816,0.003203298662611505,0.0032553018920135506,0.003395710871169003,0.0017264286588720033,-0,-0,-0,-0,-0,-0,0.0018980346393426264,0.0018980346393426264,0.0019968383395411833,0.00232445195188862,-0,-0,-0,-0,0.0024804591594204378,-0,0.0028704792259572447,-0,0.0015444229347952216
saxony,2020,37,2020-09-07,2020.6830601092897,2020-09-13,2020.6994535519125,female,-0,-0,-0,-0,-0,0.002813276099801863,0.005590300484036865,0.005819125586151741,-0,0.0029276824150337995,0.0028600786528853693,-0,0.002932882708067575,-0,0.0031720967499333595,0.009506468917735723,0.006266377556829031,0.0032293002708088333,0.003218899625968554,0.003166896432976778,0.005912736145419771,0.009147604555409257,0.006172766360933059,0.00923081925944987,0.0031460951703395374,-0,0.006958065504961515,0.006895657192178224,0.006609620050255059,0.0028860800894626015,0.006240374429955163,0.004035356573860712,-0,0.009631291885159604,0.005990745073540965,-0,0.004087360635379416,0.0020384399536850103,-0,0.004212170595212086,-0,0.0043161791239144645,0.002132043707192469,0.004404586536875719,0.007332516954591532,0.0051742574235774715,0.005273067349034468,0.0026052652624425246,0.004784220077497201,0.004082160226884292,-0,0.003983352564350079,0.0019500365634153166,0.003759735916092501,0.0017524295286047305,0.005085848702057417,0.0016016246651463287,0.011170799786850443,0.0032449012419726235,0.0016016246651463287,0.0033437075013491397,-0,0.003608925231153918,0.003619325954004455,0.001783630589441697,0.008575507069992844,0.006874854437892958,-0,0.006802044863431811,0.001653626292798774,0.0034685156762824733,-0,-0,-0,0.003328106500541602,0.0027976752581388934,0.003926148213960467,0.003983352564350079,-0,0.0017732302337492335,0.003203298662611505
saxony,2020,37,2020-09-07,2020.6830601092897,2020-09-13,2020.6994535519125,male,-0,-0,-0,0.005403080694905341,0.002636466834996906,-0,0.0026676684262789594,0.0027092705771113563,0.005449885578993458,0.005522693260200158,0.005496690505210404,0.0027976752581388934,-0,0.005735916341602262,0.0030212877692570046,0.0030264880716576255,0.0029900859657976397,0.009303632234718395,0.009236020182871087,0.005839927918087977,0.00546028667006821,0.005496690505210404,0.0028704792259572447,0.016881940087131325,0.011529678112048001,-0,0.012424284139840888,0.009163207302270403,-0,-0,0.007519743690575015,0.009074791798612161,0.01069750027562577,0.006999671088432016,0.0036817303347937884,0.0018096314877705962,0.0018668335098608409,0.0018460327672737322,0.009074791798612161,0.0018720336968105979,0.0018356323991003999,0.0018980346393426264,0.003822140465380173,0.0039053466476019223,0.008845952369577362,0.002298450796139386,-0,0.00918401097203835,-0,0.005434283946279259,0.003655728500360734,0.003671329599461501,0.0018200318507435628,0.0035309198760869213,0.0016952276323631062,0.0048778287737478,0.003187697703935032,0.006255976304517954,-0,-0,0.0067916435039738305,0.003458114983596041,-0,0.0019240355948756038,0.0019032348294126095,0.0018616333234368946,0.005730715768236012,0.0038481423830252345,0.0018980346393426264,0.0018980346393426264,0.003993753362091565,0.006968466897708303,-0,0.003031688374572533,-0,0.0035933241507815398,0.004966237141599493,0.002584464224470131,0.0028704792259572447,0.002407655737663283,0.0034737160234086795
saxony,2020,38,2020-09-14,2020.7021857923498,2020-09-20,2020.7185792349726,female,0.0064171959491335275,0.0061415626664147295,-0,-0,-0,-0,0.005590300484036865,0.005819125586151741,0.005746317489889332,0.0029276824150337995,0.0028600786528853693,0.002995286265072126,0.002932882708067575,0.003031688374572533,0.006344387015475263,-0,0.009397249067027562,0.01937360855865311,0.006437998520331927,0.009496067017308214,0.011820943501131212,0.009147604555409257,0.009256823881769351,0.01845807557928742,0.006287180067692691,0.006781242146596394,0.010437447432891652,0.013792228930400247,0.003307305173422107,0.0028860800894626015,0.008320665671008401,-0,0.009750914176774251,0.0019240355948756038,0.005990745073540965,-0,0.006131161439069603,0.0020384399536850103,0.002043640157790284,0.004212170595212086,0.008190645030230759,0.002158044779740347,0.008539101079383155,0.006604419389508075,0.0048882297503998065,0.00775897883421337,0.005273067349034468,0.0026052652624425246,0.002392055017686721,0.006125960826174338,0.01015139080797669,0.00597514327855689,0.003894945867543119,0.011285224491147437,0.008773140035171583,0.003390510531843826,0.0064067946666550996,0.004784220077497201,0.00648480433595298,0.0064119953076371364,0.00669283069289289,-0,0.016252539591597902,0.00542908340308526,-0,0.0034321132609840565,-0,0.0051378538141556625,-0,0.003307305173422107,0.010401040138686323,0.0019812377428207965,-0,0.007384524313634336,0.003328106500541602,0.0027976752581388934,0.003926148213960467,0.005969942681265255,0.004331780421159893,0.003551721292663989,0.007093283772953485
saxony,2020,38,2020-09-14,2020.7021857923498,2020-09-20,2020.7185792349726,male,0.003042088981968304,-0,-0,0.002698870036282934,0.002636466834996906,-0,-0,-0,-0,0.005522693260200158,0.0027508727612272207,-0,-0,-0,0.0030212877692570046,-0,0.0029900859657976397,0.012403479173694871,0.012309856929046825,0.002922482122514309,0.00546028667006821,0.013740215162360118,0.0028704792259572447,0.002813276099801863,0.008648319127665926,0.024279267221947544,0.012424284139840888,0.009163207302270403,0.006006346873211892,0.002646867363344045,0.009397249067027562,0.007259706739321996,0.008913563914253455,0.003499717766823437,0.005527893812761903,0.003619325954004455,0.003738934416303768,0.0018460327672737322,0.0018148316689941748,0.003744134790467952,-0,0.0018980346393426264,0.007644561889066231,0.0058555296725085965,0.002210046963827805,0.004597003190534185,-0,0.002298450796139386,0.002095642227474157,0.003624526316206946,0.0018304322157966753,0.00550709160564713,0.003634927042177917,0.0017680300566801682,0.0016952276323631062,0.006500406283859512,0.0015912243458562276,0.0015652235567344159,0.0064067946666550996,0.0032553018920135506,0.008492293414629589,0.005184658459520951,0.0018928344497984545,0.009610488036446993,0.007608156550225128,0.003723333296920117,0.0019084350199968575,-0,0.007587353510900485,-0,0.0019968383395411833,-0,0.0058555296725085965,-0,0.004071759411460064,-0,0.004966237141599493,0.007753778058520413,0.0028704792259572447,0.004820623439345829,0.005787922103842218
saxony,2020,39,2020-09-21,2020.72131147541,2020-09-27,2020.7377049180327,female,-0,-0,-0,-0,-0,-0,-0,-0,-0,0.0029276824150337995,-0,0.002995286265072126,0.005865930844721004,0.01213301537128127,0.009511669868726874,0.009506468917735723,0.012528309095424985,0.0032293002708088333,-0,0.0063339857475604045,0.008866755912421307,0.009147604555409257,0.009256823881769351,-0,0.012580321651257461,0.013558167383918133,0.006958065504961515,0.013792228930400247,-0,0.008663921724721541,0.002080041601111447,0.002017639142452774,0.0058503290871796815,0.00770177033017048,0.005990745073540965,0.01210180809998616,0.010219004050034989,0.006115559601955722,-0,0.0021060426476514314,0.0020488403624213725,0.0064744030399512,-0,0.004404586536875719,0.009776919059188786,0.01293400841061952,0.005273067349034468,0.00782138818313564,0.002392055017686721,0.006125960826174338,0.01015139080797669,0.007967010288569753,0.003894945867543119,0.007524944442861097,0.005262666295407436,0.003390510531843826,0.004805021995434633,0.0015964245052441485,0.004862227312667634,0.004805021995434633,0.008367473181271885,0.0016796271261233435,0.007223301669917921,0.003619325954004455,0.003562122004072948,0.005143054328229515,-0,0.0051378538141556625,0.0017004278021459124,0.00662002137330365,0.00520026001733406,0.005949140297311455,0.004955836149344533,0.004919432692832402,0.0066512253549268294,0.005600701603197585,0.003926148213960467,0.005969942681265255,0.008658720858514239,0.008877157686964345,0.0061779669785036575
saxony,2020,39,2020-09-21,2020.72131147541,2020-09-27,2020.7377049180327,male,-0,-0,-0,-0,-0,0.002636466834996906,-0,0.0027092705771113563,-0,0.002761273312456735,0.0027508727612272207,0.0027976752581388934,0.008372674018343875,0.01147246545947112,0.006047951695206187,0.009074791798612161,0.008965572854586027,0.009303632234718395,0.009236020182871087,0.002922482122514309,-0,0.008242653247524817,0.02297347406533756,0.008440284947649665,0.0028808798011093497,0.003031688374572533,-0,0.009163207302270403,0.02102785106658401,0.00528866893337292,0.005637105536640755,0.005444685034233358,0.007134889464607528,0.003499717766823437,0.011051174228849372,0.0018096314877705962,0.003738934416303768,0.0055434954735562566,0.01088994021653837,0.003744134790467952,-0,0.0018980346393426264,0.0019084350199968575,0.009761316128180634,0.011061576440359837,0.009194412810043424,0.002314051488027633,-0,0.002095642227474157,0.007244104563595258,0.007311714025544296,0.007342918422238916,0.003634927042177917,0.0017680300566801682,0.003390510531843826,0.008128235238132577,0.007961809492070508,0.0015652235567344159,0.004805021995434633,0.004883029261810867,0.0050962497203174036,0.006911259263350734,0.009470062275339882,0.005767119792704852,-0,0.009303632234718395,-0,0.005772320369706133,0.003796138560742797,0.003796138560742797,0.003993753362091565,0.004643807349082134,0.00878874266967398,-0,-0,0.0035933241507815398,0.01986259300359185,0.002584464224470131,0.008606712225085364,0.007228502392555595,0.007717372643216724
saxony,2020,40,2020-09-28,2020.74043715847,2020-10-04,2020.7568306010928,female,-0,0.003073290816637081,-0,-0,-0,-0,-0,-0,0.0028704792259572447,-0,0.0028600786528853693,-0,0.002932882708067575,0.006063553512041092,0.009511669868726874,0.006339186381260658,0.012528309095424985,0.012918404532277994,0.009652095742195298,0.01266354184879604,0.011820943501131212,0.009147604555409257,0.006172766360933059,0.015383875387355223,-0,0.013558167383918133,0.003478916371049182,-0,0.006609620050255059,0.005772320369706133,0.004160166408873586,0.004035356573860712,0.0039001462573153684,0.0019240355948756038,0.005990745073540965,0.01210180809998616,0.006131161439069603,0.008154239309067744,0.012257844643743538,0.008419481575428201,0.010239808142200517,0.0043161791239144645,0.006401594026198965,-0,0.0024440574358006633,0.00775897883421337,0.01582600804926714,0.005210661058478578,0.009574081321230209,0.006125960826174338,0.006089556550493997,0.011950973219418473,0.009740512227448648,-0,0.007020473892650622,0.005085848702057417,0.003203298662611505,0.004784220077497201,0.0032449012419726235,0.0064119953076371364,0.010036968598628295,0.005039044145629613,0.010832728267824117,-0,0.010692299206028544,0.0017160283146203095,0.0017160283146203095,0.0051378538141556625,0.0017004278021459124,0.0049610366452090765,0.01213301537128127,0.005949140297311455,0.009912144657398491,0.002459658171372907,0.0066512253549268294,-0,0.007847392100623672,0.005969942681265255,0.01082752718469552,0.003551721292663989,0.005720314623075404
saxony,2020,40,2020-09-28,2020.74043715847,2020-10-04,2020.7568306010928,male,0.009132001813229757,-0,-0,-0,0.002636466834996906,-0,0.008008616679312571,0.0054238828604055945,0.0027248713922515093,0.002761273312456735,-0,-0,-0,0.008606712225085364,0.006047951695206187,0.009074791798612161,0.0029900859657976397,0.009303632234718395,0.018468479272598842,0.026292646026307712,0.016382580391894143,0.01649181491546561,0.008611913086085164,0.008440284947649665,0.008648319127665926,0.012138216584987522,0.015534720225985062,0.02138159528810311,0.003005686865187052,0.007935805517359338,0.005637105536640755,0.009074791798612161,0.003567322360554648,0.006999671088432016,0.0036817303347937884,0.003619325954004455,0.003738934416303768,0.009241221106812489,0.0018148316689941748,0.00561630328583662,0.007337717688158038,0.005699512338984012,0.005730715768236012,-0,0.002210046963827805,0.004597003190534185,-0,0.00918401097203835,0.004191368914435681,0.0018096314877705962,0.0018304322157966753,-0,0.0018200318507435628,0.0070672802325678265,0.005085848702057417,0.006500406283859512,0.003187697703935032,0.00782138818313564,0.014421599647218522,0.0032553018920135506,0.0067916435039738305,-0,0.005683910631373779,0.005767119792704852,0.005704712909223802,0.007441732468655598,0.003822140465380173,0.0038481423830252345,0.003796138560742797,0.007597755029522502,0.005990745073540965,0.004643807349082134,0.0058555296725085965,0.009095595433007688,0.004071759411460064,0.0035933241507815398,0.007446933213145208,0.012918404532277994,0.0028704792259572447,0.004820623439345829,0.006942463419745264
saxony,2020,41,2020-10-05,2020.75956284153,2020-10-11,2020.775956284153,female,-0,0.012289052008682562,-0,0.0028236766635127155,0.0027560730365790635,0.00843508410381549,0.01118640314079471,-0,0.011493270053125997,0.01464526214970296,0.00858590878627633,0.005985544474694745,0.029341476541735547,0.02426886236600097,0.019030281802415137,0.01584681438479691,0.034461416605112934,0.01937360855865311,0.022531280627817375,0.025330168396754896,0.014780500408604591,0.030501743985632348,0.021605287729002425,0.027692172310554285,0.0408984792996872,0.023733015099274033,0.03132383255288551,0.0310428641123024,0.023145150177944288,0.02599089436591945,0.016642662968114338,0.010083777653838487,0.013651791876088,0.01925916605470958,0.01397427752827598,0.0060531523002996255,0.01635137057016812,0.01019299894652979,0.014301966610554842,0.021053861589138773,0.020476431049993696,0.01726166473174986,0.012803976234156533,0.02202146227260865,0.017105613172310023,0.025876437297627643,0.021105882673285677,0.0208561819440096,0.023935908074983355,0.028592259302643704,0.026391496088921905,0.019919814888100344,0.021433616700117793,0.022578100931440505,0.024570604033717712,0.01187295534942598,0.014421599647218522,0.022338797600260574,0.022702955280536542,0.017630988621446398,0.020081076901403663,0.015113396082826297,0.010832728267824117,0.007244104563595258,0.005345874782669774,0.012008186398478806,0.010312622530319941,0.0034269129180184016,0.01530065083611597,0.00662002137330365,0.00520026001733406,0.005949140297311455,0.004955836149344533,0.004919432692832402,0.013303301564821176,0.0027976752581388934,0.019623302168789433,0.01791708639536092,0.0064952056340352796,0.014208340947757954,0.011675310602655163
saxony,2020,41,2020-10-05,2020.75956284153,2020-10-11,2020.775956284153,male,0.003042088981968304,0.0029380830016271825,-0,-0,0.005273067349034468,0.002636466834996906,0.008008616679312571,0.013558167383918133,0.0027248713922515093,0.005522693260200158,0.008247854072118593,0.011196805379356746,0.013953471941975461,0.028685910867197864,0.02116830804295771,0.018151167563010037,0.008965572854586027,0.031011645490399312,0.015389076926233536,0.008762738281435603,0.019113512323043688,0.021990249066300163,0.01723045438239712,0.03939451861792638,0.02883159141397068,0.024279267221947544,0.027962717051993564,0.024440542755345487,0.015019768959045821,0.026448725158426525,0.020674109251490356,0.01815636937870107,0.017833857789692514,0.024513377031152014,0.02026314751749465,0.005434283946279259,0.007478137690988677,0.009241221106812489,0.012705151997512511,0.013100450070966259,0.00917360913611401,0.009496067017308214,0.007644561889066231,0.017573769255553245,0.013272093591183011,0.011493270053125997,0.009267225734339593,0.022968271767745563,0.02514808003837646,0.01811475486771989,0.025600700849446347,0.014681672415575582,0.016366975478689656,0.015898830260037758,0.006781242146596394,0.017880673863990084,0.009558478451078909,0.015649154533393755,0.01602366857291963,0.011399649447227923,0.015285046247583377,0.012096606889927376,0.013256489611384628,0.015373472311165294,0.01331890555866096,0.009303632234718395,0.01529024777657586,0.009620889959762914,0.005689111200059001,0.011394448307400865,0.0019968383395411833,-0,0.00878874266967398,0.009095595433007688,0.012221436074988719,0.021563670457839468,0.009927747633663777,0.018088745815271322,0.01434357807035207,0.004820623439345829,0.011961375610928578
saxony,2020,42,2020-10-12,2020.77868852459,2020-10-18,2020.795081967213,female,0.00962609092220405,0.00921521649229578,0.0029536838854148113,0.005642306100639183,0.013771423416938579,0.005626704410198463,0.005590300484036865,0.008726332159748081,0.017235656105985493,0.029299853078593948,0.03435214432696426,0.020955021672638508,0.020538855664015032,0.018197983922985494,0.012684346918992246,0.028524622166475024,0.028191640624939417,0.025834816607981623,0.06117236722661607,0.022161921932850572,0.03547609872519775,0.027452845443380468,0.04630060682762218,0.04000338327299791,0.01886902304778601,0.03390465072640886,0.03829129484069351,0.04139287033828267,0.039680736157567675,0.0519947861244904,0.029133359559179166,0.03630867320160507,0.02145442527949567,0.028894026058956992,0.025959678776853377,0.01613810395633775,0.030657835751980618,0.024471757432487577,0.04291770598896189,0.04422400007564283,0.04506191913590638,0.04532214519427977,0.03842659461074213,0.03964430838321295,0.04155940311487037,0.0155243171196172,0.029018895573813784,0.0234624923631118,0.03350919447075348,0.04493701109044341,0.03045491654709628,0.03785417491261456,0.031183348142826493,0.052692287881020816,0.052671466797591125,0.04241289196573671,0.020830171520334454,0.03989930333960604,0.05515443977881336,0.024039956061912178,0.03346756767141887,0.03022598301016301,0.03973277587948891,0.030782709502421277,0.024950384828363172,0.017152428590972393,0.012028991206470531,0.013709006926505778,0.013599778248516077,0.00662002137330365,0.026006502167476627,0.009917345648964796,0.01239307669374335,0.014764895976167997,0.013303301564821176,0.016803914818648753,0.023550932333556117,0.005969942681265255,0.025985691766443362,0.015982055768658562,0.048314838469420286
saxony,2020,42,2020-10-12,2020.77868852459,2020-10-18,2020.795081967213,male,-0,0.0029380830016271825,0.022437640147034817,0.005403080694905341,0.002636466834996906,0.010536267359929925,0.008008616679312571,0.008133436051276975,0.010900342395795225,0.013802631690252734,0.024747487894355522,0.022390819969881008,0.0306994603021415,0.03442499248688489,0.033269840829649726,0.033280247486788594,0.026896154600248367,0.009303632234718395,0.0307879125818611,0.03505981648583682,0.02457580649161621,0.027489264678203274,0.05170329562506108,0.03939451861792638,0.03748470736268477,0.024279267221947544,0.024851537505207227,0.03971716395744708,0.030043877507337415,0.03703718680371008,0.024435340310973965,0.039951343280261994,0.026750479475582293,0.02801474504825408,0.02026314751749465,0.023545729978186686,0.031781710301532415,0.025876437297627643,0.016335765666323752,0.013100450070966259,0.02753088669208184,0.02279659623909453,0.03248934747978929,0.023431278291807554,0.008845952369577362,0.03218235663893203,0.01853610332985628,0.01837484610772913,0.029341476541735547,0.021740544090332155,0.029258229648764095,0.023863074608003174,0.023644574819148775,0.015898830260037758,0.02713027619129514,0.04064868350975094,0.011149995322211734,0.020341177976683764,0.027244736019444875,0.024430137867128703,0.03057458675162237,0.03629826593837576,0.02272896664100186,0.02690655998191206,0.02092901119952365,0.024196028432675102,0.017199244051776783,0.007696569560199222,0.02466424835557219,0.018993868491525404,0.007987813479779884,0.0162577412173633,0.020502441296728256,0.009095595433007688,0.008149038493842695,0.021563670457839468,0.03724533542182389,0.007753778058520413,0.025819208857950006,0.019279973763960682,0.03010111059665254
saxony,2020,43,2020-10-19,2020.7978142076502,2020-10-25,2020.8142076502731,female,0.00962609092220405,0.012289052008682562,0.008866755912421307,0.014114715453538935,0.016523024821490682,0.02250006711548699,0.019576484525562116,0.005819125586151741,0.017235656105985493,0.023436480635720867,0.03435214432696426,0.03293162560639593,0.0234728970577103,0.02426886236600097,0.019030281802415137,0.03169845950189206,0.04386489604021393,0.05168247493762544,0.06761794428102148,0.06651932821980877,0.06209906499281215,0.06407746380161104,0.06483760546511605,0.07695972190358144,0.0849749924781519,0.057653148629555444,0.0696382088081604,0.06555610574597692,0.04960565325528393,0.06355682523840551,0.07077854741006565,0.056492275209413245,0.042912501695682885,0.061661744888013695,0.04593628385530681,0.05649748086196833,0.04906433992784663,0.030590195929035793,0.026563183486388017,0.0716168944784582,0.05735642067097857,0.05612267520981016,0.06619651653806652,0.06168256957150586,0.08070419421908485,0.056945168931505814,0.07390289087328418,0.05476402736665739,0.08620942268384549,0.07151275125027924,0.07311658009134651,0.07573071883312478,0.08969932061265494,0.06964341577690428,0.0719970190313389,0.06787307645034851,0.06411390869625266,0.07184601031463957,0.0697631762019823,0.07375708400249739,0.05690872906082314,0.0671961979297107,0.05237997250494991,0.03984205946503962,0.03743266989050533,0.027447642697634136,0.027499670178551053,0.0394153343858712,0.03571546252184531,0.02813440963721658,0.02773899726122771,0.02578799337195228,0.02726554692435965,0.04185083675721903,0.02661000742044037,0.047622600191105875,0.02944033240023838,0.03982644751018763,0.05414978443857711,0.0355229306856734,0.07398100186509736
saxony,2020,43,2020-10-19,2020.7978142076502,2020-10-25,2020.8142076502731,male,0.006089556550493997,0.01762578685831152,0.0056111027244387535,0.002698870036282934,0.00790460076488041,0.015805201722062442,0.018692159182244678,0.0189834646930983,0.019077098953877037,0.0359027914790993,0.027499670178551053,0.03919156531715321,0.036282655047440146,0.04016991159972564,0.042345236850498014,0.012096606889927376,0.029887787583933713,0.052728724797080476,0.04310506089399719,0.0496785227873878,0.07102848797908111,0.030236389058158404,0.040211543764737526,0.03939451861792638,0.04902270067452132,0.0394569659467587,0.04972016256586938,0.06723264501022512,0.0661236238550237,0.039680736157567675,0.060172801633146936,0.05448813769629809,0.037458688620085674,0.02976811895996069,0.035007781440237876,0.04528571346771252,0.03551772713242403,0.03696953868221401,0.030855552661989652,0.029950223497072753,0.05323884430278651,0.04749768599454951,0.0420485962304584,0.03124578561155328,0.05311391661419813,0.036782205881992124,0.04866876836747826,0.04824717567496483,0.035632205424131064,0.041673894708142555,0.04205900464462071,0.04222553955455039,0.03456028219749018,0.06185437352857571,0.04749248124286842,0.04878327561496959,0.07012766614937,0.0359964562107981,0.043276803483284144,0.039092690919112424,0.06286438402618895,0.04148654495948864,0.04546787235580519,0.030751491036697904,0.024737082944720684,0.031641224654456436,0.028670302261389717,0.017318883754212644,0.022765382567505477,0.030397683068374134,0.033961888065185575,0.03484647312977094,0.041018173540948666,0.01819278210312578,0.05705448869677495,0.025158485070250175,0.02731237149086693,0.03618378618033077,0.03155797407972988,0.04580096454427208,0.06600907841667729
saxony,2020,44,2020-10-26,2020.8169398907103,2020-11-01,2020.8333333333333,female,0.028878417390679725,0.024581008950040974,0.02660480475902166,0.016933956997830492,0.016523024821490682,0.016876738398920378,0.027967919849274787,0.023280410544644137,0.03735461377987083,0.035158683215936286,0.017173235457233083,0.026942978834129074,0.03521592193507238,0.04854385165779853,0.04124195047018165,0.04438013303847859,0.05326487094235708,0.08077710734379996,0.08695426183551405,0.0855375140009148,0.09465850382579384,0.07323634851568807,0.08028754975342273,0.08928260406855472,0.11648036105404025,0.11197246961042369,0.09403337064687806,0.1139110756102228,0.08601149519301902,0.13297788513540204,0.08327704775035202,0.09486167372707782,0.10735033238199182,0.073231141187157,0.08791788076352328,0.12316735217634932,0.07361127754054876,0.08977745533645183,0.10019647007313867,0.06950803475894698,0.094267794708282407,0.08420413953376298,0.08329267275582708,0.09696635222890468,0.11253007199633545,0.10876246375499206,0.10560476172978536,0.10958579051823031,0.09579939125051717,0.10832475103642772,0.1137807906836016,0.1395940025007039,0.12093652221825374,0.1733393883185827,0.14057423963268828,0.1477388742183816,0.1234957300872031,0.11819502582285103,0.12823919789826774,0.12834345479769085,0.09041816450013257,0.1142810865817732,0.09215280697645946,0.08696988794596665,0.06597263219375692,0.0428916845277639,0.05501909647732756,0.0428448459304193,0.047622600191105875,0.05462347961583888,0.09020980293029997,0.06549362706657415,0.07438718091395159,0.03938931467724504,0.06988814389613474,0.0672430584664936,0.04710733106432481,0.04779435770133283,0.0931686154711484,0.08707406213562643,0.1315442433267091
saxony,2020,44,2020-10-26,2020.8169398907103,2020-11-01,2020.8333333333333,male,0.01826560762847452,0.023498908803311888,0.022437640147034817,0.021605287729002425,0.013178469782645783,0.018442470043220166,0.02670365541504032,0.0189834646930983,0.027260344197353025,0.03313975779114117,0.035751887544012456,0.036391931382424234,0.036282655047440146,0.022947462582570632,0.039321663495744605,0.04841373040430754,0.029887787583933713,0.07756381880625966,0.07699617582805317,0.07014849422353175,0.07923032940462019,0.10453139513928247,0.0775742343316421,0.09572645705890168,0.06344749180241327,0.07286662948562998,0.06837813770179602,0.07640770845656222,0.08116250698710627,0.07409556486533744,0.08087085294008828,0.09084009923618519,0.09279875469637772,0.07006518197694529,0.09402295182423276,0.06522288698996709,0.061708600437608986,0.0665609814860068,0.07263750915249105,0.07303847039799351,0.06977359016502424,0.08363121569406655,0.06882592806861972,0.06446273969439509,0.05754382760572149,0.07588694642548015,0.08113646638068879,0.10113949392845292,0.11327007691902237,0.06706082328287484,0.07317386060770309,0.0716168944784582,0.090996372229476,0.07423095782738513,0.09333010480351261,0.09923783351719907,0.11001830283809266,0.08454789686752778,0.07856371875620519,0.09941497154970597,0.08667299265038914,0.08474061030630313,0.0814958279010297,0.06922165299773993,0.0551960839424501,0.059579318652927135,0.051614807761036816,0.059683437984089836,0.04174675312602411,0.051302498856295,0.09194443845589349,0.06738884707321262,0.07326759249784265,0.06977879714733021,0.048897783114607817,0.06471785638349628,0.05463389054731724,0.054285125477477714,0.0631403181410118,0.0626821641870615,0.11161289741114405
saxony,2020,45,2020-11-02,2020.8360655737704,2020-11-08,2020.8524590163934,female,0.025668334182533628,0.021506446764364646,0.032515363736050656,0.022583303190004095,0.030298825389861624,0.02250006711548699,0.0391603418027236,0.03783335976959742,0.03735461377987083,0.041023377644647675,0.03721411307599008,0.0628852091913191,0.0410858269296194,0.04854385165779853,0.06663387478213284,0.09832610318977365,0.11914358807051918,0.0840114280831492,0.08373017481538565,0.1235999774766861,0.1331603514737488,0.12822877221982143,0.11738198623947292,0.15402829720016972,0.10072789577789976,0.11197246961042369,0.10100924099679667,0.13464617263441891,0.09594525994064868,0.13008457591223319,0.11871099984434545,0.09284042901836476,0.12884910372526356,0.11760609203504636,0.11192035754342212,0.12114500694524448,0.1247936249825427,0.13676810312825544,0.14115300533862235,0.12434013995158193,0.11888299232258336,0.1317631969728997,0.16029761676031024,0.11020068862964079,0.1394740811414408,0.1606366614077279,0.1558432970062767,0.16707892975851663,0.14616403000789482,0.15745494476227587,0.18298196886435883,0.16555566551870782,0.15023682096941207,0.20165650799296983,0.15289134683478992,0.14263905489807452,0.15722545141697988,0.14218541421348274,0.1379933358435731,0.16208675423041527,0.14575207531950146,0.10755355187783931,0.1210980978087946,0.1069178422524312,0.07132529396514982,0.06864889420688888,0.09115264569240762,0.04798693497834227,0.07145026541348344,0.06456166234364173,0.06937786103560357,0.06152117849254182,0.04710212635171474,0.08373538319540595,0.04325078184238863,0.05322843365061269,0.06085479482533826,0.08566251961014452,0.10401556179613322,0.09952438063594052,0.1549514357368203
saxony,2020,45,2020-11-02,2020.8360655737704,2020-11-08,2020.8524590163934,male,0.015222627940297821,0.026438319868376768,0.033660091897678726,0.035111851583511704,0.023722610352628317,0.028982475267673936,0.0373858362100598,0.0379738621466557,0.0436202903635261,0.046951189912724935,0.04675861647145219,0.04199134998980875,0.039071875280322396,0.06887799696618647,0.039321663495744605,0.0786939154769413,0.08073544268858682,0.07446008518163734,0.07699617582805317,0.09354889760221918,0.1175227037192161,0.08526146101176234,0.11209232756271632,0.06755546312424515,0.11253007199633545,0.07286662948562998,0.10570897325834329,0.05805920015885821,0.11125332769823502,0.10058722373927664,0.09216843464916423,0.09629951417737304,0.09994638926778619,0.08583961140429322,0.0737258397262326,0.09605466172677338,0.09165272392981481,0.1035778890328724,0.09080884469388252,0.08053232797249253,0.10285365290883798,0.07602234405185379,0.11284796014470609,0.084016636491346,0.09963378995237455,0.11272288916591978,0.12059252424615828,0.10804336623439068,0.08598024355281363,0.08882942861738001,0.10796520405960293,0.12125446176152983,0.09827921463370377,0.11138881744305829,0.10182202462443352,0.12204150079630781,0.11799697654807106,0.12217180642163764,0.11227472062889035,0.08147499528131316,0.11219134086211655,0.11417164644274785,0.08339163123288015,0.09039211925824152,0.07424137268522163,0.07448091499117837,0.07648582321104165,0.08280309148202424,0.07782420756668122,0.07412160194604378,0.0719397398113091,0.09064736319125119,0.08206352000078737,0.0849645754703029,0.0856052253352754,0.11150867405006167,0.08445935309457676,0.10863219172745686,0.09473664600158073,0.0843968516985602,0.14370799399961762
saxony,2020,46,2020-11-09,2020.8551912568305,2020-11-15,2020.8715846994535,female,0.025668334182533628,0.018432066355112433,0.02660480475902166,0.016933956997830492,0.0247891077137147,0.02250006711548699,0.025168890104205904,0.0436567209233051,0.04597792063724117,0.041023377644647675,0.03721411307599008,0.07487147546498492,0.07339256861418945,0.04550950876267479,0.08568856248322218,0.07928240872142116,0.08776161702158079,0.13577751054932846,0.1320968423970391,0.12994903744557604,0.12723834229902434,0.12517413846223166,0.126659731443236,0.12935475756982326,0.13855121732574419,0.13575144257839977,0.14984047902901165,0.11045602981251,0.0992534633193276,0.13297788513540204,0.1103726529618697,0.10900216513837722,0.14057945370939487,0.12532530212421303,0.09991512925168038,0.1150836546392196,0.13093951899808712,0.11020589966165335,0.1472956185415307,0.12434013995158193,0.13120017517394647,0.12959976687120323,0.11108657157385665,0.13447934147597385,0.13212290853596032,0.15285483966617294,0.1796579986214108,0.15400222007838807,0.15096693245182904,0.19023073504382182,0.19520473511737346,0.17354808325184146,0.18346205748004663,0.16013070328438508,0.15641180135389313,0.1613460542829979,0.1813330025940695,0.15178571252269818,0.16075663158169878,0.1476241488572541,0.17091858830032652,0.11933121781769193,0.12833824194775786,0.0960338232735751,0.08560001676796619,0.05834552045105913,0.04469760484195881,0.05313473787478791,0.062942478438428,0.06621734303770525,0.05202601734634378,0.05556567735615705,0.07438718091395159,0.0788084888608465,0.04658165772175836,0.07845956161432799,0.04907474974638778,0.06572792250140694,0.06281752743514266,0.09774781395307955,0.1535745571469822
saxony,2020,46,2020-11-09,2020.8551912568305,2020-11-15,2020.8715846994535,male,0.027400818009318758,0.023498908803311888,0.022437640147034817,0.016205724983095086,0.02636028025937385,0.031615208835539886,0.029372694160960736,0.04340170754085238,0.035439673896214906,0.03866597198938124,0.038504652330522394,0.06440546877294497,0.07817313054989727,0.07462151642382209,0.0786730839797169,0.06052160619411965,0.07774088302148688,0.12105118871466136,0.12633654620004608,0.08184998371316704,0.1175227037192161,0.08801684804296733,0.12647728791389146,0.09572645705890168,0.08076669117686697,0.08502186903929386,0.09948791091495326,0.1100652019805333,0.1082465884386844,0.08468852552269086,0.08463644079124825,0.07629834799742825,0.10352057501523264,0.08759493621442582,0.0737258397262326,0.07791794783962838,0.08416768055589927,0.10542760261052947,0.09080884469388252,0.08990768013701472,0.08814706843446984,0.08743346469198537,0.10901779787567159,0.1074858119576481,0.09963378995237455,0.10811631770352814,0.09273624327602606,0.0873344985228391,0.10696994930637503,0.07975633290126663,0.11162853093332731,0.13228973213444073,0.11103446039466008,0.1131606389077633,0.16641119199605917,0.13181532892930925,0.12119191612401684,0.10649577703984868,0.12512201316343693,0.09452305766594474,0.1360173364950483,0.11590186989068006,0.11944066881619454,0.09616406374306108,0.05329089759494853,0.0688936176456205,0.08031358993472813,0.0750953981263477,0.05882966562273267,0.05320240702927941,0.07994382058236432,0.0836676742957982,0.061536796962160634,0.06977879714733021,0.0856052253352754,0.06471785638349628,0.11181613356609758,0.10086335810068603,0.1119776808199933,0.11095108261655921,0.1375188806010525
saxony,2020,47,2020-11-16,2020.8743169398906,2020-11-22,2020.8907103825136,female,0.016039273383099933,0.018432066355112433,0.032515363736050656,0.01129042562004973,0.016523024821490682,0.02250006711548699,0.03356643137424577,0.07861058953812074,0.08049066351340668,0.08207914464162476,0.04866876836747826,0.10785056641576969,0.07632959381942711,0.0697944180973649,0.09204341339905427,0.10785056641576969,0.10031109084420917,0.14549134619048992,0.1417787052401229,0.18392649525017932,0.17465939787657683,0.14963187922112356,0.14212805762713543,0.14169006396299896,0.14801004425994546,0.13235229112185315,0.15332943485738876,0.10354662683359983,0.11912795228881701,0.13876498658259026,0.12079579550007302,0.13527700779069712,0.13275892637454514,0.13111676505551473,0.141935131391887,0.17575508343412974,0.18012762046043115,0.1572150199253495,0.17803522691576357,0.17289069704827262,0.16610340950818944,0.1425764835338776,0.18599303269831516,0.15876411935093726,0.1811399308491983,0.2203534222828471,0.19818518766776938,0.1879970262337568,0.2133928527300468,0.21893303535184475,0.20539430896651326,0.18553901364366387,0.1795536387887046,0.18655142938527547,0.20043499441632398,0.19367542735837964,0.17169072778990696,0.18059724654073933,0.18190178568476187,0.16208675423041527,0.15245847777091143,0.17151856055913792,0.15005950972790996,0.13958357454544112,0.08381871734672515,0.07036198246468409,0.08770952921194981,0.0668525552836129,0.056133086441447155,0.07615774203077677,0.0572314830897162,0.07343422738638068,0.06446273969439509,0.06402019330448808,0.04990754198165981,0.09528885405739031,0.09425737583866733,0.09762798905972785,0.1018428653973222,0.12621665541093682,0.19422346763011156
saxony,2020,47,2020-11-16,2020.8743169398906,2020-11-22,2020.8907103825136,male,0.033488381066920814,0.023498908803311888,0.030855552661989652,0.021605287729002425,0.02636028025937385,0.015805201722062442,0.024029551253850073,0.0786939154769413,0.08454789686752778,0.08565210246456431,0.08253746952827005,0.04759657637541308,0.07817313054989727,0.08898569556821094,0.10896568876962386,0.11505238552196191,0.14061595226095705,0.1086217699793526,0.12016513599630504,0.13160680141726155,0.1065791476745233,0.060495575922211296,0.10345805070439604,0.09854491701047219,0.08076669117686697,0.112378945525375,0.11504717400424992,0.10088419848935987,0.08116250698710627,0.10853318520480094,0.0978155411888501,0.10357267866502468,0.11245190307720451,0.11039349716199665,0.1327849928453469,0.08335517282468916,0.10850713088806627,0.08506874564269955,0.08717302780911212,0.10678236415654557,0.11204542659196298,0.12930262808016946,0.11476054133428888,0.08792308956300594,0.11514619293014411,0.12423589107824358,0.09737792060649252,0.13566281157498436,0.09647664220075904,0.09789889790781406,0.08965243983473208,0.10470334072411835,0.12379283569817455,0.10785056641576969,0.11201415930162655,0.10738159686812182,0.12438183955943642,0.14099136742109242,0.12351136718230529,0.13531871616991595,0.09687778730773705,0.12283376404102164,0.10426045173518862,0.0846156069132787,0.07995423658446865,0.07448091499117837,0.07839706742933998,0.07316865328542384,0.06642560849285488,0.08173019544793939,0.11795528206002102,0.08134479159718475,0.10553702434821009,0.07281455659399479,0.09376248193655315,0.1007070554518683,0.08445935309457676,0.10863219172745686,0.1148543482159827,0.0916370964120969,0.17079859467925101
saxony,2020,48,2020-11-23,2020.8934426229507,2020-11-29,2020.9098360655737,female,0.016039273383099933,0.036875872197746386,0.05026148272040899,0.028228060377190212,0.008263456549009363,0.028129206823277395,0.06435340435364323,0.07569426579577415,0.06610800400766131,0.09381457580971408,0.04866876836747826,0.10485444488924334,0.10571418384025082,0.12144731128412739,0.15243761670221834,0.17139856555357824,0.16624947554648975,0.2102862225688753,0.19019942070577842,0.19027770658624177,0.21619158940315922,0.21082921680860117,0.14522018928310182,0.15711592085923284,0.20164606758441228,0.17654816547900404,0.17427330465733773,0.13464617263441891,0.14895393562461504,0.1735167789584567,0.2105316134942394,0.16358905131257337,0.18360817228634796,0.22000354395945854,0.22006620856073927,0.2385242203138008,0.19858711815878868,0.22268774537398217,0.20059159711747848,0.19190086039570708,0.20720066103708795,0.2335147346034284,0.21598794489958187,0.21842650969158112,0.24248409275108382,0.19697941483453138,0.25381161975345967,0.2586767349605624,0.2903346146698999,0.2353377345485204,0.24616213356893935,0.24753624113634382,0.21866671712154387,0.22998905644014345,0.2233405390371102,0.2089966339735763,0.22636438618242602,0.24307444257103064,0.23073595793147447,0.23607426554679978,0.22970178949236,0.1698334386673205,0.16997951518352253,0.13050683263078997,0.1016709292707952,0.0944136591020811,0.07394455005431795,0.06342146006582373,0.07655873042109615,0.0695340695427177,0.09541909266102502,0.07145026541348344,0.07687119105055445,0.11085728277599619,0.06655577482590448,0.08126666954319432,0.10212421664883226,0.09961816003593542,0.13004808475184268,0.12443396411627317,0.28113218718387323
saxony,2020,48,2020-11-23,2020.8934426229507,2020-11-29,2020.9098360655737,male,0.015222627940297821,0.029377897099323213,0.03646478239998817,0.02971088623715266,0.031630818325326764,0.03688627957657828,0.07747528692474269,0.05425909832725232,0.07908971550979284,0.07182518156054393,0.10457307886521558,0.07561094466351544,0.09773739438617454,0.11772075118766645,0.13320727149281003,0.12414727970023223,0.14061595226095705,0.14591372803601857,0.1695465038480257,0.15503488409582877,0.14488645964581925,0.14860975225831963,0.11209232756271632,0.12391793330538574,0.10675631071702948,0.13975042208058377,0.15241675564189416,0.12843207332655177,0.16245189188982107,0.13238878389926395,0.1260654891577788,0.1072096424270337,0.10887710340918673,0.12793685407198258,0.12355306612555325,0.13234707787002462,0.10663125438907621,0.12209362300725732,0.12172355644087864,0.1405481692570148,0.1598803340750614,0.13310821816888677,0.12625314388270806,0.1427120549181316,0.1550661772649822,0.15880063066846586,0.13916645804971436,0.14948064488366655,0.1447821695734146,0.13239399715526792,0.1391143187230098,0.12677441056073765,0.14019882748399332,0.15211427120765314,0.15620839082737087,0.1399641962673643,0.17070468682111697,0.14726954479585425,0.13314992480859505,0.13858250057673263,0.15985947002869766,0.15574941615231702,0.1479213923600047,0.1520203970858331,0.09329363942655759,0.09871163292044915,0.08222497484919472,0.08280309148202424,0.07592339959789826,0.09314256885160277,0.07994382058236432,0.09529927313367739,0.10260355932413734,0.10014957983052379,0.12233338585052764,0.1331186448256778,0.09937850190545167,0.11898723046504088,0.1349798365570523,0.10853839606971206,0.20293025356496752
saxony,2020,49,2020-11-30,2020.9125683060108,2020-12-06,2020.9289617486338,female,0.019248762203203453,0.030725475662914902,0.02660480475902166,0.022583303190004095,0.06061531528086447,0.039384110737078704,0.047554938297389535,0.09609633865821655,0.07186163188568351,0.10261919013794547,0.09165272392981481,0.10185328578689877,0.0792667849209013,0.10017041993313384,0.1842500386200988,0.16503922647027325,0.20710668741676558,0.2297383506521281,0.3454525387430971,0.24113623952072788,0.25181553876039997,0.2475832644713206,0.2164370081979298,0.2652147870463497,0.2269075483403435,0.1867497399319644,0.16031326492615044,0.2280722324778189,0.202016703371861,0.25178941255384246,0.21470865792627958,0.2263330500771914,0.21100673538605036,0.2084014500237776,0.23811675714772543,0.2527090629259444,0.22730970090109467,0.23497730828720492,0.26420606510937206,0.2807087055708124,0.22364866049300527,0.29856589259780897,0.2674413617260973,0.30029703236975397,0.26212596455348386,0.30876004963876197,0.2856286244237726,0.28749528292576704,0.2903346146698999,0.28663776201588687,0.2685965002354656,0.24753624113634382,0.31070600609057175,0.27913505720338344,0.2656538223948301,0.27032664256275046,0.21992521331405532,0.2542923627506105,0.2665737180019781,0.29244199058141107,0.25323159879251267,0.2305009178438322,0.27332708627701524,0.15773659707032825,0.14096008272089422,0.10987760566455634,0.11353585590525447,0.08572502252744417,0.10551097153264187,0.10101966121932283,0.09194443845589349,0.10522439142285434,0.11162331975874207,0.08373538319540595,0.11319711821925654,0.11212359490005491,0.108022522976298,0.12954242416527936,0.14090272748608468,0.1903298972386967,0.38225475105431356
saxony,2020,49,2020-11-30,2020.9125683060108,2020-12-06,2020.9289617486338,male,0.03958186082939892,0.047013646317099755,0.033660091897678726,0.04051858201106582,0.0395402291685254,0.06061531528086447,0.05609144152740616,0.08141249747224595,0.06544156155775523,0.08841792789336683,0.12661281733169832,0.14011018889994892,0.13408311961980507,0.11484913671811828,0.16959867369740583,0.1453714112301353,0.19157205022631732,0.2050184285615374,0.20043499441632398,0.15796609267149078,0.2106308144097795,0.20099876634769392,0.1552643677736028,0.15211948644161535,0.15299043785023864,0.1367107525169488,0.18045635827130713,0.16825270832784386,0.1745080907328621,0.1456477835110241,0.1807276989824211,0.13086132240011095,0.14104872275367064,0.14549134619048992,0.11247795937052706,0.13416132106281156,0.157220235670906,0.16841964787646418,0.15447161027132758,0.16495054553349991,0.15803911421154326,0.16739193478635891,0.13965657027619569,0.17600031145881528,0.14175784845544034,0.16110611149209858,0.19493853838363392,0.1609965727600001,0.20574930962160368,0.1887172302755254,0.1666146424372897,0.1470140227800712,0.14019882748399332,0.1662859921201777,0.16981257062707467,0.13670553882814512,0.1627127060734604,0.16609819287154967,0.1540387280525452,0.1679762158793433,0.17007863876750623,0.15401786634988665,0.16501836035389628,0.14045953007748505,0.12760844811450014,0.12668579485682227,0.13008978893723983,0.08858461133857032,0.10632382552796832,0.13692451420785368,0.11995665519788723,0.12090003747697124,0.13195608547267265,0.16093919542099078,0.1264147359940477,0.16194591610412887,0.16905610982223873,0.15525393667536933,0.1148543482159827,0.1302722451416072,0.3006213006087851
saxony,2020,50,2020-12-07,2020.931693989071,2020-12-13,2020.948087431694,female,0.04171552807728913,0.036875872197746386,0.06505107190324856,0.03670415074774868,0.06337460297280029,0.042199518439718905,0.05875157738693126,0.0436567209233051,0.09487730221389973,0.11729338654018102,0.14327520137462008,0.1318518213298903,0.14688365488839836,0.13056417640022028,0.13971913812697076,0.2000173895189402,0.22597790887089267,0.29463835413179656,0.2871763253258649,0.2474996674607611,0.2904391970683577,0.29356107851271984,0.24742652018676095,0.28376726138136216,0.2901149923177739,0.2752664895749602,0.25114148683055865,0.2800447351695675,0.2916889730052573,0.22278696948262855,0.2878717599873702,0.2648280208818747,0.2776137347868272,0.3109780273098333,0.29831485596536694,0.3581952629960668,0.35265593016347874,0.31695762238588293,0.2950148829125653,0.2870612919174046,0.3987215433809898,0.33546576603256695,0.3339794292497649,0.30029703236975397,0.39245485061567165,0.36604453420581995,0.38650323968848194,0.3976892686213349,0.39631642733960465,0.3955619040541157,0.3993293898812137,0.4058537070548273,0.40879384764960236,0.31318563676208094,0.41579110746991976,0.3709934829431698,0.3471695356536423,0.32327801188807076,0.3334351475340545,0.3440339651634357,0.3339846627554564,0.3436047365036417,0.29510901553376523,0.2231473112589672,0.15883192610389713,0.1631821749005791,0.12903676849583418,0.07200222623628529,0.11062278391484544,0.10267650316209351,0.11105009374293454,0.12112415843493007,0.10665730776592988,0.1453922694642397,0.1698856088045736,0.1345783974117479,0.17097075952628585,0.18544507916175798,0.1799867334633974,0.2028049657317276,0.42838854839281226
saxony,2020,50,2020-12-07,2020.931693989071,2020-12-13,2020.948087431694,male,0.027400818009318758,0.03819762597534099,0.022437640147034817,0.04051858201106582,0.04745604799571057,0.06061531528086447,0.06410870228116528,0.0786939154769413,0.076360839660201,0.0994774909993683,0.12110330993297454,0.12888559404427483,0.11730381002638043,0.12634697149911964,0.16656247558160608,0.20302421963799175,0.2035671380513578,0.24237960675536896,0.24679432303488785,0.2224579639545605,0.22433802358237903,0.18169305722242785,0.23019275578293,0.2368264781851088,0.18190178568476187,0.17018297958635994,0.24595314700607152,0.19583630536895474,0.1684822503453709,0.20136417734572212,0.1788387795657372,0.2219357372320305,0.22693888479178856,0.19993386894191276,0.2030033382737554,0.21409774423023586,0.20409962123205988,0.18139562061122164,0.18178176671654608,0.20063335791743994,0.19486024548598985,0.19788765670796082,0.19332572848935267,0.20146858095965625,0.20611475400398102,0.2395376681884757,0.18331594308431798,0.2509115796435261,0.22889745048112858,0.20689785775741146,0.2290071323409596,0.21330408929259065,0.22230651766509094,0.19996518914257397,0.2583370504822163,0.2296756743939833,0.24106310119747584,0.21477653766887989,0.21996176760055824,0.2349929789422743,0.21950745186467752,0.2181810815070173,0.20492445888483232,0.20407873943597585,0.15430993094872195,0.1938789844993465,0.13200821762245488,0.16187810529048177,0.1234331817538287,0.1464456211664168,0.12996988949437566,0.13952100685777963,0.14663334945258671,0.13965657027619569,0.15500359094550734,0.12591432334406633,0.1615859981810608,0.13193523262739154,0.17812914801321428,0.200367133392289,0.3157543240202527
saxony,2020,51,2020-12-14,2020.950819672131,2020-12-20,2020.967213114754,female,0.025668334182533628,0.039951343280261994,0.05617473138884007,0.06212509606741109,0.06337460297280029,0.053457468480018665,0.04476005853964989,0.08443851928755751,0.077615896454034,0.09674754505063159,0.12032149714364589,0.09286126619188291,0.11747579785032625,0.11840871141266739,0.21290204503207133,0.13643964139246664,0.20082128193229176,0.29463835413179656,0.3260198767069594,0.32070372078859266,0.36478773333195863,0.38563884581016533,0.35294387716028996,0.305422799239827,0.2901149923177739,0.34687115102286614,0.28261701415860097,0.26618171504326177,0.2750730687481888,0.356336536387721,0.3401919712868537,0.34392927491972364,0.35608522070582194,0.3768909405924872,0.3807042177410548,0.32977186111979884,0.3670604704467896,0.3538914958078454,0.35051470160157466,0.37815327198223786,0.38840495680041465,0.40498899145729955,0.4285668112355253,0.36899289880136,0.40723204103754973,0.4286035124848834,0.3944720564140884,0.4318438105981981,0.4276702601893382,0.4202572666695071,0.4566246101738278,0.39782550675592443,0.41665076088485475,0.44961660874289455,0.4299457474008758,0.43080039159197736,0.41010412428031046,0.4389962512356378,0.4183543843358429,0.39728579623967025,0.4013783041317649,0.38248523968315623,0.3605148375585299,0.2758990329780041,0.18028416201594707,0.17522810797475563,0.1824705749969435,0.13894747322885093,0.14981961901056598,0.14247741236121736,0.1492772614681726,0.1628900604655541,0.1538561884380671,0.13798812202617186,0.16321347297309022,0.1570429006155718,0.15522785893893729,0.21741869495994837,0.1560988624118932,0.2652304668163934,0.4805669965440138
saxony,2020,51,2020-12-14,2020.950819672131,2020-12-20,2020.967213114754,male,0.03653763351962092,0.052895293881357074,0.03646478239998817,0.0648428119531784,0.05536786646997115,0.06852913634806668,0.06945596523050415,0.09227782848958005,0.06544156155775523,0.11884650902208357,0.12661281733169832,0.12327681124955704,0.12848941480805492,0.14072544806935852,0.09684652913628486,0.13627280447996104,0.17358460495127254,0.273536182884172,0.24679432303488785,0.2371294557940024,0.22433802358237903,0.22031686772101713,0.2446104283735194,0.1803415607043758,0.23978319719221597,0.24024291418899069,0.22099052020141174,0.23263721013849933,0.22275041321004274,0.2066733668089617,0.2429960771648973,0.2128185037576144,0.22873031666338928,0.23860257898100964,0.22334576141945486,0.22318909017718563,0.21723593272262653,0.21292815170786827,0.2455560748505638,0.26078282825477295,0.25936133657484256,0.199792928272362,0.24705033583150782,0.19951104807927109,0.22166418140898406,0.23722870746353752,0.28802339735163707,0.2555308189874332,0.2773209768167402,0.20871470388500632,0.2914693449329272,0.2575427200558184,0.26797972625487654,0.2798094721009695,0.2583370504822163,0.2590686813467174,0.25706717277823116,0.2713616192667568,0.26020272953044427,0.26444125759407183,0.23656006829792708,0.28590051449009474,0.27151320849332805,0.29482661818137823,0.24214973830381809,0.206950065093628,0.17416373818487868,0.16187810529048177,0.15956737425860193,0.16549306657300245,0.1680179504943452,0.15116510733735458,0.17307330349340397,0.22484460682953247,0.22041086521763353,0.21603493971424056,0.18399955325452375,0.17339677934173248,0.2069187406856082,0.2608716727750029,0.38955230737323826
saxony,2020,52,2020-12-21,2020.9699453551912,2020-12-27,2020.9863387978141,female,0.03208869877710804,0.024581008950040974,0.03843179845508518,0.03952461730428584,0.030298825389861624,0.039384110737078704,0.053155559143714726,0.03201065068777843,0.054602657759135295,0.05568019979209666,0.07158565148810259,0.06588412004443844,0.08220414193736,0.04854385165779853,0.07298639733428208,0.11420291503039576,0.1442607223487796,0.258932806264963,0.24513288286472684,0.32707689373932125,0.2399399184390707,0.3027604756296224,0.24742652018676095,0.22194618171508415,0.22375310885850105,0.23099189167958775,0.26513116168595163,0.2280722324778189,0.21861449802063881,0.2633959658043503,0.21888603791797645,0.25672227307801315,0.2893776954910783,0.26450397576964435,0.2641956121347416,0.27703344827186605,0.288917543904511,0.2902980108801324,0.29707015056453207,0.2997635632150103,0.32655884805358404,0.31809816567128485,0.28889662802005844,0.28037410525380757,0.2916053050587971,0.31917071773097716,0.33604147127148964,0.3530590564054708,0.3673903921553428,0.37293653231928053,0.3502634140549245,0.34768255182835117,0.4205822838377513,0.3643059677173753,0.3680502418522272,0.3129554550966329,0.3407206211767428,0.3586089041524006,0.35301717301407254,0.3311272470151382,0.3306196273102509,0.3199502938430172,0.3150846743810134,0.2540676671009201,0.17849961621849572,0.15458113525934858,0.15833120139716422,0.11662107609390848,0.13277456625545705,0.14911038336239463,0.12668579485682227,0.13106984692269555,0.13894225931578735,0.12318820150586357,0.17989802703145813,0.17670469625922552,0.1827836726861362,0.20742515426195388,0.21910535963943814,0.22955032210433246,0.4572436257554486
saxony,2020,52,2020-12-21,2020.9699453551912,2020-12-27,2020.9863387978141,male,0.033488381066920814,0.03819762597534099,0.033660091897678726,0.035111851583511704,0.05009492207266509,0.05798111308005291,0.03471638614710906,0.05154714067249704,0.06816986442643093,0.05247887217108845,0.04675861647145219,0.07000790488484442,0.10612061083790783,0.07462151642382209,0.07564739764245053,0.0998994992506716,0.08073544268858682,0.12726440600262334,0.19116495480198337,0.21365914395152832,0.24353418866580565,0.19272550456969312,0.17830655499345596,0.194458343800432,0.1616590248045837,0.20367676649575728,0.2085163095537828,0.19890031290278273,0.18656186676361508,0.1774769216712001,0.19581542689093098,0.16181029456526355,0.2144058109234628,0.19290296135500068,0.16049061113473773,0.18319592085210554,0.18909299286583123,0.17769085100979548,0.20545695596483535,0.17809262312182295,0.18933306483121823,0.199792928272362,0.2163430178843577,0.16620774235082125,0.230547925776369,0.17954842080257002,0.1879657132408209,0.1886493845416706,0.19943796827864207,0.246919716900232,0.19413473690852986,0.22251540921422314,0.2022255134295995,0.23898392618040973,0.21235380786808175,0.21498539897111857,0.24586432797118815,0.22420223922080235,0.2151368239398222,0.22681353909931273,0.2587394461838172,0.24595314700607152,0.22394111644508907,0.24460520385511847,0.22495428014116012,0.19761100664113476,0.18183394884259815,0.14451101636402697,0.17859875604503617,0.1826427784927068,0.1419820593291745,0.1791205477211221,0.13782649394611857,0.19744919313330866,0.212228497327881,0.16555044893702317,0.1566099969912422,0.2174865782402704,0.20404219631300946,0.21246345483847454,0.39227147215057806
saxony,2020,53,2020-12-28,2020.9890710382513,2021-01-03,2021.0054794520547,female,0.00962609092220405,0.021506446764364646,0.020689715457295654,0.028228060377190212,0.0247891077137147,0.025314560798192203,0.025168890104205904,0.026188593531821215,0.031604802511616535,0.026370685533807756,0.03721411307599008,0.04191849122921623,0.049891927004556955,0.02426886236600097,0.06028733421606248,0.06975796922124632,0.10031109084420917,0.22649495349085366,0.2095813827339276,0.25704104393297217,0.2607253407049242,0.31809816567128485,0.3094714661331969,0.28067210855627606,0.22059363861412468,0.24801692612049006,0.23016664043798235,0.2280722324778189,0.2219305149912933,0.20249174746929752,0.2126200937686754,0.27090685423848754,0.27173275229457905,0.2703109612559555,0.254161725626825,0.23041734829090976,0.26221481136855895,0.1981277692798029,0.26215209595392225,0.19612860494149006,0.32655884805358404,0.2638611180560314,0.2202698690364295,0.2516013042541065,0.2375734778928426,0.25934043257535416,0.2962386202797564,0.3032207497300959,0.2590634553754721,0.3194951036866739,0.27675637681462456,0.33364971945326066,0.2695634911171775,0.29804813087128823,0.2568320136435783,0.2907843204756241,0.28753711357578937,0.28316076422018827,0.27961603437527144,0.23124782668736846,0.2582743397442367,0.27942782538688493,0.2515542772854981,0.1958832819751612,0.1427485549665876,0.14254519788001357,0.11181613356609758,0.09087656289261156,0.09188713725911617,0.11096671593976688,0.11799697654807106,0.12112415843493007,0.09424174753816181,0.13059024177086442,0.11652726602501849,0.08126666954319432,0.13948450907474605,0.14151799603286416,0.16261359652957746,0.19567449738354387,0.35090734082427427
saxony,2020,53,2020-12-28,2020.9890710382513,2021-01-03,2021.0054794520547,male,0.04567605472355983,0.03525755013400977,0.022437640147034817,0.024305279370919582,0.028992881066826102,0.018442470043220166,0.03471638614710906,0.02712507347781689,0.027260344197353025,0.022089090950548597,0.035751887544012456,0.03359244816939151,0.036282655047440146,0.04591026088353061,0.04537419056222851,0.03933207136409338,0.08970973856904488,0.08687613135370353,0.13250868891965067,0.10525565463080908,0.1695308529034151,0.14860975225831963,0.2100095065315896,0.17751866391205548,0.13564717082535396,0.13366604724330797,0.13684109490685664,0.14987176907237032,0.19560664257176286,0.15891016477487424,0.1788387795657372,0.17820219787295083,0.13747195669143208,0.1490008698965253,0.17712211397676403,0.16866484131016055,0.157220235670906,0.14247219809420342,0.15811213585413714,0.13867113655673366,0.17276548157079316,0.12739993747193604,0.1894896341014266,0.1975535888871692,0.1839160584008007,0.12884389082464048,0.1716959449876139,0.18173480284786303,0.17630815253114684,0.14147106851437333,0.1922975230495787,0.17646468258888595,0.20039845385391739,0.18755342725907162,0.2225676322326247,0.18724551960748012,0.19467756251657198,0.18807530879858805,0.18618612246323074,0.20392734666514975,0.1905282221957448,0.21297514375732407,0.1688161314524004,0.1732246064622999,0.17530115375921326,0.17147160595877,0.15116510733735458,0.14451101636402697,0.12533572722054195,0.12930784102678608,0.13397363779717106,0.13020968865656382,0.13195608547267265,0.14877662875747447,0.15909272213161477,0.12231253686374771,0.14167442140036485,0.17339677934173248,0.16086616980835844,0.20278408445553567,0.30488927749739936
saxony,2021,1,2021-01-04,2021.0082191780823,2021-01-10,2021.0246575342467,female,0.03636070954899522,0.03500257793853837,0.02133997819596217,0.0175789710134846,0.03929564383398356,0.030137531686282654,0.04482771679679127,0.03353521123726229,0.04347456837965489,0.05711175152268317,0.05539909971776432,0.051359755348411716,0.07157002999996702,0.07321031187823582,0.07567343550019165,0.0632704762505763,0.11698589463727464,0.165957343880182,0.24586432797118815,0.264378539494139,0.2999413856584953,0.28356858049775086,0.28190596496488746,0.2901986578663548,0.27719028182652455,0.21355471585900276,0.22206629342097978,0.22987414947059626,0.2651207085253578,0.3433901235023742,0.31472369494965025,0.29533911821407044,0.2863135809651898,0.28069302113285893,0.2959771355169741,0.24890516006525265,0.2593299805787612,0.23003084085566256,0.26259110544479247,0.23286181320456034,0.275428545416162,0.25761065573620456,0.29318978966020226,0.28400777083508444,0.21336152444070103,0.247102583495888,0.31551366768845934,0.3036548756265057,0.2738446019144516,0.364258838712142,0.28025908689208795,0.3053548010663233,0.2835528951971674,0.3289398077427742,0.3493053914232725,0.3226815184604098,0.32357626116781807,0.2817752584504286,0.26286287508223694,0.2837254337638377,0.25291807664247,0.2592411386925457,0.26368341895187464,0.19973550810910226,0.16391768458487832,0.13647613703843478,0.12450172611828429,0.11962829963531814,0.14352027627413091,0.12034755738058418,0.13556896714778657,0.08072502652999969,0.11085207167870668,0.1459815180344357,0.1150159049089291,0.1290993235698645,0.24341402736231615,0.17933448382175812,0.16385508761098455,0.2483826676720365,0.38911746376606093
saxony,2021,1,2021-01-04,2021.0082191780823,2021-01-10,2021.0246575342467,male,0.05912119607249507,0.03921238100385531,0.02922180917499083,0.019540070832188793,0.013448939022773868,0.03412319363161541,0.03672496543875819,0.050511324692360714,0.043167512679019124,0.05976152761928274,0.03301487838032596,0.04652961114527556,0.061401437047959806,0.04444258635487082,0.06862285986628827,0.08116771510995811,0.11135233940010536,0.10108739271663736,0.1577939708756642,0.15180135812728626,0.2174865782402704,0.20962837175902677,0.2013380764749942,0.21397242948739453,0.19797117399849595,0.22337709572455428,0.16946303219788506,0.2047678431343489,0.15466979851385038,0.2553688251447105,0.33245650147233174,0.21493318356691588,0.20108228863514693,0.21930901635195105,0.14384878273844506,0.20986853855044715,0.21041674951267467,0.14005804862697102,0.14596065956397072,0.19786677740628453,0.18872244918179346,0.14492817573334885,0.1479266071734676,0.20453814088688993,0.17395504078076285,0.18104600431360035,0.16808576931516056,0.17126813651377235,0.19558054459080443,0.22714779495067827,0.168857866741509,0.1869898010793137,0.25434461769202016,0.22103229738680583,0.21343462381186784,0.20310774517878943,0.24087503169574287,0.19612338529185502,0.21320488327709133,0.2023925620795062,0.1813330025940695,0.16706849629003614,0.1682266240717863,0.20771751898453325,0.17386634463764572,0.16672419300458288,0.15209341027705223,0.14664899350702956,0.13802983257999596,0.12871878136639187,0.14863061179142772,0.11111262718304418,0.12947986855820498,0.17593248231501116,0.12280770255807628,0.14844287629469705,0.16563913089688012,0.1580912725172183,0.20075342040414243,0.2669761774473337,0.29791215389886966
saxony,2021,2,2021-01-11,2021.027397260274,2021-01-17,2021.0438356164384,female,0.02974730705346839,0.0222711685975637,0.02743723720769735,0.032229185633108004,0.025257332976888112,0.019175935300943654,0.02801474504825408,0.025153282554055953,0.03767204269372773,0.017126420019844144,0.037901009014864574,0.017116016595036396,0.03577270185385106,0.03805712299368511,0.05144303763130962,0.047445638501210335,0.07268958186683085,0.12520541366658897,0.13539691947112728,0.17402808477692974,0.19874893520765213,0.14737905461556097,0.16476275110780444,0.18420829097537728,0.17457591801870467,0.15775746026493956,0.15130591626761064,0.15662042836150228,0.17544724563595154,0.1615077554839514,0.23948020412097434,0.1620189432331075,0.15102429878838897,0.14015711519032634,0.1285623949668771,0.1830758988969182,0.1767673087032499,0.17293765293005964,0.15861807433717734,0.18375428750321265,0.13858250057673263,0.15727760890652107,0.17226462267604695,0.17064729876907989,0.14727997429255715,0.1760316172473368,0.2066785875176832,0.18462055043571107,0.15630748816397447,0.2369570717655813,0.17574986582915061,0.22375310885850105,0.22951898407913338,0.24258857895674188,0.26790655016636755,0.1990151514482176,0.1836812298434561,0.1962747553439041,0.18739164504532804,0.21183168260942695,0.19965198798481548,0.2136956938334548,0.16041758615206653,0.15608843114626042,0.10010789965036002,0.07358003335189185,0.08988684414700858,0.07104931641406113,0.0760327592684856,0.08593336612771021,0.090340028813601,0.07019015039688271,0.04834086264457566,0.08804289209517731,0.07998548460330009,0.1222969001291514,0.1774351794638469,0.08858461133857032,0.08186560828984249,0.1654565505561355,0.31555552088354955
saxony,2021,2,2021-01-11,2021.027397260274,2021-01-17,2021.0438356164384,male,0.009329636893456644,0.027145884334841594,0.01460885190932469,0.008372674018343875,0.008065825520937807,0.020996638456688716,0.028852402953970215,0.007972211085594934,0.029674465446346065,0.021724937569143943,0.02475789284607234,0.021891407369930563,0.05023545758403316,0.03332707746968938,0.04573850959640714,0.02103305317005181,0.07220010041074157,0.10703768855455963,0.10311937866052354,0.09816980816729039,0.1213378560619127,0.1166523461544801,0.13414046733317656,0.12216138195959472,0.17318286766828697,0.16390203533434194,0.15457591977849452,0.10381235612649142,0.10002453939026333,0.14705574057443654,0.14749377943594247,0.12809845141561282,0.14665942287927092,0.14967359911575798,0.1297978603418481,0.12140040187496848,0.12505946287385436,0.1288386779245342,0.12376156134339517,0.11245711433482683,0.11576636838628444,0.08984517219204274,0.10995577071396581,0.10121243571269524,0.08592815752753277,0.13019926258303885,0.1265919666290441,0.12955285010710813,0.14258691208934848,0.15342852670766077,0.12159325193880205,0.1245851256265847,0.13254518180681918,0.12227605115700012,0.11728296305607103,0.13987034407714125,0.1571785097211254,0.1236990126902701,0.12623750596309533,0.1602298080960992,0.15161882636663201,0.12050913114108176,0.1419090603339171,0.11144614013367792,0.09760714997602578,0.11044039664282887,0.09690904549798492,0.09380415703090686,0.1064488811165782,0.0916318872405718,0.08991288913582364,0.0781627149045561,0.0838864264430056,0.13037650611725837,0.08183956733132301,0.1272122786084833,0.16941086248459503,0.1347348019050473,0.11384332740764316,0.20314428764507378,0.23647126530550766
saxony,2021,3,2021-01-18,2021.0465753424658,2021-01-24,2021.0630136986301,female,0.009912144657398491,0.041366849640120454,0.024388518335081114,0.011716919960600964,0.016835124911993838,0.024653843422593164,0.016809116499569208,0.011176000904313569,0.02318156639590512,0.025694347026373132,0.02040360242834328,0.025673536750258193,0.0327911368526245,0.017558163984875513,0.021178712278522308,0.0632704762505763,0.06004265127694701,0.12206756189524907,0.0849749924781519,0.12424631595617258,0.09774781395307955,0.10977338578144971,0.08081877203239668,0.12978743435089496,0.11130022795457221,0.09893044836345007,0.09745606686894401,0.09391876371259418,0.10657393700594266,0.1549044960937306,0.14701923750253362,0.09756547183367548,0.10667815047681364,0.10508370721966002,0.09399169536882211,0.11335345841552824,0.10438029191288134,0.1118369783448519,0.11993580716401661,0.09791973710843493,0.13648135070423215,0.10820490176792602,0.11190472393350828,0.10872077667067172,0.10107176236327509,0.12218223088577038,0.14975703900543744,0.126529414571245,0.18501193902371163,0.1866036162979233,0.14505332419673392,0.1382071028069996,0.13160158824017143,0.10354662683359983,0.1583103379723522,0.14610666903292396,0.12068112956683731,0.14471959563036593,0.13928116475249963,0.1318883137560809,0.12066549332280789,0.11431235523522965,0.10125932691373517,0.09613801562306874,0.07642853904628381,0.06280711486508779,0.067399260560762,0.0623802012880515,0.05874116563101736,0.053259665613398524,0.04013348348268534,0.0368394463882409,0.05438923420863379,0.05280680398890015,0.0449786470722601,0.07130446541963337,0.12013386382325597,0.06642040184631297,0.07367376597417606,0.11620935538346447,0.18847716115328061
saxony,2021,3,2021-01-18,2021.0465753424658,2021-01-24,2021.0630136986301,male,0.034222058580943855,0.0211110847845598,0.02922180917499083,0.019540070832188793,0.021516851067584757,0.015747984365178467,0.02098103215876963,0.013287697575658008,0.016184918503956883,0.0190094741930718,0.016502218215392647,0.03010111059665254,0.027900283525187867,0.02221394412551947,0.020003046832517246,0.04507753266268287,0.07220010041074157,0.09811250011008435,0.08490728196443788,0.10114991417708036,0.0930956849693063,0.06094329841436371,0.09386146034017674,0.06104742047666037,0.08514687340894145,0.07058588570803985,0.07128363688245397,0.10075394619718162,0.06059969708801497,0.1140100923727685,0.10531297056087378,0.08473540182559139,0.09410630246384037,0.0836937161698274,0.09995159927229462,0.07722010763901216,0.09059006342376226,0.10454181606763317,0.07754819552210056,0.0834124646204677,0.09521071105178354,0.0861729622999826,0.07391330566541374,0.08018859718340267,0.08592815752753277,0.10148336323567786,0.08282392463381928,0.0878762103864222,0.08274580035762756,0.09031919265036124,0.09798225476040598,0.09157979555399275,0.10306206514824802,0.09122036433886699,0.12083749226575255,0.11937812536027366,0.12275557963136444,0.12852069200643687,0.09306963838629705,0.09057443622540731,0.10872598755438702,0.10155630550227096,0.08229268187029669,0.10567770977784524,0.07806897419036733,0.08329267275582708,0.07218968596173472,0.091850672894044,0.10842375716223132,0.07602234405185379,0.07426220240715245,0.04935581563472113,0.07189287504185603,0.07576196431404192,0.08183956733132301,0.0720490911042908,0.10534944436744323,0.08028234171872994,0.06773249326342556,0.14848981010533632,0.15827382699907053
saxony,2021,4,2021-01-25,2021.0657534246575,2021-01-31,2021.0821917808219,female,0.01983138109312592,0.0222711685975637,0.02133997819596217,0.00878874266967398,0.008419481575428201,0.013698604185383193,0.02241162893230172,0.013969076130917543,0.017386506316479613,0.022838214497025486,0.017490541199373096,0.022822607646395064,0.0327911368526245,0.017558163984875513,0.03025720116039645,0.02529895320431984,0.05687749490627426,0.08134999973828777,0.05978235154179975,0.046555634427008205,0.08246455393518401,0.08953263359427885,0.08081877203239668,0.06334336493423982,0.07216885706997836,0.08345933977305454,0.08064169733642133,0.06607155771540504,0.06529577841038291,0.08893360653242056,0.12969881351219628,0.09341345433256437,0.11473969538355908,0.07392372045962922,0.07287704407021454,0.07156482283829417,0.07224175822762682,0.06300495405266572,0.07111700888536641,0.08158957479303752,0.08184477552198131,0.07960009368340132,0.1076004487973565,0.10872077667067172,0.08567814533242481,0.07327279983002977,0.08515729045330975,0.08431872505918474,0.11197246961042369,0.09321549941920004,0.11028406520454775,0.13006372381744416,0.10764734575916836,0.11724126914052507,0.13000638059989242,0.1091011725539625,0.10536507600666595,0.12540349039766546,0.1072304853593004,0.10743891514151181,0.07075771908354098,0.10589655453604817,0.06579560804578126,0.06346831720107006,0.05275995645974098,0.03588197711718898,0.03109489519046689,0.04504630561381224,0.036277451418165865,0.060136359500577205,0.0602092437912557,0.03332707746968938,0.030210373942077342,0.04777874335877514,0.012491900337300056,0.05771561788922545,0.04573330502080725,0.06642040184631297,0.0654832139606445,0.08266246792573015,0.13401013171243545
saxony,2021,4,2021-01-25,2021.0657534246575,2021-01-31,2021.0821917808219,male,0.015550324889442071,0.033176181009125415,0.01460885190932469,0.01116559866991332,0.032281217898311385,0.01312125531596912,0.023602955915841693,0.029237417946343228,0.018879426823316448,0.013578972812054932,0.01375581928730811,0.019155127633317535,0.019529666924480757,0.0166634696304082,0.020003046832517246,0.024034753657623774,0.027062640956720622,0.05646624695443742,0.06063613954529799,0.07435593625908996,0.050761167864722255,0.0768555679744924,0.05898063654445748,0.05549279957370351,0.07140340108516471,0.04516080488468342,0.053457468480018665,0.039670328219432956,0.04847098371572723,0.06597263219375692,0.09740396934759228,0.07907929968085729,0.0524580511731114,0.060526812250061485,0.05433717981699846,0.06250515124048729,0.08152707684625352,0.044775671975795704,0.05537827755048443,0.0688936176456205,0.05598212378673327,0.056820232338330626,0.05495142495867823,0.05344705778406935,0.035132665637161324,0.06616527680425396,0.041398074479481066,0.07167938051548439,0.04825238050217909,0.07140340108516471,0.07255940017875696,0.08241247143128809,0.07359565544387078,0.06566544361556387,0.05860581299384446,0.08182915095156555,0.07361648490714719,0.061005771626723083,0.09306963838629705,0.08409997109339186,0.0790480522065745,0.07916262637075903,0.07528286900301721,0.05569581650744549,0.05854334266475193,0.0561591145296564,0.04558237255492701,0.0488353244471797,0.07291349513268355,0.05456621952996323,0.06253118251837286,0.059641790226610904,0.05750738731551069,0.05150549943101606,0.04405225435799227,0.05084965427612699,0.1091115943981482,0.04918925788787994,0.04333925547456869,0.06964862274617534,0.1171683048687673
saxony,2021,5,2021-02-01,2021.0849315068492,2021-02-07,2021.1013698630136,female,0.009912144657398491,0.025455029353872036,0.02133997819596217,0.023436480635720867,0.014031492933522608,0.019175935300943654,0.02801474504825408,0.01956087865384955,0.034773624379385075,0.02854543358361907,0.03206788594183193,0.005704712909223802,0.008939568377917506,0.02634467235162405,0.021178712278522308,0.015810403303080256,0.05687749490627426,0.04378683027370379,0.04719060653688801,0.06519164784106478,0.08552188832089341,0.034638334113721636,0.056856672146997765,0.060323776454442805,0.04208502568913833,0.04943909470819803,0.060469545663339,0.03476321742337538,0.07561094466351544,0.05927216784062582,0.11527126973762464,0.07263750915249105,0.05834552045105913,0.06613924370707222,0.07863662887965775,0.04570728215060413,0.06621734303770525,0.06300495405266572,0.06094850451252984,0.0673003325132437,0.04825238050217909,0.048970651654758786,0.07529328407153865,0.07032553319072915,0.06809176216323323,0.07083061826287079,0.06449918485906356,0.05004807698661355,0.07549117076978722,0.10996619272943157,0.07349671560725272,0.07921991354751903,0.061771074569415586,0.06444712034592383,0.08475102726928596,0.08796475997767385,0.06285397144675144,0.06909668690530858,0.07519434100481133,0.06671718153140375,0.0675398428467844,0.05712216295235095,0.06410870228116528,0.06346831720107006,0.0418404283847239,0.05203642775779658,0.034555078740570545,0.036381524102531655,0.032817153259869586,0.036074510282755816,0.035111851583511704,0.024554996663133617,0.028191640624939417,0.022624921277220225,0.03247894098093046,0.04413032052296976,0.054311152640724496,0.03823405273626483,0.0654832139606445,0.053603218442159005,0.10713669222987064
saxony,2021,5,2021-02-01,2021.0849315068492,2021-02-07,2021.1013698630136,male,0.009329636893456644,0.018093947624718002,0.020455622861971112,0.013953471941975461,0.01613810395633775,0.023618563000681193,0.02098103215876963,0.013287697575658008,0.029674465446346065,0.02715628976647721,0.02475789284607234,0.01641899187425904,0.027900283525187867,0.0166634696304082,0.011430856297132374,0.03004908051285659,0.04210584253412989,0.0534939059322579,0.042438913187347625,0.04757575733223368,0.042298398745359116,0.052988989225742245,0.04288648023708342,0.05271831424702876,0.060412279139683035,0.03386822699817294,0.04156981143111535,0.051880271804847534,0.04241289196573671,0.06597263219375692,0.0789647257002702,0.06589453323065644,0.0578926145324956,0.062312520189175706,0.035049409472550266,0.031240582486293054,0.043464159682146945,0.050375993475214376,0.0461444680983624,0.03625143327962272,0.014920940511277144,0.053155559143714726,0.04357345110989112,0.04199134998980875,0.035132665637161324,0.05954287693627384,0.04369835588001018,0.08324579775348112,0.05744491830599985,0.07560573709717888,0.06166695105810345,0.05675776415430596,0.06070902453648832,0.0565391261011929,0.044395746360543206,0.06306742974196511,0.07525683134083712,0.06422324353344092,0.05834552045105913,0.08733970726388515,0.06092247402692298,0.048169103329226276,0.05601335740347587,0.059537670978833404,0.05658597703518425,0.04453626647010809,0.05318158574159428,0.0488353244471797,0.05319720170657942,0.05651830347741156,0.041028581748861724,0.04112225571382718,0.03353521123726229,0.03937890679743894,0.040903683391407354,0.03812997634419002,0.04136164550205281,0.0543684124457266,0.062312520189175706,0.0635880634051986,0.08953263359427885
saxony,2021,6,2021-02-08,2021.1041095890412,2021-02-14,2021.1205479452055,female,0.003302104842938069,0.0222711685975637,0.012195429970057726,0.023436480635720867,0.0056111027244387535,0.008216649132375735,0.005600701603197585,0.011176000904313569,0.020283955628496917,0.005709913479989479,0.014572441694434968,0.011410051728448493,0.008939568377917506,0.0058503290871796815,0.018151167563010037,0.028462187965017663,0.03791141659887134,0.0375315411321785,0.025163687586970677,0.0403468485312164,0.04579575996241541,0.043302825137201316,0.07782420756668122,0.04523887271391622,0.021038255274045806,0.027806633375535787,0.02350931350519697,0.024331291532909555,0.037791729508559475,0.07245004781263735,0.05184383548329646,0.05187506661448893,0.040232359859742786,0.05835072628914353,0.0536917096899088,0.051672064597033836,0.02808238152122697,0.052838035698455764,0.038593117887923384,0.04689914296637783,0.05034996828152198,0.044884966160059284,0.04301138335710295,0.0447392406320852,0.041725936424784116,0.03906667137192396,0.041267971105844625,0.05531581109867697,0.041637465537485985,0.05017299730986679,0.055112795648527294,0.06295809733495329,0.04781517683202685,0.07617857252036499,0.0696746576003342,0.07740237842961475,0.05265585099048706,0.0498034422228637,0.05438402876712825,0.07160127298093684,0.046623295020451726,0.04703966984106788,0.04554073608970957,0.043510998837337195,0.023644574819148775,0.030496540934826247,0.025912855428392206,0.02251567386930727,0.018999070391522415,0.01889503249051205,0.023405266580030695,0.014031492933522608,0.020138299026342812,0.030168749783414453,0.022484460366350763,0.03394107448015803,0.03143830161206648,0.04225676490953954,0.01840605714395244,0.05583636715666009,0.06774290681979354
saxony,2021,6,2021-02-08,2021.1041095890412,2021-02-14,2021.1205479452055,male,0.0031096929807496723,0.027145884334841594,0.020455622861971112,0.019540070832188793,0.013448939022773868,0.010494658946707572,0.023602955915841693,0.005314671584346822,0.021579276930621616,0.01629415261230751,0.00825305489722676,0.01641899187425904,0.0251116624432172,0.030548571466337864,0.01428636232171272,0.018026324142464724,0.018041929553644385,0.032681868084324876,0.05153673035899917,0.038650360387621825,0.053582396993984635,0.04769026217286333,0.04825238050217909,0.03883769991810394,0.027452845443380468,0.03669374340536833,0.035632205424131064,0.030512150088812164,0.030288419329371697,0.03597564181139599,0.04736236262022517,0.04329241647407069,0.03617337894209628,0.0355957804857931,0.035049409472550266,0.04595189764462818,0.032593412582920846,0.039175953557591986,0.022146315285201446,0.032624632154471145,0.027983528244253358,0.03482045570720606,0.037890601432940846,0.026714060758184326,0.02537178868248336,0.04851262252726467,0.03679261324207747,0.046232946654047744,0.04365151655605729,0.037791729508559475,0.030824334152540277,0.04210584253412989,0.027588117015573278,0.04011787144033314,0.04261585783960033,0.03408156634076233,0.06052160619411965,0.051370165626479544,0.05203642775779658,0.0468835288926349,0.032921219019025824,0.04472883168142824,0.04550950876267479,0.0403260323903802,0.025361383607928202,0.030975223788524315,0.037979065945686445,0.035158683215936286,0.02560590341040424,0.02922701209825631,0.013672597341678638,0.010276215323515192,0.019160329549446378,0.030288419329371697,0.028316508453141574,0.05508676808403727,0.048882168440720464,0.036241026027849385,0.056893111981200686,0.05146906337206638,0.053702120434838935
saxony,2021,7,2021-02-15,2021.123287671233,2021-02-21,2021.1397260273973,female,0.009912144657398491,0.015904031850427058,0.024388518335081114,0.023436480635720867,0.02244804463657235,0.024653843422593164,0.011202006499415215,0.011176000904313569,0.02318156639590512,0.01998223883392199,0.037901009014864574,0.00855470364366793,0.014900134546206362,0.020486835147121667,0.01210180809998616,0.02529895320431984,0.022109899792226023,0.0375315411321785,0.022016260070259024,0.06519164784106478,0.048850939107006414,0.034638334113721636,0.0359027914790993,0.04523887271391622,0.036069306674310506,0.03707881646067312,0.04366712965935757,0.05215614763930052,0.04123154221956109,0.04938704527164747,0.0777825452773913,0.04357345110989112,0.08049066351340668,0.04278759881317492,0.06903941087997181,0.05962617232615096,0.04413552493813263,0.05080280851015746,0.026401901369602153,0.048939422267904854,0.05034996828152198,0.057137780100764105,0.06023006789307174,0.04687311951274238,0.05490457549736099,0.02929465014804028,0.061916847835518186,0.06058928496205277,0.054654712416521284,0.06212509606741109,0.06532701762184202,0.03857750630803644,0.06575916197247954,0.03905105964986489,0.05836634380652947,0.07916262637075903,0.07305409232728007,0.04819512743144641,0.0463838810082647,0.045551145202888464,0.06271340182842024,0.052083274635122835,0.03541885971967867,0.043510998837337195,0.021823778949087637,0.02690655998191206,0.03109489519046689,0.03984726345103573,0.024180421174516364,0.029200997487152117,0.028425768048788314,0.024554996663133617,0.028191640624939417,0.03268707135379651,0.03247894098093046,0.03733900257180066,0.05716901441164973,0.02615737782407618,0.01636177384199741,0.05583636715666009,0.061479529263151485
saxony,2021,7,2021-02-15,2021.123287671233,2021-02-21,2021.1397260273973,male,0.015550324889442071,0.027145884334841594,0.008762738281435603,0.0334987877677958,0.04035205256773036,0.01312125531596912,0.02098103215876963,0.023920300894896822,0.029674465446346065,0.0190094741930718,0.011004364302806092,0.02736439883644126,0.02231798866698492,0.0166634696304082,0.020003046832517246,0.02704183013301061,0.027062640956720622,0.04457269767160878,0.03637111682472198,0.04757575733223368,0.045119168757014244,0.06359326976815236,0.04288648023708342,0.03883769991810394,0.052166558076805473,0.03951420939739868,0.038603525610453805,0.03661568840391218,0.0575698564000731,0.047971320577963966,0.0710597306346797,0.052707903699061254,0.059699055901749204,0.062312520189175706,0.03855669087547414,0.04043531722273161,0.05071432217846827,0.044775671975795704,0.049839877114736066,0.032624632154471145,0.05598212378673327,0.06599345860372799,0.049262126836475434,0.04771628603544198,0.03904065183776083,0.030865958835972974,0.039092690919112424,0.04854385165779853,0.039056263556700985,0.05879322443142814,0.05803837692638292,0.04027399207474618,0.04414593377002679,0.051063063299592794,0.04972536754052117,0.04942347987176363,0.05233833059653209,0.03691750172557168,0.0394153343858712,0.048502212821254484,0.034570689112885765,0.05677858687397599,0.03500257793853837,0.048007754186143996,0.031214566867818642,0.02710426262912664,0.036079713891716075,0.027343587891964963,0.021667713698207417,0.023379254881271315,0.019534868878077465,0.0328952025597092,0.023951515259748424,0.018171974828907887,0.031464317342481514,0.025418611543743832,0.060172801633146936,0.0543684124457266,0.03792182418496114,0.036324284100357374,0.05594047899359835
saxony,2021,8,2021-02-22,2021.1424657534246,2021-02-28,2021.158904109589,female,0.01983138109312592,0.028633882199400405,0.03353521123726229,0.023436480635720867,0.04491098861874011,0.027395615268772138,0.03642315323459947,0.044723627206883984,0.026079338636698868,0.03711524243786269,0.029148968303981775,0.022822607646395064,0.023847467449782493,0.017558163984875513,0.018151167563010037,0.015810403303080256,0.050558170195738876,0.04378683027370379,0.0629320658433527,0.046555634427008205,0.05801755370224043,0.03752633737792696,0.047877634274138166,0.06334336493423982,0.054118551941168436,0.07108576619535387,0.03022598301016301,0.06607155771540504,0.04123154221956109,0.07245004781263735,0.06336939663173415,0.09341345433256437,0.07848039302601426,0.06224483917839078,0.05944396383408716,0.04173114059930998,0.05818934555078372,0.06504065888593533,0.06298412883957963,0.05097978162525814,0.08394371882410427,0.07347067883943317,0.045166009402983244,0.06819069171642961,0.05930340343358489,0.04150736156489537,0.061916847835518186,0.06586329367825826,0.07288225136328612,0.07408515003670413,0.06941430964529005,0.06295809733495329,0.07174186662759152,0.06054243042102582,0.06402019330448808,0.061562827755291004,0.06625378943214699,0.07230945225123998,0.07839706742933998,0.043927348737796176,0.07558490683705942,0.05544594962462607,0.03710483501320564,0.05621117074516503,0.021823778949087637,0.03767724646256034,0.036282655047440146,0.01905108942008456,0.029362288285803326,0.025767183058360264,0.025080447381949242,0.01753735696458627,0.02617818829382411,0.022624921277220225,0.03747950361312576,0.01697036886627717,0.051453447926050395,0.024144004257039185,0.03272869752833626,0.03349358441710086,0.049402660097141095
saxony,2021,8,2021-02-22,2021.1424657534246,2021-02-28,2021.158904109589,male,0.031110504524071252,0.033176181009125415,0.04676382114968025,0.041876857697568645,0.053811433382442334,0.03412319363161541,0.03672496543875819,0.023920300894896822,0.032369672868652374,0.04889257822279298,0.03026240418725459,0.0410493981709377,0.013948270546703915,0.013885853843992468,0.017147226875703747,0.024034753657623774,0.027062640956720622,0.050516529746210785,0.05153673035899917,0.07435593625908996,0.033831803295450234,0.052988989225742245,0.04288648023708342,0.04993877194993827,0.052166558076805473,0.05646104130500911,0.04454147092590018,0.04271994321041873,0.05150549943101606,0.059974973220461504,0.0578926145324956,0.05459224683391008,0.050651861329107026,0.06943513743372597,0.05609144152740616,0.05882445973669459,0.059771939579495954,0.06904982469806735,0.0461444680983624,0.0688936176456205,0.06158365239916939,0.049485939245646246,0.05684626077048635,0.066816108469504365,0.04880409514160422,0.04189247026803308,0.04599873904071044,0.0693622402107033,0.05514923426070085,0.07140340108516471,0.04896544675564446,0.05492539747495894,0.047825586400502496,0.04011787144033314,0.05860581299384446,0.06476992116770877,0.044156342604004487,0.07386123172562513,0.05203642775779658,0.0565911826971255,0.0510370377620362,0.053332540266194946,0.04901229086639981,0.03648039334560602,0.04292291028276753,0.042600245051943264,0.03418043121094688,0.03320219760901483,0.02757771149752676,0.01948284936555682,0.039071875280322396,0.014390391002423017,0.014369585249631773,0.03937890679743894,0.012580321651257461,0.03389424394430867,0.045124373271146836,0.04918925788787994,0.010832728267824117,0.024211635695512428,0.0384057792385892
saxony,2021,9,2021-03-01,2021.1616438356164,2021-03-07,2021.1780821917807,female,0.009912144657398491,0.050917320457034294,0.05183863029659091,0.026370685533807756,0.0505269398554624,0.0575490333635472,0.05323884430278651,0.04751850500646601,0.055071151551591854,0.08568856248322218,0.05539909971776432,0.039940935287964406,0.026828519670183897,0.014634859221278308,0.042360849561590086,0.02529895320431984,0.03475281046944847,0.05317638042097855,0.04719060653688801,0.06830003512577844,0.0519062977644388,0.0750797755837966,0.044884966160059284,0.054290330909082585,0.036069306674310506,0.030897177370417774,0.04366712965935757,0.04867397323689687,0.06873220418438682,0.05268187733826386,0.08931385769352534,0.09548681686382582,0.08049066351340668,0.08171457091194595,0.06903941087997181,0.08151145237129716,0.05818934555078372,0.07113783735579747,0.07314782400153301,0.036698947076301024,0.07764714306773321,0.057137780100764105,0.07314261668186686,0.08312079795379766,0.061500353873676805,0.05128167832933688,0.07740758617587419,0.07904284429601571,0.06767521874068154,0.09082447196268856,0.06532701762184202,0.07109097330904951,0.06974755526133275,0.08399580286170043,0.07532452928961915,0.04924130712645536,0.04756014305531625,0.07230945225123998,0.0463838810082647,0.073231141187157,0.046623295020451726,0.0369539275897547,0.055669788651134415,0.039883691367567725,0.05458183591076922,0.03408676975029946,0.017272068185691096,0.020783352790503123,0.027634941872547066,0.025767183058360264,0.035111851583511704,0.03332707746968938,0.02416481392104775,0.02011228896174468,0.009990159585554366,0.030548571466337864,0.054311152640724496,0.02615737782407618,0.02250006711548699,0.05583636715666009,0.045826987461351866
saxony,2021,9,2021-03-01,2021.1616438356164,2021-03-07,2021.1780821917807,male,0.0031096929807496723,0.03921238100385531,0.026297848656494666,0.03628785867722936,0.04304260918398527,0.041996554190897345,0.034097176570930005,0.06913313531791078,0.059365874675785524,0.10055075327286679,0.06054243042102582,0.02736439883644126,0.027900283525187867,0.008331067336315315,0.025720359883225498,0.02103305317005181,0.021048659483589287,0.041601036392344484,0.03637111682472198,0.04459871997402092,0.042298398745359116,0.04504110110749318,0.024117992188736462,0.03329065414601013,0.02470586810830804,0.025397801377977258,0.03266105501163332,0.039670328219432956,0.06362971432344736,0.06597263219375692,0.09213717930845708,0.06589453323065644,0.047029260429918965,0.062312520189175706,0.07713678406181819,0.05330651359276082,0.05071432217846827,0.057845762421236395,0.04799213977951416,0.048944627164408505,0.05785096820929488,0.056820232338330626,0.05874116563101736,0.05153673035899917,0.046852300759208605,0.03307211473972203,0.05520128946524677,0.057798910352190994,0.07354358182218294,0.06929975695801562,0.07074209784411946,0.043937757528019816,0.06622775629065258,0.06748777528912685,0.04972536754052117,0.05794987828136857,0.04088807111781513,0.04012827946804521,0.04099215303028327,0.06306222343165366,0.05268708260937892,0.04645154137822887,0.024497769677749897,0.0384057792385892,0.03511705509614594,0.048408525560937506,0.04178318237324341,0.04297495324944232,0.031516348842353034,0.023379254881271315,0.039071875280322396,0.028784765479428376,0.016767503066751895,0.021199520755890815,0.0534939059322579,0.04237125803825378,0.05264544045502487,0.01811475486771989,0.056893111981200686,0.03329585747640478,0.043625494727648664
saxony,2021,10,2021-03-08,2021.1808219178083,2021-03-14,2021.1972602739727,female,0.009912144657398491,0.060469545663339,0.030486134834770095,0.04981905717339565,0.0505269398554624,0.06851872263424665,0.05884528328396243,0.07828770278633788,0.06957051826190214,0.09712785335583277,0.06707123670473458,0.06563420420079337,0.01788587565262237,0.0409817448296617,0.03933727529904606,0.044281248774252845,0.03475281046944847,0.07508498309746073,0.07867829185324353,0.07140340108516471,0.08857940247281733,0.0750797755837966,0.07183038874828279,0.06334336493423982,0.09925867325441057,0.08345933977305454,0.06383276302765013,0.04519723652373852,0.08592815752753277,0.06915396299372702,0.13258688799494597,0.07887098354028188,0.10667815047681364,0.1089761105866559,0.09207466868340211,0.0854906369749311,0.062203189369382995,0.1118369783448519,0.11993580716401661,0.0856729367578116,0.08394371882410427,0.09389792611531682,0.0817562363516868,0.08312079795379766,0.08128229394460079,0.07083061826287079,0.12132221962040059,0.10805378786657287,0.09894086816941755,0.09321549941920004,0.10210858598380874,0.07718886128191588,0.06376508003815348,0.07226779438012423,0.08475102726928596,0.08620421405601666,0.07815229926130121,0.0964349649645036,0.07519434100481133,0.06997145585907838,0.08041254274260168,0.08234476425421307,0.06579560804578126,0.05076637294357521,0.05094334593467349,0.03947257779068166,0.029367491223124625,0.01905108942008456,0.04491619311203666,0.053259665613398524,0.03009590758592735,0.019290377621711437,0.04028440013370653,0.035200311369057435,0.029981441481754627,0.04073194863973225,0.03143830161206648,0.02615737782407618,0.040914091576404334,0.053603218442159005,0.04605078508584807
saxony,2021,10,2021-03-08,2021.1808219178083,2021-03-14,2021.1972602739727,male,0.015550324889442071,0.03921238100385531,0.03507022350120618,0.08099063922572522,0.04573330502080725,0.06563941076862138,0.1286458009880925,0.09574729538892653,0.07286662948562998,0.08423018167645825,0.07430906931200093,0.032837966395039796,0.036277451418165865,0.02221394412551947,0.03143830161206648,0.05108908885018071,0.030069892540127745,0.07430906931200093,0.06670156150574652,0.04757575733223368,0.045119168757014244,0.05829346209885065,0.0509329357420536,0.06104742047666037,0.052166558076805473,0.06493652882749508,0.09507005393761044,0.057986318881661544,0.04847098371572723,0.08398017764494681,0.08950137983781684,0.056476658254863206,0.0524580511731114,0.07834498899922851,0.07363210701008287,0.0809021015097352,0.08877733973812384,0.08399059445559036,0.08309475636668727,0.0688936176456205,0.10268171344015156,0.0678262153458128,0.07770442857494432,0.07254898565779008,0.0722469654570811,0.04851262252726467,0.08052191185459139,0.08093335009816625,0.06204700288271908,0.09452305766594474,0.07255940017875696,0.06592056620532166,0.06991417887021503,0.08939720078528199,0.05860581299384446,0.06306742974196511,0.06543114846224601,0.07707429146653796,0.06781580177276138,0.058210168843719795,0.07080978991549519,0.05505553502384215,0.06477512764899426,0.06145870466096587,0.062447882475018396,0.0561591145296564,0.03418043121094688,0.04297495324944232,0.03546048808108249,0.04676902582842347,0.03712044615096944,0.04523887271391622,0.03833292550167652,0.030288419329371697,0.025168890104205904,0.03389424394430867,0.030075095548244155,0.04401061911792387,0.05146906337206638,0.0635880634051986,0.045119168757014244
saxony,2021,11,2021-03-15,2021.2,2021-03-21,2021.2164383561644,female,0.016523024821490682,0.11463546575526194,0.048788480495843896,0.07620981827039307,0.09266852265543786,0.08223018307845462,0.07006518197694529,0.09787805871554454,0.08407913743036431,0.12572666984184772,0.1137807906836016,0.0913453836101648,0.09246536132285237,0.07613691154953875,0.07869912335255423,0.08543334288944987,0.12648250057727828,0.11580284952580908,0.12594038638404215,0.09315819682176571,0.0916370964120969,0.10398950974283025,0.09279875469637772,0.1025931387842108,0.15347546501843268,0.10512018086542002,0.067190991206005,0.10087898839141127,0.11690250731599373,0.10871556578748437,0.12104597659569992,0.12250539031041706,0.12884910372526356,0.12456427573696822,0.1112741722513835,0.14123121741457628,0.10839770290032491,0.14237834137730865,0.1525054152060669,0.11630316487883224,0.13438028572889327,0.14091315570589058,0.13776392837258875,0.11725690435494007,0.12307353029698988,0.12218223088577038,0.09031919265036124,0.1027807088223877,0.1015458851722067,0.1482707860181013,0.10210858598380874,0.11989411112135652,0.09966504979935248,0.14659163199708958,0.1413250720610057,0.10029025068522221,0.10196270000352309,0.09965462984827185,0.08640735092804583,0.09928993287588751,0.09328843008908339,0.10589655453604817,0.0826780927465368,0.06165653871843941,0.05640377919566345,0.048444959475450765,0.058756783265667085,0.05717942585278269,0.055284577900910174,0.06873741106241538,0.0451503958496407,0.05789782032524452,0.04834086264457566,0.050292712901256656,0.03497656043786869,0.050922525551517786,0.06575395539266125,0.05635172278733789,0.04910077430186073,0.04243370894198143,0.06170339426334358
saxony,2021,11,2021-03-15,2021.2,2021-03-21,2021.2164383561644,male,0.02488275242906322,0.06637874869272248,0.07893868619443607,0.07540264241695518,0.0780429351330855,0.11032054249811289,0.08660527992562575,0.1063967745847782,0.11068531684108858,0.09239243180732362,0.12942773894313434,0.11502632793861349,0.0781627149045561,0.06667552814008557,0.08578752551987691,0.09621095039193676,0.09628909490066892,0.10108739271663736,0.12437662710662299,0.11604258336512399,0.09591921193025468,0.09276749897680554,0.10191580816820976,0.07770963635145964,0.09339261693777508,0.0847145679079729,0.10994013769468657,0.07630876326934176,0.07272603279789244,0.08098022301601938,0.12112415843493007,0.09604424249913039,0.110409130317578,0.10686573525070166,0.08766785900181157,0.09010562245846558,0.0960338232735751,0.09706533673106747,0.10712106005807615,0.11427066370146606,0.09707575616330891,0.09901901678072361,0.12324553720512857,0.09738834010136774,0.10156672583442335,0.10148336323567786,0.07591819200027645,0.14113736293754456,0.09194443845589349,0.09452305766594474,0.09616406374306108,0.10441155461335429,0.10859050474757212,0.1040051409732446,0.09238201331345486,0.0869490531330772,0.10145731245097198,0.08511041377008326,0.10728259272653207,0.08248017869652209,0.10542760261052947,0.060219655841121315,0.07002873291103127,0.07875641001868586,0.08588128014939007,0.05810084664883616,0.04938184033085439,0.056653650681028414,0.04333925547456869,0.072121992094034,0.06448356549965097,0.059641790226610904,0.0479192726105557,0.05453498678243232,0.05034996828152198,0.046607681029531826,0.08652194130850725,0.06473347581328352,0.06773249326342556,0.06661825478150546,0.06265613283359997
saxony,2021,12,2021-03-22,2021.2191780821918,2021-03-28,2021.2356164383561,female,0.04297495324944232,0.07321031187823582,0.10678757484601176,0.03809354965617889,0.08423539010656583,0.11790316399697132,0.10653225167607122,0.12867707828053274,0.22645317191649236,0.1486201820238277,0.12254708844698266,0.1284998405387586,0.13128879857137524,0.09665898050212324,0.13325419155421336,0.09810208047010466,0.16131997349122154,0.1879187437867746,0.13539691947112728,0.1273582354437527,0.1558745906619302,0.09531490175201943,0.12576837056159731,0.12676398517596799,0.1082882751428616,0.09583585838469176,0.1311063388001181,0.1391977416708345,0.11345768547417273,0.14500117896705325,0.17589595896653437,0.13082483069463233,0.18733423857434542,0.163552536632746,0.1689256866577595,0.18905646027261258,0.16268662459622593,0.18516327673416533,0.17694992876226984,0.16534700265940216,0.15540518780455134,0.1736419962450622,0.16795013176197957,0.1578304815120182,0.1737046050014404,0.13686194971956145,0.15751753403223,0.1872663946448902,0.14325955833514006,0.20817695258403346,0.13277977955013776,0.12395963257466162,0.1615547010880942,0.14854717370920148,0.11869015230988152,0.12671707097037313,0.1291879433868893,0.15921790468950958,0.15531130774154467,0.10092066918963405,0.13355656629878188,0.11599567883133631,0.11139402859413719,0.09069424486616537,0.07642853904628381,0.07896993360299948,0.07086186079958542,0.05024586763702163,0.07949072651020846,0.08765223268162159,0.055190878420168746,0.049121593955608694,0.06849789521286305,0.06035501267909344,0.027478859179937688,0.05431635807494059,0.07719406900679761,0.05635172278733789,0.05524293366640308,0.07595464519459842,0.05902228377241519
saxony,2021,12,2021-03-22,2021.2191780821918,2021-03-28,2021.2356164383561,male,0.040445725313982044,0.04826799498695923,0.10234825669709116,0.08378746702433011,0.0861260847011509,0.11294697488291956,0.14967881410493789,0.1410278662617761,0.18641574365750901,0.14137199944774181,0.17079859467925101,0.08487603098784396,0.11169627625041882,0.10005058945718732,0.08865232664080026,0.10825179927487606,0.14751985329406034,0.1576635759550871,0.1274155757411298,0.14583550891688984,0.1580808408518979,0.13257646144477833,0.12070718998400332,0.10549012928958304,0.12088961326987721,0.13277977955013776,0.11589144668549807,0.14050124261373778,0.08789183677392477,0.15306866773265898,0.17651685937950132,0.11866930478377564,0.12128052246603549,0.12826526210352562,0.13155466966990811,0.13245134300584152,0.141392856077664,0.1176217273591557,0.1700212514063815,0.15060187542921963,0.1494232802500375,0.13757623210365388,0.13843129837130452,0.13563153008043385,0.13090302723773295,0.10369251725767131,0.14733733656181128,0.17590117658617227,0.15640658568943,0.13027745818542782,0.11614681581391106,0.11541719305992836,0.13069971647025416,0.1021815291274359,0.12973530442749112,0.11084164948568857,0.11128459453109116,0.11887256851982947,0.11517746210380522,0.11000266980001408,0.1186223978805995,0.11016942244851428,0.10683447107472673,0.1076004487973565,0.09565352296957634,0.06584767390909986,0.0626821641870615,0.06838334454437123,0.09066299041152816,0.07016932230603598,0.08795434237087629,0.06992979986091885,0.06949241389494241,0.04544184961843478,0.031464317342481514,0.06356723795858478,0.0978155411888501,0.06214071471842075,0.056893111981200686,0.09389271671730506,0.06526974574850582
saxony,2021,13,2021-03-29,2021.2383561643835,2021-04-04,2021.2547945205479,female,0.03305130151083315,0.04773190035924526,0.06709727026851031,0.0175789710134846,0.06737843358774864,0.06577478171505072,0.07567343550019165,0.09227782848958005,0.12181216368880084,0.08283434121284676,0.09918052428293432,0.06849268835882347,0.06560296480479016,0.08786058400362123,0.10294222800852347,0.06960176004153494,0.09166835145222346,0.11893511136769003,0.11648036105404025,0.1460180203778793,0.11915922385692868,0.12423067864006572,0.18576863198045554,0.150946071981497,0.1474520612901582,0.09274145255818272,0.11764257446527729,0.12177567833313736,0.13755537700448126,0.14170049234070067,0.1441303613596514,0.20156254439141455,0.17119509639438352,0.16550349972538198,0.1304859803666746,0.133264618240274,0.17475853038187525,0.1749724485372082,0.16880048072761553,0.15512876365977923,0.1701308091507624,0.14295712716355322,0.1744193936464062,0.1578304815120182,0.1340726927696229,0.12218223088577038,0.17562464346664047,0.17141421706034263,0.11457813954875325,0.1794127533467804,0.18189134924174621,0.18503803170098526,0.15156667455270592,0.1505080040376367,0.14321262924494674,0.10733991089079237,0.11727775131480246,0.1350632528722375,0.1488965715720305,0.12862494947024677,0.11100319371220553,0.13114283070315522,0.10125932691373517,0.10703768855455963,0.09282480114370856,0.0663995752653471,0.07259064375417251,0.07104931641406113,0.06393168447846136,0.06529577841038291,0.06690462220522876,0.06667552814008557,0.052374767264576905,0.06035501267909344,0.07248129132234987,0.04413032052296976,0.07147630116968709,0.06038104288063264,0.05524293366640308,0.0670139629103154,0.044484221940807325
saxony,2021,13,2021-03-29,2021.2383561643835,2021-04-04,2021.2547945205479,male,0.02488275242906322,0.06939348186520214,0.058460049009363406,0.05304624757486168,0.06188561067266464,0.0866625753023792,0.0787251627384252,0.13303523162989409,0.09987865925663846,0.0760744201558737,0.10185849598247303,0.06843541299876393,0.11169627625041882,0.06945596523050415,0.07148150832249557,0.08116771510995811,0.09628909490066892,0.12787951319979604,0.13044948892459632,0.11008604605741888,0.14960058932211381,0.14320220056398808,0.1314504063319983,0.14996563931540996,0.0768972295210964,0.11863803351028823,0.10101966121932283,0.11909668073951128,0.13948450907474605,0.14705574057443654,0.17651685937950132,0.12621144277419916,0.13578272414508583,0.09795099592502512,0.1403343926694882,0.11956054398364828,0.11417164644274785,0.1456686418559814,0.10897089967788169,0.13061630715457984,0.13072578190884465,0.14492817573334885,0.14222712813420144,0.14711310259633426,0.09961295006482919,0.14125207398803238,0.12889601985441068,0.15736106099859745,0.14028225217170714,0.15342852670766077,0.13795162531902394,0.10807984195616922,0.13991727015108202,0.15517048796483002,0.1475354976152019,0.11084164948568857,0.13586614174824205,0.1462161764036879,0.11991495913850445,0.11486477121328424,0.10707416357090015,0.11533901980062573,0.10858529387743922,0.11144614013367792,0.07806897419036733,0.08523541835258662,0.07789190885796723,0.08011568488388261,0.06897172111318853,0.06431695929114177,0.04493701109044341,0.06992979986091885,0.05750738731551069,0.06059969708801497,0.0534939059322579,0.07628793272760086,0.07899076521914389,0.06732636619170972,0.062312520189175706,0.05752821033535973,0.056684884701124
saxony,2021,14,2021-04-05,2021.2575342465752,2021-04-11,2021.2739726027398,female,0.009912144657398491,0.041366849640120454,0.05183863029659091,0.04981905717339565,0.0505269398554624,0.04383887410502002,0.05884528328396243,0.05870472450173285,0.05217176329633662,0.07139819394017767,0.06707123670473458,0.09420007209310241,0.09246536132285237,0.0995869002171453,0.11203500415976185,0.10443760687810309,0.10432818745386038,0.15968734196562293,0.18901992770505413,0.183368126749949,0.16812228717838817,0.14448494401456297,0.15276096420741156,0.1448968886645642,0.13539691947112728,0.13607468634159361,0.1344689145463424,0.1252575390489795,0.1513319920372762,0.16480969965064504,0.19322656058137247,0.1620189432331075,0.17119509639438352,0.1811086219851462,0.17661599542591463,0.1691239299970443,0.1465968466771993,0.144411941505601,0.12400654429257649,0.18989149738611102,0.17854657716540526,0.15727760890652107,0.20462688936221538,0.16423588703396527,0.14287891249165463,0.17358460495127254,0.22738804267098225,0.20311818588082253,0.14325955833514006,0.19858711815878868,0.167564088354768,0.1524532625029507,0.1615547010880942,0.14854717370920148,0.18285672908486952,0.15492014263672307,0.15812778336231664,0.14955365450890465,0.1472956185415307,0.1400371925324185,0.14161185119690134,0.13451062227741295,0.10970564296944152,0.10340073681884099,0.08917842545432338,0.08974620143284337,0.1054588659406582,0.08145937082200577,0.0760327592684856,0.10141563122259292,0.07694930650129,0.08424059853718932,0.0805948247237091,0.07042446699375104,0.05497745245543081,0.064509597767947,0.08005839672026445,0.08656881926420214,0.0654832139606445,0.09831568350699259,0.05790302611850882
saxony,2021,14,2021-04-05,2021.2575342465752,2021-04-11,2021.2739726027398,male,0.040445725313982044,0.030158343748954774,0.040914091576404334,0.07540264241695518,0.06996624885748641,0.0630101603572375,0.07084623952888461,0.07977716483245136,0.062062621510272795,0.09239243180732362,0.06880510052419161,0.09035565594151702,0.09213197008683524,0.07223655099868821,0.060037445269477435,0.10524002302447934,0.08424580696834029,0.1546802294949075,0.20644365614400031,0.2054830589030811,0.16373511028830298,0.1352352994449261,0.1180230356200763,0.14440672704459975,0.09339261693777508,0.1582425318995269,0.13969306817999588,0.14050124261373778,0.14555392106222828,0.15006472475579233,0.16860223862143345,0.16206067306714134,0.11584454228803696,0.10864782435352666,0.10696994930637503,0.13429165706250287,0.14502203705265063,0.13444806069335186,0.1441095036317172,0.125168925929998,0.1512954859634045,0.11737677448827967,0.1023638874341574,0.14137199944774181,0.13285797903311397,0.12799419500739945,0.13580879213169617,0.1504037026901864,0.17483679301954724,0.18500672048983038,0.13795162531902394,0.14660206135782622,0.13439071264075308,0.16797099905482613,0.10838728119921638,0.14841158711113625,0.12931305397391948,0.12852069200643687,0.14361934943369278,0.1569907433614549,0.12686823911772233,0.12395963257466162,0.1191071045871903,0.0999099192508202,0.11323880889230255,0.10074352602790167,0.07789190885796723,0.09771655525862807,0.09855533673918684,0.08967848470613664,0.06448356549965097,0.06787307645034851,0.08628234352827098,0.05453498678243232,0.0534939059322579,0.09750295468278462,0.08652194130850725,0.10101966121932283,0.04876245609667059,0.0635880634051986,0.062281282788635144
saxony,2021,15,2021-04-12,2021.2767123287672,2021-04-18,2021.2931506849316,female,0.02644352251313849,0.06684214190554581,0.06099535941945097,0.06447835904755217,0.07580883257063165,0.09595046954428976,0.10934087549867683,0.10907511795263358,0.17410634631525096,0.18011196633080145,0.15469066047805705,0.11420291503039576,0.1492198970589029,0.15239067932826064,0.13932287634351448,0.1963948077674655,0.21520470424134433,0.25384819786876717,0.24586432797118815,0.25814369261634956,0.2110015142427723,0.17921968873149843,0.20077952098140978,0.1660616764297477,0.1414241410382323,0.14846373576086377,0.12437141465433785,0.1880022450677489,0.19957890798610634,0.18792396261291008,0.27419484269241723,0.1911545164996766,0.15909272213161477,0.17135161106156244,0.19007938258464138,0.18706286338760927,0.2009204643250479,0.18516327673416533,0.1545446269043725,0.19807035095523193,0.17223331915530296,0.17773781122631266,0.20678300180224304,0.15355369563054194,0.158289474555911,0.19562752096595218,0.1445892334908596,0.17933970178643083,0.15891538069046132,0.1889990519636887,0.167564088354768,0.1707777262516764,0.15156667455270592,0.14463616382343694,0.14698794917558577,0.14610666903292396,0.16323955471457574,0.14794225161698252,0.1488965715720305,0.13514666932124178,0.14161185119690134,0.12777525723053731,0.12998552853645984,0.12520020113122027,0.08736054223329841,0.08256351083629855,0.10026941053458739,0.10748060119820846,0.08987121715998578,0.09797704495320136,0.08364684080596269,0.08072502652999969,0.08664694928427442,0.07797523364517098,0.06747736178385155,0.047523709760751855,0.09150165812197106,0.07045050223636083,0.1105446178627934,0.09831568350699259,0.06394209727370445
saxony,2021,15,2021-04-12,2021.2767123287672,2021-04-18,2021.2931506849316,male,0.034222058580943855,0.07543388770074588,0.040914091576404334,0.05584157274355926,0.05112031952807073,0.08403226171905497,0.09973798951538064,0.1463569719335313,0.14042303163571465,0.14137199944774181,0.14045431601280323,0.1616590248045837,0.1452514765464088,0.1362258816947644,0.19466190400620165,0.13836351821503912,0.20784803948069477,0.21131478376751972,0.19731869873570826,0.22040042104295202,0.20616696055397693,0.17241592329196143,0.15294349997727905,0.16665637595952193,0.1401519011559735,0.12994903744557604,0.08614691918430457,0.10075394619718162,0.13644485505461065,0.16208675423041527,0.21083443793457946,0.16394376667957916,0.14484474359176144,0.1425347693329142,0.12804111036523128,0.11771553940251424,0.14502203705265063,0.1643715148991957,0.14041260351419907,0.16513834063740448,0.15503488409582877,0.12656069059073888,0.11754876255354717,0.1375449494580315,0.13285797903311397,0.1545133340490879,0.16347429097659688,0.14345248948424297,0.12877091027074805,0.11765820980035034,0.14340556021993242,0.13192480620788685,0.1509825778100727,0.15882671019668684,0.12795770531391018,0.11255091706128197,0.12931305397391948,0.1671415306133554,0.12307874261917741,0.13105942067670623,0.15161882636663201,0.14636740124720357,0.1015719360012855,0.11336909246100493,0.08978787330849569,0.09880541085470433,0.07599109841447495,0.0781627149045561,0.09066299041152816,0.10138958047182495,0.09186630047594223,0.09051713653827788,0.08868357988695663,0.10306206514824802,0.08499061799384108,0.10174387180049456,0.08652194130850725,0.09064736319125119,0.07587132364511963,0.12118149185841107,0.07198660462300467
saxony,2021,16,2021-04-19,2021.295890410959,2021-04-25,2021.3123287671233,female,0.052895293881357074,0.09232471163449187,0.05794467248340805,0.07914700260623443,0.10672504660684425,0.13987034407714125,0.16550349972538198,0.15389269630969896,0.2119100010640104,0.20016355085153656,0.17515506229291297,0.14851588446288333,0.1522081454989476,0.12598208727517934,0.1423522700971272,0.15198389052867053,0.1486462564467472,0.1753689820795127,0.17008907283997016,0.1927098466471197,0.14669592569858536,0.16474710160294567,0.212787175814293,0.09655478710876858,0.12635739680028335,0.18254884924250334,0.12773876769068176,0.1635942676975023,0.147890103490227,0.18462055043571107,0.2597271579261871,0.1890721170951333,0.16917609942247183,0.16745453601801985,0.1650809587281461,0.14322305792799692,0.1767673087032499,0.1749724485372082,0.1851006541798678,0.16943694733469755,0.18486060175370095,0.15113903165137438,0.1614816746110789,0.1749202732962248,0.14287891249165463,0.15888930111776944,0.17044904962207277,0.1529278540290372,0.18762127156301697,0.19379547378101442,0.19622777838404667,0.1524532625029507,0.15755926025404643,0.16029240070608045,0.12623229332427335,0.16726151579578794,0.1513163465739089,0.15277139480557156,0.15371015720784575,0.13677853051892555,0.15450290310150921,0.13451062227741295,0.1215359180613327,0.1215671910775719,0.08371454967844326,0.09154333140443949,0.07604838209734183,0.08319371446709636,0.06911751456652027,0.09797704495320136,0.05853813680737847,0.08424059853718932,0.06648288163925835,0.06538949610106158,0.062479119975638785,0.067909524005294,0.08864190889625567,0.08052191185459139,0.08186560828984249,0.07148150832249557,0.05812687572201309
saxony,2021,16,2021-04-19,2021.295890410959,2021-04-25,2021.3123287671233,male,0.021771757146754556,0.08751159601119952,0.10820490176792602,0.1089448451418259,0.09151207643945716,0.13136178265914192,0.14441715596713092,0.162347566582651,0.20536298549566076,0.21220239100334992,0.24259380327253335,0.17812393017001374,0.1648357821927656,0.1362258816947644,0.14592937187396102,0.15040891775258766,0.1445005874226715,0.1874647079182406,0.1942808817071085,0.17863528129193795,0.20616696055397693,0.16710501343887363,0.14488645964581925,0.11660544107067135,0.1511598921991148,0.12994903744557604,0.12183822467280431,0.18027372589758475,0.13948450907474605,0.14705574057443654,0.19763188584010716,0.1696091076735627,0.1230943795888864,0.11756439786041871,0.14384878273844506,0.13429165706250287,0.11598525560735065,0.136319727307499,0.12376156134339517,0.12334978409303622,0.1756194258747495,0.13574101539368624,0.12324553720512857,0.15093564174946922,0.13481300432810867,0.16556609868365285,0.14272248350079123,0.16199286210383912,0.19788765670796082,0.2102862225688753,0.15794522939316702,0.13008978893723983,0.16573302960745515,0.1405481692570148,0.1528757009022459,0.15695423331469352,0.13914560231275674,0.14943892514384008,0.15784612893544428,0.1456425689260877,0.11367135159750187,0.14119471843116005,0.11209232756271632,0.13068929029847748,0.1406107381805965,0.11044039664282887,0.07599109841447495,0.1016292478711887,0.0946116185766912,0.07016932230603598,0.07230945225123998,0.09669544823912526,0.07668892212186687,0.07272603279789244,0.0566432393451714,0.09750295468278462,0.09028272938476835,0.06473347581328352,0.06502503936387813,0.09086093560815671,0.06078711571183947
saxony,2021,17,2021-04-26,2021.3150684931506,2021-05-02,2021.331506849315,female,0.04627978830330441,0.07957926182315367,0.0976227792880165,0.07034636134414472,0.11797091748912496,0.09869079340247063,0.18517371383388026,0.1314816853114165,0.11600610205741126,0.15434643913891635,0.1634586418594979,0.12563805592341826,0.11934164171238605,0.1406524508381374,0.14538705490493212,0.11394234404118486,0.18033112457449382,0.16282224842068135,0.16378205790334002,0.15535303219306743,0.12833302909834166,0.15316775908601066,0.13776392837258875,0.08447497845532187,0.1384104429292024,0.11440616130840815,0.12437141465433785,0.14965273916425678,0.1582216685102908,0.16480969965064504,0.2192411306924912,0.1620189432331075,0.16514355717775284,0.1616016467346137,0.1708455486719115,0.1591605293130664,0.18682802061910964,0.20351493411144464,0.1830654622182544,0.19397815365155716,0.18486060175370095,0.14705052584830766,0.1744193936464062,0.19201568348433934,0.1737046050014404,0.13686194971956145,0.16269184089062863,0.1318049025338462,0.1771795091749621,0.1889990519636887,0.14505332419673392,0.1483802979464026,0.185533795056887,0.1779204346937017,0.16208675423041527,0.160208943909515,0.1598333899825181,0.1559945498497289,0.15851897259715442,0.12210404745571657,0.13194044583792497,0.12104597659569992,0.09957127031480006,0.09976924942499833,0.09100158133734369,0.10951283698752283,0.08642818552389282,0.06411390869625266,0.0760327592684856,0.07561615223036772,0.06690462220522876,0.0631663497368649,0.05438923420863379,0.04777874335877514,0.0524736669208155,0.05431635807494059,0.08578231693430761,0.06038104288063264,0.05728874611053252,0.07818875402181788,0.054769232846208486
saxony,2021,17,2021-04-26,2021.3150684931506,2021-05-02,2021.331506849315,male,0.05912119607249507,0.07241359707503497,0.0877147379905621,0.0781939618468384,0.08881901083735454,0.11294697488291956,0.14967881410493789,0.162347566582651,0.14853674395833685,0.15226029795622745,0.1818391670580869,0.13422388230189486,0.1284685633529185,0.1167409447615473,0.11155557453669775,0.14137199944774181,0.16560783136436583,0.1517022693777156,0.18819534229355406,0.15477932391930654,0.14394785652389747,0.16976040056309863,0.10459913121088898,0.11938333731205816,0.10439071281095062,0.11015378936499796,0.10994013769468657,0.11909668073951128,0.13341059206463932,0.1440521449230337,0.19235493500014597,0.17338634460553887,0.15935351946730567,0.14431808128753548,0.11926346255311633,0.12508552548537274,0.13776392837258875,0.12510116305854926,0.1663172920608835,0.1342499495070577,0.14568428562019736,0.12656069059073888,0.1327328599168042,0.12033192123685281,0.14459444797016804,0.13019926258303885,0.12889601985441068,0.14345248948424297,0.17253070336320891,0.1723741851470482,0.13976606406445394,0.14843766142945988,0.13623109533547054,0.12592996116648889,0.1475354976152019,0.12279206567457399,0.11947715253356053,0.13817581978184998,0.14677936081038356,0.17482114048258623,0.12686823911772233,0.12913060113509942,0.09455952390504292,0.09798225476040598,0.06830524196053311,0.08911070946699541,0.08929823087869487,0.07620461064408746,0.06699834279550922,0.07797523364517098,0.08600107797752841,0.06581643438485289,0.06949241389494241,0.08182394276246638,0.040903683391407354,0.05508676808403727,0.08652194130850725,0.08028234171872994,0.0731582386424355,0.08176665271683839,0.05594047899359835
saxony,2021,18,2021-05-03,2021.3342465753424,2021-05-09,2021.3506849315067,female,0.023134745548924536,0.06365574616429134,0.07014849422353175,0.09088177198847734,0.09266852265543786,0.09869079340247063,0.11776244548766596,0.11467715758151045,0.09278312683424615,0.1228650378378008,0.14299884170333776,0.11992017114410178,0.10440634416196735,0.07321031187823582,0.09385104155197567,0.09176732586989098,0.14548091705252106,0.16282224842068135,0.11333261302886727,0.1429101983462978,0.11915922385692868,0.13291011208709005,0.13776392837258875,0.09353326951464122,0.09925867325441057,0.11131065023950215,0.09745606686894401,0.14616403000789482,0.07217406429213817,0.08233955601347112,0.15279225600816834,0.1370600708574026,0.13086132240011095,0.12456427573696822,0.14393742769548679,0.1472069678595651,0.1767673087032499,0.144411941505601,0.13622066805457522,0.12855718209499017,0.1490947385674379,0.12660239197932616,0.17010472395259454,0.11939376121720013,0.11646993773290122,0.10750144423908846,0.14200291620378647,0.16085052147613957,0.16152340401395843,0.1506644564510853,0.13482864482683737,0.11785625778489153,0.09367913184804637,0.12506467539511534,0.14321262924494674,0.12847898907944155,0.1394010856668631,0.09804477248753976,0.14088187105274674,0.10255145664539261,0.09812291975215193,0.11936248950804294,0.0928143825632118,0.08161561562636407,0.05458183591076922,0.06819589854023558,0.06567065018651978,0.07278331288404366,0.0725750219641153,0.06357765068084914,0.05184383548329646,0.04561359992571841,0.042298398745359116,0.06790431721016875,0.0449786470722601,0.061115099928952456,0.07147630116968709,0.06239582001568444,0.06343187275889689,0.05583636715666009,0.052536129958509176
saxony,2021,18,2021-05-03,2021.3342465753424,2021-05-09,2021.3506849315067,male,0.027993933843506617,0.042230743779082695,0.049688932728882224,0.08099063922572522,0.06996624885748641,0.09980050935340219,0.0787251627384252,0.125043825313218,0.10528170731845983,0.11415601215597769,0.11288443923684789,0.09857617620287983,0.11169627625041882,0.09448659145241937,0.1258726225072717,0.11427066370146606,0.17164377303407072,0.1308561092977629,0.1395627186411892,0.13093951899808712,0.141121720541178,0.11930515809010141,0.12070718998400332,0.11938333731205816,0.09888876916045942,0.07906367594136877,0.08912112730545473,0.11909668073951128,0.10306206514824802,0.11100319371220553,0.13958357454544112,0.12055603974623409,0.10678757484601176,0.13183096852642076,0.09819585730507932,0.13245134300584152,0.10147294292023055,0.11201415930162655,0.12376156134339517,0.10156151566808903,0.10642282784415154,0.11003393588087688,0.10046739230283125,0.1337181811074324,0.09765403792609657,0.09044420975506315,0.12428801548878816,0.16431413383611565,0.11265514251135025,0.1513215617278397,0.13067886412879126,0.1245851256265847,0.13991727015108202,0.10583402736829259,0.10838728119921638,0.1296258317584404,0.12439226446662498,0.11083122729475936,0.12781695959315778,0.11648557271539035,0.10872598755438702,0.11016942244851428,0.09455952390504292,0.0883710482706732,0.08588128014939007,0.06391085889423052,0.07409035745075715,0.05274434062606309,0.06108386324771678,0.08577710834925427,0.06644122843562013,0.06169818808960519,0.03833292550167652,0.06059969708801497,0.09129329221059361,0.05932943310871388,0.060172801633146936,0.0543684124457266,0.05146906337206638,0.0605580485966753,0.04661288569265278
saxony,2021,19,2021-05-10,2021.3534246575343,2021-05-16,2021.3698630136987,female,0.03305130151083315,0.04455187983905281,0.02743723720769735,0.04688873358335968,0.03368090537024011,0.041101439262585165,0.05884528328396243,0.05310871130035623,0.06667032146851969,0.094267794708282407,0.04664931834906252,0.0913453836101648,0.06858641181135208,0.07613691154953875,0.05750218156185419,0.09810208047010466,0.09799788418514002,0.07195536141051659,0.11333261302886727,0.09004832328792742,0.07329362916398137,0.07797002584205613,0.07482460805324478,0.060323776454442805,0.08119375573202436,0.04634744853782727,0.047024055725123026,0.06259365763845329,0.06529577841038291,0.09882104052685299,0.12104597659569992,0.09548681686382582,0.11272288916591978,0.09728935498435115,0.09015250364495875,0.07355399654234872,0.07224175822762682,0.08538125741197128,0.08535000615052624,0.0917933718005911,0.07974591693880385,0.0632600635898218,0.10329131957637663,0.08738658595680725,0.05710654580863387,0.09772176503972886,0.10581839558810431,0.1027807088223877,0.10415103268371823,0.11235810052936603,0.09801872342543008,0.07718886128191588,0.07971987704177777,0.07030991208114515,0.06590494641895973,0.08092293389993609,0.07645457729516739,0.07070044122861792,0.09280917327374333,0.056945168931505814,0.06432216572708059,0.06553007295377236,0.07254898565779008,0.05439964509321392,0.04547828145439858,0.05203642775779658,0.046654523016350945,0.03984726345103573,0.025907652836718125,0.029200997487152117,0.04013348348268534,0.031573583552341675,0.02617818829382411,0.03771367285894664,0.03497656043786869,0.050922525551517786,0.0400137912777947,0.03622021153055142,0.03477882785817386,0.0625415950331747,0.03486728707719771
saxony,2021,19,2021-05-10,2021.3534246575343,2021-05-16,2021.3698630136987,male,0.021771757146754556,0.030158343748954774,0.03507022350120618,0.05304624757486168,0.05112031952807073,0.05250489843028631,0.05772082366425501,0.061151542747440196,0.05666406201897573,0.07335611721589134,0.07706387604129286,0.07117428719913967,0.06698792938825285,0.08614171056273068,0.09151207643945716,0.08116771510995811,0.075209963581776,0.08323538109203082,0.08187081648311477,0.06840417191987419,0.05922531448637019,0.055643760807845416,0.06971110641806216,0.09159542305449007,0.05766356016762223,0.0847145679079729,0.07128363688245397,0.06104221436859104,0.03332187413617073,0.07497562542009331,0.08686571396499801,0.088506478407108,0.0633225395856249,0.062312520189175706,0.05609144152740616,0.07354358182218294,0.07608483538293598,0.06904982469806735,0.04429686206662687,0.06345269815129845,0.09521071105178354,0.07700138353363198,0.07960009368340132,0.07446008518163734,0.0722469654570811,0.07499124793134847,0.08742825594154204,0.08324579775348112,0.08504270308003362,0.10924186762669924,0.05803837692638292,0.0750797755837966,0.09569519957952195,0.06566544361556387,0.05860581299384446,0.08524062688337604,0.06707123670473458,0.05458183591076922,0.0851781245483068,0.07762631198984751,0.07410597969605667,0.06366095253402744,0.04725826795654076,0.04416675144006572,0.04682627732900959,0.048408525560937506,0.04938184033085439,0.0488353244471797,0.05517005633626596,0.05847046070899056,0.04298015754897164,0.030839943404922184,0.04551991786960274,0.03937890679743894,0.0346071133331692,0.025418611543743832,0.060172801633146936,0.031063676537320735,0.04605078508584807,0.024211635695512428,0.03243731500632111
saxony,2021,20,2021-05-17,2021.372602739726,2021-05-23,2021.3890410958904,female,0.013220080343407303,0.0222711685975637,0.018291616769384955,0.0175789710134846,0.014031492933522608,0.032874389401630066,0.03642315323459947,0.044723627206883984,0.06377028641883636,0.05425389289877397,0.06123484071418129,0.06278108344906973,0.03875443782122968,0.04684189138556734,0.045389804182773726,0.06960176004153494,0.07585049327861074,0.05317638042097855,0.08182394276246638,0.05587280627587468,0.06718578448282644,0.06063613954529799,0.06584246732041918,0.05730436330897565,0.07517871843253444,0.04634744853782727,0.026864938467750194,0.041720732250773315,0.058418402231701534,0.05927216784062582,0.06625378943214699,0.05187506661448893,0.0623697888055672,0.054462110444466194,0.04217870155722661,0.057637531326366814,0.06019362572036922,0.048772865854778136,0.046722183738465074,0.05505553502384215,0.07554324634185314,0.055091973595890756,0.0666859414847871,0.05966261410117793,0.04392214434346856,0.05861101885799315,0.05933463904530671,0.05268187733826386,0.05725751172772303,0.07168979486228885,0.055112795648527294,0.05280159870580081,0.0557895168980467,0.03905105964986489,0.04706569337805377,0.05803837692638292,0.06285397144675144,0.06266133910325324,0.041585423909386174,0.058574577819914195,0.046623295020451726,0.04703966984106788,0.03373293908809078,0.06709727026851031,0.03456028219749018,0.028701519477685403,0.04319353427824543,0.025985691766443362,0.027634941872547066,0.03264024194727222,0.035111851583511704,0.01753735696458627,0.028191640624939417,0.02011228896174468,0.017485339450287705,0.020361986118910415,0.0400137912777947,0.02011749097362581,0.026589196777882945,0.029029301380254075,0.02369139612518832
saxony,2021,20,2021-05-17,2021.372602739726,2021-05-23,2021.3890410958904,male,0.009329636893456644,0.012060198434059565,0.020455622861971112,0.02512206746780387,0.018827407966479345,0.041996554190897345,0.01835924059664533,0.07711595318838008,0.040466541502732635,0.06520206088861366,0.08808456260584961,0.05748135855242818,0.05861101885799315,0.04722183487347575,0.03430010998950347,0.03004908051285659,0.057153397253861773,0.06538428955826231,0.05153673035899917,0.07137736536545541,0.07615774203077677,0.055643760807845416,0.04556675887656652,0.06937786103560357,0.04117950099770775,0.062109477421086835,0.026719263430534244,0.0488249146765687,0.0575698564000731,0.05397280053460301,0.03946737384218848,0.048939422267904854,0.06151076618206685,0.05518567289841428,0.052582977286026025,0.044114707280594904,0.05433717981699846,0.039175953557591986,0.04245452592655975,0.06345269815129845,0.05785096820929488,0.05498786345777839,0.05115675534265861,0.066816108469504365,0.04294372746318713,0.057335597719927085,0.04829922397057983,0.04392214434346856,0.03216154376616962,0.05879322443142814,0.056226787619982455,0.04027399207474618,0.05150549943101606,0.04741441003021243,0.03728696524542495,0.05624240449948423,0.06216153959373492,0.06743570778360443,0.03310853791032595,0.045270099878427526,0.03950900544473917,0.04645154137822887,0.03500257793853837,0.04992836195842812,0.03316577437281314,0.03678740956177732,0.03987848737792603,0.02538739629821702,0.04137205377871471,0.037021575690936115,0.03125619186362982,0.030839943404922184,0.03353521123726229,0.024232445386586157,0.025168890104205904,0.025418611543743832,0.030075095548244155,0.015529518672543862,0.03249975398073074,0.05449854860067964,0.0264695357447724
saxony,2021,21,2021-05-24,2021.3917808219178,2021-05-30,2021.4082191780822,female,0.009912144657398491,0.0222711685975637,0.024388518335081114,0.011716919960600964,0.01964411002375528,0.027395615268772138,0.014005485923335151,0.027947108663261708,0.034773624379385075,0.025694347026373132,0.03206788594183193,0.019966632840442634,0.0327911368526245,0.05855896023998779,0.03630867320160507,0.037953046955728764,0.05687749490627426,0.0375315411321785,0.02831130562098262,0.034138803874279464,0.024419732980993876,0.03175049123604822,0.02093941538720949,0.01507698551465495,0.02404515846672684,0.04016991159972564,0.020148703055823725,0.03476321742337538,0.02404515846672684,0.02633426708239541,0.0201539050713419,0.05187506661448893,0.06035501267909344,0.03500257793853837,0.044099094042913775,0.01986779499048801,0.03410237998202341,0.026412306652358733,0.03452906146380004,0.01630975750366404,0.020975830060500255,0.02447695988049675,0.021501244613538126,0.02555908038049852,0.019758553374894256,0.02196944027250908,0.03869199133606432,0.044775671975795704,0.036428356878448344,0.026277038138858455,0.04286045879151119,0.03045491654709628,0.019919814888100344,0.011711718789039807,0.03200024428471833,0.024617426173565,0.022073484324758055,0.01606007980396201,0.025585093169684187,0.024398923214970083,0.024112789776640834,0.026875343843167428,0.025293750674071993,0.014499621341149892,0.009090394523631421,0.017937893567593784,0.015545123334434164,0.005195059497544844,0.018999070391522415,0.012023790003689352,0.005013041632488857,0.014031492933522608,0.020138299026342812,0.02011228896174468,0.002496059905919493,0.020361986118910415,0.020003046832517246,0.01609649106050013,0.01227344832387483,0.02456019911947642,0.01251270533882302
saxony,2021,21,2021-05-24,2021.3917808219178,2021-05-30,2021.4082191780822,male,0.009329636893456644,0.027145884334841594,0.017532155210811945,0.022328393132581854,0.018827407966479345,0.010494658946707572,0.03672496543875819,0.03721411307599008,0.026974195013475727,0.029872178617365304,0.027510075680981037,0.03831211016701888,0.03069425723155213,0.019441233793008373,0.02286422592514429,0.03004908051285659,0.012028991206470531,0.041601036392344484,0.042438913187347625,0.0297316981290683,0.02537178868248336,0.04769026217286333,0.03484126964421888,0.02773899726122771,0.038437002299943214,0.019753351398926422,0.026719263430534244,0.030512150088812164,0.018171974828907887,0.023982729643337277,0.028940852091888458,0.024466554984993116,0.0452232591386899,0.033816193144946535,0.03855669087547414,0.027567305981562446,0.032593412582920846,0.026115756909565444,0.03691229803276804,0.021745746265098582,0.026120959522060342,0.021990249066300163,0.024627831099257123,0.01526424013682805,0.017563365741245812,0.026453927804229314,0.018395653463129862,0.03466955491301903,0.01837484610772913,0.0251897001783634,0.018130360305438,0.03477882785817386,0.025746372753096502,0.016408588590982542,0.023077520126531876,0.017037990975324793,0.019623302168789433,0.03530958542955223,0.02522091530521477,0.022630123540467888,0.014811709287531545,0.018921041946253322,0.0279991366439112,0.015357867700785595,0.013651791876088,0.017422918501815595,0.007592554269948531,0.0058555296725085965,0.011815742319159573,0.015586735789043028,0.007810986619780369,0.01644500009155316,0.009579282278983844,0.009085193614769562,0.0157271780691927,0.016944360386214385,0.01127482223489776,0.023296017532670587,0.010832728267824117,0.01210700931057096,0.017147226875703747
saxony,2021,22,2021-05-31,2021.4109589041095,2021-06-06,2021.427397260274,female,0.006609620050255059,0.009542875585615106,0.009142403640825391,0.00878874266967398,0.008419481575428201,-0,0.02241162893230172,0.027947108663261708,0.014489218441861561,0.03140187961135879,0.023322029189798366,0.022822607646395064,0.020866586117123737,0.023415671263178877,0.02420123085309847,0.006323584481731828,0.028430970892399748,0.04065909164370792,0.01886902304778601,0.034138803874279464,0.024419732980993876,0.020205925255174728,0.01196657680746688,0.006027149280045188,0.006011547474138592,0.015446293888200674,0.010073375637927505,0.024331291532909555,0.010302220468631015,0.02633426708239541,0.011514074655104551,0.012445089114310883,0.02011228896174468,0.017500944699110708,0.017251261279884234,0.01191976605737966,0.02808238152122697,0.018281213111458527,0.01827601128327875,0.01834363509023906,0.014681672415575582,0.012237039744194867,0.023654979550180276,0.017037990975324793,0.013173268464894668,0.009761316128180634,0.012892398078772923,0.010531066306453505,0.013006826571470939,0.023883884159587948,0.01632536239969773,0.014208340947757954,0.015935241403672203,0.009761316128180634,0.02070532166778468,0.012304655698178278,0.011883357725328935,0.012845586495248118,0.015992458966601907,0.009756115152214457,0.01285598906572358,0.015113396082826297,0.011805339956782778,0.0072493052883192835,0.01273115835737145,0.00717649518955648,0.013818235833936423,0.015586735789043028,0.010359431833667443,0.00858590878627633,0.0033437075013491397,0.007015273190818646,0.008055423908687609,0.007540546702846017,0.004997440130846761,0.013573771454237438,0.011430856297132374,0.010057772617965428,0.01227344832387483,0.008929166590890197,0.010281416351495636
saxony,2021,22,2021-05-31,2021.4109589041095,2021-06-06,2021.427397260274,male,0.0031096929807496723,0.006032349883058143,-0,0.016746696362837068,0.010759913151403842,0.01312125531596912,0.02098103215876963,0.031896180368658066,0.03507022350120618,0.0353043818976577,0.016502218215392647,0.008206247489956096,0.0251116624432172,0.013885853843992468,0.020003046832517246,0.015019768959045821,0.012028991206470531,0.0267400741251508,0.015149806676486683,0.017833857789692514,0.014093909811048093,0.021189116516162825,0.024117992188736462,0.005548696028198445,0.013724611042088825,0.014109514042132914,0.00593873910845527,0.009152805470507532,0.015144605161548193,0.014988559955247326,0.03420124489177989,0.007524944442861097,0.01808354400633923,0.02491396737165714,0.022780989400960842,0.01470247829323662,0.009053988172539539,0.014920940511277144,0.009225618336543066,0.009059189078280308,0.01119160425981273,0.009158006386131764,0.015155008191951251,0.003816940083414855,0.021470031719490697,0.02204747329218073,0.009194412810043424,0.018489286665460354,0.009189211890783682,0.008393477371845058,0.01268954818784482,0.005491489955775094,0.027588117015573278,0.009116399075726127,0.0017732302337492335,0.022151517500562122,0.009808124935256148,0.02086138403030935,0.02206828211720402,0.006464001746029936,0.008227050776876028,0.017199244051776783,0.02274977573873999,0.017277269913448006,0.013651791876088,0.005808724423301436,0.013287697575658008,0.0039053466476019223,0.01969612969759165,0.005845128502376657,0.011716919960600964,0.014390391002423017,0.004789420556204302,0.012112210521670226,0.0062923806967118065,0.012705151997512511,0.01127482223489776,0.0051742574235774715,0.013537361964105673,0.0060531523002996255,0.006339186381260658
saxony,2021,23,2021-06-07,2021.4301369863015,2021-06-13,2021.4465753424658,female,-0,0.009542875585615106,-0,0.005860730258351855,0.002808075818729408,0.008216649132375735,0.011202006499415215,0.005590300484036865,0.005793122682923962,0.014270758037558942,0.014572441694434968,0.005704712909223802,0.008939568377917506,0.0058503290871796815,-0,0.015810403303080256,0.025272940558274105,0.009381646249935602,0.0031460951703395374,0.006203970074175833,0.012211033631454433,0.0028860800894626015,0.008975974648895843,0.006027149280045188,0.006011547474138592,0.0061779669785036575,0.00671363337435913,0.0034737160234086795,0.010302220468631015,0.019748149423473204,0.0201539050713419,0.002074841393360111,0.004019755365543792,0.007774581164424722,0.005751518064810153,0.003972951768688912,0.002007238739956898,0.014218743790855273,0.006089556550493997,0.008154239309067744,0.0062923806967118065,0.010198199966192732,0.00860151136459996,0.002132043707192469,0.006583616751733007,0.0073221154890305085,0.012892398078772923,0.0026312665716063024,0.00520026001733406,0.007166093755198382,0.0020384399536850103,0.004061358598116162,0.003983352564350079,0.0039053466476019223,0.009407650947687885,0.010546669468431843,0.013584174170386924,0.012845586495248118,0.003198098342534541,0.006505606934198099,0.004820623439345829,0.005039044145629613,0.008429883260501482,0.0072493052883192835,0.003634927042177917,0.005382278537721043,0.0034529146380358157,0.0017316288317807886,0.0034529146380358157,-0,0.001669226791232261,0.0035049181170700625,0.006042751090638643,-0,0.002496059905919493,-0,0.005715114051269498,-0,-0,0.004466991860045813,0.0046906115497633806
saxony,2021,23,2021-06-07,2021.4301369863015,2021-06-13,2021.4465753424658,male,0.006219571937816006,0.003016087467382218,0.011685712939020211,-0,0.00537707799972235,0.0026260663087299776,0.0026208660463794796,0.002657267893771396,0.005392679615272976,0.008143837679132033,0.011004364302806092,0.021891407369930563,0.002787274699628602,0.011108386417910789,0.017147226875703747,0.006006346873211892,0.012028991206470531,0.008913563914253455,0.006058352905907412,0.014863724127366848,0.005637105536640755,0.002646867363344045,0.010718304559228361,0.005548696028198445,0.010978358806546596,0.0028236766635127155,-0,0.015253837084577991,0.006058352905907412,0.011987381598810925,0.007888998395657308,0.009407650947687885,0.012658340582550512,0.016013265368732443,0.012263045869935648,0.012861190351738811,0.010863934777497159,0.005595501043354282,0.009225618336543066,0.005434283946279259,0.0037285336695298504,0.010993962102740479,0.0018928344497984545,0.003816940083414855,0.007805785838885855,0.004409786977610334,0.002298450796139386,0.006932062032199865,0.0068904565028238135,0.004196569333852543,0.0072493052883192835,0.0073221154890305085,0.005517492708164296,0.014582844610372604,0.0017732302337492335,0.0051118512516052615,0.014712881235188904,0.004815422957523926,0.007878596818777955,0.0016172251479788346,-0,0.015477503166720077,0.008747135654730063,0.009600086115211843,0.0039001462573153684,0.005808724423301436,0.005694311769258563,0.0058555296725085965,0.003936549000260211,0.0019500365634153166,0.001955236758679912,0.00411336268563894,0.004789420556204302,0.009085193614769562,0.009438856602147598,0.008471490021595586,0.003759735916092501,0.0051742574235774715,0.0027092705771113563,0.0030264880716576255,0.00521586157983388
saxony,2021,24,2021-06-14,2021.4493150684932,2021-06-20,2021.4657534246576,female,-0,-0,-0,0.0029276824150337995,0.002808075818729408,0.005475888310578272,0.005600701603197585,0.008383075694054132,-0,0.008565105355790045,0.0029120815390412773,0.019966632840442634,0.008939568377917506,0.01170651761799311,0.0030264880716576255,0.006323584481731828,-0,0.00625077567914549,0.0031460951703395374,0.0031044926700280707,0.009158006386131764,0.0028860800894626015,-0,-0,0.009017581846942305,0.0030888917409951843,0.003359308506831505,-0,-0,0.009875737730976804,0.0028808798011093497,0.004149765577846888,0.002012438940941929,-0,0.005751518064810153,0.003972951768688912,0.00400935456260728,-0,0.002028039547028811,0.0020384399536850103,0.008388276532692397,0.0020384399536850103,0.00430057783134404,-0,-0,0.002438857191646164,0.0025792639662742755,0.0026312665716063024,0.007805785838885855,0.00477381912164906,0.0020384399536850103,0.002028039547028811,0.0019916381401162723,0.0039053466476019223,0.0037649362923369853,-0,0.003395710871169003,-0,0.003198098342534541,0.003250101566730168,0.0016068248255685408,0.003359308506831505,-0,-0,0.0054550861242678925,0.0017940309472143036,0.0017264286588720033,0.0017316288317807886,-0,0.0017160283146203095,0.0033437075013491397,-0,-0,-0,-0,0.003395710871169003,0.005715114051269498,-0,-0,-0,0.0022360480753789583
saxony,2021,24,2021-06-14,2021.4493150684932,2021-06-20,2021.4657534246576,male,0.0031096929807496723,-0,-0,0.0027924749786266065,0.0026884694975347276,0.0026260663087299776,0.0026208660463794796,0.007972211085594934,0.010785918538417625,-0,0.011004364302806092,0.013677798709381312,0.011160397553490643,0.005553896583354971,0.005715114051269498,-0,0.009017581846942305,0.002969284773888745,-0,0.0029744850710829926,0.0028184763814001475,0.002646867363344045,0.008039821494216408,-0,0.016471008321855496,0.0028236766635127155,0.00890316213242793,0.0030524895914443187,-0,-0,0.005262666295407436,0.001882434072264451,0.0018096314877705962,-0,0.0017524295286047305,0.007348119156845715,0.0018096314877705962,0.0037285336695298504,0.00369213107220637,0.005434283946279259,0.0018668335098608409,0.005496690505210404,0.005683910631373779,0.0019084350199968575,0.0019500365634153166,0.004409786977610334,0.004597003190534185,0.004623005495636393,-0,0.004196569333852543,-0,0.0018304322157966753,0.0018408325829299343,0.00364532777022918,0.003551721292663989,0.0017056279724545263,-0,-0,-0,0.004846625856274117,0.0032917041835359632,0.001721228486489026,0.0017472293536158062,0.0019188354027312412,-0,0.0038689439265003588,0.0018980346393426264,0.0019500365634153166,0.005907535554375335,0.0019500365634153166,-0,-0,0.002397255257160785,-0,-0,0.004232972284309839,-0,-0,0.0027092705771113563,-0,0.002610465523232866
saxony,2021,25,2021-06-21,2021.468493150685,2021-06-27,2021.4849315068493,female,-0,0.003182497385412486,-0,-0,-0,-0,-0,0.005590300484036865,0.005793122682923962,-0,-0,0.00855470364366793,0.01191976605737966,0.01170651761799311,0.0030264880716576255,-0,0.006318383849591955,-0,0.006287180067692691,0.0031044926700280707,0.0030524895914443187,0.005772320369706133,0.005980343876362871,0.003016087467382218,0.006011547474138592,-0,0.003359308506831505,0.006952864809371217,0.0034321132609840565,-0,-0,0.002074841393360111,0.002012438940941929,0.0038897454782967204,0.0038325412308768125,0.0019864379412056275,0.002007238739956898,0.0020332397500940035,0.006089556550493997,0.004076959818915024,0.002095642227474157,-0,-0,-0,0.006583616751733007,-0,0.0025792639662742755,-0,0.0026000650021664614,-0,0.0020384399536850103,-0,0.00597514327855689,-0,0.001882434072264451,-0,0.0016952276323631062,-0,0.0015964245052441485,-0,-0,-0,-0,0.0018148316689941748,-0,-0,0.0017264286588720033,0.0017316288317807886,-0,-0,-0,-0,-0,-0,-0,-0,-0,-0,0.006136362052479218,0.0022308478520263295,0.001788830768065096
saxony,2021,25,2021-06-21,2021.468493150685,2021-06-27,2021.4849315068493,male,0.0031096929807496723,-0,-0,-0,-0,-0,0.0026208660463794796,0.005314671584346822,0.005392679615272976,0.0027144708483027614,-0,0.010941951133631368,0.011160397553490643,0.013885853843992468,0.0028548783671266307,0.006006346873211892,0.006011547474138592,0.002969284773888745,0.003031688374572533,0.0029744850710829926,0.0028184763814001475,0.007946207105682173,-0,0.005548696028198445,0.005491489955775094,0.0028236766635127155,-0,-0,-0,0.002995286265072126,0.007888998395657308,0.001882434072264451,0.0036141255923162635,-0,-0,0.0018356323991003999,-0,-0,0.005533094365837986,0.0018096314877705962,0.0018668335098608409,0.0036661292325725816,0.005683910631373779,0.0019084350199968575,0.0019500365634153166,0.002204846743081171,0.004597003190534185,-0,-0,0.00210084243730566,0.0018148316689941748,-0,0.007353319891966888,-0,-0,-0,0.003270902870972542,-0,-0,-0,-0,0.001721228486489026,-0,-0,-0,-0,-0,-0,0.0019708373476054787,-0,0.001955236758679912,-0,0.002397255257160785,-0,-0,-0,-0,-0,0.0027092705771113563,-0,3.7440134784568944e-4
saxony,2021,26,2021-06-28,2021.4876712328767,2021-07-04,2021.504109589041,female,-0,-0,-0,-0,-0,-0,-0,-0,-0,-0,0.0029120815390412773,0.005704712909223802,0.008939568377917506,0.0058503290871796815,0.0030264880716576255,0.006323584481731828,0.0031564958006180316,-0,0.0031460951703395374,0.006203970074175833,0.0030524895914443187,0.0028860800894626015,0.005980343876362871,0.003016087467382218,0.006011547474138592,0.0030888917409951843,-0,0.006952864809371217,0.006869653750619098,-0,-0,-0,0.002012438940941929,-0,0.0038325412308768125,-0,0.002007238739956898,-0,0.002028039547028811,0.0020384399536850103,-0,-0,-0,0.002132043707192469,0.004388985217780854,0.002438857191646164,-0,0.0052678668219580125,-0,-0,0.0020384399536850103,-0,0.0019916381401162723,-0,-0,-0,-0,0.0016068248255685408,-0,-0,-0,-0,-0,0.0018148316689941748,-0,-0,-0,-0,-0,-0,-0,-0,-0,-0,-0,-0,-0,-0,-0,0.0022308478520263295,-0
saxony,2021,26,2021-06-28,2021.4876712328767,2021-07-04,2021.504109589041,male,-0,0.003016087467382218,-0,0.0027924749786266065,-0,-0,0.0026208660463794796,-0,0.005392679615272976,-0,0.0027508727612272207,-0,-0,0.005553896583354971,0.0028548783671266307,0.009012380945368752,0.003005686865187052,-0,-0,0.00594393970262619,-0,-0,-0,0.008320665671008401,0.008232251599903536,-0,0.002969284773888745,-0,-0,-0,0.005262666295407436,-0,-0,0.001778430411332561,0.0017524295286047305,-0,0.0018096314877705962,0.0018668335098608409,-0,0.0018096314877705962,0.0037285336695298504,0.0018304322157966753,0.0018928344497984545,0.003816940083414855,-0,-0,-0,-0,0.002298450796139386,-0,-0,0.0018304322157966753,0.005517492708164296,-0,-0,0.0017056279724545263,-0,0.0016068248255685408,-0,0.0016172251479788346,0.0016432259631080236,-0,0.0017472293536158062,0.0019188354027312412,0.0019500365634153166,-0,0.0018980346393426264,-0,-0,0.0019500365634153166,-0,-0,-0,0.0030264880716576255,-0,-0,-0,-0,0.0027092705771113563,-0,3.7440134784568944e-4
saxony,2021,27,2021-07-05,2021.5068493150684,2021-07-11,2021.5232876712328,female,-0,-0,-0,-0,0.002808075818729408,0.0027404722120779263,0.0028028755381770093,-0,-0,0.0028548783671266307,0.0029120815390412773,-0,0.0029796853688030733,0.0029276824150337995,-0,-0,0.0031564958006180316,0.003125293916023304,-0,0.009308833165427983,-0,0.0028860800894626015,0.005980343876362871,0.003016087467382218,0.003005686865187052,-0,-0,-0,0.0034321132609840565,0.0032917041835359632,-0,-0,0.002012438940941929,0.0038897454782967204,0.0019188354027312412,0.003972951768688912,-0,0.0020332397500940035,0.002028039547028811,-0,0.004196569333852543,-0,0.00430057783134404,-0,-0,0.004883029261810867,-0,-0,0.0026000650021664614,-0,-0,0.002028039547028811,0.003983352564350079,0.0019500365634153166,-0,-0,-0,-0,0.0015964245052441485,-0,-0,-0,-0,-0,-0,0.0017940309472143036,0.0017264286588720033,-0,-0,-0,-0,-0,-0,-0,-0,-0,-0,-0,0.002043640157790284,0.004466991860045813,2.2360048073914813e-4
saxony,2021,27,2021-07-05,2021.5068493150684,2021-07-11,2021.5232876712328,male,-0,-0,-0,0.0027924749786266065,0.0026884694975347276,0.0026260663087299776,0.0052470647188647915,0.002657267893771396,0.002698870036282934,-0,-0,0.002735271938280475,-0,0.002776874143198534,-0,0.003005686865187052,-0,-0,-0,0.0029744850710829926,0.014093909811048093,0.007946207105682173,-0,-0,-0,0.005642306100639183,-0,0.0030524895914443187,0.006058352905907412,0.002995286265072126,-0,0.001882434072264451,-0,0.0035569216481055464,-0,0.0018356323991003999,-0,0.005595501043354282,0.0018460327672737322,0.0018096314877705962,0.0018668335098608409,-0,-0,-0,0.0019500365634153166,0.002204846743081171,0.002298450796139386,-0,-0,0.004196569333852543,-0,-0,0.0018408325829299343,0.00364532777022918,0.0017732302337492335,0.0017056279724545263,-0,-0,0.0031512954852158663,-0,-0,0.001721228486489026,0.0017472293536158062,0.0019188354027312412,-0,0.0019344359807302181,0.003796138560742797,-0,-0,-0,-0,-0,-0,-0,-0,-0,-0,-0,0.0027092705771113563,-0,0.0022360480753789583
saxony,2021,28,2021-07-12,2021.5260273972603,2021-07-18,2021.5424657534247,female,0.003302104842938069,0.003182497385412486,0.006094757159748407,0.0029276824150337995,0.011222810984862875,0.0027404722120779263,-0,0.0027924749786266065,0.0028964806677350525,-0,-0,-0,0.005959541488248117,0.0029276824150337995,0.0030264880716576255,0.0031616961165344864,-0,-0,-0,-0,0.0030524895914443187,0.0028860800894626015,0.005980343876362871,0.003016087467382218,-0,0.0061779669785036575,0.010073375637927505,0.0034737160234086795,0.0034321132609840565,0.006583616751733007,0.0028808798011093497,0.002074841393360111,0.006032349883058143,0.005834727334325187,0.0019188354027312412,0.0019864379412056275,0.002007238739956898,-0,-0,0.0020384399536850103,0.002095642227474157,0.0020384399536850103,0.00430057783134404,-0,0.002194446303142263,0.002438857191646164,-0,-0,0.0026000650021664614,-0,0.0020384399536850103,0.002028039547028811,-0,0.0039053466476019223,0.001882434072264451,0.005273067349034468,0.0016952276323631062,0.0016068248255685408,-0,0.0016276254724692577,-0,0.0016796271261233435,0.003369709179755342,0.0018148316689941748,-0,0.0017940309472143036,-0,-0,-0,-0,-0,-0,-0,-0,-0,-0,-0,-0,-0,0.004466991860045813,2.2360048073914813e-4
saxony,2021,28,2021-07-12,2021.5260273972603,2021-07-18,2021.5424657534247,male,-0,0.009048787267324722,-0,0.0027924749786266065,0.010759913151403842,0.0026260663087299776,0.0052470647188647915,0.002657267893771396,0.005392679615272976,0.008143837679132033,0.00825305489722676,-0,0.002787274699628602,0.005553896583354971,0.0028548783671266307,-0,0.003005686865187052,0.00593873910845527,0.006058352905907412,0.0089187648059436,0.0028184763814001475,0.013240885636274406,0.0026780689608667365,0.008320665671008401,0.0027456724863896592,-0,0.017813050659088257,-0,0.012112210521670226,0.0059959456729130785,0.005262666295407436,0.005642306100639183,0.0018096314877705962,0.001778430411332561,0.0035049181170700625,0.0018356323991003999,-0,-0,-0,0.0018096314877705962,-0,0.0018304322157966753,0.0018928344497984545,0.0019084350199968575,-0,0.006614820711516403,0.002298450796139386,0.0023088512568800955,-0,-0,0.003624526316206946,0.0018304322157966753,0.003676529966864721,0.0054706877632234,0.003551721292663989,-0,0.003270902870972542,-0,-0,0.0016172251479788346,-0,0.001721228486489026,0.003499717766823437,-0,-0,-0,-0,-0,0.0019708373476054787,-0,0.001955236758679912,0.00411336268563894,0.002397255257160785,-0,0.0062923806967118065,-0,-0,0.002589664483180265,-0,-0,3.7440134784568944e-4
saxony,2021,29,2021-07-19,2021.545205479452,2021-07-25,2021.5616438356165,female,-0,0.003182497385412486,-0,-0,0.0056111027244387535,-0,-0,0.005590300484036865,-0,-0,-0,-0,0.0029796853688030733,-0,-0,0.0031616961165344864,0.0031564958006180316,-0,0.0031460951703395374,-0,0.015259038610442869,0.0028860800894626015,0.014957350970185402,0.006027149280045188,0.009017581846942305,0.015446293888200674,0.003359308506831505,0.01042704534623277,0.0034321132609840565,-0,0.0057567186402568615,0.004149765577846888,-0,0.007774581164424722,0.0038325412308768125,0.003972951768688912,0.006016748075591187,0.004061358598116162,0.004061358598116162,-0,0.004196569333852543,0.004076959818915024,0.010749511000238682,-0,0.002194446303142263,0.004883029261810867,0.0051586558735601425,-0,0.0026000650021664614,0.0023868547787384785,0.0020384399536850103,-0,-0,-0,0.001882434072264451,0.0017576297041079169,-0,-0,0.003198098342534541,0.0048778287737478,0.003213699304331398,0.005039044145629613,0.0016848272943518216,0.0018148316689941748,0.0018200318507435628,-0,0.0017264286588720033,-0,0.0017264286588720033,-0,-0,0.0017524295286047305,0.004024955767797943,-0,0.002496059905919493,-0,-0,-0,-0,0.0022308478520263295,6.708043266962928e-4
saxony,2021,29,2021-07-19,2021.545205479452,2021-07-25,2021.5616438356165,male,-0,-0,-0,0.00557989936695659,0.0026884694975347276,-0,-0,0.002657267893771396,-0,0.010858733691253035,-0,-0,0.00557989936695659,0.002776874143198534,-0,0.003005686865187052,0.003005686865187052,0.008913563914253455,0.006058352905907412,0.0089187648059436,0.0028184763814001475,0.007946207105682173,0.008039821494216408,0.016642662968114338,0.008232251599903536,-0,0.00593873910845527,0.012200631190001126,0.0030264880716576255,0.008991577344264803,0.015784395403182796,0.009407650947687885,0.0018096314877705962,0.0035569216481055464,0.007010072489501038,0.005512292156648544,0.003619325954004455,0.0037285336695298504,-0,0.003624526316206946,0.0018668335098608409,0.0036661292325725816,0.003785737802527224,0.005725515195395651,0.0019500365634153166,0.004409786977610334,-0,0.0023088512568800955,0.004591802731076329,0.00210084243730566,0.0018148316689941748,0.0073221154890305085,0.003676529966864721,-0,-0,-0,0.003270902870972542,-0,-0,0.0016172251479788346,0.0016432259631080236,-0,0.0017472293536158062,-0,-0,0.0019344359807302181,-0,-0,-0,0.0019500365634153166,0.0039053466476019223,-0,-0,0.006058352905907412,-0,-0,0.003759735916092501,0.002589664483180265,-0,-0,-0
saxony,2021,30,2021-07-26,2021.5643835616438,2021-08-01,2021.5808219178082,female,-0,0.003182497385412486,0.0030472892864491677,0.005860730258351855,-0,-0,-0,-0,0.005793122682923962,0.008565105355790045,0.005829526751076739,0.0028496780818937227,0.005959541488248117,-0,0.006047951695206187,0.0031616961165344864,0.022109899792226023,0.003125293916023304,0.006287180067692691,0.021719735396459258,0.00610515837981182,0.011545281573679298,0.008975974648895843,0.009043586362624314,0.006011547474138592,0.0061779669785036575,0.010073375637927505,0.0034737160234086795,0.0034321132609840565,0.0032917041835359632,0.008637917398898307,0.002074841393360111,0.010052571612347957,0.0019448363686649871,0.0038325412308768125,0.003972951768688912,-0,0.006094757159748407,0.004061358598116162,0.0020384399536850103,0.004196569333852543,0.0020384399536850103,0.00860151136459996,-0,-0,0.002438857191646164,0.010312622530319941,0.0052678668219580125,0.007805785838885855,-0,0.006120760213804969,0.004061358598116162,-0,0.0058555296725085965,0.005647506665163499,-0,0.003395710871169003,0.003213699304331398,0.003198098342534541,-0,0.008034620690429147,0.0016796271261233435,0.0016848272943518216,0.0018148316689941748,-0,-0,-0,-0,0.0017264286588720033,0.0017160283146203095,0.001669226791232261,-0,0.002012438940941929,0.005028643138811854,0.002496059905919493,-0,-0,-0,-0,0.0022308478520263295,4.4720192297233825e-4
saxony,2021,30,2021-07-26,2021.5643835616438,2021-08-01,2021.5808219178082,male,0.0031096929807496723,0.003016087467382218,-0,-0,-0,-0,0.0026208660463794796,0.002657267893771396,0.002698870036282934,0.0027144708483027614,-0,0.002735271938280475,0.002787274699628602,-0,0.0028548783671266307,-0,0.003005686865187052,0.002969284773888745,0.009090394523631421,0.020809363190759527,0.01127482223489776,0.01854130518405447,0.013396925598107463,0.019415224077081128,0.02470586810830804,0.019753351398926422,0.00593873910845527,0.006099957769517166,0.012112210521670226,0.011987381598810925,0.005262666295407436,0.01129042562004973,0.0036141255923162635,0.005335473714479772,0.005257465769371192,0.0018356323991003999,0.009053988172539539,0.0018668335098608409,0.00369213107220637,0.003624526316206946,0.0037285336695298504,0.0018304322157966753,0.005683910631373779,0.00763416036108147,0.0039001462573153684,0.006614820711516403,0.013797430310069239,0.009241221106812489,0.004591802731076329,0.004196569333852543,0.0018148316689941748,0.0018304322157966753,0.005517492708164296,0.0054706877632234,0.0017732302337492335,0.0034061115513737876,0.003270902870972542,0.0032084989832143057,-0,0.0032345005940119563,0.0016432259631080236,0.001721228486489026,-0,0.003837741614408134,0.0058503290871796815,-0,-0,-0,0.0019708373476054787,-0,-0,-0,0.002397255257160785,-0,0.0062923806967118065,0.004232972284309839,0.003759735916092501,-0,-0,-0,0.0011180120186726644
saxony,2021,31,2021-08-02,2021.5835616438355,2021-08-08,2021.6,female,-0,-0,0.0030472892864491677,0.0029276824150337995,-0,0.0027404722120779263,0.008403879051716657,-0,-0,0.005709913479989479,0.0029120815390412773,0.0028496780818937227,0.01788587565262237,0.0029276824150337995,0.006047951695206187,0.012647938051614436,0.015794798561581988,0.018759783530390296,0.03460190987156911,0.012408680414448115,0.015259038610442869,0.014432002532979334,0.017948297156832372,0.01507698551465495,0.003005686865187052,0.009267225734339593,0.00671363337435913,0.006952864809371217,0.010302220468631015,0.019748149423473204,-0,0.006224772560067722,0.004019755365543792,0.005834727334325187,0.007665364951277586,0.00993294862679645,0.002007238739956898,0.010156591823478004,0.004061358598116162,0.004076959818915024,0.0062923806967118065,0.012237039744194867,0.006448399809051898,0.0085182976676288,0.008783541790988263,0.004883029261810867,-0,0.0052678668219580125,0.010406241179157507,0.009553277495406043,0.006120760213804969,0.006089556550493997,0.00597514327855689,0.0058555296725085965,-0,0.0035153188191119765,-0,0.0016068248255685408,0.0015964245052441485,0.003250101566730168,0.00642759723369247,0.0016796271261233435,0.005059846165506341,0.005439484489999141,-0,-0,0.0017264286588720033,0.0017316288317807886,0.0017264286588720033,-0,-0,0.0017524295286047305,-0,-0,0.002496059905919493,0.003395710871169003,-0,-0,0.002043640157790284,-0,8.944076919308274e-4
saxony,2021,31,2021-08-02,2021.5835616438355,2021-08-08,2021.6,male,-0,-0,0.005845128502376657,-0,0.0026884694975347276,0.0052470647188647915,-0,0.002657267893771396,0.002698870036282934,0.0027144708483027614,0.005501891055171599,-0,0.002787274699628602,0.002776874143198534,0.008570306212628472,0.009012380945368752,0.003005686865187052,0.01782345422334967,0.012122612945435263,0.011888558914063657,0.01973254350024748,0.01854130518405447,0.0026780689608667365,0.02218793302268236,0.010978358806546596,0.005642306100639183,0.017813050659088257,0.012200631190001126,0.006058352905907412,0.02098103215876963,0.018416460826856485,0.001882434072264451,0.010848331520319662,0.007119287326336916,0.00875753740534499,0.007348119156845715,0.00542908340308526,0.0037285336695298504,0.009225618336543066,0.0018096314877705962,0.0018668335098608409,0.0036661292325725816,0.005683910631373779,0.003816940083414855,0.0019500365634153166,0.006614820711516403,0.002298450796139386,-0,0.004591802731076329,0.006297581326245275,0.003624526316206946,0.005491489955775094,0.005517492708164296,0.007290911104813628,0.0017732302337492335,0.0017056279724545263,0.008175042575181122,0.0032084989832143057,0.0031512954852158663,0.004846625856274117,0.0016432259631080236,0.001721228486489026,-0,0.0019188354027312412,0.0019500365634153166,-0,0.003796138560742797,0.0019500365634153166,0.0019708373476054787,0.0019500365634153166,0.0039053466476019223,0.0020540405675667285,-0,-0,-0,0.004232972284309839,-0,0.002589664483180265,-0,-0,7.436053167918634e-4
saxony,2021,32,2021-08-09,2021.6027397260275,2021-08-15,2021.6191780821919,female,0.003302104842938069,0.003182497385412486,-0,0.0029276824150337995,0.0056111027244387535,-0,0.0028028755381770093,0.008383075694054132,-0,0.011415252869842006,0.008741934780205749,0.0028496780818937227,0.01191976605737966,0.0029276824150337995,0.01210180809998616,0.01897306089675849,0.028430970892399748,0.025018017315627496,0.0094336556584391,0.015513914015330582,0.018312424091482198,0.023093127053664043,0.03889494268703751,0.018088745815271322,0.01502497046150284,0.01235666803029795,0.010073375637927505,-0,0.017173235457233083,0.006583616751733007,0.008637917398898307,0.006224772560067722,0.016086087841743948,0.009719708335039781,0.011498471202837403,0.007946207105682173,0.00400935456260728,0.006094757159748407,0.006089556550493997,0.01019299894652979,0.012585522909699205,0.00815944012481873,0.00860151136459996,0.002132043707192469,0.004388985217780854,0.0073221154890305085,0.0025792639662742755,0.013168067147658042,0.007805785838885855,0.011940570829995095,0.006120760213804969,0.004061358598116162,0.009958953600245485,0.007805785838885855,0.009407650947687885,0.005273067349034468,0.003395710871169003,-0,0.003198098342534541,0.006505606934198099,0.003213699304331398,0.005039044145629613,-0,0.003624526316206946,-0,-0,0.0017264286588720033,0.005195059497544844,0.0034529146380358157,-0,0.001669226791232261,-0,0.004024955767797943,0.002511660657093224,0.007493739936929543,0.003395710871169003,0.0028548783671266307,0.002012438940941929,0.004092561044388847,0.004466991860045813,0.003796138560742797
saxony,2021,32,2021-08-09,2021.6027397260275,2021-08-15,2021.6191780821919,male,-0,0.009048787267324722,0.005845128502376657,-0,-0,0.015747984365178467,0.00786819524397923,0.005314671584346822,0.002698870036282934,0.0027144708483027614,0.01375581928730811,0.010941951133631368,0.01674149468815487,0.013885853843992468,0.005715114051269498,0.03305130151083315,0.02405556327791183,0.01782345422334967,0.01818237846497322,0.035679037525193205,0.045119168757014244,0.050339558207693244,0.02680250625897188,0.030512150088812164,0.016471008321855496,0.022578100931440505,0.01187295534942598,0.012200631190001126,0.015144605161548193,0.04197573738966224,0.028940852091888458,0.005642306100639183,0.007233703115713412,0.019576484525562116,0.015768790669483494,0.01102516870917996,0.00542908340308526,0.009324435960666313,0.005533094365837986,0.0018096314877705962,0.0018668335098608409,0.012824781360540272,0.009470062275339882,0.00763416036108147,0.0019500365634153166,0.0176361903851074,0.004597003190534185,0.009241221106812489,0.013781826172628861,0.004196569333852543,0.009064389984535487,0.010978358806546596,0.009194412810043424,0.007290911104813628,0.012424284139840888,0.0034061115513737876,0.004903831219275663,0.00962609092220405,0.006302781956304643,0.009698904450954024,0.006583616751733007,0.0051586558735601425,0.006999671088432016,0.003837741614408134,0.0039001462573153684,0.0019344359807302181,-0,0.0019500365634153166,0.003936549000260211,0.003894945867543119,0.001955236758679912,0.006167565743876809,-0,-0,0.0031460951703395374,-0,-0,-0,0.0027092705771113563,0.0030264880716576255,0.004472192307027267
saxony,2021,33,2021-08-16,2021.6219178082192,2021-08-22,2021.6383561643836,female,-0,0.006359988921251389,-0,0.005860730258351855,0.008419481575428201,0.008216649132375735,0.0028028755381770093,0.005590300484036865,0.008689926063543336,0.008565105355790045,0.017490541199373096,0.017116016595036396,0.005959541488248117,0.01170651761799311,0.006047951695206187,0.03478923481730773,0.025272940558274105,0.028144815266662404,0.04719060653688801,0.02482552508297713,0.015259038610442869,0.017318883754212644,0.026927370751480138,0.027135478905288155,0.012018588801434188,0.01853610332985628,0.033587244809318705,0.0208561819440096,0.013740215162360118,0.009875737730976804,0.0201539050713419,0.01036983390680092,0.012065399640482432,0.005834727334325187,0.009584483237263443,0.00993294862679645,0.006016748075591187,0.018281213111458527,0.006089556550493997,0.0020384399536850103,0.01677790642183421,0.00815944012481873,0.00860151136459996,0.01277796983788551,0.013173268464894668,0.019529666924480757,0.012892398078772923,0.01580000014155917,0.007805785838885855,0.019108310411604067,0.010203400986370103,0.008117833613398493,0.003983352564350079,0.007805785838885855,0.005647506665163499,0.0017576297041079169,0.0016952276323631062,0.004815422957523926,0.0047946210354257255,0.0048778287737478,0.004820623439345829,0.006718834046028912,0.0016848272943518216,0.005439484489999141,0.007275308919724271,0.0017940309472143036,0.0017264286588720033,-0,0.0034529146380358157,0.00858590878627633,0.001669226791232261,0.005262666295407436,0.004024955767797943,0.005028643138811854,0.004997440130846761,0.006786442825027931,-0,0.006032349883058143,0.004092561044388847,0.004466991860045813,0.0031304942288193816
saxony,2021,33,2021-08-16,2021.6219178082192,2021-08-22,2021.6383561643836,male,-0,0.009048787267324722,0.011685712939020211,0.0027924749786266065,0.0026884694975347276,0.0052470647188647915,0.0026208660463794796,0.005314671584346822,0.018879426823316448,0.0027144708483027614,0.00825305489722676,0.008206247489956096,0.011160397553490643,0.011108386417910789,0.02286422592514429,0.02103305317005181,0.01503537346797201,0.01782345422334967,0.024242850235245934,0.03270268116534689,0.04794009179126749,0.023837062680235832,0.02948195597583279,0.02773899726122771,0.021959035878733293,0.025397801377977258,0.023748622223149062,0.021355584601614706,0.03332187413617073,0.011987381598810925,0.018416460826856485,0.024466554984993116,0.007233703115713412,0.005335473714479772,0.00875753740534499,0.005512292156648544,0.012673944382853637,0.02051804745101276,0.016606251329135777,0.0072493052883192835,0.009324435960666313,0.012824781360540272,0.009470062275339882,0.005725515195395651,0.01170651761799311,0.008814747070922528,0.006895657192178224,0.006932062032199865,0.002298450796139386,0.010494658946707572,0.010879538039362388,0.0073221154890305085,0.009194412810043424,0.0054706877632234,0.005325072648370196,0.0034061115513737876,0.009808124935256148,0.008024219084426654,0.0031512954852158663,0.006464001746029936,0.006583616751733007,0.0034373136044640058,0.0017472293536158062,0.007680967253394826,0.0058503290871796815,0.005808724423301436,0.0018980346393426264,-0,0.003936549000260211,-0,0.0039053466476019223,0.0020540405675667285,-0,-0,0.0031460951703395374,0.004232972284309839,0.007519743690575015,0.002589664483180265,0.0027092705771113563,0.009079992706433657,0.004846625856274117
saxony,2021,34,2021-08-23,2021.641095890411,2021-08-29,2021.6575342465753,female,0.006609620050255059,0.006359988921251389,-0,0.005860730258351855,0.014031492933522608,0.010957554418900645,0.005600701603197585,0.005590300484036865,0.014489218441861561,0.005709913479989479,0.023322029189798366,0.019966632840442634,0.01788587565262237,0.020486835147121667,0.021178712278522308,0.028462187965017663,0.04423440892524707,0.028144815266662404,0.05348870058037232,0.015513914015330582,0.030527759247483577,0.02886280872709344,0.029919005531132456,0.04222033533054472,0.02404515846672684,0.027806633375535787,0.00671363337435913,0.01042704534623277,0.017173235457233083,0.03621500790753163,0.011514074655104551,0.033191790967495916,0.024133599428157803,0.023332433856291586,0.007665364951277586,0.023842265064746036,0.014036694337124405,0.02234920207002108,0.006089556550493997,0.014270758037558942,0.012585522909699205,0.012237039744194867,0.021501244613538126,0.017037990975324793,0.006583616751733007,0.0268545330944151,0.02578799337195228,0.007899399974617293,0.010406241179157507,0.014327973769023073,0.012242240968300224,0.01827080945561934,0.009958953600245485,0.009761316128180634,0.005647506665163499,0.00878874266967398,0.011883357725328935,0.003213699304331398,0.009594885155377441,0.006505606934198099,0.004820623439345829,0.011753328176112956,0.005059846165506341,0.005439484489999141,-0,0.005382278537721043,0.005179457941286273,0.0017316288317807886,0.0034529146380358157,0.0034321132609840565,0.001669226791232261,0.0035049181170700625,-0,0.005028643138811854,0.002496059905919493,-0,0.005715114051269498,0.002012438940941929,-0,0.0022308478520263295,0.0022360480753789583
saxony,2021,34,2021-08-23,2021.641095890411,2021-08-29,2021.6575342465753,male,0.015550324889442071,0.009048787267324722,0.005845128502376657,0.01116559866991332,0.008065825520937807,0.0078733960311214,0.02098103215876963,0.010629886411403843,0.008091829560669015,0.00542908340308526,0.016502218215392647,0.013677798709381312,0.011160397553490643,0.0166634696304082,0.017147226875703747,0.012018588801434188,0.012028991206470531,0.01782345422334967,0.042438913187347625,0.0297316981290683,0.033831803295450234,0.03443539937520457,0.02680250625897188,0.02218793302268236,0.030194764878671343,0.019753351398926422,0.023748622223149062,0.024409328096941,0.024232445386586157,0.038973001109863445,0.02367578901848895,0.022583303190004095,0.016273346097787213,0.016013265368732443,0.012263045869935648,0.012861190351738811,0.00542908340308526,0.016788309778997864,0.012918404532277994,0.0072493052883192835,0.013058839605933103,0.010993962102740479,0.017048394384522287,0.00763416036108147,0.0058555296725085965,0.013225281665846569,0.006895657192178224,0.013865048293070885,0.016080886233149228,0.014692075353365513,0.005439484489999141,0.009152805470507532,0.009194412810043424,0.010936750039578199,0.014203139526992608,0.010224205072293177,0.006542011501149185,0.014442405420821295,0.00945966038219503,0.008081427943217201,0.008227050776876028,0.00688005512568118,0.0052470647188647915,0.0057567186402568615,0.0058503290871796815,0.005808724423301436,0.005694311769258563,0.0019500365634153166,0.0019708373476054787,-0,0.005860730258351855,0.0020540405675667285,0.002397255257160785,0.0030264880716576255,0.009438856602147598,0.008471490021595586,0.003759735916092501,0.002589664483180265,-0,-0,0.0022360480753789583
saxony,2021,35,2021-08-30,2021.6602739726027,2021-09-05,2021.676712328767,female,0.016523024821490682,0.012725957084356844,0.018291616769384955,0.005860730258351855,0.02244804463657235,0.008216649132375735,0.011202006499415215,0.01956087865384955,0.028977272368875834,0.03425848255702427,0.017490541199373096,0.039940935287964406,0.050688296815447106,0.017558163984875513,0.027229127846227406,0.03162561516154576,0.041075418710248265,0.021891407369930563,0.0408984792996872,0.0403468485312164,0.05801755370224043,0.043302825137201316,0.05087047463010563,0.021105882673285677,0.04208502568913833,0.021626096377077162,0.02350931350519697,0.03476321742337538,0.02748406192880732,0.02304110398143001,0.03743787363537759,0.033191790967495916,0.02011228896174468,0.03500257793853837,0.017251261279884234,0.01191976605737966,0.02808238152122697,0.026412306652358733,0.020309965778955996,0.034659147977837125,0.023072317818524892,0.03672496543875819,0.015050977981575132,0.021298361137128553,0.019758553374894256,0.03662609573067052,0.023212780317314965,0.023701800865582573,0.00520026001733406,0.0334415509387594,0.030611008172879445,0.01827080945561934,0.013943069151946876,0.011711718789039807,0.007530145195667328,0.00878874266967398,0.016980772261945817,0.011243615478634129,0.009594885155377441,0.013012027872573672,0.014463211202742918,0.006718834046028912,0.0067448374121625194,0.0072493052883192835,0.0054550861242678925,0.00717649518955648,0.0034529146380358157,0.003463315329682109,0.005179457941286273,-0,0.001669226791232261,0.0017524295286047305,0.006042751090638643,0.002511660657093224,0.009990159585554366,0.003395710871169003,0.0028548783671266307,-0,0.014317570904073767,0.0022308478520263295,0.006032349883058143
saxony,2021,35,2021-08-30,2021.6602739726027,2021-09-05,2021.676712328767,male,0.009329636893456644,0.012060198434059565,0.01460885190932469,0.008372674018343875,0.008065825520937807,0.0052470647188647915,0.02098103215876963,0.010629886411403843,0.032369672868652374,0.024440542755345487,0.03026240418725459,0.021891407369930563,0.0251116624432172,0.019441233793008373,0.05145865307419943,0.009012380945368752,0.02405556327791183,0.04754452878309316,0.024242850235245934,0.08030838189742152,0.033831803295450234,0.04238687075715279,0.03752633737792696,0.024965992317620228,0.04942347987176363,0.05646104130500911,0.04156981143111535,0.030512150088812164,0.036350302275351375,0.038973001109863445,0.03156838039428185,0.024466554984993116,0.03074628796089661,0.014234348059406267,0.015768790669483494,0.020216329298186144,0.025350978535455072,0.013053638300148022,0.012918404532277994,0.018119956679774157,0.02051804745101276,0.009158006386131764,0.017048394384522287,0.017173235457233083,0.019514061066824524,0.026453927804229314,0.027593319775374478,0.006932062032199865,0.009189211890783682,0.018889830600928397,0.02175615061619851,0.0073221154890305085,0.01287159292533582,0.010936750039578199,0.014203139526992608,0.017037990975324793,0.013079644834287588,0.014442405420821295,0.007878596818777955,0.014546434413698862,0.008227050776876028,0.00688005512568118,0.017500944699110708,0.003837741614408134,0.009750914176774251,0.0038689439265003588,0.005694311769258563,0.0039053466476019223,0.003936549000260211,0.0019500365634153166,0.0039053466476019223,0.006167565743876809,-0,0.0030264880716576255,0.0031460951703395374,-0,0.003759735916092501,-0,0.0027092705771113563,0.0030264880716576255,0.007457334703679101
saxony,2021,36,2021-09-06,2021.6794520547944,2021-09-12,2021.695890410959,female,0.006609620050255059,0.009542875585615106,0.006094757159748407,0.02050764334763409,0.011222810984862875,0.021917418324447695,0.02801474504825408,0.039129118307042195,0.04927253669461139,0.05425389289877397,0.037901009014864574,0.031381067050978005,0.0596365842592678,0.061489941567371684,0.07264271642157559,0.0632704762505763,0.04739359105996614,0.08134999973828777,0.05348870058037232,0.07140340108516471,0.030527759247483577,0.014432002532979334,0.032910812433738355,0.036188989800226216,0.036069306674310506,0.04634744853782727,0.04030521625787691,0.024331291532909555,0.048101440724402096,0.03950380149259468,0.04319873859965675,0.033191790967495916,0.036204600663048446,0.03889494268703751,0.030673444954389232,0.0397431838301227,0.020055066865433423,0.052838035698455764,0.020309965778955996,0.04485894371439514,0.03565822325284605,0.04080480573784214,0.021501244613538126,0.021298361137128553,0.037328595102359544,0.03418043121094688,0.023212780317314965,0.04214227203292047,0.031224973113647688,0.03583514483335566,0.02244804463657235,0.032484144230102444,0.017927489980436632,0.0273331824228501,0.018822206083660593,0.026375888171802614,0.015279844719116973,0.02087699029231954,0.019186339137879014,0.017891077441780787,0.009641693812637063,0.026875343843167428,0.011805339956782778,0.019940622861716432,0.007275308919724271,0.014348779505165127,0.010364632869976964,0.012122612945435263,0.0034529146380358157,0.006869653750619098,0.006687630023829551,0.014031492933522608,0.010068174630755202,0.007540546702846017,0.002496059905919493,0.01697036886627717,0.01428636232171272,0.004024955767797943,0.004092561044388847,0.006698031362482135,0.008045022298518056
saxony,2021,36,2021-09-06,2021.6794520547944,2021-09-12,2021.695890410959,male,0.006219571937816006,0.012060198434059565,0.01460885190932469,0.01116559866991332,0.008065825520937807,0.01312125531596912,0.028852402953970215,0.04785161033081124,0.05666406201897573,0.06520206088861366,0.05503471299413413,0.06295809733495329,0.041856040944250744,0.03332707746968938,0.06575916197247954,0.048085826289634544,0.04812225997804269,0.07430906931200093,0.057601090970496545,0.04459871997402092,0.05640377919566345,0.06094329841436371,0.04825238050217909,0.03329065414601013,0.03568944466449106,0.022578100931440505,0.014842918185189164,0.021355584601614706,0.05150549943101606,0.02098103215876963,0.036834242703248345,0.03764082009169099,0.01989380493278631,0.021355584601614706,0.03680302060424577,0.042272377594068426,0.03803110396466461,0.014920940511277144,0.016606251329135777,0.01630975750366404,0.01865574610813226,0.021990249066300163,0.01894184952021084,0.03244251825132789,0.02537178868248336,0.03307211473972203,0.03679261324207747,0.018489286665460354,0.020674109251490356,0.029388302977604152,0.02175615061619851,0.03477882785817386,0.02206828211720402,0.012762366006361344,0.01597685417046448,0.017037990975324793,0.017984709735555854,0.022468853621892812,0.01576358909262821,0.017776638200561638,0.009875737730976804,0.015477503166720077,0.010499859996536744,0.007680967253394826,0.0039001462573153684,0.007743376508689189,0.005694311769258563,0.0019500365634153166,0.003936549000260211,0.005845128502376657,0.007810986619780369,0.00411336268563894,0.011976979202098424,0.006058352905907412,0.0062923806967118065,-0,0.003759735916092501,-0,0.008123034425508342,0.01210700931057096,0.010811923938442575
saxony,2021,37,2021-09-13,2021.6986301369864,2021-09-19,2021.7150684931507,female,0.009912144657398491,0.003182497385412486,0.02743723720769735,0.0175789710134846,0.01964411002375528,0.016434596803073367,0.039222788850331064,0.05310871130035623,0.04927253669461139,0.07711595318838008,0.03498176393695891,0.06278108344906973,0.04471842273285485,0.05562814410813002,0.03630867320160507,0.047445638501210335,0.050558170195738876,0.03127180124564645,0.05348870058037232,0.04345375098672249,0.030527759247483577,0.043302825137201316,0.0359027914790993,0.04222033533054472,0.02404515846672684,0.02471627305169694,0.033587244809318705,0.041720732250773315,0.017173235457233083,0.03621500790753163,0.028795171239016606,0.03734420630730523,0.034196041470793505,0.015555526444964511,0.024919169863908314,0.02185499205547191,0.018052333163697372,0.03047572873679638,0.03452906146380004,0.0265007516399071,0.0335612280167821,0.03264024194727222,0.02580360111260882,0.023431278291807554,0.035132665637161324,0.03906667137192396,0.028368536803391124,0.034237668853286905,0.0338265999114264,0.016720687994640968,0.030611008172879445,0.014208340947757954,0.025897247654943074,0.011711718789039807,0.015056179487153957,0.026375888171802614,0.010187797927392828,0.014452808310744417,0.014390391002423017,0.006505606934198099,0.00642759723369247,0.011753328176112956,0.005059846165506341,0.01268954818784482,0.009090394523631421,0.005382278537721043,0.010364632869976964,0.006926861339210263,0.006906058572441684,0.006869653750619098,0.0100317675950974,0.01753735696458627,0.002012438940941929,0.012569919135928956,0.007493739936929543,-0,0.005715114051269498,0.006032349883058143,0.010224205072293177,0.006698031362482135,0.009610488036446993
saxony,2021,37,2021-09-13,2021.6986301369864,2021-09-19,2021.7150684931507,male,0.009329636893456644,0.0211110847845598,0.011685712939020211,0.008372674018343875,0.02420643327404232,0.018369644270182756,0.04197053319065123,0.07445487773055293,0.07556407658528416,0.07879286520271885,0.03852026388854272,0.05474320545367557,0.053025426349704155,0.06667552814008557,0.04573850959640714,0.036058899458987825,0.075209963581776,0.03862954492589626,0.048502212821254484,0.05650268651505033,0.014093909811048093,0.0397379798545483,0.016080886233149228,0.030512150088812164,0.016471008321855496,0.028222857553875103,0.023748622223149062,0.030512150088812164,0.030288419329371697,0.02098103215876963,0.03156838039428185,0.03952461730428584,0.025319763330527854,0.028477796508357196,0.02102785106658401,0.020216329298186144,0.019914612895994433,0.02238561773057984,0.022146315285201446,0.02537178868248336,0.01865574610813226,0.025652726482471466,0.02083537360402634,0.01526424013682805,0.03123017623734026,0.03527836424597828,0.018395653463129862,0.027733794486851013,0.02297347406533756,0.031490333085906506,0.018130360305438,0.016471008321855496,0.025746372753096502,0.023701800865582573,0.019529666924480757,0.01363098641881596,0.02289023736628031,0.01925916605470958,0.01418753526780673,0.012928807117320678,0.014811709287531545,0.012039393613587837,0.020996638456688716,0.0019188354027312412,0.007800585058505722,0.011612896628170248,0.0018980346393426264,0.011716919960600964,0.005907535554375335,0.0077901834993117,0.011716919960600964,0.010276215323515192,0.004789420556204302,0.015144605161548193,0.009438856602147598,-0,0.007519743690575015,0.0051742574235774715,0.008123034425508342,0.01210700931057096,0.010811923938442575
saxony,2021,38,2021-09-20,2021.717808219178,2021-09-26,2021.7342465753425,female,0.006609620050255059,0.012725957084356844,0.012195429970057726,0.011716919960600964,0.025257332976888112,0.010957554418900645,0.042027779408383883,0.05870472450173285,0.06667032146851969,0.059969767219761765,0.04373478649448098,0.07705866832944976,0.0477058764888465,0.03512746212297075,0.08173019544793939,0.07593381479471223,0.050558170195738876,0.04065909164370792,0.04719060653688801,0.0403468485312164,0.036636503059511785,0.04041450104648044,0.0359027914790993,0.03317097769070606,0.012018588801434188,0.021626096377077162,0.03022598301016301,0.031287410632354476,0.017173235457233083,0.02304110398143001,0.031672443654340666,0.02074173617714987,0.022125506428951627,0.021386797426959762,0.040263584017874825,0.025829614024115304,0.026074136028373922,0.03453946837294732,0.05281721455666779,0.04485894371439514,0.04405225435799227,0.04693037112793482,0.034409382158307654,0.04687311951274238,0.03952461730428584,0.04150736156489537,0.012892398078772923,0.031604802511616535,0.01821358938567527,0.02149604246322626,0.01632536239969773,0.01827080945561934,0.015935241403672203,0.02928424428850047,0.015056179487153957,0.0175789710134846,0.018676553575927277,0.014452808310744417,0.025585093169684187,0.013012027872573672,0.009641693812637063,0.011753328176112956,0.013490549799966361,0.01268954818784482,0.007275308919724271,0.008965572854586027,0.013818235833936423,0.010390638059310358,0.006906058572441684,0.013740215162360118,0.008357071508682635,0.008767939158040618,0.012081003262860929,0.007540546702846017,0.012491900337300056,0.003395710871169003,0.005715114051269498,0.008045022298518056,0.010224205072293177,0.0022308478520263295,0.004914232201128649
saxony,2021,38,2021-09-20,2021.717808219178,2021-09-26,2021.7342465753425,male,0.006219571937816006,0.012060198434059565,0.005845128502376657,0.013953471941975461,0.008065825520937807,0.020996638456688716,0.04197053319065123,0.06381193748303651,0.07556407658528416,0.04889257822279298,0.04677423050769341,0.06569668304910173,0.061401437047959806,0.041663486371064255,0.07148150832249557,0.08718344525938337,0.07220010041074157,0.04457269767160878,0.05456621952996323,0.05352513805449651,0.028191640624939417,0.04504110110749318,0.018759783530390296,0.03883769991810394,0.02470586810830804,0.016933956997830492,0.038603525610453805,0.04271994321041873,0.012112210521670226,0.014988559955247326,0.03946737384218848,0.024466554984993116,0.01989380493278631,0.019576484525562116,0.024534186842978888,0.020216329298186144,0.032593412582920846,0.027983528244253358,0.035065019993264036,0.032624632154471145,0.027983528244253358,0.03665211405668208,0.02083537360402634,0.04008144335974906,0.02537178868248336,0.03968594012741911,0.011493270053125997,0.018489286665460354,0.02526773803062301,0.029388302977604152,0.018130360305438,0.018302020429392843,0.02390469371950037,0.029174982889056757,0.005325072648370196,0.02385266983533365,0.013079644834287588,0.011233213230708054,0.017339690687083274,0.016164112033149637,0.018104351245178223,0.018921041946253322,0.024497769677749897,0.0057567186402568615,0.019508859115309377,0.00967810057519137,0.005694311769258563,0.015623146714139264,0.003936549000260211,0.0077901834993117,0.011716919960600964,0.01644500009155316,0.009579282278983844,-0,0.009438856602147598,0.012705151997512511,0.01127482223489776,0.002589664483180265,0.008123034425508342,0.015134202133226351,0.005964742084499513
saxony,2021,39,2021-09-27,2021.7369863013698,2021-10-03,2021.7534246575342,female,-0,0.006359988921251389,0.015243434034403385,0.03809354965617889,0.04491098861874011,0.0575490333635472,0.05043845399320628,0.06709727026851031,0.09278312683424615,0.10284844261355776,0.12254708844698266,0.11992017114410178,0.10739722911823875,0.13771700424183522,0.15448725668406155,0.1107739052819903,0.09166835145222346,0.06569668304910173,0.05663282801139315,0.07451215972113467,0.04579575996241541,0.04619130966791754,0.03889494268703751,0.06937786103560357,0.05110990930002715,0.03398790505818819,0.04366712965935757,0.041720732250773315,0.05154193551549048,0.032921219019025824,0.05472238354903707,0.03942053832916226,0.0663995752653471,0.03305650481727727,0.044099094042913775,0.04173114059930998,0.05818934555078372,0.04673779776376086,0.06908106616486713,0.07138257250835672,0.0713461225190149,0.0693882749214793,0.06883634184396203,0.05539909971776432,0.050511324692360714,0.04395337071726477,0.05675255847568841,0.06586329367825826,0.07288225136328612,0.06690982890025482,0.04082041798642933,0.03857750630803644,0.03585595917652014,0.025382193759120552,0.03576749827561323,0.022859023638481923,0.030569383693521933,0.03212512125888308,0.017589374530914144,0.029279041359514337,0.020897798648956165,0.023514515856917325,0.018551708894017745,0.016314959135153018,0.014551635868808968,0.008965572854586027,0.006911259263350734,0.02424805266035366,0.0017264286588720033,0.013740215162360118,0.013376120242808409,0.012278649551621904,0.004024955767797943,0.02011228896174468,0.012491900337300056,0.006786442825027931,0.017147226875703747,0.01609649106050013,0.01636177384199741,0.011160397553490643,0.012289052008682562
saxony,2021,39,2021-09-27,2021.7369863013698,2021-10-03,2021.7534246575342,male,0.015550324889442071,0.018093947624718002,0.005845128502376657,0.013953471941975461,0.03766163515763054,0.03937370285831418,0.04984508210137078,0.08776161702158079,0.0647647146869388,0.10599034542865461,0.12115543120353624,0.11502632793861349,0.13686194971956145,0.12230732461836175,0.16311957881207625,0.14739991365498678,0.10231699523705985,0.07430906931200093,0.048502212821254484,0.07435593625908996,0.050761167864722255,0.055643760807845416,0.04825238050217909,0.019415224077081128,0.038437002299943214,0.04516080488468342,0.050485299430942855,0.021355584601614706,0.04544184961843478,0.04497344257271275,0.021043457378554446,0.04329241647407069,0.056081030304107146,0.05518567289841428,0.052582977286026025,0.05146906337206638,0.03984205946503962,0.026115756909565444,0.04245452592655975,0.028998083967180167,0.04664931834906252,0.05131811425698727,0.026521562247068392,0.06299454144508015,0.046852300759208605,0.04851262252726467,0.029892990573834894,0.03235926639374339,0.04365151655605729,0.052494487925045165,0.03626704416118528,0.036610484741317,0.025746372753096502,0.03282235654288404,0.02840495667953669,0.04260544931397669,0.027801430594386087,0.02567873931850904,0.023644574819148775,0.0388012727343141,0.008227050776876028,0.015477503166720077,0.015747984365178467,0.024960789820678786,0.025361383607928202,0.005808724423301436,0.015191418814748612,0.009761316128180634,0.01575838751629324,0.01948284936555682,0.009766517104661232,0.022614516752292035,0.014369585249631773,0.012112210521670226,0.0157271780691927,0.004232972284309839,0.01127482223489776,0.015529518672543862,0.010832728267824117,0.009079992706433657,0.015285046247583377
saxony,2021,40,2021-10-04,2021.7561643835616,2021-10-10,2021.772602739726,female,0.016523024821490682,0.012725957084356844,0.009142403640825391,0.035158683215936286,0.03929564383398356,0.032874389401630066,0.047633009721030815,0.10347889213298839,0.11020068862964079,0.16006811086903927,0.1663798919988271,0.13707571203201027,0.11635528133827401,0.15825817944694442,0.1787605109046452,0.17418460797135826,0.1328162726275603,0.10640198523560628,0.11333261302886727,0.07140340108516471,0.07940739929454589,0.06930496389287484,0.05386348724777792,0.05730436330897565,0.03907707918923584,0.055622938542602376,0.05374896881281492,0.04867397323689687,0.058418402231701534,0.05927216784062582,0.06336939663173415,0.04772149080952404,0.07243963331357144,0.06029774628156429,0.06520206088861366,0.06758670369324896,0.05617993700960636,0.06910710073487455,0.08535000615052624,0.0734238126902084,0.07974591693880385,0.0693882749214793,0.07744924816474863,0.06392647808162462,0.07468921354549676,0.0903869102114322,0.05933463904530671,0.07640770845656222,0.07027866987604939,0.09082447196268856,0.06941430964529005,0.05889734218861455,0.05379581723299806,0.08008443678681071,0.039535025213256164,0.024617426173565,0.061156748866455224,0.03534080663187163,0.027187506073877092,0.027650550167573017,0.030543368410846265,0.016793511458363084,0.02192262051690897,0.023566539402775682,0.018187580283792203,0.030496540934826247,0.01900427229203403,0.03291601572611887,0.024180421174516364,0.020611684475094802,0.018390451623496243,0.03332707746968938,0.006042751090638643,0.010052571612347957,0.017485339450287705,0.013573771454237438,0.03143830161206648,0.02213070864223053,0.010224205072293177,0.02009668292923525,0.016091289450864764
saxony,2021,40,2021-10-04,2021.7561643835616,2021-10-10,2021.772602739726,male,0.009329636893456644,0.024128397014494946,0.01460885190932469,0.02512206746780387,0.01613810395633775,0.028873214502298978,0.06559775824061712,0.0664724683352208,0.14583029431312824,0.1277596188531798,0.12942773894313434,0.13970871014661354,0.1620398081459384,0.13901004022642596,0.13160158824017143,0.15944740682835432,0.12641994865115833,0.08620942268384549,0.10008705957280627,0.08030838189742152,0.08462602385122009,0.052988989225742245,0.061661744888013695,0.04716458293738316,0.03568944466449106,0.04234003261451287,0.04454147092590018,0.057986318881661544,0.06059969708801497,0.05097457652503765,0.0710597306346797,0.04517641844115139,0.050651861329107026,0.05518567289841428,0.05609144152740616,0.05514923426070085,0.048897783114607817,0.057845762421236395,0.06092247402692298,0.05257256676515334,0.05598212378673327,0.07516309586495688,0.05684626077048635,0.038171606876023265,0.052713108972787366,0.05954287693627384,0.0598031754726617,0.07167938051548439,0.0528484462724761,0.07140340108516471,0.056226787619982455,0.04027399207474618,0.04966290787905651,0.04559278167644049,0.03373814246273667,0.03408156634076233,0.031068879644879765,0.03209910519786996,0.0394153343858712,0.02424805266035366,0.03127700437403043,0.03612134278216725,0.0332542308478493,0.013438536333678437,0.025361383607928202,0.02710426262912664,0.024685058227776162,0.017573769255553245,0.01969612969759165,0.01948284936555682,0.0175789710134846,0.01644500009155316,0.03353521123726229,0.030288419329371697,0.02202146227260865,0.012705151997512511,0.01127482223489776,0.01811475486771989,0.0027092705771113563,0.018161571194918236,0.01826560762847452
saxony,2021,41,2021-10-11,2021.7753424657535,2021-10-17,2021.7917808219179,female,0.009912144657398491,0.015904031850427058,0.03353521123726229,0.04688873358335968,0.042100638322103624,0.04932458601655036,0.08969932061265494,0.1314816853114165,0.15376231117155775,0.19157205022631732,0.24537843828894101,0.1799867334633974,0.1611739212990308,0.19937010855572676,0.14538705490493212,0.21226504620424475,0.1296466836776346,0.12520541366658897,0.11333261302886727,0.10869993314104384,0.08857940247281733,0.06641519520028662,0.0868084183644249,0.09051192747893928,0.05712216295235095,0.061807517847628786,0.09073070842031525,0.06259365763845329,0.06185437352857571,0.1285050534048972,0.0777825452773913,0.07887098354028188,0.07646499259837268,0.0719761902167562,0.09783117056347579,0.08350100661083022,0.09634640094837425,0.12608633964932972,0.10162403769858418,0.09791973710843493,0.11335866976349626,0.08164165647273729,0.11837222844492816,0.12793164126280995,0.11646993773290122,0.08793871596459608,0.10323400587459058,0.12124924962219943,0.08330308942875407,0.09561184639303341,0.05919928486335408,0.06499380033383308,0.05778329300521951,0.08986079917124433,0.07155961567714854,0.05451937041569583,0.04585821497904135,0.04658686238227465,0.03998256726965394,0.06671718153140375,0.06593097939883816,0.05376458494818435,0.05060501574132481,0.03625663690628759,0.047299905797011384,0.03408676975029946,0.036282655047440146,0.027718186166832692,0.024180421174516364,0.025767183058360264,0.02173534191608039,0.031573583552341675,0.012081003262860929,0.010052571612347957,0.027478859179937688,0.027151087050402017,0.025720359883225498,0.03622021153055142,0.020455622861971112,0.03573107324251107,0.03486728707719771
saxony,2021,41,2021-10-11,2021.7753424657535,2021-10-17,2021.7917808219179,male,0.009329636893456644,0.024128397014494946,0.020455622861971112,0.016746696362837068,0.0484293449375319,0.03674578013809947,0.1023638874341574,0.12238029610134887,0.20536298549566076,0.17949624096999353,0.17907880419435282,0.20283628766173764,0.19002719218362465,0.18356642515693858,0.17745605056333502,0.1775290994775064,0.13545948219677853,0.1576635759550871,0.14260255492647916,0.10114991417708036,0.09591921193025468,0.10603724093839298,0.061661744888013695,0.04161664887999607,0.0768972295210964,0.07906367594136877,0.07723052309554997,0.0488249146765687,0.06666511479746938,0.059974973220461504,0.08686571396499801,0.06777935428350709,0.0524580511731114,0.05874637150871082,0.06310387392871748,0.06802407363001714,0.08333954780042821,0.07838665173914397,0.08678758361623128,0.05801234789750482,0.08026150958516333,0.07333008051847031,0.06822193266706861,0.0840114280831492,0.0722469654570811,0.09265289483244564,0.07822000097974716,0.08093335009816625,0.06434299147603721,0.09452305766594474,0.08708447956607135,0.07691285260967541,0.04966290787905651,0.0565391261011929,0.06571750934855326,0.04430727093081591,0.05070391203169792,0.04976700735651442,0.04099215303028327,0.05012094713870531,0.05268708260937892,0.051614807761036816,0.04200696259464282,0.048007754186143996,0.03316577437281314,0.0348516766158437,0.032281217898311385,0.009761316128180634,0.02954959435723139,0.03117294190532744,0.021485638164175366,0.014390391002423017,0.026349874987022046,0.027260344197353025,0.04405225435799227,0.04237125803825378,0.04136164550205281,0.023296017532670587,0.013537361964105673,0.024211635695512428,0.03243731500632111
saxony,2021,42,2021-10-18,2021.7945205479452,2021-10-24,2021.8109589041096,female,0.023134745548924536,0.04455187983905281,0.02743723720769735,0.04688873358335968,0.05614349767516863,0.11790316399697132,0.1514571559137014,0.17351156157805522,0.20027317212059276,0.23455420238551547,0.21025489615111553,0.1570950579220095,0.1940668841059516,0.15825817944694442,0.16055320405864962,0.17418460797135826,0.1581486467138843,0.18478232402824554,0.21112160067086286,0.16468972012541125,0.1742472173810527,0.15606235299133034,0.16476275110780444,0.16303611747794441,0.150461068405395,0.15156145937418658,0.12773876769068176,0.1113262836708109,0.1444432282826066,0.1318049025338462,0.1585659155030943,0.14537662578787994,0.1570741949931566,0.1382071028069996,0.1708455486719115,0.18905646027261258,0.1667085429094132,0.16274922016355878,0.18102513177317275,0.191937394987314,0.14699316389543926,0.18387431102421062,0.1787344213771292,0.2176693413585351,0.19132674875567895,0.19072654790919563,0.14200291620378647,0.14236269860763237,0.13543862794653133,0.15545734346834122,0.11846604184226579,0.14024053981112025,0.13160158824017143,0.12506467539511534,0.12246369220728862,0.11614681581391106,0.1325921012708109,0.1012645370497974,0.1072304853593004,0.09765924770093966,0.10134268915332828,0.10421355782779589,0.06410870228116528,0.09250703537764893,0.06368177801817299,0.05383225492232595,0.07259064375417251,0.05544594962462607,0.04664411368230081,0.056700501718210006,0.0334415509387594,0.049121593955608694,0.05035517331922076,0.04777874335877514,0.042475342919471665,0.04413032052296976,0.05716901441164973,0.05031353303224191,0.040914091576404334,0.04466637802124738,0.07266875277483746
saxony,2021,42,2021-10-18,2021.7945205479452,2021-10-24,2021.8109589041096,male,0.04355783803472377,0.018093947624718002,0.03214593411706747,0.05863704818653696,0.06727429884781139,0.10243162068238905,0.18124429386551727,0.14369235082994686,0.20807253550043747,0.23946975611552343,0.1956379601661933,0.2000904701338876,0.19842530161348249,0.20865205296179196,0.2032643559293935,0.1835612067681161,0.18370732185301766,0.17554116205916737,0.17299504350982617,0.15776267606490463,0.19201568348433934,0.14851066959033027,0.10191580816820976,0.1360642590920621,0.10988802766435603,0.13277977955013776,0.15755404447449048,0.1374406741085406,0.12733738444220807,0.13804026022367968,0.11585496548381714,0.12055603974623409,0.13034522780261326,0.12469458768422408,0.113994458134571,0.15640137002548424,0.1050993387790001,0.13818624745480876,0.12376156134339517,0.1215359180613327,0.12885431662640923,0.11370783126728061,0.12514286327668472,0.1298969073601594,0.12698813140913479,0.12136391680820713,0.12428801548878816,0.13187267414172216,0.1333740985701329,0.14500639348766534,0.10161361735494698,0.11358275822030811,0.10306206514824802,0.11679306165974569,0.12617495433168963,0.11767384514013042,0.11292612965920613,0.07064837050616117,0.06781580177276138,0.08248017869652209,0.08069898614266309,0.096388078113646955,0.07353316710410306,0.048007754186143996,0.07806897419036733,0.06584767390909986,0.04748207174107489,0.041018173540948666,0.059110784242573614,0.04872081708507943,0.05275475118132537,0.04318312563699116,0.04312587814733735,0.03937890679743894,0.0566432393451714,0.05932943310871388,0.05640898483935933,0.04659727170486426,0.04333925547456869,0.039352887107040366,0.07123677270430097
saxony,2021,43,2021-10-25,2021.813698630137,2021-10-31,2021.8301369863013,female,0.052895293881357074,0.07321031187823582,0.0640462253408172,0.06741488079599328,0.09828963430917727,0.11790316399697132,0.16550349972538198,0.1679031803836948,0.21481830986221648,0.20016355085153656,0.19269940803469204,0.20288327059212471,0.21501150669288757,0.1641315581475866,0.239501100138174,0.23449152032249831,0.2501016874229845,0.23500342604827557,0.271147304217706,0.2051646039517301,0.23858690723812392,0.19370152438320123,0.1707620749364885,0.150946071981497,0.21077178445741082,0.22905936187933634,0.19509512453256406,0.22987414947059626,0.19957890798610634,0.1714089998908958,0.2568320136435783,0.24946945774675314,0.2095396147472608,0.2162333627332389,0.22278696948262855,0.24291771187686254,0.2573180103606916,0.26472348997987344,0.24218630821677434,0.24924478293616237,0.2459217990940827,0.25350854493075947,0.2737348254397609,0.2497568339194002,0.21115814876923783,0.23484149614112068,0.23516013289015536,0.2163377962052484,0.21373224374107733,0.2729559418700207,0.23925034848598392,0.16670332621206613,0.1895313859864351,0.1622536739851467,0.1583103379723522,0.21489663281516386,0.17686644522713704,0.1559945498497289,0.16974474955411514,0.13514666932124178,0.15450290310150921,0.16651030877825088,0.12829653916708342,0.13791512863748578,0.08189164926140295,0.10591739694200793,0.1054588659406582,0.07451736717794973,0.08641255957622787,0.10141563122259292,0.07360086280891057,0.07721489991152847,0.08664694928427442,0.08049066351340668,0.07248129132234987,0.10189496736608675,0.09436677407373949,0.08253746952827005,0.08595940913644062,0.09384062276586214,0.10601639848439783
saxony,2021,43,2021-10-25,2021.813698630137,2021-10-31,2021.8301369863013,male,0.08091772580160633,0.05430074177386138,0.06431175285573003,0.0781939618468384,0.0861260847011509,0.1392498810811914,0.19966764799789818,0.19701073325574656,0.19182779128949373,0.174048954508966,0.20116059090146987,0.24679432303488785,0.26006162541384603,0.19750139098404357,0.19466190400620165,0.20466343289607866,0.22294363951334775,0.30384840279648107,0.23383336322263834,0.21145053448101242,0.23447062631828333,0.23888467116065995,0.17982497478937512,0.16109567922195706,0.1318935269619163,0.16390203533434194,0.1307674866377553,0.16191461879453295,0.20632358051844307,0.15908229026539272,0.16860223862143345,0.22248929772469284,0.15209862550891642,0.18894164371814967,0.2036141216420862,0.17667860776313565,0.1722594054212781,0.14754071238996552,0.17372025720231046,0.219695444101562,0.21493318356691588,0.19455229456561654,0.1878248050059585,0.18921824766600853,0.17983019280326082,0.21423350220910303,0.18654099200903082,0.19677062584180627,0.17253070336320891,0.16395419952112134,0.1870472071700485,0.18148432959792835,0.1509825778100727,0.16980213661009222,0.17245766147037028,0.16549828314893053,0.12767100147030905,0.141392856077664,0.16100700501025883,0.1505080040376367,0.14996563931540996,0.10672504660684425,0.13138263527445568,0.10567770977784524,0.0839280936230011,0.08523541835258662,0.09881062074489665,0.11728296305607103,0.07488709794495582,0.08382392573561398,0.09382499459060882,0.09257475578792349,0.0742934470056933,0.09396043893219924,0.08814185961254557,0.09750295468278462,0.09404899888475723,0.11657938270906391,0.07587132364511963,0.05449854860067964,0.10670941455880338
saxony,2021,44,2021-11-01,2021.8328767123287,2021-11-07,2021.849315068493,female,0.06612883047184995,0.11463546575526194,0.10372898992764076,0.09968588970777773,0.1264095233374538,0.17833264430630294,0.2442290399095276,0.32229432463458035,0.35463494352044556,0.3982289833252864,0.4125518094699875,0.42381683958868516,0.4128925028384488,0.41129912535380736,0.4099416481849375,0.5498641974071898,0.6003551385695749,0.51210297192270815,0.5024201751773176,0.4424207517956687,0.39518464651689916,0.3735912149037388,0.3631644104926914,0.39336651315546023,0.3285734991561684,0.31910270157753834,0.31656000767172204,0.35918486567334273,0.2651207085253578,0.2540206379017623,0.37557626288361273,0.39137030737694684,0.36117460001384166,0.3432749656717189,0.38278382874406863,0.34480344492255527,0.323864047182213,0.4569865760175862,0.42610788653469767,0.40511476737781993,0.3872785870281856,0.4835533533011225,0.3797351578978022,0.38474303458895953,0.36567272745006724,0.3796984911231853,0.3570328966016998,0.4256150670000027,0.29999891657922667,0.3738792778521409,0.31103557044240876,0.3155659841875856,0.3196102088670485,0.3662749509943428,0.30007213784312636,0.3244500890809944,0.2842953379464364,0.2833908140348224,0.25322114802372264,0.2461307855309639,0.28037410525380757,0.2508070767127241,0.2399660386927987,0.1888216085004585,0.18398911639047594,0.1616590248045837,0.16433499966990844,0.14393742769548679,0.150445423204064,0.17028732061457383,0.1657486794090396,0.1387180615484864,0.17343330093489684,0.11322838622090745,0.16259794767149185,0.1290993235698645,0.10867908961977082,0.11679827335244188,0.16591039430116647,0.16097570826576132,0.1922870845199216
saxony,2021,44,2021-11-01,2021.8328767123287,2021-11-07,2021.849315068493,male,0.040445725313982044,0.12074888667863937,0.1550609617354793,0.08099063922572522,0.1616016467346137,0.1629370073176533,0.28660116082830506,0.34927398114402186,0.3137767897987437,0.4115873972680042,0.43637427461363454,0.46163989756300333,0.45104331091043376,0.426537796751622,0.4102089478370695,0.4434539149304348,0.5135996604993351,0.5584204941719924,0.5727717446547002,0.4867235927799414,0.39326696302030434,0.42010524320748666,0.3117313242666882,0.33105921522074166,0.2641276678508645,0.28008133174256805,0.23800183221661247,0.2875109694155849,0.258033949282591,0.34277769614947007,0.32187050767077735,0.26596742134177925,0.3483107417926019,0.32125310148511643,0.27929189709670077,0.3114279116798967,0.2904548844462716,0.25050401940102557,0.2756376504736599,0.2870612919174046,0.3255489354432979,0.3049991197615948,0.26771315671386886,0.317669151041627,0.311187275369888,0.2917517240534422,0.30896405778520886,0.2873070454170906,0.30404193068670454,0.29675113422907384,0.3017876369593786,0.2936186023749449,0.29685572953324474,0.2796421745664215,0.2954855477225918,0.2664221431741931,0.2556562339219437,0.24607853884300632,0.26386634450946717,0.25595932126244775,0.23420422850045558,0.2551232225392682,0.19456273355000403,0.22120985079920594,0.20322259301644516,0.1317840497491918,0.15018988558193588,0.1329413919445671,0.14987698408142439,0.1834203104679481,0.15255235268359013,0.16469493662075502,0.1679031803836948,0.12430365282214303,0.19852969932700917,0.13994855422389443,0.15056015478981755,0.15030461660388375,0.1165585360291777,0.14545484421675287,0.18258015897371924
saxony,2021,45,2021-11-08,2021.8520547945207,2021-11-14,2021.868493150685,female,0.12240114511529636,0.14333255922629454,0.18931218896414148,0.23485716675525617,0.2615824344015216,0.3848635229192976,0.7333181045364822,1.1383090945404695,1.2756887214767132,1.376565996712535,1.1611051791595444,1.0719076187141643,1.0962359540652307,0.9836947845969516,0.9369600170484106,0.976583602459859,0.9015462766671172,1.0069798476534018,0.6996554620946659,0.6085251557988018,0.5214146500105289,0.5249496378918087,0.5381462474814425,0.43590757663544427,0.4769563056436832,0.48095537067345356,0.45862856865791474,0.5204061982677516,0.47265319336279377,0.5658164132573518,0.5091254774838672,0.5231847402035843,0.6250637685075355,0.5629094340145161,0.6498999833500483,0.6194854111523279,0.6355432255651793,0.7034608578239744,0.670291601439483,0.6914131497707179,0.72427423602175,0.677413699170976,0.664192236975408,0.6687113865402661,0.8007669230625583,0.6113241948338484,0.6303427086673605,0.5771357306104007,0.6069994272911503,0.5618318428512518,0.5496644972202336,0.4669022724497512,0.5143296400305318,0.5632090608911081,0.4763895339082645,0.43955212726479886,0.4707011671514885,0.4321374398221341,0.3770742648259237,0.42452983193854377,0.42275261184108276,0.3927325392367506,0.3433901235023742,0.31082632299281276,0.3027395541764015,0.2625022579867824,0.2475675900216055,0.2064906423338239,0.18336290838102645,0.22199840416181976,0.20768619411420755,0.21789910161856701,0.20980588623704885,0.16363078240663345,0.20270055943462517,0.20739382956774272,0.20037235346791413,0.1712629193589876,0.2131161201604961,0.21474520854590443,0.23379157575151124
saxony,2021,45,2021-11-08,2021.8520547945207,2021-11-14,2021.868493150685,male,0.11830968627406353,0.16307784812826562,0.20783237700386029,0.2966465391352847,0.38868786280932915,0.4188785873959811,0.6782987617043755,1.1282007835850771,1.3025598908570364,1.4061979552792707,1.2441497404041042,1.2122519672523264,0.9997859664577005,1.0630647375377993,0.916654106798601,0.8907221386538484,0.8547636660010467,0.8625455092624242,0.7630605825831468,0.6369434535983508,0.5838927446244304,0.510958165527335,0.4953430023200513,0.4204459860682581,0.48803583455228317,0.35388626029826037,0.3574098774502881,0.40419241769197367,0.3982132634003394,0.40616815265548484,0.41192284296174025,0.4364476881600091,0.4375803674396748,0.4952012586968153,0.48400473321453297,0.47248002678537404,0.4435902730196849,0.5643970721671571,0.493106647973035,0.5043208856720749,0.5474941209659518,0.5025461869824408,0.4775283315291683,0.4714567815084556,0.48618820764836324,0.5094195434210881,0.5035805454235174,0.4711786721696076,0.4683137078310887,0.4997687475884541,0.4478542659888492,0.4650501495687314,0.44499058639586614,0.4209492411467047,0.4384928214690812,0.38641418026131275,0.4020805081534828,0.37682284889896456,0.34947814829832635,0.3567449269613519,0.3417622342113931,0.37968801490661425,0.26661553182532777,0.28678939578172574,0.2659151547192831,0.28141451017525315,0.2550030344529518,0.2230689758777836,0.23487283737411985,0.19710468863256655,0.2015416636141328,0.23278346318761278,0.2063601252446934,0.20632358051844307,0.19221401487099407,0.2462248297015845,0.2146825503565676,0.20483048937793458,0.2061878431886512,0.2183325157819017,0.22823414130657763
saxony,2021,46,2021-11-15,2021.8712328767124,2021-11-21,2021.8876712328768,female,0.1356523844080433,0.21355471585900276,0.23215666730187665,0.32319952551982034,0.4169023694508784,0.5617529955941084,1.0238578317229499,1.7443881136800714,1.8969102343403161,2.1739022054353496,1.88129389152619,1.6662970595102737,1.5885804450509458,1.3217796138949653,1.3357615725008203,1.37111465823566,1.198026471732402,1.128248610082805,0.8017491418757935,0.6776244269792361,0.6479570878512835,0.7118421434895736,0.5865221702643781,0.6460827100448788,0.6136024712871121,0.6308006280382328,0.6792628648202782,0.5695699686122997,0.6740527060599663,0.6990651763493312,0.756807869147098,0.8088734239351009,0.8555354544102715,0.8703813949370163,0.945707341444134,0.9704535053971383,1.0001888399077303,1.054642574935947,1.0335533514694932,1.0978132818072275,1.0335109163722391,0.9654100953291204,1.1036981455815045,0.9325498478978199,0.91010772345455,0.9433085642945953,0.8395469724963609,0.8949012797571495,0.7757054972416343,0.7868171943550561,0.7914578885494574,0.713249699410832,0.6432080933289058,0.6421920122460861,0.6418761361622506,0.5762313564486259,0.5770253119918799,0.6268058121469446,0.586848228309592,0.5575006772883047,0.5509047528956798,0.5130009798992667,0.5048722097257692,0.4221602186395881,0.38694330027338336,0.3436727847133814,0.3257163807372893,0.32659547737695555,0.2874377658369333,0.2823921960830285,0.28830052884957746,0.2390309417822041,0.26036996453482025,0.2317492540276147,0.2829986842800934,0.2176171232591981,0.22332487189321742,0.2662026217931214,0.2603647384327951,0.23716602217652602,0.286339724523393
saxony,2021,46,2021-11-15,2021.8712328767124,2021-11-21,2021.8876712328768,male,0.16196678098765777,0.25389522691196326,0.26065217482430286,0.28261701415860097,0.36701333894501686,0.543348060764332,0.9553194460014571,1.597384460455285,2.077030897176872,1.9981148506634072,1.97318275295725,1.7159225857059268,1.5917597987603453,1.4099432095617437,1.3019467258453559,1.1879810290063118,1.1244013745968853,1.0804334525344275,0.8307487977562048,0.7604485981913842,0.6894634332039451,0.5671464235868412,0.4710055105024521,0.5211887971394342,0.5129694705849307,0.5160627260053885,0.528043606063988,0.422642520558573,0.5510098606685441,0.5029137231582494,0.5473049399187804,0.6608110322752112,0.552575991651019,0.5904875955765746,0.6504844457926937,0.6675157225139017,0.7108405351376647,0.7154375492307778,0.720841669172429,0.7518906513731047,0.7590292111893086,0.806792546797576,0.7765447301839649,0.7784713224510285,0.736930818186407,0.8197175145742993,0.7828737217247138,0.6931574176260531,0.6959188555567237,0.7269898680286812,0.6824187153357774,0.6778246191880717,0.59169200875771355,0.5386926761337127,0.5083483112263202,0.5084060731837383,0.48782062463150605,0.48522242880240035,0.5052030069637757,0.46750566950454736,0.41635721909653245,0.4646356608470721,0.4357083136061277,0.38338101200952496,0.3404589126387209,0.3339794292497649,0.3676836576535768,0.20738338800719897,0.3061341700781977,0.3027970881930162,0.3487818892460551,0.298895380017069,0.24965233330922995,0.24281844934822097,0.29016728326986185,0.2462248297015845,0.23355652185209086,0.2568163364057493,0.2741896152007801,0.2943611888547528,0.28704560556324304
saxony,2021,47,2021-11-22,2021.890410958904,2021-11-28,2021.9068493150685,female,0.1986393171517913,0.2710741236715458,0.35782874826519495,0.3644787744353235,0.5500008348190976,0.6837148296273449,1.1325106590552168,1.5051343176370102,2.0051887751492523,2.031255493952406,1.9024547326891001,1.7429201048406937,1.720867319217043,1.6681172936306918,1.6439064128327732,1.50762874167537,1.415008547451198,1.2465890668202455,1.0321901412828354,0.7909035176317492,0.8243875614607746,0.7118421434895736,0.6500842726003265,0.6308269453659894,0.7170877233655497,0.6902327720903456,0.7814114926180679,0.6645240492828813,0.7611081778270834,0.8092536947460162,0.9411481709756154,0.9692137983379826,1.1034644379311835,1.078357607091935,1.251063238010448,1.1102901962608211,1.2830647833968363,1.2040983078480294,1.2847757102510289,1.408896007160047,1.269336766775272,1.2383022142130642,1.3127234875507239,1.2217111753138885,1.300261892259436,1.1799588382456698,1.1417586997480766,1.0692959991297308,0.9317133874246878,0.915473897571961,0.8785357766067335,0.8368624466591902,0.7845365954050866,0.7470266509280412,0.7639523810361087,0.7596307310619973,0.7076566030454182,0.7048787288270919,0.7487938869705348,0.6167069809424739,0.5703953665642781,0.6080569102197714,0.583245926293556,0.5428856562893514,0.4767936205319677,0.4285930264109942,0.39006050270301396,0.3841353585689243,0.3604153502955429,0.3428614464728474,0.3892484403734829,0.364258838712142,0.3231315040964941,0.3050148115325669,0.29304336661626806,0.33018004311583515,0.29798014234063247,0.3370149509945141,0.295312970130935,0.2820366718078893,0.3733607656939679
saxony,2021,47,2021-11-22,2021.890410958904,2021-11-28,2021.9068493150685,male,0.22439547091901907,0.30542802987223844,0.3399878405894595,0.3584308809729373,0.49988950273825544,0.6654562951918347,1.1989310824740251,1.7318280297500033,1.9676847138667826,2.0969559437624836,1.9674686927656748,2.0079721337626517,1.7299948123193436,1.6157479344458836,1.5957490099094038,1.5395208068941368,1.5005418927676182,1.2140404081633736,1.0188887829757534,0.9296117075108384,0.7780859982871744,0.7602691939777602,0.6443294908356623,0.7092011020476547,0.6350642088411459,0.5502688554006927,0.6240848813782945,0.5735393590130243,0.60000269407516,0.6726514784256309,0.68836740842175,0.7122902376826238,0.7576467971517595,0.8358055847443608,0.8798209222665554,0.8670237689787371,0.9370606135049615,0.9789256280739719,1.0022138563643026,0.9969500377272892,0.9885332759014575,1.0249397366589574,1.011597815386639,0.9627773329313442,0.9968493253451861,0.9048743848608695,0.9043717157540492,0.9137380331222925,0.8567671678598575,0.8932507433937329,0.7320313007357593,0.7408971811904753,0.7537319155876578,0.7953386504660613,0.7130862733600789,0.6858908990349152,0.63158489012106,0.6311901258492321,0.6247006308095734,0.6799161470365787,0.6491207103117318,0.5531961505131685,0.49925947895484935,0.551882263383081,0.4564095302136625,0.4392794326211844,0.38488971607152905,0.33692597628461957,0.40923933799967266,0.3949645808841371,0.39599156180511846,0.3692285657087444,0.3508183423406157,0.31284036464600395,0.28068256484351617,0.2973159513710371,0.3696527688335622,0.373973553345481,0.3777289995070406,0.30653693582349906,0.34591842559289415
saxony,2021,48,2021-11-29,2021.9095890410958,2021-12-05,2021.9260273972602,female,0.1853720191264841,0.2966622283859438,0.33635549499739537,0.35562971412818567,0.49049244017304805,0.7420206873981801,1.0524244880987772,1.5310211269624652,1.7259307836027669,1.974900334234027,1.8450481919032573,1.5721506273622385,1.475017972223937,1.53834780056322,1.3295569811307355,1.4295768154393267,1.3469028860929806,1.0835394118471797,1.0161525618502731,0.8035023957644718,0.7469316966618071,0.6738261892597552,0.6470567462591097,0.673562798872353,0.6014440493376615,0.6026697587855974,0.6248637793166677,0.6786043225057047,0.6636181540154554,0.7758374512093921,0.8269552093619134,0.8468032841124263,1.0439350776500924,1.0148852524023173,1.1471169378803792,1.1204375318869293,1.1619347027551215,1.1064920956465483,1.2244582345523907,1.2103411712701684,1.2113577698625335,1.2445651634560504,1.1520291412456523,1.1041124480885274,1.0599918434116686,1.0901554581578108,0.9759795677156272,0.9458185457176781,0.9767531573334807,0.8984617497312165,0.839124203327816,0.8451119920708676,0.7319943847031535,0.7074404822704004,0.6685586349786761,0.6669574042350009,0.642297304700437,0.6886045272095973,0.6450928973397694,0.6710395865697499,0.6142812380747218,0.5401428415508787,0.5644969504581809,0.49346361827242535,0.3887769261306805,0.36353619931402614,0.36048865668139135,0.32311057444567853,0.2943821069373295,0.318663214730754,0.33034227018351386,0.28309279515154495,0.2988273903786506,0.24437532556502195,0.2528710484830045,0.28922082517456343,0.23479970785983934,0.23184327219220807,0.245979270280501,0.25735459094256696,0.2980219814259025
saxony,2021,48,2021-11-29,2021.9095890410958,2021-12-05,2021.9260273972602,male,0.14324912964476968,0.31149591779541613,0.22249974231893271,0.37529342819917333,0.4917417841312501,0.6388859376264596,1.1077775755666097,1.5782073459202002,1.7022840081379016,1.8263019676720786,1.767908792291189,1.6283443931668955,1.6608313706519884,1.4070901668445992,1.366443299845132,1.2556390088519773,1.2535881188120483,1.2110011597162864,1.0003531707638469,0.962909762463675,0.7323266299400931,0.6448454471073574,0.571136658694508,0.5856544451044712,0.5906348585734177,0.5730872012386717,0.5790444323582201,0.5488762144971574,0.6030643066001685,0.6240954069483455,0.7577048366966774,0.639854574661647,0.6659987962666379,0.747285138420132,0.8174988609797447,0.8464808773233836,0.8744319850111517,0.893478218049153,0.8876065165515931,0.8641421998914368,0.9581266216564684,0.9278700774363441,0.9209200191364536,0.9666656044177965,0.9034457590665136,0.936282319675918,0.9184059465638504,0.9207929893961209,0.8427601305095348,0.7823511152645805,0.7908982379371376,0.7928940006982921,0.7052529688863819,0.6788624700991647,0.6717138359076873,0.6927938040919043,0.6680055727332922,0.6555605940970534,0.6055631789465639,0.5997554583181074,0.5825097200975617,0.5306071690614695,0.5558187684914861,0.44916552723159386,0.38169948718913327,0.4080601071574725,0.3868018518220991,0.3506822273073061,0.3200026148059659,0.3263129089791544,0.3468188030185669,0.28855674607674187,0.3098481023353206,0.31284036464600395,0.30914714270064325,0.2845358498426269,0.24865958798655802,0.32447625181976814,0.2633071169711424,0.3278461226120469,0.2926668521108045
saxony,2021,49,2021-12-06,2021.9287671232876,2021-12-12,2021.945205479452,female,0.13234186461872452,0.26468167767790907,0.26584198153605226,0.34973466714131074,0.49049244017304805,0.5977565740918002,0.9182789229649384,1.3185313871843407,1.4332756460906892,1.4674969592647744,1.5289539920387971,1.3170380177037035,1.163237506908189,1.0284507792994082,1.1097111671959197,1.0378288650267542,0.9369070716231338,0.7938602308234495,0.7315355733420073,0.6179383123773264,0.6077991138917207,0.5103752692021394,0.5290837249947941,0.4693578798492794,0.5346103624042263,0.512134480711995,0.5841030937827967,0.5449822731606399,0.5732554455326211,0.6757226394334742,0.6692591889339267,0.7141722754601435,0.7636304875228856,0.8585169912078737,0.9203430948948537,0.8592571154796291,0.8899127995149481,0.9324916128721511,0.9424984062816874,0.9419265376367334,0.8946579281544711,0.9280288862723503,0.9545938422258202,0.7961359585055573,0.7985332364460275,0.777051443423859,0.7296107192207314,0.6437345680199533,0.7123745852566695,0.6899324124035398,0.6528592211263692,0.6474411007043781,0.5284113225004686,0.5296773375479449,0.569533167734823,0.5691231025763164,0.5427017465615398,0.45643575942946574,0.4979942042484748,0.4852276775520023,0.5135628992112357,0.40627296827825643,0.39603347982455195,0.3673746815503294,0.29908365947971194,0.30397393431887254,0.24930225779530626,0.26737864000758477,0.22149707083812656,0.23062104931145208,0.24293860927545852,0.22317864544448413,0.1875743024200895,0.22922649675466883,0.16761103942688366,0.19717776515412044,0.20324347446872668,0.15713678380482657,0.1905334412837795,0.19905691098216635,0.25579210044233097
saxony,2021,49,2021-12-06,2021.9287671232876,2021-12-12,2021.945205479452,male,0.23688916306280575,0.27207775156929603,0.3135256797231914,0.3893479828157657,0.4239164482265486,0.7771992357156022,0.9499809338503692,1.3513536757136866,1.482609628226801,1.5234866556152935,1.523775804946813,1.3075454573791754,1.2849249526459947,1.1424709733944607,1.184890104707825,1.0774604003116257,0.9251015879884181,0.8746223599317778,0.7138875931045157,0.5858227300643054,0.5183735971597563,0.5457337128178821,0.48723273865594224,0.3924967657842023,0.4824931507745443,0.4050466387164407,0.38431346977015385,0.4195653014004248,0.4348431014135752,0.43638476225677103,0.5047934487887914,0.6227165754128527,0.5452712871283517,0.6246901051170154,0.6362907110267296,0.6730992350308143,0.6998293868512305,0.7494849717286103,0.6759597005683482,0.6545548033570951,0.7419995884664041,0.7621529690921123,0.7054690805698972,0.6643397088506722,0.6617800778129848,0.6542915105647735,0.6476938284631223,0.6603844473011141,0.6470620113693024,0.6440557201989577,0.5778350539725889,0.5796543903882205,0.5600867181869819,0.5239621282323474,0.5352408146415671,0.46885940315470104,0.4416340931233224,0.4900829978433917,0.4352258904867604,0.4756600867848736,0.4827555751294646,0.4316812665622044,0.35989697237336266,0.40465883111335443,0.30317367605552187,0.2969812441759639,0.22258329914836947,0.2937075030144509,0.25069734886140865,0.24796990239334804,0.24861256367825774,0.20182355481496847,0.23521759218383578,0.20632358051844307,0.1858990973962575,0.18243404705600583,0.17318286766828697,0.22821847268821627,0.2061878431886512,0.18795527558070488,0.217006175392759
saxony,2021,50,2021-12-13,2021.9479452054795,2021-12-19,2021.964383561644,female,0.14559563768522074,0.18800746390225895,0.18931218896414148,0.2731232178945604,0.42538962983363277,0.46493996870007503,0.6198274630131607,0.9643982936073886,1.0003107627512653,1.0231736975720667,0.9974536025636865,0.9991710603674727,0.9867790720468425,0.8169653417341144,0.7617149984810966,0.7868541493282173,0.6546969820192632,0.5784449978167083,0.5564231982032127,0.4987764658902749,0.4105601082918492,0.42011572756990917,0.360153542618252,0.42374868642007973,0.3921142911237801,0.3875195757185435,0.41799792927336876,0.39769450854299104,0.45186158422866823,0.4760641677401306,0.46554334298500916,0.5168977789590083,0.5620158202495299,0.5805956327665018,0.6557238394552843,0.5813002611170268,0.6639710299466955,0.6499579027583294,0.6949807934009615,0.648062391979729,0.5798804973377216,0.5948320293087891,0.6315427817892775,0.614807419975408,0.5406052216361996,0.5200280339062471,0.5182422949106135,0.5185994378038284,0.45458400929791404,0.4798164979988979,0.4055340226434067,0.43005061096279174,0.36370900347389584,0.42330831425317555,0.40617339343160846,0.3545302319319061,0.3526245178602855,0.36579840830950466,0.3416575485411932,0.3311638795566784,0.30300107294666206,0.3301695768707834,0.28402345627288317,0.23431392155427885,0.22232218450216548,0.21025489615111553,0.18686455164677127,0.17693949331304853,0.1660355932727328,0.14616924464512385,0.13556896714778657,0.14574686072411244,0.1330508715939097,0.1485054547182944,0.12252623937452022,0.16993256197284998,0.14304577060059184,0.13494855547335435,0.09005874131423863,0.11620935538346447,0.17322982381391006
saxony,2021,50,2021-12-13,2021.9479452054795,2021-12-19,2021.964383561644,male,0.165086175262738,0.17517593247725072,0.2430378720334732,0.2349407434437513,0.3697260882429183,0.49829345731222263,0.7208205788322605,1.0034384464638633,1.0928265404098267,1.0919450149950296,0.9940506592774823,1.078017834655744,0.9543078405998509,0.8227498275844695,0.7511520536779193,0.6650876083712334,0.6443189611691366,0.6124922594376633,0.5054182888363582,0.3938066318262894,0.3421705103389285,0.34274628981297905,0.3980560644122126,0.3561846996846702,0.3331316082824803,0.3226501242590185,0.2857331973579675,0.29058038363992716,0.3189352775788786,0.40616815265548484,0.4039723139348198,0.42126902034179303,0.43575550741248364,0.42339743689071335,0.4893061161310889,0.4557957703407519,0.5148443080176696,0.502220657110381,0.5378257487320378,0.5555717427186782,0.5248760992921793,0.521046983047304,0.5310747177430332,0.596746640754045,0.4901249917801144,0.502740455780279,0.46413198279662815,0.4501988243851065,0.4080967939361913,0.39816086368482806,0.3912026505374504,0.4041557336677464,0.3449500137867165,0.40625200513680004,0.37408877918056116,0.329813725792447,0.3131908681754132,0.3089902127336601,0.33678466382298794,0.2965733226948183,0.30368102790468715,0.2793180371249087,0.29123925937589323,0.26363115462504016,0.1973500173612672,0.1939155204807872,0.16351602197855944,0.17210810526077674,0.1775343172610201,0.1736472136385508,0.1407984454030528,0.17294287025287877,0.14628396679639438,0.13341059206463932,0.12911496235012743,0.15693858615964718,0.16941086248459503,0.1347348019050473,0.1464195478469409,0.18795527558070488,0.1586493696627341
saxony,2021,51,2021-12-20,2021.9671232876713,2021-12-26,2021.9835616438356,female,0.07936573573678733,0.12419940402195347,0.1679031803836948,0.16722499853704606,0.21366958677231523,0.26359979605415385,0.44439793980269005,0.561805560418922,0.5650646833358286,0.5912765093555954,0.6215324935415392,0.5159051703480961,0.4519560012093632,0.39950231302861094,0.4251851644116512,0.38397820213328804,0.35175021636891435,0.33245126812044457,0.3059301730337433,0.2768504763892633,0.23245961770329474,0.2429647310355104,0.2518468902255996,0.2780737863556368,0.213789679362096,0.23526460438043545,0.2254347564233238,0.3032259801410156,0.2547678846527327,0.2771745984497753,0.31472369494965025,0.34333254455517126,0.3490279346129336,0.3139285027236854,0.4330078504781122,0.34680309862755615,0.4066607879195488,0.4303547164882195,0.4302026635031976,0.41538749461065194,0.4105181785606347,0.3704592880224504,0.2780581027124174,0.3032835146958204,0.34799141094575914,0.3354605323778087,0.27920824909472935,0.2904130514490257,0.24769821058028763,0.2945651405188093,0.26385066515074157,0.25433939219551327,0.2055196030386315,0.2641642532234636,0.21496973434435357,0.1937224020124908,0.20413094394190892,0.19788765670796082,0.224311911177618,0.1726611355698915,0.17707515431626786,0.17493070834023342,0.21117903340841565,0.17245244419623923,0.11833053365599377,0.12029543691977365,0.11584454228803696,0.09360099126141055,0.09851886769782302,0.10829869682412761,0.06355682523840551,0.08775119945548054,0.08664694928427442,0.10063411437653239,0.08498540948808773,0.050922525551517786,0.08864190889625567,0.06642040184631297,0.09620574076219364,0.0737206323486832,0.1069126315499115
saxony,2021,51,2021-12-20,2021.9671232876713,2021-12-26,2021.9835616438356,male,0.12142646265260891,0.13283712582615584,0.10820490176792602,0.18170349362564622,0.2263800542421305,0.2815138464071333,0.37104585528960554,0.5207633560233078,0.593979944685356,0.5952580768564845,0.6002657121284122,0.5693964789893476,0.4566718229670809,0.35101204511770123,0.439017227581682,0.41014081250114287,0.3378000285622051,0.30982717803030124,0.2795062457159269,0.23532728737535438,0.2514602234758639,0.23090309819570387,0.24708168442383635,0.2278998784721361,0.21174814305454978,0.17522810797475563,0.2081926151646608,0.23846153346504778,0.20024707179747792,0.27344208930690034,0.255750295321323,0.2527299642597918,0.25556217269270337,0.2675720322159824,0.31981949166596496,0.276322475423334,0.2922746523998973,0.2992510195743661,0.34616969214341325,0.30892744087947127,0.2899005999639809,0.32158273268907867,0.2715236629390362,0.3195892806334882,0.2778228486317225,0.30061607045985583,0.3274641231780984,0.27104276061186133,0.26940145355311457,0.25033681612303826,0.2671591145885708,0.21822285643534758,0.21555977187791914,0.21737169889471558,0.23839362279751347,0.22534597242810564,0.19162424217787824,0.18485016471683163,0.20370808895089657,0.2105055080216057,0.18629049560765662,0.1636151332424392,0.16296308892047176,0.1768925338174655,0.126920366166981,0.118200237656055,0.12734780994193237,0.11728296305607103,0.11828883890049122,0.11505238552196191,0.09186630047594223,0.06992979986091885,0.11027364312537272,0.10912722716834027,0.08499061799384108,0.09750295468278462,0.09404899888475723,0.07768880524853926,0.08400621967547985,0.10602160909711054,0.10596429238595871
saxony,2021,52,2021-12-27,2021.986301369863,2022-01-02,2022.0027397260274,female,0.06612883047184995,0.07639729316483058,0.06099535941945097,0.10555265604382102,0.11797091748912496,0.1563492134148279,0.21328842517229407,0.23521759218383578,0.22063541548066226,0.29192428982642116,0.2951822299125023,0.32327801188807076,0.3258524304356788,0.24345059816441697,0.25469472715398145,0.2535503482495623,0.28819595075231635,0.27584675637202505,0.2616660540551176,0.248790211288299,0.26005639934280944,0.31549274110354664,0.29393759949306086,0.22960777519957906,0.28625083647914196,0.2725116175428155,0.23218278364627715,0.2752717171748552,0.2478654053741785,0.3168948409130961,0.27419484269241723,0.30368102790468715,0.2923792387002356,0.3158851159720614,0.32875665312691554,0.32880374996651984,0.3339532617292256,0.33827108079223994,0.3075046325087543,0.3045649826425638,0.31549797274898816,0.2924629078919645,0.28454107837446674,0.2775823677826283,0.25966967154340087,0.2691766926066319,0.29217006630990455,0.27717982624149756,0.1745707005320342,0.25375413990996887,0.2249072772649974,0.20133285630242306,0.2175179090149247,0.20534210319223764,0.18663492847065177,0.17960581867887745,0.16834661175800045,0.1672719493029966,0.18258015897371924,0.14982483401439,0.14000069438708262,0.15808605668429365,0.14519933111802205,0.11974817523531693,0.09100158133734369,0.1041197701398721,0.08642818552389282,0.09186630047594223,0.09851886769782302,0.07389247608324054,0.08196977225434202,0.06492090933671017,0.0947105985966024,0.05784055663370483,0.07248129132234987,0.064509597767947,0.054311152640724496,0.07045050223636083,0.06343187275889689,0.0737206323486832,0.07557449171012877
saxony,2021,52,2021-12-27,2021.986301369863,2022-01-02,2022.0027397260274,male,0.07780337641786379,0.09959732015465401,0.0877147379905621,0.09776344330734882,0.1616016467346137,0.1392498810811914,0.22863108121327239,0.2904496553197725,0.25953902090977704,0.2803950177105443,0.30341950571477855,0.30730586090919204,0.26006162541384603,0.2476929857516376,0.24918208316227164,0.2408645834100408,0.2652304668163934,0.1874647079182406,0.1912380229768007,0.20249696775820863,0.2174865782402704,0.1910188187603706,0.1986497569566797,0.18057115609167718,0.19245932052721615,0.19788243688175292,0.19925004926289844,0.19864453705397062,0.19112842075307968,0.2523537415359384,0.21083443793457946,0.23949587613308398,0.21016091701106812,0.2675720322159824,0.26696572391584406,0.2264740626994737,0.25042041769483064,0.2692446434879946,0.28120015368986323,0.2743098476414535,0.2355414548447701,0.27183729728763084,0.2658106216319001,0.22177907023797117,0.234684790259478,0.21201964709859714,0.25811233735450434,0.2199722116871368,0.23017186350592034,0.19132674875567895,0.2125208890580984,0.16128346040471753,0.23956378824014904,0.16431413383611565,0.1564326640169886,0.18430222322313353,0.1670163289790348,0.17679861495353363,0.14361934943369278,0.1505080040376367,0.13346793903632448,0.15499315989958506,0.15418997564711576,0.11336909246100493,0.1054223920573383,0.09686736791516329,0.12734780994193237,0.08207393642749258,0.0847458187875308,0.08187602467690291,0.0547119725998415,0.09051713653827788,0.09107971801793159,0.07879286520271885,0.08814185961254557,0.09750295468278462,0.06393689087582514,0.059553288852712494,0.056893111981200686,0.06964862274617534,0.06787828324235139
