State,Year,Week,week_start,week_start_num,week_end,week_end_num,Sex,A00,A01,A02,A03,A04,A05,A06,A07,A08,A09,A10,A11,A12,A13,A14,A15,A16,A17,A18,A19,A20,A21,A22,A23,A24,A25,A26,A27,A28,A29,A30,A31,A32,A33,A34,A35,A36,A37,A38,A39,A40,A41,A42,A43,A44,A45,A46,A47,A48,A49,A50,A51,A52,A53,A54,A55,A56,A57,A58,A59,A60,A61,A62,A63,A64,A65,A66,A67,A68,A69,A70,A71,A72,A73,A74,A75,A76,A77,A78,A79,A80+
bremen,2020,1,2019-12-30,2019.9945205479453,2020-01-05,2020.0109289617487,female,-0,-0,-0,-0,-0,-0,-0,-0,-0,-0,-0,-0,-0,-0,-0,-0,-0,-0,-0,-0,-0,-0,-0,-0,-0,-0,-0,-0,-0,-0,-0,-0,-0,-0,-0,-0,-0,-0,-0,-0,-0,-0,-0,-0,-0,-0,-0,-0,-0,-0,-0,-0,-0,-0,-0,-0,-0,-0,-0,-0,-0,-0,-0,-0,-0,-0,-0,-0,-0,-0,-0,-0,-0,-0,-0,-0,-0,-0,-0,-0,-0
bremen,2020,1,2019-12-30,2019.9945205479453,2020-01-05,2020.0109289617487,male,-0,-0,-0,-0,-0,-0,-0,-0,-0,-0,-0,-0,-0,-0,-0,-0,-0,-0,-0,-0,-0,-0,-0,-0,-0,-0,-0,-0,-0,-0,-0,-0,-0,-0,-0,-0,-0,-0,-0,-0,-0,-0,-0,-0,-0,-0,-0,-0,-0,-0,-0,-0,-0,-0,-0,-0,-0,-0,-0,-0,-0,-0,-0,-0,-0,-0,-0,-0,-0,-0,-0,-0,-0,-0,-0,-0,-0,-0,-0,-0,-0
bremen,2020,2,2020-01-06,2020.0136612021859,2020-01-12,2020.0300546448088,female,-0,-0,-0,-0,-0,-0,-0,-0,-0,-0,-0,-0,-0,-0,-0,-0,-0,-0,-0,-0,-0,-0,-0,-0,-0,-0,-0,-0,-0,-0,-0,-0,-0,-0,-0,-0,-0,-0,-0,-0,-0,-0,-0,-0,-0,-0,-0,-0,-0,-0,-0,-0,-0,-0,-0,-0,-0,-0,-0,-0,-0,-0,-0,-0,-0,-0,-0,-0,-0,-0,-0,-0,-0,-0,-0,-0,-0,-0,-0,-0,-0
bremen,2020,2,2020-01-06,2020.0136612021859,2020-01-12,2020.0300546448088,male,-0,-0,-0,-0,-0,-0,-0,-0,-0,-0,-0,-0,-0,-0,-0,-0,-0,-0,-0,-0,-0,-0,-0,-0,-0,-0,-0,-0,-0,-0,-0,-0,-0,-0,-0,-0,-0,-0,-0,-0,-0,-0,-0,-0,-0,-0,-0,-0,-0,-0,-0,-0,-0,-0,-0,-0,-0,-0,-0,-0,-0,-0,-0,-0,-0,-0,-0,-0,-0,-0,-0,-0,-0,-0,-0,-0,-0,-0,-0,-0,-0
bremen,2020,3,2020-01-13,2020.032786885246,2020-01-19,2020.049180327869,female,-0,-0,-0,-0,-0,-0,-0,-0,-0,-0,-0,-0,-0,-0,-0,-0,-0,-0,-0,-0,-0,-0,-0,-0,-0,-0,-0,-0,-0,-0,-0,-0,-0,-0,-0,-0,-0,-0,-0,-0,-0,-0,-0,-0,-0,-0,-0,-0,-0,-0,-0,-0,-0,-0,-0,-0,-0,-0,-0,-0,-0,-0,-0,-0,-0,-0,-0,-0,-0,-0,-0,-0,-0,-0,-0,-0,-0,-0,-0,-0,-0
bremen,2020,3,2020-01-13,2020.032786885246,2020-01-19,2020.049180327869,male,-0,-0,-0,-0,-0,-0,-0,-0,-0,-0,-0,-0,-0,-0,-0,-0,-0,-0,-0,-0,-0,-0,-0,-0,-0,-0,-0,-0,-0,-0,-0,-0,-0,-0,-0,-0,-0,-0,-0,-0,-0,-0,-0,-0,-0,-0,-0,-0,-0,-0,-0,-0,-0,-0,-0,-0,-0,-0,-0,-0,-0,-0,-0,-0,-0,-0,-0,-0,-0,-0,-0,-0,-0,-0,-0,-0,-0,-0,-0,-0,-0
bremen,2020,4,2020-01-20,2020.051912568306,2020-01-26,2020.068306010929,female,-0,-0,-0,-0,-0,-0,-0,-0,-0,-0,-0,-0,-0,-0,-0,-0,-0,-0,-0,-0,-0,-0,-0,-0,-0,-0,-0,-0,-0,-0,-0,-0,-0,-0,-0,-0,-0,-0,-0,-0,-0,-0,-0,-0,-0,-0,-0,-0,-0,-0,-0,-0,-0,-0,-0,-0,-0,-0,-0,-0,-0,-0,-0,-0,-0,-0,-0,-0,-0,-0,-0,-0,-0,-0,-0,-0,-0,-0,-0,-0,-0
bremen,2020,4,2020-01-20,2020.051912568306,2020-01-26,2020.068306010929,male,-0,-0,-0,-0,-0,-0,-0,-0,-0,-0,-0,-0,-0,-0,-0,-0,-0,-0,-0,-0,-0,-0,-0,-0,-0,-0,-0,-0,-0,-0,-0,-0,-0,-0,-0,-0,-0,-0,-0,-0,-0,-0,-0,-0,-0,-0,-0,-0,-0,-0,-0,-0,-0,-0,-0,-0,-0,-0,-0,-0,-0,-0,-0,-0,-0,-0,-0,-0,-0,-0,-0,-0,-0,-0,-0,-0,-0,-0,-0,-0,-0
bremen,2020,5,2020-01-27,2020.0710382513662,2020-02-02,2020.0874316939892,female,-0,-0,-0,-0,-0,-0,-0,-0,-0,-0,-0,-0,-0,-0,-0,-0,-0,-0,-0,-0,-0,-0,-0,-0,-0,-0,-0,-0,-0,-0,-0,-0,-0,-0,-0,-0,-0,-0,-0,-0,-0,-0,-0,-0,-0,-0,-0,-0,-0,-0,-0,-0,-0,-0,-0,-0,-0,-0,-0,-0,-0,-0,-0,-0,-0,-0,-0,-0,-0,-0,-0,-0,-0,-0,-0,-0,-0,-0,-0,-0,-0
bremen,2020,5,2020-01-27,2020.0710382513662,2020-02-02,2020.0874316939892,male,-0,-0,-0,-0,-0,-0,-0,-0,-0,-0,-0,-0,-0,-0,-0,-0,-0,-0,-0,-0,-0,-0,-0,-0,-0,-0,-0,-0,-0,-0,-0,-0,-0,-0,-0,-0,-0,-0,-0,-0,-0,-0,-0,-0,-0,-0,-0,-0,-0,-0,-0,-0,-0,-0,-0,-0,-0,-0,-0,-0,-0,-0,-0,-0,-0,-0,-0,-0,-0,-0,-0,-0,-0,-0,-0,-0,-0,-0,-0,-0,-0
bremen,2020,6,2020-02-03,2020.0901639344263,2020-02-09,2020.1065573770493,female,-0,-0,-0,-0,-0,-0,-0,-0,-0,-0,-0,-0,-0,-0,-0,-0,-0,-0,-0,-0,-0,-0,-0,-0,-0,-0,-0,-0,-0,-0,-0,-0,-0,-0,-0,-0,-0,-0,-0,-0,-0,-0,-0,-0,-0,-0,-0,-0,-0,-0,-0,-0,-0,-0,-0,-0,-0,-0,-0,-0,-0,-0,-0,-0,-0,-0,-0,-0,-0,-0,-0,-0,-0,-0,-0,-0,-0,-0,-0,-0,-0
bremen,2020,6,2020-02-03,2020.0901639344263,2020-02-09,2020.1065573770493,male,-0,-0,-0,-0,-0,-0,-0,-0,-0,-0,-0,-0,-0,-0,-0,-0,-0,-0,-0,-0,-0,-0,-0,-0,-0,-0,-0,-0,-0,-0,-0,-0,-0,-0,-0,-0,-0,-0,-0,-0,-0,-0,-0,-0,-0,-0,-0,-0,-0,-0,-0,-0,-0,-0,-0,-0,-0,-0,-0,-0,-0,-0,-0,-0,-0,-0,-0,-0,-0,-0,-0,-0,-0,-0,-0,-0,-0,-0,-0,-0,-0
bremen,2020,7,2020-02-10,2020.1092896174864,2020-02-16,2020.1256830601094,female,-0,-0,-0,-0,-0,-0,-0,-0,-0,-0,-0,-0,-0,-0,-0,-0,-0,-0,-0,-0,-0,-0,-0,-0,-0,-0,-0,-0,-0,-0,-0,-0,-0,-0,-0,-0,-0,-0,-0,-0,-0,-0,-0,-0,-0,-0,-0,-0,-0,-0,-0,-0,-0,-0,-0,-0,-0,-0,-0,-0,-0,-0,-0,-0,-0,-0,-0,-0,-0,-0,-0,-0,-0,-0,-0,-0,-0,-0,-0,-0,-0
bremen,2020,7,2020-02-10,2020.1092896174864,2020-02-16,2020.1256830601094,male,-0,-0,-0,-0,-0,-0,-0,-0,-0,-0,-0,-0,-0,-0,-0,-0,-0,-0,-0,-0,-0,-0,-0,-0,-0,-0,-0,-0,-0,-0,-0,-0,-0,-0,-0,-0,-0,-0,-0,-0,-0,-0,-0,-0,-0,-0,-0,-0,-0,-0,-0,-0,-0,-0,-0,-0,-0,-0,-0,-0,-0,-0,-0,-0,-0,-0,-0,-0,-0,-0,-0,-0,-0,-0,-0,-0,-0,-0,-0,-0,-0
bremen,2020,8,2020-02-17,2020.1284153005465,2020-02-23,2020.1448087431695,female,-0,-0,-0,-0,-0,-0,-0,-0,-0,-0,-0,-0,-0,-0,-0,-0,-0,-0,-0,-0,-0,-0,-0,-0,-0,-0,-0,-0,-0,-0,-0,-0,-0,-0,-0,-0,-0,-0,-0,-0,-0,-0,-0,-0,-0,-0,-0,-0,-0,-0,-0,-0,-0,-0,-0,-0,-0,-0,-0,-0,-0,-0,-0,-0,-0,-0,-0,-0,-0,-0,-0,-0,-0,-0,-0,-0,-0,-0,-0,-0,-0
bremen,2020,8,2020-02-17,2020.1284153005465,2020-02-23,2020.1448087431695,male,-0,-0,-0,-0,-0,-0,-0,-0,-0,-0,-0,-0,-0,-0,-0,-0,-0,-0,-0,-0,-0,-0,-0,-0,-0,-0,-0,-0,-0,-0,-0,-0,-0,-0,-0,-0,-0,-0,-0,-0,-0,-0,-0,-0,-0,-0,-0,-0,-0,-0,-0,-0,-0,-0,-0,-0,-0,-0,-0,-0,-0,-0,-0,-0,-0,-0,-0,-0,-0,-0,-0,-0,-0,-0,-0,-0,-0,-0,-0,-0,-0
bremen,2020,9,2020-02-24,2020.1475409836066,2020-03-01,2020.1639344262296,female,-0,-0,-0,-0,-0,-0,-0,-0,-0,-0,-0,-0,-0,-0,-0,-0,-0,-0,-0,-0,-0,-0,-0,-0,-0,-0,-0,-0,-0,-0,-0,-0,-0,-0,-0,-0,-0,-0,-0,-0,-0,-0,-0,-0,-0,-0,-0,-0,-0,-0,-0,-0,-0,-0,-0,-0,-0,-0,0.010312622530319941,-0,-0,-0,-0,-0,-0,-0,-0,-0,-0,-0,-0,-0,-0,-0,-0,-0,-0,-0,-0,-0,-0
bremen,2020,9,2020-02-24,2020.1475409836066,2020-03-01,2020.1639344262296,male,-0,-0,-0,-0,-0,-0,-0,-0,-0,-0,-0,-0,-0,-0,-0,-0,-0,-0,-0,-0,-0,-0,-0,-0,-0,-0,-0,-0,-0,-0,-0,-0,-0,-0,-0,-0,-0,-0,-0,-0,-0,-0,-0,-0,-0,-0,-0,-0,-0,-0,-0,-0,-0,-0,-0,-0,-0,-0,-0,-0,-0,-0,-0,-0,-0,-0,-0,-0,-0,-0,-0,-0,-0,-0,-0,-0,-0,-0,-0,-0,-0
bremen,2020,10,2020-03-02,2020.1666666666667,2020-03-08,2020.1830601092897,female,-0,-0,-0,-0,-0,-0,-0,-0,-0,-0,-0,-0,-0,-0,-0,-0,-0,-0,-0,-0,-0,-0,-0,-0,-0,-0,-0,-0,-0,-0,-0,-0,-0,-0,-0,-0,-0,-0,-0,-0,-0,-0,-0,-0,-0,-0,-0,-0,-0,-0,-0,-0,-0,-0,0.010104581691902875,-0,-0,-0,-0,-0,-0,-0,-0,-0,-0,-0,-0,-0,-0,-0,-0,-0,-0,-0,-0,-0,-0,-0,-0,-0,-0
bremen,2020,10,2020-03-02,2020.1666666666667,2020-03-08,2020.1830601092897,male,-0,-0,-0,-0,-0,-0,-0,-0,-0,-0,-0,-0,-0,-0,-0,-0,-0,-0,-0,-0,-0,-0,-0,-0,-0,-0,-0,-0,-0,-0,-0,-0,-0,-0,-0,-0,0.01173252347841739,-0,-0,-0,-0,-0,-0,-0,-0,-0,-0,-0,-0,-0,-0,-0,-0,-0,-0,-0,-0,-0,0.010468653705347542,-0,-0,-0,-0,-0,-0,-0,-0,-0,-0,-0,-0,-0,-0,-0,-0,-0,-0,-0,-0,-0,-0
bremen,2020,11,2020-03-09,2020.1857923497269,2020-03-15,2020.2021857923498,female,-0,-0,-0,-0,-0,0.01655423474624765,-0,-0,-0,-0,-0,-0,-0,-0,-0,-0,-0,-0,-0,-0,-0,0.012538711602429472,-0,-0,-0,0.011508873503826681,-0,0.01118640314079471,-0,-0,-0,-0,-0,-0,-0,0.011950973219418473,-0,0.01187295534942598,-0,0.012507504087659016,-0,-0,0.013391724258505185,0.026381090810323773,-0,0.013438536333678437,-0,-0,-0,-0,-0,0.011009565403622116,-0,-0,0.010104581691902875,-0,0.020211127276417346,0.010057772617965428,-0,0.010884739127687382,0.011170799786850443,0.011217609862723512,-0,-0,-0,-0,-0,0.013625785055795746,-0,-0,-0,-0,-0,-0,-0,-0,-0,-0,-0,-0,-0
bremen,2020,11,2020-03-09,2020.1857923497269,2020-03-15,2020.2021857923498,male,-0,-0,-0,-0,-0,-0,-0,-0,-0,-0,-0,-0,-0,-0,-0,-0,-0,-0,-0,-0,-0,-0,-0,-0,0.01044264847699852,-0,-0,-0,-0,-0,0.019155127633317535,0.020029056842473216,0.009886139707352614,-0,-0,-0,-0,-0,0.011358040343154753,0.023316826857329564,-0,0.01239307669374335,-0,-0,0.026204201392723697,-0,-0,0.026630818071332094,-0,0.011893760103312842,0.01122801210752824,-0,-0,0.019748149423473204,-0,0.009672899607554079,0.009802923954613985,-0,0.010468653705347542,-0,0.011555683884026953,0.012039393613587837,-0,0.012840385210793658,0.013594576888617496,0.014270758037558942,-0,-0,0.016091289450864764,-0,0.016112095892539705,-0,-0,0.01877538916167991,-0,-0,-0,-0,-0,-0,-0
bremen,2020,12,2020-03-16,2020.204918032787,2020-03-22,2020.22131147541,female,-0,-0,-0,-0,-0,-0,-0,-0,-0,-0,-0,-0,-0,-0,-0,-0,-0,-0,-0,0.015207023375178961,0.013433334989914014,0.012538711602429472,-0,0.011748127000910156,-0,0.011508873503826681,0.02308792474410145,0.01118640314079471,0.04491619311203666,0.011004364302806092,0.032942032195842894,-0,0.010687098136945756,-0,-0,-0,0.012164222661305117,0.01187295534942598,-0,0.012507504087659016,-0,0.02690655998191206,-0,0.013188872419714582,-0,-0,0.02786906678989518,-0,0.012746762179525249,0.011950973219418473,-0,-0,0.020616886536929273,-0,0.010104581691902875,0.02987738160569892,0.010104581691902875,-0,0.010312622530319941,-0,0.011170799786850443,-0,-0,0.023576944118193006,-0,0.02550185229009158,-0,-0,-0,-0,0.013761020663329399,-0,-0,0.01546710007179904,-0,-0,-0,0.01646580667475668,-0,-0,0.005278267876625255
bremen,2020,12,2020-03-16,2020.204918032787,2020-03-22,2020.22131147541,male,-0,-0,-0,-0,-0,-0,-0,-0,-0,-0,-0,-0,-0,-0,-0,-0,-0,-0,-0,-0,-0,0.023337636190316008,0.020830171520334454,0.01058307686459831,0.02088219238070096,0.03263503868248069,0.02096542586552854,0.010375034944150853,0.020528451556473076,-0,-0,0.020029056842473216,0.009886139707352614,0.04174154894992997,0.010749511000238682,0.011202006499415215,0.01173252347841739,0.022931855699151363,0.022718562095255523,-0,-0,-0,-0,0.053171175100878106,-0,-0,0.026589196777882945,-0,0.01262193173338156,0.03569464823491817,0.02246365137478491,0.01047905580032977,0.009979757588370606,0.019748149423473204,0.01920194489718205,0.009672899607554079,0.02940911474041309,-0,-0,0.011139593093019493,0.023108733985480374,0.012039393613587837,-0,-0,0.013594576888617496,-0,0.015087388531530141,0.015643952968499925,-0,0.032187559858427126,-0,0.03224999853293815,-0,-0,-0,-0,0.020309965778955996,0.019207146817994344,0.020913404921895137,0.019025079899295843,0.002917281830520651
bremen,2020,13,2020-03-23,2020.224043715847,2020-03-29,2020.24043715847,female,-0,-0,-0,-0,-0,-0,-0,-0,-0,-0,-0,-0,-0,-0,-0,-0,-0,-0,0.03521592193507238,0.03041849523516744,0.013433334989914014,0.012538711602429472,-0,0.011748127000910156,0.011654505936167873,0.034534264918116224,0.011540080419280044,0.022370011015787467,-0,0.011004364302806092,0.010978358806546596,0.010765114227763857,-0,-0,0.03427409284030171,-0,0.012164222661305117,0.01187295534942598,0.011633701278010085,-0,-0,0.0134541403680991,0.013391724258505185,0.013188872419714582,-0,0.013438536333678437,-0,-0,0.012746762179525249,0.02390469371950037,0.01170131644747242,0.011009565403622116,0.020616886536929273,0.010302220468631015,0.010104581691902875,0.009958953600245485,-0,0.010057772617965428,-0,0.021776959324643592,0.011170799786850443,0.044895375141964296,0.02363937245441662,0.023576944118193006,0.025054434845209295,-0,0.01303283308219876,0.013625785055795746,0.013573771454237438,-0,-0,-0,0.015050977981575132,0.01546710007179904,-0,-0,0.016757099713756697,-0,0.0159456445922498,-0,0.007041276705191476
bremen,2020,13,2020-03-23,2020.224043715847,2020-03-29,2020.24043715847,male,-0,-0,-0,0.014790903366165726,-0,-0,-0,-0,-0,-0,-0,-0,0.017506146449762925,0.016460605028178192,-0,-0,-0,-0,-0,-0,0.01268954818784482,-0,-0,0.01058307686459831,0.01044264847699852,-0,0.010484256848604085,-0,0.010265813269109149,0.010073375637927505,0.009579282278983844,0.020029056842473216,0.009886139707352614,0.010432246389299219,-0,0.04482771679679127,0.0234728970577103,0.011467264312355086,-0,-0,-0,0.01239307669374335,0.012569919135928956,-0,0.026204201392723697,-0,0.013292898904860724,-0,0.01262193173338156,0.011893760103312842,-0,0.02096542586552854,0.0199562288473898,0.009875737730976804,0.01920194489718205,0.009672899607554079,-0,0.02078855486951126,0.010468653705347542,0.011139593093019493,0.011555683884026953,0.012039393613587837,-0,-0,-0,0.02854543358361907,0.030179155819956553,0.015643952968499925,0.016091289450864764,-0,0.016112095892539705,-0,-0,0.03755755991123014,0.018910638162396836,0.025054434845209295,0.020309965778955996,0.019207146817994344,-0,-0,0.005834727334325187
bremen,2020,14,2020-03-30,2020.2431693989072,2020-04-05,2020.25956284153,female,-0,-0,-0,-0,-0,-0,-0,-0,-0,-0,-0,-0,-0,-0,-0,-0,-0,-0,-0,-0,-0,0.012538711602429472,-0,0.011748127000910156,0.023311624525387008,0.034534264918116224,-0,0.01118640314079471,0.011222810984862875,0.03302528498643982,0.010978358806546596,0.010765114227763857,0.010687098136945756,0.011155196437593964,0.011420454011749976,0.023909896110776784,-0,-0,-0,0.012507504087659016,-0,0.0134541403680991,-0,0.013188872419714582,-0,0.026880546531653973,-0,0.0133865229194174,0.025496649739538132,-0,0.01170131644747242,0.011009565403622116,0.010307421499218261,-0,-0,0.02987738160569892,0.020211127276417346,0.010057772617965428,0.030949208302808583,0.010884739127687382,0.022343999834883492,0.011217609862723512,-0,-0,-0,-0,-0,0.013625785055795746,-0,-0,0.013761020663329399,-0,0.015050977981575132,-0,-0,-0,-0,-0,-0,-0,0.007041276705191476
bremen,2020,14,2020-03-30,2020.2431693989072,2020-04-05,2020.25956284153,male,0.015238232510093647,-0,-0,-0,-0,-0,-0,-0,-0,-0,-0,-0,-0,-0,-0,-0,-0,-0,-0,-0,-0,-0,0.010411442220143122,-0,0.03132903568646998,-0,0.010484256848604085,-0,0.010265813269109149,0.010073375637927505,0.009579282278983844,-0,0.01977415930593168,-0,0.021506446764364646,0.011202006499415215,-0,0.022931855699151363,-0,0.011659707102012232,0.023951515259748424,0.01239307669374335,0.02514287752322325,-0,-0,0.026323861815248883,-0,-0,0.01262193173338156,-0,0.01122801210752824,-0,-0,0.009875737730976804,0.03841098308084917,0.019347598876551086,0.019602494322149867,-0,-0,-0,0.011555683884026953,-0,-0,0.03853067159649152,-0,-0,0.015087388531530141,-0,-0,-0,0.016112095892539705,0.016122499116499107,-0,0.01877538916167991,0.03783335976959742,-0,-0,-0,-0,0.03805191918683718,0.01751134820092972
bremen,2020,15,2020-04-06,2020.2622950819673,2020-04-12,2020.27868852459,female,-0,-0,0.01539948000554531,-0,-0,-0,-0,-0,-0,-0,-0,-0,-0,-0,-0,-0,-0,0.017407313276408307,-0,-0,-0,-0,0.038166403057718554,0.04700323691116025,-0,-0,0.02308792474410145,0.022370011015787467,-0,-0,-0,-0,0.010687098136945756,0.022312786434970013,0.011420454011749976,-0,0.012164222661305117,0.023743419848001653,0.011633701278010085,-0,-0,-0,-0,-0,-0,-0,-0,0.0133865229194174,0.012746762179525249,0.011950973219418473,0.01170131644747242,-0,0.020616886536929273,0.020601280352981317,-0,-0,-0,0.02011749097362581,-0,-0,-0,-0,-0,0.011789736417122243,-0,-0,0.01303283308219876,-0,-0,-0,-0,-0,-0,-0,-0,0.020492037196472048,-0,-0,-0,-0,0.014078305584640034
bremen,2020,15,2020-04-06,2020.2622950819673,2020-04-12,2020.27868852459,male,-0,-0,-0,-0,-0,0.01518621729564192,-0,-0,-0,-0,-0,0.0166634696304082,-0,-0,-0,-0,-0,-0,0.01614330557066179,0.02809798995055679,-0,0.011670109435255878,-0,0.01058307686459831,0.02088219238070096,-0,0.010484256848604085,0.010375034944150853,0.010265813269109149,0.010073375637927505,0.009579282278983844,-0,-0,0.010432246389299219,-0,0.011202006499415215,0.0234728970577103,0.011467264312355086,-0,-0,0.011976979202098424,-0,0.012569919135928956,0.013287697575658008,0.026204201392723697,-0,-0,0.013313704226862691,-0,-0,-0,-0,0.0199562288473898,0.009875737730976804,-0,-0,0.009802923954613985,-0,0.010468653705347542,0.0222815730537926,0.011555683884026953,0.012039393613587837,-0,-0,0.013594576888617496,0.014270758037558942,0.015087388531530141,-0,-0,-0,0.016112095892539705,-0,-0,-0,0.018910638162396836,0.025054434845209295,-0,-0,-0,0.019025079899295843,0.023348040859932032
bremen,2020,16,2020-04-13,2020.2814207650274,2020-04-19,2020.2978142076502,female,0.031214566867818642,-0,0.01539948000554531,0.016054878197968896,0.015987257367367187,0.04967331781742496,0.0170171841631739,0.017797445316595918,-0,-0,0.018078342197933275,-0,-0,-0,0.018130360305438,-0,0.03652722621056747,0.017407313276408307,-0,0.015207023375178961,0.013433334989914014,0.025080447381949242,-0,0.011748127000910156,-0,-0,-0,0.01118640314079471,0.02245324688212468,-0,0.010978358806546596,0.04308424364899083,0.021371191011945307,0.011155196437593964,0.011420454011749976,0.011950973219418473,0.024326089099468276,0.023743419848001653,-0,-0,0.012580321651257461,-0,-0,0.013188872419714582,0.013313704226862691,-0,0.02786906678989518,0.026776492860773275,-0,-0,-0,-0,0.010307421499218261,0.010302220468631015,-0,-0,-0,0.010057772617965428,-0,-0,-0,-0,-0,-0,0.012523107842706004,-0,-0,-0,-0,-0,-0,0.01383904136612803,-0,-0,-0,-0,0.033514397823016205,0.01646580667475668,0.03189097717832465,-0,0.015841612800131105
bremen,2020,16,2020-04-13,2020.2814207650274,2020-04-19,2020.2978142076502,male,0.015238232510093647,-0,-0,-0,0.015108194571524151,-0,0.015878023903695297,0.017027587568208664,-0,-0,0.01736569936487648,-0,0.017506146449762925,-0,-0,0.016517823169188563,-0,0.04981385218936015,0.01614330557066179,0.02809798995055679,-0,0.03501298494245231,0.010411442220143122,-0,0.02088219238070096,-0,-0,-0,-0,-0,-0,-0,-0,-0,-0,-0,-0,-0,0.011358040343154753,0.011659707102012232,0.011976979202098424,0.01239307669374335,0.012569919135928956,-0,-0,0.0394881896392975,0.013292898904860724,0.039951343280261994,0.01262193173338156,-0,0.02246365137478491,0.03144870790266945,-0,0.009875737730976804,0.009600086115211843,-0,0.009802923954613985,0.010390638059310358,-0,0.011139593093019493,-0,0.012039393613587837,-0,-0,-0,0.014270758037558942,-0,-0,-0,-0,-0,0.016122499116499107,-0,-0,-0,-0,-0,-0,0.06276546460571861,0.019025079899295843,0.005834727334325187
bremen,2020,17,2020-04-20,2020.3005464480875,2020-04-26,2020.3169398907103,female,0.031214566867818642,0.031667240486388824,0.01539948000554531,0.016054878197968896,-0,-0,-0,-0,-0,-0,0.018078342197933275,0.018499690365016214,-0,0.01728767337051709,-0,-0,0.054805671217633675,-0,0.017604979810963983,-0,0.04030521625787691,-0,0.025439421717838546,0.023498908803311888,0.023311624525387008,0.02302029476710931,-0,0.06713892399765096,0.05614870329280817,0.04404184554484988,0.043927348737796176,0.021537659680270146,0.010687098136945756,0.022312786434970013,0.011420454011749976,0.035866366351226676,0.024326089099468276,0.04749768599454951,0.034903711505238535,0.025018017315627496,0.012580321651257461,0.0134541403680991,0.026781695539369616,-0,0.013313704226862691,-0,0.013932666363999407,-0,-0,0.04781517683202685,-0,0.011009565403622116,0.010307421499218261,0.020601280352981317,0.010104581691902875,0.009958953600245485,-0,-0,0.010312622530319941,-0,-0,-0,-0,-0,0.025054434845209295,-0,-0,-0,0.013573771454237438,-0,0.013761020663329399,-0,-0,-0,-0,-0,-0,-0,0.0159456445922498,-0,0.015841612800131105
bremen,2020,17,2020-04-20,2020.3005464480875,2020-04-26,2020.3169398907103,male,0.13730511646681626,-0,-0,0.014790903366165726,-0,0.01518621729564192,-0,-0,0.017116016595036396,-0,-0,0.0166634696304082,-0,-0,0.016855931651297302,0.016517823169188563,0.016871536711235546,0.016601049668502583,0.01614330557066179,0.04215788468306782,0.05078198818327173,0.10510975982116294,0.052088479846323074,0.02117351016047691,0.041777978193503415,0.010874336951551836,-0,-0,0.041065010492966195,0.010073375637927505,0.019155127633317535,-0,0.009886139707352614,0.020866586117123737,0.04302179196398028,0.03361846497754828,0.01173252347841739,0.04587382874492137,0.022718562095255523,-0,0.011976979202098424,0.01239307669374335,0.02514287752322325,-0,-0,0.013157664514751354,0.026589196777882945,0.013313704226862691,-0,0.011893760103312842,0.01122801210752824,-0,0.029939817506343593,-0,0.009600086115211843,-0,-0,-0,0.03141748903711387,0.011139593093019493,0.011555683884026953,0.012039393613587837,0.012590724168666974,0.012840385210793658,0.027187506073877092,-0,-0,-0,-0,-0,-0,-0,0.017422918501815595,0.01877538916167991,-0,-0,0.020309965778955996,-0,-0,0.019025079899295843,0.005834727334325187
bremen,2020,18,2020-04-27,2020.3196721311476,2020-05-03,2020.3360655737704,female,0.1093252426642555,0.01583120963236622,0.01539948000554531,-0,-0,-0,0.0170171841631739,-0,-0,-0,0.018078342197933275,0.018499690365016214,-0,-0,-0,-0,-0,-0,-0,0.015207023375178961,0.026864938467750194,-0,0.012720755811868267,0.011748127000910156,0.04663890901605425,0.034534264918116224,0.011540080419280044,0.022370011015787467,0.011222810984862875,0.011004364302806092,0.032942032195842894,0.032307234050443064,0.010687098136945756,0.055799928062980265,0.011420454011749976,0.011950973219418473,0.024326089099468276,-0,0.034903711505238535,0.012507504087659016,0.012580321651257461,0.0134541403680991,-0,0.013188872419714582,-0,0.0403260323903802,0.013932666363999407,-0,0.012746762179525249,-0,0.01170131644747242,-0,0.010307421499218261,-0,-0,0.009958953600245485,0.020211127276417346,-0,0.010312622530319941,0.010884739127687382,-0,0.011217609862723512,0.011820943501131212,-0,0.012523107842706004,-0,-0,-0,-0,-0,0.013761020663329399,0.01383904136612803,-0,0.01546710007179904,-0,0.020492037196472048,0.016757099713756697,-0,-0,-0,0.008799144428611716
bremen,2020,18,2020-04-27,2020.3196721311476,2020-05-03,2020.3360655737704,male,0.10676152140389074,-0,0.014754493023809816,-0,-0,-0,-0,-0,-0,-0,-0,-0,-0,-0,-0,-0,-0,-0,0.01614330557066179,0.01404709714588307,0.025382193759120552,0.03501298494245231,0.020830171520334454,0.06354120616204904,0.01044264847699852,-0,0.010484256848604085,0.051901092571480775,0.041065010492966195,0.03022598301016301,-0,0.01001096358616428,0.029664059510800134,-0,0.010749511000238682,-0,0.0234728970577103,0.011467264312355086,-0,0.011659707102012232,0.023951515259748424,-0,0.012569919135928956,-0,-0,0.013157664514751354,-0,-0,-0,-0,0.01122801210752824,-0,0.0199562288473898,-0,0.009600086115211843,0.019347598876551086,0.009802923954613985,0.010390638059310358,0.010468653705347542,0.011139593093019493,0.011555683884026953,0.012039393613587837,-0,0.025683941887274634,-0,-0,-0,-0,-0,0.032187559858427126,-0,-0,0.017422918501815595,-0,-0,-0,-0,-0,0.020913404921895137,-0,0.002917281830520651
bremen,2020,19,2020-05-04,2020.3387978142077,2020-05-10,2020.3551912568305,female,0.015602340468103605,-0,-0,-0,-0,-0,-0,-0,-0,0.01958688844263142,-0,-0,-0,-0,-0,-0,0.01826040580185584,0.03481525222425171,-0,0.015207023375178961,0.04030521625787691,0.05016779229040901,0.038166403057718554,0.011748127000910156,0.06997145585907838,-0,-0,0.01118640314079471,-0,0.022016260070259024,0.010978358806546596,0.010765114227763857,-0,0.011155196437593964,-0,0.047825586400502496,0.036496004295904674,0.035621798296288906,-0,0.012507504087659016,-0,-0,-0,-0,-0,0.0403260323903802,0.013932666363999407,-0,-0,0.02390469371950037,0.035106648071403936,-0,0.030928395923604832,0.010302220468631015,-0,0.009958953600245485,0.020211127276417346,-0,0.010312622530319941,-0,0.011170799786850443,-0,-0,0.011789736417122243,-0,-0,-0,0.013625785055795746,0.013573771454237438,-0,-0,-0,-0,0.03093359901762195,0.016512621517401002,-0,-0,-0,0.03189097717832465,0.014520427145970035,0.017599778050425095
bremen,2020,19,2020-05-04,2020.3387978142077,2020-05-10,2020.3551912568305,male,0.015238232510093647,-0,0.014754493023809816,-0,-0,0.01518621729564192,-0,-0,0.017116016595036396,-0,-0,-0,0.035018188445193214,0.032921219019025824,-0,-0,-0,0.016601049668502583,0.01614330557066179,0.04215788468306782,0.03808314203571889,0.011670109435255878,0.010411442220143122,0.03176089758912708,0.02088219238070096,0.021750948440391216,0.010484256848604085,0.06228648902075256,0.030798318742308393,0.03022598301016301,0.03831731399989925,0.01001096358616428,0.01977415930593168,0.03130302002374237,0.010749511000238682,0.011202006499415215,-0,0.0344041787164938,0.011358040343154753,0.03498176393695891,-0,-0,-0,0.026578791459724534,-0,0.013157664514751354,-0,0.013313704226862691,0.01262193173338156,0.011893760103312842,-0,0.01047905580032977,0.009979757588370606,-0,0.009600086115211843,0.009672899607554079,-0,0.02078855486951126,0.02094461748183015,-0,-0,-0,-0,-0,-0,-0,-0,0.015643952968499925,0.016091289450864764,-0,0.016112095892539705,-0,0.017422918501815595,-0,-0,0.025054434845209295,0.020309965778955996,-0,-0,0.07613691154953875,0.0204296126386492
bremen,2020,20,2020-05-11,2020.3579234972678,2020-05-17,2020.3743169398906,female,0.015602340468103605,0.01583120963236622,-0,-0,-0,0.01655423474624765,-0,-0,-0,-0,-0,-0,0.017979507937036752,-0,-0,0.01919674297689591,-0,0.03481525222425171,0.03521592193507238,0.03041849523516744,0.013433334989914014,0.012538711602429472,0.038166403057718554,0.011748127000910156,0.011654505936167873,-0,0.011540080419280044,0.022370011015787467,-0,-0,0.021959035878733293,0.010765114227763857,0.010687098136945756,-0,0.011420454011749976,0.011950973219418473,-0,-0,-0,0.012507504087659016,0.012580321651257461,0.0134541403680991,0.026781695539369616,0.013188872419714582,-0,0.026880546531653973,0.013932666363999407,0.0133865229194174,0.025496649739538132,0.02390469371950037,0.01170131644747242,-0,0.020616886536929273,0.010302220468631015,-0,0.009958953600245485,-0,0.02011749097362581,0.010312622530319941,-0,-0,-0,-0,-0,-0,-0,0.01303283308219876,0.013625785055795746,-0,0.013610180969868282,-0,-0,-0,0.03093359901762195,-0,0.020492037196472048,-0,0.03293162560639593,0.0159456445922498,0.014520427145970035,0.010557071579020381
bremen,2020,20,2020-05-11,2020.3579234972678,2020-05-17,2020.3743169398906,male,-0,0.028243668850247376,0.014754493023809816,0.04438533747864398,-0,-0,-0,-0,0.017116016595036396,0.017787041757538067,-0,-0,-0,-0,-0,-0,0.016871536711235546,-0,-0,0.01404709714588307,0.05078198818327173,0.04669095570193298,0.010411442220143122,0.01058307686459831,0.02088219238070096,0.010874336951551836,0.010484256848604085,0.010375034944150853,0.020528451556473076,0.010073375637927505,-0,0.020029056842473216,0.009886139707352614,0.020866586117123737,0.021506446764364646,-0,-0,-0,-0,-0,0.011976979202098424,-0,0.012569919135928956,0.013287697575658008,0.026204201392723697,0.013157664514751354,0.013292898904860724,0.013313704226862691,0.01262193173338156,-0,-0,-0,-0,0.019748149423473204,0.01920194489718205,0.019347598876551086,-0,0.02078855486951126,-0,0.011139593093019493,-0,0.03612134278216725,-0,-0,-0,-0,-0,-0,0.016091289450864764,-0,-0,-0,0.017422918501815595,-0,-0,-0,-0,-0,-0,-0,0.005834727334325187
bremen,2020,21,2020-05-18,2020.377049180328,2020-05-24,2020.3934426229507,female,-0,-0,-0,-0,-0,-0,-0,-0,-0,-0,-0,-0,-0,-0,-0,-0,-0,0.03481525222425171,-0,0.015207023375178961,0.026864938467750194,0.025080447381949242,-0,0.035252346607322294,-0,-0,0.02308792474410145,-0,-0,0.011004364302806092,0.021959035878733293,-0,0.010687098136945756,0.022312786434970013,-0,-0,-0,-0,0.011633701278010085,-0,-0,-0,0.013391724258505185,-0,-0,-0,-0,-0,0.012746762179525249,-0,-0,-0,-0,0.010302220468631015,-0,-0,0.030319637517088757,-0,-0,-0,-0,0.011217609862723512,-0,-0,-0,-0,-0,-0,-0,-0,-0,-0,-0,-0,-0,0.020492037196472048,-0,-0,-0,-0,0.0035205191709188123
bremen,2020,21,2020-05-18,2020.377049180328,2020-05-24,2020.3934426229507,male,-0,0.014119916865459462,-0,-0,-0,-0,-0,-0,-0,-0,0.01736569936487648,0.0166634696304082,-0,0.016460605028178192,0.03372253234035525,-0,-0,-0,-0,0.02809798995055679,0.01268954818784482,0.011670109435255878,0.020830171520334454,0.01058307686459831,0.041777978193503415,0.010874336951551836,-0,0.031136520090483278,0.030798318742308393,0.010073375637927505,-0,-0,0.029664059510800134,0.010432246389299219,-0,0.03361846497754828,0.01173252347841739,-0,0.011358040343154753,0.04664931834906252,0.023951515259748424,-0,0.012569919135928956,-0,-0,-0,-0,0.013313704226862691,-0,0.011893760103312842,0.01122801210752824,0.01047905580032977,-0,-0,0.01920194489718205,-0,-0,-0,0.010468653705347542,0.0222815730537926,-0,-0,-0,-0,-0,-0,0.015087388531530141,0.015643952968499925,-0,-0,-0,-0,0.017422918501815595,-0,-0,-0,-0,-0,-0,-0,0.005834727334325187
bremen,2020,22,2020-05-25,2020.396174863388,2020-05-31,2020.4125683060108,female,-0,-0,-0,-0,0.015987257367367187,-0,0.0170171841631739,0.017797445316595918,0.018145965747833594,0.01958688844263142,-0,-0,0.03596003101730909,-0,-0,0.0384057792385892,0.01826040580185584,0.017407313276408307,-0,0.04563441818333093,0.013433334989914014,0.025080447381949242,0.012720755811868267,0.011748127000910156,-0,0.011508873503826681,0.03463313064899739,-0,-0,0.022016260070259024,-0,-0,-0,-0,0.011420454011749976,0.011950973219418473,0.036496004295904674,0.01187295534942598,-0,0.012507504087659016,-0,0.0134541403680991,0.013391724258505185,0.013188872419714582,0.026630818071332094,0.013438536333678437,0.055747872259157075,0.026776492860773275,0.025496649739538132,-0,-0,-0,0.030928395923604832,0.020601280352981317,-0,0.009958953600245485,0.010104581691902875,0.010057772617965428,0.010312622530319941,0.010884739127687382,0.011170799786850443,-0,-0,0.011789736417122243,0.012523107842706004,-0,0.01303283308219876,0.013625785055795746,-0,-0,-0,-0,-0,-0,0.016512621517401002,0.020492037196472048,-0,0.01646580667475668,-0,-0,0.005278267876625255
bremen,2020,22,2020-05-25,2020.396174863388,2020-05-31,2020.4125683060108,male,-0,-0,-0,-0,-0,-0,-0,0.017027587568208664,0.017116016595036396,0.03558016980574878,-0,0.0166634696304082,-0,-0,-0,-0,0.033743345837903234,-0,0.01614330557066179,0.04215788468306782,0.025382193759120552,-0,0.010411442220143122,0.02117351016047691,0.01044264847699852,-0,0.041944512203426126,0.010375034944150853,0.010265813269109149,0.020148703055823725,0.028737939587046946,0.01001096358616428,-0,0.010432246389299219,-0,-0,-0,-0,0.011358040343154753,-0,-0,0.024783905234470178,0.012569919135928956,0.013287697575658008,0.013100450070966259,0.0394881896392975,-0,0.013313704226862691,-0,0.023795443622868267,0.02246365137478491,0.02096542586552854,0.009979757588370606,-0,0.009600086115211843,0.009672899607554079,0.019602494322149867,-0,0.010468653705347542,0.011139593093019493,-0,-0,0.012590724168666974,-0,-0,-0,-0,-0,-0,-0,-0,-0,0.017422918501815595,0.03755755991123014,-0,-0,-0,-0,-0,-0,0.002917281830520651
bremen,2020,23,2020-06-01,2020.4153005464482,2020-06-07,2020.431693989071,female,-0,-0,-0,-0,0.03197943148484581,0.01655423474624765,0.0170171841631739,-0,-0,-0,-0,-0,0.017979507937036752,-0,0.07254898565779008,-0,0.07308533619992695,0.052234225971386564,-0,0.015207023375178961,-0,0.012538711602429472,0.012720755811868267,-0,0.011654505936167873,0.02302029476710931,0.02308792474410145,0.01118640314079471,0.02245324688212468,0.011004364302806092,0.010978358806546596,-0,-0,-0,-0,-0,0.012164222661305117,0.01187295534942598,0.011633701278010085,-0,-0,0.04036766468038552,0.013391724258505185,0.026381090810323773,0.026630818071332094,-0,0.013932666363999407,0.0133865229194174,-0,-0,0.023400064239240192,0.02202146227260865,-0,-0,-0,0.009958953600245485,-0,0.010057772617965428,-0,0.010884739127687382,-0,0.022442842391546248,-0,-0,-0,-0,-0,-0,-0,-0,-0,0.01383904136612803,-0,-0,0.016512621517401002,0.020492037196472048,0.016757099713756697,-0,-0,-0,0.008799144428611716
bremen,2020,23,2020-06-01,2020.4153005464482,2020-06-07,2020.431693989071,male,-0,-0,-0,-0,-0,-0,0.015878023903695297,0.017027587568208664,0.03423246542864994,-0,0.01736569936487648,-0,0.017506146449762925,-0,-0,0.033035691594636325,-0,-0,0.01614330557066179,0.05621637636958498,-0,-0,-0,0.02117351016047691,-0,-0,-0,0.020752140327365692,0.010265813269109149,-0,-0,0.01001096358616428,-0,-0,-0,-0,-0,-0,0.011358040343154753,-0,-0,0.01239307669374335,-0,0.013287697575658008,0.013100450070966259,0.013157664514751354,-0,0.013313704226862691,0.025246927925235238,-0,-0,0.02096542586552854,-0,-0,-0,-0,-0,-0,0.010468653705347542,-0,0.011555683884026953,-0,-0,-0,-0,-0,-0,0.015643952968499925,-0,-0,-0,-0,0.017422918501815595,-0,-0,0.025054434845209295,-0,-0,0.020913404921895137,0.019025079899295843,0.008752336529780325
bremen,2020,24,2020-06-08,2020.4344262295083,2020-06-14,2020.450819672131,female,-0,-0,-0,-0,-0,-0,-0,-0,-0,-0,-0,-0,-0,0.01728767337051709,0.018130360305438,0.01919674297689591,-0,-0,-0,0.015207023375178961,0.026864938467750194,0.025080447381949242,-0,0.023498908803311888,0.011654505936167873,0.011508873503826681,0.011540080419280044,0.01118640314079471,-0,-0,-0,-0,0.010687098136945756,-0,-0,-0,-0,-0,-0,-0,0.012580321651257461,-0,-0,0.013188872419714582,-0,-0,-0,-0,-0,-0,-0,0.011009565403622116,-0,-0,0.010104581691902875,-0,0.010104581691902875,-0,0.010312622530319941,-0,-0,-0,-0,0.011789736417122243,-0,-0,-0,0.013625785055795746,-0,0.013610180969868282,-0,-0,-0,-0,-0,-0,-0,-0,-0,-0,0.008799144428611716
bremen,2020,24,2020-06-08,2020.4344262295083,2020-06-14,2020.450819672131,male,-0,-0,-0,-0,-0,-0,-0,0.017027587568208664,-0,-0,-0,-0,0.017506146449762925,-0,-0,-0,-0,0.016601049668502583,-0,-0,0.01268954818784482,-0,0.010411442220143122,0.01058307686459831,0.01044264847699852,0.010874336951551836,-0,0.010375034944150853,-0,0.020148703055823725,-0,-0,-0,-0,0.010749511000238682,-0,0.01173252347841739,-0,-0,0.011659707102012232,-0,-0,-0,-0,-0,0.013157664514751354,-0,0.026630818071332094,0.01262193173338156,-0,0.02246365137478491,-0,-0,-0,0.01920194489718205,0.009672899607554079,0.009802923954613985,-0,0.010468653705347542,-0,-0,-0,-0,-0,-0,-0,-0,0.015643952968499925,-0,0.016091289450864764,-0,-0,-0,-0,0.018910638162396836,0.05012094713870531,-0,-0,-0,-0,0.002917281830520651
bremen,2020,25,2020-06-15,2020.4535519125684,2020-06-21,2020.4699453551912,female,-0,-0,-0,-0,-0,-0,-0,-0,0.018145965747833594,0.01958688844263142,-0,-0,-0,-0,-0,-0,-0,-0,-0,0.03041849523516744,-0,0.025080447381949242,-0,0.023498908803311888,-0,0.011508873503826681,0.011540080419280044,-0,-0,-0,-0,0.010765114227763857,0.010687098136945756,0.011155196437593964,0.011420454011749976,-0,-0,-0,-0,-0,-0,-0,-0,-0,-0,0.013438536333678437,-0,0.0133865229194174,-0,0.011950973219418473,0.01170131644747242,-0,-0,-0,0.010104581691902875,0.009958953600245485,-0,-0,-0,-0,-0,-0,-0,-0,0.012523107842706004,-0,-0,-0,-0,-0,-0,-0,0.015050977981575132,-0,0.016512621517401002,-0,0.016757099713756697,0.01646580667475668,-0,0.029039707188776697,0.007041276705191476
bremen,2020,25,2020-06-15,2020.4535519125684,2020-06-21,2020.4699453551912,male,0.015238232510093647,0.014119916865459462,-0,-0,-0,-0,-0,-0,-0,-0,0.01736569936487648,-0,0.017506146449762925,-0,-0,-0,-0,-0,0.03228642112769874,-0,-0,-0,-0,-0,-0,-0,0.02096542586552854,-0,0.010265813269109149,0.010073375637927505,-0,-0,-0,-0,-0,0.011202006499415215,-0,-0,0.011358040343154753,-0,0.011976979202098424,-0,0.012569919135928956,-0,-0,-0,0.013292898904860724,0.013313704226862691,-0,0.011893760103312842,0.01122801210752824,0.03144870790266945,0.009979757588370606,-0,0.009600086115211843,-0,0.009802923954613985,-0,-0,-0,-0,-0,-0,-0,-0,-0,-0,-0,-0,-0,-0,-0,-0,-0,-0,-0,-0,-0,-0,-0,-0
bremen,2020,26,2020-06-22,2020.4726775956285,2020-06-28,2020.4890710382513,female,-0,-0,-0,-0,-0,-0,-0,0.017797445316595918,-0,-0,-0,-0,-0,-0,-0,-0,-0,0.017407313276408307,-0,-0,-0,0.012538711602429472,-0,-0,0.023311624525387008,-0,-0,-0,-0,-0,-0,-0,-0,-0,-0,-0,-0,-0,-0,-0,-0,-0,-0,0.013188872419714582,-0,-0,0.013932666363999407,-0,-0,-0,-0,-0,-0,-0,-0,-0,-0,-0,0.010312622530319941,0.010884739127687382,-0,-0,-0,-0,-0,-0,-0,-0,-0,-0,-0,-0,-0,-0,-0,-0,0.016757099713756697,-0,-0,-0,-0
bremen,2020,26,2020-06-22,2020.4726775956285,2020-06-28,2020.4890710382513,male,-0,-0,0.014754493023809816,-0,-0,-0,-0,-0,-0,-0,-0,-0,-0,-0,-0,-0,-0,-0,-0,-0,-0,-0,-0,-0,-0,-0,-0,0.010375034944150853,-0,-0,-0,-0,0.009886139707352614,-0,-0,-0,-0,-0,-0,-0,-0,-0,-0,-0,-0,-0,-0,-0,-0,-0,-0,-0,-0,-0,-0,-0,-0,-0,-0,-0,-0,-0,0.012590724168666974,-0,-0,-0,-0,-0,-0,-0,-0,-0,-0,-0,-0,-0,-0,-0,-0,-0,-0
bremen,2020,27,2020-06-29,2020.4918032786886,2020-07-05,2020.5081967213114,female,-0,0.01583120963236622,-0,-0,-0,-0,-0,-0,-0,-0,-0,-0,-0,-0,-0,0.01919674297689591,-0,-0,0.017604979810963983,-0,-0,-0,0.012720755811868267,-0,-0,-0,-0,-0,-0,0.011004364302806092,-0,-0,-0,-0,-0,0.023909896110776784,-0,-0,0.011633701278010085,-0,0.012580321651257461,-0,-0,-0,-0,-0,-0,-0,-0,-0,-0,-0,-0,-0,-0,0.009958953600245485,-0,-0,-0,-0,0.011170799786850443,-0,-0,-0,-0,-0,-0,-0,-0,-0,-0,-0,-0,-0,-0,-0,-0,-0,-0,-0,-0
bremen,2020,27,2020-06-29,2020.4918032786886,2020-07-05,2020.5081967213114,male,-0,0.014119916865459462,-0,-0,-0,-0,-0,-0,-0,-0,-0,-0,-0,-0,-0,-0,-0,-0,-0,-0,0.01268954818784482,-0,-0,-0,0.01044264847699852,-0,-0,-0,-0,-0,-0,0.01001096358616428,-0,-0,-0,-0,-0,-0,-0,-0,-0,-0,-0,-0,-0,-0,-0,-0,-0,0.011893760103312842,-0,-0,-0,0.009875737730976804,-0,0.009672899607554079,-0,-0,-0,-0,-0,-0,-0,-0,-0,-0,-0,-0,-0,-0,-0,-0,-0,-0,-0,-0,-0,-0,-0,-0,-0
bremen,2020,28,2020-07-06,2020.5109289617487,2020-07-12,2020.5273224043715,female,-0,-0,-0,-0,0.015987257367367187,-0,-0,-0,-0,-0,-0,-0,-0,-0,-0,-0,-0,-0,-0,-0,-0,-0,-0,-0,-0,-0,-0,-0,-0,-0,-0,-0,-0,-0,-0,-0,-0,-0,-0,-0,-0,-0,-0,-0,-0,-0,-0,-0,-0,-0,-0,-0,0.010307421499218261,-0,-0,-0,-0,-0,-0,-0,-0,-0,-0,-0,0.012523107842706004,-0,-0,-0,-0,-0,-0,-0,-0,-0,-0,-0,-0,-0,0.0159456445922498,-0,-0
bremen,2020,28,2020-07-06,2020.5109289617487,2020-07-12,2020.5273224043715,male,-0,-0,-0,-0,-0,-0,0.015878023903695297,-0,-0,-0,-0,-0,-0,-0,-0,-0,0.016871536711235546,-0,-0,-0,-0,-0,-0,-0,-0,-0,-0,0.010375034944150853,-0,0.010073375637927505,-0,-0,-0,-0,-0,-0,-0,-0,-0,-0,-0,0.01239307669374335,-0,-0,-0,-0,-0,-0,-0,0.011893760103312842,-0,-0,-0,-0,-0,-0,-0,-0,0.010468653705347542,-0,-0,-0,-0,-0,-0,-0,-0,-0,-0,-0,-0,-0,-0,-0,-0,-0,-0,-0,-0,-0,-0
bremen,2020,29,2020-07-13,2020.5300546448088,2020-07-19,2020.5464480874316,female,-0,-0,-0,-0,-0,-0,-0,-0,-0,0.01958688844263142,0.018078342197933275,-0,0.017979507937036752,-0,-0,-0,-0,-0,-0,-0,-0,0.012538711602429472,-0,-0,-0,-0,-0,0.01118640314079471,0.011222810984862875,-0,-0,0.021537659680270146,-0,-0,-0,-0,-0,-0,-0,-0,-0,-0,-0,-0,-0,-0,-0,-0,-0,-0,-0,-0,0.010307421499218261,-0,-0,-0,-0,-0,-0,-0,-0,-0,-0,-0,0.012523107842706004,-0,-0,-0,-0,-0,0.013761020663329399,-0,-0,-0,0.016512621517401002,-0,-0,-0,-0,-0,0.0035205191709188123
bremen,2020,29,2020-07-13,2020.5300546448088,2020-07-19,2020.5464480874316,male,-0,0.014119916865459462,-0,-0,-0,-0,-0,-0,-0,0.017787041757538067,0.01736569936487648,-0,-0,-0,-0,-0,-0,-0,-0,-0,-0,0.011670109435255878,-0,-0,-0,-0,-0,-0,0.020528451556473076,-0,0.009579282278983844,-0,-0,0.020866586117123737,-0,-0,-0,-0,-0,0.011659707102012232,-0,0.01239307669374335,-0,-0,-0,-0,-0,-0,-0,0.023795443622868267,-0,-0,-0,-0,-0,-0,0.009802923954613985,-0,-0,-0,-0,-0,-0,-0,-0,-0,-0,-0,-0,-0,-0,0.016122499116499107,-0,-0,-0,-0,-0,-0,-0,0.019025079899295843,-0
bremen,2020,30,2020-07-20,2020.549180327869,2020-07-26,2020.5655737704917,female,0.015602340468103605,-0,-0,-0,-0,-0,-0,-0,-0,-0,-0,-0,-0,-0,-0,-0,-0,0.017407313276408307,-0,-0,-0,-0,0.012720755811868267,-0,-0,-0,-0,-0,0.011222810984862875,-0,-0,-0,-0,-0,-0,-0,-0,-0,-0,0.012507504087659016,-0,-0,-0,0.013188872419714582,-0,-0,-0,-0,0.012746762179525249,-0,-0,-0,-0,0.010302220468631015,-0,-0,-0,-0,0.010312622530319941,-0,-0,-0,-0,-0,-0,-0,-0,-0,-0,-0,-0,-0,-0,0.01546710007179904,0.016512621517401002,-0,-0,-0,-0,-0,0.005278267876625255
bremen,2020,30,2020-07-20,2020.549180327869,2020-07-26,2020.5655737704917,male,-0,-0,-0,-0,-0,-0,-0,-0,-0,-0,-0,-0,-0,-0,-0,-0,-0,-0,-0,-0,-0,-0,-0,0.01058307686459831,-0,-0,-0,0.020752140327365692,-0,0.010073375637927505,0.009579282278983844,-0,0.009886139707352614,-0,0.010749511000238682,0.022406426690912987,-0,-0,-0,0.011659707102012232,-0,-0,-0,-0,-0,0.013157664514751354,-0,-0,-0,-0,-0,-0,-0,0.019748149423473204,-0,-0,-0,-0,-0,-0,-0,-0,-0,-0,-0,-0,-0,-0,-0,-0,-0,-0,-0,-0,-0,-0,-0,-0,-0,-0,-0
bremen,2020,31,2020-07-27,2020.568306010929,2020-08-02,2020.5846994535518,female,-0,-0,-0,-0,-0,-0,-0,-0,-0,-0,-0,-0,-0,-0,-0,-0,-0,-0,-0,-0,-0,0.03762000503407771,0.025439421717838546,0.011748127000910156,0.011654505936167873,-0,-0,-0,-0,0.011004364302806092,-0,-0,-0,-0,-0,-0,0.012164222661305117,-0,-0,0.012507504087659016,-0,-0,-0,0.052780777578602445,-0,-0,0.013932666363999407,0.0133865229194174,-0,-0,-0,-0,-0,-0,-0,-0,0.010104581691902875,-0,-0,-0,-0,-0,-0,-0,-0,-0,-0,0.013625785055795746,-0,-0,-0,-0,-0,-0,-0,-0,-0,-0,-0,-0,0.0017576297041079169
bremen,2020,31,2020-07-27,2020.568306010929,2020-08-02,2020.5846994535518,male,-0,-0,-0,-0,-0,-0,-0,-0,-0,-0,-0,-0,-0,-0,-0,-0,-0,-0,-0,-0,-0,0.011670109435255878,-0,-0,0.01044264847699852,0.021750948440391216,-0,0.010375034944150853,-0,-0,0.009579282278983844,-0,-0,-0,0.010749511000238682,-0,-0,-0,-0,0.011659707102012232,-0,0.01239307669374335,0.012569919135928956,-0,-0,0.013157664514751354,-0,0.013313704226862691,-0,-0,-0,-0,-0,-0,-0,-0,-0,0.010390638059310358,-0,-0,-0,-0,-0,-0,-0,-0,-0,-0,-0,0.016091289450864764,-0,-0,-0,-0,-0,-0,0.020309965778955996,-0,-0,0.019025079899295843,-0
bremen,2020,32,2020-08-03,2020.5874316939892,2020-08-09,2020.603825136612,female,-0,-0,-0,-0,-0,-0,-0,0.017797445316595918,-0,-0,-0,-0,-0,0.01728767337051709,-0,-0,0.01826040580185584,-0,-0,-0,-0,-0,-0,0.011748127000910156,-0,-0,-0,-0,-0,-0,-0,0.010765114227763857,-0,-0,-0,-0,-0,0.01187295534942598,-0,-0,0.012580321651257461,-0,0.013391724258505185,-0,-0,-0,-0,-0,-0,0.011950973219418473,-0,-0,0.010307421499218261,-0,-0,-0,0.010104581691902875,0.010057772617965428,-0,-0,-0,-0,-0,0.011789736417122243,-0,-0,-0,-0,-0,-0,0.013761020663329399,-0,-0,-0,-0,-0,-0,-0,-0,-0,-0
bremen,2020,32,2020-08-03,2020.5874316939892,2020-08-09,2020.603825136612,male,-0,-0,-0,-0,-0,-0,-0,-0,-0,-0,-0,-0,-0,-0,-0,-0,-0,-0,-0,-0,-0,-0,-0,-0,0.01044264847699852,0.021750948440391216,-0,-0,-0,0.010073375637927505,-0,-0,-0,-0,-0,-0,-0,-0,-0,-0,0.011976979202098424,-0,-0,-0,-0,-0,0.013292898904860724,-0,-0,-0,-0,-0,-0,0.009875737730976804,-0,-0,0.009802923954613985,-0,-0,-0,-0,-0,-0,-0,-0,-0,-0,-0,-0,-0,-0,-0,-0,-0,-0,-0,-0,-0,-0,-0,-0
bremen,2020,33,2020-08-10,2020.6065573770493,2020-08-16,2020.622950819672,female,-0,-0,-0,-0,-0,-0,-0,0.017797445316595918,-0,0.01958688844263142,-0,-0,0.017979507937036752,-0,-0,0.01919674297689591,-0,-0,0.03521592193507238,0.03041849523516744,-0,0.025080447381949242,-0,0.011748127000910156,0.011654505936167873,0.011508873503826681,-0,-0,0.011222810984862875,-0,-0,-0,-0,0.011155196437593964,0.011420454011749976,-0,-0,-0,-0,-0,0.025163687586970677,-0,-0,-0,-0,0.013438536333678437,0.013932666363999407,0.026776492860773275,0.03824966421303955,0.011950973219418473,-0,0.011009565403622116,-0,-0,0.010104581691902875,-0,-0,-0,-0,-0,-0,-0,-0,-0,-0,-0,-0,-0,-0,-0,-0,-0,-0,-0,-0,-0,-0,-0,-0,-0,-0
bremen,2020,33,2020-08-10,2020.6065573770493,2020-08-16,2020.622950819672,male,-0,-0,-0,-0,-0,-0,-0,-0,-0,-0,-0,-0,-0,-0,-0,-0,-0,-0,-0,-0,-0,-0,-0,-0,-0,0.010874336951551836,0.02096542586552854,0.010375034944150853,-0,-0,-0,-0,0.01977415930593168,0.010432246389299219,-0,0.011202006499415215,-0,-0,-0,0.011659707102012232,-0,-0,-0,0.013287697575658008,-0,-0,-0,0.013313704226862691,-0,-0,-0,-0,-0,-0,-0,-0,-0,-0,-0,0.011139593093019493,-0,-0,-0,-0,-0,0.014270758037558942,-0,-0,-0,-0,-0,-0,-0,-0,-0,-0,-0,-0,-0,-0,-0
bremen,2020,34,2020-08-17,2020.6256830601094,2020-08-23,2020.6420765027322,female,-0,-0,-0,-0,-0,-0,-0,-0,-0,-0,0.018078342197933275,-0,-0,-0,0.018130360305438,-0,0.01826040580185584,0.017407313276408307,-0,0.03041849523516744,-0,-0,0.012720755811868267,0.011748127000910156,0.011654505936167873,-0,-0,-0,-0,0.011004364302806092,-0,0.010765114227763857,0.021371191011945307,-0,0.011420454011749976,-0,-0,-0,0.011633701278010085,-0,-0,0.02690655998191206,-0,0.013188872419714582,-0,-0,-0,-0,0.012746762179525249,0.011950973219418473,-0,-0,-0,-0,-0,-0,0.010104581691902875,-0,-0,-0,-0,0.011217609862723512,-0,-0,-0,-0,-0,-0,-0,-0,-0,-0,-0,-0,-0,-0,-0,-0,-0,-0,0.0017576297041079169
bremen,2020,34,2020-08-17,2020.6256830601094,2020-08-23,2020.6420765027322,male,-0,-0,-0,-0,-0,0.01518621729564192,-0,-0,-0,-0,0.01736569936487648,-0,-0,0.016460605028178192,-0,-0,-0,-0,-0,-0,0.01268954818784482,0.011670109435255878,-0,-0,0.01044264847699852,0.010874336951551836,0.010484256848604085,0.010375034944150853,-0,0.020148703055823725,0.009579282278983844,0.030043877507337415,0.029664059510800134,0.010432246389299219,-0,0.011202006499415215,0.0234728970577103,-0,-0,0.011659707102012232,-0,-0,0.012569919135928956,-0,0.013100450070966259,-0,0.013292898904860724,0.013313704226862691,-0,0.011893760103312842,0.01122801210752824,0.01047905580032977,-0,0.009875737730976804,-0,-0,0.009802923954613985,0.010390638059310358,0.010468653705347542,-0,0.011555683884026953,-0,-0,-0,0.013594576888617496,-0,-0,-0,-0,-0,-0,-0,-0,-0,-0,-0,-0,-0,-0,-0,-0
bremen,2020,35,2020-08-24,2020.6448087431695,2020-08-30,2020.6612021857923,female,0.015602340468103605,-0,-0,-0,-0,-0,0.0170171841631739,-0,-0,-0,-0,0.03701116828502577,0.03596003101730909,0.01728767337051709,-0,0.0384057792385892,0.01826040580185584,-0,0.017604979810963983,-0,0.026864938467750194,-0,0.025439421717838546,0.011748127000910156,0.023311624525387008,0.034534264918116224,0.02308792474410145,-0,0.04491619311203666,-0,-0,0.021537659680270146,0.010687098136945756,-0,0.011420454011749976,-0,-0,0.023743419848001653,0.011633701278010085,-0,-0,-0,0.026781695539369616,0.013188872419714582,-0,0.013438536333678437,0.013932666363999407,0.026776492860773275,0.012746762179525249,0.011950973219418473,-0,-0,-0,0.010302220468631015,-0,0.009958953600245485,-0,-0,0.010312622530319941,-0,-0,-0,0.011820943501131212,-0,-0,-0,-0,-0,-0,-0,-0,-0,-0,-0,-0,-0,-0,-0,-0,-0,0.0017576297041079169
bremen,2020,35,2020-08-24,2020.6448087431695,2020-08-30,2020.6612021857923,male,-0,-0,-0,-0,-0,-0,-0,-0,-0,-0,0.01736569936487648,-0,-0,0.032921219019025824,-0,0.016517823169188563,0.016871536711235546,0.016601049668502583,-0,0.01404709714588307,0.025382193759120552,0.023337636190316008,0.010411442220143122,-0,0.02088219238070096,-0,0.02096542586552854,0.020752140327365692,0.010265813269109149,0.010073375637927505,0.019155127633317535,0.01001096358616428,0.01977415930593168,0.010432246389299219,-0,0.011202006499415215,-0,-0,0.011358040343154753,0.011659707102012232,-0,0.01239307669374335,-0,-0,0.013100450070966259,0.013157664514751354,-0,0.026630818071332094,-0,-0,-0,0.01047905580032977,-0,0.009875737730976804,-0,-0,-0,-0,-0,0.0222815730537926,-0,-0,-0,-0,-0,-0,-0,-0,-0,-0,-0,-0,-0,-0,-0,-0,-0,-0,-0,-0,-0
bremen,2020,36,2020-08-31,2020.6639344262296,2020-09-06,2020.6803278688524,female,-0,-0,0.01539948000554531,0.016054878197968896,-0,-0,-0,-0,-0,-0,0.018078342197933275,-0,-0,-0,0.018130360305438,-0,-0,-0,-0,0.015207023375178961,-0,0.05016779229040901,0.012720755811868267,0.035252346607322294,0.023311624525387008,0.011508873503826681,-0,-0,0.011222810984862875,-0,0.010978358806546596,0.010765114227763857,-0,0.022312786434970013,-0,0.023909896110776784,-0,-0,-0,-0,0.012580321651257461,0.0134541403680991,-0,-0,0.013313704226862691,-0,0.013932666363999407,0.0133865229194174,-0,-0,-0,-0,-0,-0,-0,-0,0.010104581691902875,0.010057772617965428,0.010312622530319941,-0,-0,-0,0.02363937245441662,0.011789736417122243,-0,-0,-0,-0,-0,-0,-0,-0,-0,-0,-0,-0,-0,-0,-0,-0,-0
bremen,2020,36,2020-08-31,2020.6639344262296,2020-09-06,2020.6803278688524,male,-0,-0,0.014754493023809816,-0,-0,-0,-0,-0,0.017116016595036396,-0,0.01736569936487648,-0,-0,-0,-0,-0,-0,-0,0.03228642112769874,0.01404709714588307,0.01268954818784482,0.011670109435255878,0.020830171520334454,-0,0.03132903568646998,0.021750948440391216,0.03145391104875477,-0,0.030798318742308393,0.010073375637927505,0.009579282278983844,0.020029056842473216,-0,0.020866586117123737,0.021506446764364646,0.011202006499415215,0.0234728970577103,0.011467264312355086,-0,0.011659707102012232,-0,-0,0.012569919135928956,-0,-0,-0,0.013292898904860724,-0,0.01262193173338156,-0,0.02246365137478491,-0,0.0199562288473898,0.009875737730976804,-0,-0,-0,0.010390638059310358,-0,-0,-0,-0,-0,-0,-0,-0,0.030179155819956553,-0,-0,-0,-0,-0,-0,-0,-0,-0,-0,-0,-0,-0,-0
bremen,2020,37,2020-09-07,2020.6830601092897,2020-09-13,2020.6994535519125,female,-0,-0,-0,0.016054878197968896,-0,-0,-0,-0,-0,-0,-0,-0,-0,-0,-0,0.0384057792385892,0.03652722621056747,0.03481525222425171,-0,-0,-0,0.025080447381949242,0.025439421717838546,0.011748127000910156,-0,0.011508873503826681,-0,-0,0.011222810984862875,0.011004364302806092,0.010978358806546596,-0,-0,-0,0.022848619066712792,0.011950973219418473,-0,-0,0.011633701278010085,-0,-0,0.0134541403680991,0.013391724258505185,-0,0.013313704226862691,-0,0.02786906678989518,-0,-0,-0,0.01170131644747242,0.011009565403622116,-0,-0,-0,-0,-0,-0,-0,-0,-0,-0,-0,-0,0.012523107842706004,-0,-0,-0,-0,-0,-0,-0,-0,-0,-0,-0,-0,-0,-0,-0,-0
bremen,2020,37,2020-09-07,2020.6830601092897,2020-09-13,2020.6994535519125,male,-0,0.014119916865459462,-0,-0,-0,-0,-0,-0,-0,0.017787041757538067,-0,-0,-0,-0,0.016855931651297302,0.033035691594636325,-0,0.016601049668502583,-0,-0,0.025382193759120552,0.023337636190316008,-0,0.06354120616204904,0.02088219238070096,0.021750948440391216,0.010484256848604085,0.020752140327365692,-0,-0,-0,-0,0.009886139707352614,-0,0.010749511000238682,-0,-0,-0,-0,-0,-0,-0,-0,0.026578791459724534,-0,-0,-0,-0,-0,-0,0.01122801210752824,0.01047905580032977,0.009979757588370606,-0,-0,-0,0.009802923954613985,-0,0.010468653705347542,-0,-0,0.012039393613587837,-0,0.012840385210793658,-0,0.014270758037558942,0.015087388531530141,-0,-0,-0,-0,-0,-0,-0,-0,-0,-0,-0,-0,-0,-0
bremen,2020,38,2020-09-14,2020.7021857923498,2020-09-20,2020.7185792349726,female,-0,-0,0.01539948000554531,-0,-0,-0,-0,-0,-0,-0,-0,0.018499690365016214,-0,0.01728767337051709,0.018130360305438,-0,-0,-0,-0,0.015207023375178961,0.04030521625787691,-0,0.025439421717838546,0.023498908803311888,0.023311624525387008,-0,0.02308792474410145,-0,-0,0.011004364302806092,0.010978358806546596,-0,0.010687098136945756,-0,-0,0.011950973219418473,0.012164222661305117,-0,-0,-0,-0,0.0134541403680991,0.013391724258505185,-0,-0,-0,0.013932666363999407,0.0133865229194174,-0,0.011950973219418473,0.023400064239240192,-0,-0,-0,0.010104581691902875,0.009958953600245485,-0,-0,-0,-0,-0,0.011217609862723512,-0,-0,-0,-0,-0,-0,-0,-0,-0,-0,-0,-0,-0,-0,-0,-0,-0,-0,0.005278267876625255
bremen,2020,38,2020-09-14,2020.7021857923498,2020-09-20,2020.7185792349726,male,-0,-0,-0,-0,-0,-0,-0,-0,-0,0.017787041757538067,-0,-0,-0,0.06586329367825826,-0,-0,0.016871536711235546,0.016601049668502583,0.03228642112769874,0.02809798995055679,0.03808314203571889,0.04669095570193298,0.03124578561155328,0.03176089758912708,0.02088219238070096,-0,-0,-0,0.020528451556473076,0.010073375637927505,0.009579282278983844,0.01001096358616428,-0,-0,0.010749511000238682,-0,-0,0.011467264312355086,-0,-0,-0,0.03718289074890309,0.012569919135928956,-0,-0,-0,-0,-0,-0,0.023795443622868267,-0,-0,0.009979757588370606,-0,0.009600086115211843,-0,-0,0.010390638059310358,-0,-0,-0,-0,0.012590724168666974,-0,-0,-0,-0,-0,0.032187559858427126,-0,0.016112095892539705,-0,-0,-0,-0,-0,0.020309965778955996,-0,-0,-0,0.002917281830520651
bremen,2020,39,2020-09-21,2020.72131147541,2020-09-27,2020.7377049180327,female,-0,-0,-0,0.016054878197968896,0.015987257367367187,0.01655423474624765,-0,-0,0.018145965747833594,-0,0.03616297170594468,-0,0.03596003101730909,0.0518854769957214,-0,-0,-0,0.017407313276408307,-0,0.03041849523516744,0.013433334989914014,0.012538711602429472,0.05089129499242058,0.04700323691116025,0.023311624525387008,0.02302029476710931,0.02308792474410145,0.01118640314079471,0.011222810984862875,0.03302528498643982,-0,0.021537659680270146,0.021371191011945307,0.022312786434970013,-0,-0,-0,0.01187295534942598,-0,0.012507504087659016,0.012580321651257461,-0,-0,0.013188872419714582,0.026630818071332094,0.0403260323903802,0.02786906678989518,0.026776492860773275,0.012746762179525249,-0,0.01170131644747242,0.033035691594636325,-0,0.010302220468631015,-0,0.019914612895994433,0.010104581691902875,-0,-0,-0,0.022343999834883492,0.011217609862723512,-0,-0,-0,-0,-0,-0,-0,-0,-0,-0,-0,-0,-0,-0,-0,-0,0.0159456445922498,-0,0.005278267876625255
bremen,2020,39,2020-09-21,2020.72131147541,2020-09-27,2020.7377049180327,male,-0,-0,-0,-0,-0,-0,-0,0.017027587568208664,0.017116016595036396,0.017787041757538067,0.01736569936487648,0.0166634696304082,0.035018188445193214,0.032921219019025824,-0,0.033035691594636325,-0,0.06643081513992388,0.01614330557066179,0.01404709714588307,0.05078198818327173,0.023337636190316008,0.052088479846323074,0.02117351016047691,0.03132903568646998,0.04351620319052145,0.02096542586552854,0.010375034944150853,0.041065010492966195,0.03022598301016301,0.009579282278983844,0.020029056842473216,0.009886139707352614,0.020866586117123737,0.04302179196398028,0.011202006499415215,-0,0.011467264312355086,-0,0.011659707102012232,-0,0.024783905234470178,-0,-0,0.026204201392723697,-0,0.026589196777882945,-0,0.01262193173338156,-0,0.04493180659506327,-0,0.0199562288473898,0.02962763875278517,-0,-0,0.009802923954613985,-0,0.010468653705347542,0.0222815730537926,-0,-0,-0,-0,-0,-0,-0,0.015643952968499925,-0,-0,-0,-0,-0,-0,-0,-0,-0,-0,-0,-0,-0
bremen,2020,40,2020-09-28,2020.74043715847,2020-10-04,2020.7568306010928,female,-0,-0,-0,0.03211991804564148,-0,0.01655423474624765,0.0170171841631739,0.03560618760842813,0.018145965747833594,-0,-0,0.09257475578792349,0.017979507937036752,0.0518854769957214,-0,-0,0.03652722621056747,0.017407313276408307,-0,0.04563441818333093,0.013433334989914014,0.03762000503407771,0.076360839660201,0.035252346607322294,0.03497135693929339,0.04605078508584807,0.0692893430898671,0.04474964958482576,0.04491619311203666,0.04404184554484988,0.021959035878733293,0.010765114227763857,0.021371191011945307,0.044635151219282354,0.03427409284030171,0.023909896110776784,-0,-0,0.02326480356130188,0.012507504087659016,0.012580321651257461,-0,-0,-0,0.039951343280261994,0.026880546531653973,0.041803999097400193,0.0133865229194174,0.012746762179525249,0.03585595917652014,0.058527725094200844,0.02202146227260865,0.020616886536929273,0.010302220468631015,0.010104581691902875,0.039836855479570076,0.030319637517088757,-0,0.02063249272556671,0.03266625827902234,0.033514397823016205,0.011217609862723512,0.011820943501131212,-0,0.025054434845209295,-0,0.01303283308219876,0.013625785055795746,-0,-0,-0,-0,0.015050977981575132,-0,-0,0.020492037196472048,-0,0.01646580667475668,-0,-0,0.008799144428611716
bremen,2020,40,2020-09-28,2020.74043715847,2020-10-04,2020.7568306010928,male,-0,-0,-0,-0,-0,-0,0.015878023903695297,-0,0.017116016595036396,0.017787041757538067,-0,0.03333228080372293,0.017506146449762925,0.04939225021295576,0.03372253234035525,0.016517823169188563,0.033743345837903234,0.016601049668502583,0.01614330557066179,0.01404709714588307,0.03808314203571889,0.03501298494245231,0.03124578561155328,0.02117351016047691,0.062676957915329,0.021750948440391216,0.03145391104875477,0.031136520090483278,0.010265813269109149,-0,0.009579282278983844,0.030043877507337415,0.01977415930593168,-0,0.03226040498597997,0.03361846497754828,0.01173252347841739,0.0344041787164938,0.022718562095255523,0.011659707102012232,0.0599020892581348,0.049584833407722656,0.012569919135928956,0.026578791459724534,0.013100450070966259,0.013157664514751354,0.06650370825358362,0.026630818071332094,0.01262193173338156,0.04759657637541308,0.02246365137478491,-0,-0,0.03950380149259468,0.01920194489718205,0.009672899607554079,-0,0.010390638059310358,0.052369562024719166,0.0222815730537926,-0,-0,-0,0.012840385210793658,0.013594576888617496,-0,-0,-0,0.016091289450864764,0.032187559858427126,-0,-0,-0,-0,0.018910638162396836,0.025054434845209295,-0,-0,0.020913404921895137,-0,0.008752336529780325
bremen,2020,41,2020-10-05,2020.75956284153,2020-10-11,2020.775956284153,female,-0,-0,0.01539948000554531,-0,-0,-0,0.0170171841631739,0.017797445316595918,-0,-0,-0,0.018499690365016214,0.017979507937036752,0.08650631533266298,0.07254898565779008,0.0768399449031242,0.1279681309380094,0.03481525222425171,0.08808977142203449,0.12178089052523378,0.0940958836265823,0.0627186081038073,0.05089129499242058,0.04700323691116025,0.09331447678168474,0.06908627307782816,0.04618090042659279,0.04474964958482576,0.04491619311203666,0.03302528498643982,0.010978358806546596,0.010765114227763857,0.04275637313943084,0.055799928062980265,0.011420454011749976,0.047825586400502496,0.024326089099468276,-0,0.034903711505238535,0.012507504087659016,0.050339558207693244,0.04036766468038552,0.0669827226854009,0.013188872419714582,0.05328048693234759,0.12107203719571982,0.02786906678989518,0.053566780913322246,0.025496649739538132,0.05977714556039014,0.07023701363178719,0.033035691594636325,0.010307421499218261,0.08245934568244409,0.020211127276417346,0.039836855479570076,0.010104581691902875,0.060370630798452174,0.041267971105844625,0.03266625827902234,0.011170799786850443,0.044895375141964296,0.02363937245441662,0.011789736417122243,0.025054434845209295,0.0127519634546151,-0,0.02725514147086117,0.013573771454237438,-0,-0,0.01383904136612803,0.015050977981575132,-0,0.016512621517401002,-0,-0,-0,-0,0.014520427145970035,0.014078305584640034
bremen,2020,41,2020-10-05,2020.75956284153,2020-10-11,2020.775956284153,male,-0,-0,-0,-0,-0,-0,-0,0.017027587568208664,0.051359755348411716,0.017787041757538067,0.01736569936487648,-0,0.017506146449762925,0.04939225021295576,0.06746694828066166,0.016517823169188563,0.05062583599734672,0.08305308985443255,0.08075627501202044,0.112493593152783,0.025382193759120552,0.08173540362764328,0.0729395316215187,0.12716536399843822,0.0731269947259914,0.03263503868248069,0.05243723018347114,0.10385403927603933,0.0718876678478599,0.020148703055823725,0.06707644341644935,0.07012766614937,0.03956104499479871,0.04174154894992997,0.05378020108824925,0.04482771679679127,0.01173252347841739,0.0344041787164938,0.045447054164869355,0.09333531414516179,0.047914067816677265,0.03718289074890309,0.02514287752322325,0.026578791459724534,0.06553007295377236,0.05265585099048706,0.026589196777882945,0.06660784145035864,0.03788019385310015,0.03569464823491817,0.08990768013701472,0.03144870790266945,0.03992532330342692,0.019748149423473204,0.01920194489718205,0.03870239907838413,0.02940911474041309,0.041585423909386174,0.052369562024719166,0.044567493212691336,0.057798910352190994,-0,0.03777611816926561,0.012840385210793658,0.027187506073877092,0.014270758037558942,-0,-0,-0,-0,0.04835127231828574,0.016122499116499107,0.017422918501815595,0.03755755991123014,-0,-0,0.020309965778955996,-0,-0,-0,0.014593247528391407
bremen,2020,42,2020-10-12,2020.77868852459,2020-10-18,2020.795081967213,female,-0,-0,-0,-0,0.015987257367367187,-0,-0,-0,-0,0.03918636139677676,-0,0.03701116828502577,0.017979507937036752,0.01728767337051709,0.054404850536288504,0.0768399449031242,0.1279681309380094,0.08708968828207932,0.08808977142203449,0.06085479482533826,0.08064169733642133,0.07527245393658182,0.025439421717838546,0.05876198914492409,0.06997145585907838,0.06908627307782816,0.08084481247971935,0.0335612280167821,0.03368090537024011,0.09914405480310667,0.054914986485117764,0.010765114227763857,0.0641451471977066,0.022312786434970013,0.09144956656585052,0.035866366351226676,0.04866876836747826,0.059381492498066756,0.058184139728855507,0.06256762632929834,0.012580321651257461,0.05383225492232595,0.1206342208488486,0.06598304539769981,0.013313704226862691,0.10760565956880574,0.06969548549304873,0.053566780913322246,0.051005807134158546,0.011950973219418473,0.035106648071403936,0.04404704995115774,0.0515627561466545,0.010302220468631015,0.10112907368191361,0.02987738160569892,0.04043011317789049,0.030179155819956553,0.02063249272556671,0.054456904995659625,0.022343999834883492,-0,0.011820943501131212,0.058965018842575725,0.03758357870330058,-0,-0,0.013625785055795746,-0,0.013610180969868282,-0,-0,0.015050977981575132,0.01546710007179904,0.016512621517401002,-0,0.016757099713756697,-0,0.0159456445922498,-0,0.012320259392350435
bremen,2020,42,2020-10-12,2020.77868852459,2020-10-18,2020.795081967213,male,0.030480931785520048,-0,0.014754493023809816,0.014790903366165726,0.015108194571524151,0.01518621729564192,0.015878023903695297,-0,0.017116016595036396,-0,0.0347372000424662,-0,0.035018188445193214,0.032921219019025824,0.05058940055477179,0.04956401356849725,0.10130100801682676,0.09968067972988552,0.08075627501202044,0.07027866987604939,0.13976606406445394,0.10510975982116294,0.06251035749502422,0.052947346829617555,0.10450013236676062,0.07617336489718853,0.041944512203426126,-0,0.06160968321575524,0.09072549933958221,0.04790365823049482,0.040060627325157014,0.029664059510800134,0.020866586117123737,0.04302179196398028,0.08969411163524556,0.046951189912724935,0.06883113495602729,-0,0.06998707686699421,0.0718876678478599,0.049584833407722656,0.02514287752322325,0.0398732833888109,-0,0.09218927155340594,0.06650370825358362,0.026630818071332094,0.025246927925235238,0.03569464823491817,0.05617473138884007,0.05242681969177731,0.05989688326473763,0.02962763875278517,0.048018163793170615,0.06775332037824695,0.019602494322149867,0.051984375721374265,0.06285397144675144,0.044567493212691336,0.0693622402107033,0.024081575314979845,0.06297892253760838,0.012840385210793658,0.040789193493936525,0.014270758037558942,0.015087388531530141,-0,-0,0.016091289450864764,-0,0.016122499116499107,-0,0.01877538916167991,0.018910638162396836,0.025054434845209295,-0,-0,0.06276546460571861,0.019025079899295843,0.011670109435255878
bremen,2020,43,2020-10-19,2020.7978142076502,2020-10-25,2020.8142076502731,female,-0,0.01583120963236622,-0,0.03211991804564148,0.015987257367367187,0.04967331781742496,-0,0.03560618760842813,0.018145965747833594,0.01958688844263142,0.03616297170594468,-0,-0,0.0518854769957214,0.03626184053347896,0.0768399449031242,0.2562467333034348,0.22672997547219265,0.12337063349569642,0.1370235748016046,0.0940958836265823,0.11294697488291956,0.08909508271320825,0.10582360618097635,0.08164165647273729,0.13826966891375822,0.08084481247971935,0.11194641357039774,0.06738884707321262,0.07709512232328666,0.054914986485117764,0.12935475756982326,0.07484543800880447,0.06696710257998466,0.06857079122420169,0.09570040915811089,0.09737792060649252,0.07126801548504154,0.058184139728855507,0.05004807698661355,0.07552762366475863,0.04036766468038552,-0,0.06598304539769981,0.09327280207978038,0.09414276841068588,0.11155557453669775,0.06696710257998466,0.14038653321955646,0.0956743612703738,0.023400064239240192,0.05506594604182277,0.041247154596270284,0.05152111489266297,0.1213795532622576,0.08967848470613664,0.010104581691902875,0.05030312296570727,0.041267971105844625,0.010884739127687382,0.011170799786850443,0.06735760662307688,0.011820943501131212,0.03537202785293648,0.03758357870330058,0.03826007186682844,0.01303283308219876,-0,-0,0.04084123432517421,0.11020068862964079,-0,0.030111516619658954,0.06188561067266464,-0,0.020492037196472048,0.016757099713756697,0.01646580667475668,0.03189097717832465,0.04356824675098306,0.049293356417135135
bremen,2020,43,2020-10-19,2020.7978142076502,2020-10-25,2020.8142076502731,male,-0,0.04237646227736401,0.029513173679393382,0.04438533747864398,0.015108194571524151,0.01518621729564192,-0,0.017027587568208664,-0,-0,0.0347372000424662,0.03333228080372293,0.017506146449762925,0.016460605028178192,0.03372253234035525,0.033035691594636325,0.08440206014536185,0.13295181856790744,0.11309810300473704,0.19702117273367659,0.12704547129839439,0.10510975982116294,0.13553768570968971,0.052947346829617555,0.1254295531816067,0.11975338722419737,0.10492218138166144,0.10385403927603933,0.06160968321575524,0.13109591254681197,0.11504196248705446,0.1002121001634103,0.07914700260623443,0.07306971426125403,0.11838786399939477,0.07847518517230744,0.09395002012416669,0.04587382874492137,0.045447054164869355,0.05831428543348003,0.0599020892581348,0.049584833407722656,0.0628852091913191,0.10639156393446646,0.06553007295377236,0.05265585099048706,0.07981362073210324,0.07993861258209745,0.07578279464508757,0.04759657637541308,0.16870135958005347,0.07340819064984942,0.08987121715998578,0.06915396299372702,0.0672378517380958,0.09681527098361672,0.06864889420688888,0.051984375721374265,0.06285397144675144,0.0222815730537926,0.057798910352190994,0.03612134278216725,0.06297892253760838,0.06423886281466018,0.040789193493936525,0.02854543358361907,0.015087388531530141,0.03129781689276104,-0,0.032187559858427126,0.032229185633108004,0.016122499116499107,-0,-0,-0,-0,0.12196852978874947,0.038421390766925634,0.020913404921895137,-0,0.04086205067225217
bremen,2020,44,2020-10-26,2020.8169398907103,2020-11-01,2020.8333333333333,female,0.031214566867818642,0.04750809549946297,0.01539948000554531,-0,0.047976525377567185,0.01655423474624765,0.03404514248860458,0.017797445316595918,0.163552536632746,0.11764778624311069,0.05425389289877397,0.0740486981529114,0.14399478627762552,0.0518854769957214,0.12702983314050967,0.1730472168191265,0.16458539032849293,0.13941151358553003,0.1410174380189716,0.22857362919713223,0.24230124239636414,0.16322390566811346,0.16558696501982276,0.15292263871400658,0.1517231301514082,0.12673270903420572,0.17339156197337105,0.13436464536502665,0.14611709829639463,0.12119712825760048,0.153913557962141,0.19415039526015768,0.08554272256196922,0.14520454565850474,0.14868797555061805,0.059792763506188326,0.17053252285500278,0.20217331083655463,0.1980964501858152,0.12521062620247442,0.11333261302886727,0.13468266702168133,0.1206342208488486,0.14527233473239926,0.20007480999346397,0.2154344536116937,0.12551816674472419,0.20116059090146987,0.10206169401694025,0.08370934130050968,0.07023701363178719,0.176422941194084,0.08252184474971742,0.10309332705620526,0.1213795532622576,0.07970946108661736,0.11125332769823502,0.11073221658511764,0.061916847835518186,0.06535305031239681,0.10061327408808615,0.044895375141964296,0.08279267490925667,0.04716458293738316,0.06265613283359997,0.02550185229009158,0.02606373081327982,0.013625785055795746,0.027145884334841594,0.054462110444466194,0.055071151551591854,0.06923206685233237,0.030111516619658954,0.10835080526178209,0.049548398694545734,-0,0.016757099713756697,0.03293162560639593,0.03189097717832465,0.08717302780911212,0.05105785819104174
bremen,2020,44,2020-10-26,2020.8169398907103,2020-11-01,2020.8333333333333,male,-0,0.04237646227736401,0.014754493023809816,0.05919407894031788,0.03022598301016301,0.030371667871593303,0.015878023903695297,0.08520416717878863,0.051359755348411716,0.08899611338163041,0.06949762084908728,0.05000643694554887,0.10512018086542002,0.11531817361799214,0.11812206021280382,0.016517823169188563,0.118200237656055,0.23288792990311397,0.19403034801815464,0.19702117273367659,0.19068479506455607,0.15189523185368778,0.2400391754730465,0.13777435596295037,0.15682905620613843,0.20701793470906787,0.14695144615127695,0.20791591026816822,0.23657573942997662,0.14119471843116005,0.11504196248705446,0.12027980079172043,0.1584146551801148,0.18810140301305775,0.06454083650710833,0.19078395812531224,0.1527505336113438,0.08030838189742152,0.10230657475455913,0.06998707686699421,0.09587232554443466,0.11162853093332731,0.1762716289188089,0.1330248049898284,0.17055860826777772,0.10537028655411389,0.1064488811165782,0.17335504040952154,0.1516761934223712,0.10715753513290285,0.15743929745655552,0.10490133937460139,0.10986197266877626,0.08893360653242056,0.09608070980501165,0.07743883266440071,0.1570429006155718,0.12485096245199134,0.08381871734672515,0.16732933363006156,0.10408329719580946,0.08432914193765323,0.07557969927333621,0.025683941887274634,0.0543944396506662,0.042829233074009355,0.045275304407666354,0.03129781689276104,0.09662251279070189,0.06439505588491315,0.04835127231828574,-0,0.017422918501815595,0.05634651714936864,0.018910638162396836,0.05012094713870531,0.08128229394460079,0.07686598335801416,-0,0.03805191918683718,0.0642284499599908
bremen,2020,45,2020-11-02,2020.8360655737704,2020-11-08,2020.8524590163934,female,-0,0.01583120963236622,0.04621733278034269,-0,0.03197943148484581,-0,0.05107347351826374,0.08905862030597698,0.054462110444466194,0.058788018549044085,0.05425389289877397,0.03701116828502577,0.03596003101730909,0.17316199828384393,0.054404850536288504,0.13454190309766917,0.3113232870604531,0.2092576817147869,0.28241833766978147,0.25912616706511377,0.24230124239636414,0.21355471585900276,0.2294145241315351,0.2118630099771066,0.12835388049913032,0.1613460542829979,0.20814040658092559,0.1455799939476738,0.1573714925195245,0.1322323864620978,0.19797117399849595,0.0646345528371858,0.1069543171847065,0.16757973870742768,0.09144956656585052,0.1316328673105343,0.1217496173804746,0.09504400636562949,0.1397556360746863,0.12521062620247442,0.15116510733735458,0.20215242981401035,0.1072148531593157,0.14527233473239926,0.17335504040952154,0.1884562856298112,0.1674284521623328,0.18772564758808793,0.11483350222764724,0.11962308765898105,0.15230201995971127,0.1543360082248159,0.1445005874226715,0.1443858692058122,0.09100679044572742,0.14955365450890465,0.14163270792302565,0.09058485435712406,0.10323400587459058,0.06535305031239681,0.07823562446575583,0.11231119931890043,0.09463245645996358,0.08256871909946574,0.03758357870330058,0.10208774510442901,0.06518644131807519,0.09545034997443579,0.04072674456520484,0.04084123432517421,0.04129919588583092,0.0415281781786354,0.06023527391983167,0.04640990421706133,0.016512621517401002,0.12307874261917741,-0,0.01646580667475668,0.03189097717832465,-0,0.0422515606824088
bremen,2020,45,2020-11-02,2020.8360655737704,2020-11-08,2020.8524590163934,male,0.030480931785520048,-0,0.04427604434449943,0.02958601506058414,0.04534296333520837,0.04556675887656652,0.047643419253039575,-0,0.15422648375309192,0.017787041757538067,0.05211450591012252,0.08337600619766992,0.07005476795550653,0.13181011573131352,0.11812206021280382,0.1653939517297413,0.23666976632146935,0.19955280801146058,0.19403034801815464,0.21112682182619838,0.20342096715167063,0.17530115375921326,0.1877621792463559,0.18024241755506454,0.11496378979184546,0.1415544952431909,0.16798143270438964,0.1870889570940267,0.18505368731363867,0.16139821590578182,0.143843568333916,0.18051897523281887,0.10886147071418921,0.11486998271271558,0.1291670916516484,0.12337063349569642,0.10570376267695787,0.11476575282327417,0.09092865387472242,0.11669403959782072,0.1558850218846664,0.07439238835825664,0.15105558954409773,0.17300026083840347,0.06553007295377236,0.09218927155340594,0.05319720170657942,0.10661041169698941,0.07578279464508757,0.13099686324467094,0.12366252601068584,0.12590911073764105,0.13986513007154286,0.10871556578748437,0.11531817361799214,0.11619893211664797,0.08827728915207608,0.051984375721374265,0.10479712946457659,0.05571663880187674,0.10408329719580946,0.060219655841121315,0.13865028101843457,0.05138578104749191,0.09522633964350823,0.05711175152268317,0.09059006342376226,0.15667258524419123,0.06439505588491315,0.06439505588491315,0.08060524085621544,0.06451480422316777,0.06972672734776239,0.05634651714936864,0.03783335976959742,0.05012094713870531,0.04062266318396982,0.09610154827699922,0.020913404921895137,0.019025079899295843,0.03502339194844904
bremen,2020,46,2020-11-09,2020.8551912568305,2020-11-15,2020.8715846994535,female,0.062442676226742266,0.04750809549946297,0.01539948000554531,0.016054878197968896,0.03197943148484581,0.01655423474624765,0.03404514248860458,0.017797445316595918,0.07262709461588054,0.11764778624311069,0.10855923953458999,0.1482029930352075,0.053951978938442884,0.13848343701316862,0.10886147071418921,0.0960650809564983,0.16458539032849293,0.19178603756061352,0.12337063349569642,0.22857362919713223,0.22880866057356836,0.16322390566811346,0.14007369070337777,0.15292263871400658,0.12835388049913032,0.13826966891375822,0.02308792474410145,0.08953784255551257,0.12361040222712892,0.12119712825760048,0.1429049840358806,0.10777240453078224,0.09624741781472956,0.07813667580033348,0.09144956656585052,0.08372496643588125,0.14613795682961114,0.11883087332970922,0.1397556360746863,0.0876157712860968,0.12594038638404215,0.09424174753816181,0.1206342208488486,0.13204471015840685,0.05328048693234759,0.10760565956880574,0.13948450907474605,0.13402055855007317,0.07652748446141315,0.0956743612703738,0.07023701363178719,0.04404704995115774,0.12383453486713938,0.030907583552730985,0.05053734996680385,0.039836855479570076,0.07076813324576048,0.07044008813775385,0.041267971105844625,0.06535305031239681,0.10061327408808615,0.044895375141964296,0.05912640198824046,0.058965018842575725,0.03758357870330058,0.10208774510442901,0.01303283308219876,0.05451937041569583,0.04072674456520484,0.04084123432517421,0.027525683938527255,0.027681766771685642,0.030111516619658954,0.01546710007179904,-0,0.020492037196472048,0.016757099713756697,0.08237080546573021,0.07976674886581579,0.04356824675098306,0.06339022199911475
bremen,2020,46,2020-11-09,2020.8551912568305,2020-11-15,2020.8715846994535,male,0.015238232510093647,0.028243668850247376,0.029513173679393382,0.07400183148273128,0.06046433961313049,0.06076629138694496,0.047643419253039575,0.06815424396440914,0.10276507796002816,0.0711847014447866,0.20876691304534598,0.03333228080372293,0.08758451868171797,0.14831250482073677,0.15192130791887162,0.13227409239934443,0.118200237656055,0.14959015935996126,0.11309810300473704,0.22523107571814122,0.13976606406445394,0.12849462767314837,0.09379894764228318,0.08474061030630313,0.0731269947259914,0.10885625981689723,0.09442407800300959,0.14545484421675287,0.0821624761387296,0.09072549933958221,0.11504196248705446,0.1002121001634103,0.09895128797747296,0.11486998271271558,0.1615077554839514,0.05603938543176177,0.10570376267695787,0.11476575282327417,0.14783795541577383,0.06998707686699421,0.047914067816677265,0.13646570970840244,0.10065495467333087,0.21300647181388896,0.06553007295377236,0.19774150177228128,0.09313215020744453,0.13330111165794736,0.13902046806667415,0.14292062696869515,0.07866266823423415,0.08390726002882991,0.029939817506343593,0.08893360653242056,0.16344820911737978,0.09681527098361672,0.04902270067452132,0.08319892279338445,0.03141748903711387,0.033420737562001555,0.09250703537764893,0.10844460058115789,0.025179295140243644,0.08995456114505102,0.040789193493936525,0.07139819394017767,0.015087388531530141,0.06261448269516212,0.032187559858427126,0.06439505588491315,0.09674233536712933,0.04837729651168076,0.0348516766158437,-0,0.07568905822109914,0.025054434845209295,0.04062266318396982,0.07686598335801416,0.04183522419926048,-0,0.04670656971785193
bremen,2020,47,2020-11-16,2020.8743169398906,2020-11-22,2020.8907103825136,female,-0,0.04750809549946297,0.01539948000554531,0.016054878197968896,0.047976525377567185,-0,-0,0.05341582570873286,0.07262709461588054,0.11764778624311069,0.07234590291583941,0.018499690365016214,0.12597166204925989,0.08650631533266298,0.14519933111802205,0.11529732744371551,0.1279681309380094,0.17432026178763924,0.10572460500563803,0.1370235748016046,0.1344689145463424,0.10038403146643109,0.06362450795683891,0.09405420829842547,0.06997145585907838,0.1498039740022204,0.08084481247971935,0.08953784255551257,0.06738884707321262,0.09914405480310667,0.09888876916045942,0.05385828185890182,0.09624741781472956,0.08930864875472866,0.10289012499044041,0.059792763506188326,0.060839176560560954,0.08315204787554856,0.12809323859023486,0.05004807698661355,0.08812623314991486,0.10771508588979442,0.08039171055687414,0.10560997230125055,0.14664899350702956,0.12107203719571982,0.055747872259157075,0.12060294839369637,0.10206169401694025,0.07174186662759152,0.1171161875944752,0.05506594604182277,0.07220010041074157,0.10309332705620526,0.08088647722256445,0.10963268927058666,0.08088647722256445,0.05030312296570727,0.07224175822762682,0.010884739127687382,0.07823562446575583,0.08982954521754315,0.04729470106512635,0.04716458293738316,0.07519954852994279,0.03826007186682844,0.052145737203879765,0.013625785055795746,0.06789390362147658,0.013610180969868282,0.06884675562138987,0.01383904136612803,0.030111516619658954,0.03093359901762195,0.03302528498643982,0.04099215303028327,0.033514397823016205,0.04940786504001814,0.06380152471385736,0.029039707188776697,0.09158500472030529
bremen,2020,47,2020-11-16,2020.8743169398906,2020-11-22,2020.8907103825136,male,0.015238232510093647,0.028243668850247376,0.029513173679393382,-0,0.03022598301016301,0.01518621729564192,0.047643419253039575,0.03406595611528656,0.051359755348411716,0.05337938831120597,0.06949762084908728,0.08337600619766992,0.1402092555626382,0.13181011573131352,0.06746694828066166,0.0991753143556754,0.16894133742022835,0.14959015935996126,0.06459810757764207,0.05621637636958498,0.10161361735494698,0.1168034850456546,0.13553768570968971,0.052947346829617555,0.09404378947160509,0.15245847777091143,0.03145391104875477,0.07267396004705075,0.0821624761387296,0.1209990675485851,0.10544844482852686,0.11024237690038068,0.10886147071418921,0.13578272414508583,0.06454083650710833,0.05603938543176177,0.05869951862820879,0.08030838189742152,0.1364552823804611,0.08166248915922299,0.1078714096049426,0.03718289074890309,0.07547034055556089,0.0664724683352208,0.15741843438959557,0.14493860476046028,0.1064488811165782,0.11995144318863887,0.13902046806667415,0.08332392278086807,0.08990768013701472,0.05242681969177731,0.03992532330342692,0.04938704527164747,0.07685036028351093,0.11619893211664797,0.09809687065089488,0.08319892279338445,0.052369562024719166,0.11149304056391267,0.046232946654047744,0.07227300161219152,0.025179295140243644,0.05138578104749191,0.0543944396506662,0.042829233074009355,0.015087388531530141,0.015643952968499925,0.032187559858427126,0.016091289450864764,0.04835127231828574,0.04837729651168076,0.08717302780911212,0.05634651714936864,-0,-0,0.06094850451252984,0.038421390766925634,0.04183522419926048,0.019025079899295843,0.07007559600046967
bremen,2020,48,2020-11-23,2020.8934426229507,2020-11-29,2020.9098360655737,female,0.04682627732900959,0.01583120963236622,-0,0.03211991804564148,-0,-0,0.05107347351826374,0.05341582570873286,0.03629826593837576,0.03918636139677676,0.018078342197933275,0.09257475578792349,0.10795999325213045,0.06919561837038594,0.03626184053347896,0.1537883881730352,0.054805671217633675,0.06965903668627586,0.03521592193507238,0.09130891962498865,0.1479370368019565,0.10038403146643109,0.038166403057718554,0.08228747363477122,0.06997145585907838,0.08061044892325392,0.0692893430898671,0.06713892399765096,0.08986600816535126,0.011004364302806092,0.06590494641895973,0.0646345528371858,0.0641451471977066,0.055799928062980265,0.04570207757812972,0.059792763506188326,0.04866876836747826,0.059381492498066756,0.069830866999032,0.0876157712860968,0.07552762366475863,0.04036766468038552,0.1072148531593157,0.06598304539769981,0.05328048693234759,0.06722743828287,0.09760194020640224,0.04016991159972564,0.051005807134158546,0.07174186662759152,0.12884389082464048,0.0771107454713215,0.10317669223597485,0.07214282096701832,0.05053734996680385,0.08967848470613664,0.07076813324576048,0.04023756388479322,0.061916847835518186,0.06535305031239681,0.05587280627587468,0.12355306612555325,0.04729470106512635,0.058965018842575725,0.012523107842706004,0.03826007186682844,0.02606373081327982,0.04088807111781513,0.04072674456520484,0.013610180969868282,0.013761020663329399,0.027681766771685642,-0,0.01546710007179904,0.016512621517401002,-0,0.10061327408808615,0.08237080546573021,0.0159456445922498,0.05810084664883616,0.0792459531941867
bremen,2020,48,2020-11-23,2020.8934426229507,2020-11-29,2020.9098360655737,male,0.06097974111244908,0.014119916865459462,0.014754493023809816,0.02958601506058414,0.015108194571524151,0.01518621729564192,-0,0.017027587568208664,0.051359755348411716,-0,0.0347372000424662,0.08337600619766992,0.052536129958509176,0.032921219019025824,0.03372253234035525,0.04956401356849725,0.10130100801682676,0.08305308985443255,0.09692467460015795,0.07027866987604939,0.10161361735494698,0.10510975982116294,0.08336558951013619,0.06354120616204904,0.0731269947259914,0.0979614155347309,0.010484256848604085,0.07267396004705075,0.10272860596613767,0.07054943627714597,0.09585148716430554,0.1002121001634103,0.05935025685820077,0.05218217373696782,0.04302179196398028,0.06725347192484747,0.0234728970577103,0.0917933718005911,0.03408156634076233,0.04664931834906252,0.13187267414172216,0.049584833407722656,0.10065495467333087,0.11970647934310281,0.07864704461992475,0.0790063889367317,0.013292898904860724,0.06660784145035864,0.08842313674294484,0.059501229291366864,0.06741488079599328,0.0419341038121808,0.10986197266877626,0.07904284429601571,0.09608070980501165,0.04838770619268439,0.06864889420688888,0.06238540753007263,0.04189247026803308,0.033420737562001555,0.08093335009816625,0.03612134278216725,0.03777611816926561,0.06423886281466018,0.027187506073877092,0.042829233074009355,0.045275304407666354,0.03129781689276104,0.048288814307289096,0.016091289450864764,0.032229185633108004,0.04837729651168076,0.06972672734776239,0.01877538916167991,0.018910638162396836,0.025054434845209295,0.020309965778955996,0.09610154827699922,0.020913404921895137,-0,0.05546677181900365
bremen,2020,49,2020-11-30,2020.9125683060108,2020-12-06,2020.9289617486338,female,0.015602340468103605,0.01583120963236622,-0,-0,0.015987257367367187,0.01655423474624765,0.0170171841631739,0.05341582570873286,0.018145965747833594,-0,0.03616297170594468,0.018499690365016214,0.053951978938442884,0.08650631533266298,-0,0.05761670826274095,0.07308533619992695,0.08708968828207932,0.07046091633705347,0.18277845437586515,0.05374896881281492,0.03762000503407771,0.15282876313284782,0.07052340098500207,0.04663890901605425,0.04605078508584807,0.057731235215871826,0.04474964958482576,0.08986600816535126,0.06607155771540504,0.06590494641895973,0.10777240453078224,0.08554272256196922,0.11165979799178272,0.12578400834012213,0.047825586400502496,0.04866876836747826,0.07126801548504154,0.058184139728855507,0.06256762632929834,0.050339558207693244,0.08076669117686697,0.1206342208488486,0.052780777578602445,0.07993861258209745,0.06722743828287,0.1674284521623328,0.08037087837949235,0.16595212725819547,0.07174186662759152,0.058527725094200844,0.0771107454713215,0.061880404480677165,0.08245934568244409,0.06065175774909876,0.06973714130350478,0.07076813324576048,0.060370630798452174,0.0515939871090315,0.054456904995659625,0.022343999834883492,0.022442842391546248,0.05912640198824046,0.04716458293738316,0.025054434845209295,0.03826007186682844,0.03910309874163213,0.013625785055795746,-0,0.027223925122858827,0.04129919588583092,0.01383904136612803,0.015050977981575132,0.06188561067266464,0.016512621517401002,0.04099215303028327,0.050282302838890076,0.08237080546573021,0.0159456445922498,0.04356824675098306,0.05634131151192631
bremen,2020,49,2020-11-30,2020.9125683060108,2020-12-06,2020.9289617486338,male,0.04572810044572248,-0,-0,-0,0.015108194571524151,-0,0.015878023903695297,0.06815424396440914,0.017116016595036396,0.05337938831120597,0.06949762084908728,0.1000662195036104,0.10512018086542002,0.04939225021295576,0.05058940055477179,0.06609238416499662,0.10130100801682676,0.04981385218936015,0.04843975462895492,0.02809798995055679,0.10161361735494698,0.08173540362764328,0.08336558951013619,0.07414243161999791,0.05222381552033445,0.0979614155347309,0.06292685954659982,0.031136520090483278,0.06160968321575524,0.07054943627714597,0.11504196248705446,0.09018375779277073,0.04945470954932712,0.0835166316836008,0.04302179196398028,0.07847518517230744,0.08219372548457253,0.12625314388270806,0.07955322200958286,0.023316826857329564,0.0718876678478599,0.06198452841940445,0.03772408040545892,0.10639156393446646,0.026204201392723697,0.0394881896392975,0.05319720170657942,0.039951343280261994,0.06314552445914219,0.059501229291366864,0.05617473138884007,0.07340819064984942,0.05989688326473763,0.06915396299372702,0.0672378517380958,0.05806961177822572,0.09809687065089488,0.031183348142826493,0.08381871734672515,0.05571663880187674,0.046232946654047744,0.096388078113646955,0.03777611816926561,0.03853067159649152,0.013594576888617496,0.05711175152268317,0.030179155819956553,0.07827728711804777,0.032187559858427126,-0,0.06447835904755217,0.03224999853293815,-0,0.0751422657821507,0.03783335976959742,0.05012094713870531,0.020309965778955996,0.019207146817994344,0.06276546460571861,0.03805191918683718,0.05546677181900365
bremen,2020,50,2020-12-07,2020.931693989071,2020-12-13,2020.948087431694,female,0.015602340468103605,0.031667240486388824,0.030803521823315843,-0,0.03197943148484581,0.0662433761739864,0.03404514248860458,0.07123156557600542,0.03629826593837576,-0,0.07234590291583941,0.12965189665873675,0.053951978938442884,0.03458629948988143,0.054404850536288504,0.0768399449031242,0.054805671217633675,0.08708968828207932,0.1410174380189716,0.09130891962498865,0.067190991206005,0.0627186081038073,0.05089129499242058,0.16470536961300672,0.06997145585907838,0.13826966891375822,0.0692893430898671,0.08953784255551257,0.08986600816535126,0.08811581551076796,0.09888876916045942,0.05385828185890182,0.0641451471977066,0.12283897633917577,0.06857079122420169,0.10767339964512163,0.1217496173804746,0.04749768599454951,0.058184139728855507,0.11267598762643342,0.0629320658433527,0.09424174753816181,0.0669827226854009,0.07918866598873366,0.06660784145035864,0.05377499570770461,0.055747872259157075,0.10718879950311558,0.12760844811450014,0.02390469371950037,0.023400064239240192,0.11019547759814462,0.08252184474971742,0.020601280352981317,0.07076813324576048,0.06973714130350478,0.09100679044572742,0.07044008813775385,0.08257392736316037,0.08715740163762124,0.05587280627587468,0.06735760662307688,0.04729470106512635,0.10618313835026558,0.06265613283359997,0.10208774510442901,0.06518644131807519,0.05451937041569583,0.013573771454237438,0.06809176216323323,0.06884675562138987,0.027681766771685642,-0,0.06188561067266464,0.03302528498643982,0.020492037196472048,0.050282302838890076,0.03293162560639593,0.04784640554370527,0.04356824675098306,0.08629796943681196
bremen,2020,50,2020-12-07,2020.931693989071,2020-12-13,2020.948087431694,male,0.030480931785520048,0.04237646227736401,-0,0.02958601506058414,0.03022598301016301,0.030371667871593303,0.015878023903695297,0.017027587568208664,0.017116016595036396,0.017787041757538067,-0,0.05000643694554887,0.017506146449762925,0.032921219019025824,0.03372253234035525,0.08263121829819577,0.1351101746083342,0.11631358816654194,0.08075627501202044,0.05621637636958498,0.06348393625553311,0.10510975982116294,0.08336558951013619,0.09534615900280086,0.15682905620613843,0.06528536534407277,0.0734238126902084,0.09346033850136687,0.0718876678478599,0.13109591254681197,0.10544844482852686,0.09018375779277073,0.04945470954932712,0.07306971426125403,0.15072703754826033,0.1009154590880313,0.1527505336113438,0.0917933718005911,0.06818027807038754,0.06998707686699421,0.11987326311256126,0.07439238835825664,0.03772408040545892,0.10639156393446646,0.06553007295377236,0.09218927155340594,0.09313215020744453,0.06660784145035864,0.06314552445914219,0.059501229291366864,0.033696515480125346,0.06291644695465208,0.05989688326473763,0.07904284429601571,0.048018163793170615,0.06775332037824695,0.05883487150928615,0.051984375721374265,0.11528690435971108,0.044567493212691336,0.057798910352190994,0.060219655841121315,0.06297892253760838,0.10281718085282236,0.040789193493936525,0.02854543358361907,0.045275304407666354,0.015643952968499925,0.032187559858427126,0.016091289450864764,0.04835127231828574,0.04837729651168076,0.017422918501815595,0.13157552236257783,0.03783335976959742,0.1505080040376367,-0,0.057637531326366814,0.06276546460571861,0.057090928669601304,0.07591819200027645
bremen,2020,51,2020-12-14,2020.950819672131,2020-12-20,2020.967213114754,female,0.031214566867818642,-0,0.01539948000554531,-0,-0,-0,0.05107347351826374,0.017797445316595918,0.07262709461588054,0.01958688844263142,-0,0.03701116828502577,0.08994935214207346,0.03458629948988143,0.054404850536288504,0.05761670826274095,0.07308533619992695,0.052234225971386564,0.017604979810963983,0.04563441818333093,0.20183921548204697,0.08782933125210103,0.11457813954875325,0.10582360618097635,0.1049899179623207,0.20754001163549862,0.12709759852531863,0.04474964958482576,0.07862621314147707,0.09914405480310667,0.10988802766435603,0.04308424364899083,0.05344705778406935,0.07813667580033348,0.08000631662628642,0.07175748816735496,0.04866876836747826,0.14262862633214646,0.08147499528131316,0.06256762632929834,0.08812623314991486,0.10771508588979442,0.09380415703090686,0.10560997230125055,0.11995144318863887,0.13454190309766917,0.055747872259157075,0.0937781100930188,0.10206169401694025,0.05977714556039014,0.09367392247195354,0.04404704995115774,0.0515627561466545,0.13406226592153142,0.07076813324576048,0.07970946108661736,0.07076813324576048,0.05030312296570727,0.07224175822762682,0.021776959324643592,0.033514397823016205,0.03366529526503517,0.08279267490925667,0.023576944118193006,0.05012094713870531,0.06378069918176019,0.02606373081327982,0.013625785055795746,0.027145884334841594,-0,0.055071151551591854,0.0415281781786354,0.015050977981575132,-0,0.016512621517401002,-0,0.06705561657272989,0.01646580667475668,0.09573687622287026,0.04356824675098306,0.10921581295488078
bremen,2020,51,2020-12-14,2020.950819672131,2020-12-20,2020.967213114754,male,0.015238232510093647,0.014119916865459462,0.014754493023809816,0.014790903366165726,0.03022598301016301,0.01518621729564192,0.06353079344708251,0.017027587568208664,0.051359755348411716,0.03558016980574878,0.01736569936487648,0.05000643694554887,0.07005476795550653,0.016460605028178192,0.06746694828066166,0.016517823169188563,0.06750860230593364,0.06643081513992388,0.01614330557066179,0.02809798995055679,0.13976606406445394,0.1635942676975023,0.1042291891255594,0.09534615900280086,0.1254295531816067,0.0979614155347309,0.09442407800300959,0.11424981794711925,0.06160968321575524,0.1512954859634045,0.028737939587046946,0.08015214102086331,0.06924768763812855,0.05218217373696782,0.07530890667822923,0.168304876879218,0.05869951862820879,0.10327568856053589,0.07955322200958286,0.05831428543348003,0.047914067816677265,0.0992117838574323,0.0628852091913191,0.09308526633453586,0.07864704461992475,0.05265585099048706,0.07981362073210324,0.039951343280261994,0.050511324692360714,0.08332392278086807,0.04493180659506327,0.0944032402032402,0.08987121715998578,0.04938704527164747,0.028805577000687144,0.04838770619268439,0.08827728915207608,0.07279372745194153,0.10479712946457659,0.08917321652908738,0.023108733985480374,0.03612134278216725,0.07557969927333621,-0,0.0816104074586578,0.014270758037558942,0.10570897325834329,0.046951189912724935,0.032187559858427126,0.048288814307289096,0.032229185633108004,0.016122499116499107,0.017422918501815595,0.05634651714936864,0.018910638162396836,0.1253930652877454,0.08128229394460079,0.09610154827699922,0.06276546460571861,0.03805191918683718,0.0876053537492207
bremen,2020,52,2020-12-21,2020.9699453551912,2020-12-27,2020.9863387978141,female,0.015602340468103605,0.01583120963236622,-0,0.016054878197968896,0.015987257367367187,0.01655423474624765,-0,0.017797445316595918,0.09079842651728952,0.07840227527522323,0.03616297170594468,0.03701116828502577,-0,0.01728767337051709,0.018130360305438,0.0384057792385892,0.054805671217633675,-0,0.052838035698455764,0.12178089052523378,0.05374896881281492,0.07527245393658182,0.076360839660201,0.07052340098500207,0.06997145585907838,0.057564650640157006,0.011540080419280044,0.05594568459091413,0.04491619311203666,0.04404184554484988,0.0768972295210964,0.04308424364899083,0.05344705778406935,0.06696710257998466,0.10289012499044041,0.047825586400502496,0.060839176560560954,0.059381492498066756,0.058184139728855507,0.05004807698661355,0.11333261302886727,0.08076669117686697,0.08039171055687414,0.10560997230125055,0.06660784145035864,0.06722743828287,0.041803999097400193,0.04016991159972564,0.012746762179525249,0.05977714556039014,0.0468158679605777,0.04404704995115774,0.041247154596270284,0.020601280352981317,0.05053734996680385,0.02987738160569892,0.04043011317789049,0.04023756388479322,0.02063249272556671,0.03266625827902234,0.04469240037053993,0.044895375141964296,0.03546569162859827,0.023576944118193006,0.05012094713870531,0.07654310743891064,0.06518644131807519,-0,0.013573771454237438,0.013610180969868282,0.027525683938527255,0.0415281781786354,0.06023527391983167,0.01546710007179904,0.016512621517401002,0.12307874261917741,0.06705561657272989,0.01646580667475668,-0,0.07263750915249105,0.066915035595808
bremen,2020,52,2020-12-21,2020.9699453551912,2020-12-27,2020.9863387978141,male,0.030480931785520048,-0,-0,0.014790903366165726,-0,0.04556675887656652,-0,0.051104704186781126,0.051359755348411716,0.03558016980574878,0.01736569936487648,0.03333228080372293,0.07005476795550653,-0,0.016855931651297302,0.033035691594636325,0.05062583599734672,0.08305308985443255,0.08075627501202044,0.04215788468306782,0.06348393625553311,0.08173540362764328,0.0729395316215187,0.052947346829617555,0.03132903568646998,0.010874336951551836,0.041944512203426126,0.041517769870723725,0.051338934798528385,0.05038119851551241,0.09585148716430554,0.020029056842473216,0.06924768763812855,0.020866586117123737,0.010749511000238682,0.06725347192484747,0.0234728970577103,0.08030838189742152,0.05680982096911514,0.04664931834906252,0.023951515259748424,0.024783905234470178,0.0628852091913191,0.0398732833888109,0.07864704461992475,0.05265585099048706,0.026589196777882945,0.026630818071332094,0.11371825403477423,0.011893760103312842,0.11241021303505606,0.05242681969177731,0.04990754198165981,0.03950380149259468,0.01920194489718205,0.029024098476770753,0.019602494322149867,0.07279372745194153,0.02094461748183015,0.044567493212691336,0.0693622402107033,0.08432914193765323,0.06297892253760838,0.08995456114505102,0.027187506073877092,0.02854543358361907,0.045275304407666354,0.03129781689276104,0.016091289450864764,0.06439505588491315,-0,0.08065732155004396,0.05228627825790987,0.03755755991123014,-0,0.025054434845209295,0.08128229394460079,-0,0.04183522419926048,0.057090928669601304,0.03210430840902899
bremen,2020,53,2020-12-28,2020.9890710382513,2021-01-03,2021.0054794520547,female,0.015602340468103605,-0,0.030803521823315843,-0,-0,0.01655423474624765,0.0170171841631739,0.017797445316595918,0.018145965747833594,0.03918636139677676,-0,0.018499690365016214,0.053951978938442884,0.01728767337051709,-0,0.0384057792385892,0.03652722621056747,0.08708968828207932,0.03521592193507238,0.03041849523516744,0.04030521625787691,0.08782933125210103,0.06362450795683891,0.035252346607322294,0.03497135693929339,0.06908627307782816,0.0692893430898671,0.01118640314079471,0.04491619311203666,0.03302528498643982,0.054914986485117764,0.0646345528371858,0.03206268273431162,0.022312786434970013,0.057137780100764105,0.023909896110776784,0.036496004295904674,0.059381492498066756,0.058184139728855507,0.0876157712860968,0.025163687586970677,0.06729512577911685,0.04018031963785379,0.052780777578602445,0.05328048693234759,0.09414276841068588,0.11155557453669775,0.0133865229194174,0.03824966421303955,0.07174186662759152,0.0468158679605777,0.033035691594636325,0.08252184474971742,0.020601280352981317,0.09100679044572742,0.059771939579495954,0.06065175774909876,0.09058485435712406,0.041267971105844625,0.06535305031239681,0.022343999834883492,0.08982954521754315,0.07095558852235596,0.058965018842575725,0.012523107842706004,-0,0.03910309874163213,0.04088807111781513,0.04072674456520484,0.054462110444466194,0.013761020663329399,0.01383904136612803,0.015050977981575132,0.01546710007179904,0.016512621517401002,-0,0.016757099713756697,0.01646580667475668,0.0159456445922498,0.014520427145970035,0.05458183591076922
bremen,2020,53,2020-12-28,2020.9890710382513,2021-01-03,2021.0054794520547,male,0.015238232510093647,0.028243668850247376,-0,-0,-0,-0,0.015878023903695297,0.017027587568208664,0.08562605960974091,0.03558016980574878,-0,0.0166634696304082,0.017506146449762925,0.08234476425421307,0.05058940055477179,-0,0.016871536711235546,-0,0.03228642112769874,0.04215788468306782,0.03808314203571889,0.04669095570193298,0.0729395316215187,0.06354120616204904,0.05222381552033445,0.04351620319052145,0.06292685954659982,0.07267396004705075,0.020528451556473076,0.05038119851551241,0.019155127633317535,0.05007930703929415,0.07914700260623443,0.04174154894992997,0.03226040498597997,0.1009154590880313,0.0234728970577103,0.04587382874492137,0.10230657475455913,0.04664931834906252,0.0599020892581348,0.049584833407722656,0.0628852091913191,-0,0.026204201392723697,0.05265585099048706,0.03989409934840773,0.09327280207978038,0.03788019385310015,0.059501229291366864,0.06741488079599328,0.0419341038121808,0.029939817506343593,0.03950380149259468,0.028805577000687144,0.029024098476770753,0.02940911474041309,0.07279372745194153,0.06285397144675144,0.08917321652908738,0.03466955491301903,0.024081575314979845,0.03777611816926561,0.03853067159649152,0.027187506073877092,0.014270758037558942,0.030179155819956553,0.046951189912724935,0.032187559858427126,0.016091289450864764,0.06447835904755217,0.04837729651168076,0.017422918501815595,0.05634651714936864,0.05675776415430596,0.025054434845209295,0.04062266318396982,0.019207146817994344,0.020913404921895137,0.07613691154953875,0.04378683027370379
bremen,2021,1,2021-01-04,2021.0082191780823,2021-01-10,2021.0246575342467,female,-0,-0,0.03171927218930691,0.015248635559227649,-0,0.015878023903695297,0.01655423474624765,-0,-0,-0,0.019472445469297373,0.01788587565262237,0.018333231421905304,0.03568944466449106,0.017251261279884234,0.01796390254459583,0.037599189984796486,0.053801022615627,0.11679827335244188,0.08203227073319118,0.12746770333905977,0.06422324353344092,0.06128690201114807,0.12437141465433785,0.04599873904071044,0.02300468786183651,0.06828441462465416,0.10332258162215982,0.045166009402983244,0.06825838046653337,0.05624761012702514,0.022604112229445653,0.076126496312046,0.06565503047522177,0.06826879412821643,0.09268935976007067,0.03640233866439973,0.012346265559716659,0.023925503287740443,0.08206352000078737,0.0881679037273731,0.1014625226068714,0.05443608320566157,0.06733157292897043,0.09334573283003153,0.02680250625897188,0.06785745607747964,0.04222553955455039,0.054024854561479006,0.06422324353344092,0.060485163817097586,0.10625608720971026,0.05526375577948777,0.0732467631743204,0.031146926320693605,0.05107347351826374,0.02011749097362581,0.051167165580086396,0.020414006510905577,0.020897798648956165,0.010983559904755745,0.011300827879420765,0.05710134009509994,-0,0.07192411821680036,0.025486244639998552,0.013017229174202442,0.05311391661419813,0.041705119731877474,0.04137205377871471,0.013849444135345498,0.014099111220887492,0.05693996323413307,0.07727739267578376,0.0318129293857595,-0,0.04227758182328256,0.017422918501815595,-0,0.0166634696304082,0.04161144471692278
bremen,2021,1,2021-01-04,2021.0082191780823,2021-01-10,2021.0246575342467,male,0.015056179487153957,-0,-0,0.014796104845729624,-0,0.015061380993247308,0.015113396082826297,-0,0.016996377359348447,-0,0.01774022576753822,0.06910189381982798,-0,0.017277269913448006,0.032593412582920846,0.016564638058662623,0.016200523362532936,0.016262942843654794,0.09585148716430554,0.09189755565383419,0.026864938467750194,0.061500353873676805,0.045254486293824905,0.0812979183507019,0.04168950721766337,0.031235379361559235,0.08603753824087862,0.11404657228018565,0.07296556812339615,0.11528690435971108,0.01017739589067374,0.13556896714778657,0.05128688346029775,0.060370630798452174,0.12927135041146162,0.03269227462379457,0.02272896664100186,0.08378225863909303,0.058121669906333065,0.02315555480904589,0.05933984498241495,0.03626704416118528,0.15116510733735458,0.10181160424112141,0.09480436931557608,0.02649034633944675,0.053582396993984635,0.10884583802388555,0.09495023521452177,0.03839016771494546,0.024149206672257714,0.04539500872399343,0.08563126817966449,0.05070911710481969,0.0402687880460501,0.039217584926829904,0.029638044681042794,0.039883691367567725,0.06364533342638877,0.05382704953657054,0.022786191679816357,0.035684241094578885,0.06164612638086032,-0,0.0394881896392975,0.04224635645579311,-0,0.04647756462089169,0.016132902342539803,0.06685776197343135,0.016668671297279614,0.016736293013998777,0.016642662968114338,0.03625143327962272,0.07804814294350221,-0,0.052078069424449425,0.04309985658196719,0.04112225571382718,0.044557084296413356,0.03974838780622368
bremen,2021,2,2021-01-11,2021.027397260274,2021-01-17,2021.0438356164384,female,0.03174528806028686,0.015581534230392942,0.015857217555683697,-0,0.01595084618731619,0.047643419253039575,0.01655423474624765,0.0673367796667467,0.053322129595256944,0.07260105828348264,0.07793357123487915,0.0357779054326154,0.036672928726856444,0.10714190295484258,0.017251261279884234,0.03593401303758634,0.09404899888475723,0.07174707380699316,0.133504432596688,0.11488040571315093,0.09911279526932369,0.051370165626479544,0.04902270067452132,0.062151127155035346,0.09203299497511307,0.08055836827637072,0.05689831767388896,0.08034483816950423,0.09037649211937324,0.07964175742893319,0.06750339555094702,0.03390985411824286,0.08701155759678342,0.05470676712602247,0.06826879412821643,0.046326629994750346,0.03640233866439973,0.06176586838889535,0.04786201990658029,0.09379894764228318,0.0881679037273731,0.06339022199911475,0.027208316955887893,0.05385828185890182,0.03998256726965394,0.02680250625897188,0.013563368740169038,0.07039322471983507,0.0810583446396743,0.06422324353344092,0.04838250135191921,0.059001460154266876,0.07738675519395419,0.031381067050978005,0.031146926320693605,0.08174581998862178,0.04023756388479322,0.03069425723155213,0.07147630116968709,0.09411672130318598,0.07694930650129,-0,0.02283301221295963,0.04785161033081124,0.023961920052196124,-0,0.039056263556700985,0.02655277817343493,0.027801430594386087,0.02757771149752676,0.02770257785150514,0.014099111220887492,0.028462187965017663,-0,0.0318129293857595,-0,-0,0.0348516766158437,0.017100411461730233,0.0666859414847871,0.060698612388635116
bremen,2021,2,2021-01-11,2021.027397260274,2021-01-17,2021.0438356164384,male,0.015056179487153957,-0,-0,0.029596420980512284,0.014827313734021907,-0,0.015113396082826297,0.03154236461180955,-0,0.034008718661960216,0.03548130227428143,-0,0.016512621517401002,0.05185424585827647,0.032593412582920846,0.04970454764503421,0.0810583446396743,0.016262942843654794,0.031932602715587184,0.07657435340797546,0.026864938467750194,0.08612087608166392,0.045254486293824905,0.06095891671041996,0.031266598117788875,0.031235379361559235,0.053759379569208725,0.031079285861553903,0.041684303047304194,0.06285397144675144,0.07126801548504154,0.029018895573813784,0.010255411216783925,0.02011749097362581,0.07537139715193886,0.02179256586143909,0.07958967775223431,0.07180435281479132,0.02323879193279972,0.02315555480904589,0.0355957804857931,0.06045913356343741,0.025163687586970677,-0,0.06770125260683996,0.07951155833498777,0.0669827226854009,0.027187506073877092,-0,0.02559029572908632,0.09665377082749971,0.011347638072338734,0.05350431663758648,0.08115729886478183,0.0402687880460501,0.02940911474041309,0.039519413350584745,0.05983961737173909,0.021204722876538334,0.03228642112769874,0.022786191679816357,0.02379024124304235,0.03697994607979251,0.03882208826478198,0.0394881896392975,0.056336105875005114,0.014697276823043805,0.015487906263722354,0.032265608213284745,0.033420737562001555,0.0333426874733578,0.033472771019516234,0.016642662968114338,-0,-0,0.05948561143312352,0.026032515180490018,0.06466579165141338,0.020559663885343877,0.022276370825420815,0.045431440527134145
bremen,2021,3,2021-01-18,2021.0465753424658,2021-01-24,2021.0630136986301,female,0.04762780495580498,0.015581534230392942,-0,-0,0.01595084618731619,0.03175569441232444,0.0662433761739864,0.016824721545464133,0.017766234645672403,-0,-0,0.01788587565262237,0.036672928726856444,0.07140340108516471,0.034503044200046816,0.01796390254459583,0.037599189984796486,0.017927489980436632,0.0333426874733578,0.03279634013302989,0.056612005350090255,0.06422324353344092,0.11036223086493947,0.0745850641640359,0.0344926372981892,0.09207466868340211,0.02274977573873999,0.03441978904350319,0.045166009402983244,0.01136844261605168,0.03373814246273667,0.03390985411824286,0.076126496312046,0.12043616228385291,0.06826879412821643,0.02315555480904589,0.024263659938811303,-0,0.04786201990658029,0.046878324202425284,0.03776571061233823,0.05070911710481969,0.027208316955887893,-0,0.053322129595256944,0.02680250625897188,0.040705928272291775,0.07039322471983507,0.02700541121156181,0.051370165626479544,0.060485163817097586,0.04719581125834835,0.07738675519395419,0.0418404283847239,0.05192191334645064,0.05107347351826374,0.02011749097362581,0.010229406095077343,0.07147630116968709,0.020897798648956165,-0,0.011300827879420765,0.03425327913031034,0.05981879342628361,0.011982180400191667,0.012741560904955655,0.039056263556700985,0.013272093591183011,-0,0.04137205377871471,0.04155940311487037,-0,0.028462187965017663,0.015446293888200674,0.015904031850427058,0.016959965472689884,0.04227758182328256,0.05228627825790987,0.06844582669590007,0.03333228080372293,0.07111180176905786
bremen,2021,3,2021-01-18,2021.0465753424658,2021-01-24,2021.0630136986301,male,-0,-0,0.028363333966020723,0.05920969671099581,0.029664059510800134,-0,0.045353372408798116,0.015768790669483494,0.03399831185903285,0.034008718661960216,0.01774022576753822,-0,0.016512621517401002,-0,-0,0.0662850292191406,0.03241129878911425,0.03253097349605066,0.06387962053352846,0.09189755565383419,0.013433334989914014,0.061500353873676805,0.09055359996823562,0.04063307131271867,0.031266598117788875,0.020819767354506157,0.053759379569208725,0.051807399187282034,0.041684303047304194,0.052369562024719166,0.030532962301419123,0.009672899607554079,0.041023377644647675,0.05030312296570727,0.04305301779711293,0.03269227462379457,0.045462667807286986,0.023925503287740443,0.02323879193279972,0.03474240351761011,0.011862552975603975,0.04836168199407969,0.025163687586970677,0.012715554539894168,0.027067843663946586,0.02649034633944675,0.013391724258505185,0.027187506073877092,0.054238276616453876,0.08962118600626241,0.06038624892250179,0.02269255073999475,0.08563126817966449,-0,0.060417485184679445,0.02940911474041309,0.0790740917671748,0.019940622861716432,0.06364533342638877,0.03228642112769874,0.06838855138746201,0.035684241094578885,0.02464864095688728,0.03882208826478198,0.05265585099048706,0.014078305584640034,0.014697276823043805,0.030980426887232786,0.08070940229603404,0.016705082979971943,0.0333426874733578,0.016736293013998777,0.03329065414601013,0.03625143327962272,-0,-0,0.052078069424449425,0.04309985658196719,0.020559663885343877,0.044557084296413356,0.04826799498695923
bremen,2021,4,2021-01-25,2021.0657534246575,2021-01-31,2021.0821917808219,female,0.015872822315913367,0.031167738787361735,0.015857217555683697,-0,-0,0.03175569441232444,-0,-0,0.017766234645672403,-0,0.019472445469297373,-0,0.036672928726856444,0.03568944466449106,0.051765757737381596,0.01796390254459583,0.01879619667735517,0.017927489980436632,0.06671197485566142,0.08203227073319118,0.09911279526932369,0.03852546774225384,0.06128690201114807,0.08702718372445353,0.08052191185459139,0.03450824765175377,0.02274977573873999,0.0918298361254816,0.045166009402983244,0.022744573463521888,0.03373814246273667,0.022604112229445653,0.03261422562853843,0.06565503047522177,0.03412319363161541,0.06950282780375933,0.03640233866439973,0.037052797921164934,0.03589238429710271,0.0351534796991422,0.07556407658528416,0.02534577599999638,0.06805531448055421,0.02692216805830875,0.053322129595256944,0.05362403989867053,0.09502837782869915,0.05631007769819868,0.04051337795788596,0.051370165626479544,0.036282655047440146,0.03539284201072721,0.022099495370346427,0.0418404283847239,0.07270520369129829,0.09197048447530654,0.05030312296570727,0.051167165580086396,0.04083082615476014,0.052265457337048,0.03296284538099629,0.022604112229445653,0.03425327913031034,0.04785161033081124,0.047934886995305216,0.03822884891171094,0.013017229174202442,0.013272093591183011,0.041705119731877474,0.02757771149752676,0.05541992189338195,0.014099111220887492,0.04269912611958655,0.046352653174895925,-0,0.016959965472689884,0.08458956457755777,0.08717302780911212,-0,0.0166634696304082,0.13884319506685655
bremen,2021,4,2021-01-25,2021.0657534246575,2021-01-31,2021.0821917808219,male,-0,0.015004164454808108,-0,-0,-0,0.015061380993247308,0.015113396082826297,0.015768790669483494,-0,0.034008718661960216,0.01774022576753822,-0,0.016512621517401002,0.017277269913448006,-0,0.016564638058662623,0.03241129878911425,0.04880409514160422,0.04790365823049482,0.030616211235144776,0.026864938467750194,0.03689148326677245,0.06789911041556487,0.030470525688587557,0.020840575688244416,0.05206765900465996,0.010749511000238682,0.041444911773675035,0.05210930069632286,0.08381871734672515,0.061078657135998894,0.07742320941779338,0.03076710026721393,0.04023756388479322,0.010759913151403842,0.03269227462379457,0.034097176570930005,0.03589238429710271,0.02323879193279972,0.05791343770660666,0.023727812725693825,0.06045913356343741,0.012580321651257461,0.03815599542268296,0.04060705099475553,0.02649034633944675,0.0669827226854009,0.06799803960224328,0.0135529660281875,0.03839016771494546,0.03622541515409771,0.04539500872399343,0.08563126817966449,0.04056021445523075,0.07049736570589926,0.05883487150928615,0.039519413350584745,0.009969355593267648,0.053035836961240784,0.021522053219978347,0.03418563463037699,0.02379024124304235,0.02464864095688728,0.025876437297627643,-0,0.04224635645579311,0.014697276823043805,0.04647756462089169,0.06455645588372355,0.0501365621845861,0.0333426874733578,0.016736293013998777,0.04994397694647196,0.05438402876712825,0.058527725094200844,-0,0.07813667580033348,0.04309985658196719,0.020559663885343877,0.11146698476411673,0.053951978938442884
bremen,2021,5,2021-02-01,2021.0849315068492,2021-02-07,2021.1013698630136,female,0.015872822315913367,0.015581534230392942,-0,-0,0.03191178994279369,0.015878023903695297,0.03310853791032595,0.033654888530837174,0.03554374490386645,0.018140763933183292,0.03895218551898528,-0,0.018333231421905304,0.017844261358116783,0.034503044200046816,0.01796390254459583,0.01879619667735517,0.07174707380699316,0.050022051957037725,0.03279634013302989,0.07077854741006565,0.06422324353344092,0.04902270067452132,0.0745850641640359,0.09203299497511307,0.08055836827637072,0.0910692997870691,0.06885716940090322,0.045166009402983244,0.06825838046653337,0.011243615478634129,0.03390985411824286,0.08701155759678342,0.05470676712602247,0.045504304209995065,0.046326629994750346,-0,0.04940786504001814,0.03589238429710271,0.0351534796991422,0.0881679037273731,0.07607962776914119,0.08167290550559564,0.06733157292897043,0.03998256726965394,0.05362403989867053,0.02713027619129514,0.028144815266662404,0.09458036176743949,0.06422324353344092,0.036282655047440146,0.04719581125834835,0.022099495370346427,0.01045825161244615,0.04153338233336959,0.07151795840673199,0.05030312296570727,0.010229406095077343,0.07147630116968709,0.031355051362219034,0.010983559904755745,0.04521805461466013,0.03425327913031034,0.03588197711718898,0.047934886995305216,-0,0.013017229174202442,0.013272093591183011,-0,0.013787027551257304,0.013849444135345498,0.02820724908706472,0.014229146636033727,0.015446293888200674,0.0318129293857595,0.03392026090346713,0.04227758182328256,-0,0.0342116517353205,0.03333228080372293,0.06590494641895973
bremen,2021,5,2021-02-01,2021.0849315068492,2021-02-07,2021.1013698630136,male,0.015056179487153957,-0,0.028363333966020723,-0,0.029664059510800134,0.015061380993247308,0.045353372408798116,0.047320724729743635,-0,0.06803969405293667,0.01774022576753822,0.03453946837294732,0.016512621517401002,0.017277269913448006,0.032593412582920846,0.016564638058662623,0.016200523362532936,0.0813656241647382,-0,0.04593107925991204,0.067190991206005,0.012294253237996145,0.05657556571287094,0.05079760342765161,0.06255200755006156,0.14591894264814123,0.09680485160356955,0.07254377839808594,0.031261394990446154,0.06285397144675144,0.05089650008429897,0.05805920015885821,0.09235075784437298,0.060370630798452174,0.15085219996856822,0.07631917854334139,0.07958967775223431,0.05983441138459054,0.058121669906333065,0.03474240351761011,0.07121594419424157,0.024175218756174933,0.050339558207693244,0.05088088481022107,0.013532160610456123,0.06624858280280316,0.04018031963785379,0.040789193493936525,0.054238276616453876,0.0127935736740862,0.024149206672257714,0.05675255847568841,0.03209390198722579,0.07100245244709096,0.0402687880460501,0.04902270067452132,0.04940786504001814,0.02990859954665048,0.06364533342638877,0.06459810757764207,0.022786191679816357,0.035684241094578885,0.012325460624785496,0.012939209704444394,0.013157664514751354,0.04224635645579311,0.029393505917522614,0.015487906263722354,0.06455645588372355,-0,0.0333426874733578,0.033472771019516234,0.016642662968114338,0.03625143327962272,0.07804814294350221,0.019820977127133783,-0,0.04309985658196719,0.06169818808960519,0.044557084296413356,0.03123017623734026
bremen,2021,6,2021-02-08,2021.1041095890412,2021-02-14,2021.1205479452055,female,-0,0.031167738787361735,-0,0.015248635559227649,0.03191178994279369,-0,0.03310853791032595,0.05049570953394812,-0,0.018140763933183292,-0,-0,0.05501909647732756,0.03568944466449106,0.051765757737381596,0.053915541165227114,-0,0.053801022615627,0.0333426874733578,0.0984563494006994,0.01414592393288367,0.07707429146653796,0.073548789182008,0.062151127155035346,0.05750218156185419,0.06903941087997181,0.045514713315881195,0.08034483816950423,0.06776894071984013,0.022744573463521888,0.03373814246273667,0.06784183570929722,0.054363207006305404,0.04376080837758144,0.022744573463521888,0.03474240351761011,0.04854385165779853,0.024695463167001108,0.07180435281479132,0.023436480635720867,0.03776571061233823,0.012673944382853637,0.05443608320566157,0.05385828185890182,0.01332410689098527,0.02680250625897188,0.02713027619129514,0.028144815266662404,0.02700541121156181,0.03852546774225384,0.04838250135191921,0.07081499700155552,0.03315016442224681,0.0418404283847239,0.031146926320693605,0.05107347351826374,0.060370630798452174,0.04092970385780306,0.020414006510905577,0.020897798648956165,0.010983559904755745,0.022604112229445653,-0,0.011956174414916292,0.011982180400191667,0.025486244639998552,-0,0.013272093591183011,-0,0.04137205377871471,-0,0.02820724908706472,0.028462187965017663,0.030897177370417774,0.047726695584121286,-0,-0,-0,-0,0.0166634696304082,0.053759379569208725
bremen,2021,6,2021-02-08,2021.1041095890412,2021-02-14,2021.1205479452055,male,0.015056179487153957,-0,-0,0.014796104845729624,-0,-0,0.015113396082826297,-0,0.03399831185903285,0.017001579059527188,-0,0.03453946837294732,0.016512621517401002,0.017277269913448006,0.01629415261230751,-0,0.03241129878911425,0.03253097349605066,0.04790365823049482,0.030616211235144776,0.04030521625787691,0.049194462809390736,0.045254486293824905,0.05079760342765161,0.04168950721766337,0.031235379361559235,0.010749511000238682,0.020715725810714698,0.01041664326165472,0.03141748903711387,0.040711132344735924,0.09679964191432597,0.03076710026721393,0.04023756388479322,0.04305301779711293,0.043594268550743664,0.034097176570930005,0.03589238429710271,0.03486208358955708,0.05791343770660666,0.023727812725693825,0.03626704416118528,0.012580321651257461,0.03815599542268296,0.027067843663946586,0.013240885636274406,0.04018031963785379,0.040789193493936525,0.027109465340516947,-0,0.04830442880300376,0.02269255073999475,0.01069750027562577,0.06085479482533826,0.0402687880460501,0.02940911474041309,0.029638044681042794,0.05983961737173909,0.021204722876538334,0.021522053219978347,0.022786191679816357,0.011893760103312842,0.012325460624785496,0.03882208826478198,0.026323861815248883,0.014078305584640034,0.014697276823043805,0.04647756462089169,-0,0.033420737562001555,0.050022051957037725,-0,-0,-0,-0,0.019820977127133783,0.026032515180490018,0.04309985658196719,0.04112225571382718,0.022276370825420815,0.03690709434049092
bremen,2021,7,2021-02-15,2021.123287671233,2021-02-21,2021.1397260273973,female,-0,0.015581534230392942,0.015857217555683697,0.07627751745985958,-0,0.015878023903695297,0.03310853791032595,0.08418330582899479,-0,0.03628785867722936,0.019472445469297373,0.01788587565262237,0.05501909647732756,0.05354595947973791,0.034503044200046816,0.03593401303758634,0.07522558616344,0.08969932061265494,0.050022051957037725,0.13131486430524403,0.11329092228061433,0.06422324353344092,0.11036223086493947,0.03728176151565438,0.04599873904071044,0.05752821033535973,0.02274977573873999,0.022942260287575157,0.045166009402983244,0.06825838046653337,0.044994260574033315,0.056528714788259965,0.054363207006305404,0.021875800803470166,0.09104846333160602,0.02315555480904589,0.06068299417076155,0.07412680936375297,-0,0.09379894764228318,0.0881679037273731,0.02534577599999638,0.027208316955887893,0.02692216805830875,0.06665990812694618,0.05362403989867053,0.013563368740169038,0.028144815266662404,-0,0.051370165626479544,0.036282655047440146,0.03539284201072721,0.03315016442224681,0.031381067050978005,0.020762544479663175,0.05107347351826374,0.02011749097362581,0.03069425723155213,0.020414006510905577,0.020897798648956165,0.02197464247017475,0.022604112229445653,0.011415252869842006,-0,0.011982180400191667,0.03822884891171094,-0,0.02655277817343493,0.041705119731877474,0.02757771149752676,0.013849444135345498,0.014099111220887492,0.014229146636033727,0.061812724032313145,0.015904031850427058,-0,-0,0.017422918501815595,0.017100411461730233,0.08337600619766992,0.060698612388635116
bremen,2021,7,2021-02-15,2021.123287671233,2021-02-21,2021.1397260273973,male,-0,0.015004164454808108,-0,0.0740226611087089,0.029664059510800134,-0,-0,0.03154236461180955,-0,-0,0.05323363897643907,0.017266866458460307,-0,0.08644902012808753,0.09783638035606547,0.04970454764503421,0.016200523362532936,0.03253097349605066,0.11184740073735673,0.07657435340797546,0.05374896881281492,0.049194462809390736,0.045254486293824905,0.030470525688587557,0.031266598117788875,0.020819767354506157,0.043000974752309074,0.062177158255690715,0.031261394990446154,0.08381871734672515,0.030532962301419123,0.029018895573813784,0.03076710026721393,0.0805114957387767,0.07537139715193886,-0,0.034097176570930005,0.023925503287740443,0.046493178572735924,0.03474240351761011,0.0474664574922946,0.06045913356343741,0.050339558207693244,0.025434219173531215,0.06770125260683996,0.05299419452759971,-0,0.027187506073877092,0.027109465340516947,0.06399936768481014,0.024149206672257714,0.011347638072338734,0.02139720170624013,0.05070911710481969,0.060417485184679445,0.05883487150928615,0.029638044681042794,0.039883691367567725,0.0318129293857595,0.021522053219978347,0.05698681452927201,0.047586166852781484,0.012325460624785496,0.051765757737381596,-0,0.014078305584640034,-0,-0,-0,-0,0.0333426874733578,0.033472771019516234,0.016642662968114338,0.0725229493645012,0.03900942841394738,-0,-0,0.06466579165141338,0.08227705716529682,0.13379116860501125,0.04826799498695923
bremen,2021,8,2021-02-22,2021.1424657534246,2021-02-28,2021.158904109589,female,0.015872822315913367,0.015581534230392942,0.015857217555683697,-0,0.01595084618731619,0.015878023903695297,0.01655423474624765,0.016824721545464133,0.017766234645672403,-0,0.03895218551898528,0.0357779054326154,0.018333231421905304,0.05354595947973791,0.017251261279884234,0.01796390254459583,0.037599189984796486,0.08969932061265494,0.06671197485566142,0.13131486430524403,0.11329092228061433,0.06422324353344092,0.02450297212836152,0.024851537505207227,0.04599873904071044,-0,0.06828441462465416,0.06885716940090322,0.022578100931440505,0.01136844261605168,0.05624761012702514,0.07915741844873117,0.09789889790781406,0.05470676712602247,0.07965738134211106,0.03474240351761011,0.03640233866439973,0.037052797921164934,0.023925503287740443,0.046878324202425284,0.05036558339617555,0.06339022199911475,0.027208316955887893,0.013459341713950376,0.01332410689098527,0.040211543764737526,0.02713027619129514,0.07039322471983507,0.02700541121156181,0.06422324353344092,0.060485163817097586,0.07081499700155552,0.044208386805146015,0.0418404283847239,0.020762544479663175,0.07151795840673199,0.010057772617965428,0.051167165580086396,0.010203400986370103,0.031355051362219034,0.03296284538099629,0.04521805461466013,0.07995423658446865,0.011956174414916292,-0,0.012741560904955655,0.026032515180490018,-0,0.013896256622574928,0.02757771149752676,0.02770257785150514,0.014099111220887492,0.05693996323413307,-0,-0,0.06786266286791266,0.10575586851433048,-0,0.017100411461730233,0.08337600619766992,0.08326142274956617
bremen,2021,8,2021-02-22,2021.1424657534246,2021-02-28,2021.158904109589,male,0.015056179487153957,-0,0.01417713243095282,0.014796104845729624,-0,0.030127125658070207,0.030231186033897517,0.015768790669483494,0.016996377359348447,-0,0.03548130227428143,0.03453946837294732,-0,-0,0.01629415261230751,0.03312935116212396,0.06483760546511605,0.0813656241647382,0.04790365823049482,0.07657435340797546,0.0940958836265823,0.024591413868446203,0.045254486293824905,0.0812979183507019,0.07298119003077552,0.06248953248001559,0.06451480422316777,0.010359431833667443,0.08340204792563059,0.09430947020761819,0.05089650008429897,0.038697195206966725,0.041023377644647675,0.02011749097362581,0.05382704953657054,0.07631917854334139,0.05683584939605949,0.05983441138459054,0.03486208358955708,0.046326629994750346,0.023727812725693825,0.03626704416118528,0.012580321651257461,0.025434219173531215,0.027067843663946586,0.06624858280280316,0.026781695539369616,0.10884583802388555,0.04067470384854662,0.10243683093590472,0.10874683109445271,0.02269255073999475,0.06421283068189924,0.04056021445523075,0.05034476324435,0.019602494322149867,0.039519413350584745,0.02990859954665048,0.053035836961240784,0.03228642112769874,0.022786191679816357,0.047586166852781484,0.08632922126796908,0.07766797415396379,-0,0.04224635645579311,0.044099094042913775,0.04647756462089169,0.06455645588372355,0.10032151092683471,0.10009747961053914,0.016736293013998777,0.03329065414601013,0.05438402876712825,0.07804814294350221,0.05948561143312352,0.026032515180490018,0.06466579165141338,-0,0.0668525552836129,0.06531660454927042
bremen,2021,9,2021-03-01,2021.1616438356164,2021-03-07,2021.1780821917807,female,-0,0.015581534230392942,0.015857217555683697,-0,0.0638431758030846,-0,-0,0.05049570953394812,0.03554374490386645,-0,0.03895218551898528,0.01788587565262237,0.018333231421905304,0.03568944466449106,-0,0.053915541165227114,0.01879619667735517,0.03586116276361016,0.016668671297279614,0.08203227073319118,0.07077854741006565,0.03852546774225384,0.04902270067452132,0.049714957591732806,0.011493270053125997,0.03450824765175377,0.03413360045953551,0.05737724363037419,0.022578100931440505,0.03411799021843927,0.022489662615540466,0.056528714788259965,0.03261422562853843,0.04376080837758144,0.022744573463521888,0.046326629994750346,0.01213301537128127,0.08649068936152009,0.023925503287740443,0.046878324202425284,0.03776571061233823,0.012673944382853637,0.027208316955887893,0.06733157292897043,0.026651628730552348,0.02680250625897188,0.06785745607747964,0.05631007769819868,0.0675398428467844,0.11565692512126684,0.01209140568038306,0.04719581125834835,0.011045973123877359,0.031381067050978005,0.04153338233336959,0.02042441059554951,0.02011749097362581,0.020460824908193256,0.010203400986370103,0.010447849521625597,0.03296284538099629,0.022604112229445653,0.02283301221295963,0.05981879342628361,0.047934886995305216,-0,0.013017229174202442,0.013272093591183011,0.013896256622574928,0.013787027551257304,0.02770257785150514,0.04231401144238253,0.04269912611958655,-0,0.015904031850427058,0.016959965472689884,0.04227758182328256,0.0348516766158437,0.05132331939158956,-0,0.032942032195842894
bremen,2021,9,2021-03-01,2021.1616438356164,2021-03-07,2021.1780821917807,male,-0,-0,-0,0.014796104845729624,0.014827313734021907,0.04519723652373852,0.060485163817097586,0.03154236461180955,0.051005807134158546,0.017001579059527188,0.01774022576753822,0.06910189381982798,0.03302528498643982,0.017277269913448006,0.01629415261230751,0.03312935116212396,0.04862192456618339,0.03253097349605066,0.015961249379015705,0.07657435340797546,0.04030521625787691,0.012294253237996145,0.022624921277220225,0.020309965778955996,0.020840575688244416,0.04164787386935595,0.06451480422316777,0.07254377839808594,0.041684303047304194,0.052369562024719166,0.07126801548504154,0.019347598876551086,0.02050764334763409,0.030179155819956553,0.03228642112769874,0.054503754053654936,0.02272896664100186,0.03589238429710271,0.06975276224102595,0.02315555480904589,0.0355957804857931,0.07255940017875696,0.08812623314991486,0.05088088481022107,0.013532160610456123,0.06624858280280316,0.0669827226854009,0.06799803960224328,0.027109465340516947,0.0127935736740862,0.03622541515409771,-0,0.01069750027562577,0.05070911710481969,0.02013309701238007,-0,0.059292991567180445,0.02990859954665048,0.021204722876538334,0.010759913151403842,0.03418563463037699,0.035684241094578885,0.03697994607979251,0.012939209704444394,0.05265585099048706,0.028160423714738265,0.014697276823043805,0.015487906263722354,-0,0.033420737562001555,-0,-0,-0,0.0725229493645012,0.03900942841394738,0.05948561143312352,-0,0.06466579165141338,0.04112225571382718,0.044557084296413356,0.01987299697791034
bremen,2021,10,2021-03-08,2021.1808219178083,2021-03-14,2021.1972602739727,female,-0,0.015581534230392942,-0,0.015248635559227649,0.01595084618731619,0.03175569441232444,0.03310853791032595,-0,0.07111180176905786,0.07260105828348264,0.03895218551898528,0.07157523716215551,-0,0.08927218619773881,0.017251261279884234,0.03593401303758634,0.01879619667735517,0.053801022615627,0.133504432596688,0.08203227073319118,0.01414592393288367,0.051370165626479544,0.08581877704426606,0.09947228104236171,0.04599873904071044,0.011498471202837403,0.01137364375328337,0.08034483816950423,0.06776894071984013,0.04549389510619258,0.022489662615540466,0.04521805461466013,0.08701155759678342,0.06565503047522177,0.01137364375328337,0.06950282780375933,0.01213301537128127,0.06176586838889535,0.10774635059522392,0.046878324202425284,0.03776571061233823,0.02534577599999638,0.04082041798642933,0.04038848083788758,0.01332410689098527,0.040211543764737526,0.040705928272291775,0.014073104176881762,0.054024854561479006,0.051370165626479544,0.060485163817097586,0.04719581125834835,0.03315016442224681,0.0418404283847239,0.0830999646830637,0.010208602007073454,0.05030312296570727,0.020460824908193256,0.030621414297924948,0.052265457337048,0.03296284538099629,0.056528714788259965,0.03425327913031034,-0,-0,0.012741560904955655,-0,0.013272093591183011,0.013896256622574928,0.02757771149752676,0.02770257785150514,-0,0.04269912611958655,-0,0.015904031850427058,-0,0.02113189323487207,-0,0.017100411461730233,-0,0.019066695138797746
bremen,2021,10,2021-03-08,2021.1808219178083,2021-03-14,2021.1972602739727,male,0.060256098032071825,-0,-0,0.029596420980512284,0.014827313734021907,0.015061380993247308,0.015113396082826297,0.015768790669483494,0.051005807134158546,0.05102142244574989,0.03548130227428143,0.017266866458460307,0.03302528498643982,0.08644902012808753,0.01629415261230751,0.016564638058662623,0.016200523362532936,0.04880409514160422,0.04790365823049482,0.030616211235144776,0.08064169733642133,0.061500353873676805,0.045254486293824905,0.09147040318203675,0.07298119003077552,0.07290828783648323,0.09680485160356955,0.07254377839808594,0.09383541337359108,0.07333528785690926,0.08145937082200577,0.06773770004135177,0.041023377644647675,0.04023756388479322,0.05382704953657054,0.08723032381142756,0.034097176570930005,0.09576292414192242,0.011618097789846972,0.0810948014375407,0.0355957804857931,0.04836168199407969,0.050339558207693244,0.03815599542268296,0.05415498985663954,0.05299419452759971,0.0669827226854009,0.027187506073877092,0.04067470384854662,0.07680869877446354,0.08456352225487922,0.06810738260648591,0.06421283068189924,0.07100245244709096,0.05034476324435,0.04902270067452132,0.06917999760022556,0.02990859954665048,0.04242330045281737,0.010759913151403842,0.03418563463037699,0.011893760103312842,0.07398620926872651,-0,0.013157664514751354,0.08453227148487737,0.014697276823043805,-0,0.016132902342539803,0.016705082979971943,-0,0.016736293013998777,0.03329065414601013,0.03625143327962272,0.058527725094200844,-0,-0,-0,0.020559663885343877,0.022276370825420815,0.014192736687016995
bremen,2021,11,2021-03-15,2021.2,2021-03-21,2021.2164383561644,female,0.06350996802340467,-0,0.015857217555683697,0.015248635559227649,0.01595084618731619,0.015878023903695297,0.09939413174985563,0.13476086936633738,0.053322129595256944,0.07260105828348264,0.019472445469297373,0.12532530212421303,0.09172565240791679,-0,0.051765757737381596,0.053915541165227114,0.09404899888475723,0.10766297808917501,0.08340204792563059,0.06561337793470598,0.15583808139883493,0.11565692512126684,0.073548789182008,0.11192035754342212,0.04599873904071044,0.05752821033535973,0.0910692997870691,0.05737724363037419,0.11299387666682438,0.1024159899249628,0.07876161790055192,0.011300827879420765,0.054363207006305404,0.07660559939582126,0.07965738134211106,0.05791343770660666,0.09712785335583277,0.12360518985164337,0.05983441138459054,0.0351534796991422,0.06296330363483373,0.012673944382853637,0.06805531448055421,0.1212596739013884,0.053322129595256944,0.0670347897373519,0.02713027619129514,0.04222553955455039,0.0675398428467844,0.07707429146653796,0.07259064375417251,0.023592551195225426,0.05526375577948777,0.0837197580569043,0.05192191334645064,0.07151795840673199,0.05030312296570727,0.04092970385780306,0.05104744797549693,0.041809203279738597,0.010983559904755745,0.03390985411824286,0.011415252869842006,0.011956174414916292,0.047934886995305216,0.012741560904955655,0.013017229174202442,0.013272093591183011,0.027801430594386087,0.013787027551257304,0.05541992189338195,0.04231401144238253,0.028462187965017663,0.030897177370417774,0.06364533342638877,-0,0.04227758182328256,0.05228627825790987,0.0342116517353205,0.0166634696304082,0.019066695138797746
bremen,2021,11,2021-03-15,2021.2,2021-03-21,2021.2164383561644,male,0.015056179487153957,0.015004164454808108,0.028363333966020723,0.05920969671099581,0.05934505092005016,0.030127125658070207,0.045353372408798116,0.1737306920055099,0.08503749456906902,0.034008718661960216,0.12429322793271924,0.03453946837294732,-0,0.05185424585827647,0.08151666052909237,0.0662850292191406,0.03241129878911425,0.04880409514160422,0.031932602715587184,0.04593107925991204,0.067190991206005,0.024591413868446203,0.05657556571287094,0.0812979183507019,0.031266598117788875,0.08333433946005508,0.09680485160356955,0.09329363942655759,0.08340204792563059,0.052369562024719166,0.13243048996195317,0.1064905663796164,0.03076710026721393,0.04023756388479322,0.03228642112769874,0.03269227462379457,0.07958967775223431,0.07180435281479132,0.058121669906333065,0.0810948014375407,0.0355957804857931,0.07255940017875696,0.10072789577789976,0.08907424704880089,0.06770125260683996,0.02649034633944675,0.08039171055687414,0.027187506073877092,0.054238276616453876,0.06399936768481014,0.06038624892250179,0.0794698946937746,0.01069750027562577,0.05070911710481969,0.11082080510591902,0.08827728915207608,0.039519413350584745,0.05983961737173909,0.053035836961240784,0.021522053219978347,0.07979799677198164,0.059490817385352036,0.012325460624785496,0.07766797415396379,0.06583205414462755,0.07042967404123249,0.07351754503089716,0.04647756462089169,0.016132902342539803,0.033420737562001555,0.0333426874733578,-0,0.03329065414601013,-0,-0,0.05948561143312352,-0,0.04309985658196719,0.04112225571382718,-0,0.025548675268466683
bremen,2021,12,2021-03-22,2021.2191780821918,2021-03-28,2021.2356164383561,female,0.03174528806028686,0.046753411793750844,0.015857217555683697,0.061016183836080075,0.07981362073210324,0.07942823108594334,0.08281350805687844,0.18538245626809655,0.2314672005537744,0.10893963423618477,0.1364552823804611,0.01788587565262237,0.09172565240791679,0.08927218619773881,0.17275504696128002,0.14389571240275956,0.09404899888475723,0.03586116276361016,0.10009747961053914,0.11488040571315093,0.07077854741006565,0.11565692512126684,0.11036223086493947,0.09947228104236171,0.10355183719884298,0.04601955745251443,0.1480674073345667,0.08034483816950423,0.09037649211937324,0.12520541366658897,0.05624761012702514,0.0904754640782031,0.043484977079246305,0.07660559939582126,0.022744573463521888,0.09268935976007067,0.09712785335583277,0.13598084117108872,0.05983441138459054,0.08206352000078737,0.10077478654200576,0.0887721308530709,0.10892921242646326,0.06733157292897043,0.08000110861975454,0.12072803832714196,0.10861655910608663,0.0844853953650918,0.10810589605881395,0.07707429146653796,0.08469894247523975,0.059001460154266876,0.044208386805146015,0.02091860701391948,0.062312520189175706,0.07151795840673199,0.0805114957387767,0.07164813748758547,0.030621414297924948,0.052265457337048,0.03296284538099629,0.0904754640782031,0.05710134009509994,0.011956174414916292,0.03594962382386245,0.012741560904955655,0.039056263556700985,0.013272093591183011,0.041705119731877474,0.013787027551257304,0.05541992189338195,0.02820724908706472,0.014229146636033727,0.030897177370417774,0.015904031850427058,-0,-0,-0,0.017100411461730233,0.0666859414847871,0.017334488953082212
bremen,2021,12,2021-03-22,2021.2191780821918,2021-03-28,2021.2356164383561,male,-0,0.030012659485178096,0.07092955302685955,0.10366125498948464,0.029664059510800134,0.0753505669856915,0.07561615223036772,0.07889702301221904,0.10206169401694025,0.2043919672577127,0.19545527446454972,0.10368730687833211,0.08260517695625974,0.12107203719571982,0.13049119343191662,0.04970454764503421,0.09728935498435115,0.09765403792609657,0.143843568333916,0.1072304853593004,0.1479370368019565,0.08612087608166392,0.0792251214758117,0.0711274231195362,0.07298119003077552,0.05206765900465996,0.10756918417964373,0.10366646536620767,0.13559503502723913,0.11528690435971108,0.08145937082200577,0.15496186677437282,0.16429848446626857,0.07044008813775385,0.04305301779711293,0.11997750324011636,0.11373388818992884,0.13172149144540227,0.10466165689376594,0.10429171436361304,0.130637159470957,0.04836168199407969,0.16378205790334002,0.07634000909759897,0.18978189800046952,0.11931037003457243,0.053582396993984635,0.09522633964350823,0.1492876913675597,0.07680869877446354,0.024149206672257714,0.06810738260648591,0.08563126817966449,0.03041849523516744,0.08057399246495583,0.05883487150928615,0.059292991567180445,0.02990859954665048,0.053035836961240784,0.06459810757764207,0.07979799677198164,0.047586166852781484,0.049314176147994666,0.03882208826478198,0.06583205414462755,0.07042967404123249,0.029393505917522614,-0,0.032265608213284745,0.033420737562001555,-0,0.016736293013998777,0.06660263478556433,0.03625143327962272,0.019503657164320395,0.03964951234941883,0.052078069424449425,-0,0.020559663885343877,-0,0.025548675268466683
bremen,2021,13,2021-03-29,2021.2383561643835,2021-04-04,2021.2547945205479,female,0.06350996802340467,0.07794919463482976,0.03171927218930691,0.045754123326343904,0.09579418166201177,0.07942823108594334,0.0662433761739864,0.05049570953394812,0.07111180176905786,0.10893963423618477,0.03895218551898528,0.05367088820630141,0.07336653189851121,0.08927218619773881,0.017251261279884234,0.03593401303758634,0.05640898483935933,0.03586116276361016,0.050022051957037725,0.08203227073319118,0.09911279526932369,0.08993372513626002,0.09809166083221282,0.0745850641640359,0.06901337634386008,0.08055836827637072,0.1708820684732921,0.08034483816950423,0.11299387666682438,0.1024159899249628,0.12382411007176328,0.07915741844873117,0.043484977079246305,0.06565503047522177,0.09104846333160602,0.11589144668549807,0.06068299417076155,0.06176586838889535,0.07180435281479132,0.07033594726639412,0.12599772511798038,0.05070911710481969,0.08167290550559564,0.09428863245377518,0.053322129595256944,0.05362403989867053,0.10861655910608663,0.0844853953650918,0.10810589605881395,0.03852546774225384,0.07259064375417251,0.03539284201072721,0.08845438985135287,0.031381067050978005,0.05192191334645064,0.05107347351826374,0.05030312296570727,0.09213717930845708,0.04083082615476014,0.010447849521625597,0.06594659919302567,0.06784183570929722,0.06852392949089309,0.023920300894896822,0.011982180400191667,0.03822884891171094,0.052078069424449425,0.039831651494615566,0.013896256622574928,0.04137205377871471,0.08315725619766909,0.014099111220887492,-0,0.030897177370417774,0.09550244553853429,0.016959965472689884,-0,-0,-0,0.0166634696304082,0.01213301537128127
bremen,2021,13,2021-03-29,2021.2383561643835,2021-04-04,2021.2547945205479,male,0.09040774640181187,0.015004164454808108,0.04254820246029053,0.04440095080227126,0.029664059510800134,0.04519723652373852,0.045353372408798116,0.047320724729743635,0.08503749456906902,0.13616853168146836,0.03548130227428143,-0,0.03302528498643982,0.08644902012808753,0.04889257822279298,0.0662850292191406,0.04862192456618339,0.04880409514160422,0.06387962053352846,0.07657435340797546,0.1344689145463424,0.11075827201674351,0.12454863832524499,0.12199459085112532,0.04168950721766337,0.07290828783648323,0.08603753824087862,0.031079285861553903,0.06253638877551028,0.08381871734672515,0.11203500415976185,0.09679964191432597,0.071814767186624745,0.09058485435712406,0.09692467460015795,0.08723032381142756,0.07958967775223431,0.13172149144540227,0.11630316487883224,0.05791343770660666,0.10686052455340338,0.07255940017875696,0.03775009928085571,0.08907424704880089,0.10836122695558022,0.05299419452759971,0.13405705249827263,0.0543944396506662,0.09495023521452177,0.07680869877446354,0.13294660525597884,0.04539500872399343,0.03209390198722579,0.06085479482533826,0.060417485184679445,0.02940911474041309,0.0790740917671748,0.08978266432221575,0.10612061083790783,0.05382704953657054,0.05698681452927201,0.035684241094578885,0.02464864095688728,0.051765757737381596,0.0394881896392975,0.014078305584640034,-0,0.04647756462089169,0.06455645588372355,0.016705082979971943,-0,-0,0.06660263478556433,0.05438402876712825,0.058527725094200844,0.019820977127133783,0.026032515180490018,0.021548063989735425,0.020559663885343877,0.022276370825420815,0.03407115952325587
bremen,2021,14,2021-04-05,2021.2575342465752,2021-04-11,2021.2739726027398,female,0.04762780495580498,0.046753411793750844,0.04758096209224422,0.0915485405670934,0.03191178994279369,-0,0.01655423474624765,0.05049570953394812,0.053322129595256944,0.03628785867722936,0.07793357123487915,0.08948575296663293,0.09172565240791679,0.1429049840358806,0.12086876486195827,0.08988684414700858,0.15056015478981755,0.10766297808917501,0.06671197485566142,0.08203227073319118,0.184223946338223,0.19290296135500068,0.15948913459878858,0.049714957591732806,0.09203299497511307,0.08055836827637072,0.10246288221133121,0.08034483816950423,0.11299387666682438,0.09102762688449213,0.09002227823127802,0.06784183570929722,0.0652437130996614,0.12043616228385291,0.1138329046150801,0.12749376715762634,0.0849749924781519,0.09885750978014546,0.13172149144540227,0.07033594726639412,0.16386030402259522,0.1014625226068714,0.10892921242646326,0.1212596739013884,0.13340016534930899,0.13416132106281156,0.08143853821689492,0.04222553955455039,0.09458036176743949,0.07707429146653796,0.036282655047440146,0.08262601002876294,0.05526375577948777,0.052307099187108505,0.0830999646830637,0.05107347351826374,0.0805114957387767,0.04092970385780306,0.06126087135614934,0.041809203279738597,0.08794913356826306,0.04521805461466013,0.011415252869842006,0.05981879342628361,0.023961920052196124,0.05097978162525814,0.026032515180490018,0.02655277817343493,0.041705119731877474,0.04137205377871471,0.02770257785150514,0.014099111220887492,-0,0.030897177370417774,0.047726695584121286,0.03392026090346713,-0,0.05228627825790987,0.05132331939158956,0.0166634696304082,0.02253648288169113
bremen,2021,14,2021-04-05,2021.2575342465752,2021-04-11,2021.2739726027398,male,0.045186827481403145,0.030012659485178096,0.01417713243095282,0.05920969671099581,0.07418929841689864,0.060271716121721726,0.10589134393586642,-0,0.051005807134158546,0.06803969405293667,0.03548130227428143,0.06910189381982798,0.11568298302061415,0.05185424585827647,0.09783638035606547,0.09945665117446231,0.12975615639058374,0.17916750922878966,0.031932602715587184,0.12256793752780443,0.1614086482366186,0.1354021330287262,0.11321796355160141,0.0711274231195362,0.13562110291976545,0.10418750567529654,0.08603753824087862,0.051807399187282034,0.05210930069632286,0.09430947020761819,0.040711132344735924,0.06773770004135177,0.071814767186624745,0.07044008813775385,0.11848688928687505,0.08723032381142756,0.06821151901477014,0.11973253927182151,0.10466165689376594,0.0810948014375407,0.08309475636668727,0.03626704416118528,0.11333261302886727,0.15279225600816834,0.08125104514647673,0.11931037003457243,0.04018031963785379,0.10884583802388555,0.1492876913675597,0.11525563512023898,0.1208479164623981,0.05675255847568841,0.09634640094837425,0.04056021445523075,0.07049736570589926,0.05883487150928615,0.09885750978014546,0.04986069706441244,0.09550244553853429,0.04305301779711293,0.06838855138746201,0.07139819394017767,0.03697994607979251,0.06471785638349628,0.0394881896392975,0.056336105875005114,0.014697276823043805,0.030980426887232786,0.032265608213284745,0.016705082979971943,-0,0.016736293013998777,0.016642662968114338,0.018119956679774157,-0,-0,0.052078069424449425,-0,-0,0.022276370825420815,0.011352839207489517
bremen,2021,15,2021-04-12,2021.2767123287672,2021-04-18,2021.2931506849316,female,0.09529406359527,0.09355410696579278,0.11109178269465202,0.07627751745985958,0.07981362073210324,0.07942823108594334,0.0662433761739864,0.11789274039062972,0.07111180176905786,0.09076717200003417,0.058439225616363104,0.08948575296663293,0.11009125707794869,0.1429049840358806,0.12086876486195827,0.12588826031715364,0.1317162782568199,0.1615755658146437,0.1502159607919716,0.0984563494006994,0.0849437414608653,0.141392856077664,0.08581877704426606,0.09947228104236171,0.17269765664638853,0.10359873050949564,0.06828441462465416,0.1493085511726214,0.11299387666682438,0.13660126516191082,0.05624761012702514,0.056528714788259965,0.1632656364691374,0.06565503047522177,0.13663254723982776,0.09268935976007067,0.04854385165779853,0.13598084117108872,0.14371320839055748,0.09379894764228318,0.05036558339617555,0.07607962776914119,0.17712733171944015,0.1347504423802544,0.10669378251546179,0.0670347897373519,0.17661599542591463,0.11267598762643342,0.10810589605881395,0.1671415306133554,0.09681006129332928,0.059001460154266876,0.06632668229765398,0.0941948626648156,0.062312520189175706,0.061297314276797306,0.07044008813775385,0.051167165580086396,0.07147630116968709,0.052265457337048,0.07694930650129,0.04521805461466013,0.02283301221295963,0.04785161033081124,0.047934886995305216,0.025486244639998552,0.09117348218961673,0.05311391661419813,0.06952886258492308,-0,0.05541992189338195,0.04231401144238253,0.028462187965017663,0.015446293888200674,0.047726695584121286,0.05089129499242058,0.02113189323487207,0.05228627825790987,0.0342116517353205,-0,0.017334488953082212
bremen,2021,15,2021-04-12,2021.2767123287672,2021-04-18,2021.2931506849316,male,0.10549012928958304,0.07506936055803863,0.07092955302685955,0.014796104845729624,0.05934505092005016,0.09043379165152433,0.1513372071927819,0.11048729616596618,0.1702142818728424,0.2043919672577127,0.10652183034882469,0.08639172498664163,0.14878184365669955,0.10376025223654954,0.1631613095293763,0.23236559842431742,0.14599716189277231,0.1465499145750664,0.143843568333916,0.13790991482793183,0.18835712700778087,0.1354021330287262,0.13588699616994152,0.0812979183507019,0.1774195261447253,0.13548555002135154,0.10756918417964373,0.12442875165824058,0.19829480476631048,0.10479712946457659,0.1018428653973222,0.09679964191432597,0.06155241543647631,0.05030312296570727,0.15085219996856822,0.07631917854334139,0.034097176570930005,0.07180435281479132,0.11630316487883224,0.0810948014375407,0.10686052455340338,0.16945781522420308,0.15116510733735458,0.11455208220305182,0.16262924539236664,0.11931037003457243,0.1072148531593157,0.0543944396506662,0.10853318520480094,0.08962118600626241,0.03622541515409771,0.12493436252041791,0.08563126817966449,0.05070911710481969,0.08057399246495583,0.07845956161432799,0.06917999760022556,0.0698204530245193,0.06364533342638877,0.05382704953657054,0.06838855138746201,0.08330308942875407,0.06164612638086032,0.051765757737381596,0.05265585099048706,0.14096008272089422,0.08823561848696099,0.04647756462089169,0.032265608213284745,0.016705082979971943,0.0333426874733578,0.08372496643588125,0.09993596926032958,0.018119956679774157,0.03900942841394738,0.07932928015113494,0.052078069424449425,0.10781930164767521,0.06169818808960519,0.022276370825420815,0.00851309681598631
bremen,2021,16,2021-04-19,2021.295890410959,2021-04-25,2021.3123287671233,female,0.06350996802340467,0.06234896384685358,0.03171927218930691,0.045754123326343904,0.047872429484433175,0.06353079344708251,0.0662433761739864,0.16850311785175465,0.14232098457816023,0.09076717200003417,0.23414677032651682,0.12532530212421303,0.11009125707794869,0.1250229752396808,0.10358309940124799,0.053915541165227114,0.11287922793640039,0.1256276307664717,0.08340204792563059,0.11488040571315093,0.11329092228061433,0.11565692512126684,0.12264090937650445,0.14928247641760467,0.1381132537880099,0.09207466868340211,0.1252575390489795,0.13781085254568023,0.13562110291976545,0.11381205903622132,0.06750339555094702,0.12444438903391158,0.0652437130996614,0.10947114930164314,0.03412319363161541,0.10429171436361304,0.09712785335583277,0.09885750978014546,0.04786201990658029,0.09379894764228318,0.07556407658528416,0.11416122358437686,0.10892921242646326,0.10777240453078224,0.14675850201988772,0.14759286016632991,0.06785745607747964,0.11267598762643342,0.054024854561479006,0.06422324353344092,0.08469894247523975,0.09443970635831937,0.06632668229765398,0.0732467631743204,0.05192191334645064,0.07151795840673199,0.030179155819956553,0.051167165580086396,0.07147630116968709,0.06272381437970986,0.10996098172144046,0.056528714788259965,0.02283301221295963,0.04785161033081124,0.07192411821680036,0.05097978162525814,0.06510834353574167,0.02655277817343493,0.027801430594386087,0.05517005633626596,0.02770257785150514,0.04231401144238253,0.028462187965017663,0.046352653174895925,0.0318129293857595,0.05089129499242058,0.04227758182328256,0.0348516766158437,0.0342116517353205,-0,0.015602340468103605
bremen,2021,16,2021-04-19,2021.295890410959,2021-04-25,2021.3123287671233,male,0.060256098032071825,-0,0.11353585590525447,0.014796104845729624,0.05934505092005016,0.12061337254332412,0.18166174802534027,0.15790871867624534,0.2213874048178564,0.2214605154723347,0.14207591533080727,0.13829573814712262,0.1322323864620978,0.12107203719571982,0.19585718385536144,0.0828707992558781,0.04862192456618339,0.13024617993036058,0.143843568333916,0.19932312879943578,0.1479370368019565,0.09844071983816578,0.14722782682996088,0.0812979183507019,0.13562110291976545,0.1250490378329057,0.09680485160356955,0.051807399187282034,0.09383541337359108,0.07333528785690926,0.08145937082200577,0.07742320941779338,0.10262440041025511,0.11073221658511764,0.08614691918430457,0.08723032381142756,0.10235346694225979,0.16770494169829805,0.09302275456975558,0.150706177174165,0.05933984498241495,0.0967683837898426,0.0629320658433527,0.12729568246418982,0.04060705099475553,0.07951155833498777,0.0669827226854009,0.10884583802388555,0.08137604045163893,0.12807760011724797,0.08456352225487922,0.13630408636028368,0.05350431663758648,0.1014625226068714,0.07049736570589926,0.12756153314702814,0.009875737730976804,0.09976924942499833,0.021204722876538334,0.03228642112769874,0.06838855138746201,0.035684241094578885,0.03697994607979251,0.07766797415396379,0.05265585099048706,0.07042967404123249,0.044099094042913775,0.030980426887232786,-0,0.06685776197343135,0.06671197485566142,0.033472771019516234,0.04994397694647196,-0,0.058527725094200844,0.05948561143312352,0.026032515180490018,0.04309985658196719,0.04112225571382718,0.044557084296413356,0.01987299697791034
bremen,2021,17,2021-04-26,2021.3150684931506,2021-05-02,2021.331506849315,female,0.04762780495580498,0.046753411793750844,0.04758096209224422,0.015248635559227649,0.1277648316451078,0.06353079344708251,0.03310853791032595,0.0673367796667467,0.12450693858363182,0.054441288652378,0.15597890298345513,0.07157523716215551,0.07336653189851121,0.08927218619773881,0.017251261279884234,0.07189808223637938,0.037599189984796486,0.07174707380699316,0.10009747961053914,0.11488040571315093,0.04245452592655975,0.051370165626479544,0.04902270067452132,0.09947228104236171,0.1265919666290441,0.05752821033535973,0.10246288221133121,0.1148178677418827,0.12430886526763578,0.12520541366658897,0.13509453402493282,0.03390985411824286,0.054363207006305404,0.04376080837758144,0.14803611837693034,0.0810948014375407,0.14576250451185407,0.06176586838889535,0.11973253927182151,0.046878324202425284,0.11338472651118207,0.1014625226068714,0.05443608320566157,0.1212596739013884,0.01332410689098527,0.12072803832714196,0.040705928272291775,0.04222553955455039,0.10810589605881395,0.08993372513626002,0.036282655047440146,0.059001460154266876,0.07738675519395419,0.01045825161244615,0.0830999646830637,0.07151795840673199,0.060370630798452174,0.07164813748758547,0.04083082615476014,0.0731894825776581,0.13198215154103068,0.056528714788259965,0.04567605472355983,0.04785161033081124,0.03594962382386245,0.012741560904955655,0.013017229174202442,0.07969383715778582,-0,0.04137205377871471,-0,0.014099111220887492,0.028462187965017663,0.046352653174895925,0.06364533342638877,0.016959965472689884,-0,-0,0.017100411461730233,0.0166634696304082,0.02773899726122771
bremen,2021,17,2021-04-26,2021.3150684931506,2021-05-02,2021.331506849315,male,0.030116719631940177,0.04503069209641199,0.09933161240042153,0.0740226611087089,0.05934505092005016,0.09043379165152433,0.045353372408798116,0.07889702301221904,0.016996377359348447,0.08506353712912064,0.0709920382379437,0.017266866458460307,0.06607155771540504,0.06914875607398799,0.11416122358437686,0.13265466062199202,0.14599716189277231,0.0813656241647382,0.17586465325968373,0.030616211235144776,0.08064169733642133,0.08612087608166392,0.05657556571287094,0.11181613356609758,0.11473448389717948,0.13548555002135154,0.11834095735009315,0.13480779082958166,0.09383541337359108,0.10479712946457659,0.1018428653973222,0.038697195206966725,0.10262440041025511,0.10066016474883842,0.10770466432549328,0.06541032227748332,0.05683584939605949,0.05983441138459054,0.09302275456975558,0.09268935976007067,0.0355957804857931,0.12098864332163896,0.10072789577789976,0.06360888886015278,0.16262924539236664,0.06624858280280316,0.09380415703090686,0.0816104074586578,0.12211447190625985,0.11525563512023898,0.09665377082749971,0.1021971598143796,0.0749183429189723,0.05070911710481969,0.0402687880460501,0.05883487150928615,0.039519413350584745,0.0698204530245193,0.0318129293857595,0.05382704953657054,0.05698681452927201,0.07139819394017767,0.03697994607979251,0.07766797415396379,0.0394881896392975,0.028160423714738265,-0,0.10851234175036653,0.032265608213284745,0.016705082979971943,0.0333426874733578,0.016736293013998777,0.016642662968114338,0.018119956679774157,0.058527725094200844,-0,-0,0.021548063989735425,0.020559663885343877,0.044557084296413356,0.017032789271509446
bremen,2021,18,2021-05-03,2021.3342465753424,2021-05-09,2021.3506849315067,female,-0,0.046753411793750844,0.03171927218930691,-0,0.01595084618731619,0.015878023903695297,0.0662433761739864,0.016824721545464133,0.017766234645672403,0.12711844943071968,0.07793357123487915,0.1611843535848693,0.12846335049044372,0.05354595947973791,0.051765757737381596,0.12588826031715364,0.11287922793640039,0.1256276307664717,0.133504432596688,0.18063899128647187,0.04245452592655975,0.1027911293999024,0.02450297212836152,0.14928247641760467,0.0344926372981892,0.05752821033535973,0.05689831767388896,0.05737724363037419,0.05646624695443742,0.03411799021843927,0.12382411007176328,0.04521805461466013,0.08701155759678342,0.06565503047522177,0.09104846333160602,0.0810948014375407,0.03640233866439973,0.06176586838889535,0.08378225863909303,0.046878324202425284,0.10077478654200576,0.1395627186411892,0.05443608320566157,0.04038848083788758,0.08000110861975454,0.08045420713909408,0.040705928272291775,0.028144815266662404,0.01350095249946718,0.07707429146653796,0.1089240015223887,0.03539284201072721,0.05526375577948777,0.01045825161244615,0.031146926320693605,0.04085684658470434,-0,0.020460824908193256,0.030621414297924948,0.031355051362219034,0.03296284538099629,0.011300827879420765,0.04567605472355983,0.011956174414916292,0.059928119232955934,0.03822884891171094,0.039056263556700985,0.039831651494615566,-0,0.013787027551257304,0.04155940311487037,0.014099111220887492,0.014229146636033727,0.015446293888200674,0.015904031850427058,0.016959965472689884,-0,-0,0.0342116517353205,-0,0.015602340468103605
bremen,2021,18,2021-05-03,2021.3342465753424,2021-05-09,2021.3506849315067,male,0.015056179487153957,0.030012659485178096,0.04254820246029053,0.04440095080227126,0.04449983529412531,0.04519723652373852,0.09075154474845396,0.11048729616596618,0.06801886682341618,0.06803969405293667,0.14207591533080727,0.06910189381982798,0.09914405480310667,0.06914875607398799,0.17950667693232,0.016564638058662623,0.09728935498435115,0.11394755544817609,0.07986570063308883,0.07657435340797546,0.08064169733642133,0.07380915783799025,0.06789911041556487,0.0711274231195362,0.052119711124449006,0.05206765900465996,0.09680485160356955,0.010359431833667443,0.07296556812339615,0.04189247026803308,0.1222343532377752,0.04837729651168076,0.041023377644647675,0.07044008813775385,0.04305301779711293,0.08723032381142756,0.045462667807286986,0.011961375610928578,0.10466165689376594,0.10429171436361304,0.09497628273953139,0.0967683837898426,0.07552762366475863,0.12729568246418982,0.013532160610456123,0.0397379798545483,0.0669827226854009,0.013594576888617496,0.054238276616453876,0.0511931911827709,0.04830442880300376,0.03404514248860458,0.03209390198722579,0.05070911710481969,0.09065257226415695,0.04902270067452132,0.059292991567180445,0.039883691367567725,0.07426220240715245,0.04305301779711293,0.011394448307400865,0.011893760103312842,0.06164612638086032,0.03882208826478198,0.013157664514751354,-0,0.014697276823043805,0.015487906263722354,0.016132902342539803,0.033420737562001555,0.016668671297279614,0.033472771019516234,0.016642662968114338,-0,-0,0.019820977127133783,-0,0.021548063989735425,0.020559663885343877,-0,0.00851309681598631
bremen,2021,19,2021-05-10,2021.3534246575343,2021-05-16,2021.3698630136987,female,0.03174528806028686,-0,-0,0.030496540934826247,-0,0.015878023903695297,0.04967331781742496,0.033654888530837174,0.053322129595256944,0.07260105828348264,0.03895218551898528,0.05367088820630141,0.09172565240791679,0.08927218619773881,-0,0.07189808223637938,0.07522558616344,0.053801022615627,0.050022051957037725,0.0984563494006994,0.056612005350090255,0.02567873931850904,-0,-0,0.022994283260921688,0.03450824765175377,-0,0.04589464710671708,0.03387343038635642,0.04549389510619258,0.03373814246273667,0.06784183570929722,0.03261422562853843,0.010936750039578199,0.022744573463521888,0.011576488510976585,0.024263659938811303,0.037052797921164934,0.05983441138459054,0.08206352000078737,0.012585522909699205,0.012673944382853637,0.06805531448055421,0.013459341713950376,-0,0.0670347897373519,0.02713027619129514,0.04222553955455039,0.054024854561479006,0.02567873931850904,0.04838250135191921,0.011794937596486928,0.022099495370346427,0.01045825161244615,0.010380235982015222,0.061297314276797306,0.04023756388479322,0.010229406095077343,0.020414006510905577,0.041809203279738597,0.03296284538099629,0.011300827879420765,0.03425327913031034,-0,0.011982180400191667,0.012741560904955655,0.026032515180490018,0.013272093591183011,0.013896256622574928,0.013787027551257304,-0,-0,-0,0.015446293888200674,0.0318129293857595,0.016959965472689884,-0,-0,0.017100411461730233,0.0166634696304082,0.013865048293070885
bremen,2021,19,2021-05-10,2021.3534246575343,2021-05-16,2021.3698630136987,male,-0,-0,0.028363333966020723,0.029596420980512284,0.014827313734021907,0.015061380993247308,0.045353372408798116,-0,0.051005807134158546,0.05102142244574989,0.03548130227428143,0.08639172498664163,0.049548398694545734,0.05185424585827647,0.032593412582920846,0.04970454764503421,0.04862192456618339,0.06508231096769956,0.09585148716430554,0.06125045909779729,0.08064169733642133,0.12307874261917741,0.0792251214758117,0.04063307131271867,0.06255200755006156,0.09375727255210449,0.053759379569208725,0.062177158255690715,0.041684303047304194,0.02094461748183015,0.05089650008429897,0.019347598876551086,0.05128688346029775,0.02011749097362581,0.010759913151403842,0.03269227462379457,0.045462667807286986,0.03589238429710271,0.011618097789846972,0.05791343770660666,0.0355957804857931,0.024175218756174933,0.050339558207693244,0.03815599542268296,0.04060705099475553,0.06624858280280316,0.08039171055687414,0.0543944396506662,0.027109465340516947,0.0127935736740862,0.06038624892250179,0.04539500872399343,0.06421283068189924,0.07100245244709096,0.030199967899287996,-0,0.009875737730976804,0.019940622861716432,0.04242330045281737,0.03228642112769874,0.022786191679816357,0.035684241094578885,0.06164612638086032,-0,0.013157664514751354,0.014078305584640034,0.044099094042913775,-0,0.016132902342539803,0.016705082979971943,0.0333426874733578,-0,0.03329065414601013,0.018119956679774157,0.019503657164320395,-0,-0,-0,0.020559663885343877,-0,0.002839277512982304
bremen,2021,20,2021-05-17,2021.372602739726,2021-05-23,2021.3890410958904,female,0.04762780495580498,-0,-0,0.015248635559227649,0.03191178994279369,0.03175569441232444,0.03310853791032595,0.016824721545464133,0.053322129595256944,0.03628785867722936,0.03895218551898528,0.0357779054326154,0.05501909647732756,0.08927218619773881,0.034503044200046816,-0,0.037599189984796486,0.053801022615627,0.0333426874733578,0.03279634013302989,0.056612005350090255,0.06422324353344092,0.06128690201114807,0.03728176151565438,0.04599873904071044,0.06903941087997181,0.02274977573873999,0.01147246545947112,0.045166009402983244,0.05687228921567053,0.044994260574033315,0.04521805461466013,0.03261422562853843,0.032817153259869586,0.022744573463521888,0.011576488510976585,0.024263659938811303,0.012346265559716659,0.04786201990658029,0.05860581299384446,0.012585522909699205,0.0887721308530709,0.027208316955887893,0.02692216805830875,0.08000110861975454,0.013402126938235783,0.02713027619129514,0.028144815266662404,0.04051337795788596,0.02567873931850904,0.04838250135191921,0.023592551195225426,0.011045973123877359,0.031381067050978005,0.010380235982015222,0.010208602007073454,0.010057772617965428,0.06140664319198794,0.010203400986370103,-0,0.02197464247017475,0.011300827879420765,0.02283301221295963,-0,0.011982180400191667,0.012741560904955655,0.026032515180490018,0.02655277817343493,-0,-0,0.013849444135345498,0.014099111220887492,0.014229146636033727,-0,-0,0.016959965472689884,0.04227758182328256,0.017422918501815595,-0,-0,0.006932062032199865
bremen,2021,20,2021-05-17,2021.372602739726,2021-05-23,2021.3890410958904,male,0.015056179487153957,0.015004164454808108,-0,0.014796104845729624,0.029664059510800134,0.030127125658070207,-0,0.06310908024319327,0.051005807134158546,0.05102142244574989,0.0709920382379437,0.017266866458460307,0.09914405480310667,0.03456548565492474,0.032593412582920846,0.04970454764503421,-0,0.03253097349605066,0.015961249379015705,0.030616211235144776,0.026864938467750194,0.061500353873676805,0.022624921277220225,0.05079760342765161,0.020840575688244416,0.04164787386935595,0.02149604246322626,0.031079285861553903,0.05210930069632286,0.07333528785690926,0.020351582046756276,0.04837729651168076,0.041023377644647675,0.04023756388479322,0.04305301779711293,0.043594268550743664,0.06821151901477014,0.023925503287740443,0.011618097789846972,0.02315555480904589,0.0355957804857931,0.024175218756174933,0.03775009928085571,0.025434219173531215,0.04060705099475553,0.02649034633944675,0.013391724258505185,0.040789193493936525,0.0678053882017954,0.0511931911827709,0.024149206672257714,0.03404514248860458,0.042798007375258386,0.03041849523516744,0.010062973624097329,0.009802923954613985,0.04940786504001814,-0,-0,0.010759913151403842,0.011394448307400865,0.011893760103312842,-0,0.012939209704444394,-0,-0,0.014697276823043805,0.015487906263722354,-0,0.016705082979971943,-0,0.016736293013998777,-0,-0,0.019503657164320395,-0,-0,-0,-0,-0,0.002839277512982304
bremen,2021,21,2021-05-24,2021.3917808219178,2021-05-30,2021.4082191780822,female,-0,-0,-0,0.015248635559227649,-0,0.03175569441232444,-0,0.016824721545464133,0.03554374490386645,0.03628785867722936,0.058439225616363104,0.05367088820630141,-0,-0,-0,0.01796390254459583,-0,-0,0.016668671297279614,0.03279634013302989,0.028300899958220646,0.051370165626479544,0.02450297212836152,0.024851537505207227,0.022994283260921688,0.03450824765175377,0.03413360045953551,0.022942260287575157,0.01129042562004973,0.03411799021843927,0.03373814246273667,0.022604112229445653,0.010869135864267278,0.032817153259869586,0.022744573463521888,0.02315555480904589,-0,0.012346265559716659,0.011961375610928578,0.011716919960600964,0.02517409262196741,0.03802590016042626,0.027208316955887893,-0,-0,0.02680250625897188,0.013563368740169038,0.028144815266662404,0.01350095249946718,0.012840385210793658,0.036282655047440146,0.011794937596486928,-0,-0,0.020762544479663175,0.030637023489394902,0.02011749097362581,0.020460824908193256,0.010203400986370103,0.020897798648956165,0.02197464247017475,0.011300827879420765,-0,-0,-0,0.012741560904955655,-0,0.013272093591183011,-0,0.013787027551257304,-0,-0,0.014229146636033727,0.015446293888200674,-0,-0,-0,-0,-0,-0,0.00520026001733406
bremen,2021,21,2021-05-24,2021.3917808219178,2021-05-30,2021.4082191780822,male,0.015056179487153957,-0,0.01417713243095282,-0,0.014827313734021907,0.015061380993247308,0.015113396082826297,0.06310908024319327,-0,0.05102142244574989,-0,0.017266866458460307,0.03302528498643982,0.05185424585827647,0.01629415261230751,-0,0.04862192456618339,-0,-0,-0,0.026864938467750194,0.08612087608166392,0.045254486293824905,0.030470525688587557,0.031266598117788875,0.031235379361559235,0.02149604246322626,0.041444911773675035,-0,0.02094461748183015,0.020351582046756276,0.06773770004135177,0.010255411216783925,0.010057772617965428,0.021522053219978347,0.02179256586143909,0.01136324147934599,0.011961375610928578,0.02323879193279972,-0,-0,0.012086204471364761,0.025163687586970677,0.025434219173531215,0.013532160610456123,0.02649034633944675,0.013391724258505185,0.013594576888617496,0.0135529660281875,0.0511931911827709,0.012070600847419764,0.02269255073999475,0.01069750027562577,0.01013578776460552,0.0402687880460501,0.04902270067452132,0.009875737730976804,0.009969355593267648,0.010603881102422153,0.010759913151403842,-0,0.011893760103312842,-0,-0,0.013157664514751354,0.014078305584640034,0.014697276823043805,-0,-0,0.016705082979971943,0.016668671297279614,-0,-0,-0,-0,-0,-0,0.021548063989735425,-0,0.022276370825420815,0.002839277512982304
bremen,2021,22,2021-05-31,2021.4109589041095,2021-06-06,2021.427397260274,female,-0,-0,-0,-0,-0,-0,0.01655423474624765,0.05049570953394812,0.03554374490386645,0.03628785867722936,0.03895218551898528,0.05367088820630141,0.018333231421905304,-0,0.034503044200046816,-0,0.07522558616344,0.017927489980436632,0.0333426874733578,0.01639818530978735,0.01414592393288367,0.03852546774225384,0.012252643418077446,-0,0.04599873904071044,0.03450824765175377,0.03413360045953551,0.022942260287575157,0.03387343038635642,0.01136844261605168,0.011243615478634129,0.022604112229445653,0.010869135864267278,0.010936750039578199,0.01137364375328337,-0,0.01213301537128127,-0,0.011961375610928578,0.011716919960600964,-0,0.02534577599999638,0.013604979608929159,0.013459341713950376,0.01332410689098527,0.02680250625897188,0.02713027619129514,0.014073104176881762,0.01350095249946718,-0,0.01209140568038306,0.023592551195225426,0.011045973123877359,0.02091860701391948,0.010380235982015222,0.010208602007073454,-0,-0,-0,-0,-0,0.011300827879420765,0.011415252869842006,-0,0.011982180400191667,-0,0.013017229174202442,-0,0.013896256622574928,0.013787027551257304,-0,-0,-0,-0,0.015904031850427058,-0,-0,-0,-0,-0,-0
bremen,2021,22,2021-05-31,2021.4109589041095,2021-06-06,2021.427397260274,male,-0,0.04503069209641199,0.028363333966020723,0.014796104845729624,-0,0.015061380993247308,0.030231186033897517,0.047320724729743635,0.051005807134158546,0.08506353712912064,0.05323363897643907,0.017266866458460307,-0,-0,0.032593412582920846,-0,0.016200523362532936,0.03253097349605066,0.031932602715587184,0.015305852366663597,0.013433334989914014,0.049194462809390736,0.011311230140872703,0.030470525688587557,0.010421844303680755,0.020819767354506157,0.02149604246322626,0.031079285861553903,0.02083537360402634,0.010468653705347542,-0,-0,0.010255411216783925,0.010057772617965428,0.010759913151403842,0.043594268550743664,0.01136324147934599,0.023925503287740443,-0,0.02315555480904589,-0,0.012086204471364761,0.012580321651257461,-0,0.013532160610456123,0.013240885636274406,0.04018031963785379,-0,0.04067470384854662,0.0127935736740862,-0,-0,0.01069750027562577,0.020278753599968627,-0,0.019602494322149867,0.009875737730976804,0.009969355593267648,-0,0.010759913151403842,-0,0.011893760103312842,-0,-0,-0,0.014078305584640034,-0,-0,-0,-0,-0,-0,-0,0.018119956679774157,-0,-0,0.026032515180490018,-0,-0,-0,-0
bremen,2021,23,2021-06-07,2021.4301369863015,2021-06-13,2021.4465753424658,female,-0,-0,-0,-0,0.01595084618731619,-0,-0,0.033654888530837174,0.03554374490386645,-0,-0,-0,-0,-0,0.017251261279884234,0.01796390254459583,0.01879619667735517,-0,-0,-0,-0,0.02567873931850904,0.02450297212836152,-0,-0,0.011498471202837403,0.01137364375328337,-0,0.022578100931440505,0.01136844261605168,0.011243615478634129,0.011300827879420765,0.021740544090332155,0.010936750039578199,0.01137364375328337,-0,0.01213301537128127,0.012346265559716659,-0,0.023436480635720867,0.012585522909699205,0.012673944382853637,0.013604979608929159,0.013459341713950376,-0,-0,-0,0.014073104176881762,-0,-0,0.01209140568038306,-0,-0,0.02091860701391948,-0,-0,-0,-0,-0,-0,-0,-0,-0,0.011956174414916292,-0,-0,-0,0.013272093591183011,-0,-0,-0,-0,-0,-0,-0,-0,-0,-0,-0,-0,-0
bremen,2021,23,2021-06-07,2021.4301369863015,2021-06-13,2021.4465753424658,male,0.015056179487153957,0.015004164454808108,-0,-0,-0,-0,0.030231186033897517,0.03154236461180955,0.016996377359348447,0.05102142244574989,0.01774022576753822,0.017266866458460307,-0,-0,-0,0.016564638058662623,0.016200523362532936,-0,-0,0.07657435340797546,0.05374896881281492,0.03689148326677245,0.022624921277220225,0.020309965778955996,-0,0.010411442220143122,0.010749511000238682,0.020715725810714698,0.041684303047304194,0.010468653705347542,0.020351582046756276,-0,0.03076710026721393,-0,-0,-0,0.02272896664100186,-0,0.02323879193279972,0.011576488510976585,0.0355957804857931,-0,-0,0.012715554539894168,0.013532160610456123,-0,-0,-0,-0,-0,-0,-0,-0,-0,0.010062973624097329,-0,-0,-0,-0,0.010759913151403842,0.011394448307400865,-0,0.012325460624785496,-0,-0,-0,-0,-0,-0,-0,0.016668671297279614,-0,-0,-0,-0,-0,-0,-0,-0,-0,0.002839277512982304
bremen,2021,24,2021-06-14,2021.4493150684932,2021-06-20,2021.4657534246576,female,-0,0.015581534230392942,0.015857217555683697,-0,-0,-0,0.01655423474624765,0.033654888530837174,-0,-0,-0,-0,-0,-0,-0,-0,-0,0.017927489980436632,-0,-0,0.01414592393288367,0.012840385210793658,-0,0.012424284139840888,0.011493270053125997,-0,-0,0.01147246545947112,-0,0.01136844261605168,-0,-0,-0,-0,-0,-0,-0,-0,-0,-0,-0,0.012673944382853637,-0,0.013459341713950376,-0,-0,0.013563368740169038,-0,0.01350095249946718,-0,-0,-0,-0,-0,0.010380235982015222,-0,-0,0.010229406095077343,0.010203400986370103,-0,-0,-0,0.011415252869842006,-0,0.011982180400191667,-0,0.013017229174202442,-0,-0,-0,-0,-0,-0,0.015446293888200674,-0,-0,-0,-0,-0,-0,0.0034685156762824733
bremen,2021,24,2021-06-14,2021.4493150684932,2021-06-20,2021.4657534246576,male,-0,-0,-0,-0,-0,-0,-0,-0,-0,-0,-0,-0,-0,-0,-0,-0,-0,0.03253097349605066,0.015961249379015705,-0,-0,-0,0.022624921277220225,-0,-0,0.010411442220143122,-0,-0,-0,-0,0.020351582046756276,0.019347598876551086,-0,-0,0.021522053219978347,-0,-0,-0,0.011618097789846972,0.011576488510976585,-0,-0,-0,0.012715554539894168,0.013532160610456123,-0,-0,-0,-0,0.0127935736740862,-0,0.011347638072338734,-0,-0,-0,-0,-0,-0,-0,-0,-0,-0,-0,-0,-0,-0,-0,-0,-0,-0,-0,-0,-0,-0,-0,-0,-0,-0,-0,-0,0.002839277512982304
bremen,2021,25,2021-06-21,2021.468493150685,2021-06-27,2021.4849315068493,female,-0,-0,-0,-0,0.01595084618731619,-0,-0,0.016824721545464133,-0,-0,-0,-0,0.018333231421905304,0.017844261358116783,-0,0.01796390254459583,-0,-0,-0,-0,0.028300899958220646,-0,0.012252643418077446,-0,-0,-0,-0,-0,0.01129042562004973,-0,0.03373814246273667,-0,0.010869135864267278,-0,-0,-0,-0,0.012346265559716659,-0,-0,-0,0.012673944382853637,-0,0.013459341713950376,-0,-0,-0,-0,-0,-0,-0,-0,-0,0.01045825161244615,0.010380235982015222,-0,-0,-0,-0,-0,-0,-0,-0,-0,-0,-0,-0,-0,-0,0.013787027551257304,-0,-0,-0,-0,-0,-0,-0,-0,-0,-0,0.0017316288317807886
bremen,2021,25,2021-06-21,2021.468493150685,2021-06-27,2021.4849315068493,male,-0,-0,-0,0.014796104845729624,0.014827313734021907,-0,0.015113396082826297,-0,-0,-0,0.01774022576753822,-0,-0,-0,0.032593412582920846,-0,-0,-0,-0,-0,0.013433334989914014,-0,-0,0.010156591823478004,0.010421844303680755,0.010411442220143122,0.010749511000238682,0.010359431833667443,-0,0.010468653705347542,0.01017739589067374,-0,0.02050764334763409,-0,0.010759913151403842,-0,0.01136324147934599,-0,-0,-0,-0,0.024175218756174933,-0,-0,-0,-0,-0,-0,-0,-0,-0,-0,0.01069750027562577,-0,-0,-0,0.009875737730976804,0.009969355593267648,-0,-0,0.011394448307400865,0.011893760103312842,-0,-0,-0,-0,-0,-0,-0,-0,-0,0.016736293013998777,-0,-0,-0,-0,-0,-0,-0,-0,0.002839277512982304
bremen,2021,26,2021-06-28,2021.4876712328767,2021-07-04,2021.504109589041,female,-0,0.015581534230392942,-0,-0,-0,-0,0.01655423474624765,-0,-0,-0,-0,0.01788587565262237,-0,-0,-0,-0,-0,-0,-0,-0,0.01414592393288367,0.02567873931850904,0.02450297212836152,-0,0.011493270053125997,-0,-0,0.01147246545947112,0.022578100931440505,-0,0.011243615478634129,-0,-0,-0,-0,-0,0.01213301537128127,0.024695463167001108,0.023925503287740443,0.011716919960600964,-0,-0,-0,-0,-0,-0,-0,-0,-0,-0,-0,-0,-0,-0,-0,-0,-0,0.010229406095077343,-0,-0,-0,-0,-0,-0,-0,-0,-0,-0,-0,-0,-0,-0,-0,-0,-0,-0,-0,-0,-0,-0,-0
bremen,2021,26,2021-06-28,2021.4876712328767,2021-07-04,2021.504109589041,male,-0,-0,-0,-0,0.014827313734021907,0.015061380993247308,-0,-0,-0,-0,-0,0.017266866458460307,-0,-0,-0,0.016564638058662623,0.016200523362532936,-0,-0,0.04593107925991204,-0,-0,-0,0.010156591823478004,-0,-0,0.043000974752309074,0.010359431833667443,-0,-0,-0,0.009672899607554079,-0,0.010057772617965428,0.021522053219978347,-0,-0,0.023925503287740443,0.011618097789846972,-0,0.011862552975603975,-0,-0,-0,-0,-0,0.013391724258505185,0.013594576888617496,0.0135529660281875,-0,-0,-0,-0,0.020278753599968627,0.010062973624097329,0.009802923954613985,-0,-0,-0,-0,-0,0.011893760103312842,-0,-0,0.013157664514751354,-0,-0,-0,-0,-0,-0,-0,-0,-0,-0,-0,-0,-0,-0,-0,-0
bremen,2021,27,2021-07-05,2021.5068493150684,2021-07-11,2021.5232876712328,female,-0,-0,-0,-0,0.01595084618731619,0.015878023903695297,-0,-0,-0,0.018140763933183292,-0,-0,-0,0.017844261358116783,-0,-0,0.01879619667735517,-0,-0,0.03279634013302989,0.04245452592655975,0.012840385210793658,0.012252643418077446,0.012424284139840888,0.022994283260921688,0.011498471202837403,0.01137364375328337,0.03441978904350319,-0,0.022744573463521888,0.011243615478634129,-0,-0,-0,0.01137364375328337,0.011576488510976585,-0,-0,-0,0.011716919960600964,-0,-0,0.013604979608929159,-0,0.01332410689098527,0.013402126938235783,0.02713027619129514,-0,0.01350095249946718,0.012840385210793658,-0,0.011794937596486928,-0,-0,0.010380235982015222,-0,-0,-0,-0,-0,0.010983559904755745,0.022604112229445653,-0,-0,0.023961920052196124,-0,-0,-0,-0,-0,-0,-0,-0,-0,-0,-0,-0,-0,-0,-0,-0
bremen,2021,27,2021-07-05,2021.5068493150684,2021-07-11,2021.5232876712328,male,-0,-0,-0,0.014796104845729624,-0,0.015061380993247308,-0,-0,-0,-0,-0,-0,-0,-0,-0,-0,0.016200523362532936,-0,-0,-0,0.026864938467750194,0.012294253237996145,-0,0.010156591823478004,-0,0.010411442220143122,0.03224999853293815,0.010359431833667443,-0,0.03141748903711387,0.01017739589067374,0.009672899607554079,0.010255411216783925,-0,-0,-0,0.02272896664100186,-0,-0,-0,-0,-0,-0,0.025434219173531215,-0,0.013240885636274406,-0,0.013594576888617496,-0,0.0127935736740862,-0,-0,-0,-0,0.010062973624097329,-0,-0,-0,-0,-0,-0,-0,-0,-0,-0,-0,-0,-0,-0,-0,-0,-0,-0,-0,0.019503657164320395,-0,-0,-0,-0,-0,-0
bremen,2021,28,2021-07-12,2021.5260273972603,2021-07-18,2021.5424657534247,female,-0,-0,-0,-0,-0,-0,0.01655423474624765,-0,-0,-0,-0,0.01788587565262237,-0,0.03568944466449106,-0,-0,-0,-0,-0,-0,0.01414592393288367,0.012840385210793658,-0,0.03728176151565438,0.011493270053125997,0.011498471202837403,-0,0.05737724363037419,0.022578100931440505,0.022744573463521888,0.022489662615540466,-0,-0,0.010936750039578199,-0,-0,-0,-0,-0,0.023436480635720867,-0,0.012673944382853637,0.013604979608929159,0.013459341713950376,-0,-0,0.02713027619129514,-0,0.01350095249946718,-0,-0,0.011794937596486928,0.011045973123877359,-0,0.010380235982015222,-0,-0,-0,-0,-0,-0,-0,0.011415252869842006,-0,0.011982180400191667,-0,-0,0.013272093591183011,0.013896256622574928,-0,-0,-0,0.014229146636033727,-0,-0,-0,-0,-0,-0,-0,0.0017316288317807886
bremen,2021,28,2021-07-12,2021.5260273972603,2021-07-18,2021.5424657534247,male,-0,-0,-0,-0,0.014827313734021907,0.015061380993247308,-0,-0,-0,-0,-0,0.017266866458460307,-0,0.017277269913448006,0.01629415261230751,-0,0.016200523362532936,0.016262942843654794,-0,-0,-0,0.049194462809390736,0.022624921277220225,0.010156591823478004,0.031266598117788875,0.05206765900465996,0.02149604246322626,-0,-0,0.03141748903711387,0.020351582046756276,0.029018895573813784,0.010255411216783925,-0,-0,-0,0.01136324147934599,-0,-0,0.011576488510976585,-0,-0,0.012580321651257461,0.025434219173531215,-0,-0,0.013391724258505185,-0,-0,0.0127935736740862,0.012070600847419764,-0,-0,0.01013578776460552,-0,-0,-0,-0,0.010603881102422153,0.010759913151403842,-0,0.011893760103312842,-0,-0,0.013157664514751354,-0,0.014697276823043805,-0,-0,-0,-0,-0,-0,-0,-0,-0,-0,-0,-0,-0,-0
bremen,2021,29,2021-07-19,2021.545205479452,2021-07-25,2021.5616438356165,female,-0,-0,-0,-0,-0,0.015878023903695297,-0,-0,0.017766234645672403,-0,0.019472445469297373,-0,-0,-0,0.017251261279884234,-0,0.01879619667735517,0.03586116276361016,0.050022051957037725,0.03279634013302989,0.04245452592655975,0.012840385210793658,0.04902270067452132,0.024851537505207227,0.022994283260921688,0.011498471202837403,0.01137364375328337,0.022942260287575157,0.03387343038635642,0.022744573463521888,0.011243615478634129,0.022604112229445653,0.021740544090332155,0.010936750039578199,0.022744573463521888,0.011576488510976585,-0,0.012346265559716659,-0,-0,0.02517409262196741,0.012673944382853637,0.013604979608929159,0.013459341713950376,0.026651628730552348,0.013402126938235783,0.013563368740169038,-0,0.01350095249946718,-0,-0,0.011794937596486928,-0,-0,-0,-0,-0,-0,-0,0.020897798648956165,0.010983559904755745,-0,-0,-0,-0,-0,-0,-0,-0,-0,-0,-0,-0,-0,-0,-0,-0,-0,-0,-0,-0
bremen,2021,29,2021-07-19,2021.545205479452,2021-07-25,2021.5616438356165,male,-0,-0,-0,-0,-0,-0,-0,-0,-0,0.05102142244574989,0.01774022576753822,0.017266866458460307,0.016512621517401002,-0,0.032593412582920846,-0,0.016200523362532936,-0,-0,-0,0.026864938467750194,0.024591413868446203,0.03394107448015803,0.030470525688587557,0.052119711124449006,0.031235379361559235,-0,-0,0.02083537360402634,0.010468653705347542,0.01017739589067374,0.009672899607554079,-0,0.02011749097362581,0.03228642112769874,-0,0.01136324147934599,0.011961375610928578,0.011618097789846972,0.02315555480904589,0.011862552975603975,0.024175218756174933,-0,-0,-0,-0,0.013391724258505185,0.013594576888617496,-0,0.02559029572908632,-0,0.011347638072338734,0.01069750027562577,0.020278753599968627,-0,0.009802923954613985,0.019758553374894256,-0,0.010603881102422153,-0,-0,0.011893760103312842,-0,-0,0.013157664514751354,-0,-0,-0,-0,-0,-0,-0,-0,-0,-0,-0,0.026032515180490018,-0,-0,-0,-0
bremen,2021,30,2021-07-26,2021.5643835616438,2021-08-01,2021.5808219178082,female,-0,-0,0.015857217555683697,0.015248635559227649,-0,-0,-0,-0,-0,0.018140763933183292,0.019472445469297373,0.01788587565262237,0.036672928726856444,0.03568944466449106,0.017251261279884234,0.03593401303758634,0.11287922793640039,0.053801022615627,-0,0.03279634013302989,-0,-0,0.03676139116807025,0.03728176151565438,0.0344926372981892,0.011498471202837403,0.02274977573873999,0.01147246545947112,0.022578100931440505,0.05687228921567053,0.011243615478634129,0.022604112229445653,0.021740544090332155,-0,0.01137364375328337,0.02315555480904589,-0,0.024695463167001108,0.011961375610928578,0.023436480635720867,-0,0.012673944382853637,-0,-0,-0,-0,0.040705928272291775,0.028144815266662404,-0,0.012840385210793658,-0,0.023592551195225426,0.011045973123877359,0.031381067050978005,-0,-0,0.010057772617965428,0.010229406095077343,0.010203400986370103,-0,-0,-0,0.011415252869842006,0.011956174414916292,-0,0.012741560904955655,-0,-0,-0,-0,0.013849444135345498,-0,-0,-0,-0,-0,-0,-0,-0,-0,-0
bremen,2021,30,2021-07-26,2021.5643835616438,2021-08-01,2021.5808219178082,male,0.015056179487153957,0.030012659485178096,-0,0.029596420980512284,0.014827313734021907,-0,0.015113396082826297,-0,-0,-0,0.01774022576753822,-0,-0,-0,-0,-0,0.03241129878911425,0.06508231096769956,0.031932602715587184,-0,0.067190991206005,0.012294253237996145,0.045254486293824905,0.020309965778955996,0.052119711124449006,0.031235379361559235,0.08603753824087862,-0,0.05210930069632286,0.04189247026803308,0.030532962301419123,0.04837729651168076,0.010255411216783925,-0,0.04305301779711293,0.010895141305903801,0.034097176570930005,0.03589238429710271,-0,-0,0.0474664574922946,-0,0.0629320658433527,0.012715554539894168,0.013532160610456123,-0,0.013391724258505185,0.027187506073877092,-0,-0,0.012070600847419764,0.011347638072338734,-0,0.020278753599968627,0.010062973624097329,0.009802923954613985,-0,-0,0.010603881102422153,0.010759913151403842,-0,0.011893760103312842,-0,-0,-0,0.014078305584640034,-0,-0,-0,0.016705082979971943,0.0333426874733578,-0,-0,-0,-0,0.019820977127133783,-0,-0,-0,-0,-0
bremen,2021,31,2021-08-02,2021.5835616438355,2021-08-08,2021.6,female,0.015872822315913367,-0,0.03171927218930691,0.015248635559227649,-0,-0,-0,0.016824721545464133,0.017766234645672403,0.018140763933183292,-0,0.01788587565262237,-0,-0,0.017251261279884234,0.08988684414700858,-0,0.017927489980436632,-0,0.08203227073319118,-0,0.012840385210793658,0.03676139116807025,0.012424284139840888,0.011493270053125997,0.03450824765175377,0.03413360045953551,0.03441978904350319,0.03387343038635642,0.03411799021843927,0.011243615478634129,0.022604112229445653,-0,0.010936750039578199,0.05688790628903932,-0,-0,-0,0.011961375610928578,0.011716919960600964,0.03776571061233823,0.02534577599999638,0.04082041798642933,-0,0.03998256726965394,-0,-0,0.014073104176881762,-0,0.02567873931850904,-0,0.011794937596486928,0.011045973123877359,-0,-0,-0,0.02011749097362581,0.010229406095077343,-0,-0,0.010983559904755745,-0,0.011415252869842006,-0,-0,-0,-0,-0,-0,0.02757771149752676,-0,-0,-0,-0,-0,-0,0.02113189323487207,-0,-0,0.03333228080372293,0.0034685156762824733
bremen,2021,31,2021-08-02,2021.5835616438355,2021-08-08,2021.6,male,-0,0.015004164454808108,-0,-0,-0,0.015061380993247308,-0,-0,0.016996377359348447,0.017001579059527188,-0,0.017266866458460307,0.016512621517401002,0.06914875607398799,0.01629415261230751,0.016564638058662623,0.06483760546511605,0.06508231096769956,0.06387962053352846,0.030616211235144776,0.067190991206005,0.07380915783799025,0.06789911041556487,0.04063307131271867,0.06255200755006156,0.010411442220143122,0.02149604246322626,0.020715725810714698,0.01041664326165472,0.04189247026803308,0.030532962301419123,0.038697195206966725,-0,0.04023756388479322,0.03228642112769874,0.043594268550743664,0.034097176570930005,-0,0.011618097789846972,0.02315555480904589,0.0355957804857931,0.03626704416118528,0.012580321651257461,-0,-0,0.013240885636274406,0.013391724258505185,0.013594576888617496,0.0135529660281875,-0,-0,0.011347638072338734,-0,-0,0.010062973624097329,-0,-0,-0,0.010603881102422153,-0,-0,-0,-0,-0,0.013157664514751354,-0,-0,-0,-0,-0,-0,0.016736293013998777,-0,-0,-0,-0,-0,-0,-0,-0,0.002839277512982304
bremen,2021,32,2021-08-09,2021.6027397260275,2021-08-15,2021.6191780821919,female,-0,-0,0.015857217555683697,0.030496540934826247,0.01595084618731619,0.015878023903695297,0.01655423474624765,0.016824721545464133,0.03554374490386645,0.03628785867722936,0.019472445469297373,-0,0.018333231421905304,0.017844261358116783,0.017251261279884234,-0,0.05640898483935933,0.03586116276361016,0.050022051957037725,0.01639818530978735,0.07077854741006565,0.1027911293999024,0.012252643418077446,0.049714957591732806,0.04599873904071044,0.04601955745251443,0.045514713315881195,0.022942260287575157,0.01129042562004973,0.022744573463521888,0.011243615478634129,0.022604112229445653,0.03261422562853843,0.05470676712602247,0.03412319363161541,0.011576488510976585,0.024263659938811303,0.012346265559716659,0.023925503287740443,0.023436480635720867,0.012585522909699205,0.03802590016042626,0.027208316955887893,0.05385828185890182,0.026651628730552348,0.013402126938235783,0.02713027619129514,0.014073104176881762,0.01350095249946718,0.012840385210793658,-0,0.011794937596486928,0.011045973123877359,-0,0.020762544479663175,0.04085684658470434,0.010057772617965428,0.010229406095077343,0.020414006510905577,-0,0.010983559904755745,-0,0.02283301221295963,-0,-0,0.012741560904955655,-0,0.013272093591183011,-0,-0,-0,0.014099111220887492,-0,-0,-0,0.03392026090346713,-0,-0,-0,0.0166634696304082,-0
bremen,2021,32,2021-08-09,2021.6027397260275,2021-08-15,2021.6191780821919,male,-0,0.015004164454808108,-0,-0,-0,0.030127125658070207,-0,-0,0.016996377359348447,0.017001579059527188,0.05323363897643907,0.017266866458460307,0.016512621517401002,-0,0.06520206088861366,0.04970454764503421,0.016200523362532936,-0,0.015961249379015705,0.09189755565383419,0.026864938467750194,0.12307874261917741,0.045254486293824905,0.04063307131271867,0.10429171436361304,0.05206765900465996,0.053759379569208725,0.09329363942655759,0.05210930069632286,0.010468653705347542,0.05089650008429897,0.04837729651168076,0.02050764334763409,0.05030312296570727,0.04305301779711293,-0,0.06821151901477014,0.023925503287740443,0.03486208358955708,0.02315555480904589,0.023727812725693825,0.04836168199407969,0.025163687586970677,0.012715554539894168,0.06770125260683996,0.0397379798545483,0.026781695539369616,-0,0.027109465340516947,0.0127935736740862,0.012070600847419764,-0,0.02139720170624013,0.020278753599968627,0.010062973624097329,0.009802923954613985,0.019758553374894256,-0,0.010603881102422153,-0,-0,0.02379024124304235,0.012325460624785496,0.025876437297627643,0.013157664514751354,0.028160423714738265,0.014697276823043805,0.015487906263722354,-0,-0,0.016668671297279614,-0,-0,0.018119956679774157,-0,0.03964951234941883,-0,-0,-0,0.022276370825420815,0.005678710063214445
bremen,2021,33,2021-08-16,2021.6219178082192,2021-08-22,2021.6383561643836,female,-0,-0,0.04758096209224422,0.030496540934826247,0.047872429484433175,0.03175569441232444,0.01655423474624765,0.033654888530837174,0.053322129595256944,0.018140763933183292,0.03895218551898528,0.0357779054326154,0.05501909647732756,0.03568944466449106,0.051765757737381596,0.107881831202662,0.11287922793640039,0.017927489980436632,0.06671197485566142,0.08203227073319118,0.09911279526932369,0.07707429146653796,0.06128690201114807,0.062151127155035346,0.09203299497511307,0.08055836827637072,0.045514713315881195,0.04589464710671708,0.022578100931440505,0.07964175742893319,0.011243615478634129,0.022604112229445653,0.043484977079246305,0.07660559939582126,0.06826879412821643,0.046326629994750346,0.024263659938811303,0.06176586838889535,0.04786201990658029,0.046878324202425284,-0,0.06339022199911475,0.06805531448055421,0.013459341713950376,0.06665990812694618,0.05362403989867053,0.013563368740169038,0.014073104176881762,0.01350095249946718,0.02567873931850904,-0,0.059001460154266876,0.03315016442224681,0.01045825161244615,-0,0.010208602007073454,0.030179155819956553,0.04092970385780306,0.020414006510905577,0.031355051362219034,-0,-0,-0,-0,-0,0.012741560904955655,-0,0.013272093591183011,0.013896256622574928,-0,-0,-0,-0,-0,-0,-0,-0,-0,-0,-0,0.00520026001733406
bremen,2021,33,2021-08-16,2021.6219178082192,2021-08-22,2021.6383561643836,male,0.030116719631940177,0.015004164454808108,-0,0.029596420980512284,-0,0.015061380993247308,0.030231186033897517,0.06310908024319327,0.016996377359348447,0.017001579059527188,0.03548130227428143,0.06910189381982798,0.03302528498643982,0.017277269913448006,0.032593412582920846,0.016564638058662623,0.0810583446396743,0.03253097349605066,0.06387962053352846,0.09189755565383419,0.026864938467750194,0.07380915783799025,0.05657556571287094,0.020309965778955996,0.052119711124449006,0.10418750567529654,0.02149604246322626,0.08291767392018562,0.09383541337359108,0.02094461748183015,0.08145937082200577,0.05805920015885821,0.02050764334763409,0.02011749097362581,0.08614691918430457,0.06541032227748332,0.045462667807286986,0.03589238429710271,0.058121669906333065,0.011576488510976585,0.05933984498241495,0.024175218756174933,0.03775009928085571,0.025434219173531215,0.04060705099475553,0.06624858280280316,0.026781695539369616,0.040789193493936525,0.054238276616453876,0.0511931911827709,0.024149206672257714,0.011347638072338734,0.042798007375258386,0.03041849523516744,-0,-0,0.009875737730976804,0.019940622861716432,0.010603881102422153,0.010759913151403842,-0,0.011893760103312842,-0,0.012939209704444394,-0,-0,-0,-0,-0,-0,-0,0.016736293013998777,0.03329065414601013,-0,0.019503657164320395,0.019820977127133783,0.026032515180490018,-0,-0,-0,-0
bremen,2021,34,2021-08-23,2021.641095890411,2021-08-29,2021.6575342465753,female,0.04762780495580498,0.046753411793750844,0.03171927218930691,0.07627751745985958,0.03191178994279369,-0,0.04967331781742496,-0,0.03554374490386645,0.10893963423618477,0.03895218551898528,0.0357779054326154,0.036672928726856444,0.05354595947973791,0.10358309940124799,0.14389571240275956,0.11287922793640039,0.1615755658146437,0.16693286139028962,0.11488040571315093,0.0849437414608653,0.1027911293999024,0.073548789182008,0.062151127155035346,0.09203299497511307,0.02300468786183651,0.1252575390489795,0.0918298361254816,0.07906888385400809,0.07964175742893319,0.12382411007176328,0.10179597367007145,0.08701155759678342,0.06565503047522177,0.06826879412821643,0.05791343770660666,0.06068299417076155,0.024695463167001108,0.04786201990658029,0.0351534796991422,0.05036558339617555,0.1014625226068714,0.08167290550559564,0.08080835585711779,0.053322129595256944,0.08045420713909408,0.08143853821689492,0.07039322471983507,0.04051337795788596,0.02567873931850904,0.04838250135191921,0.059001460154266876,0.03315016442224681,0.031381067050978005,0.04153338233336959,0.04085684658470434,0.030179155819956553,0.010229406095077343,-0,0.010447849521625597,0.010983559904755745,0.011300827879420765,0.011415252869842006,-0,-0,-0,0.013017229174202442,-0,0.027801430594386087,-0,-0,-0,-0,-0,-0,-0,-0,-0,-0,0.0166634696304082,0.0034685156762824733
bremen,2021,34,2021-08-23,2021.641095890411,2021-08-29,2021.6575342465753,male,0.015056179487153957,0.04503069209641199,0.01417713243095282,0.029596420980512284,-0,0.060271716121721726,0.030231186033897517,0.03154236461180955,0.08503749456906902,0.05102142244574989,0.05323363897643907,0.10368730687833211,0.1322323864620978,0.05185424585827647,0.032593412582920846,0.14925640167566276,0.06483760546511605,0.11394755544817609,0.12784302358678176,0.09189755565383419,0.10754834111161166,0.08612087608166392,0.06789911041556487,0.0711274231195362,0.09385104155197567,0.07290828783648323,0.08603753824087862,0.08291767392018562,0.05210930069632286,0.07333528785690926,0.07126801548504154,0.08711052315131129,0.06155241543647631,0.07044008813775385,0.09692467460015795,0.054503754053654936,0.06821151901477014,0.04786201990658029,0.03486208358955708,0.03474240351761011,0.0355957804857931,0.03626704416118528,0.03775009928085571,0.07634000909759897,0.027067843663946586,0.09277270826209914,0.053582396993984635,0.06799803960224328,0.0678053882017954,0.03839016771494546,0.0724760840694246,0.04539500872399343,0.02139720170624013,0.04056021445523075,0.02013309701238007,0.009802923954613985,0.019758553374894256,-0,0.021204722876538334,0.021522053219978347,0.05698681452927201,0.02379024124304235,-0,0.012939209704444394,0.013157664514751354,0.028160423714738265,-0,0.015487906263722354,0.032265608213284745,0.016705082979971943,0.016668671297279614,-0,-0,-0,-0,0.019820977127133783,-0,-0,-0,-0,0.00851309681598631
bremen,2021,35,2021-08-30,2021.6602739726027,2021-09-05,2021.676712328767,female,-0,0.046753411793750844,0.03171927218930691,0.045754123326343904,0.07981362073210324,0.07942823108594334,0.03310853791032595,0.05049570953394812,0.053322129595256944,0.054441288652378,0.23414677032651682,0.14324912964476968,0.11009125707794869,0.17869267816032547,0.10358309940124799,0.16190940257810124,0.1317162782568199,0.1435984919107296,0.11679827335244188,0.13131486430524403,0.11329092228061433,0.08993372513626002,0.08581877704426606,0.12437141465433785,0.09203299497511307,0.09207466868340211,0.0910692997870691,0.06885716940090322,0.07906888385400809,0.05687228921567053,0.09002227823127802,0.0904754640782031,0.08701155759678342,0.08755847485907618,0.10244204118994824,0.12749376715762634,0.0849749924781519,0.09885750978014546,0.05983441138459054,0.05860581299384446,0.12599772511798038,0.0887721308530709,0.09529927313367739,0.08080835585711779,0.053322129595256944,0.09387708852638955,0.02713027619129514,0.07039322471983507,0.0675398428467844,0.141392856077664,0.024185623593384054,0.023592551195225426,0.03315016442224681,0.031381067050978005,0.010380235982015222,0.04085684658470434,0.030179155819956553,0.03069425723155213,0.020414006510905577,0.020897798648956165,0.010983559904755745,0.011300827879420765,0.02283301221295963,0.011956174414916292,0.03594962382386245,0.012741560904955655,0.013017229174202442,0.02655277817343493,-0,-0,-0,0.014099111220887492,0.014229146636033727,-0,0.0318129293857595,0.016959965472689884,0.02113189323487207,0.017422918501815595,-0,-0,0.01213301537128127
bremen,2021,35,2021-08-30,2021.6602739726027,2021-09-05,2021.676712328767,male,0.030116719631940177,0.015004164454808108,0.08513124784629891,0.014796104845729624,0.13361912681028806,0.060271716121721726,0.09075154474845396,0.14209677224306433,0.2213874048178564,0.17026645239218058,0.19545527446454972,0.1556085951891696,0.16534178609865033,0.13838958749545893,0.11416122358437686,0.23236559842431742,0.12975615639058374,0.1465499145750664,0.09585148716430554,0.07657435340797546,0.026864938467750194,0.08612087608166392,0.10188454696815752,0.09147040318203675,0.09385104155197567,0.08333433946005508,0.10756918417964373,0.11404657228018565,0.05210930069632286,0.10479712946457659,0.14263384061485196,0.06773770004135177,0.06155241543647631,0.09058485435712406,0.14005804862697102,0.09814375904255063,0.045462667807286986,0.08378225863909303,0.11630316487883224,0.03474240351761011,0.09497628273953139,0.03626704416118528,0.11333261302886727,0.012715554539894168,0.08125104514647673,0.10604245155319418,0.08039171055687414,0.040789193493936525,0.04067470384854662,0.06399936768481014,0.04830442880300376,0.09082968105333036,-0,0.020278753599968627,0.02013309701238007,0.04902270067452132,0.019758553374894256,0.04986069706441244,0.021204722876538334,0.03228642112769874,0.022786191679816357,0.02379024124304235,0.03697994607979251,0.03882208826478198,0.026323861815248883,-0,0.014697276823043805,0.015487906263722354,0.032265608213284745,-0,0.0333426874733578,-0,-0,-0,-0,-0,-0,-0,-0,-0,0.011352839207489517
bremen,2021,36,2021-09-06,2021.6794520547944,2021-09-12,2021.695890410959,female,0.03174528806028686,0.046753411793750844,0.06345269815129845,0.10682404968691223,0.0638431758030846,0.015878023903695297,0.11598004399613841,0.18538245626809655,0.1067042038771693,0.2181079754631839,0.0974352278541399,0.14324912964476968,0.12846335049044372,0.07140340108516471,0.06903420397170902,0.08988684414700858,0.037599189984796486,0.08969932061265494,0.11679827335244188,0.08203227073319118,0.12746770333905977,0.141392856077664,0.073548789182008,0.09947228104236171,0.05750218156185419,0.1266493060814581,0.06828441462465416,0.1263104829615094,0.12430886526763578,0.12520541366658897,0.05624761012702514,0.07915741844873117,0.11968041942744989,0.09851365783685564,0.12523147635125287,0.05791343770660666,0.07283017845600713,0.12360518985164337,0.09576292414192242,0.10553702434821009,0.12599772511798038,0.1395627186411892,0.06805531448055421,0.06733157292897043,0.06665990812694618,0.0670347897373519,0.054279920046388146,0.05631007769819868,0.054024854561479006,0.051370165626479544,0.036282655047440146,0.023592551195225426,0.011045973123877359,0.01045825161244615,0.010380235982015222,0.02042441059554951,0.05030312296570727,0.051167165580086396,0.020414006510905577,0.031355051362219034,0.010983559904755745,0.056528714788259965,-0,0.023920300894896822,-0,0.012741560904955655,0.013017229174202442,-0,-0,0.02757771149752676,-0,0.014099111220887492,-0,-0,-0,-0,-0,-0,0.017100411461730233,0.0166634696304082,0.010401040138686323
bremen,2021,36,2021-09-06,2021.6794520547944,2021-09-12,2021.695890410959,male,0.030116719631940177,0.06004785728494358,0.028363333966020723,0.10366125498948464,0.07418929841689864,0.15081047912832535,0.21199876212180296,0.18955226194151065,0.15316775908601066,0.2043919672577127,0.19545527446454972,0.2249229448856682,0.21504805752537864,0.10376025223654954,0.17950667693232,0.24900443421347562,0.14599716189277231,0.0813656241647382,0.06387962053352846,0.09189755565383419,0.1344689145463424,0.03689148326677245,0.14722782682996088,0.12199459085112532,0.07298119003077552,0.07290828783648323,0.07527766146953588,0.09329363942655759,0.11470842647313338,0.052369562024719166,0.061078657135998894,0.08711052315131129,0.06155241543647631,0.07044008813775385,0.05382704953657054,0.13089781413119814,0.07958967775223431,0.11973253927182151,0.08138645674063195,0.02315555480904589,0.07121594419424157,0.10887710340918673,0.08812623314991486,0.012715554539894168,0.08125104514647673,0.06624858280280316,0.09380415703090686,0.040789193493936525,0.027109465340516947,0.06399936768481014,0.03622541515409771,0.03404514248860458,0.03209390198722579,0.03041849523516744,0.010062973624097329,0.02940911474041309,0.009875737730976804,0.04986069706441244,0.010603881102422153,0.03228642112769874,0.011394448307400865,0.047586166852781484,0.012325460624785496,0.025876437297627643,-0,-0,-0,0.015487906263722354,-0,-0,0.016668671297279614,-0,-0,0.018119956679774157,-0,-0,-0,0.021548063989735425,-0,0.0668525552836129,0.00851309681598631
bremen,2021,37,2021-09-13,2021.6986301369864,2021-09-19,2021.7150684931507,female,0.04762780495580498,-0,0.03171927218930691,0.0915485405670934,0.047872429484433175,0.047643419253039575,0.08281350805687844,0.21916280119554651,0.21362781550175047,0.2910091748369194,0.1364552823804611,0.1611843535848693,0.05501909647732756,0.1250229752396808,0.2420191316817701,0.14389571240275956,0.1317162782568199,0.03586116276361016,0.08340204792563059,0.14774930380921703,0.09911279526932369,0.07707429146653796,0.073548789182008,0.049714957591732806,0.05750218156185419,0.05752821033535973,0.03413360045953551,0.04589464710671708,0.045166009402983244,0.06825838046653337,0.05624761012702514,0.06784183570929722,0.08701155759678342,0.04376080837758144,0.13663254723982776,0.046326629994750346,0.07283017845600713,0.08649068936152009,0.08378225863909303,0.07033594726639412,0.1386137838465411,0.1014625226068714,0.05443608320566157,0.09428863245377518,0.01332410689098527,0.08045420713909408,0.09502837782869915,0.028144815266662404,0.04051337795788596,0.07707429146653796,-0,0.04719581125834835,0.03315016442224681,0.01045825161244615,0.04153338233336959,0.010208602007073454,0.030179155819956553,0.010229406095077343,0.020414006510905577,0.031355051362219034,0.010983559904755745,0.011300827879420765,0.02283301221295963,-0,-0,0.025486244639998552,0.013017229174202442,0.02655277817343493,-0,0.013787027551257304,-0,-0,-0,-0,-0,-0,0.02113189323487207,-0,0.017100411461730233,0.0166634696304082,0.01213301537128127
bremen,2021,37,2021-09-13,2021.6986301369864,2021-09-19,2021.7150684931507,male,0.045186827481403145,0.06004785728494358,0.08513124784629891,0.04440095080227126,0.10389572245900044,0.030127125658070207,0.22717390877955052,0.252886724531432,0.2213874048178564,0.2043919672577127,0.17765432642626913,0.3290601668415931,0.18190700390705228,0.10376025223654954,0.21221283353159076,0.11605300660060082,0.1135202218096395,0.11394755544817609,0.11184740073735673,0.09189755565383419,0.05374896881281492,0.07380915783799025,0.12454863832524499,0.11181613356609758,0.052119711124449006,0.07290828783648323,0.07527766146953588,0.031079285861553903,0.06253638877551028,0.09430947020761819,0.030532962301419123,0.04837729651168076,0.08208435285628438,0.09058485435712406,0.07537139715193886,0.11997750324011636,0.05683584939605949,0.04786201990658029,0.06975276224102595,0.05791343770660666,0.0355957804857931,0.07255940017875696,0.07552762366475863,0.05088088481022107,0.09480436931557608,0.05299419452759971,0.053582396993984635,0.027187506073877092,0.08137604045163893,0.02559029572908632,0.03622541515409771,0.05675255847568841,0.06421283068189924,0.03041849523516744,0.0402687880460501,0.02940911474041309,0.039519413350584745,0.009969355593267648,0.010603881102422153,-0,0.011394448307400865,0.08330308942875407,0.02464864095688728,0.012939209704444394,0.0394881896392975,0.028160423714738265,0.029393505917522614,-0,0.016132902342539803,0.016705082979971943,0.016668671297279614,-0,0.016642662968114338,-0,0.019503657164320395,0.019820977127133783,-0,-0,-0,0.022276370825420815,0.011352839207489517
bremen,2021,38,2021-09-20,2021.717808219178,2021-09-26,2021.7342465753425,female,0.03174528806028686,0.015581534230392942,0.06345269815129845,0.0915485405670934,0.07981362073210324,0.07942823108594334,0.11598004399613841,0.13476086936633738,0.3207665068601427,0.19989732873164096,0.1755098565659153,0.14324912964476968,0.18361860907393715,0.16079836040274342,0.17275504696128002,0.1799293351666271,0.05640898483935933,0.1435984919107296,0.11679827335244188,0.0984563494006994,0.04245452592655975,0.07707429146653796,0.03676139116807025,0.08702718372445353,0.04599873904071044,0.06903941087997181,0.03413360045953551,0.06885716940090322,0.09037649211937324,0.06825838046653337,0.05624761012702514,0.11311894829738953,0.09789889790781406,0.021875800803470166,0.14803611837693034,0.0810948014375407,0.03640233866439973,0.04940786504001814,0.05983441138459054,0.05860581299384446,0.17648555329884613,0.12685781371414112,0.04082041798642933,0.02692216805830875,0.053322129595256944,0.05362403989867053,0.09502837782869915,0.014073104176881762,0.02700541121156181,0.02567873931850904,0.060485163817097586,0.023592551195225426,0.011045973123877359,0.02091860701391948,0.05192191334645064,0.061297314276797306,0.05030312296570727,0.03069425723155213,0.010203400986370103,-0,0.010983559904755745,0.011300827879420765,0.05710134009509994,0.023920300894896822,-0,0.012741560904955655,0.026032515180490018,0.013272093591183011,0.013896256622574928,0.04137205377871471,0.013849444135345498,0.014099111220887492,0.028462187965017663,-0,0.015904031850427058,-0,-0,-0,-0,-0,0.006932062032199865
bremen,2021,38,2021-09-20,2021.717808219178,2021-09-26,2021.7342465753425,male,0.015056179487153957,0.015004164454808108,0.07092955302685955,0.05920969671099581,0.029664059510800134,0.09043379165152433,0.18166174802534027,0.18955226194151065,0.20432410106955712,0.23853466812927338,0.17765432642626913,0.34643666418368446,0.24821024633437125,0.1730472168191265,0.11416122358437686,0.0662850292191406,0.09728935498435115,0.0813656241647382,0.015961249379015705,0.1072304853593004,0.1344689145463424,0.049194462809390736,0.09055359996823562,0.0711274231195362,0.12517413846223166,0.04164787386935595,0.13988598609708489,0.07254377839808594,0.07296556812339615,0.04189247026803308,0.07126801548504154,0.038697195206966725,0.06155241543647631,0.07044008813775385,0.010759913151403842,0.043594268550743664,0.045462667807286986,0.07180435281479132,0.06975276224102595,0.06950282780375933,0.08309475636668727,0.08466248315045126,0.050339558207693244,0.025434219173531215,0.05415498985663954,0.05299419452759971,0.08039171055687414,0.013594576888617496,0.054238276616453876,0.08962118600626241,0.03622541515409771,0.0794698946937746,0.02139720170624013,0.07100245244709096,0.0402687880460501,0.02940911474041309,0.029638044681042794,0.019940622861716432,0.06364533342638877,0.05382704953657054,0.022786191679816357,0.02379024124304235,0.012325460624785496,0.025876437297627643,0.013157664514751354,0.028160423714738265,-0,-0,-0,0.033420737562001555,-0,0.016736293013998777,-0,-0,-0,0.03964951234941883,0.026032515180490018,-0,-0,0.022276370825420815,0.01987299697791034
bremen,2021,39,2021-09-27,2021.7369863013698,2021-10-03,2021.7534246575342,female,0.03174528806028686,0.015581534230392942,-0,0.061016183836080075,0.11177444403365652,0.06353079344708251,0.08281350805687844,0.13476086936633738,0.12450693858363182,0.07260105828348264,0.15597890298345513,0.26892057085189913,0.25724484927415264,0.2503420412173405,0.08630838671177357,0.08988684414700858,0.11287922793640039,0.053801022615627,0.06671197485566142,0.14774930380921703,0.0849437414608653,0.08993372513626002,0.09809166083221282,0.062151127155035346,0.10355183719884298,0.05752821033535973,0.045514713315881195,0.03441978904350319,0.05646624695443742,0.06825838046653337,0.05624761012702514,0.10179597367007145,0.043484977079246305,0.05470676712602247,0.05688790628903932,0.17393417108642378,0.07283017845600713,0.09885750978014546,0.03589238429710271,0.05860581299384446,0.05036558339617555,0.06339022199911475,0.06805531448055421,0.08080835585711779,0.053322129595256944,0.013402126938235783,0.040705928272291775,0.04222553955455039,0.0675398428467844,0.03852546774225384,0.09681006129332928,0.04719581125834835,0.06632668229765398,0.052307099187108505,0.020762544479663175,0.07151795840673199,0.030179155819956553,0.051167165580086396,0.06126087135614934,0.020897798648956165,-0,0.03390985411824286,0.06852392949089309,0.03588197711718898,0.03594962382386245,0.012741560904955655,0.06510834353574167,0.013272093591183011,0.055612527413104636,-0,0.02770257785150514,0.02820724908706472,0.014229146636033727,0.030897177370417774,-0,-0,-0,0.017422918501815595,0.017100411461730233,0.05000643694554887,0.029471550078810655
bremen,2021,39,2021-09-27,2021.7369863013698,2021-10-03,2021.7534246575342,male,0.030116719631940177,0.04503069209641199,-0,0.029596420980512284,0.029664059510800134,0.0753505669856915,0.060485163817097586,0.09468976068201622,0.051005807134158546,0.17026645239218058,0.15986468603950668,0.20758699881598439,0.33121097857658527,0.1730472168191265,0.13049119343191662,0.13265466062199202,0.1135202218096395,0.09765403792609657,0.17586465325968373,0.09189755565383419,0.0940958836265823,0.049194462809390736,0.0792251214758117,0.09147040318203675,0.052119711124449006,0.08333433946005508,0.02149604246322626,0.08291767392018562,0.031261394990446154,0.03141748903711387,0.08145937082200577,0.08711052315131129,0.041023377644647675,0.030179155819956553,0.08614691918430457,0.054503754053654936,0.06821151901477014,0.08378225863909303,0.03486208358955708,0.046326629994750346,0.05933984498241495,0.12098864332163896,0.11333261302886727,0.03815599542268296,0.08125104514647673,0.02649034633944675,0.053582396993984635,0.06799803960224328,0.0678053882017954,0.0511931911827709,0.06038624892250179,0.03404514248860458,0.02139720170624013,0.020278753599968627,0.010062973624097329,0.02940911474041309,-0,0.009969355593267648,0.0318129293857595,0.010759913151403842,0.022786191679816357,0.02379024124304235,0.07398620926872651,0.03882208826478198,0.026323861815248883,0.056336105875005114,-0,0.015487906263722354,0.032265608213284745,0.033420737562001555,0.0333426874733578,0.033472771019516234,0.016642662968114338,0.018119956679774157,0.03900942841394738,0.019820977127133783,0.026032515180490018,-0,-0,0.0668525552836129,0.028389348158066836
bremen,2021,40,2021-10-04,2021.7561643835616,2021-10-10,2021.772602739726,female,-0,0.015581534230392942,0.04758096209224422,0.030496540934826247,0.03191178994279369,0.06353079344708251,0.08281350805687844,0.033654888530837174,0.07111180176905786,0.09076717200003417,0.21459378471758614,0.2150219497852643,0.09172565240791679,0.1250229752396808,0.017251261279884234,0.1979607343298427,0.09404899888475723,0.07174707380699316,0.0333426874733578,0.08203227073319118,0.04245452592655975,0.03852546774225384,0.03676139116807025,0.062151127155035346,0.022994283260921688,0.10359873050949564,0.05689831767388896,0.1263104829615094,0.03387343038635642,0.07964175742893319,0.07876161790055192,0.04521805461466013,0.054363207006305404,0.07660559939582126,0.06826879412821643,0.09268935976007067,0.0849749924781519,0.11123248315344797,0.05983441138459054,0.07033594726639412,0.06296330363483373,0.07607962776914119,0.08167290550559564,0.05385828185890182,0.06665990812694618,0.09387708852638955,0.06785745607747964,0.07039322471983507,0.0675398428467844,0.06422324353344092,0.036282655047440146,0.03539284201072721,0.011045973123877359,0.01045825161244615,0.031146926320693605,0.030637023489394902,0.04023756388479322,0.03069425723155213,0.05104744797549693,0.020897798648956165,0.04395857511471766,0.04521805461466013,0.03425327913031034,0.011956174414916292,0.047934886995305216,0.012741560904955655,0.026032515180490018,-0,0.013896256622574928,0.013787027551257304,0.04155940311487037,-0,0.04269912611958655,0.030897177370417774,0.015904031850427058,0.016959965472689884,-0,-0,0.017100411461730233,0.0166634696304082,0.02773899726122771
bremen,2021,40,2021-10-04,2021.7561643835616,2021-10-10,2021.772602739726,male,-0,0.06004785728494358,0.04254820246029053,0.08883984639949259,0.08904299356784338,0.04519723652373852,0.07561615223036772,0.06310908024319327,0.10206169401694025,0.11912795228881701,0.12429322793271924,0.1556085951891696,0.14878184365669955,0.13838958749545893,0.14682107841648812,0.13265466062199202,0.09728935498435115,0.21181079770812558,0.06387962053352846,0.030616211235144776,0.10754834111161166,0.12307874261917741,0.045254486293824905,-0,0.04168950721766337,0.031235379361559235,0.043000974752309074,0.062177158255690715,0.041684303047304194,0.02094461748183015,0.05089650008429897,0.019347598876551086,0.08208435285628438,0.0805114957387767,0.06459810757764207,0.03269227462379457,0.06821151901477014,0.05983441138459054,0.12795249250264154,0.05791343770660666,0.09497628273953139,0.07255940017875696,0.08812623314991486,0.10181160424112141,0.013532160610456123,0.06624858280280316,0.013391724258505185,0.0543944396506662,0.0135529660281875,0.11525563512023898,0.08456352225487922,0.03404514248860458,0.042798007375258386,0.020278753599968627,0.02013309701238007,0.05883487150928615,0.019758553374894256,0.02990859954665048,0.021204722876538334,0.021522053219978347,0.022786191679816357,0.011893760103312842,0.012325460624785496,0.03882208826478198,0.026323861815248883,0.04224635645579311,0.029393505917522614,0.030980426887232786,0.032265608213284745,0.033420737562001555,0.0333426874733578,0.016736293013998777,-0,-0,-0,0.05948561143312352,0.026032515180490018,0.04309985658196719,0.06169818808960519,-0,0.03407115952325587
bremen,2021,41,2021-10-11,2021.7753424657535,2021-10-17,2021.7917808219179,female,-0,-0,0.015857217555683697,-0,0.047872429484433175,0.03175569441232444,0.03310853791032595,0.033654888530837174,0.08890235313599765,0.03628785867722936,0.0974352278541399,0.07157523716215551,0.07336653189851121,0.03568944466449106,0.06903420397170902,0.07189808223637938,0.037599189984796486,0.017927489980436632,0.0333426874733578,0.01639818530978735,0.056612005350090255,0.02567873931850904,0.11036223086493947,0.03728176151565438,0.0344926372981892,0.05752821033535973,0.11385896160040203,0.04589464710671708,0.045166009402983244,0.03411799021843927,0.022489662615540466,0.04521805461466013,0.054363207006305404,0.08755847485907618,0.07965738134211106,0.05791343770660666,0.04854385165779853,0.04940786504001814,0.04786201990658029,0.011716919960600964,0.06296330363483373,0.06339022199911475,0.05443608320566157,0.06733157292897043,0.01332410689098527,0.05362403989867053,0.040705928272291775,0.0844853953650918,0.054024854561479006,0.03852546774225384,0.01209140568038306,0.03539284201072721,0.044208386805146015,0.031381067050978005,0.031146926320693605,0.010208602007073454,0.030179155819956553,0.020460824908193256,0.030621414297924948,-0,0.02197464247017475,0.022604112229445653,-0,0.023920300894896822,0.011982180400191667,0.025486244639998552,-0,0.02655277817343493,0.013896256622574928,0.013787027551257304,-0,-0,0.014229146636033727,0.030897177370417774,0.015904031850427058,-0,0.02113189323487207,-0,-0,0.0166634696304082,0.019066695138797746
bremen,2021,41,2021-10-11,2021.7753424657535,2021-10-17,2021.7917808219179,male,0.045186827481403145,0.015004164454808108,0.028363333966020723,0.014796104845729624,0.029664059510800134,0.0753505669856915,0.030231186033897517,0.07889702301221904,0.08503749456906902,0.06803969405293667,0.10652183034882469,0.08639172498664163,0.016512621517401002,0.22506917623953704,0.13049119343191662,0.09945665117446231,0.1135202218096395,0.0813656241647382,0.015961249379015705,0.07657435340797546,0.08064169733642133,0.061500353873676805,0.022624921277220225,0.06095891671041996,0.031266598117788875,0.08333433946005508,0.03224999853293815,0.010359431833667443,0.06253638877551028,0.07333528785690926,0.020351582046756276,0.038697195206966725,0.010255411216783925,0.07044008813775385,0.03228642112769874,0.054503754053654936,0.09097032669798226,0.08378225863909303,0.011618097789846972,0.05791343770660666,0.08309475636668727,0.07255940017875696,0.025163687586970677,0.06360888886015278,0.06770125260683996,0.05299419452759971,0.026781695539369616,0.040789193493936525,0.08137604045163893,0.0127935736740862,0.0724760840694246,0.04539500872399343,0.05350431663758648,0.03041849523516744,0.030199967899287996,0.039217584926829904,0.029638044681042794,0.039883691367567725,0.04242330045281737,0.03228642112769874,0.011394448307400865,-0,0.02464864095688728,-0,0.026323861815248883,0.014078305584640034,0.014697276823043805,-0,0.032265608213284745,0.033420737562001555,0.016668671297279614,0.016736293013998777,0.016642662968114338,-0,0.058527725094200844,0.019820977127133783,-0,0.021548063989735425,0.020559663885343877,0.022276370825420815,0.011352839207489517
bremen,2021,42,2021-10-18,2021.7945205479452,2021-10-24,2021.8109589041096,female,0.03174528806028686,0.015581534230392942,0.03171927218930691,0.030496540934826247,0.03191178994279369,0.06353079344708251,0.09939413174985563,0.0673367796667467,0.03554374490386645,0.054441288652378,0.1364552823804611,0.10740243986931818,0.05501909647732756,0.017844261358116783,0.10358309940124799,0.053915541165227114,0.1317162782568199,0.053801022615627,-0,0.04920487265398107,0.07077854741006565,0.012840385210793658,0.02450297212836152,0.08702718372445353,0.011493270053125997,0.03450824765175377,0.06828441462465416,0.03441978904350319,0.05646624695443742,0.01136844261605168,0.03373814246273667,0.022604112229445653,0.0652437130996614,0.032817153259869586,0.045504304209995065,0.05791343770660666,0.04854385165779853,0.07412680936375297,0.07180435281479132,0.023436480635720867,0.05036558339617555,0.02534577599999638,0.06805531448055421,0.05385828185890182,0.08000110861975454,0.08045420713909408,0.054279920046388146,0.04222553955455039,0.01350095249946718,0.03852546774225384,0.036282655047440146,0.059001460154266876,0.011045973123877359,0.031381067050978005,0.04153338233336959,0.030637023489394902,0.05030312296570727,0.03069425723155213,0.020414006510905577,0.020897798648956165,-0,-0,0.03425327913031034,0.023920300894896822,0.023961920052196124,0.012741560904955655,0.026032515180490018,-0,0.013896256622574928,0.02757771149752676,-0,-0,-0,-0,0.015904031850427058,0.03392026090346713,-0,0.017422918501815595,0.0342116517353205,0.0666859414847871,0.006932062032199865
bremen,2021,42,2021-10-18,2021.7945205479452,2021-10-24,2021.8109589041096,male,0.030116719631940177,-0,0.028363333966020723,-0,0.029664059510800134,0.015061380993247308,0.060485163817097586,0.07889702301221904,0.10206169401694025,0.05102142244574989,0.08875129531806535,0.017266866458460307,0.049548398694545734,0.10376025223654954,0.04889257822279298,0.03312935116212396,0.016200523362532936,0.06508231096769956,0.06387962053352846,0.030616211235144776,0.013433334989914014,0.012294253237996145,0.045254486293824905,0.020309965778955996,0.020840575688244416,0.031235379361559235,0.06451480422316777,0.041444911773675035,0.041684303047304194,0.052369562024719166,0.020351582046756276,0.05805920015885821,0.05128688346029775,0.060370630798452174,0.04305301779711293,0.03269227462379457,0.01136324147934599,0.03589238429710271,0.058121669906333065,0.046326629994750346,0.08309475636668727,0.04836168199407969,0.025163687586970677,0.07634000909759897,0.05415498985663954,0.013240885636274406,0.026781695539369616,0.040789193493936525,0.0678053882017954,0.0511931911827709,0.012070600847419764,0.011347638072338734,0.042798007375258386,0.03041849523516744,0.010062973624097329,0.009802923954613985,0.009875737730976804,0.02990859954665048,0.04242330045281737,0.021522053219978347,0.03418563463037699,0.059490817385352036,-0,-0,0.013157664514751354,0.04224635645579311,-0,-0,0.032265608213284745,0.016705082979971943,-0,-0,-0,-0,0.019503657164320395,0.05948561143312352,0.026032515180490018,-0,0.04112225571382718,-0,0.017032789271509446
bremen,2021,43,2021-10-25,2021.813698630137,2021-10-31,2021.8301369863013,female,0.03174528806028686,-0,-0,0.030496540934826247,0.03191178994279369,0.06353079344708251,0.04967331781742496,0.08418330582899479,0.1067042038771693,0.09076717200003417,0.03895218551898528,0.07157523716215551,0.05501909647732756,0.07140340108516471,0.19006372545883746,0.107881831202662,0.037599189984796486,0.053801022615627,0.1502159607919716,0.04920487265398107,0.0849437414608653,0.1027911293999024,0.02450297212836152,0.024851537505207227,0.08052191185459139,0.04601955745251443,0.07967821323365443,0.0918298361254816,0.05646624695443742,0.06825838046653337,0.03373814246273667,0.04521805461466013,0.03261422562853843,0.06565503047522177,0.07965738134211106,0.06950282780375933,0.06068299417076155,0.09885750978014546,0.03589238429710271,0.07033594726639412,0.10077478654200576,0.05070911710481969,0.06805531448055421,0.08080835585711779,0.03998256726965394,0.09387708852638955,0.040705928272291775,0.028144815266662404,0.054024854561479006,0.02567873931850904,0.04838250135191921,0.03539284201072721,0.05526375577948777,0.0732467631743204,0.020762544479663175,0.05107347351826374,-0,0.03069425723155213,0.030621414297924948,0.041809203279738597,-0,0.04521805461466013,0.02283301221295963,0.011956174414916292,0.03594962382386245,0.05097978162525814,0.026032515180490018,0.039831651494615566,0.027801430594386087,0.02757771149752676,0.04155940311487037,-0,0.014229146636033727,0.015446293888200674,-0,-0,0.02113189323487207,0.017422918501815595,0.017100411461730233,0.03333228080372293,0.015602340468103605
bremen,2021,43,2021-10-25,2021.813698630137,2021-10-31,2021.8301369863013,male,0.015056179487153957,-0,0.028363333966020723,0.10366125498948464,0.07418929841689864,0.015061380993247308,0.030231186033897517,0.03154236461180955,0.03399831185903285,0.06803969405293667,0.0709920382379437,0.06910189381982798,0.049548398694545734,0.06914875607398799,0.04889257822279298,0.04970454764503421,0.1135202218096395,0.1628587625876998,0.07986570063308883,0.07657435340797546,0.026864938467750194,0.061500353873676805,0.03394107448015803,0.04063307131271867,0.031266598117788875,0.031235379361559235,0.010749511000238682,-0,0.031261394990446154,0.052369562024719166,0.040711132344735924,0.029018895573813784,0.02050764334763409,0.030179155819956553,0.04305301779711293,0.08723032381142756,0.06821151901477014,0.08378225863909303,0.058121669906333065,0.05791343770660666,0.0355957804857931,0.024175218756174933,0.025163687586970677,0.10181160424112141,0.08125104514647673,0.06624858280280316,0.1072148531593157,0.10884583802388555,0.08137604045163893,0.06399936768481014,0.09665377082749971,0.0794698946937746,0.02139720170624013,0.01013578776460552,0.010062973624097329,0.04902270067452132,0.029638044681042794,0.02990859954665048,0.06364533342638877,0.010759913151403842,0.03418563463037699,0.035684241094578885,0.049314176147994666,-0,0.026323861815248883,0.056336105875005114,0.044099094042913775,0.030980426887232786,0.032265608213284745,0.016705082979971943,0.016668671297279614,0.016736293013998777,-0,0.018119956679774157,-0,0.03964951234941883,0.07813667580033348,-0,-0,-0,0.011352839207489517
bremen,2021,44,2021-11-01,2021.8328767123287,2021-11-07,2021.849315068493,female,-0,0.015581534230392942,0.03171927218930691,0.015248635559227649,0.03191178994279369,0.015878023903695297,0.03310853791032595,0.10103529155703013,0.07111180176905786,0.10893963423618477,0.07793357123487915,0.1611843535848693,0.12846335049044372,0.08927218619773881,0.08630838671177357,0.107881831202662,0.1317162782568199,0.017927489980436632,0.08340204792563059,0.04920487265398107,0.0849437414608653,0.08993372513626002,0.06128690201114807,0.049714957591732806,0.05750218156185419,0.05752821033535973,0.045514713315881195,0.01147246545947112,0.06776894071984013,0.05687228921567053,0.11255612832882134,0.0904754640782031,0.03261422562853843,0.032817153259869586,0.10244204118994824,0.046326629994750346,0.03640233866439973,0.11123248315344797,0.10774635059522392,0.07033594726639412,0.02517409262196741,0.02534577599999638,0.08167290550559564,0.013459341713950376,0.09334573283003153,0.14759286016632991,0.040705928272291775,0.07039322471983507,0.02700541121156181,0.07707429146653796,0.036282655047440146,0.04719581125834835,0.05526375577948777,0.0418404283847239,0.020762544479663175,0.030637023489394902,0.030179155819956553,0.03069425723155213,0.06126087135614934,0.010447849521625597,0.010983559904755745,0.022604112229445653,0.02283301221295963,0.04785161033081124,-0,-0,0.026032515180490018,-0,0.027801430594386087,0.02757771149752676,0.02770257785150514,0.014099111220887492,0.014229146636033727,0.030897177370417774,0.047726695584121286,0.06786266286791266,0.02113189323487207,0.017422918501815595,-0,0.0166634696304082,0.010401040138686323
bremen,2021,44,2021-11-01,2021.8328767123287,2021-11-07,2021.849315068493,male,0.030116719631940177,-0,-0,0.0740226611087089,0.029664059510800134,0.0753505669856915,0.015113396082826297,0.07889702301221904,0.10206169401694025,0.034008718661960216,0.05323363897643907,0.06910189381982798,0.09914405480310667,0.05185424585827647,0.08151666052909237,0.0662850292191406,0.06483760546511605,0.03253097349605066,0.11184740073735673,0.06125045909779729,0.026864938467750194,0.024591413868446203,0.03394107448015803,0.0711274231195362,0.04168950721766337,0.09375727255210449,0.02149604246322626,0.041444911773675035,0.06253638877551028,0.02094461748183015,0.040711132344735924,0.06773770004135177,0.08208435285628438,0.09058485435712406,0.021522053219978347,0.03269227462379457,0.10235346694225979,0.011961375610928578,0.046493178572735924,0.10429171436361304,0.09497628273953139,0.06045913356343741,0.025163687586970677,0.03815599542268296,0.04060705099475553,0.05299419452759971,0.1206342208488486,0.027187506073877092,0.08137604045163893,0.08962118600626241,0.04830442880300376,0.04539500872399343,0.02139720170624013,0.03041849523516744,0.02013309701238007,0.06864889420688888,0.029638044681042794,0.07979799677198164,0.04242330045281737,0.03228642112769874,0.03418563463037699,0.02379024124304235,0.012325460624785496,0.03882208826478198,0.05265585099048706,0.028160423714738265,-0,-0,0.032265608213284745,-0,-0,0.016736293013998777,0.03329065414601013,0.05438402876712825,0.019503657164320395,0.019820977127133783,0.026032515180490018,0.04309985658196719,0.06169818808960519,0.044557084296413356,0.011352839207489517
bremen,2021,45,2021-11-08,2021.8520547945207,2021-11-14,2021.868493150685,female,0.03174528806028686,0.031167738787361735,0.03171927218930691,0.061016183836080075,0.01595084618731619,0.11123248315344797,0.09939413174985563,0.25295987948659204,0.12450693858363182,0.18169305722242785,0.3124323187372153,0.2150219497852643,0.09172565240791679,0.1250229752396808,0.06903420397170902,0.08988684414700858,0.11287922793640039,0.053801022615627,0.08340204792563059,0.11488040571315093,0.056612005350090255,0.06422324353344092,0.11036223086493947,0.03728176151565438,0.0344926372981892,0.05752821033535973,0.02274977573873999,0.08034483816950423,0.09037649211937324,0.05687228921567053,0.06750339555094702,0.011300827879420765,0.076126496312046,0.09851365783685564,0.07965738134211106,0.10429171436361304,0.09712785335583277,0.08649068936152009,0.09576292414192242,0.07033594726639412,0.06296330363483373,0.06339022199911475,0.05443608320566157,0.04038848083788758,0.13340016534930899,0.08045420713909408,0.054279920046388146,0.0844853953650918,0.09458036176743949,0.07707429146653796,0.07259064375417251,0.04719581125834835,0.03315016442224681,0.052307099187108505,0.010380235982015222,0.05107347351826374,0.05030312296570727,0.020460824908193256,0.05104744797549693,0.052265457337048,0.04395857511471766,0.03390985411824286,0.04567605472355983,0.03588197711718898,0.023961920052196124,0.025486244639998552,0.052078069424449425,0.013272093591183011,0.041705119731877474,0.02757771149752676,0.0692893430898671,0.014099111220887492,-0,0.030897177370417774,0.047726695584121286,0.03392026090346713,-0,0.017422918501815595,0.017100411461730233,0.05000643694554887,0.02080416110966395
bremen,2021,45,2021-11-08,2021.8520547945207,2021-11-14,2021.868493150685,male,0.030116719631940177,0.030012659485178096,0.04254820246029053,0.014796104845729624,0.04449983529412531,0.030127125658070207,0.07561615223036772,0.14209677224306433,0.15316775908601066,0.08506353712912064,0.19545527446454972,0.27696548721174485,0.11568298302061415,0.03456548565492474,0.08151666052909237,0.09945665117446231,0.06483760546511605,0.11394755544817609,0.04790365823049482,0.09189755565383419,0.067190991206005,0.07380915783799025,0.0792251214758117,0.06095891671041996,0.052119711124449006,0.031235379361559235,0.07527766146953588,0.010359431833667443,0.09383541337359108,0.03141748903711387,0.05089650008429897,0.08711052315131129,0.09235075784437298,0.04023756388479322,0.09692467460015795,0.06541032227748332,0.045462667807286986,0.07180435281479132,0.02323879193279972,0.0810948014375407,0.05933984498241495,0.16945781522420308,0.07552762366475863,0.012715554539894168,0.05415498985663954,0.06624858280280316,0.053582396993984635,0.040789193493936525,0.0678053882017954,0.0511931911827709,0.024149206672257714,0.09082968105333036,0.03209390198722579,0.05070911710481969,0.010062973624097329,0.04902270067452132,0.06917999760022556,0.019940622861716432,0.0318129293857595,0.03228642112769874,0.06838855138746201,0.02379024124304235,0.03697994607979251,0.025876437297627643,0.05265585099048706,0.014078305584640034,0.029393505917522614,0.015487906263722354,0.032265608213284745,-0,0.050022051957037725,0.050219842508455105,0.03329065414601013,0.018119956679774157,-0,0.019820977127133783,0.026032515180490018,0.021548063989735425,0.04112225571382718,0.022276370825420815,0.017032789271509446
bremen,2021,46,2021-11-15,2021.8712328767124,2021-11-21,2021.8876712328768,female,0.015872822315913367,0.09355410696579278,0.06345269815129845,0.045754123326343904,0.01595084618731619,0.07942823108594334,0.09939413174985563,0.18538245626809655,0.2314672005537744,0.32750075313916066,0.2732748122565988,0.4129134686571034,0.25724484927415264,0.23242305463015644,0.06903420397170902,0.1799293351666271,0.11287922793640039,0.17955885677536856,0.06671197485566142,0.08203227073319118,0.07077854741006565,0.11565692512126684,0.04902270067452132,0.13682545380281394,0.1381132537880099,0.1266493060814581,0.10246288221133121,0.06885716940090322,0.14694101672046583,0.1024159899249628,0.11255612832882134,0.10179597367007145,0.08701155759678342,0.10947114930164314,0.07965738134211106,0.13909867693518824,0.194437465875665,0.13598084117108872,0.15570769138273735,0.12901591682121352,0.12599772511798038,0.0887721308530709,0.20442851062648812,0.17524376063421856,0.16012548724689815,0.12072803832714196,0.14940763536093613,0.11267598762643342,0.0675398428467844,0.03852546774225384,0.08469894247523975,0.059001460154266876,0.13273807320730938,0.01045825161244615,0.10389572245900044,0.061297314276797306,0.07044008813775385,0.051167165580086396,0.020414006510905577,0.041809203279738597,0.08794913356826306,0.14710267313310033,0.06852392949089309,0.03588197711718898,0.047934886995305216,0.06373384176502035,0.052078069424449425,0.05311391661419813,0.041705119731877474,0.05517005633626596,0.05541992189338195,0.056429807419365687,0.014229146636033727,0.061812724032313145,0.015904031850427058,0.06786266286791266,0.02113189323487207,0.017422918501815595,0.017100411461730233,-0,0.026006502167476627
bremen,2021,46,2021-11-15,2021.8712328767124,2021-11-21,2021.8876712328768,male,0.030116719631940177,0.06004785728494358,0.05673694144297411,0.0740226611087089,0.07418929841689864,0.15081047912832535,0.13618417258791057,0.23704587558764129,0.2896966665940777,0.3239896270330848,0.4810708338118442,0.29432458223049435,0.18190700390705228,0.259784644372525,0.14682107841648812,0.03312935116212396,0.12975615639058374,0.0813656241647382,0.09585148716430554,0.19932312879943578,0.0940958836265823,0.11075827201674351,0.06789911041556487,0.0711274231195362,0.08341767296866587,0.08333433946005508,0.08603753824087862,0.09329363942655759,0.18784046145764108,0.10479712946457659,0.1222343532377752,0.1258726225072717,0.08208435285628438,0.10066016474883842,0.11848688928687505,0.06541032227748332,0.06821151901477014,0.08378225863909303,0.06975276224102595,0.06950282780375933,0.07121594419424157,0.0967683837898426,0.21427527396621512,0.08907424704880089,0.12192161990939511,0.09277270826209914,0.16090789871730515,0.0543944396506662,0.0678053882017954,0.15373101878705006,0.0724760840694246,0.06810738260648591,0.08563126817966449,0.08115729886478183,0.060417485184679445,0.09809687065089488,0.059292991567180445,0.04986069706441244,0.07426220240715245,0.021522053219978347,0.05698681452927201,0.02379024124304235,0.06164612638086032,0.051765757737381596,0.0394881896392975,0.04224635645579311,0.058808842081718965,0.030980426887232786,0.06455645588372355,0.0501365621845861,0.050022051957037725,0.050219842508455105,0.03329065414601013,0.03625143327962272,0.058527725094200844,-0,0.026032515180490018,0.021548063989735425,0.04112225571382718,0.044557084296413356,0.045431440527134145
bremen,2021,47,2021-11-22,2021.890410958904,2021-11-28,2021.9068493150685,female,0.06350996802340467,0.015581534230392942,0.12698291869506148,0.07627751745985958,0.07981362073210324,0.047643419253039575,0.13256603489670132,0.15162925673569488,0.19578932880519256,0.30925176294174567,0.626747918520507,0.3768804649415259,0.33097548390366677,0.3041465406569775,0.259350884574048,0.2159931665435603,0.18826840629571517,0.1615755658146437,0.10009747961053914,0.06561337793470598,0.07077854741006565,0.1671415306133554,0.11036223086493947,0.09947228104236171,0.2073102971420992,0.17277591618240015,0.1480674073345667,0.17231679525249685,0.14694101672046583,0.1822148799492145,0.18020589117927935,0.16977083457170658,0.09789889790781406,0.10947114930164314,0.20508107510701898,0.16232148528855775,0.06068299417076155,0.14835943851370634,0.16770494169829805,0.09379894764228318,0.0881679037273731,0.0887721308530709,0.20442851062648812,0.1347504423802544,0.14675850201988772,0.12072803832714196,0.2583370504822163,0.12677962325390918,0.10810589605881395,0.141392856077664,0.060485163817097586,0.10625608720971026,0.13273807320730938,0.06277587716743335,0.12469980016890982,0.11243105805195515,0.10066016474883842,0.1126342974046232,0.08169894638065303,0.06272381437970986,0.06594659919302567,0.07915741844873117,0.04567605472355983,0.0837666334865003,0.059928119232955934,0.07649103086551562,0.026032515180490018,0.02655277817343493,0.055612527413104636,0.05517005633626596,0.1247831999948895,0.04231401144238253,0.04269912611958655,-0,-0,-0,0.04227758182328256,0.017422918501815595,0.06844582669590007,0.03333228080372293,0.032942032195842894
bremen,2021,47,2021-11-22,2021.890410958904,2021-11-28,2021.9068493150685,male,0.015056179487153957,0.06004785728494358,0.08513124784629891,0.08883984639949259,0.11875790682744561,0.12061337254332412,0.1513372071927819,0.30044347584020925,0.3067880121523086,0.28979078958849896,0.3202223634252179,0.3116894741494672,0.19847228055863197,0.1730472168191265,0.08151666052909237,0.23236559842431742,0.1622484577347036,0.24447459106562372,0.09585148716430554,0.12256793752780443,0.1479370368019565,0.1354021330287262,0.12454863832524499,0.11181613356609758,0.1774195261447253,0.08333433946005508,0.09680485160356955,0.12442875165824058,0.13559503502723913,0.02094461748183015,0.14263384061485196,0.184072611361512,0.071814767186624745,0.10066016474883842,0.19403034801815464,0.1090594851981071,0.159301359895532,0.07180435281479132,0.06975276224102595,0.17393417108642378,0.19012635399035077,0.12098864332163896,0.12594038638404215,0.05088088481022107,0.12192161990939511,0.13258688799494597,0.14747813512735192,0.14972053403722843,0.13569930667574084,0.15373101878705006,0.09665377082749971,0.13630408636028368,0.06421283068189924,0.04056021445523075,0.07049736570589926,0.09809687065089488,0.0790740917671748,0.04986069706441244,0.10612061083790783,0.15085219996856822,0.0912099460798259,0.11904977345081677,0.07398620926872651,0.10358309940124799,0.09218927155340594,0.014078305584640034,0.029393505917522614,0.030980426887232786,0.032265608213284745,0.06685776197343135,0.06671197485566142,0.10048302247453074,0.04994397694647196,0.05438402876712825,0.03900942841394738,0.05948561143312352,0.026032515180490018,0.12940688711173642,0.04112225571382718,0.022276370825420815,0.03407115952325587
bremen,2021,48,2021-11-29,2021.9095890410958,2021-12-05,2021.9260273972602,female,0.04762780495580498,0.06234896384685358,0.04758096209224422,0.030496540934826247,0.09579418166201177,0.0953253208335256,0.18237142778837648,0.20226727554176188,0.2850273341332346,0.32750075313916066,0.41045004281952363,0.3228698840667819,0.09172565240791679,0.1429049840358806,0.32873048823445716,0.3062544764026445,0.16941086248459503,0.17955885677536856,0.1502159607919716,0.1970942491378699,0.11329092228061433,0.141392856077664,0.12264090937650445,0.16174248392847396,0.1381132537880099,0.1843178786142532,0.11385896160040203,0.1493085511726214,0.045166009402983244,0.17080902889617888,0.1689204697379872,0.13577229695409956,0.1850745614711713,0.14236269860763237,0.1138329046150801,0.10429171436361304,0.20661593904758416,0.17312547688122523,0.09576292414192242,0.17601074671956166,0.12599772511798038,0.15227072845396009,0.17712733171944015,0.2428027763347005,0.13340016534930899,0.09387708852638955,0.12220829205524217,0.0844853953650918,0.1622484577347036,0.11565692512126684,0.09681006129332928,0.08262601002876294,0.11059151747992363,0.052307099187108505,0.09349680399522103,0.09197048447530654,0.0805114957387767,0.051167165580086396,0.08169894638065303,0.12552859187972495,0.07694930650129,0.022604112229445653,0.011415252869842006,0.05981879342628361,0.13193523262739154,0.025486244639998552,0.026032515180490018,0.02655277817343493,0.041705119731877474,0.08278225833857573,0.02770257785150514,0.04231401144238253,0.04269912611958655,0.030897177370417774,-0,0.06786266286791266,0.02113189323487207,0.017422918501815595,0.06844582669590007,0.05000643694554887,0.032942032195842894
bremen,2021,48,2021-11-29,2021.9095890410958,2021-12-05,2021.9260273972602,male,0.030116719631940177,0.1201599239661604,-0,0.14815084464696726,0.17823350498711213,0.10552139265730397,0.22717390877955052,0.284588135184654,0.3923238659317602,0.40958525078610863,0.33806695763532085,0.20758699881598439,0.29799583199366086,0.13838958749545893,0.13049119343191662,0.09945665117446231,0.1135202218096395,0.0813656241647382,0.09585148716430554,0.12256793752780443,0.12100949177762094,0.11075827201674351,0.10188454696815752,0.12199459085112532,0.15651611475307264,0.09375727255210449,0.16143994524168673,0.10366646536620767,0.11470842647313338,0.10479712946457659,0.17325069322556805,0.08711052315131129,0.11290007314131235,0.12081143178328395,0.09692467460015795,0.1090594851981071,0.22772230221528744,0.2157164201354019,0.10466165689376594,0.17393417108642378,0.10686052455340338,0.10887710340918673,0.11333261302886727,0.1400424065552753,0.20336354298206977,0.13258688799494597,0.13405705249827263,0.16334909817165422,0.10853318520480094,0.12807760011724797,0.1692647875658148,0.14768151150617576,0.10706374213504845,0.06085479482533826,0.1007383159440476,0.08827728915207608,0.11865366914468414,0.04986069706441244,0.08488123948264159,0.09692467460015795,0.05698681452927201,0.035684241094578885,0.06164612638086032,0.051765757737381596,0.0394881896392975,0.014078305584640034,0.044099094042913775,-0,0.032265608213284745,0.033420737562001555,0.050022051957037725,-0,0.03329065414601013,0.05438402876712825,0.03900942841394738,0.019820977127133783,0.10420834739624837,-0,0.08227705716529682,0.08915758975652173,0.03690709434049092
bremen,2021,49,2021-12-06,2021.9287671232876,2021-12-12,2021.945205479452,female,0.06350996802340467,0.046753411793750844,0.015857217555683697,0.10682404968691223,0.047872429484433175,0.0953253208335256,0.3487138343501179,0.4392479679466341,0.4281316412533001,0.3457561499242815,0.37121868440708394,0.4850597178276146,0.18361860907393715,0.17869267816032547,0.13816017827633545,0.25207680154795964,0.2637670419840723,0.1975483690945011,0.233859480409152,0.16419415545429336,0.12746770333905977,0.18001804165196894,0.1349224879179776,0.13682545380281394,0.10355183719884298,0.1266493060814581,0.11385896160040203,0.1148178677418827,0.13562110291976545,0.11381205903622132,0.1914885432127796,0.15843551864678102,0.11968041942744989,0.10947114930164314,0.15943697489097775,0.16232148528855775,0.10928355512876729,0.13598084117108872,0.14371320839055748,0.11727775131480246,0.1891138686449099,0.20312340623262232,0.2317492540276147,0.17524376063421856,0.10669378251546179,0.13416132106281156,0.10861655910608663,0.14088187105274674,0.0810583446396743,0.051370165626479544,0.12104076447726671,0.07081499700155552,0.06632668229765398,0.0732467631743204,0.062312520189175706,0.061297314276797306,0.07044008813775385,0.1331342848147873,0.0919183924495323,0.11505759704020198,0.06594659919302567,0.12444438903391158,0.05710134009509994,0.07178873126095485,0.047934886995305216,0.05097978162525814,0.06510834353574167,0.02655277817343493,0.013896256622574928,0.02757771149752676,0.02770257785150514,-0,0.04269912611958655,0.046352653174895925,0.07957405385939284,0.06786266286791266,0.02113189323487207,0.0348516766158437,0.017100411461730233,0.03333228080372293,0.04161144471692278
bremen,2021,49,2021-12-06,2021.9287671232876,2021-12-12,2021.945205479452,male,0.1205821001007099,0.015004164454808108,0.04254820246029053,0.11848688928687505,0.10389572245900044,0.18102513177317275,0.2727259382148915,0.22120985079920594,0.2896966665940777,0.40958525078610863,0.28454107837446674,0.38120708834445693,0.3810761319898417,0.1730472168191265,0.19585718385536144,0.1658686613776363,0.12975615639058374,0.1954865919678229,0.17586465325968373,0.1532564199306483,0.1479370368019565,0.12307874261917741,0.13588699616994152,0.1321750408529899,0.12517413846223166,0.14591894264814123,0.09680485160356955,0.09329363942655759,0.08340204792563059,0.13627801812537751,0.14263384061485196,0.1064905663796164,0.11290007314131235,0.13089260102519173,0.12927135041146162,0.08723032381142756,0.09097032669798226,0.13172149144540227,0.11630316487883224,0.150706177174165,0.10686052455340338,0.0967683837898426,0.13855121732574419,0.06360888886015278,0.17620379942109576,0.10604245155319418,0.09380415703090686,0.16334909817165422,0.13569930667574084,0.14090272748608468,0.04830442880300376,0.14768151150617576,0.10706374213504845,0.14210198647243283,0.12090524958129899,0.04902270067452132,0.0790740917671748,0.02990859954665048,0.1167461564490143,0.08614691918430457,0.0912099460798259,0.07139819394017767,0.07398620926872651,0.07766797415396379,0.05265585099048706,0.04224635645579311,0.044099094042913775,0.04647756462089169,0.032265608213284745,0.016705082979971943,0.06671197485566142,0.016736293013998777,0.06660263478556433,0.09067340856098663,0.03900942841394738,0.03964951234941883,0.026032515180490018,0.04309985658196719,0.04112225571382718,0.044557084296413356,0.01987299697791034
bremen,2021,50,2021-12-13,2021.9479452054795,2021-12-19,2021.964383561644,female,0.06350996802340467,0.06234896384685358,0.12698291869506148,0.07627751745985958,0.20777494796248724,0.20676211892855823,0.2155963230957883,0.2698666595286411,0.2850273341332346,0.3640179577969438,0.4693526327012963,0.26892057085189913,0.2756690163048101,0.17869267816032547,0.36345765215846854,0.2159931665435603,0.24488210405384653,0.2515542772854981,0.26735250598053584,0.14774930380921703,0.22682920729435152,0.33482203044986997,0.22096440947757812,0.24904100894744238,0.25349286869486953,0.26515729459663234,0.26225139539535786,0.17231679525249685,0.1922348919030676,0.15940567909140477,0.14636740124720357,0.2718947971233982,0.22871464789551982,0.15332943485738876,0.1708455486719115,0.26693436333398374,0.07283017845600713,0.22269819000808183,0.227727525037713,0.17601074671956166,0.2776032791166566,0.19040818331559256,0.24540978587336937,0.2969132570402171,0.1868593329269651,0.1879187437867746,0.14940763536093613,0.11267598762643342,0.12163494934394165,0.18001804165196894,0.14528276382853486,0.10625608720971026,0.16597299374926988,0.0837197580569043,0.12469980016890982,0.07151795840673199,0.0805114957387767,0.09213717930845708,0.07147630116968709,0.08365204917764194,0.08794913356826306,0.03390985411824286,0.06852392949089309,0.13169021232173014,0.10792351761442036,0.06373384176502035,0.039056263556700985,0.02655277817343493,0.055612527413104636,0.02757771149752676,0.0692893430898671,0.04231401144238253,0.014229146636033727,0.046352653174895925,0.047726695584121286,0.06786266286791266,0.04227758182328256,0.017422918501815595,0.05132331939158956,0.0166634696304082,0.057226277363680585
bremen,2021,50,2021-12-13,2021.9479452054795,2021-12-19,2021.964383561644,male,0.045186827481403145,0.09009520442276187,0.08513124784629891,0.11848688928687505,0.2675824858693586,0.15081047912832535,0.2879240486837162,0.284588135184654,0.4094489818379736,0.35821097082798004,0.33806695763532085,0.3986010229362224,0.21504805752537864,0.20772273979809266,0.27768169669418297,0.19910911044676197,0.1622484577347036,0.1954865919678229,0.20790546860279632,0.1072304853593004,0.21531957879963545,0.18472492043780275,0.18126516649391566,0.22387322473818755,0.20879301764517008,0.1250490378329057,0.20457468435838436,0.1867497399319644,0.16693286139028962,0.22031686772101713,0.224311911177618,0.14526712018511873,0.1951629786768679,0.18132778442937425,0.18323244932823352,0.13089781413119814,0.13651263271001118,0.16770494169829805,0.17455504807517533,0.150706177174165,0.16632250871950335,0.15733498220543785,0.15116510733735458,0.1783013371324538,0.16262924539236664,0.13258688799494597,0.21465644279996343,0.10884583802388555,0.16287962783750962,0.15373101878705006,0.0724760840694246,0.1932056831511587,0.10706374213504845,0.08115729886478183,0.1410852216346179,0.10791309600835212,0.06917999760022556,0.08978266432221575,0.09550244553853429,0.07537139715193886,0.06838855138746201,0.059490817385352036,0.08632922126796908,0.10358309940124799,0.05265585099048706,0.056336105875005114,0.058808842081718965,0.015487906263722354,-0,0.0501365621845861,0.06671197485566142,0.06696710257998466,0.03329065414601013,-0,0.019503657164320395,0.07932928015113494,0.026032515180490018,0.06466579165141338,0.020559663885343877,0.022276370825420815,0.06247391372423515
bremen,2021,51,2021-12-20,2021.9671232876713,2021-12-26,2021.9835616438356,female,0.09529406359527,0.09355410696579278,0.03171927218930691,0.16796578223082653,0.1597551499224544,0.14305619925017832,0.19897861188352514,0.3206252383057519,0.30289646528073344,0.2545484124652544,0.2732748122565988,0.26892057085189913,0.20201148313115766,0.17869267816032547,0.17275504696128002,0.2340318541691008,0.16941086248459503,0.35973988917474536,0.1502159607919716,0.23001517169591112,0.2836888346260953,0.2702639173639555,0.20866249477708576,0.27401188079770333,0.18423438324939762,0.31141221797356333,0.23939662013614563,0.241407897050602,0.14694101672046583,0.26213641711208463,0.32708212655035185,0.24918208316227164,0.2614726838102426,0.18624352766674024,0.1708455486719115,0.0810948014375407,0.2553479227501496,0.27231820696286185,0.14371320839055748,0.2465853339312577,0.30291215641720526,0.27950101769031416,0.19077351989949093,0.10777240453078224,0.13340016534930899,0.1072982249468864,0.14940763536093613,0.12677962325390918,0.12163494934394165,0.11565692512126684,0.18167218442227487,0.15354848025274248,0.08845438985135287,0.0837197580569043,0.10389572245900044,0.1022023700444088,0.11073221658511764,0.12288067474324074,0.10213984731854842,0.08365204917764194,0.06594659919302567,0.03390985411824286,0.04567605472355983,0.03588197711718898,0.059928119232955934,0.08924614152983328,0.052078069424449425,0.05311391661419813,0.055612527413104636,0.04137205377871471,0.013849444135345498,-0,0.05693996323413307,0.030897177370417774,0.015904031850427058,0.016959965472689884,0.06342666641209678,0.05228627825790987,0.0342116517353205,0.0666859414847871,0.03641274594845814
bremen,2021,51,2021-12-20,2021.9671232876713,2021-12-26,2021.9835616438356,male,0.1356732387440163,0.09009520442276187,0.09933161240042153,0.11848688928687505,0.16335953089388777,0.18102513177317275,0.22717390877955052,0.22120985079920594,0.2213874048178564,0.3239896270330848,0.24888948521707127,0.29432458223049435,0.21504805752537864,0.19038208794353367,0.14682107841648812,0.0662850292191406,0.1622484577347036,0.09765403792609657,0.2720411606286217,0.23005695613241506,0.1479370368019565,0.17238983694746182,0.24940153270163945,0.1932891929223062,0.20879301764517008,0.18768911595547882,0.26934918347886644,0.14519411657805653,0.18784046145764108,0.1992918089854866,0.21409774423023586,0.15496186677437282,0.1951629786768679,0.24190942237275911,0.24805350015988342,0.24023769010938212,0.18209486025835792,0.227727525037713,0.19787199723091475,0.150706177174165,0.16632250871950335,0.15733498220543785,0.18901992770505413,0.1400424065552753,0.14905301913722382,0.11931037003457243,0.2550030344529518,0.17698645285103334,0.08137604045163893,0.20507585455868244,0.18137474793045935,0.11356191274172689,0.11777808085878183,0.1014625226068714,0.16127302809899607,0.17670469625922552,0.0790740917671748,0.1297405174174775,0.12737387370040518,0.07537139715193886,0.07979799677198164,0.09521592058183459,0.012325460624785496,0.09062652690485784,0.0790063889367317,0.04224635645579311,0.08823561848696099,0.030980426887232786,0.06455645588372355,0.06685776197343135,0.0333426874733578,0.050219842508455105,0.03329065414601013,0.03625143327962272,-0,0.019820977127133783,0.052078069424449425,0.06466579165141338,0.04112225571382718,0.0668525552836129,0.02270815755159101
bremen,2021,52,2021-12-27,2021.986301369863,2022-01-02,2022.0027397260274,female,0.04762780495580498,0.15601541234542157,0.04758096209224422,0.030496540934826247,0.11177444403365652,0.20676211892855823,0.2155963230957883,0.16850311785175465,0.2671695681589378,0.32750075313916066,0.332022135057792,0.3228698840667819,0.2756690163048101,0.17869267816032547,0.294031730164129,0.3062544764026445,0.4340460701935122,0.35973988917474536,0.3679664509504061,0.5603863287993238,0.42611312932081025,0.43827781649154096,0.7278019486404758,0.7129386631750588,0.5662895355633146,0.4504191238956066,0.4569446088341065,0.3683068523289534,0.38518831893953775,0.35362448549124986,0.4063410985463516,0.3856074135762473,0.5023151655729746,0.329112496971446,0.4453734501755899,0.24367002351714856,0.27973627936337603,0.2474996674607611,0.2157164201354019,0.28190596496488746,0.3155712158403902,0.317731933449268,0.2727520749426523,0.3375331008593021,0.26714866102030527,0.349535734050885,0.3128874470722906,0.3954413909322161,0.21644222988700165,0.2831712210078654,0.30313706322697626,0.1890460223935492,0.2769184372990719,0.2620684755187338,0.16633294203830723,0.2661399015687478,0.22170595913561209,0.2563355700738581,0.2557293927734224,0.12552859187972495,0.25325772572367383,0.14710267313310033,0.0913870567673935,0.09574208580563454,0.14394264210943358,0.08924614152983328,0.07813667580033348,0.039831651494615566,0.09736750111370511,0.08278225833857573,0.04155940311487037,0.02820724908706472,0.14246698382770653,0.046352653174895925,0.12737387370040518,0.05089129499242058,0.04227758182328256,0.017422918501815595,0.017100411461730233,0.05000643694554887,0.07457985670044144
bremen,2021,52,2021-12-27,2021.986301369863,2022-01-02,2022.0027397260274,male,0.15076875832155606,0.1051253913883346,0.07092955302685955,0.11848688928687505,0.13361912681028806,0.12061337254332412,0.16649465874745234,0.1262896323800833,0.35809054423792935,0.35821097082798004,0.28454107837446674,0.3116894741494672,0.4809448740372214,0.259784644372525,0.2613054452594258,0.41567054745656085,0.3087025090242184,0.4244931335642483,0.41664551905267794,0.35316900046840866,0.41799792927336876,0.46925293699016446,0.5456969288056708,0.5409782812927568,0.3554517011477374,0.5020158893640039,0.4424627072591327,0.4368042697166954,0.37635668508418335,0.37825803115098494,0.4085684833968138,0.4077666138595435,0.4117184304845727,0.3936756437372873,0.46472485434364075,0.2511832882465024,0.2619639501638503,0.2397414049394996,0.267890869589373,0.197167325644753,0.35706431156803226,0.3029958425583703,0.2521813070305255,0.47255873879453014,0.23053747956546553,0.14586158194352436,0.3088437451917642,0.16334909817165422,0.2581332408602985,0.17939709943235346,0.2419721133781388,0.2045903458540276,0.19287164540770493,0.15227072845396009,0.20166694840362362,0.2652827327506952,0.17808218744328708,0.2297592427549641,0.15926484822641365,0.2696837128619645,0.14829686026582328,0.14288934110777754,0.17279678541189578,0.1943904905755905,0.18453705458486036,0.22571677717836713,0.07351754503089716,0.06197932221751342,0.12919315632200312,0.06685776197343135,0.16693286139028962,0.13402055855007317,0.06660263478556433,0.05438402876712825,0.09758110113313928,0.019820977127133783,0.10420834739624837,-0,0.10286928379782258,0.08915758975652173,0.08237080546573021
