State,week_end_num,A00,A01,A02,A03,A04,A05,A06,A07,A08,A09,A10,A11,A12,A13,A14,A15,A16,A17,A18,A19,A20,A21,A22,A23,A24,A25,A26,A27,A28,A29,A30,A31,A32,A33,A34,A35,A36,A37,A38,A39,A40,A41,A42,A43,A44,A45,A46,A47,A48,A49,A50,A51,A52,A53,A54,A55,A56,A57,A58,A59,A60,A61,A62,A63,A64,A65,A66,A67,A68,A69,A70,A71,A72,A73,A74,A75,A76,A77,A78,A79,A80+
bavaria,2020.0109289617487,-0,-0,-0,-0,-0,-0,-0,-0,-0,-0,-0,-0,-0,-0,-0,-0,-0,-0,-0,-0,-0,-0,-0,-0,-0,-0,-0,-0,-0,-0,-0,-0,-0,-0,-0,-0,-0,-0,-0,-0,-0,-0,-0,-0,-0,-0,-0,-0,-0,-0,-0,-0,-0,-0,-0,-0,-0,-0,-0,-0,-0,-0,-0,-0,-0,-0,-0,-0,-0,-0,-0,-0,-0,-0,-0,-0,-0,-0,-0,-0,-0
bavaria,2020.0300546448088,-0,-0,-0,-0,-0,-0,-0,-0,-0,-0,-0,-0,-0,-0,-0,-0,-0,-0,-0,-0,-0,-0,-0,-0,-0,-0,-0,-0,-0,-0,-0,-0,-0,-0,-0,-0,-0,-0,-0,-0,-0,-0,-0,-0,-0,-0,-0,-0,-0,-0,-0,-0,-0,-0,-0,-0,-0,-0,-0,-0,-0,-0,-0,-0,-0,-0,-0,-0,-0,-0,-0,-0,-0,-0,-0,-0,-0,-0,-0,-0,-0
bavaria,2020.049180327869,-0,-0,-0,-0,-0,-0,-0,-0,-0,-0,-0,-0,-0,-0,-0,-0,-0,-0,-0,-0,-0,-0,-0,-0,-0,-0,-0,-0,-0,-0,-0,-0,-0,-0,-0,-0,-0,-0,-0,-0,-0,-0,-0,-0,-0,-0,-0,-0,-0,-0,-0,-0,-0,-0,-0,-0,-0,-0,-0,-0,-0,-0,-0,-0,-0,-0,-0,-0,-0,-0,-0,-0,-0,-0,-0,-0,-0,-0,-0,-0,-0
bavaria,2020.068306010929,-0,-0,-0,-0,-0,-0,-0,-0,-0,-0,-0,-0,-0,-0,-0,-0,-0,-0,-0,-0,-0,-0,-0,-0,-0,-0,-0,-0,-0,-0,-0,-0,-0,-0,-0,-0,-0,-0,-0,-0,-0,-0,-0,-0,-0,-0,-0,-0,-0,-0,-0,-0,-0,-0,-0,-0,-0,-0,-0,-0,-0,-0,-0,-0,-0,-0,-0,-0,-0,-0,-0,-0,-0,-0,-0,-0,-0,-0,-0,-0,-0
bavaria,2020.0874316939892,-0,-0,-0,-0,8.268065731274711e-4,-0,-0,-0,-0,-0,-0,-0,-0,-0,-0,-0,-0,-0,-0,-0,-0,-0,-0,-0,-0,-0,-0,-0,-0,-0,-0,-0,-0,6.084035591650503e-4,-0,-0,-0,-0,-0,-0,-0,-0,-0,-0,-0,-0,-0,-0,-0,-0,-0,-0,-0,-0,-0,-0,-0,-0,-0,-0,-0,-0,-0,-0,-0,-0,-0,-0,-0,-0,-0,-0,-0,-0,-0,-0,-0,-0,-0,-0,-0
bavaria,2020.1065573770493,-0,-0,-0,-0,-0,-0,-0,-0,-0,-0,-0,-0,-0,-0,-0,-0,-0,-0,-0,-0,-0,-0,-0,-0,-0,-0,-0,-0,-0,-0,-0,-0,-0,-0,-0,-0,-0,-0,6.032034985870817e-4,-0,-0,-0,-0,-0,6.552041277961948e-4,-0,-0,-0,6.136036202688044e-4,-0,-0,-0,-0,-0,-0,-0,-0,-0,-0,-0,-0,-0,-0,-0,-0,-0,-0,-0,-0,-0,-0,-0,-0,-0,-0,-0,-0,-0,-0,-0,-0
bavaria,2020.1256830601094,-0,-0,-0,-0,-0,-0,-0,-0,-0,-0,-0,-0,-0,-0,-0,-0,-0,-0,-0,-0,-0,-0,-0,-0,-0,-0,-0,-0,-0,-0,-0,-0,-0,-0,-0,-0,-0,-0,-0,-0,-0,-0,-0,-0,-0,-0,-0,-0,-0,-0,-0,-0,-0,-0,-0,-0,-0,-0,-0,-0,-0,-0,-0,-0,-0,-0,-0,-0,-0,-0,-0,-0,-0,-0,-0,-0,-0,-0,-0,-0,-0
bavaria,2020.1448087431695,-0,-0,-0,-0,-0,-0,-0,-0,-0,-0,-0,-0,-0,-0,-0,-0,-0,-0,-0,-0,-0,-0,7.280050960454046e-4,-0,-0,-0,-0,-0,-0,-0,-0,-0,-0,-0,-0,-0,-0,-0,-0,-0,-0,-0,-0,-0,-0,-0,-0,-0,-0,-0,-0,-0,-0,-0,-0,-0,-0,-0,-0,-0,-0,-0,-0,-0,-0,-0,-0,-0,-0,-0,-0,-0,-0,-0,-0,-0,-0,-0,-0,-0,-0
bavaria,2020.1639344262296,-0,-0,-0,-0,-0,-0,-0,-0,-0,-0,-0,-0,-0,-0,-0,-0,-0,-0,-0,-0,-0,-0,-0,-0,-0,-0,-0,-0,-0,-0,-0,-0,-0,6.084035591650503e-4,-0,-0,-0,-0,-0,-0,6.084035591650503e-4,-0,-0,-0,-0,-0,-0,-0,-0,-0,-0,-0,-0,-0,-0,-0,-0,-0,-0,-0,-0,-0,-0,-0,-0,-0,-0,-0,-0,-0,-0,-0,-0,-0,-0,-0,-0,-0,-0,-0,-0
bavaria,2020.1830601092897,-0,-0,-0,-0,-0,-0,-0,-0,9.100079625930854e-4,-0,9.256082379355073e-4,9.412085179638691e-4,9.1520805385195e-4,-0,9.360084240991387e-4,9.204081456366061e-4,8.892076027462617e-4,-0,0.0017368290052038353,-0,7.800058500578373e-4,7.644056183968352e-4,-0,6.916045991804607e-4,-0,-0,-0,-0,6.240037440305762e-4,6.188036818867976e-4,-0,5.980034385291251e-4,5.876033199674743e-4,0.001216814236782445,6.084035591650503e-4,-0,-0,0.0012480149762408685,6.032034985870817e-4,0.0012116141153565736,-0,-0,6.448039977942706e-4,6.500040625323396e-4,0.001965637150774993,6.656042598781713e-4,0.00131041651131466,0.0013156166426210114,0.0012220143587225675,5.668030890843131e-4,-0,0.0015392227806076137,0.0014872212673678522,0.0014508202390348668,0.0028860800894626015,-0,4.784022006557077e-4,-0,-0,5.096024970536484e-4,-0,-0,-0,-0,-0,6.604041935742898e-4,-0,-0,6.968046686044236e-4,-0,-0,-0,-0,-0,-0,-0,-0,-0,-0,-0,1.9760037544086007e-4
bavaria,2020.2021857923498,-0,8.268065731274711e-4,8.216064907089019e-4,-0,8.268065731274711e-4,8.580070785765575e-4,0.0017576297041079169,-0,0.0036505281350378074,9.412085179638691e-4,9.256082379355073e-4,0.007514542938803311,0.004565800441571103,0.0027404722120779263,0.004680210612638647,0.008263456549009363,0.0053302731811678185,0.005299069992201008,0.005210661058478578,0.004196569333852543,0.007041276705191476,0.005361476388858467,0.006536810847169685,0.004846625856274117,0.004805021995434633,0.0034373136044640058,0.004035356573860712,0.010895141305903801,0.0062351738061373,0.009891340696323704,0.006464001746029936,0.004186168495544676,0.0029432832957010753,0.0018200318507435628,0.0024336569480174867,0.005044244649821531,0.006287180067692691,0.005626704410198463,0.006058352905907412,0.003634927042177917,0.004867427799176182,0.006354788285470629,0.007077681647160509,0.0039053466476019223,0.004586602272132791,0.005990745073540965,0.007212900226197233,0.007899399974617293,0.009782120037235744,0.007961809492070508,0.006599218729286997,0.008221849954368686,0.00594393970262619,0.005325072648370196,0.005293869462529797,0.0034217125755785886,0.0038325412308768125,0.006776041468690766,0.005501891055171599,0.005101450230224663,0.002662468159768038,0.0038689439265003588,0.0023296521845962968,0.0036037248705116445,0.001882434072264451,0.0019812377428207965,0.0013468174413623574,0.0028028755381770093,6.968046686044236e-4,0.003619325954004455,0.0021684452123986444,0.0014872212673678522,7.904060071005078e-4,8.164064088045757e-4,0.0018460327672737322,0.0011544128140282045,-0,0.0036505281350378074,0.003801338940633584,0.0046906115497633806,0.0021528445641883763
bavaria,2020.22131147541,0.004966237141599493,0.002485659407735331,0.002470058664356574,0.004092561044388847,0.002485659407735331,0.0034269129180184016,0.005278267876625255,-0,0.00912159998770908,0.0037701366691073185,0.004623005495636393,0.003759735916092501,0.0063911927468413045,0.009142403640825391,0.007488539187764362,0.00550709160564713,0.0071036851927475855,0.00883034971790915,0.01823959850057322,0.022676943933088355,0.021901811750174947,0.02450817457949941,0.030522556194074422,0.02285382135233424,0.019904208913349573,0.024065968091178745,0.02960162394125436,0.025642321351701185,0.030569383693521933,0.023498908803311888,0.033488381066920814,0.021532457526321044,0.02236480877856809,0.017610181572017453,0.023738217473380493,0.02269255073999475,0.023894288938503202,0.023134745548924536,0.02180817240292429,0.02059087623294949,0.020086278910162382,0.023514515856917325,0.026375888171802614,0.02149604246322626,0.02293705799310592,0.021313967530290846,0.02033077390869288,0.028316508453141574,0.026911762673521824,0.03526275366122372,0.030813927986886827,0.027234330570110758,0.022780989400960842,0.020814565272369745,0.027426831719842754,0.027848255643444543,0.029237417946343228,0.019368406621194236,0.024003539242806113,0.01989380493278631,0.019191541057124385,0.012715554539894168,0.01397427752827598,0.015019768959045821,0.006911259263350734,0.009912144657398491,0.011451660874139914,0.01191976605737966,0.01879099479765868,0.00941805283042896,0.01805753496950152,0.009657296707751815,0.015009365955698453,0.005699512338984012,0.006458801099852386,0.016153708800865068,0.00994855160930412,0.008221849954368686,0.02187059861569283,0.009386847188447992,0.011451660874139914
bavaria,2020.24043715847,0.009105997253326543,0.009105997253326543,0.0032917041835359632,0.009001979143776418,0.007452133958149193,0.004284976543460163,0.010551870523468895,0.00627677881122061,0.010036968598628295,0.012263045869935648,0.014796104845729624,0.01503537346797201,0.004565800441571103,0.006401594026198965,0.010291818409022912,0.010099380681609363,0.015987257367367187,0.035325196028371635,0.04517121392180975,0.057975907278971214,0.03833292550167652,0.052088479846323074,0.061791899296691585,0.04363590345745065,0.04325598616952369,0.05227066256647901,0.03969634806867859,0.04873643171051591,0.0561643201488651,0.03587156993935814,0.04583739663183136,0.044869352691096945,0.035319992494909205,0.04373478649448098,0.040185523657696176,0.0327807302933699,0.03835894468171295,0.04690955235147974,0.039384110737078704,0.048455369169999596,0.03835374084466644,0.05403005996703544,0.04246493442197401,0.05016779229040901,0.042600245051943264,0.04996479693782825,0.04853864680140423,0.05730436330897565,0.0526090035973233,0.05575307783719148,0.06274463948854418,0.06374425452064629,0.0416062405543761,0.05132852452671288,0.0625780388513977,0.05131290912290023,0.042657491962929006,0.04601435284877916,0.04501507858369407,0.03980042759584255,0.04425522663070616,0.031521551995200764,0.03028321629990475,0.027036627428381574,0.023873479382754605,0.027099059918251102,0.020205925255174728,0.02454459175201527,0.02157407477250906,0.028977272368875834,0.03033524661797259,0.023779836484946176,0.02133477606178936,0.03340512753490308,0.023077520126531876,0.03693311280709546,0.03256739628761064,0.015529518672543862,0.031381067050978005,0.03129261376229456,0.04082041798642933
bavaria,2020.25956284153,0.010765114227763857,0.00662002137330365,0.008232251599903536,0.0073637213637754466,0.005798323262531595,0.010286617380002059,0.008793943548885647,0.011654505936167873,0.010036968598628295,0.013204476379222639,0.012949612293649146,0.00845588748228475,0.024653843422593164,0.01645540338211426,0.015909233441330897,0.017443725476314047,0.02042441059554951,0.03885851546315358,0.04256381523231625,0.0462069235338087,0.05946999357957668,0.05438923420863379,0.06470223695839492,0.05472238354903707,0.06592577280182214,0.061219222335250546,0.048444959475450765,0.05322843365061269,0.045551145202888464,0.05071952725263208,0.052301893954024396,0.04008144335974906,0.04179359073428013,0.04252218118399032,0.04322996453904549,0.03971716395744708,0.04590505629073466,0.042527385438210975,0.04786722469524336,0.05209368505803857,0.057241894543356646,0.04830963363594865,0.046326629994750346,0.04365151655605729,0.06096412281014396,0.06196370361497931,0.06166695105810345,0.05400923834794774,0.0599541492208013,0.05916804933293734,0.0726583382319695,0.0627186081038073,0.06093809231672459,0.04890298800694941,0.060172801633146936,0.06059969708801497,0.05608623591549897,0.05473279450031702,0.056023768613225715,0.056133086441447155,0.056528714788259965,0.05365527209906427,0.04834606748117311,0.04687311951274238,0.037073612751732314,0.031068879644879765,0.033009675078052914,0.030860755748723896,0.0285350278740059,0.03477882785817386,0.03322821422192664,0.031953415496716674,0.03951420939739868,0.03829649867149081,0.027692172310554285,0.04963167807645498,0.044333293100401155,0.04842414009260474,0.05897022474267987,0.041465728362415195,0.07951155833498777
bavaria,2020.27868852459,0.004966237141599493,0.001653626292798774,0.004940234664859949,0.006547212155654591,0.008279059030587392,0.0025688634514484925,0.008793943548885647,0.00537707799972235,0.004560599985233796,0.007545747457218475,0.004623005495636393,0.009397249067027562,0.007301312564138671,0.0045710008984342744,0.013100450070966259,0.013771423416938579,0.019540070832188793,0.021194318635769496,0.04169471138854916,0.03528356777527506,0.044593515512499016,0.04979303225844547,0.035611391170529604,0.03739624369095737,0.03844740999122737,0.035757091120693925,0.03565822325284605,0.042959340353967965,0.036813427968497014,0.029065721719190515,0.029377897099323213,0.023327231522781853,0.031193754382408043,0.03340512753490308,0.02556948549461241,0.02710426262912664,0.02011749097362581,0.030017862487567888,0.03574668396785748,0.03209910519786996,0.029830554729414812,0.029872178617365304,0.03988889535772444,0.02865989652678908,0.032770323736197926,0.031974228286176395,0.032135527686933986,0.03622021153055142,0.037312983902106356,0.047783948139108676,0.040721540491192455,0.04214747624911348,0.043589064189746334,0.03679261324207747,0.04572289587116441,0.04446860859217735,0.04169991555995001,0.03971195998447088,0.04351620319052145,0.04133042068456697,0.03732339136842299,0.03484126964421888,0.02970048029431841,0.022229550793465908,0.030158343748954774,0.02247405586952694,0.025595498289003194,0.025949273584662178,0.018093947624718002,0.022458449128191685,0.03033524661797259,0.025262535503498197,0.027655752933626626,0.030147937716577505,0.023077520126531876,0.03462272372110519,0.033472771019516234,0.031974228286176395,0.048502212821254484,0.0359860490100556,0.07137736536545541
bavaria,2020.2978142076502,0.002485659407735331,0.004139364748900522,0.005761919216217912,0.004092561044388847,0.002485659407735331,0.004284976543460163,0.004399386096655418,0.004482593202544671,0.004560599985233796,0.005657907795766694,0.005548696028198445,0.010333426659940269,0.007301312564138671,0.010057772617965428,0.01122801210752824,0.01193536963605799,0.012434686626035387,0.01236186926637474,0.019977036835577063,0.025200105218565173,0.027380007050267125,0.025272940558274105,0.021797768041415647,0.023545729978186686,0.017844261358116783,0.025439421717838546,0.02556428293729232,0.026927370751480138,0.019961430843658905,0.025356181071428494,0.014686873884213289,0.020335975942431007,0.015888427080825895,0.01700678076022049,0.015217426418069304,0.014494419891242694,0.017604979810963983,0.02063249272556671,0.016356572205819715,0.015742782790398663,0.012783171116096892,0.020335975942431007,0.019940622861716432,0.017584172771942085,0.020970627962757078,0.027307168759175392,0.022952664878080786,0.02567873931850904,0.02874314246189848,0.026162580440735266,0.026958586921457084,0.02363937245441662,0.028228060377190212,0.029044910093815986,0.02213591085603565,0.022963069470668257,0.029237417946343228,0.028087584330481093,0.01900427229203403,0.02040360242834328,0.015992458966601907,0.01659064634880297,0.02911775081906758,0.018624534922042267,0.012564717879042194,0.01388065245547877,0.008081427943217201,0.008414280733668927,0.011134391979197931,0.0065212088883461914,0.010832728267824117,0.019316387275197962,0.013428133646664085,0.013849444135345498,0.011997783997604384,0.016153708800865068,0.025330168396754896,0.019181137219148253,0.019966632840442634,0.029726495155305607,0.05472758902441361
bavaria,2020.3169398907103,0.004966237141599493,0.004966237141599493,0.002470058664356574,0.005725515195395651,0.004139364748900522,0.0025688634514484925,0.0017576297041079169,0.004482593202544671,0.002735271938280475,0.004716613901673972,0.00832586650339889,0.0028184763814001475,0.0018252320330072143,0.0045710008984342744,0.0018720336968105979,0.007342918422238916,0.0053302731811678185,0.00883034971790915,0.00868472519474094,0.016798713138242865,0.01798991153460109,0.018380047945795872,0.00944405754638206,0.022156719716449013,0.014416398205115664,0.01581560488462416,0.00941805283042896,0.01602887017579082,0.013724611042088825,0.017313682022292963,0.01292360582453632,0.010765114227763857,0.011181202022291139,0.011540080419280044,0.012783171116096892,0.012606327948680246,0.009428454715250788,0.011878156537120226,0.009085193614769562,0.010291818409022912,0.017043192679666256,0.009532473677904933,0.01543589079952335,0.014327973769023073,0.007862994457362991,0.010655891733390849,0.019014676094624178,0.010536267359929925,0.01834363509023906,0.01592483821717588,0.01375581928730811,0.0154150846284124,0.011883357725328935,0.018879426823316448,0.013469744407207957,0.018073140390041906,0.013417730961730804,0.021303563267664152,0.011997783997604384,0.00918401097203835,0.015992458966601907,0.00829466151684114,0.0064067946666550996,0.007810986619780369,0.004399386096655418,0.010572674748807659,0.004716613901673972,0.011217609862723512,0.009740512227448648,0.008689926063543336,0.006500406283859512,0.007431330981242598,0.008689926063543336,0.0048882297503998065,0.011997783997604384,0.011540080419280044,0.01718884061239943,0.015529518672543862,0.017116016595036396,0.013298100234577928,0.03513786915187837
bavaria,2020.3360655737704,0.008279059030587392,8.268065731274711e-4,8.216064907089019e-4,0.0024544579256640347,0.002485659407735331,0.006001146272799539,0.0017576297041079169,0.0035881237916937088,0.002735271938280475,0.0018876342607685472,0.004623005495636393,0.003759735916092501,0.004565800441571103,9.1520805385195e-4,0.004680210612638647,0.0027560730365790635,0.0053302731811678185,0.002646867363344045,0.006079155333551316,0.002516860908522644,0.01173252347841739,0.012252643418077446,0.006536810847169685,0.006229973182845335,0.0061779669785036575,0.00962609092220405,0.010088978662577169,0.005767119792704852,0.007483338439113557,0.011748127000910156,0.00470101248896849,0.004186168495544676,0.005886733195387228,0.00911119816426913,0.005475888310578272,0.00567350949556945,0.005028643138811854,0.0043785843409866404,0.006661626686297544,0.0060531523002996255,0.0036505281350378074,0.005720314623075404,0.00900718004430961,0.008466289174640396,0.0085182976676288,0.005990745073540965,0.003276103198336186,0.0052678668219580125,0.011618097789846972,0.006822847588589405,0.009350440629802517,0.006167565743876809,0.012876794212917595,0.00871072954396621,0.004331780421159893,0.009771718081667798,0.0071868966259951515,0.008232251599903536,0.006500406283859512,0.005101450230224663,0.002132043707192469,0.0038689439265003588,0.0052418641943946355,0.004206970174240745,0.004399386096655418,0.002641667098913336,0.00404055697766933,0.0028028755381770093,0.004175767659317145,0.0065212088883461914,0.0014456200942135706,0.004456590967648947,0.005527893812761903,0.003260502217811224,0.004612604572039852,0.006921660646735023,0.007233703115713412,0.005481088858459028,0.00855470364366793,0.009386847188447992,0.01682992322846593
bavaria,2020.3551912568305,0.003312505504420438,0.002485659407735331,8.216064907089019e-4,-0,0.003312505504420438,0.0017160283146203095,8.788074259429569e-4,0.0026884694975347276,-0,0.0028288769461511125,0.0036973314416898846,0.0028184763814001475,0.0018252320330072143,9.1520805385195e-4,9.360084240991387e-4,0.0027560730365790635,0.0053302731811678185,0.0035309198760869213,0.006079155333551316,0.0075561489675180695,0.006255976304517954,0.0076549634191316026,0.005085848702057417,0.006921660646735023,0.005491489955775094,0.00412376350938448,0.010088978662577169,0.008331067336315315,0.0062351738061373,0.007420929495915969,0.007046477409624154,0.0035881237916937088,0.0064744030399512,0.006677228687257503,0.0042589744073810495,0.007561349723445207,0.003140894855977498,0.00625077567914549,0.006661626686297544,0.012715554539894168,0.0042589744073810495,6.34403869872398e-4,0.005787922103842218,0.005210661058478578,0.005897134373841046,0.007327316221550946,0.0059023349638452445,0.011852150603862919,0.0024440574358006633,0.005683910631373779,0.002199646522854582,0.0051378538141556625,0.002969284773888745,0.007259706739321996,0.005772320369706133,0.008305063176946391,0.002397255257160785,0.0038741443136664456,0.007998215078505908,0.004082160226884292,0.002132043707192469,0.004425388302940482,0.004659408744630301,0.0018044313070670536,0.002511660657093224,0.0019812377428207965,0.0026936697666516906,0.0028028755381770093,0.002782074421156427,7.228050235071297e-4,-0,0.00594393970262619,0.0031616961165344864,0.003260502217811224,0.002766473588848688,0.00807622713526865,0.0027144708483027614,0.0063911927468413045,0.005704712909223802,0.00782138818313564,0.011841748234208584
bavaria,2020.3743169398906,8.268065731274711e-4,0.001653626292798774,0.0016484261276904955,0.0024544579256640347,-0,8.580070785765575e-4,0.0017576297041079169,0.0026884694975347276,-0,0.0018876342607685472,0.0018512329521433405,0.001877233884274619,0.0018252320330072143,9.1520805385195e-4,0.0018720336968105979,-0,0.002662468159768038,0.0017680300566801682,0.0026052652624425246,0.004196569333852543,0.0046906115497633806,0.0068904565028238135,0.006536810847169685,0.00277167386576647,0.00755094821210531,0.005501891055171599,0.004706212959348299,0.0044877936510806194,0.0049922396313357474,0.004326579988220815,0.003525719523239945,0.004186168495544676,0.0029432832957010753,0.0060739547258630445,0.003042088981968304,0.0031512954852158663,0.004399386096655418,0.006874854437892958,0.004846625856274117,0.004238172707881602,0.0036505281350378074,0.005720314623075404,0.004503394999820554,0.009771718081667798,0.004586602272132791,0.003328106500541602,0.00655761346622002,0.0052678668219580125,0.0067240347182130535,0.0045501990741136835,0.0038481423830252345,0.0025688634514484925,0.004456590967648947,0.004841425371845957,0.003369709179755342,0.006349587650215769,0.008143837679132033,0.006776041468690766,0.007498940686620647,0.0025480624280375427,0.002132043707192469,0.002766473588848688,0.0034945174171026557,0.0018044313070670536,0.003140894855977498,0.002641667098913336,0.0013468174413623574,7.020047385426273e-4,0.0013936186745733149,-0,0.003608925231153918,0.0014872212673678522,0.0023712540650024897,0.0048882297503998065,0.002766473588848688,0.005767119792704852,0.003619325954004455,0.0036505281350378074,0.006656426020355008,0.0031304942288193816,0.01017739589067374
bavaria,2020.3934426229507,0.002485659407735331,8.268065731274711e-4,0.0032917041835359632,0.0016380257990398109,8.268065731274711e-4,-0,0.004399386096655418,8.944076919308274e-4,-0,-0,0.002776874143198534,0.001877233884274619,0.0018252320330072143,9.1520805385195e-4,9.360084240991387e-4,9.204081456366061e-4,0.002662468159768038,0.0017680300566801682,0.0017368290052038353,8.372067395304327e-4,0.0031304942288193816,0.0030628902030005773,0.005085848702057417,0.003463315329682109,0.004805021995434633,0.00412376350938448,0.004706212959348299,0.0044877936510806194,0.0043681834662727785,0.0024752589116313678,0.003525719523239945,0.004186168495544676,0.005293869462529797,0.003036888678013275,0.0018252320330072143,0.0037805374242024375,0.0018876342607685472,0.007504141436826126,0.002423256462314505,6.032034985870817e-4,0.0042589744073810495,0.0031772970674157778,0.003858543153722642,0.0039053466476019223,0.0026208660463794796,0.001331217039648678,0.003931348606847413,0.004607404111015946,0.00427977611520186,0.0017056279724545263,0.0027508727612272207,0.0025688634514484925,0.004456590967648947,0.0024180562202402007,0.004331780421159893,0.004883029261810867,0.002397255257160785,0.003390510531843826,0.004997440130846761,0.0025480624280375427,0.002132043707192469,0.0016588264584213117,-0,0.0024024554971491235,0.003140894855977498,0.0013208167744416161,0.003369709179755342,0.0021060426476514314,0.0013936186745733149,0.0028964806677350525,0.0021684452123986444,0.0014872212673678522,0.0023712540650024897,0.0016276254724692577,-0,0.004612604572039852,0.0027144708483027614,0.0027404722120779263,-0,0.0015652235567344159,0.004695812019103001
bavaria,2020.4125683060108,8.268065731274711e-4,0.001653626292798774,8.216064907089019e-4,8.164064088045757e-4,0.001653626292798774,8.580070785765575e-4,-0,0.004482593202544671,9.100079625930854e-4,9.412085179638691e-4,0.0036973314416898846,9.412085179638691e-4,0.0018252320330072143,0.0018304322157966753,9.360084240991387e-4,9.204081456366061e-4,0.001778430411332561,0.004414987418870811,0.0026052652624425246,0.002516860908522644,0.005475888310578272,0.0038273408478713415,0.0021788456471371156,0.003463315329682109,0.004118563097248782,0.0034373136044640058,0.003364508843036276,0.0038481423830252345,0.0049922396313357474,0.0049454351591699695,0.003525719523239945,0.0029900859657976397,-0,0.0024284567049030854,0.001216814236782445,0.0018928344497984545,0.002516860908522644,0.003749335165157985,0.0012116141153565736,0.0012116141153565736,0.001216814236782445,0.0012688154796136482,0.0025740637086042453,0.0039053466476019223,0.001965637150774993,0.0019968383395411833,0.001965637150774993,0.0013156166426210114,0.0030576898969653043,0.0011388124700430575,0.0016484261276904955,0.0025688634514484925,0.0024752589116313678,-0,0.0038481423830252345,0.002932882708067575,0.0038325412308768125,0.002423256462314505,9.98409584762529e-4,0.0030628902030005773,0.0015964245052441485,0.002766473588848688,-0,6.032034985870817e-4,0.001882434072264451,0.0013208167744416161,0.0013468174413623574,0.0021060426476514314,0.0020852418093770505,0.0028964806677350525,7.228050235071297e-4,-0,0.0023712540650024897,0.0016276254724692577,9.204081456366061e-4,0.003463315329682109,9.048078718484659e-4,9.1520805385195e-4,9.516087072476133e-4,7.800058500578373e-4,0.004503394999820554
bavaria,2020.431693989071,-0,-0,8.216064907089019e-4,-0,-0,-0,0.0017576297041079169,-0,9.100079625930854e-4,-0,-0,-0,9.1520805385195e-4,9.1520805385195e-4,9.360084240991387e-4,9.204081456366061e-4,8.892076027462617e-4,0.002646867363344045,-0,8.372067395304327e-4,0.0023452528858511536,0.002298450796139386,7.280050960454046e-4,0.0013832183968856015,0.0013728181212779988,0.0020644409794233374,0.0026884694975347276,0.0019240355948756038,0.0018720336968105979,0.0018564331375272125,5.876033199674743e-4,5.980034385291251e-4,0.0029432832957010753,-0,0.001216814236782445,0.0012584152268872082,6.292038066885943e-4,6.240037440305762e-4,0.0018148316689941748,0.002423256462314505,0.001216814236782445,0.0012688154796136482,0.0012844158626006128,0.001955236758679912,6.552041277961948e-4,6.656042598781713e-4,6.552041277961948e-4,6.604041935742898e-4,0.0018356323991003999,0.0011388124700430575,5.51202921379175e-4,0.0010296101931752911,4.940023465146336e-4,0.0014508202390348668,9.620088986114335e-4,0.001955236758679912,0.0019188354027312412,4.836022487534156e-4,4.99202396178144e-4,-0,0.002132043707192469,-0,5.824032614637801e-4,6.032034985870817e-4,6.292038066885943e-4,6.604041935742898e-4,6.76004394040201e-4,-0,0.0013936186745733149,-0,0.0021684452123986444,0.0022308478520263295,-0,-0,-0,0.0011544128140282045,-0,0.0018252320330072143,9.516087072476133e-4,-0,0.003328106500541602
bavaria,2020.450819672131,8.268065731274711e-4,-0,-0,8.164064088045757e-4,8.268065731274711e-4,0.004284976543460163,-0,8.944076919308274e-4,9.100079625930854e-4,9.412085179638691e-4,9.256082379355073e-4,-0,-0,9.1520805385195e-4,9.360084240991387e-4,9.204081456366061e-4,8.892076027462617e-4,-0,-0,8.372067395304327e-4,7.800058500578373e-4,-0,0.0029068812480877357,0.00277167386576647,0.0013728181212779988,0.0027508727612272207,0.002017639142452774,6.396039335704413e-4,0.0031200936037415155,0.0018564331375272125,5.876033199674743e-4,0.001196013754210651,0.0017628298801369115,0.0018200318507435628,0.001216814236782445,6.292038066885943e-4,0.0012584152268872082,0.001877233884274619,0.0018148316689941748,6.032034985870817e-4,6.084035591650503e-4,0.0019084350199968575,-0,6.500040625323396e-4,6.552041277961948e-4,-0,6.552041277961948e-4,0.0013156166426210114,0.0012220143587225675,-0,5.51202921379175e-4,5.148025482771891e-4,0.0019812377428207965,9.672089950704858e-4,-0,-0,4.784022006557077e-4,9.672089950704858e-4,9.98409584762529e-4,-0,-0,5.51202921379175e-4,-0,-0,6.292038066885943e-4,6.604041935742898e-4,-0,-0,-0,-0,7.228050235071297e-4,7.436053167918634e-4,-0,-0,-0,0.0011544128140282045,-0,-0,0.0019032348294126095,0.0023452528858511536,7.852059283220514e-4
bavaria,2020.4699453551912,8.268065731274711e-4,-0,8.216064907089019e-4,0.0016380257990398109,-0,-0,-0,8.944076919308274e-4,-0,0.0018876342607685472,0.0018512329521433405,9.412085179638691e-4,-0,9.1520805385195e-4,0.002808075818729408,0.0027560730365790635,0.002662468159768038,8.840075140874871e-4,-0,8.372067395304327e-4,0.0023452528858511536,7.644056183968352e-4,0.0021788456471371156,0.0013832183968856015,0.0034321132609840565,0.0013728181212779988,0.003364508843036276,0.0012844158626006128,6.240037440305762e-4,0.0018564331375272125,0.0017628298801369115,0.0017940309472143036,5.876033199674743e-4,0.0024284567049030854,0.001216814236782445,0.0018928344497984545,6.292038066885943e-4,0.001877233884274619,-0,0.0018148316689941748,0.0018252320330072143,6.34403869872398e-4,0.0012844158626006128,6.500040625323396e-4,0.00131041651131466,0.001331217039648678,0.001965637150774993,-0,6.136036202688044e-4,-0,0.0011024116856079911,5.148025482771891e-4,9.880093861184358e-4,0.0014508202390348668,0.0014456200942135706,4.888022973769063e-4,-0,-0,9.98409584762529e-4,0.0010192099882909557,5.304027050563269e-4,0.0011076117961076025,5.824032614637801e-4,6.032034985870817e-4,6.292038066885943e-4,6.604041935742898e-4,6.76004394040201e-4,7.020047385426273e-4,6.968046686044236e-4,-0,7.228050235071297e-4,7.436053167918634e-4,7.904060071005078e-4,-0,0.0018460327672737322,-0,9.048078718484659e-4,9.1520805385195e-4,-0,-0,8.788074259429569e-4
bavaria,2020.4890710382513,-0,0.001653626292798774,0.002470058664356574,0.0016380257990398109,0.001653626292798774,0.0017160283146203095,0.0017576297041079169,0.0017940309472143036,0.0018252320330072143,-0,0.002776874143198534,0.0028184763814001475,9.1520805385195e-4,9.1520805385195e-4,9.360084240991387e-4,9.204081456366061e-4,-0,-0,8.684072512197225e-4,8.372067395304327e-4,7.800058500578373e-4,0.0015288224737982639,7.280050960454046e-4,0.0013832183968856015,6.864045302822849e-4,0.0027508727612272207,-0,0.002563663194818565,0.0018720336968105979,0.00370773218222291,0.002350453120639017,0.0029900859657976397,0.0011752132799592396,0.001216814236782445,0.003042088981968304,0.0025220611604778874,0.003140894855977498,6.240037440305762e-4,0.0018148316689941748,0.0018148316689941748,0.001216814236782445,0.0012688154796136482,0.0012844158626006128,0.0026052652624425246,0.001965637150774993,0.0019968383395411833,0.001965637150774993,0.0013156166426210114,0.0012220143587225675,0.0011388124700430575,5.51202921379175e-4,0.0010296101931752911,0.0014872212673678522,4.836022487534156e-4,9.620088986114335e-4,4.888022973769063e-4,4.784022006557077e-4,9.672089950704858e-4,9.98409584762529e-4,0.0010192099882909557,0.0015964245052441485,0.0011076117961076025,0.0017472293536158062,0.0024024554971491235,6.292038066885943e-4,0.0013208167744416161,-0,7.020047385426273e-4,-0,7.228050235071297e-4,-0,7.436053167918634e-4,-0,-0,0.0018460327672737322,-0,9.048078718484659e-4,-0,0.0019032348294126095,7.800058500578373e-4,0.0011752132799592396
bavaria,2020.5081967213114,-0,0.002485659407735331,0.002470058664356574,0.004909031709944994,8.268065731274711e-4,0.0017160283146203095,0.0035153188191119765,-0,0.0018252320330072143,0.0028288769461511125,0.0036973314416898846,9.412085179638691e-4,0.0027404722120779263,-0,9.360084240991387e-4,9.204081456366061e-4,0.003551721292663989,0.0017680300566801682,0.0017368290052038353,0.002516860908522644,0.0023452528858511536,0.0015288224737982639,0.0021788456471371156,0.003463315329682109,0.0013728181212779988,0.0034373136044640058,0.003364508843036276,0.0019240355948756038,0.0012480149762408685,0.0018564331375272125,0.00528866893337292,0.002392055017686721,0.0011752132799592396,0.003036888678013275,0.0018252320330072143,6.292038066885943e-4,0.0012584152268872082,0.0012480149762408685,0.0018148316689941748,0.002423256462314505,0.001216814236782445,0.002542862173487819,6.448039977942706e-4,0.001955236758679912,6.552041277961948e-4,0.0019968383395411833,0.003276103198336186,0.0013156166426210114,6.136036202688044e-4,0.0017056279724545263,0.003302104842938069,0.0015392227806076137,0.0019812377428207965,0.0024180562202402007,0.0014456200942135706,0.0014664206766304769,9.568088026666271e-4,0.0014508202390348668,-0,0.0015288224737982639,5.304027050563269e-4,5.51202921379175e-4,-0,6.032034985870817e-4,-0,-0,6.76004394040201e-4,-0,0.0020852418093770505,7.228050235071297e-4,7.228050235071297e-4,0.0014872212673678522,7.904060071005078e-4,8.164064088045757e-4,-0,-0,9.048078718484659e-4,9.1520805385195e-4,-0,7.800058500578373e-4,6.864045302822849e-4
bavaria,2020.5273224043715,8.268065731274711e-4,0.004139364748900522,0.0032917041835359632,0.0016380257990398109,8.268065731274711e-4,0.0017160283146203095,0.004399386096655418,8.944076919308274e-4,0.0036505281350378074,0.0028288769461511125,0.002776874143198534,0.0028184763814001475,0.0018252320330072143,0.0018304322157966753,0.0018720336968105979,0.0027560730365790635,0.002662468159768038,0.0035309198760869213,0.0017368290052038353,0.0016796271261233435,0.0015652235567344159,0.005361476388858467,0.003634927042177917,6.916045991804607e-4,0.0027456724863896592,0.0034373136044640058,0.004706212959348299,0.0012844158626006128,0.002496059905919493,0.0012376147276746286,0.002350453120639017,0.0017940309472143036,0.0017628298801369115,6.084035591650503e-4,0.0036505281350378074,0.0025220611604778874,0.002516860908522644,6.240037440305762e-4,0.0030264880716576255,0.0012116141153565736,0.001216814236782445,0.0019084350199968575,0.0019292357875457782,0.0026052652624425246,0.003276103198336186,0.001331217039648678,0.001965637150774993,0.0026312665716063024,0.0018356323991003999,5.668030890843131e-4,0.0016484261276904955,0.0010296101931752911,9.880093861184358e-4,9.672089950704858e-4,4.836022487534156e-4,-0,0.002397255257160785,4.836022487534156e-4,9.98409584762529e-4,0.0010192099882909557,5.304027050563269e-4,0.0011076117961076025,0.0017472293536158062,0.0012012138740764501,0.0012584152268872082,-0,6.76004394040201e-4,-0,-0,-0,0.0014456200942135706,7.436053167918634e-4,0.0023712540650024897,8.164064088045757e-4,9.204081456366061e-4,-0,9.048078718484659e-4,0.0018252320330072143,-0,-0,6.864045302822849e-4
bavaria,2020.5464480874316,0.002485659407735331,8.268065731274711e-4,8.216064907089019e-4,8.164064088045757e-4,0.002485659407735331,0.004284976543460163,0.0017576297041079169,0.0026884694975347276,0.002735271938280475,-0,9.256082379355073e-4,9.412085179638691e-4,0.0027404722120779263,-0,0.0018720336968105979,0.003671329599461501,0.004440989632957202,0.0017680300566801682,0.0026052652624425246,0.005039044145629613,0.0031304942288193816,0.0076549634191316026,0.004357782593639265,0.0041549659931030825,0.0034321132609840565,0.0034373136044640058,0.004035356573860712,6.396039335704413e-4,0.0049922396313357474,0.0012376147276746286,0.00470101248896849,0.0017940309472143036,0.0035309198760869213,0.003036888678013275,0.003042088981968304,0.004409786977610334,0.002516860908522644,0.001877233884274619,0.004238172707881602,0.0018148316689941748,0.001216814236782445,0.002542862173487819,0.0012844158626006128,0.0026052652624425246,0.00131041651131466,0.004659408744630301,6.552041277961948e-4,6.604041935742898e-4,0.0036661292325725816,5.668030890843131e-4,0.002199646522854582,0.0015392227806076137,4.940023465146336e-4,0.0014508202390348668,4.836022487534156e-4,0.002932882708067575,0.0014352198061252915,0.0014508202390348668,4.99202396178144e-4,0.0015288224737982639,5.304027050563269e-4,0.0011076117961076025,0.0023296521845962968,6.032034985870817e-4,6.292038066885943e-4,-0,0.003369709179755342,0.0014040189543411397,6.968046686044236e-4,-0,7.228050235071297e-4,7.436053167918634e-4,0.0015808240286462535,0.0016276254724692577,9.204081456366061e-4,-0,9.048078718484659e-4,0.0018252320330072143,-0,-0,6.864045302822849e-4
bavaria,2020.5655737704917,0.002485659407735331,0.001653626292798774,0.00411336268563894,0.003270902870972542,0.001653626292798774,0.0025688634514484925,8.788074259429569e-4,0.0035881237916937088,0.0036505281350378074,9.412085179638691e-4,-0,0.005637105536640755,0.0027404722120779263,9.1520805385195e-4,0.004680210612638647,-0,-0,0.002646867363344045,0.0026052652624425246,0.004196569333852543,0.0023452528858511536,0.005361476388858467,0.006536810847169685,0.004846625856274117,0.0061779669785036575,0.005501891055171599,0.0067240347182130535,0.003203298662611505,0.003744134790467952,0.0024752589116313678,0.00470101248896849,0.001196013754210651,0.0029432832957010753,0.005465487216382864,0.00669283069289289,0.0037805374242024375,0.006287180067692691,0.003749335165157985,0.0030264880716576255,0.004841425371845957,0.006084355941765483,0.002542862173487819,0.0025740637086042453,0.005210661058478578,0.004586602272132791,0.002662468159768038,0.003931348606847413,0.0032917041835359632,0.00427977611520186,0.003978152166262342,0.0016484261276904955,0.005652707230202153,0.0019812377428207965,0.0024180562202402007,9.620088986114335e-4,0.0014664206766304769,0.0014352198061252915,9.672089950704858e-4,9.98409584762529e-4,0.0015288224737982639,0.0010660109266482322,5.51202921379175e-4,0.0017472293536158062,0.0018044313070670536,-0,6.604041935742898e-4,0.0013468174413623574,0.0028028755381770093,6.968046686044236e-4,7.228050235071297e-4,-0,-0,-0,8.164064088045757e-4,-0,-0,0.0018096314877705962,9.1520805385195e-4,-0,-0,7.852059283220514e-4
bavaria,2020.5846994535518,8.268065731274711e-4,0.002485659407735331,0.002470058664356574,-0,8.268065731274711e-4,0.0025688634514484925,0.002636466834996906,8.944076919308274e-4,0.0018252320330072143,0.0018876342607685472,-0,0.003759735916092501,0.004565800441571103,0.0018304322157966753,0.0018720336968105979,0.00550709160564713,-0,0.0035309198760869213,0.006079155333551316,0.003359308506831505,0.0031304942288193816,0.006125960826174338,7.280050960454046e-4,0.004846625856274117,0.004805021995434633,0.007561349723445207,0.0067240347182130535,0.003203298662611505,0.008731533032711871,0.004326579988220815,0.00528866893337292,0.0035881237916937088,0.0011752132799592396,0.003036888678013275,0.003042088981968304,0.00567350949556945,0.0012584152268872082,0.001877233884274619,0.0030264880716576255,0.004238172707881602,0.0042589744073810495,0.0050806481937046895,0.003858543153722642,0.005210661058478578,0.00917360913611401,0.006661626686297544,0.003931348606847413,0.005923137329074769,0.007337717688158038,0.0045501990741136835,0.0027508727612272207,0.0020540405675667285,0.002969284773888745,0.004357782593639265,0.0028860800894626015,0.0014664206766304769,9.568088026666271e-4,0.002423256462314505,0.002002038539491907,0.0020384399536850103,0.0010660109266482322,0.0011076117961076025,5.824032614637801e-4,6.032034985870817e-4,0.0012584152268872082,0.0013208167744416161,0.0013468174413623574,7.020047385426273e-4,-0,7.228050235071297e-4,7.228050235071297e-4,0.0014872212673678522,7.904060071005078e-4,-0,9.204081456366061e-4,-0,-0,-0,-0,0.0015652235567344159,0.00127401560675402
bavaria,2020.603825136612,0.002485659407735331,8.268065731274711e-4,0.00411336268563894,0.0024544579256640347,0.001653626292798774,-0,0.002636466834996906,8.944076919308274e-4,9.100079625930854e-4,9.412085179638691e-4,0.002776874143198534,0.001877233884274619,9.1520805385195e-4,0.0018304322157966753,0.003744134790467952,9.204081456366061e-4,-0,0.004414987418870811,8.684072512197225e-4,0.005039044145629613,0.0023452528858511536,0.005361476388858467,0.00872113128729869,0.009001979143776418,0.010983559904755745,0.0061883682152110014,0.003364508843036276,0.0044877936510806194,0.006859252377637567,0.0061831675966001545,0.005876332019013881,0.002392055017686721,0.0017628298801369115,0.004248573556591155,0.00669283069289289,0.005044244649821531,0.005028643138811854,0.0025012601557887625,0.003634927042177917,0.0030264880716576255,0.003042088981968304,0.0044461900773324365,0.007077681647160509,0.0032553018920135506,0.004586602272132791,0.004659408744630301,0.0052470647188647915,0.007244104563595258,0.0067240347182130535,0.0045501990741136835,0.004399386096655418,0.0051378538141556625,0.0039625509751080625,0.0029016809576542517,9.620088986114335e-4,0.0014664206766304769,0.0019188354027312412,0.0019344359807302181,4.99202396178144e-4,5.096024970536484e-4,0.0015964245052441485,0.0011076117961076025,0.0017472293536158062,6.032034985870817e-4,-0,-0,0.0013468174413623574,7.020047385426273e-4,6.968046686044236e-4,-0,7.228050235071297e-4,-0,7.904060071005078e-4,-0,9.204081456366061e-4,-0,0.0018096314877705962,-0,-0,7.800058500578373e-4,3.9000146250986754e-4
bavaria,2020.622950819672,8.268065731274711e-4,0.002485659407735331,0.0016484261276904955,0.003270902870972542,0.004966237141599493,0.004284976543460163,0.0017576297041079169,0.0026884694975347276,0.0018252320330072143,0.0028288769461511125,0.004623005495636393,9.412085179638691e-4,0.0018252320330072143,0.005486289406854119,0.006552412810674354,0.00550709160564713,0.003551721292663989,0.0061779669785036575,0.00868472519474094,0.021839385499940696,0.014078305584640034,0.009189211890783682,0.015987257367367187,0.017308480290899406,0.01235666803029795,0.013064040912244218,0.008741934780205749,0.010895141305903801,0.006859252377637567,0.012367070502966001,0.0029380830016271825,0.00717649518955648,0.005886733195387228,0.004857026826684956,0.004867427799176182,0.006932062032199865,0.007545747457218475,0.008128235238132577,0.004238172707881602,0.004841425371845957,0.006084355941765483,0.0044461900773324365,0.0064327978767492475,0.009116399075726127,0.00917360913611401,0.006661626686297544,0.008523498519785691,0.006583616751733007,0.004893430239503069,0.005117051763078601,0.007150491607565198,0.006167565743876809,0.0034685156762824733,0.0019344359807302181,0.0028860800894626015,0.0014664206766304769,0.0019188354027312412,0.0019344359807302181,0.0025012601557887625,0.0015288224737982639,0.0010660109266482322,5.51202921379175e-4,0.0017472293536158062,0.0012012138740764501,0.0012584152268872082,0.002641667098913336,-0,0.0021060426476514314,0.0013936186745733149,0.0043473817230861005,7.228050235071297e-4,7.436053167918634e-4,-0,-0,0.0018460327672737322,-0,-0,9.1520805385195e-4,-0,-0,8.788074259429569e-4
bavaria,2020.6420765027322,0.005798323262531595,0.002485659407735331,0.0016484261276904955,0.0073637213637754466,0.002485659407735331,0.006001146272799539,0.008793943548885647,0.009860134770317457,0.00638599210793978,0.0037701366691073185,0.00924642203127985,0.013152463199081293,0.010957554418900645,0.014629657757849308,0.009355641565193784,0.007342918422238916,0.015987257367367187,0.017662199211200397,0.033004471776294744,0.021839385499940696,0.025033624825184057,0.03370171885113228,0.02107467001655247,0.020081076901403663,0.017844261358116783,0.02200065346632123,0.01681431818101577,0.010255411216783925,0.009979757588370606,0.012367070502966001,0.010572674748807659,0.01136324147934599,0.010005762585228615,0.011540080419280044,0.010349029762614797,0.009454459436405776,0.005657907795766694,0.009376445311949172,0.010297019438569747,0.004841425371845957,0.007909801555657911,0.014614053370672519,0.008362272344714289,0.008466289174640396,0.0157271780691927,0.008658720858514239,0.010489457897392838,0.008559904499466014,0.007337717688158038,0.006822847588589405,0.0060531523002996255,0.0041081622745491805,0.005444685034233358,0.0038741443136664456,0.0028860800894626015,0.00537187746224954,0.0028756795132703814,0.002423256462314505,0.0014976215658567178,0.004591802731076329,0.002132043707192469,0.0016588264584213117,5.824032614637801e-4,0.0012012138740764501,0.001882434072264451,6.604041935742898e-4,0.0020228393444778857,7.020047385426273e-4,6.968046686044236e-4,7.228050235071297e-4,7.228050235071297e-4,0.0014872212673678522,-0,-0,-0,0.003463315329682109,0.0018096314877705962,-0,9.516087072476133e-4,-0,6.864045302822849e-4
bavaria,2020.6612021857923,0.004139364748900522,0.00662002137330365,0.0032917041835359632,0.005725515195395651,0.005798323262531595,0.007712171871679231,0.007036076001273164,0.00627677881122061,0.007296111834213189,0.009428454715250788,0.01572197649649416,0.015971652572796494,0.010957554418900645,0.011883357725328935,0.015909233441330897,0.010099380681609363,0.018650544242480107,0.022078686532838312,0.025184497659046158,0.03275991718110858,0.027380007050267125,0.018380047945795872,0.02470586810830804,0.022156719716449013,0.01372981241499424,0.014437203976637282,0.018832609849824246,0.015383875387355223,0.017469734206142073,0.012986021372251058,0.010572674748807659,0.011961375610928578,0.007649762653835953,0.009714507363240936,0.010349029762614797,0.011347638072338734,0.009428454715250788,0.010629886411403843,0.013932666363999407,0.012112210521670226,0.011566086196461307,0.013979478926148921,0.0064327978767492475,0.01172212113268813,0.011139593093019493,0.01265313931681946,0.007212900226197233,0.00921521649229578,0.007337717688158038,0.007389725052402313,0.007150491607565198,0.0051378538141556625,0.006437998520331927,0.0038741443136664456,0.005293869462529797,0.0034217125755785886,0.0019188354027312412,0.004841425371845957,0.003000486564872446,0.004082160226884292,0.005860730258351855,0.0038689439265003588,0.0017472293536158062,6.032034985870817e-4,0.001882434072264451,0.0013208167744416161,0.0020228393444778857,0.0014040189543411397,0.0013936186745733149,-0,7.228050235071297e-4,0.0022308478520263295,7.904060071005078e-4,-0,9.204081456366061e-4,-0,-0,9.1520805385195e-4,9.516087072476133e-4,0.0015652235567344159,0.0020540405675667285
bavaria,2020.6803278688524,0.004139364748900522,0.004139364748900522,0.006583616751733007,0.004092561044388847,0.00911119816426913,0.006001146272799539,0.007915002346961344,0.0071712944721202465,0.014598448988184133,0.008487092565593721,0.005548696028198445,0.013152463199081293,0.010957554418900645,0.015539921779952344,0.014036694337124405,0.01835924059664533,0.015097791550486543,0.01942562796189202,0.015633549840278968,0.011758529351841764,0.028946054987036725,0.020674109251490356,0.023254398908340777,0.019389214374157818,0.02059087623294949,0.0185621126060625,0.020850979858236047,0.016668671297279614,0.016221329847915026,0.013604979608929159,0.01351135520104908,0.010166993856035466,0.008825148835062024,0.00911119816426913,0.013391724258505185,0.011347638072338734,0.011945772024446666,0.014379988124986818,0.01090554348620109,0.010291818409022912,0.012174625095475011,0.010801521776873102,0.012866391638280074,0.009771718081667798,0.014416398205115664,0.011987381598810925,0.013771423416938579,0.010536267359929925,0.004893430239503069,0.007389725052402313,0.008804345308863735,0.006167565743876809,0.00594393970262619,0.005808724423301436,0.004810222476222118,0.00537187746224954,0.0033541081711525736,9.672089950704858e-4,0.003499717766823437,0.0035725227175621927,0.0015964245052441485,0.002210046963827805,0.0017472293536158062,-0,0.003140894855977498,-0,0.0013468174413623574,0.0021060426476514314,6.968046686044236e-4,0.003619325954004455,0.003608925231153918,0.0014872212673678522,0.0023712540650024897,-0,-0,-0,9.048078718484659e-4,-0,9.516087072476133e-4,-0,0.0014664206766304769
bavaria,2020.6994535519125,0.003312505504420438,0.004966237141599493,0.00411336268563894,0.006547212155654591,0.007452133958149193,0.006001146272799539,0.009672899607554079,0.010759913151403842,0.0054706877632234,0.007545747457218475,0.011097984197036333,0.012216234852964341,0.012783171116096892,0.007311714025544296,0.014972955460375015,0.014686873884213289,0.012434686626035387,0.01677790642183421,0.030397683068374134,0.031079285861553903,0.03207308914986711,0.02220874190390769,0.023254398908340777,0.020772948634042315,0.018530901476172684,0.024065968091178745,0.022869428212332888,0.024362506144470122,0.023082722435053545,0.014837716700948375,0.01821358938567527,0.01614850718550038,0.00941805283042896,0.0127519634546151,0.010349029762614797,0.013235684312280121,0.008799144428611716,0.011878156537120226,0.015144605161548193,0.010900342395795225,0.012174625095475011,0.013979478926148921,0.010936750039578199,0.013677798709381312,0.012450290359226115,0.017313682022292963,0.014426801089835895,0.014484016992994944,0.007951407900626716,0.01023460711837594,0.009901742675820701,0.008221849954368686,0.009901742675820701,0.00967810057519137,0.006255976304517954,0.004883029261810867,0.0067084327032152545,0.004841425371845957,0.005501891055171599,0.0030628902030005773,0.0047946210354257255,0.0016588264584213117,0.006989269689443552,0.006006346873211892,0.002511660657093224,0.003302104842938069,0.006063553512041092,0.006313183217977983,0.0020852418093770505,0.005070247178565313,0.003608925231153918,0.0022308478520263295,0.0031616961165344864,0.003260502217811224,9.204081456366061e-4,0.003463315329682109,0.0027144708483027614,0.004565800441571103,0.007602955789610853,0.0031304942288193816,0.002542862173487819
bavaria,2020.7185792349726,0.0066252220356052575,0.005793122682923962,0.0032917041835359632,0.005725515195395651,0.00911119816426913,0.008570306212628472,0.009672899607554079,0.008965572854586027,0.00638599210793978,0.012263045869935648,0.012023790003689352,0.015971652572796494,0.005475888310578272,0.012798774953864125,0.008419481575428201,0.011014766504952585,0.015987257367367187,0.021194318635769496,0.029528782538198756,0.027718186166832692,0.027380007050267125,0.028337319786994587,0.03270268116534689,0.02977852491633041,0.028144815266662404,0.031630818325326764,0.020850979858236047,0.021797768041415647,0.026204201392723697,0.025975286569046966,0.015862419141904678,0.014952149474492278,0.01530065083611597,0.012143417799208247,0.01460885190932469,0.010713103487550278,0.012575120393330197,0.01375581928730811,0.01090554348620109,0.015139403647124234,0.014000284522855034,0.007623758835177322,0.010936750039578199,0.012372271740083287,0.015071784007000691,0.01331890555866096,0.017703813360012192,0.013168067147658042,0.017121218307182988,0.01251270533882302,0.007150491607565198,0.011306029009889506,0.016835124911993838,0.007259706739321996,0.0038481423830252345,0.008793943548885647,0.012460692850623104,0.004841425371845957,0.005501891055171599,0.007649762653835953,0.004264174833559011,0.004425388302940482,0.004659408744630301,0.003005686865187052,0.006281979439199475,0.0046282059582205765,0.004716613901673972,0.004909031709944994,0.003478916371049182,0.0065212088883461914,0.0014456200942135706,0.004456590967648947,0.005527893812761903,0.0048882297503998065,0.004612604572039852,0.004612604572039852,0.007233703115713412,0.0027404722120779263,0.003801338940633584,7.800058500578373e-4,0.0035205191709188123
bavaria,2020.7377049180327,0.007452133958149193,0.004966237141599493,0.0032917041835359632,0.008180243393012761,0.003312505504420438,0.007712171871679231,0.005278267876625255,0.010759913151403842,0.0036505281350378074,0.005657907795766694,0.002776874143198534,0.005637105536640755,0.010957554418900645,0.007311714025544296,0.00561630328583662,0.00550709160564713,0.011545281573679298,0.011477666607101606,0.012159021444997647,0.01427595946508799,0.019555676697656663,0.01990941090441469,0.010172194873091614,0.019389214374157818,0.02402434885060263,0.0185621126060625,0.01681431818101577,0.02115790380947481,0.01559713890789836,0.015456696978959239,0.015274643191165104,0.015550324889442071,0.01235666803029795,0.011540080419280044,0.007301312564138671,0.011347638072338734,0.015087388531530141,0.010629886411403843,0.010297019438569747,0.010900342395795225,0.007909801555657911,0.008258255722860864,0.00900718004430961,0.008466289174640396,0.006552412810674354,0.011321632404405547,0.00786819524397923,0.008559904499466014,0.01529024777657586,0.005117051763078601,0.01210180809998616,0.012845586495248118,0.00742613023831921,0.005325072648370196,0.005772320369706133,0.008305063176946391,0.0067084327032152545,0.007748577283341836,0.006999671088432016,0.004082160226884292,0.0037285336695298504,0.007738175734550922,0.007571751236865709,0.006006346873211892,0.005652707230202153,0.0046282059582205765,0.0026936697666516906,0.0014040189543411397,0.004175767659317145,0.005070247178565313,0.0028860800894626015,0.004456590967648947,0.0031616961165344864,0.003260502217811224,0.00369213107220637,-0,0.0018096314877705962,0.005481088858459028,0.0028496780818937227,0.0023452528858511536,0.003031688374572533
bavaria,2020.7568306010928,0.0066252220356052575,0.004139364748900522,8.216064907089019e-4,0.005725515195395651,0.005798323262531595,0.004284976543460163,0.005278267876625255,0.0026884694975347276,0.0054706877632234,0.006599218729286997,0.002776874143198534,0.005637105536640755,0.0063911927468413045,0.0027404722120779263,0.009355641565193784,0.010099380681609363,0.015097791550486543,0.011477666607101606,0.015633549840278968,0.020159107087386257,0.016424193516674894,0.018380047945795872,0.01889503249051205,0.01592483821717588,0.019217550661174313,0.014437203976637282,0.017490541199373096,0.016668671297279614,0.016845528280604895,0.016694679639459004,0.010572674748807659,0.017344892421598913,0.00941805283042896,0.013360516231799818,0.01826040580185584,0.009454459436405776,0.011316431272381898,0.012502302837021037,0.0030264880716576255,0.0060531523002996255,0.007909801555657911,0.006989269689443552,0.012866391638280074,0.012372271740083287,0.009828928863038312,0.007993014278885702,0.0059023349638452445,0.008559904499466014,0.00917360913611401,0.01251270533882302,0.01265313931681946,0.008736733906195835,0.008419481575428201,0.0062923806967118065,0.006734436064147517,0.006838449637916147,0.009584483237263443,0.005808724423301436,0.007498940686620647,0.00815944012481873,0.007993014278885702,0.006635623361774643,0.0052418641943946355,0.006609620050255059,0.005023442636186012,0.005949140297311455,0.005387479076234068,0.0028028755381770093,0.00556429769523413,0.005793122682923962,0.005054645659759895,0.007431330981242598,0.005527893812761903,0.0048882297503998065,0.00369213107220637,0.003463315329682109,0.0027144708483027614,0.0027404722120779263,0.003801338940633584,0.0031304942288193816,0.0039157474297410386
bavaria,2020.775956284153,0.007452133958149193,0.005793122682923962,0.009875737730976804,0.004092561044388847,0.005798323262531595,0.006859252377637567,0.007036076001273164,0.0026884694975347276,0.007296111834213189,0.007545747457218475,0.0064744030399512,0.016913150227306765,0.016434596803073367,0.012798774953864125,0.010291818409022912,0.015607542028834938,0.015097791550486543,0.02649034633944675,0.030397683068374134,0.027718186166832692,0.027380007050267125,0.028337319786994587,0.02761413081979635,0.02977852491633041,0.026771290182691698,0.032317640514939114,0.021527255372886592,0.016668671297279614,0.01871296666461594,0.025356181071428494,0.01821358938567527,0.02213070864223053,0.021776959324643592,0.017610181572017453,0.016434596803073367,0.015129000619842995,0.014458009756483522,0.015004164454808108,0.007270108192405292,0.016954763776679642,0.015217426418069304,0.012070600847419764,0.012221436074988719,0.01497815695814356,0.014416398205115664,0.02197984466836663,0.019014676094624178,0.01580000014155917,0.017121218307182988,0.023883884159587948,0.017604979810963983,0.015930039810160994,0.014858522641044869,0.012585522909699205,0.013469744407207957,0.012211033631454433,0.01101996760680905,0.01404189574124071,0.009501267967258987,0.014790903366165726,0.009059189078280308,0.010505061046891898,0.01572197649649416,0.008409079892435596,0.005652707230202153,0.008591109645195443,0.004716613901673972,0.004909031709944994,0.0076549634191316026,0.005070247178565313,0.005054645659759895,0.00594393970262619,0.008689926063543336,0.007332516954591532,0.005538294919439953,0.0023088512568800955,0.004524196805412104,0.005481088858459028,0.01045825161244615,0.010166993856035466,0.009199613729829125
bavaria,2020.795081967213,0.009105997253326543,0.00993294862679645,0.009053988172539539,0.017183638893488378,0.0066252220356052575,0.008570306212628472,0.008793943548885647,0.012549114111514962,0.012772768560188606,0.012263045869935648,0.02219833746225125,0.02537178868248336,0.02100184055703399,0.03108969208031053,0.026204201392723697,0.022031866678875005,0.036417949591265555,0.05034996828152198,0.04951716896071526,0.050412428768259146,0.04616008195019439,0.05745532980236867,0.04433849753588433,0.04432808866544464,0.05493060297066407,0.050204227437571886,0.04305822210445517,0.04617049118735174,0.041803999097400193,0.03772928417949908,0.03466435144516484,0.03230203081897313,0.030017862487567888,0.026115756909565444,0.024352101271867984,0.022063079910164644,0.02326480356130188,0.026890951910194433,0.019384012435137786,0.025434219173531215,0.01947764741716979,0.017157630306755607,0.027660955700195014,0.02865989652678908,0.026870141155195655,0.02997103548477827,0.02885760584026865,0.03358204144977235,0.025683941887274634,0.03696953868221401,0.03356643137424577,0.03186496123444981,0.029716089209353567,0.025657929048640265,0.025985691766443362,0.018073140390041906,0.021563670457839468,0.028087584330481093,0.018000315134246866,0.013771423416938579,0.02185499205547191,0.013823437216201025,0.014556837324433585,0.016221329847915026,0.01570637178153197,0.011233213230708054,0.014816910769176628,0.01191976605737966,0.015311053897737304,0.010863934777497159,0.016611452990283528,0.011888558914063657,0.01580000014155917,0.009776919059188786,0.004612604572039852,0.01269474945721187,0.015378673849002994,0.010957554418900645,0.011410051728448493,0.01173252347841739,0.016439798447055985
bavaria,2020.8142076502731,0.02318676871484182,0.010759913151403842,0.018931445732191323,0.018005516934847407,0.015732379642405783,0.030865958835972974,0.029024098476770753,0.02958601506058414,0.03467475838138813,0.0386763797264933,0.038853311576107115,0.04605598969322401,0.03561659473314601,0.05762191402786857,0.048679178106830694,0.05601856300809312,0.05863704818653696,0.06802407363001714,0.09038170116513893,0.0773190545603483,0.09392918251436415,0.07509019061164056,0.07925116112508153,0.08661048859363366,0.08379267541008886,0.08668861867631418,0.0693153777641459,0.07119511569251923,0.06491049634546199,0.066816108469504365,0.06523850657145298,0.05444649409961552,0.05770000056727524,0.060146771535849075,0.046274583673522954,0.05675255847568841,0.04716458293738316,0.04503069209641199,0.04605078508584807,0.04906433992784663,0.05419142779764377,0.04767464786156875,0.049548398694545734,0.057991524683785566,0.05046968428033964,0.0646293463699753,0.05707010582485774,0.05928257970286076,0.058116464091179994,0.060302952315099884,0.05118278094013288,0.052432024937366595,0.056476658254863206,0.056653650681028414,0.04331843813580664,0.04544184961843478,0.040263584017874825,0.05521690603677498,0.04051337795788596,0.03520551489054364,0.04585821497904135,0.034289703128259554,0.03785937869966785,0.023431278291807554,0.025761980481260664,0.026438319868376768,0.020205925255174728,0.02454459175201527,0.025054434845209295,0.02390469371950037,0.01949845521384603,0.023779836484946176,0.022911046528549278,0.02770257785150514,0.019384012435137786,0.02654237286256396,0.021709331052645418,0.021007042657905466,0.02757771149752676,0.02112148900867509,0.023389659559214817
bavaria,2020.8333333333333,0.03727135405766968,0.03477882785817386,0.027166695200194997,0.03437295807652782,0.03230203081897313,0.048018163793170615,0.03958706478935528,0.03407115952325587,0.0501938173929195,0.0386763797264933,0.052739135349216426,0.053577191633240845,0.05388951419999191,0.06768563228557968,0.07490792792554747,0.0762410640391961,0.10488049737588917,0.109591001488623,0.1330195916705767,0.142117629163687,0.14331170181836436,0.10960142343098073,0.11855464353959937,0.10880936176479633,0.11817417849524732,0.12939646119917306,0.10637072133845239,0.11100319371220553,0.10113949392845292,0.10954410277386475,0.09524196823993587,0.07660039172987936,0.07773046746272491,0.07230424501552835,0.09015250364495875,0.0939864859614107,0.059751115661148525,0.07131487969135163,0.06787828324235139,0.07755340328296345,0.08100626354419904,0.07120552994233754,0.07723573082460408,0.07755340328296345,0.09114743656941279,0.08330308942875407,0.10040487166300283,0.07905326011764907,0.10282239114497022,0.09276228969203958,0.08698551406110915,0.10079562689518222,0.08325100608498587,0.07167417334286143,0.07462151642382209,0.07038281063269912,0.0776783897002084,0.07315303132172642,0.061531590805101725,0.0637963183300526,0.0650666914331311,0.05586760068585457,0.05300981043631005,0.04867397323689687,0.05279118814115951,0.04826279015817629,0.03031443448449818,0.04208502568913833,0.03689148326677245,0.044921397605859885,0.041174296878384066,0.04013348348268534,0.04504630561381224,0.040742356790355296,0.0341544141216239,0.04617049118735174,0.04343293360212402,0.03654283717493163,0.03708922388012275,0.048507417673996196,0.0592305204125335
bavaria,2020.8524590163934,0.03230203081897313,0.028150018082169055,0.04198614578923522,0.036829039018782296,0.03561659473314601,0.04887696355046279,0.051026627550659565,0.050219842508455105,0.05475882188763318,0.06510834353574167,0.06477512764899426,0.05639857355248293,0.07034115430501162,0.07043488108922956,0.09177774424060436,0.08819394785523901,0.10666251844287052,0.12994382443468555,0.1391143187230098,0.14632568400506504,0.14801525908229882,0.1702508012308844,0.145506989901368,0.15323034319594708,0.14638304522163104,0.15835206483034128,0.12726440600262334,0.1418464898481126,0.1286458009880925,0.1151201352997823,0.10936693023316395,0.10355183719884298,0.10071747561383998,0.10576107910094286,0.08832416869024298,0.09651310980988112,0.08555834824825118,0.09636202988143414,0.09578376248656098,0.08967848470613664,0.09990470925048779,0.09411672130318598,0.10623003403387211,0.09908153575433219,0.11281148107814935,0.11532338516286997,0.1089448451418259,0.12522626381327737,0.1113992397457441,0.12523668888975084,0.10020689013279582,0.1043959232607713,0.10854881780110667,0.10367167574345855,0.10450013236676062,0.10071226553259024,0.09783117056347579,0.09157979555399275,0.07905326011764907,0.08729282861323055,0.08001152463333412,0.07801168828155541,0.07515788834347019,0.06912272148313099,0.0603393945644198,0.0515731664653627,0.05390513037756864,0.04349018142982043,0.05569581650744549,0.057975907278971214,0.05635172278733789,0.057975907278971214,0.04821074189902891,0.052973373323284646,0.05724710027096148,0.05655994873331235,0.05972508577493102,0.06030815834915091,0.05897022474267987,0.05946999357957668,0.08705843599387504
bavaria,2020.8715846994535,0.04058623474975733,0.040575826630383116,0.03210430840902899,0.04665972768415453,0.04970454764503421,0.04887696355046279,0.06070902453648832,0.06547280085679431,0.061151542747440196,0.05472238354903707,0.08237080546573021,0.0912099460798259,0.07948031060094835,0.07775650636353863,0.09271540615260639,0.10934087549867683,0.12535136486896575,0.1494180652864788,0.1774351794638469,0.15390834254824878,0.14017797133297732,0.13877020047787916,0.1360329773560131,0.1414241410382323,0.1291827304522923,0.12870835559179158,0.15289134683478992,0.14441715596713092,0.11864324538789973,0.12627920709250548,0.13114804383424775,0.13292053870415843,0.1113314948156288,0.10454181606763317,0.10661562236922502,0.09967025977567869,0.09878457129914332,0.11014336731193339,0.1012436965086922,0.09877936141155513,0.11637091628628912,0.10812152852667138,0.09913884487950166,0.10495344440792327,0.11806473016245232,0.10397908892516249,0.1168295435195708,0.10345284034855604,0.10527128624183203,0.10643324915155694,0.11178486641363333,0.10079562689518222,0.10705853141790869,0.10755355187783931,0.10112907368191361,0.10365083423759902,0.10551618209470898,0.10613103208474618,0.08456352225487922,0.09444491581112924,0.09389271671730506,0.08798038639178628,0.08274059207672407,0.06611321062292938,0.061594064724238874,0.04892380758150823,0.04648797392160217,0.06103700826104871,0.05848087241070243,0.060146771535849075,0.05707531153526481,0.05872034212544367,0.04741961477407348,0.049709752618123014,0.04893421737191641,0.062338551370624266,0.07240318258326939,0.05299419452759971,0.06468141106556755,0.06025089200322708,0.10460434168159341
bavaria,2020.8907103825136,0.027327979689076375,0.03477882785817386,0.03704759421482783,0.04092449976348459,0.05468073976476109,0.05831428543348003,0.05718983729600024,0.06996104185641008,0.06845624039512171,0.06699834279550922,0.07681390646126691,0.0705077798159773,0.08862628228334923,0.07958967775223431,0.07678266034825244,0.10658435834363188,0.12712887488655547,0.15207776458458633,0.13214897468794198,0.13790470101890068,0.14252955506014303,0.12878654895224234,0.14404693049811204,0.142117629163687,0.13193523262739154,0.11974817523531693,0.10637072133845239,0.11678263827592612,0.12426716571830046,0.11574031044515157,0.10406766594190128,0.10774635059522392,0.09246536132285237,0.11853900793497896,0.09319987143182129,0.1148230792366133,0.09311652224510958,0.09949312087352584,0.10731385717193427,0.09756547183367548,0.08832416869024298,0.11512534682481236,0.10043092192046567,0.11343684004572993,0.10755876264458336,0.1046460254659955,0.1063186148849664,0.11862760975663811,0.10955973567408248,0.12124924962219943,0.11839828770498635,0.10542760261052947,0.10308811673691012,0.0915485405670934,0.11366092883940926,0.09630993345616488,0.09399169536882211,0.09594525994064868,0.08806893616043716,0.09648706151504222,0.09442407800300959,0.0913037104863332,0.09031919265036124,0.06190643544581538,0.05342103105331768,0.052234225971386564,0.06064655168064202,0.04138246205745415,0.057085722957636593,0.04927253669461139,0.05346267382877782,0.05425909832725232,0.050578990433010104,0.051338934798528385,0.052629824655742376,0.04617049118735174,0.05520128946524677,0.05391033577114022,0.06372863538799219,0.061031802154021826,0.14364020696502205
bavaria,2020.9098360655737,0.048871758660731866,0.03394627787563679,0.04198614578923522,0.04911638904139167,0.057991524683785566,0.07376229138369714,0.07039322471983507,0.06368177801817299,0.10225968260915033,0.08399580286170043,0.09070466302188564,0.06956531130045197,0.10234304645245036,0.09423653810569987,0.1058444485576973,0.10474502458787928,0.11911752843695887,0.144104289201038,0.1469462314356128,0.13874934489984866,0.14801525908229882,0.1426077692065646,0.12729568246418982,0.1414241410382323,0.11679827335244188,0.13008457591223319,0.11513055835035894,0.1129313409643482,0.11301472191769556,0.1027338162494105,0.1017126107038063,0.09935766212021707,0.09364266622633866,0.10393219527149783,0.10356746829769325,0.1148230792366133,0.1076004487973565,0.10888752520846458,0.08789704557079864,0.09392397311322111,0.09380936642004664,0.11512534682481236,0.10558391944913424,0.11735071574013127,0.11149825172544202,0.11999835129070395,0.10960663440294578,0.11664713447640944,0.12426716571830046,0.1229588593409846,0.09745085711446294,0.10285365290883798,0.10755355187783931,0.0993107726339786,0.10450013236676062,0.09092865387472242,0.09831568350699259,0.09157979555399275,0.09508047297005731,0.07145547256367898,0.07787628547523391,0.09185588208748631,0.06933099857497446,0.06791993759711434,0.0597094678494595,0.05686187783603229,0.04715937821904849,0.051911502957923635,0.05221340507136652,0.04854905651470802,0.04189767445922572,0.04682627732900959,0.05770000056727524,0.052973373323284646,0.049855492076208964,0.06002703325609609,0.05972508577493102,0.05391033577114022,0.06944034438214132,0.074345521378308,0.15885278973798167
bavaria,2020.9289617486338,0.031469520490122936,0.03477882785817386,0.04363590345745065,0.0499335669539198,0.051364960487188,0.06088603136897156,0.054545397696187735,0.06457728172651246,0.07302284847340589,0.08493853295981303,0.08329267275582708,0.09497107323348798,0.10783493402936985,0.10889273610888967,0.100217310194541,0.11578200315723085,0.14137199944774181,0.12994382443468555,0.1591396655555091,0.12443396411627317,0.1331186448256778,0.12265133393467888,0.12292758548777936,0.11921655511397387,0.12367816315594587,0.11768426870258789,0.10839249204950667,0.11036223086493947,0.11551621269041977,0.10706895285271611,0.11231119931890043,0.09815938851582744,0.09836257209595237,0.1002850406467776,0.10417708481795027,0.11103446039466008,0.0975237937247303,0.10262440041025511,0.10428129348538319,0.10362999274009274,0.11698068292577411,0.09348117592329351,0.1023638874341574,0.0977738628794734,0.11806473016245232,0.11866409290355802,0.10434902923120368,0.12192683211611992,0.1003684013244863,0.11725690435494007,0.09965983982355406,0.10285365290883798,0.09862306502672175,0.09542951176340762,0.10932003172049469,0.10071226553259024,0.08871483315189119,0.09546076908307556,0.09608070980501165,0.09086614470245125,0.09335615151698876,0.09019417584621585,0.08390726002882991,0.07573592641197192,0.06348393625553311,0.04098694892970919,0.03570505537734031,0.05822578631889698,0.04037286871897694,0.04927253669461139,0.03900942841394738,0.047565347813769705,0.049787827277014945,0.049709752618123014,0.05816852226618628,0.05425389289877397,0.06968507154564868,0.06762315104747209,0.07515268082251078,0.08295934032393447,0.16003159866155064
bavaria,2020.948087431694,0.03478403133747756,0.03311894453518363,0.03951420939739868,0.05075075770857362,0.05219258417968321,0.06432216572708059,0.06070902453648832,0.06099015331659387,0.06662866811473764,0.08872004203121035,0.09719037005575833,0.09685694852468309,0.09228303772581363,0.1006497445983511,0.1058444485576973,0.11670446296388073,0.14226362784227714,0.18218878868850952,0.16001073455449472,0.1598020939443649,0.14409907477088746,0.1395366487726401,0.1615338363699107,0.13865028101843457,0.14431808128753548,0.13835830436052696,0.11850252487582418,0.13027745818542782,0.1286458009880925,0.11574031044515157,0.1140726293725758,0.11194120236395583,0.1113314948156288,0.10515144401072181,0.10600597726053301,0.11356191274172689,0.12524190142877714,0.1082622209488317,0.12430886526763578,0.12061858461891871,0.12979264734611312,0.1380559016931231,0.13330111165794736,0.14019882748399332,0.1364500687172716,0.13401534513099586,0.11814811934749886,0.1291879433868893,0.13468788050766348,0.11725690435494007,0.14707659948416424,0.12705068401873243,0.1269099407529489,0.11046124087011093,0.1208948253731659,0.126659731443236,0.11415601215597769,0.13379116860501125,0.11261345230625228,0.10722006389211985,0.11151388521315193,0.09905548617286344,0.09732061342200124,0.08355829856728368,0.0810948014375407,0.05553964956498517,0.06536346339226674,0.05963137829245168,0.04385448726457489,0.055071151551591854,0.060693406315487454,0.06318717502292207,0.06876865234151837,0.05949602333809597,0.06925810149793486,0.09468976068201622,0.08780328730685216,0.09414797783374805,0.1027702882469612,0.10254624638038597,0.2177737777145207
bavaria,2020.967213114754,0.043901326771355345,0.04471842273285485,0.04693037112793482,0.05403005996703544,0.05882445973669459,0.06088603136897156,0.06246870747334698,0.06368177801817299,0.07576196431404192,0.08493853295981303,0.10645409177263339,0.07709512232328666,0.08314163123287827,0.09881583063561672,0.08803247447272687,0.1019835408327923,0.12090003747697124,0.13259731454720425,0.16175291632837865,0.15727760890652107,0.17782651397322266,0.1748628805916114,0.15789307123398522,0.15392398879150057,0.14157013776974903,0.15559294843902963,0.13130965115742732,0.1373468264727872,0.1217704661415576,0.1318570345320672,0.11583933069093325,0.13052247183436108,0.11310331432711965,0.11001830283809266,0.11942503294516345,0.11735071574013127,0.12524190142877714,0.12267218305729728,0.12006089549261768,0.13214897468794198,0.11881002574718628,0.13869199210339725,0.11976381120351971,0.13889533412171737,0.14367670766497628,0.13134614320313698,0.13654912840720174,0.1351258151964457,0.14020404152305724,0.14518890203861967,0.12998031552191108,0.13323333818836425,0.12244284316826333,0.13228973213444073,0.14549134619048992,0.12371986223294824,0.11896117090983853,0.1328162726275603,0.11511492377528032,0.11131065023950215,0.11525563512023898,0.11180049998751249,0.10781930164767521,0.09258517432040937,0.0810948014375407,0.07936052779441755,0.051880271804847534,0.06805531448055421,0.06962779487223103,0.06667552814008557,0.06141184933654309,0.06616007018377265,0.06006868132212452,0.07172624509252679,0.07387685390208906,0.09468976068201622,0.09052234559813248,0.09597651757033565,0.1113419171068255,0.10411455971772794,0.217575348817489
bavaria,2020.9863387978141,0.02898767816698684,0.025668334182533628,0.03869199133606432,0.03765122762362214,0.04804939262675356,0.059173255253373386,0.03782295220121339,0.04932458601655036,0.06023527391983167,0.06794076478701136,0.05181260437086714,0.057340803456906786,0.06302577927409199,0.05670570739161041,0.053363772291514615,0.06796679878611611,0.07108576619535387,0.10781930164767521,0.09821148679402092,0.12359476510224554,0.1331186448256778,0.1318570345320672,0.10544844482852686,0.11852337233506573,0.09341866368256926,0.11286359403820305,0.09828442447117665,0.11871099984434545,0.0998942892513832,0.11326486557992718,0.09641933600952259,0.10774635059522392,0.09128808307350944,0.08325100608498587,0.08832416869024298,0.10030067076367166,0.10382277691074593,0.09824274578599146,0.08668341000048602,0.09816980816729039,0.09563789424946126,0.10430213524393123,0.12363125173427847,0.11604779498260413,0.10230657475455913,0.10798604729472615,0.09252266315680532,0.09026710227877408,0.10955973567408248,0.10871035490481343,0.10627171912147412,0.10696994930637503,0.10556828774412522,0.11046124087011093,0.10402077220835775,0.11490646322338252,0.10455223699807226,0.0920642502531988,0.08556355681139244,0.097508164442491,0.09015250364495875,0.08742825594154204,0.06699834279550922,0.09077759017036535,0.05907954876531765,0.06281752743514266,0.05322843365061269,0.05261420886114938,0.05012094713870531,0.055071151551591854,0.057798910352190994,0.04682627732900959,0.05770000056727524,0.06357244431945923,0.06648808829205623,0.08775640823826689,0.07602755165991182,0.08225622423259621,0.0713461225190149,0.08061044892325392,0.17839004084064478
bavaria,2021.0054794520547,0.02318676871484182,0.01821358938567527,0.019753351398926422,0.03519510784809772,0.03312935116212396,0.03171927218930691,0.02726554692435965,0.03676139116807025,0.05202081214140184,0.04150736156489537,0.05922010856072229,0.05169809045241773,0.059371080616026674,0.05670570739161041,0.05898063654445748,0.06705040986310049,0.08264163483862061,0.08924614152983328,0.09299149871554319,0.1017126107038063,0.11273852302181979,0.13416132106281156,0.13020968865656382,0.11435925825066606,0.12643037396695297,0.10941903974129678,0.11985241511212445,0.10715232440635869,0.10676673209126836,0.09653915811777417,0.09877415152449469,0.09696114252348671,0.09187671886648552,0.0984563494006994,0.09929514281462441,0.09272582471327251,0.08618858817565475,0.08759493621442582,0.08728761987688023,0.08786058400362123,0.09380936642004664,0.09093386297580063,0.09720599924248063,0.09647143254439744,0.10230657475455913,0.1066520970895172,0.1089448451418259,0.09422090981145702,0.10159798684340937,0.11668882791557715,0.09690383579830832,0.09564831339568466,0.1020981655430719,0.09203299497511307,0.10402077220835775,0.10903343061766563,0.09495544471847757,0.09691425519818925,0.09508047297005731,0.08013651695902932,0.09015250364495875,0.08465727467756495,0.07399141667287135,0.06491049634546199,0.06851351577811579,0.04826279015817629,0.048507417673996196,0.05261420886114938,0.048731226834851364,0.05434759069115682,0.050568580313332466,0.04830963363594865,0.055326222168768105,0.05949602333809597,0.05816852226618628,0.07504332300277293,0.066066351104313345,0.06579560804578126,0.08181873457389464,0.07748049467830961,0.1892860941420782
bavaria,2021.0246575342467,0.01832282775565302,0.027900283525187867,0.02225035969135124,0.021386797426959762,0.03435214432696426,0.03633469136879395,0.029929411517696826,0.04120031748019919,0.041023377644647675,0.05898063654445748,0.055393894175165576,0.04693037112793482,0.05894419524735939,0.05447252134363683,0.04913720870139721,0.060547636479052515,0.08960555909907471,0.11146698476411673,0.11605300660060082,0.1431917718851209,0.14688365488839836,0.1490269445103401,0.1389996123882689,0.13816539211098225,0.12043095022653709,0.11516703904382701,0.12330808531279451,0.13251911545622921,0.1185129486044002,0.11089376047166802,0.11120121635192563,0.10694910647853177,0.10000890935636837,0.09957127031480006,0.08719907143870623,0.09711743391315243,0.08437601791658791,0.09857096633617073,0.08931385769352534,0.09314777817447048,0.09921699378833937,0.1021971598143796,0.10097277023440178,0.09313735952926272,0.10283281173083789,0.11062799498916308,0.10054033314430416,0.09371038811558008,0.10595387117253637,0.10470334072411835,0.10704810998518986,0.10581839558810431,0.10503681256984511,0.09532011129251444,0.10098840055800865,0.0975237937247303,0.09272061543267562,0.09101199955463875,0.08667299265038914,0.08802205685236349,0.08162082379459776,0.08690738353234188,0.0651395826345987,0.05571143322749014,0.06905503160790008,0.05514402874311522,0.040705928272291775,0.05308789005018771,0.058912959870170284,0.050688296815447106,0.05139098618886756,0.054982657956341156,0.05206765900465996,0.06112030604431313,0.05221861029559286,0.048101440724402096,0.08606878991552354,0.07144505826380353,0.06660263478556433,0.08919405223315048,0.1750924517901398
bavaria,2021.0438356164384,0.019118714235009465,0.018874224935293928,0.02389949132873866,0.021386797426959762,0.03353000788291687,0.0346851653196942,0.029929411517696826,0.03330626413875032,0.04191328703594023,0.039920119309618834,0.03473199656784876,0.04140848276343457,0.053327334930468304,0.04357345110989112,0.045499099657830486,0.060547636479052515,0.08228747363477122,0.08933469345394154,0.10207732466786852,0.1016344580443095,0.11257176213457877,0.10771508588979442,0.09412193072364448,0.10483360290932678,0.10688136734574091,0.10438029191288134,0.10712106005807615,0.10200959188112192,0.09631514309634082,0.09167356062740721,0.08721990635176487,0.07887619143362846,0.07737113196299335,0.0749547954123836,0.06781059498701483,0.07464234629802248,0.07555366146252562,0.06715454415468593,0.0874386734429447,0.07983445268623829,0.08226664069790321,0.08210518572012768,0.07809501326069404,0.08606878991552354,0.08133958345659757,0.07328842182970838,0.09187671886648552,0.09501795880669037,0.09343950108779599,0.10286407350097039,0.0865323586283435,0.09754463277502726,0.08081877203239668,0.08041254274260168,0.07475170327449465,0.06998707686699421,0.08339163123288015,0.0760744201558737,0.07497562542009331,0.06939868880944058,0.06415556003569486,0.06919041144647584,0.055669788651134415,0.05042804390166324,0.049053930111389414,0.03865556425435226,0.0400398112988978,0.04696159930824563,0.04542103143791714,0.03730778016972627,0.05506074053256903,0.035179497288331224,0.03546048808108249,0.04422400007564283,0.047242653774957004,0.045270099878427526,0.07427261727124679,0.06773249326342556,0.06566544361556387,0.08723032381142756,0.16427761864712806
bavaria,2021.0630136986301,0.022307584203469774,0.028722330965627346,0.02142841455657151,0.018921041946253322,0.0261677830579091,0.014863724127366848,0.029076127535001273,0.025418611543743832,0.02764014463703324,0.039014632316617226,0.030975223788524315,0.03128220750292925,0.03648039334560602,0.044484221940807325,0.03730257643787271,0.04936622551161262,0.050271892778607524,0.05924093226642946,0.08199581327806661,0.08468331704720188,0.0791001313408147,0.07407994262316682,0.06795638518491127,0.07435072881844113,0.07438718091395159,0.06799283279824914,0.060604903151775,0.07085665370883233,0.060172801633146936,0.06316114341664944,0.06386400136020891,0.05549279957370351,0.06188561067266464,0.0509329357420536,0.05569581650744549,0.05399882754153039,0.0730332630892781,0.052713108972787366,0.057439712558591385,0.055024301982406716,0.057450124053923676,0.06384838219158666,0.05776767566294422,0.06228648902075256,0.07417888356949189,0.0693570332701088,0.073220726531653485,0.05568019979209666,0.07104931641406113,0.061817930217524526,0.07969383715778582,0.06556131230598523,0.0746371388286916,0.06998186986383226,0.0689248590185716,0.06032898249057867,0.06964862274617534,0.06306742974196511,0.05987605929634942,0.05883487150928615,0.05080801359317855,0.05577390015455183,0.054555808612033296,0.048085826289634544,0.044812103345024334,0.033587244809318705,0.031360254498927265,0.027900283525187867,0.03760959750839559,0.0211110847845598,0.02788987794467474,0.03958186082939892,0.02112148900867509,0.03537723139160021,0.029835757713583645,0.03489330452319398,0.04360467727429517,0.03524714308114974,0.054404850536288504,0.06663387478213284,0.11175359927996976
bavaria,2021.0821917808219,0.010354230797883906,0.026256227629550655,0.01565955766473659,0.024679855758947315,0.027806633375535787,0.01981577514491542,0.02736439883644126,0.016653066298220602,0.03209910519786996,0.028124004009853,0.032853576251881456,0.017480137701716886,0.020575270056807718,0.030860755748723896,0.022744573463521888,0.04563962274903346,0.031984634684030094,0.050396813639544125,0.06104742047666037,0.07027346284369458,0.0799177805862344,0.07637125494463122,0.08290725732446501,0.05593006780052438,0.06423886281466018,0.0646241399032803,0.05319720170657942,0.05693996323413307,0.05383746030859666,0.06501983285756448,0.05526375577948777,0.047310315262332724,0.055336633240943664,0.04214747624911348,0.050240662610264004,0.051567961305745195,0.04531694066035277,0.04455187983905281,0.05431635807494059,0.04957962844713192,0.04474444510819792,0.04742481951846127,0.06221360181850746,0.054576630449977535,0.05204163296430165,0.05823099214499452,0.056570360052498866,0.06092247402692298,0.074345521378308,0.06365574616429134,0.05007930703929415,0.06941951659161984,0.054035265373107176,0.04466117355294808,0.05046968428033964,0.05259859307124008,0.05590403982695615,0.04957962844713192,0.0515939871090315,0.05983961737173909,0.04464556015118712,0.050407223724835054,0.043417320569147176,0.03810916109077172,0.044208386805146015,0.034222058580943855,0.022687348470507424,0.03266625827902234,0.03760959750839559,0.030970020690342243,0.01981577514491542,0.023452087670595173,0.030179155819956553,0.031355051362219034,0.031490333085906506,0.023571741760226996,0.04360467727429517,0.04916323328812339,0.03282235654288404,0.059771939579495954,0.08231351481760345
bavaria,2021.1013698630136,0.019118714235009465,0.01477009745312464,0.02389949132873866,0.02220874190390769,0.0261677830579091,0.026422711937203202,0.0205232495034856,0.025418611543743832,0.022291977512103288,0.02630825391843593,0.029096939172869766,0.02760372529654431,0.020575270056807718,0.02995542649321534,0.02729156056721828,0.03166203731896339,0.03930084776529651,0.045972716037679044,0.05842881392298998,0.060110329421515715,0.05870472450173285,0.05726792318657494,0.05376458494818435,0.05168247493762544,0.05341582570873286,0.0551960839424501,0.05858498954247292,0.046342243901273755,0.0500324619673039,0.053249254957050386,0.04789324864639044,0.043807647799979754,0.04045613340731572,0.0327807302933699,0.03571025894933535,0.04975139242161237,0.033982701658544,0.042043392024161394,0.031833742118984515,0.04231921567576922,0.039904507331330934,0.04073194863973225,0.04252218118399032,0.04558757711542618,0.048788480495843896,0.04710212635171474,0.05391033577114022,0.039951343280261994,0.05459745229625926,0.0569191404498419,0.048939422267904854,0.051781373277189374,0.043739990870057005,0.04317271699782613,0.044156342604004487,0.038603525610453805,0.05983441138459054,0.05006369201060645,0.041856040944250744,0.04474964958482576,0.040539398228981796,0.031100098301149643,0.03784897112608203,0.035179497288331224,0.030881568100855482,0.021542861834745457,0.022687348470507424,0.01973254350024748,0.030512150088812164,0.022520876121625445,0.022016260070259024,0.027848255643444543,0.024138801842335366,0.02974730705346839,0.025689144456566518,0.01980016920139427,0.04242850469714187,0.033389517512484854,0.03375895596653853,0.04898626635521609,0.05450895950714556
bavaria,2021.1205479452055,0.017526953457563752,0.02297347406533756,0.018130360305438,0.013162865830947456,0.017173235457233083,0.0247735002775484,0.01881180231957845,0.014021090127885627,0.02318156639590512,0.02086138403030935,0.02064809891888209,0.017480137701716886,0.016835124911993838,0.02450817457949941,0.02092380910645847,0.03445621315808642,0.0265007516399071,0.03536162077716536,0.0340035152602333,0.04994397694647196,0.04402102792481568,0.04886655377151615,0.04405225435799227,0.042475342919471665,0.03650641159870935,0.04442176857440393,0.0343365340202617,0.039056263556700985,0.0392644202570655,0.03528877130508677,0.03560618760842813,0.023358445531629923,0.033316670803178516,0.035122258609295104,0.035106648071403936,0.02668804740423121,0.03020517092041948,0.03450824765175377,0.02621460663592027,0.028410159521071628,0.036277451418165865,0.024924372356685764,0.03109489519046689,0.04173114059930998,0.03642315323459947,0.03270268116534689,0.03127180124564645,0.03339992419357441,0.04275116886229263,0.03549170937400516,0.043245577515768664,0.036350302275351375,0.03293162560639593,0.03373814246273667,0.024258457512136344,0.03329065414601013,0.031381067050978005,0.03657926277666397,0.035039002461352296,0.024128397014494946,0.025137675008584763,0.02466424835557219,0.02782744450532282,0.021688522371262946,0.01877018728406492,0.017105613172310023,0.016679074632589212,0.017011982461439912,0.01418753526780673,0.018999070391522415,0.017615383333597048,0.01172212113268813,0.014333175202281044,0.022510471617515317,0.019888602943288165,0.01602887017579082,0.030637023489394902,0.024112789776640834,0.016876738398920378,0.03232804698151775,0.040185523657696176
bavaria,2021.1397260273973,0.007967010288569753,0.018874224935293928,0.014832515217222104,0.021386797426959762,0.015534720225985062,0.026422711937203202,0.02394111046938264,0.019279973763960682,0.019612898244428863,0.01905108942008456,0.0234624923631118,0.02115790380947481,0.03273910407717774,0.018151167563010037,0.017282471641719487,0.02700541121156181,0.027416426234070354,0.03978481565348968,0.04621733278034269,0.05164083358776383,0.053811433382442334,0.044281248774252845,0.047783948139108676,0.041059806385100615,0.04258983652944474,0.03970675601202125,0.04039368487856222,0.046342243901273755,0.031027254799008065,0.034050345894491164,0.03929043990319717,0.03796345455015071,0.02736439883644126,0.034534264918116224,0.027837850073342565,0.0345758925713617,0.02454459175201527,0.030116719631940177,0.030584992869379296,0.041111847487164524,0.02962243578944013,0.03404514248860458,0.044426973018742204,0.040445725313982044,0.03317097769070606,0.035319992494909205,0.029939817506343593,0.03733379883682261,0.03946216989421609,0.04161144471692278,0.039831651494615566,0.039654716316139725,0.028810779882300387,0.03969634806867859,0.0320210570929211,0.03087636501203877,0.02843617373653753,0.029840960698278855,0.028228060377190212,0.02362376536333145,0.0307879125818611,0.031636021489628394,0.025600700849446347,0.017584172771942085,0.01453083005150185,0.013303301564821176,0.024685058227776162,0.012247442192931599,0.024835930050308833,0.016892343465108452,0.02128275474865587,0.012455491604661598,0.017350094156640673,0.016075684625069052,0.015742782790398663,0.01602887017579082,0.02592326061329614,0.021329573928131205,0.025319763330527854,0.030366464833802426,0.026625615407831257
bavaria,2021.158904109589,0.01354256331828127,0.025439421717838546,0.018957455206140072,0.027145884334841594,0.0261677830579091,0.028904431840409462,0.02479951267375945,0.023665384283293667,0.02050764334763409,0.03356643137424577,0.03003867450234462,0.02760372529654431,0.033675702001315866,0.029044910093815986,0.03184414848872373,0.0428448459304193,0.038384963874768564,0.049511964006903206,0.05232271488947558,0.05587280627587468,0.051359755348411716,0.05192191334645064,0.05301501574025177,0.046722183738465074,0.05070911710481969,0.05721586591316701,0.04780476726563504,0.04568125929342967,0.040528990118982186,0.04148134080943615,0.03560618760842813,0.03971716395744708,0.03747950361312576,0.04566044101706425,0.046607681029531826,0.044895375141964296,0.034612316795295764,0.03513786915187837,0.0343313305857317,0.03869199133606432,0.035065019993264036,0.03525755013400977,0.04252218118399032,0.023748622223149062,0.03317097769070606,0.04055501039788441,0.04658165772175836,0.03536682431478768,0.03946216989421609,0.04650879252926853,0.050646656261710624,0.03414921070531789,0.04270953466396093,0.04118470511754649,0.03541885971967867,0.03425848255702427,0.03873362231784216,0.031766100766444566,0.036990353479453966,0.02965885654380517,0.03129781689276104,0.024128397014494946,0.026714060758184326,0.026381090810323773,0.025429016629750174,0.02534577599999638,0.019347598876551086,0.017011982461439912,0.021287956877624414,0.016892343465108452,0.020549259773638633,0.013922263578133053,0.015087388531530141,0.017683006281443467,0.017402111535642723,0.01319927505886443,0.017672602745281225,0.01762058509569122,0.02156887261491116,0.02350931350519697,0.025959678776853377
bavaria,2021.1780821917807,0.01354256331828127,0.024617426173565,0.023077520126531876,0.045254486293824905,0.03271308770898183,0.04790365823049482,0.031641224654456436,0.025418611543743832,0.04012827946804521,0.03266105501163332,0.0215896812484138,0.03312414784839057,0.03835374084466644,0.030860755748723896,0.0345758925713617,0.0400502193109858,0.05393115735062581,0.05128167832933688,0.06104742047666037,0.060110329421515715,0.05544074407733734,0.05726792318657494,0.06422324353344092,0.05097457652503765,0.059501229291366864,0.047112535777450046,0.05319720170657942,0.04435411084544763,0.04496823807368052,0.048913397793183974,0.04175195730263332,0.037380632470395025,0.04343293360212402,0.039217584926829904,0.04176236565742,0.04367753839749353,0.044057458765341895,0.039529821258513495,0.03932686742965571,0.0447392406320852,0.035673833956322454,0.04559798623797571,0.046331834629735294,0.04430206649845806,0.03902504012351348,0.05233833059653209,0.03393587108520574,0.03471118267457441,0.047357157882094554,0.050792398345672556,0.048939422267904854,0.03524714308114974,0.04580096454427208,0.04167909887746007,0.03493493246386896,0.03811956871643935,0.0333426874733578,0.029840960698278855,0.02773899726122771,0.03368090537024011,0.026677642066292553,0.030023065490478285,0.035065019993264036,0.023452087670595173,0.016954763776679642,0.02344688532511468,0.017344892421598913,0.023816253147388236,0.021287956877624414,0.016184918503956883,0.014676470947463945,0.01978456326255091,0.019612898244428863,0.017683006281443467,0.012429485382675126,0.014140722518355953,0.034175227792043225,0.014837716700948375,0.016876738398920378,0.026448725158426525,0.019659715920440905
bavaria,2021.1972602739727,0.021511648915717375,0.03364448179872187,0.027197911513841405,0.04360467727429517,0.05808002339967788,0.06029774628156429,0.06415556003569486,0.04207461726977337,0.04191328703594023,0.047180197095524394,0.044125116108322,0.045087941683140294,0.05052173480057608,0.04720622070283763,0.03730257643787271,0.05029791793322435,0.07313740936271639,0.06455124942433245,0.06802928043713369,0.07197098301441125,0.08644902012808753,0.0687269973068854,0.08365204917764194,0.06797721238940639,0.06017800765416781,0.06260407016576519,0.06262489522664405,0.057606296734054936,0.06461372697145998,0.05510759013458939,0.05526375577948777,0.05549279957370351,0.04998041193681887,0.05737724363037419,0.06053722436351458,0.04975139242161237,0.061692981916382256,0.05585198391890941,0.0430738350296186,0.047763129020911836,0.05382184415134199,0.06202097184721337,0.05141701190357862,0.061005771626723083,0.04033123642481093,0.05168247493762544,0.056570360052498866,0.04912679887035248,0.05788740874027362,0.06916437683476344,0.051786578458163514,0.046269379044268207,0.05351993269948451,0.04664411368230081,0.04707089808701724,0.04535857694637724,0.03971716395744708,0.04957962844713192,0.045754123326343904,0.040721540491192455,0.040539398228981796,0.04128878762375218,0.031167738787361735,0.03576749827561323,0.026641223399901156,0.02724993874489564,0.019347598876551086,0.01973254350024748,0.030512150088812164,0.028155220898190492,0.02274977573873999,0.013922263578133053,0.021875800803470166,0.024117992188736462,0.019888602943288165,0.014140722518355953,0.028280088638943494,0.013911860794347813,0.030007456483303132,0.021548063989735425,0.025673536750258193
bavaria,2021.2164383561644,0.025496649739538132,0.04596230684011177,0.05936066873607134,0.05430594720703528,0.06544676810628891,0.05864745992160384,0.05816852226618628,0.06137020019471945,0.06332774592199385,0.040825622070337214,0.060089505367650495,0.05429553634121432,0.0467794351874785,0.056289255166136136,0.06644122843562013,0.059615760395118886,0.08594899193138446,0.08579273410597368,0.0846156069132787,0.09824274578599146,0.0815531176482878,0.08707406213562643,0.09187671886648552,0.09065257226415695,0.08792829836301616,0.0760744201558737,0.07880328097428044,0.0788084888608465,0.08870441539482975,0.07183559593654887,0.07369980284368877,0.08589169734088149,0.06903420397170902,0.0685083089225121,0.06781059498701483,0.06674842159678851,0.06799283279824914,0.06213550850089821,0.07368938809432042,0.06167736339985242,0.07076292616438713,0.059589730576662496,0.05840278469868053,0.06871658355344093,0.07743362491501198,0.06346831720107006,0.07655352275984226,0.06617048342525081,0.06644122843562013,0.07223134377027683,0.05976152761928274,0.07382998738678877,0.060214449815930805,0.05905872512423732,0.05629446079837297,0.05405088159445467,0.05639857355248293,0.04669095570193298,0.04770067171633308,0.05782493927422557,0.06107345102480801,0.04504630561381224,0.04174675312602411,0.03576749827561323,0.040575826630383116,0.027879472366243843,0.027359196099544254,0.0367509838142395,0.028384145318614166,0.03942053832916226,0.024955587324263617,0.030782709502421277,0.02716149248307872,0.0273331824228501,0.026516359594498717,0.022630123540467888,0.030637023489394902,0.026896154600248367,0.0243781134572741,0.03722452052251837,0.026531967553775116
bavaria,2021.2356164383561,0.03187016442218581,0.05417060611394176,0.07421012811797,0.0625415950331747,0.08100626354419904,0.08509999673510564,0.06843541299876393,0.06487925738423442,0.07136174393989163,0.07441842558758685,0.06948720694131315,0.05798111308005291,0.05145865307419943,0.06810217579154891,0.07645978494651215,0.0922517823162226,0.112493593152783,0.11235288928166651,0.1274103629842074,0.10248372324106705,0.11665755783306733,0.11536507754067267,0.0993524521752163,0.09986823926275969,0.08995456114505102,0.09359578189314587,0.08824082731827128,0.09007436835761612,0.09250703537764893,0.08609483299207217,0.09029314745804215,0.07770963635145964,0.08868878876313935,0.09253829094065841,0.09325717407517997,0.08132395903797736,0.08752201352929827,0.08160519929146738,0.07993861258209745,0.08043858298649446,0.08407913743036431,0.09793015671187714,0.09461682804672934,0.08799601281058879,0.09697156193485039,0.08049066351340668,0.08987642615513632,0.08845959870457751,0.08356350693009447,0.08815748607987794,0.08824082731827128,0.08540730014418628,0.0813343753165378,0.07445487773055293,0.06940910269948743,0.08302704830123032,0.07406432038569533,0.05873075387718815,0.05598212378673327,0.05883487150928615,0.061588858561446407,0.05899625425103565,0.0462017189113202,0.052775572298102605,0.05875157738693126,0.04499946507567004,0.04938704527164747,0.0442396133508334,0.05252051419205301,0.035897587887843536,0.0418404283847239,0.03884810768958721,0.04225676490953954,0.03216154376616962,0.03646478239998817,0.025460231900261403,0.03535641724005798,0.028753548213157502,0.041267971105844625,0.030366464833802426,0.036079713891716075
bavaria,2021.2547945205479,0.03505981648583682,0.03939451861792638,0.05110990930002715,0.05101621734136701,0.07936573573678733,0.06608717755181963,0.0650146263517779,0.05523252261298737,0.04904872520394517,0.04899667615812779,0.052577772025326264,0.067190991206005,0.05894419524735939,0.0671961979297107,0.05915243157476785,0.09598172717711406,0.09326759274439363,0.09995680927733082,0.10033193101154829,0.10926271137355574,0.10195748979751378,0.10159798684340937,0.09561705596327746,0.09845113954600149,0.0994358113579082,0.09898775732210648,0.1030724857821455,0.09405420829842547,0.10075394619718162,0.08051670379642034,0.08967848470613664,0.06659742812129714,0.072606265548917,0.0702630487805434,0.07568385064693987,0.07585570086945857,0.0698829369028794,0.07217927151481365,0.08306350647936625,0.09678401284973845,0.07318427525382022,0.07723573082460408,0.08254267778883476,0.07578279464508757,0.07417888356949189,0.08245413743023161,0.09653915811777417,0.08911591838596418,0.10200438167041423,0.0973466621343937,0.07627751745985958,0.10030067076367166,0.07566822792760271,0.07494958791175704,0.07038281063269912,0.0632236192936038,0.08142812191746927,0.07222092931501262,0.0632860952456147,0.06134937563631713,0.05594047899359835,0.05577390015455183,0.04954319373760774,0.04984508210137078,0.05390513037756864,0.04119511335879221,0.0467169790644045,0.03742746614614804,0.031932602715587184,0.03730778016972627,0.03229682758802961,0.034445806265601224,0.039233196698889965,0.03296284538099629,0.035637408988830326,0.025460231900261403,0.02238561773057984,0.03153716145687352,0.035637408988830326,0.03428449969842151,0.034362551200704666
bavaria,2021.2739726027398,0.029476753027064314,0.045139986816681604,0.05523772813943756,0.0691279284002573,0.05398841673719735,0.05038119851551241,0.061588858561446407,0.0745329895515354,0.07136174393989163,0.06443150100214996,0.08170415455722711,0.07363731437876718,0.08797517758655844,0.08355309020500036,0.08374579995701735,0.10903864153271187,0.13263902077714373,0.11678263827592612,0.16062622923176725,0.13300916503364704,0.1452514765464088,0.11306683508142634,0.13525615361362991,0.12185386126948035,0.11636570463643033,0.10303080325908516,0.13342623214155197,0.11792401121592283,0.12105118871466136,0.11089376047166802,0.08783454004271378,0.10227010308225415,0.0994097615989633,0.09077759017036535,0.09628909490066892,0.08678758361623128,0.09382499459060882,0.09291335916220855,0.09118910956800563,0.09254350020299033,0.11314500492495902,0.09366871309637681,0.09461682804672934,0.10407287635934666,0.10087898839141127,0.10472939313505392,0.08654798461200801,0.09698719105580757,0.10002453939026333,0.09980050935340219,0.10134789929773722,0.093684341224666845,0.09369996935764799,0.08886068196997912,0.0815531176482878,0.08061044892325392,0.06817507124815143,0.08089168531776449,0.07254377839808594,0.06386400136020891,0.06826358729711711,0.060604903151775,0.06346831720107006,0.052775572298102605,0.049053930111389414,0.04245973017400934,0.05272351952179698,0.04015429954644234,0.0397431838301227,0.050688296815447106,0.03963910441753364,0.03811436490334804,0.03621500790753163,0.031355051362219034,0.03481004874182383,0.026401901369602153,0.04360467727429517,0.03246333123654997,0.048772865854778136,0.04408868522039551,0.03331146747070119
bavaria,2021.2931506849316,0.03984205946503962,0.07635042437785693,0.06018321367571566,0.07489230543931859,0.06954448345987689,0.08923572366632242,0.08984517219204274,0.09735187187844152,0.11244148056353823,0.14894872070813142,0.14001112242599395,0.11418206930320801,0.13014191921602103,0.11355149000557574,0.10926271137355574,0.15384054221520987,0.18578950642498765,0.18502759462850932,0.20523769180091167,0.16016199952031146,0.1689517712644893,0.1666302925042046,0.14124685984388122,0.13887447849349963,0.12991254638029995,0.13000116758325322,0.1044219755176887,0.12655026524881743,0.11597483238545428,0.127024620422256,0.11427587514135559,0.11631358816654194,0.11609991118609879,0.108950056047995,0.11811684838743537,0.1171683048687673,0.10895526695468051,0.11931037003457243,0.11807515380327001,0.12827568778928794,0.10890836881328644,0.12229168788533279,0.11432277812389345,0.12401175670828733,0.1106540503685671,0.1165220543594897,0.11653768935764891,0.11076348310463882,0.13429165706250287,0.13228973213444073,0.10704810998518986,0.10360915125093971,0.11482829073187202,0.09929514281462441,0.09710180475304941,0.08592815752753277,0.09762798905972785,0.07800127266855121,0.08764702390926458,0.08148020343546274,0.08007922877245478,0.07455902685126699,0.05845484316033447,0.06040707309520206,0.05693475753727567,0.05894940114538459,0.05873595975383928,0.05104744797549693,0.058204963019706915,0.050688296815447106,0.04771628603544198,0.052046838171333536,0.033951481271630446,0.04904872520394517,0.043927348737796176,0.033004471776294744,0.054217454913998576,0.04081521390304804,0.03938931467724504,0.038208033618714575,0.03894177772667087
bavaria,2021.3123287671233,0.0406382753778772,0.05006369201060645,0.07338736127000856,0.07406952779766242,0.08837625711555529,0.08427184913190307,0.08813144197026807,0.09471580807655658,0.09547118819380876,0.10985155067419859,0.12495521255842472,0.10496386542085406,0.09547118819380876,0.09354889760221918,0.10835080526178209,0.12023810447322351,0.13905175159996566,0.14158578030100696,0.15800260342870226,0.14658641731750857,0.1395314348004952,0.1298969073601594,0.1389996123882689,0.13745631539763684,0.12449130118915097,0.11718915179310412,0.11318669555621773,0.12986562933399443,0.11470842647313338,0.10407287635934666,0.11181613356609758,0.11514098140302483,0.10179597367007145,0.11130022795457221,0.1138693843981879,0.10379672495402817,0.11463025427933411,0.09542430221195247,0.10306727546493864,0.11434362390748855,0.11072179441612168,0.11559438621610277,0.11050814041204794,0.11693377754580374,0.1171683048687673,0.10341636787227083,0.11053940679683123,0.10879372909016388,0.11583933069093325,0.11696504779441814,0.10590697573798381,0.10140521092071847,0.09421570038108264,0.09333010480351261,0.09418444380981339,0.09027231131358177,0.07651706914569108,0.06403060611745472,0.07595464519459842,0.06939868880944058,0.06775332037824695,0.05899625425103565,0.06625378943214699,0.0697944180973649,0.05087567971989995,0.05323884430278651,0.052057248586954666,0.04627978830330441,0.05252051419205301,0.05350431663758648,0.04771628603544198,0.059381492498066756,0.04149695326115035,0.041809203279738597,0.040612255057304224,0.03677700220273344,0.05893898934986114,0.039883691367567725,0.04220472266164121,0.04506712364430905,0.03407636293175165
bavaria,2021.331506849315,0.03585595917652014,0.05006369201060645,0.06018321367571566,0.059246138194162114,0.053171175100878106,0.06856558436285712,0.0650146263517779,0.08418330582899479,0.09011083147710303,0.08077710734379996,0.09204341339905427,0.08192810664350345,0.0767357912139374,0.08445935309457676,0.08010006083299655,0.10997661474698615,0.1289742134970564,0.13095515833179672,0.12042052611347846,0.12877091027074805,0.0995087507523871,0.1054223920573383,0.11431235523522965,0.10412498056254413,0.09401774241369006,0.09561705596327746,0.08554272256196922,0.09339261693777508,0.10265566205509347,0.0960129848287276,0.08353225676107223,0.08648027205003155,0.07498604042707718,0.08374579995701735,0.08053232797249253,0.08436039258557922,0.08374579995701735,0.09794057631740721,0.08243851267671251,0.08769911165628472,0.0858969059374069,0.08271455068001415,0.0876261888250657,0.09763840860471062,0.09892523846125219,0.10145210229560037,0.09920657392704145,0.09698719105580757,0.08488123948264159,0.08938157394539982,0.07456944177481123,0.08540730014418628,0.0978207509798681,0.08538125741197128,0.05484210961459263,0.0719189110196756,0.07210116322939279,0.06547800740845586,0.06182313640325136,0.048772865854778136,0.054914986485117764,0.05738244937152886,0.043417320569147176,0.0398732833888109,0.044812103345024334,0.04056021445523075,0.0400398112988978,0.034705979202554665,0.036901890648728765,0.040825622070337214,0.03449784074885478,0.041777978193503415,0.029424723567983084,0.028940852091888458,0.028176032167493415,0.026401901369602153,0.04007103534141143,0.03246333123654997,0.02250526936623804,0.03918636139677676,0.030350855723541886
bavaria,2021.3506849315067,0.038244460386929136,0.04267830903709384,0.050287507869815756,0.053483495229013585,0.06299454144508015,0.05203642775779658,0.049610858218473844,0.06926851535982673,0.0793969834019767,0.07169500203647033,0.09110576360421684,0.07548075566163104,0.07486106048094708,0.06991938586659296,0.0737258397262326,0.056820232338330626,0.08869399763984963,0.09907111592017757,0.10731906791466507,0.09061610876479784,0.10685531385662145,0.09700802989106154,0.08215726791625111,0.09632556237826424,0.08183435914118056,0.09224657308312012,0.07880328097428044,0.08079793968392537,0.07158565148810259,0.07803772732319612,0.07431427674848363,0.06659742812129714,0.07379353568186398,0.0685083089225121,0.07447050008536486,0.07646499259837268,0.0742934470056933,0.05459745229625926,0.07306450694940986,0.07256981470180966,0.06713371727968584,0.06202097184721337,0.07047133043983175,0.07256981470180966,0.07548075566163104,0.07263230188392218,0.07788670106320317,0.07534535944543055,0.07368418072041556,0.07590256921052857,0.06545197465534969,0.07217406429213817,0.07669412979667488,0.06650891490847259,0.0640670509792613,0.05936066873607134,0.052962962724253465,0.04957962844713192,0.04770067171633308,0.054810876701353525,0.04310506089399719,0.04558237255492701,0.04286045879151119,0.042215131107054105,0.03269747789430752,0.028514216461026424,0.034700775731061395,0.03879086497220482,0.030512150088812164,0.03378497285800318,0.029357085349008386,0.028581853583660253,0.025652726482471466,0.01929557955137028,0.02900328686806059,0.012257844643743538,0.020029056842473216,0.01947764741716979,0.02813440963721658,0.024487364778082346,0.02538739629821702
bavaria,2021.3698630136987,0.02389949132873866,0.03857230244911182,0.037094427590631564,0.04278239453291736,0.03680302060424577,0.05120880655063852,0.050464479231184446,0.05698681452927201,0.057080517246187235,0.06897172111318853,0.06291124065945722,0.06810738260648591,0.040227155835207376,0.04357345110989112,0.060063475312048926,0.06894047971208289,0.0713096725552289,0.0716325159806725,0.07675662193508555,0.05672132441495004,0.06522809351660581,0.06261448269516212,0.04927774162446374,0.06372342901147951,0.062208395593681715,0.07068482000640314,0.04174154894992997,0.04833045297294945,0.057007637340662484,0.06068299417076155,0.05894940114538459,0.047898453438179264,0.04640990421706133,0.05444649409961552,0.051453447926050395,0.04610803579566305,0.062322932660192544,0.052713108972787366,0.0518178095549675,0.04715937821904849,0.051401396473187734,0.0437712171344689,0.05205204337888069,0.05843401976941885,0.06636312876873086,0.04972016256586938,0.058569371959419476,0.04388571359774255,0.05328048693234759,0.05202081214140184,0.040971336631123415,0.04296454465194048,0.04219431421831167,0.05012094713870531,0.04173114059930998,0.03280674669540843,0.03481004874182383,0.03754194864223806,0.03747429986408173,0.03921238100385531,0.03437816151521754,0.027879472366243843,0.031724475362465095,0.021688522371262946,0.029065721719190515,0.02534577599999638,0.018015920537615346,0.021771757146754556,0.0163201607671681,0.016892343465108452,0.02788987794467474,0.024919169863908314,0.02112148900867509,0.02170412888151626,0.012429485382675126,0.015087388531530141,0.016497016565171854,0.01576358909262821,0.02250526936623804,0.013714208297844595,0.01736569936487648
bavaria,2021.3890410958904,0.01832282775565302,0.027078249079965925,0.028847200068186574,0.03043930741028471,0.026989803110173446,0.030553774522355855,0.03591840225600248,0.0517241163208275,0.045483486004473744,0.04355263367737253,0.04318312563699116,0.04693037112793482,0.034612316795295764,0.04902270067452132,0.040034607293637885,0.054024854561479006,0.05209889027028087,0.05482128767035077,0.04970454764503421,0.05248407742188824,0.052176968516394584,0.03969634806867859,0.043302825137201316,0.04743002426336422,0.04664931834906252,0.041725936424784116,0.04107021460134682,0.04369315150860115,0.04306342641232404,0.029096939172869766,0.04605078508584807,0.03854628316231762,0.0392644202570655,0.036875872197746386,0.04115868452354951,0.03336350081887554,0.03524193955550368,0.039529821258513495,0.036829039018782296,0.03808834584568562,0.03143830161206648,0.03404514248860458,0.03807793822626715,0.0365948737566443,0.03837455619598286,0.03597564181139599,0.036600077417683057,0.03863995265571749,0.03222398240944775,0.03671455809221196,0.03243211176184075,0.03524714308114974,0.04064868350975094,0.02579839853187138,0.02377463410667591,0.022193135242206584,0.0201018849395494,0.027432034463506887,0.025304155735088197,0.018598525614607966,0.023602955915841693,0.02251567386930727,0.017251261279884234,0.019930218873867592,0.012715554539894168,0.014572441694434968,0.016679074632589212,0.013610180969868282,0.01418753526780673,0.011259218854422043,0.013209677700095337,0.012455491604661598,0.00829466151684114,0.012054997228162716,0.009116399075726127,0.008487092565593721,0.012960014884929158,0.007415728754027102,0.007498940686620647,0.006854051691929893,0.016892343465108452
bavaria,2021.4082191780822,0.019914612895994433,0.022156719716449013,0.018957455206140072,0.02220874190390769,0.025350978535455072,0.01898866659205455,0.02223475301715946,0.022786191679816357,0.022291977512103288,0.022676943933088355,0.0225260783744583,0.02760372529654431,0.028061570289404557,0.02269255073999475,0.02183418331580065,0.03166203731896339,0.028326914119026943,0.03713085357875095,0.029643247645955384,0.02793150027922066,0.024450947645644226,0.021371191011945307,0.027619333582200315,0.025481042091012415,0.03447702694930507,0.024898359898020826,0.024232445386586157,0.025153282554055953,0.02786386400250457,0.029716089209353567,0.024554996663133617,0.023358445531629923,0.029148968303981775,0.02692216805830875,0.01815636937870107,0.030330043583820188,0.018879426823316448,0.026349874987022046,0.019971834837752535,0.019945824856418562,0.02297347406533756,0.0170171841631739,0.02157407477250906,0.01861413119750858,0.01885861927433708,0.02289023736628031,0.033269840829649726,0.015061380993247308,0.021043457378554446,0.031204160624072098,0.01877538916167991,0.023129543235192472,0.01697557056384844,0.011904162483377698,0.017948297156832372,0.016881940087131325,0.012252643418077446,0.017324085486646892,0.010219004050034989,0.016585444689736547,0.013849444135345498,0.010187797927392828,0.010016164587614373,0.012309856929046825,0.010895141305903801,0.01013578776460552,0.00934003876058632,0.006802044863431811,0.007805785838885855,0.0049246331850620285,0.005871131431604497,0.00512745278757404,0.007540546702846017,0.007233703115713412,0.004971437638504235,0.008487092565593721,0.008247854072118593,0.011129190865902368,0.008440284947649665,0.006854051691929893,0.009922546641057075
bavaria,2021.427397260274,0.012746762179525249,0.008206247489956096,0.010713103487550278,0.009870536743572083,0.023717407980089054,0.01568556550219627,0.015389076926233536,0.02103305317005181,0.017833857789692514,0.017235656105985493,0.01877018728406492,0.012876794212917595,0.01777143642285684,0.02178216150305884,0.01546710007179904,0.032593412582920846,0.02467465329063319,0.025631916223012953,0.025283345615132038,0.027083451788759295,0.023634170090199167,0.02290064194637099,0.010447849521625597,0.017693409819687124,0.020278753599968627,0.014130319690867144,0.016153708800865068,0.013896256622574928,0.010765114227763857,0.026620412744845168,0.01718884061239943,0.01635137057016812,0.013677798709381312,0.018140763933183292,0.015732379642405783,0.016980772261945817,0.022026664475484493,0.01630975750366404,0.013105651381439466,0.013298100234577928,0.017532155210811945,0.016408588590982542,0.012054997228162716,0.020538855664015032,0.01820838756426024,0.013079644834287588,0.011311230140872703,0.013750617911807095,0.01512379910698572,0.008565105355790045,0.011945772024446666,0.01542028617041256,0.010801521776873102,0.010910744577132949,0.01067149493283023,0.013022430476345697,0.00931403409665198,0.007696569560199222,0.006323584481731828,0.007540546702846017,0.007696569560199222,0.005897134373841046,0.006120760213804969,0.007036076001273164,0.00786819524397923,0.004435789189096282,0.005335473714479772,0.006802044863431811,0.00638599210793978,0.007738175734550922,0.003671329599461501,0.005860730258351855,0.0037701366691073185,8.060062465617456e-4,0.00414456516311655,0.004711413430253976,0.0035361202294481955,0.004638606884943447,0.002813276099801863,0.005876332019013881,0.0034373136044640058
bavaria,2021.4465753424658,0.003983352564350079,0.006562814122280046,0.005767119792704852,0.011514074655104551,0.004087360635379416,0.014036694337124405,0.01881180231957845,0.01840605714395244,0.01693915869175938,0.01632536239969773,0.026282240767489605,0.02299948556111598,0.021511648915717375,0.019966632840442634,0.02183418331580065,0.03166203731896339,0.031068879644879765,0.02828529146797905,0.01307444352642146,0.014385189563441887,0.022005855667115312,0.01526424013682805,0.023139947863171292,0.018400855303278077,0.019602494322149867,0.012783171116096892,0.013459341713950376,0.017209647493235516,0.018993868491525404,0.013615382331321908,0.012887196789636148,0.011680511770580458,0.011300827879420765,0.013459341713950376,0.009074791798612161,0.013948270546703915,0.009438856602147598,0.013802631690252734,0.01372981241499424,0.01269474945721187,0.01571677492432171,0.016408588590982542,0.013958673337767286,0.01027101429604918,0.011056375334347382,0.013735013788414154,0.011311230140872703,0.011129190865902368,0.008549502788384242,0.009787321015797124,0.011378844891029515,0.008809546189630155,0.011831345866629425,0.0054550861242678925,0.007275308919724271,0.008201046669529411,0.004903831219275663,0.007696569560199222,0.0053510753175478225,0.004524196805412104,0.00410296186397373,0.005361476388858467,0.003894945867543119,0.0017576297041079169,0.0060531523002996255,0.003166896432976778,0.0046698096775942876,0.0027196711200199947,0.0021268434942464864,0.002813276099801863,0.0014664206766304769,0.002199646522854582,0.0037701366691073185,0.003213699304331398,8.268065731274711e-4,9.412085179638691e-4,0.004711413430253976,0.00370773218222291,0.001877233884274619,0.006854051691929893,0.0028600786528853693
bavaria,2021.4657534246576,0.008762738281435603,0.002459658171372907,0.005767119792704852,0.00411336268563894,0.008175042575181122,0.004128963922034487,0.006838449637916147,0.010515463149157066,0.007129688751332439,0.008164640941084106,0.01032302459408969,0.009199613729829125,0.006547212155654591,0.019061493232041562,0.014556837324433585,0.019555676697656663,0.010962755515028915,0.010603881102422153,0.012205832410470544,0.0025376619194523737,0.009776919059188786,0.009922546641057075,0.008955171062356925,0.009199613729829125,0.00743653172469191,0.011436057440606802,0.006729235390917331,0.004633406421319078,0.008232251599903536,0.005569498251956764,0.004295377401531253,0.006422396591155822,0.005949140297311455,0.007020473892650622,0.0024180562202402007,0.0042433731319792235,0.008809546189630155,0.005647506665163499,0.007488539187764362,0.006646024690024559,0.005439484489999141,0.00364532777022918,0.005709913479989479,0.005132653300607687,0.007150491607565198,0.006536810847169685,0.007316914757024442,0.006547212155654591,0.007233703115713412,0.006729235390917331,0.006255976304517954,0.00550709160564713,0.00308369143235383,0.0044617914135902225,0.0038793447013583844,0.0019292357875457782,0.0024492576804694376,0.0019240355948756038,-0,0.004524196805412104,0.004617805033578077,0.0026780689608667365,0.0033385071672246357,0.0011700131626993324,6.032034985870817e-4,6.34403869872398e-4,0.0013364171730351354,-0,0.003546520937736729,-0,0.002932882708067575,0.002199646522854582,-0,8.060062465617456e-4,8.268065731274711e-4,-0,0.0011804133977449437,0.0018564331375272125,0.001877233884274619,-0,0.0016224253099669165
bavaria,2021.4849315068493,0.004779019599315969,0.0016432259631080236,0.002470058664356574,0.0016432259631080236,0.005725515195395651,0.0024752589116313678,0.006838449637916147,0.006136362052479218,0.008024219084426654,0.006349587650215769,0.006568014778865976,0.004597003190534185,0.0056111027244387535,0.009074791798612161,0.006365189557546502,0.007446933213145208,0.009137202726767482,0.0035361202294481955,0.011332034670019296,0.009308833165427983,0.0048882297503998065,0.006869653750619098,0.0029848856670374397,0.005663108361845575,0.0054082812354987984,0.002017639142452774,0.007405327271815587,0.002646867363344045,0.007597755029522502,0.006807245543943892,0.005522693260200158,0.004087360635379416,0.0053510753175478225,0.004680210612638647,0.005444685034233358,0.0018200318507435628,0.004404586536875719,0.004388985217780854,0.0031200936037415155,0.0030212877692570046,0.004232972284309839,0.004253773981728947,0.0069788682925356485,0.0032084989832143057,0.0045501990741136835,0.003270902870972542,0.007316914757024442,0.00131041651131466,0.0019708373476054787,0.0018356323991003999,0.0022776498808985165,0.0027508727612272207,0.005657907795766694,0.0029744850710829926,0.002423256462314505,0.0019292357875457782,0.0039209478215878266,0.0014456200942135706,0.0019448363686649871,0.003016087467382218,5.148025482771891e-4,0.002142444134650337,-0,-0,-0,0.0012688154796136482,0.0026676684262789594,0.001362417847750506,0.0014196193778902011,7.020047385426273e-4,0.0014664206766304769,-0,-0,-0,0.0016588264584213117,-0,0.002355653355952701,-0,9.360084240991387e-4,9.776091895544216e-4,7.644056183968352e-4
bavaria,2021.504109589041,-0,0.002459658171372907,0.0032969045129798693,0.0032917041835359632,0.0024544579256640347,0.001653626292798774,0.001710828143277401,0.0035049181170700625,8.892076027462617e-4,0.0045345977113313085,0.0046906115497633806,0.0018408325829299343,0.0018720336968105979,0.009984958586699498,0.0018200318507435628,0.007446933213145208,0.004565800441571103,0.008835550601276452,0.00958968419605746,0.008461088328199601,0.007332516954591532,0.004581401813715118,0.00522626262409325,0.008492293414629589,0.00810743199074506,0.0026884694975347276,0.004711413430253976,0.00860151136459996,0.003166896432976778,0.004950635653994315,0.003068090509561685,0.002917281830520651,0.0011908136348706493,0.0052678668219580125,0.0030264880716576255,0.003031688374572533,0.003775337046391954,0.001882434072264451,0.0031200936037415155,0.004232972284309839,0.0024180562202402007,0.0024284567049030854,0.0012688154796136482,0.0012844158626006128,0.003250101566730168,0.004576201355811764,0.003328106500541602,0.003926148213960467,0.004602203650517907,0.003671329599461501,0.0011388124700430575,0.003302104842938069,0.002059240773237899,0.0024804591594204378,9.724090920553305e-4,0.0019292357875457782,0.0019604369544703195,4.836022487534156e-4,0.0024336569480174867,0.001003609684867492,0.0020540405675667285,0.003213699304331398,0.0011128119071272355,5.876033199674743e-4,6.032034985870817e-4,0.0018980346393426264,-0,0.0027196711200199947,-0,0.0014092190950022075,-0,-0,-0,8.060062465617456e-4,-0,0.0018876342607685472,0.0011804133977449437,0.0018564331375272125,9.360084240991387e-4,-0,7.644056183968352e-4
bavaria,2021.5232876712328,7.956060864047533e-4,8.216064907089019e-4,0.002470058664356574,0.0032917041835359632,8.164064088045757e-4,-0,0.002563663194818565,0.0043837847791265904,0.004456590967648947,0.008164640941084106,0.001877233884274619,0.0018408325829299343,0.004675010144853533,0.006354788285470629,0.0045501990741136835,0.0018616333234368946,0.003655728500360734,0.011488068903929045,0.029643247645955384,0.018619333059512348,0.008965572854586027,0.018317625923310314,0.008955171062356925,0.008492293414629589,0.00743653172469191,0.004711413430253976,0.004711413430253976,0.00662002137330365,0.008232251599903536,0.010520664201067077,0.006136362052479218,0.004087360635379416,0.005949140297311455,0.0035101184678309845,0.0018148316689941748,0.004851826341216602,0.003775337046391954,0.0037649362923369853,0.0018720336968105979,0.0018148316689941748,0.006042751090638643,0.006079155333551316,0.003806539321038674,0.0038533427681110123,0.0039001462573153684,0.0039209478215878266,0.002662468159768038,0.003276103198336186,0.004602203650517907,0.0030576898969653043,0.0028444777971750983,0.002204846743081171,5.148025482771891e-4,0.0024804591594204378,0.0029120815390412773,0.0033749095170002483,0.0019604369544703195,0.002407655737663283,0.0014612205302433198,0.002012438940941929,0.0015392227806076137,-0,0.0011128119071272355,0.0017576297041079169,-0,0.0018980346393426264,6.656042598781713e-4,6.812044618983496e-4,7.07204809000845e-4,0.002813276099801863,0.0014664206766304769,-0,-0,8.060062465617456e-4,8.268065731274711e-4,9.412085179638691e-4,0.0011804133977449437,9.256082379355073e-4,0.003749335165157985,9.776091895544216e-4,8.580070785765575e-4
bavaria,2021.5424657534247,7.956060864047533e-4,0.0049246331850620285,0.0049454351591699695,0.0016432259631080236,0.003270902870972542,0.001653626292798774,0.006838449637916147,8.788074259429569e-4,0.002672868693315708,0.006349587650215769,0.006568014778865976,0.008279059030587392,0.004675010144853533,0.0018148316689941748,0.007275308919724271,0.007446933213145208,0.007311714025544296,0.025631916223012953,0.051453447926050395,0.015233030986309992,0.01793269177375792,0.012975618775762674,0.010447849521625597,0.014156326763488405,0.01013578776460552,0.011436057440606802,0.01682992322846593,0.012575120393330197,0.010765114227763857,0.008663921724721541,0.010432246389299219,0.008175042575181122,0.004758217691780449,0.008190645030230759,0.003629726678935282,0.00546028667006821,0.00755094821210531,0.005018242134080271,0.006240374429955163,0.006042751090638643,0.006042751090638643,0.007290911104813628,0.0019032348294126095,0.0025688634514484925,0.0019500365634153166,0.004576201355811764,0.003993753362091565,0.0026208660463794796,0.005917936736990098,0.008565105355790045,0.003411311892253395,0.003302104842938069,0.00308369143235383,0.0029744850710829926,0.0029120815390412773,0.0019292357875457782,0.0019604369544703195,0.0019240355948756038,0.002917281830520651,0.003016087467382218,0.0020540405675667285,0.0010712110335134644,0.003894945867543119,0.0017576297041079169,6.032034985870817e-4,0.0018980346393426264,0.0026676684262789594,6.812044618983496e-4,0.002839277512982304,0.002111242858517245,0.002932882708067575,-0,7.54005466554319e-4,8.060062465617456e-4,-0,9.412085179638691e-4,-0,0.00370773218222291,0.001877233884274619,0.0019604369544703195,0.0019084350199968575
bavaria,2021.5616438356165,0.002392055017686721,0.0016432259631080236,0.0049454351591699695,0.00740012653149294,0.006542011501149185,0.003302104842938069,0.00512745278757404,0.006136362052479218,8.892076027462617e-4,0.012699950727104952,0.01032302459408969,0.008279059030587392,0.009350440629802517,0.013615382331321908,0.01910310850067905,0.010239808142200517,0.015534720225985062,0.012372271740083287,0.029643247645955384,0.022005855667115312,0.026084541245550118,0.01526424013682805,0.014182333849122519,0.012736359630900538,0.012840385210793658,0.014130319690867144,0.013459341713950376,0.01191456486552351,0.012028991206470531,0.016091289450864764,0.011045973123877359,0.00934003876058632,0.012491900337300056,0.013459341713950376,0.006656426020355008,0.009704105421198058,0.013214879021494076,0.008783541790988263,0.009360842501099463,0.005439484489999141,0.004232972284309839,0.004253773981728947,0.005709913479989479,0.00770177033017048,0.007800585058505722,0.005886733195387228,0.005985544474694745,0.004581401813715118,0.005917936736990098,0.011009565403622116,0.007961809492070508,0.004404586536875719,0.0035985245103836694,0.0049610366452090765,0.006307982586878362,0.005787922103842218,0.0019604369544703195,0.0019240355948756038,0.0043785843409866404,0.003016087467382218,0.00410296186397373,0.0010712110335134644,0.0011128119071272355,0.002932882708067575,0.0030264880716576255,6.34403869872398e-4,0.002002038539491907,-0,7.07204809000845e-4,0.0035205191709188123,0.0014664206766304769,7.332051691094672e-4,0.00150802186641993,-0,0.0016588264584213117,-0,0.002355653355952701,9.256082379355073e-4,9.360084240991387e-4,9.776091895544216e-4,0.002002038539491907
bavaria,2021.5808219178082,0.004779019599315969,0.002459658171372907,0.0049454351591699695,0.0049350341710758016,0.005725515195395651,0.006604419389508075,0.014536031505045306,0.010515463149157066,0.0053510753175478225,0.008164640941084106,0.006568014778865976,0.010120184725916173,0.013095248761019083,0.01088994021653837,0.014556837324433585,0.014900134546206362,0.008221849954368686,0.012372271740083287,0.02004986485980289,0.02369659849512521,0.022005855667115312,0.02213591085603565,0.01716803373988884,0.014863724127366848,0.02366018191647962,0.02018511717539675,0.01884821550296966,0.017209647493235516,0.019628504131747417,0.016710284651006022,0.008591109645195443,0.016933956997830492,0.005949140297311455,0.007608156550225128,0.008471490021595586,0.010307421499218261,0.008180243393012761,0.007524944442861097,0.0049922396313357474,0.009064389984535487,0.0066512253549268294,0.007290911104813628,0.006344387015475263,0.004492994100142433,0.003250101566730168,0.006536810847169685,0.003328106500541602,0.007857793671261137,0.01380783307096228,0.010401040138686323,0.007394925791684666,0.006058352905907412,0.007202498784557124,0.0049610366452090765,0.002423256462314505,0.0033749095170002483,0.0034321132609840565,0.0028860800894626015,0.0024336569480174867,0.003016087467382218,0.0035881237916937088,0.0016068248255685408,0.006677228687257503,0.0023452528858511536,0.0018148316689941748,0.003166896432976778,0.002002038539491907,0.0020384399536850103,0.002839277512982304,7.020047385426273e-4,7.332051691094672e-4,-0,7.54005466554319e-4,0.0016068248255685408,0.0016588264584213117,0.0028288769461511125,0.0011804133977449437,9.256082379355073e-4,-0,0.0019604369544703195,0.0022880503374788598
bavaria,2021.6,0.003983352564350079,0.003281303526214121,0.01236186926637474,0.00740012653149294,0.009813325916424281,0.0057775209472333035,0.005985544474694745,0.017526953457563752,0.008024219084426654,0.007254506013557681,0.01877018728406492,0.012876794212917595,0.010286617380002059,0.009984958586699498,0.007275308919724271,0.011170799786850443,0.009137202726767482,0.01502497046150284,0.0340035152602333,0.026235417128571262,0.018744177903784062,0.021371191011945307,0.02090300073941348,0.0205232495034856,0.016897545154874634,0.016819519862976896,0.02221394412551947,0.01191456486552351,0.02026314751749465,0.019805371182045665,0.02394111046938264,0.01051026209776149,0.013084846142679749,0.01580000014155917,0.013313704226862691,0.009704105421198058,0.005663108361845575,0.007524944442861097,0.0049922396313357474,0.007254506013557681,0.007857793671261137,0.012153820229216194,0.01015139080797669,0.005132653300607687,0.009105997253326543,0.008502695114267609,0.00931403409665198,0.00851309681598631,0.009860134770317457,0.004893430239503069,0.010239808142200517,0.006609620050255059,0.006687630023829551,0.0049610366452090765,0.0067916435039738305,0.006755238762258061,0.005392679615272976,0.007696569560199222,0.0019448363686649871,0.002511660657093224,0.0061571645113304525,0.002142444134650337,0.006120760213804969,0.00410296186397373,6.032034985870817e-4,0.003801338940633584,0.0013364171730351354,0.0027196711200199947,0.0021268434942464864,0.0014092190950022075,0.0014664206766304769,7.332051691094672e-4,7.54005466554319e-4,0.002412855978691718,-0,0.0028288769461511125,0.002355653355952701,0.0018564331375272125,0.001877233884274619,9.776091895544216e-4,0.0031512954852158663
bavaria,2021.6191780821919,0.006370390194367517,0.010666293865828298,0.0049454351591699695,0.009870536743572083,0.00735852062761398,0.009906943666346611,0.015389076926233536,0.008762738281435603,0.002672868693315708,0.011789736417122243,0.014078305584640034,0.010120184725916173,0.015898830260037758,0.01088994021653837,0.020013450834937278,0.02234920207002108,0.034726793093746246,0.03270788443690115,0.05232271488947558,0.04994397694647196,0.053811433382442334,0.04886655377151615,0.05376458494818435,0.0488457342198746,0.03853587545124419,0.03970675601202125,0.035684241094578885,0.03177650712264724,0.020892596559013498,0.03033524661797259,0.02087178820446432,0.014598448988184133,0.01546710007179904,0.016387782030673474,0.010286617380002059,0.013344912225473633,0.01447361409682835,0.014426801089835895,0.011233213230708054,0.012086204471364761,0.010879538039362388,0.018843013618069403,0.013958673337767286,0.00898637644528638,0.01170651761799311,0.014385189563441887,0.011311230140872703,0.00851309681598631,0.012491900337300056,0.010401040138686323,0.014223945213187246,0.012112210521670226,0.009256823881769351,0.007935805517359338,0.008247854072118593,0.010614283224455347,0.005392679615272976,0.003369709179755342,0.007296111834213189,0.005023442636186012,0.002563663194818565,0.004290176972232778,0.00556429769523413,0.0046906115497633806,0.0012116141153565736,0.0018980346393426264,0.0013364171730351354,0.0027196711200199947,0.004966237141599493,0.002111242858517245,0.002199646522854582,0.0036661292325725816,0.002262049199925457,0.004820623439345829,0.002485659407735331,9.412085179638691e-4,0.008247854072118593,0.0018564331375272125,9.360084240991387e-4,0.0019604369544703195,0.004295377401531253
bavaria,2021.6383561643836,0.010354230797883906,0.0049246331850620285,0.01401068732432977,0.018093947624718002,0.011446459729104798,0.017339690687083274,0.01624733796634706,0.02453938929723972,0.012481497839660073,0.018140763933183292,0.0215896812484138,0.02299948556111598,0.03180252302226792,0.030860755748723896,0.047320724729743635,0.04470801378636504,0.05209889027028087,0.058355932127749074,0.0837405915759537,0.07790232444906586,0.06931017082824968,0.07407994262316682,0.0664620550332686,0.06443150100214996,0.05814769898993326,0.04846057401805258,0.05252051419205301,0.04303220057294105,0.044333293100401155,0.042100638322103624,0.043594268550743664,0.026277038138858455,0.03212512125888308,0.022827809929420007,0.021787363681988747,0.01941002213545338,0.027692172310554285,0.024466554984993116,0.02683892503831361,0.021761352792532013,0.024180421174516364,0.023098329363747103,0.020304763747825676,0.030813927986886827,0.02731757422308479,0.026162580440735266,0.032603819104688334,0.017677804513099284,0.026963789618278017,0.02569954959670604,0.023327231522781853,0.02643311722412979,0.017490541199373096,0.013891055233020673,0.008731533032711871,0.016403386950121893,0.012252643418077446,0.009142403640825391,0.013625785055795746,0.010557071579020381,0.009745713201848466,0.008039821494216408,0.0077901834993117,0.007618558073008363,0.0060531523002996255,0.005070247178565313,0.0033333068336259724,0.004763418167881299,0.007093283772953485,0.004222571438720794,0.004404586536875719,0.00512745278757404,0.005278267876625255,0.002412855978691718,0.003312505504420438,9.412085179638691e-4,0.005891933784351191,0.00370773218222291,0.002813276099801863,9.776091895544216e-4,0.00400935456260728
bavaria,2021.6575342465753,0.02868070799807265,0.023795443622868267,0.023077520126531876,0.03043930741028471,0.02289543965606542,0.03303048829028063,0.0419080828431793,0.05084444918893198,0.04815869369198382,0.05989167727185589,0.06572792250140694,0.05798111308005291,0.047711081261886654,0.06083397047334043,0.09103283599548498,0.07826166361952726,0.10425003086322385,0.08667820132517381,0.10731906791466507,0.10332779196494803,0.10604245155319418,0.09471580807655658,0.09785721953163222,0.08073023460903533,0.08521979276333705,0.07203346947693125,0.06936744715181341,0.06555610574597692,0.05320240702927941,0.06811779623792977,0.060792321794363245,0.06133896336024334,0.062484326227563676,0.05561773297759006,0.05629966643112515,0.05338979899360749,0.04594669304766488,0.048944627164408505,0.03807793822626715,0.05260379833402405,0.06410870228116528,0.03525755013400977,0.05459224683391008,0.05714819153564333,0.05204163296430165,0.0569191404498419,0.04192369542301884,0.04650358787657199,0.04275116886229263,0.03671455809221196,0.03584555200389647,0.023129543235192472,0.020580472114999304,0.024310481802278915,0.02134518033066118,0.0212255313643211,0.0201018849395494,0.01251270533882302,0.01265313931681946,0.014073104176881762,0.007181695907518631,0.009646894777153196,0.010572674748807659,0.012309856929046825,0.007264907465600685,0.012039393613587837,0.010005762585228615,0.008164640941084106,0.007093283772953485,0.0063339857475604045,0.008804345308863735,0.00952727272483302,0.004524196805412104,0.005626704410198463,0.00414456516311655,0.005657907795766694,0.0035361202294481955,0.00556429769523413,0.007498940686620647,0.004898630729132204,0.005917936736990098
bavaria,2021.676712328767,0.029476753027064314,0.02953918844667389,0.03379537961823492,0.04772149080952404,0.042532589692946696,0.04459871997402092,0.0436202903635261,0.0517241163208275,0.06689941551071826,0.05716901441164973,0.06291124065945722,0.06442629455526408,0.08423018167645825,0.0926424762863915,0.08465727467756495,0.1006445345238876,0.10150420387283107,0.11678263827592612,0.102952648618406,0.11096150483151068,0.08971494754802543,0.10159798684340937,0.09561705596327746,0.07151795840673199,0.08386559286552818,0.082136435031541985,0.08015214102086331,0.0642284499599908,0.07158565148810259,0.07059629983584592,0.05956370077123016,0.07069002707995525,0.06367136527505766,0.06382235025430076,0.06659742812129714,0.055820750399100824,0.06421283068189924,0.06025089200322708,0.0536917096899088,0.05865266578992195,0.06531660454927042,0.06323923827456798,0.06729512577911685,0.0751422657821507,0.0644106752177457,0.06281232114985169,0.05523772813943756,0.04584780580439452,0.05328048693234759,0.04956921852751923,0.04267830903709384,0.036350302275351375,0.031901383559517896,0.03026760721463911,0.025231320351662596,0.027983528244253358,0.02402434885060263,0.020694917526936325,0.01557113111465948,0.01709000804212591,0.018468479272598842,0.019836583076899693,0.01947764741716979,0.018759783530390296,0.009079992706433657,0.012673944382853637,0.012673944382853637,0.008845952369577362,0.015607542028834938,0.005631904973156666,0.008071026327846035,0.013188872419714582,0.009053988172539539,0.007233703115713412,0.011602494306371725,0.009428454715250788,0.012960014884929158,0.00556429769523413,0.007498940686620647,0.007836990532066834,0.014312369472382432
bavaria,2021.695890410959,0.0278846751552019,0.04103378585360237,0.03296804867858917,0.059246138194162114,0.04580616912664389,0.05451416496116303,0.05388951419999191,0.08418330582899479,0.06332774592199385,0.08168853002906401,0.09298628940833144,0.07916262637075903,0.08048024740385135,0.08718865398530451,0.09103283599548498,0.10250977453998018,0.08960555909907471,0.1274103629842074,0.10469813024349407,0.09909195559057475,0.08318329781607942,0.07789711665325866,0.0948668832221613,0.10483360290932678,0.07777212971028441,0.08483436304826729,0.0794751026470978,0.08344892306882734,0.07665767608395371,0.06378069918176019,0.06755546312424515,0.06309346130132396,0.0672430584664936,0.056205965121271996,0.07750132569778131,0.051567961305745195,0.07051298687180134,0.06401498689878955,0.06493652882749508,0.07680869877446354,0.06471264990793928,0.058371549646704296,0.06284876515781745,0.0699974908748765,0.05920449078691724,0.06739405381672953,0.06456166234364173,0.05830387376512301,0.05130770398933999,0.05814249317216859,0.04837209167195751,0.04130960414999296,0.03756276366860042,0.03026760721463911,0.03881688438138674,0.028467390812278864,0.028925243409555577,0.023098329363747103,0.022869428212332888,0.025637118787099702,0.025652726482471466,0.026271835510753603,0.020034258846022147,0.018759783530390296,0.013922263578133053,0.01013578776460552,0.017344892421598913,0.017011982461439912,0.012060198434059565,0.0126687431155676,0.016881940087131325,0.010993962102740479,0.010562272635097854,0.007233703115713412,0.009943350614610848,0.006599218729286997,0.014140722518355953,0.013911860794347813,0.008440284947649665,0.007836990532066834,0.01956087865384955
bavaria,2021.7150684931507,0.029476753027064314,0.032005447485985175,0.046987622806160936,0.053483495229013585,0.058902548081943354,0.06608717755181963,0.08384996768790065,0.09822711628765443,0.10350494393047259,0.1089448451418259,0.11837222844492816,0.11325965424136003,0.1067146252409654,0.11264471995694222,0.10470334072411835,0.1118421895408432,0.12530966448362693,0.09198611209321184,0.08636047311791421,0.08806893616043716,0.08400101126832642,0.07025784174974703,0.06496776782313424,0.07080978991549519,0.05679420391919757,0.0639473036721108,0.07745445591570203,0.050318738066287845,0.06841458561074809,0.06625899606200639,0.06570709619778486,0.05432676894493024,0.05057378537291367,0.06265092656447374,0.0599333252294803,0.07403307592482662,0.06799283279824914,0.04706569337805377,0.0605632546562714,0.06470223695839492,0.061078657135998894,0.05898063654445748,0.04950675905361215,0.05650789216864769,0.05660159402256561,0.06805010767082507,0.0532440496296608,0.056336105875005114,0.047357157882094554,0.04467158249006179,0.04267830903709384,0.036350302275351375,0.031901383559517896,0.028774359721922448,0.033967091462747054,0.030397683068374134,0.024513377031152014,0.021657309364802254,0.021896609559795423,0.018093947624718002,0.0261677830579091,0.01876498540697031,0.018921041946253322,0.014067902769637996,0.020585674173711304,0.015207023375178961,0.016013265368732443,0.014967753963120995,0.01986779499048801,0.011961375610928578,0.010276215323515192,0.01172212113268813,0.010562272635097854,0.013667395974502014,0.009116399075726127,0.01602887017579082,0.005891933784351191,0.01854650703877881,0.008440284947649665,0.021548063989735425,0.023379254881271315
bavaria,2021.7342465753425,0.025496649739538132,0.032005447485985175,0.037094427590631564,0.06418679856216468,0.05562814410813002,0.06690982890025482,0.06929455002368355,0.09384062276586214,0.09011083147710303,0.10440113371110828,0.08452185456571697,0.11325965424136003,0.08141770562013016,0.08991288913582364,0.08648027205003155,0.10624045530263981,0.10333821265209645,0.09198611209321184,0.09771134547804346,0.06688900212327284,0.07828770278633788,0.0801938052087123,0.06721181810394429,0.05876719502470804,0.07168458768862301,0.059235726339223777,0.07880328097428044,0.05495663045698886,0.06334336493423982,0.06563941076862138,0.0706275422317781,0.06893527281372634,0.05295775742552236,0.052692287881020816,0.051453447926050395,0.04975139242161237,0.04594669304766488,0.04580616912664389,0.06306222343165366,0.050787193264208746,0.055029507488012754,0.05168247493762544,0.053322129595256944,0.04430206649845806,0.05855375438105659,0.04972016256586938,0.05590403982695615,0.04650358787657199,0.050646656261710624,0.044057458765341895,0.039831651494615566,0.036350302275351375,0.03807793822626715,0.03572586966843318,0.032994065174346165,0.027499670178551053,0.025491447189510977,0.02694818152938261,0.023842265064746036,0.025637118787099702,0.02257289867340314,0.02197984466836663,0.02226076414341658,0.014655665080208779,0.01453083005150185,0.01774022576753822,0.01401068732432977,0.012928807117320678,0.012060198434059565,0.011961375610928578,0.011009565403622116,0.010260612242683546,0.014333175202281044,0.011254017728641106,0.011602494306371725,0.01791708639536092,0.016497016565171854,0.013911860794347813,0.011248816603374616,0.018608929336019413,0.020897798648956165
bavaria,2021.7534246575342,0.017526953457563752,0.026256227629550655,0.03544487744165362,0.04936622551161262,0.053171175100878106,0.059475199530235834,0.07528807653701429,0.10261919013794547,0.09547118819380876,0.1280306847265002,0.10144689214074502,0.11510450072783751,0.09640891670880966,0.09900338704906902,0.08556876537504965,0.1015771461686639,0.10516707559042403,0.09729977446148004,0.07937615162309743,0.07536098206777216,0.0799177805862344,0.07025784174974703,0.0664620550332686,0.0651395826345987,0.07033074022830382,0.06866451481750112,0.06869054917895673,0.05627884390323163,0.07412160194604378,0.0644002623286713,0.06140664319198794,0.07361648490714719,0.062484326227563676,0.06557693198912652,0.0599333252294803,0.061281695879108186,0.055393894175165576,0.05522731708706406,0.066816108469504365,0.07317386060770309,0.06410870228116528,0.06384838219158666,0.06157844623741939,0.05265064572249832,0.061156748866455224,0.055612527413104636,0.06389523971153373,0.055024301982406716,0.05788740874027362,0.04834606748117311,0.05292652564406065,0.03910309874163213,0.03293162560639593,0.05210409548303845,0.04173114059930998,0.031360254498927265,0.03481004874182383,0.030319637517088757,0.0330929279769415,0.030663038818931464,0.027707780622764286,0.02573596760358771,0.02226076414341658,0.02051804745101276,0.018161571194918236,0.020908202830396985,0.012673944382853637,0.01973254350024748,0.014900134546206362,0.0126687431155676,0.012476296591617569,0.013922263578133053,0.019612898244428863,0.014468412649528377,0.01656983971564772,0.01885861927433708,0.015316255429325545,0.01762058509569122,0.0243781134572741,0.022531280627817375,0.023571741760226996
bavaria,2021.772602739726,0.015134202133226351,0.028722330965627346,0.02142841455657151,0.03372773571395979,0.0384422061453278,0.05120880655063852,0.0555969107227635,0.08681883574165215,0.08653756728904136,0.09894607807318716,0.11179007760440222,0.1270871730757534,0.11327007691902237,0.08809498023873534,0.10379151456425317,0.09131933790385922,0.10700121356380421,0.09464287540473115,0.10207732466786852,0.09061610876479784,0.08400101126832642,0.1000662195036104,0.07095038142221152,0.07931365633653799,0.06085479482533826,0.07068482000640314,0.08756368362256334,0.06356723795858478,0.07158565148810259,0.07059629983584592,0.07001311189060758,0.06776894071984013,0.05593006780052438,0.06674842159678851,0.04600394364287717,0.05945958167981614,0.06043310332280749,0.06150556002760832,0.06368698439050967,0.05562814410813002,0.06410870228116528,0.05898063654445748,0.06983607398707332,0.06357244431945923,0.0702682558118554,0.055612527413104636,0.058569371959419476,0.06354641252031133,0.056570360052498866,0.050792398345672556,0.046664932352484825,0.04571769129712148,0.03962349252360892,0.030761897189856568,0.0320210570929211,0.03232804698151775,0.030397683068374134,0.030803521823315843,0.03406595611528656,0.031672443654340666,0.032837966395039796,0.026271835510753603,0.028940852091888458,0.026968992315613713,0.023613360638545626,0.021542861834745457,0.025356181071428494,0.02109547845229292,0.015607542028834938,0.0211110847845598,0.020549259773638633,0.016855931651297302,0.00829466151684114,0.015274643191165104,0.010770315304649863,0.015087388531530141,0.014140722518355953,0.02040360242834328,0.017813050659088257,0.0156699607981549,0.031781710301532415
bavaria,2021.7917808219179,0.019914612895994433,0.025439421717838546,0.026375888171802614,0.044432177463595596,0.04989713199640165,0.05616952576858913,0.10440634416196735,0.10173866161641099,0.1151201352997823,0.15076875832155606,0.1465968466771993,0.1888998923066547,0.12264612165533334,0.1381132537880099,0.1420863437858901,0.10437508146463273,0.12348009299680898,0.12209883523122284,0.11867451666452143,0.10078520671754995,0.12073846250184583,0.10465644641731844,0.10084772781466475,0.10625087657349608,0.09604945211268803,0.094267794708282407,0.08419372268033551,0.08013651695902932,0.0944084496524026,0.07927720078739103,0.07308533619992695,0.06250515124048729,0.07141381537669728,0.06791993759711434,0.0599333252294803,0.06978400413015177,0.07933448809038096,0.0828603826695474,0.07493917291207998,0.08225101600072228,0.07500166294146135,0.07358524071536143,0.06856558436285712,0.08414163844449939,0.07091913883231207,0.0759077768065916,0.07921470561975372,0.07534535944543055,0.071710623562155,0.061817930217524526,0.07172103791521668,0.06280190858083935,0.057127368667969455,0.04714376406715859,0.04998561693752056,0.04342772925727946,0.047565347813769705,0.03946737384218848,0.03844740999122737,0.03871280682278704,0.02924782379651249,0.04128878762375218,0.03450824765175377,0.029315461873366925,0.02724993874489564,0.02534577599999638,0.028691113736837876,0.014967753963120995,0.01986779499048801,0.0211110847845598,0.023488504103508688,0.015389076926233536,0.02112148900867509,0.016075684625069052,0.02320237567476316,0.01980016920139427,0.0212099249977005,0.01576358909262821,0.015004164454808108,0.02350931350519697,0.030637023489394902
bavaria,2021.8109589041096,0.03984205946503962,0.036927909112735385,0.04781517683202685,0.05595609578711482,0.07445487773055293,0.08344892306882734,0.1901367920862697,0.20544129420818202,0.2063288011920468,0.24453728516363932,0.28133608696833884,0.2609552912856453,0.2596748975755709,0.19820084723912532,0.22514751463398194,0.20428755777416188,0.1821209514719339,0.18768911595547882,0.17724212219070476,0.17289591436637472,0.1689517712644893,0.15285483966617294,0.16070447060248322,0.1410070097782526,0.13465659959959383,0.14754071238996552,0.12330808531279451,0.13451062227741295,0.1419977019843521,0.11523478897103327,0.13334803180401789,0.1204101020025095,0.11192556874777505,0.12068112956683731,0.11872142361471169,0.12081664387873052,0.12598208727517934,0.11553705895244504,0.12245326768673108,0.12464246286613317,0.12526275159009584,0.11863803351028823,0.11877354249788571,0.10857487213873414,0.12434013995158193,0.125043825313218,0.11787189318422071,0.1337338212768591,0.11847125370263309,0.1286145237144594,0.11103446039466008,0.0881679037273731,0.10142605152655548,0.08737095972113554,0.08106876086502884,0.0719189110196756,0.0863396385491972,0.0746267238915885,0.0720542983144574,0.07241880432169706,0.06312990550632057,0.060604903151775,0.06012594746739015,0.05042804390166324,0.04178318237324341,0.04499946507567004,0.037370224992621943,0.04015429954644234,0.04115868452354951,0.03378497285800318,0.033764159343787806,0.031516348842353034,0.03847863307757832,0.04020113572035973,0.03315016442224681,0.031120910749075352,0.05068309174440938,0.03153716145687352,0.04220472266164121,0.04898626635521609,0.04753932402672352
bavaria,2021.8301369863013,0.044624742289461165,0.05581554481428612,0.05853813680737847,0.07736592422037898,0.09574729538892653,0.11818460215800444,0.18670799028033694,0.2485603144966844,0.297692499540691,0.2809962544384106,0.34647854227514624,0.34144294357613464,0.2972793426666398,0.29119742574762825,0.28638678296127357,0.28754234240941107,0.2472541020194503,0.2356041381734174,0.2314933165518953,0.21451024072519506,0.2212986277327489,0.23634589663320646,0.20189663796833998,0.19921872949297117,0.1922766459923599,0.15698552763891707,0.18743339524585065,0.1829663138754241,0.18391083997689112,0.18723508209191764,0.17336025777421282,0.17778998929440715,0.18349336776111955,0.18875898154035908,0.15269316537037317,0.15486277200210852,0.15626054729677483,0.17655338316408978,0.17439330629682562,0.16706327955657801,0.1761777111762997,0.18324288604041258,0.18431266015002484,0.18064942747814128,0.1810720950009137,0.19194783344677432,0.18124429386551727,0.16196678098765777,0.15670387939891545,0.15498794437741148,0.15779918667928564,0.12844249904575877,0.12978222135620518,0.13061109407678922,0.11071137224921458,0.11347331955098582,0.12022246836240402,0.1233185100047201,0.11152951870556775,0.12226562667405917,0.08470415095229385,0.09764361837798205,0.09132975618481133,0.07860017380515578,0.08845438985135287,0.07798044144880159,0.06541552882288913,0.05376979032768683,0.05464950694844008,0.05913681382128902,0.06093809231672459,0.06011553543628792,0.061130718276603914,0.05548759402171901,0.05387910341754423,0.060370630798452174,0.05185945104655092,0.060302952315099884,0.061911641640403275,0.06369219076336763,0.07199181182690818
bavaria,2021.849315068493,0.050204227437571886,0.06977879714733021,0.05853813680737847,0.07572030367698927,0.10066016474883842,0.13556375357346653,0.17984062883260885,0.23007784836325793,0.22960255218829406,0.2910248623867796,0.3011547785631992,0.33959528380825565,0.2756533333868729,0.2446783471605389,0.24981430934451568,0.2669500436225469,0.281226294677356,0.2631294197601549,0.2893097182958193,0.2740171082714731,0.26550747686680237,0.25781968915562403,0.2701175588610155,0.23901004595393507,0.2703370967698999,0.25086455329867596,0.26448829621866093,0.23346250058982834,0.22077119052872726,0.24316325684075074,0.23065761111755126,0.2012284529609911,0.22946675407910375,0.20697094804279098,0.22373744159030412,0.21998265577581305,0.23014574817146513,0.22251540921422314,0.22701722600301635,0.21801398212927672,0.21925679660603675,0.2424318497269828,0.25567191081002266,0.23026065574117965,0.22741937941198623,0.20244998517685164,0.2446992452666989,0.22045264193733674,0.212787175814293,0.21821763456747312,0.19718298490959302,0.18587300428690712,0.19685936106128132,0.17040731305585327,0.1870837383516934,0.1647366686023211,0.15413260581808058,0.17591161182702444,0.1559215311807245,0.12831217770591416,0.1433064874676919,0.14707659948416424,0.13817060594615763,0.11852858420117916,0.10361436162244195,0.08368850779398053,0.08278225833857573,0.1014625226068714,0.09017333974141285,0.08732408104230646,0.10356225793088968,0.0769909681229901,0.07472045840061166,0.10458871027105218,0.07461630895657138,0.08774599067321015,0.08489165647379616,0.06958613914936937,0.09195485686209204,0.08330829776599719,0.11414558930074044
bavaria,2021.868493150685,0.0980604019310645,0.11169106506904446,0.12374592417306186,0.15567118223682203,0.19413473690852986,0.24493434953971246,0.3878653440511408,0.5071668307211249,0.5403214879146416,0.582772649685318,0.6211588555252235,0.6394965980032234,0.6019437986284181,0.5877001960780452,0.5173704563857517,0.533396763366203,0.49107511366214446,0.4562311718970507,0.3989835453115374,0.41199622199569347,0.3622480409453998,0.3845177745463345,0.39029102593331866,0.3899347631899484,0.35532080963912677,0.3842034598385335,0.3565669101631315,0.34592366030031024,0.35125810103712946,0.3234297525359355,0.31764822358925604,0.3497189618696626,0.3293165849810824,0.31223352830056433,0.30401054773665803,0.33032657076774513,0.32312103927003333,0.34738939910877314,0.35817431922757315,0.3559543276025492,0.40166128073117524,0.3677412635707909,0.3871738096850798,0.3645154304796297,0.3680188202482219,0.3701136354097723,0.3684849093222973,0.35079740154307454,0.3555721216266501,0.32213212267250824,0.32523497697033943,0.3158851159720614,0.2800499632498453,0.26953212896859596,0.2840495986797209,0.25287627383195915,0.248607338757735,0.25127734155523146,0.2545849910988444,0.22412390225040796,0.22051530707981712,0.21269319209757162,0.19789809636194283,0.1820113684628853,0.16734498391207345,0.15798174013572977,0.16167988957299842,0.1560206279706555,0.16199286210383912,0.14797354051813827,0.13518837759592406,0.13132007745358917,0.15787220798495885,0.1472904037913518,0.1186067622556064,0.1491625327129211,0.1250229752396808,0.12160888846180821,0.12483532495405561,0.13630408636028368,0.1476241488572541
bavaria,2021.8876712328768,0.13717998664964628,0.15281311721913418,0.17166985900430215,0.25722917191185346,0.3042145372505081,0.3811442292530812,0.4533617854223788,0.6099036110810898,0.6692855257328657,0.6690590296979352,0.6886256044875121,0.7093856015827844,0.5839768841856714,0.5812792272966656,0.5357504357866457,0.5409204831425919,0.4155080539677648,0.4704965234860065,0.4385242856866974,0.43332246032408783,0.4131440932202736,0.40758842230826264,0.4008175957890295,0.4255940960595753,0.4329449287373279,0.42149443964463534,0.42233846013200926,0.4079133603014447,0.4061000226139823,0.41879471455124373,0.4295315383986508,0.41265139653143085,0.40897728439035563,0.4330550418336626,0.43379962222319673,0.4427354185968067,0.4194394905226047,0.42511176676396883,0.44432451503131404,0.4680356153016521,0.4248129345536668,0.4853851402863254,0.46457270082396657,0.4673744956361569,0.46174482505910963,0.4419487551641865,0.41606892073877944,0.4352363778982871,0.4337419430796688,0.40898776650937274,0.3899557197543401,0.3635466722770654,0.34835785634585376,0.3433744201468104,0.342604961533512,0.3290287687889558,0.3131647111140266,0.286099204283744,0.3206304704675922,0.28321304817960175,0.27772874729745717,0.2827111243393043,0.2509795066611699,0.24145491484407253,0.20561879439316122,0.22155973723926042,0.19514732002032587,0.19834700346587597,0.19758490765419845,0.18397346109833485,0.1808216249430719,0.19967808800924194,0.17754997061469097,0.1811555852882963,0.18258537726409094,0.1529487152944019,0.17819176217241903,0.17274982965731153,0.16808055247965262,0.1618363756029577,0.19740221511244904
bavaria,2021.9068493150685,0.11961266370786827,0.1659782103733497,0.1700160343766951,0.2522701368558425,0.29106146668820126,0.3819718800424904,0.4870070341988716,0.5930647582342966,0.6728990610131382,0.685595833439566,0.7047943934109542,0.7345680223217882,0.5811372492317697,0.5491705053159138,0.5274762772341873,0.48262961127382026,0.45511906913402933,0.4446391933529111,0.4104028719741256,0.3770428377685762,0.3712710569803285,0.3530067021714926,0.38427156119733097,0.38494734105288403,0.38526689892663485,0.3733607656939679,0.3789337328601169,0.37391070299759643,0.38951563367560094,0.3776347172048735,0.3887088188712183,0.3785304059774234,0.3652380834862571,0.37644048950681736,0.4161108549460255,0.43662073478654173,0.40929174888001163,0.4238482949273923,0.4355142950744306,0.4613303626830471,0.4479749006421121,0.4516570146919497,0.43129326027222586,0.4777382508636276,0.43288725054182986,0.4248024492441397,0.43417716001529527,0.3791484926064625,0.38338101200952496,0.370778756874264,0.3865189560738136,0.34414389014617847,0.35923199008011364,0.34038040033415745,0.3006317609082276,0.3168948409130961,0.29689233793940795,0.27642180192830523,0.2751201169911842,0.2786645403617465,0.2699921090435021,0.2692394164939707,0.2420348044590986,0.2296756743939833,0.2037916155901745,0.21011392750474014,0.19113363990134907,0.18332116144852162,0.1876160527672659,0.18891554908203975,0.17493070834023342,0.18055550182851876,0.17830655499345596,0.17228549170034543,0.16928565538623178,0.16334909817165422,0.15101386854067028,0.16344820911737978,0.14645605049786886,0.162817032113197,0.1872507383660441
bavaria,2021.9260273972602,0.11721521046028811,0.14458401901207982,0.20061247751326697,0.23987722988364835,0.30586217419676576,0.36700810211412027,0.49995250553642956,0.5487711110369521,0.6016071248940934,0.605710484643418,0.6363538793045941,0.6050581340110136,0.4734455689977048,0.5051662516111852,0.4411778365461582,0.4394210238922595,0.37868230794263646,0.34046414679657644,0.36386609866300557,0.3199712222218794,0.3195945126910872,0.28927311522748855,0.2978860045218631,0.2952031483253626,0.2805309488843263,0.2995595911609889,0.2834326413831929,0.2946540427765592,0.29329437780115136,0.30973301876190795,0.3423537122073082,0.3332624439495119,0.32572684608606695,0.337554036315894,0.34175699992288033,0.3590173125729064,0.3623894226220035,0.36696620748596287,0.38834208900745215,0.37908563600353146,0.4034901851507986,0.41121526473338726,0.3948440691465603,0.36257793212209666,0.35034194128280555,0.3668195765531965,0.3303108713567221,0.3059929412698734,0.2861148903524161,0.32643849474416675,0.2914745741619616,0.29096211221572904,0.29298061400937386,0.2650423098878866,0.2577151723408812,0.24851329027815836,0.2269441075355291,0.253210697257033,0.223303982375366,0.20898619209118577,0.22206107116713109,0.2019331795835408,0.20180789415261222,0.17848396257895424,0.16187810529048177,0.1719620227648968,0.14161185119690134,0.1457885775018839,0.13709135321132845,0.1507948338218613,0.14033960672214527,0.13425516294966183,0.13745110163408006,0.13359305992134404,0.12358955272833322,0.10380193534432526,0.10141042107139757,0.09466371330052906,0.11919570737682475,0.12157761542049779,0.13576186976520424
bavaria,2021.945205479452,0.09007957737312274,0.12977700836203224,0.17415330329478562,0.2217007369179451,0.27543900064906673,0.30136921732229865,0.37580672191206793,0.479743023198986,0.46561679772381986,0.47283160801539936,0.4665927062435227,0.4925816961020338,0.4272298548107024,0.3779594680764373,0.3907520754597694,0.35217427693305886,0.2986809514593713,0.28356335206369926,0.21311089880541184,0.22725747312007763,0.22375310885850105,0.22025420281767522,0.20489313569699832,0.1921148490831106,0.20244998517685164,0.20761832362655475,0.20770185654701168,0.25673272455047014,0.21059948778442628,0.2574643328425824,0.246068089511713,0.26573744859575976,0.2623297898251717,0.2545797655781823,0.2742000701845857,0.28518419179958154,0.2927452924079578,0.30888559301878177,0.32362335331572917,0.292107314756883,0.29457559960006774,0.27540763495665915,0.2862822087126993,0.2831503074346139,0.25420352947072983,0.2602497643210623,0.2587342202456598,0.259915295623283,0.23259542362858984,0.21699051015723209,0.20688741629645802,0.2035619176550052,0.1891138686449099,0.1778734743122605,0.17686122751064431,0.18845106675025622,0.18413001423186506,0.17205071565987823,0.1539657121298623,0.14947542991436066,0.17417939052395603,0.14868797555061805,0.14096008272089422,0.1326285942165229,0.11392670982335644,0.11860155038165733,0.11151909637677022,0.11714224622508901,0.1072304853593004,0.08309475636668727,0.08886068196997912,0.07918866598873366,0.08529792075652125,0.08043337493667499,0.08706364470726849,0.09624741781472956,0.06601428502204022,0.07423095782738513,0.08350621496789681,0.08330829776599719,0.10161882752650747
bavaria,2021.964383561644,0.08689175744067777,0.0820999775033815,0.11796570567889936,0.16391768458487832,0.23271555993508306,0.2291794900166864,0.3061027858654215,0.36578793489294903,0.36408079618898187,0.4005817856752259,0.3313679756176931,0.40073375207049944,0.29446054982193326,0.2674727226137239,0.25347196705437736,0.244495489089897,0.20963359276443405,0.21518903954851512,0.19736045690731185,0.1788387795657372,0.17222288465257596,0.1666302925042046,0.15246890830839632,0.19566927777949095,0.16921783500049825,0.16036020945191312,0.16582171187869005,0.18163565704216464,0.1642202376876665,0.17108553640765686,0.18321157591016532,0.18950529105437336,0.1828984756445177,0.17995020726721198,0.1921513838250696,0.19380591261347144,0.2156119879113098,0.22881388350511347,0.2113513320016734,0.20951873076650843,0.21440058943887827,0.19787721705607475,0.21169593090091016,0.20577019208855452,0.1810720950009137,0.17357417017738827,0.157220235670906,0.15802346673004547,0.14022489768452365,0.14639868920077073,0.16065230967559585,0.1350632528722375,0.14680021960925227,0.11718915179310412,0.11119600522016347,0.12023810447322351,0.1133482470680767,0.11849210114933764,0.10812152852667138,0.11521394283018452,0.09960253012418849,0.09012645853613466,0.10192101837004271,0.08036046229393111,0.07390289087328418,0.0716325159806725,0.06407746380161104,0.05308789005018771,0.07453819701043642,0.06829482829155091,0.05873595975383928,0.05131290912290023,0.05131290912290023,0.059511641199466454,0.056367339704360815,0.06225525163585519,0.06601428502204022,0.05194793932688346,0.04689393827461118,0.048007754186143996,0.06988814389613474
bavaria,2021.9835616438356,0.051000602031338736,0.06649329494538121,0.07751174121064647,0.09384062276586214,0.13426037639278282,0.16619730905714328,0.1944270269164249,0.24240050393771606,0.23497208473656842,0.26549702363056055,0.2615301721863136,0.24247364414206465,0.1901785444908925,0.14448494401456297,0.1630674154625457,0.16411590883267965,0.14912602816206405,0.1300689368403604,0.1247936249825427,0.14658641731750857,0.13544384150831196,0.14137199944774181,0.13675246204617372,0.1523593877691578,0.12449130118915097,0.14281634083883765,0.1280306847265002,0.13251911545622921,0.12422546620240457,0.12081664387873052,0.15119639817779437,0.12977179536838762,0.1238449596646054,0.14238876989304236,0.13995376823786354,0.13722691029579853,0.14805697767992937,0.1425764835338776,0.1418464898481126,0.13978692005026283,0.13738332275545348,0.13325940489697946,0.12894814893644513,0.1330143783518534,0.11651684269447746,0.12045701051832881,0.11453644780189391,0.11798134111113745,0.10595387117253637,0.08754284857175677,0.08824082731827128,0.09644017461721166,0.08957430529878199,0.08538125741197128,0.07766797415396379,0.0714346439660138,0.07210116322939279,0.07222092931501262,0.07351754503089716,0.06487405089251719,0.07340298330410988,0.0632860952456147,0.059011871962298665,0.056882700597393324,0.044208386805146015,0.035486505823880056,0.042043392024161394,0.03334789080895334,0.028384145318614166,0.03801028875082421,0.033764159343787806,0.043245577515768664,0.033196994287997925,0.030548571466337864,0.029835757713583645,0.024518579483330884,0.029461144183870868,0.02782224172209667,0.0243781134572741,0.026448725158426525,0.042475342919471665
bavaria,2022.0027397260274,0.043823260950158836,0.05581554481428612,0.07751174121064647,0.07818875402181788,0.08100626354419904,0.11901329003330285,0.12839558332579123,0.1333584585088947,0.15265665834089132,0.15349632650348816,0.17577595385929298,0.18336290838102645,0.13952100685777963,0.14903215943466855,0.15211948644161535,0.1445058018930907,0.1573714925195245,0.20365588486948535,0.16324998741483174,0.1644080301541187,0.1615964305495709,0.17505592903167203,0.192156603076013,0.17578117146688974,0.18752733331958693,0.16913436387794265,0.18743339524585065,0.1623840804163514,0.1565995656230747,0.16673984310446846,0.15058101510533445,0.15728804041070715,0.1369610101941263,0.1441460046610895,0.1411634336086198,0.13479736383409005,0.14805697767992937,0.15200996663831343,0.14497510637181907,0.14281634083883765,0.13011064104248102,0.14117907601753427,0.13212812176530903,0.142023773086764,0.12824962357879854,0.12766578868778133,0.12387102166741105,0.10945030547123596,0.10661562236922502,0.10470334072411835,0.11160768623813128,0.108022522976298,0.09936808201179038,0.10675110003069616,0.09564310382230912,0.09414276841068588,0.09664856115339812,0.09487209271777246,0.08813665079114882,0.07241880432169706,0.07545471790036412,0.06650891490847259,0.06291124065945722,0.06157844623741939,0.05087567971989995,0.043094652270452276,0.05873595975383928,0.0367509838142395,0.033353094145075333,0.03448743384803855,0.02715628976647721,0.027114668052427793,0.02791589189985886,0.026531967553775116,0.027348790627306108,0.033004471776294744,0.029461144183870868,0.03524714308114974,0.02156887261491116,0.03232804698151775,0.03856189473283067
