State,week_end_num,A00,A01,A02,A03,A04,A05,A06,A07,A08,A09,A10,A11,A12,A13,A14,A15,A16,A17,A18,A19,A20,A21,A22,A23,A24,A25,A26,A27,A28,A29,A30,A31,A32,A33,A34,A35,A36,A37,A38,A39,A40,A41,A42,A43,A44,A45,A46,A47,A48,A49,A50,A51,A52,A53,A54,A55,A56,A57,A58,A59,A60,A61,A62,A63,A64,A65,A66,A67,A68,A69,A70,A71,A72,A73,A74,A75,A76,A77,A78,A79,A80+
bavaria,2020.0109289617487,-0,-0,-0,-0,-0,-0,-0,-0,-0,-0,-0,-0,-0,-0,-0,-0,-0,-0,-0,-0,-0,-0,-0,-0,-0,-0,-0,-0,-0,-0,-0,-0,-0,-0,-0,-0,-0,-0,-0,-0,-0,-0,-0,-0,-0,-0,-0,-0,-0,-0,-0,-0,-0,-0,-0,-0,-0,-0,-0,-0,-0,-0,-0,-0,-0,-0,-0,-0,-0,-0,-0,-0,-0,-0,-0,-0,-0,-0,-0,-0,-0
bavaria,2020.0300546448088,-0,-0,-0,-0,-0,-0,-0,-0,-0,-0,-0,-0,-0,-0,-0,-0,-0,-0,-0,-0,-0,-0,-0,-0,-0,-0,-0,-0,-0,-0,-0,-0,-0,-0,-0,-0,-0,-0,-0,-0,-0,-0,-0,-0,-0,-0,-0,-0,-0,-0,-0,-0,-0,-0,-0,-0,-0,-0,-0,-0,-0,-0,-0,-0,-0,-0,-0,-0,-0,-0,-0,-0,-0,-0,-0,-0,-0,-0,-0,-0,-0
bavaria,2020.049180327869,-0,-0,-0,-0,-0,-0,-0,-0,-0,-0,-0,-0,-0,-0,-0,-0,-0,-0,-0,-0,-0,-0,-0,-0,-0,-0,-0,-0,-0,-0,-0,-0,-0,-0,-0,-0,-0,-0,-0,-0,-0,-0,-0,-0,-0,-0,-0,-0,-0,-0,-0,-0,-0,-0,-0,-0,-0,-0,-0,-0,-0,-0,-0,-0,-0,-0,-0,-0,-0,-0,-0,-0,-0,-0,-0,-0,-0,-0,-0,-0,-0
bavaria,2020.068306010929,-0,-0,-0,-0,-0,-0,-0,-0,-0,-0,-0,-0,-0,-0,-0,-0,-0,-0,-0,-0,-0,-0,-0,-0,-0,-0,-0,-0,-0,-0,-0,-0,-0,-0,-0,-0,-0,-0,-0,-0,-0,-0,-0,-0,-0,-0,-0,-0,-0,-0,-0,-0,-0,-0,-0,-0,-0,-0,-0,-0,-0,-0,-0,-0,-0,-0,-0,-0,-0,-0,-0,-0,-0,-0,-0,-0,-0,-0,-0,-0,-0
bavaria,2020.0874316939892,-0,-0,-0,-0,-0,-0,-0,-0,-0,-0,-0,-0,-0,-0,-0,-0,-0,-0,-0,-0,-0,-0,-0,-0,-0,6.292038066885943e-4,-0,5.928033789854071e-4,-0,-0,-0,-0,-0,5.616030326606649e-4,-0,-0,-0,-0,5.928033789854071e-4,-0,6.032034985870817e-4,-0,-0,-0,-0,-0,-0,-0,-0,-0,-0,-0,4.836022487534156e-4,-0,-0,-0,-0,-0,-0,-0,-0,-0,-0,-0,-0,-0,-0,-0,-0,-0,-0,-0,-0,-0,-0,-0,-0,-0,-0,-0,-0
bavaria,2020.1065573770493,-0,-0,7.852059283220514e-4,-0,-0,-0,-0,-0,-0,-0,-0,-0,-0,-0,-0,-0,-0,-0,-0,-0,-0,-0,-0,-0,-0,-0,6.188036818867976e-4,-0,-0,-0,-0,-0,-0,5.616030326606649e-4,-0,-0,-0,-0,-0,-0,-0,-0,-0,-0,-0,-0,-0,-0,-0,-0,-0,-0,-0,-0,-0,-0,-0,-0,5.044024463558912e-4,-0,-0,-0,-0,-0,-0,-0,-0,-0,-0,-0,-0,-0,-0,-0,-0,-0,-0,-0,-0,-0,-0
bavaria,2020.1256830601094,-0,-0,-0,7.852059283220514e-4,-0,-0,-0,-0,-0,-0,-0,-0,-0,-0,-0,-0,-0,-0,-0,-0,-0,-0,-0,-0,-0,-0,-0,-0,-0,-0,-0,-0,-0,-0,-0,-0,-0,-0,-0,-0,-0,-0,-0,6.448039977942706e-4,-0,-0,-0,-0,-0,5.668030890843131e-4,-0,-0,-0,-0,-0,-0,-0,-0,-0,-0,-0,-0,-0,-0,-0,-0,-0,-0,-0,-0,-0,-0,-0,-0,-0,-0,-0,-0,-0,-0,-0
bavaria,2020.1448087431695,-0,-0,-0,-0,-0,-0,-0,-0,-0,-0,-0,-0,-0,-0,-0,-0,-0,-0,-0,-0,-0,-0,-0,-0,-0,-0,-0,-0,-0,-0,-0,-0,-0,-0,-0,-0,-0,-0,-0,-0,-0,-0,-0,-0,-0,-0,-0,-0,-0,-0,-0,-0,-0,-0,-0,-0,-0,-0,-0,-0,-0,-0,-0,-0,-0,-0,-0,-0,-0,-0,-0,-0,-0,-0,-0,-0,-0,-0,-0,-0,-0
bavaria,2020.1639344262296,-0,-0,-0,-0,-0,-0,-0,-0,-0,-0,-0,-0,-0,-0,-0,-0,-0,-0,-0,-0,-0,-0,-0,6.240037440305762e-4,-0,-0,-0,-0,-0,-0,-0,-0,-0,-0,-0,-0,6.032034985870817e-4,-0,-0,-0,-0,-0,-0,-0,-0,6.656042598781713e-4,-0,-0,-0,5.668030890843131e-4,-0,5.044024463558912e-4,-0,-0,-0,4.732021530722362e-4,-0,-0,-0,-0,-0,5.56402976762801e-4,-0,-0,-0,-0,-0,-0,-0,-0,-0,-0,-0,-0,-0,-0,-0,-0,-0,-0,-0
bavaria,2020.1830601092897,-0,-0,-0,-0,7.852059283220514e-4,-0,-0,8.580070785765575e-4,-0,8.892076027462617e-4,-0,-0,-0,-0,-0,8.684072512197225e-4,8.528069930378874e-4,8.424068235148251e-4,-0,7.696056950952293e-4,7.176049514830961e-4,-0,-0,6.240037440305762e-4,0.0018720336968105979,-0,6.188036818867976e-4,5.928033789854071e-4,5.876033199674743e-4,5.668030890843131e-4,0.0010868113572177433,5.616030326606649e-4,-0,5.616030326606649e-4,-0,5.980034385291251e-4,6.032034985870817e-4,-0,-0,0.0017940309472143036,0.0012064139944565,0.0012584152268872082,6.448039977942706e-4,0.0019292357875457782,0.001955236758679912,6.656042598781713e-4,0.0026260663087299776,0.002636466834996906,6.136036202688044e-4,0.002267249426398356,0.00218404586528353,5.044024463558912e-4,9.672089950704858e-4,-0,0.0014144192361890769,4.732021530722362e-4,0.0014144192361890769,9.672089950704858e-4,5.044024463558912e-4,0.0010244100904702265,-0,5.56402976762801e-4,-0,0.0012376147276746286,6.448039977942706e-4,-0,-0,-0,-0,8.112063274260393e-4,-0,-0,-0,-0,-0,-0,-0,-0,-0,-0,1.5080021866187252e-4
bavaria,2020.2021857923498,-0,-0,-0,-0,7.852059283220514e-4,0.0024440574358006633,0.0016588264584213117,0.001721228486489026,0.0017160283146203095,0.004440989632957202,0.007025674595008511,0.0044461900773324365,0.005189858978269959,0.0017368290052038353,0.004404586536875719,0.0017316288317807886,0.004264174833559011,0.0016848272943518216,0.004087360635379416,0.0061415626664147295,0.005735916341602262,0.0033853101930444904,0.0019448363686649871,0.0012428148516948493,0.002496059905919493,0.009402450007094743,0.006786442825027931,0.008866755912421307,0.0058555296725085965,0.006245575054287377,0.0021684452123986444,0.006167565743876809,0.002189246083955761,0.0022568489739783763,0.004581401813715118,0.0035933241507815398,0.007842191316088062,0.0035985245103836694,0.00414456516311655,0.0029900859657976397,0.007244104563595258,6.292038066885943e-4,0.0070672802325678265,0.0070672802325678265,0.008461088328199601,0.006635623361774643,0.00918401097203835,0.008565105355790045,0.013490549799966361,0.008502695114267609,0.0071036851927475855,0.009059189078280308,0.0077277741878464005,0.00805022310334564,0.00755094821210531,0.006646024690024559,0.005184658459520951,0.005319872116098456,0.005522693260200158,0.0066512253549268294,0.0037545355403623185,0.003348907835987936,0.004149765577846888,0.004955836149344533,0.0038845450895646266,0.002095642227474157,0.0029276824150337995,0.0038533427681110123,0.0015548232447247564,0.003250101566730168,0.0032293002708088333,0.002511660657093224,0.003546520937736729,-0,0.005387479076234068,0.005434283946279259,0.0031720967499333595,0.0021684452123986444,0.0011440125841828258,9.880093861184358e-4,0.0026000650021664614
bavaria,2020.22131147541,0.007114086614622255,0.003140894855977498,0.003135694542141295,0.0031460951703395374,0.0047218143736140646,0.003260502217811224,0.003317705835938835,0.008606712225085364,0.006006346873211892,0.0053302731811678185,0.004388985217780854,0.0044461900773324365,0.007784982720497809,0.0034737160234086795,0.009693703481235955,0.0026000650021664614,0.007675766485504184,0.015997660566351175,0.006536810847169685,0.019966632840442634,0.02367578901848895,0.01693915869175938,0.014905336036696496,0.024877549940455535,0.019352800811928403,0.021313967530290846,0.023452087670595173,0.028972069470604087,0.022838214497025486,0.03463313064899739,0.02170412888151626,0.02859746216291918,0.030652632685556156,0.02819684344512536,0.02232319089952605,0.02514808003837646,0.02654237286256396,0.01978456326255091,0.02782744450532282,0.02273416891465282,0.02536658614494264,0.020783352790503123,0.024419732980993876,0.030850349575781807,0.022786191679816357,0.024565401576333933,0.02559029572908632,0.036901890648728765,0.03372773571395979,0.03345716097679191,0.040450929360391366,0.03524714308114974,0.03140708275275845,0.021313967530290846,0.04673259308814325,0.028966866572847146,0.03442499248688489,0.020304763747825676,0.03313455447637224,0.025595498289003194,0.02254168513609111,0.033503991119017196,0.02074173617714987,0.018582920036396472,0.01877018728406492,0.011883357725328935,0.013178469782645783,0.00924642203127985,0.014015888725850446,0.01137364375328337,0.01777143642285684,0.016746696362837068,0.020408804469361337,0.01561274359008081,0.012928807117320678,0.010863934777497159,0.016918351919154303,0.0216833202022213,0.016039273383099933,0.01187295534942598,0.015134202133226351
bavaria,2020.24043715847,0.013433334989914014,0.003926148213960467,0.004706212959348299,0.002360853591780659,0.008653519992832884,0.008154239309067744,0.00497663813593485,0.006021948677558128,0.01201338759969349,0.009771718081667798,0.011420454011749976,0.012455491604661598,0.015565929557576104,0.014759694499725872,0.007930604723981044,0.016471008321855496,0.011940570829995095,0.018520497770372377,0.03597564181139599,0.03379537961823492,0.03946216989421609,0.045410622350783775,0.03499737443736535,0.03918636139677676,0.0343365340202617,0.045145191332897815,0.03765122762362214,0.04139287033828267,0.03513786915187837,0.045426235982268075,0.041247154596270284,0.042626266367307375,0.043245577515768664,0.03383700667998897,0.040076239350316956,0.029939817506343593,0.03800508494866891,0.04018031963785379,0.03434173745530661,0.04129399175452825,0.036844650073748424,0.03905105964986489,0.03406075270783216,0.03792182418496114,0.0279991366439112,0.041830020014312116,0.04594148845122827,0.044812103345024334,0.040476949600232785,0.05842881392298998,0.05248407742188824,0.04935581563472113,0.04300617905444269,0.04406266317321818,0.040123075453931664,0.05081842376078955,0.05046968428033964,0.039654716316139725,0.041673894708142555,0.04351620319052145,0.03757317118490899,0.03964951234941883,0.03971195998447088,0.04956921852751923,0.03948298568923617,0.03495574644670323,0.030751491036697904,0.03315016442224681,0.03581953408145273,0.02924782379651249,0.04040409296147972,0.030147937716577505,0.035496912924645206,0.04317792131714821,0.04849700796903374,0.052988989225742245,0.051833425110400615,0.04771628603544198,0.05042804390166324,0.05543553853056972,0.052307099187108505
bavaria,2020.25956284153,0.014223945213187246,0.009423253772576893,0.007842191316088062,0.00786819524397923,0.007082882355239951,0.008154239309067744,0.007467736196293589,0.00946486132851025,0.010297019438569747,0.007108885903421963,0.010541468413920778,0.009787321015797124,0.015565929557576104,0.019971834837752535,0.012341064325200612,0.020809363190759527,0.021329573928131205,0.025257332976888112,0.028613070746857473,0.040711132344735924,0.035158683215936286,0.039306051697124464,0.049262126836475434,0.04540541780800134,0.0343365340202617,0.035736276817103896,0.04630060682762218,0.040211543764737526,0.04685750544680775,0.03293162560639593,0.040705928272291775,0.04318312563699116,0.03119895750298265,0.042298398745359116,0.04237125803825378,0.04192369542301884,0.027140681619807493,0.04198094158918831,0.0331605710554351,0.03949859754097675,0.028384145318614166,0.03527316071720798,0.028274885810422732,0.048850939107006414,0.04558237255492701,0.044489426391390495,0.03543447035130267,0.052728724797080476,0.03802590016042626,0.04480689886213997,0.05850169582038018,0.04784120075712602,0.0531607644622462,0.04690434765866543,0.0476798526314774,0.0446403556849714,0.04291770598896189,0.04545746325929546,0.0492100775770606,0.052739135349216426,0.05959493653930908,0.0513805759066315,0.05097978162525814,0.05329089759494853,0.03754194864223806,0.04334445981055848,0.0395402291685254,0.03931645956234851,0.03581953408145273,0.04062786724808673,0.04363590345745065,0.045228463663246364,0.04082041798642933,0.05329089759494853,0.03124578561155328,0.06930496389287484,0.05924093226642946,0.060740260992557096,0.06418679856216468,0.06930496389287484,0.06791993759711434
bavaria,2020.27868852459,0.01027101429604918,0.006281979439199475,0.005491489955775094,0.00550709160564713,0.0031460951703395374,0.0065212088883461914,0.007467736196293589,0.0034425139484697983,0.007722573415268598,0.014213542369049356,0.006146763280864589,0.0035569216481055464,0.01210700931057096,0.006942463419745264,0.008814747070922528,0.01473888859917765,0.007675766485504184,0.018520497770372377,0.02289023736628031,0.026880546531653973,0.027260344197353025,0.02710426262912664,0.028514216461026424,0.03047572873679638,0.02621980925830512,0.03072027258971668,0.02715628976647721,0.03015314073250295,0.029866975629546513,0.0317921166608589,0.029305056009662427,0.025793195951648685,0.020798959029094562,0.02424805266035366,0.031485129936182556,0.02874314246189848,0.02774420003613074,0.020986234257553645,0.02190701394108068,0.028722330965627346,0.01932158920745296,0.02141280812906678,0.016065281410475443,0.021849789869776325,0.031906586750892585,0.02389949132873866,0.024934777343796385,0.030970020690342243,0.03372773571395979,0.03175569441232444,0.030605805111140496,0.03272869752833626,0.03478923481730773,0.03174008488505191,0.03587156993935814,0.03656365180136445,0.031126113862355444,0.0290136926713774,0.02661000742044037,0.029180185807636972,0.025761980481260664,0.03574148039222322,0.025486244639998552,0.03159439618977572,0.027182303354678642,0.024466554984993116,0.02928424428850047,0.02466945082284533,0.0319273995216093,0.03249975398073074,0.03717248331070671,0.03266105501163332,0.03727135405766968,0.02479951267375945,0.02801474504825408,0.0380363077694295,0.04125235872288552,0.03144350475711054,0.0378177484178054,0.036620892067033874,0.05781973348877865
bavaria,2020.2978142076502,0.006323584481731828,0.005496690505210404,0.001570423713516406,7.852059283220514e-4,0.0031460951703395374,0.0016328256354974048,0.007467736196293589,8.580070785765575e-4,0.0034321132609840565,0.007108885903421963,0.006146763280864589,0.006229973182845335,0.0060531523002996255,0.005210661058478578,0.00528866893337292,0.006937262725709608,0.006822847588589405,0.014312369472382432,0.014712881235188904,0.016892343465108452,0.015066582499860964,0.016262942843654794,0.022031866678875005,0.02238561773057984,0.018728572281855427,0.013162865830947456,0.017277269913448006,0.018921041946253322,0.021667713698207417,0.016460605028178192,0.016278547725639688,0.02018511717539675,0.019155127633317535,0.013532160610456123,0.013740215162360118,0.013771423416938579,0.02050764334763409,0.015586735789043028,0.008882358575019015,0.013761020663329399,0.012679145650665703,0.010702701345748982,0.014780500408604591,0.014135521104354294,0.020179915156756156,0.013277294918819153,0.00918401097203835,0.013178469782645783,0.015940442997697955,0.013610180969868282,0.016392983669967363,0.017116016595036396,0.019326791140234122,0.018000315134246866,0.01793269177375792,0.016616654651957382,0.01791708639536092,0.01837484610772913,0.02560590341040424,0.02201105786842406,0.019857391017210315,0.016190120122963836,0.014816910769176628,0.01796390254459583,0.017474935953672194,0.017474935953672194,0.015373472311165294,0.010791119617384493,0.010900342395795225,0.01949845521384603,0.016965167169226247,0.014234348059406267,0.02129315900711916,0.011940570829995095,0.011852150603862919,0.023093127053664043,0.020091480919435727,0.02385266983533365,0.03437816151521754,0.031672443654340666,0.04419797796075064
bavaria,2020.3169398907103,0.007114086614622255,0.004711413430253976,0.002350453120639017,0.003931348606847413,0.0015756238708242005,0.003260502217811224,0.0024908596565645005,0.001721228486489026,0.0025740637086042453,0.0026676684262789594,0.002636466834996906,0.0026676684262789594,0.004321379555807597,0.0034737160234086795,0.003525719523239945,0.007800585058505722,0.002558462938702915,0.006734436064147517,0.008175042575181122,0.007680967253394826,0.0251116624432172,0.017615383333597048,0.01879099479765868,0.024877549940455535,0.021849789869776325,0.0156699607981549,0.02221914634764591,0.020694917526936325,0.01932158920745296,0.011352839207489517,0.014109514042132914,0.01570117021091469,0.01805753496950152,0.009584483237263443,0.011446459729104798,0.01017739589067374,0.008445485792009783,0.01019299894652979,0.009470062275339882,0.01136844261605168,0.009059189078280308,0.008185444211358792,0.007712171871679231,0.010921146760551548,0.01041664326165472,0.011285224491147437,0.009839330830050572,0.008565105355790045,0.012876794212917595,0.007368922100462836,0.012569919135928956,0.008055423908687609,0.00821144831090872,0.009470062275339882,0.009912144657398491,0.0085443019336265,0.007545747457218475,0.0072493052883192835,0.011040772019425564,0.010749511000238682,0.00912159998770908,0.008372674018343875,0.007108885903421963,0.012387875454545077,0.004529397258114548,0.009085193614769562,0.010250210191398735,0.00924642203127985,0.007004871788709344,0.007311714025544296,0.007270108192405292,0.005860730258351855,0.008871956799435624,0.014697276823043805,0.01077551638205031,0.019014676094624178,0.014806507806412532,0.014093909811048093,0.017183638893488378,0.014842918185189164,0.026453927804229314
bavaria,2020.3360655737704,0.00395215018360753,0.001570423713516406,0.0039209478215878266,0.0015756238708242005,0.002360853591780659,0.003260502217811224,0.00497663813593485,0.001721228486489026,0.0017160283146203095,0.007108885903421963,8.788074259429569e-4,0.001778430411332561,0.002594864742416224,0.0017368290052038353,0.00528866893337292,0.00520026001733406,0.002558462938702915,0.003369709179755342,0.009808124935256148,0.003837741614408134,0.010759913151403842,0.01287159292533582,0.014255153758087736,0.017412515017688462,0.018104351245178223,0.011280023362759599,0.013578972812054932,0.011820943501131212,0.015810403303080256,0.012486699088217054,0.009225618336543066,0.011212408741098598,0.007660164184941631,0.006203970074175833,0.005153455357931754,0.007784982720497809,0.003619325954004455,0.012590724168666974,0.006510807585062592,0.006578416093592457,0.0060375504865854464,0.0075561489675180695,0.004498194549718561,0.0070672802325678265,0.005205460537649154,0.005309471053109519,0.0052470647188647915,0.0052678668219580125,0.004290176972232778,0.003400911211008475,0.007649762653835953,0.004024955767797943,0.006281979439199475,0.005683910631373779,0.008024219084426654,0.005221062101703512,0.005657907795766694,0.005803523842653571,0.007530145195667328,0.008700327802714423,0.00805022310334564,0.005023442636186012,0.008887559463588091,0.0043369808546132845,6.448039977942706e-4,0.0027976752581388934,0.00805022310334564,0.0015392227806076137,0.008565105355790045,0.0016224253099669165,0.004846625856274117,0.004186168495544676,0.004435789189096282,0.01101996760680905,0.004310978692535646,0.005434283946279259,0.008461088328199601,0.003250101566730168,0.014894933056242298,0.007915002346961344,0.01299642397082048
bavaria,2020.3551912568305,0.0015808240286462535,0.002355653355952701,0.002350453120639017,7.852059283220514e-4,0.002360853591780659,0.0024440574358006633,0.0024908596565645005,8.580070785765575e-4,8.580070785765575e-4,0.003551721292663989,0.006146763280864589,0.0044461900773324365,0.003458114983596041,0.0017368290052038353,0.003525719523239945,0.006068754118689121,0.005117051763078601,0.0016848272943518216,0.0016328256354974048,7.696056950952293e-4,0.005023442636186012,0.008809546189630155,0.010364632869976964,0.009329636893456644,0.009984958586699498,0.014416398205115664,0.008637917398898307,0.005912736145419771,0.0023400526515775636,0.005678710063214445,0.004883029261810867,0.005044244649821531,0.006016748075591187,0.006203970074175833,0.006297581326245275,0.006583616751733007,0.003619325954004455,0.0059959456729130785,0.00414456516311655,0.0017940309472143036,0.004227771861252387,0.002516860908522644,0.004498194549718561,0.005782721525274816,0.0039053466476019223,0.004643807349082134,0.003281303526214121,0.00395215018360753,0.004903831219275663,0.0045345977113313085,0.0038273408478713415,0.0030212877692570046,0.003863743539848575,0.0061571645113304525,0.003302104842938069,0.0023712540650024897,0.0037701366691073185,0.0038689439265003588,0.006021948677558128,0.008190645030230759,0.002683269228943592,0.003348907835987936,0.004742616266586923,0.0024752589116313678,0.0051742574235774715,0.005590300484036865,0.0029276824150337995,0.0038533427681110123,0.0046698096775942876,0.004061358598116162,0.004846625856274117,0.005023442636186012,0.002662468159768038,0.004591802731076329,0.004310978692535646,0.008149038493842695,0.006344387015475263,0.003250101566730168,0.009163207302270403,0.0049454351591699695,0.009787321015797124
bavaria,2020.3743169398906,0.00395215018360753,7.852059283220514e-4,-0,0.0015756238708242005,0.002360853591780659,8.164064088045757e-4,8.320066560718302e-4,0.0034425139484697983,0.0017160283146203095,8.892076027462617e-4,-0,-0,8.632071646410181e-4,-0,8.788074259429569e-4,0.0017316288317807886,0.002558462938702915,0.004206970174240745,0.003270902870972542,0.003837741614408134,0.005735916341602262,0.010161792839493746,0.012309856929046825,0.008705528673083116,0.007488539187764362,0.008773140035171583,0.006786442825027931,0.007093283772953485,0.006437998520331927,0.003972951768688912,0.010853532605523353,0.005044244649821531,0.006568014778865976,0.004508595450436863,0.004004154161913369,0.004789420556204302,0.00542908340308526,0.0035985245103836694,0.0047374157925664535,0.005980343876362871,0.0030212877692570046,0.006297581326245275,0.005782721525274816,0.0038533427681110123,0.004555399529410808,0.00597514327855689,0.0052470647188647915,0.0019760375449502316,0.0024544579256640347,0.0062351738061373,0.0027300716650088515,0.004529397258114548,0.0028964806677350525,0.0014196193778902011,0.0028288769461511125,0.003796138560742797,0.0042433731319792235,0.0024180562202402007,0.0030108871660274915,0.004092561044388847,0.002683269228943592,0.005585099925233785,0.0029640844772087834,0.007431330981242598,0.0038845450895646266,0.0027976752581388934,0.0036609288662095077,0.002314051488027633,0.0023348524178297934,0.0016224253099669165,8.060062465617456e-4,0.004186168495544676,0.0017732302337492335,0.0027560730365790635,0.005387479076234068,0.005434283946279259,0.008461088328199601,0.0010816112487982198,0.004581401813715118,9.880093861184358e-4,0.00779538427865152
bavaria,2020.3934426229507,0.0031616961165344864,0.003140894855977498,0.003135694542141295,7.852059283220514e-4,-0,0.0024440574358006633,-0,0.0025792639662742755,0.0017160283146203095,0.0026676684262789594,0.0017576297041079169,8.892076027462617e-4,8.632071646410181e-4,8.684072512197225e-4,0.002641667098913336,0.0017316288317807886,-0,0.0025272614129474074,0.0024544579256640347,7.696056950952293e-4,0.008606712225085364,0.006776041468690766,0.005829526751076739,0.006219571937816006,0.007488539187764362,0.007519743690575015,0.008024219084426654,0.005319872116098456,0.006437998520331927,0.0068124462249703355,0.004342181288592536,0.006729235390917331,0.003281303526214121,0.0033853101930444904,0.004004154161913369,0.0035933241507815398,0.003016087467382218,0.002995286265072126,0.0053302731811678185,0.0017940309472143036,0.003624526316206946,0.0037805374242024375,0.0019292357875457782,0.0019292357875457782,0.0013000162502735818,0.0013260169067880205,0.003936549000260211,0.002636466834996906,0.004290176972232778,0.003400911211008475,0.0038273408478713415,5.044024463558912e-4,0.0019344359807302181,0.0023660538281344377,0.0014144192361890769,0.0023712540650024897,0.002355653355952701,0.0033853101930444904,0.0035153188191119765,0.0020488403624213725,0.0010712110335134644,0.0027924749786266065,0.001778430411332561,6.188036818867976e-4,0.0032345005940119563,0.002095642227474157,0.002194446303142263,0.0015392227806076137,0.0015548232447247564,0.002438857191646164,0.0032293002708088333,0.0016744269584206722,0.0017732302337492335,-0,0.004310978692535646,0.0027144708483027614,0.0031720967499333595,0.003250101566730168,0.0011440125841828258,0.002969284773888745,0.004128963922034487
bavaria,2020.4125683060108,7.904060071005078e-4,0.003926148213960467,0.003135694542141295,0.0015756238708242005,-0,0.0024440574358006633,0.0024908596565645005,0.0034425139484697983,-0,-0,0.0017576297041079169,0.001778430411332561,-0,-0,8.788074259429569e-4,8.684072512197225e-4,0.003411311892253395,0.008419481575428201,0.0016328256354974048,7.696056950952293e-4,7.176049514830961e-4,0.0027092705771113563,0.006479603687694912,0.007462535449723384,0.006240374429955163,0.008149038493842695,0.004321379555807597,0.007686168021811396,0.0052678668219580125,0.004539798165073934,0.0032553018920135506,0.003364508843036276,0.007114086614622255,0.0028184763814001475,0.0034321132609840565,0.004191368914435681,0.002412855978691718,0.005397880154826218,0.0023660538281344377,0.002392055017686721,0.0018096314877705962,0.0012584152268872082,6.448039977942706e-4,6.448039977942706e-4,0.0032553018920135506,0.0013260169067880205,0.00131041651131466,0.002636466834996906,0.0012272144811884878,0.003400911211008475,5.460028665213333e-4,0.003525719523239945,0.0014508202390348668,0.0018928344497984545,0.002360853591780659,9.516087072476133e-4,4.732021530722362e-4,0.0033853101930444904,0.002511660657093224,0.0020488403624213725,5.356027583599094e-4,0.0016744269584206722,0.001185613516044898,0.0018564331375272125,0.0019396361744404699,0.004893430239503069,0.0014664206766304769,7.696056950952293e-4,0.0038897454782967204,8.112063274260393e-4,0.002423256462314505,-0,0.002662468159768038,0.0018356323991003999,-0,0.001357217711769687,0.0010556107144836049,0.0021684452123986444,0.004581401813715118,0.0019812377428207965,0.002293250566546213
bavaria,2020.431693989071,7.904060071005078e-4,-0,7.852059283220514e-4,-0,7.852059283220514e-4,0.0016328256354974048,-0,8.580070785765575e-4,0.0025740637086042453,-0,-0,-0,-0,-0,8.788074259429569e-4,-0,-0,8.424068235148251e-4,0.004087360635379416,0.003073290816637081,0.0021528445641883763,0.0020332397500940035,0.0012948161205273085,0.0037285336695298504,0.002496059905919493,0.001882434072264451,0.003702531811699247,0.0017732302337492335,0.0011700131626993324,0.002839277512982304,0.0010868113572177433,5.616030326606649e-4,0.0010920114661630619,0.0016900274630945603,0.0028600786528853693,-0,0.0018096314877705962,0.0012012138740764501,0.0023660538281344377,5.980034385291251e-4,0.0012064139944565,0.0018876342607685472,0.0012844158626006128,-0,0.0039053466476019223,0.0013260169067880205,6.552041277961948e-4,6.604041935742898e-4,0.0012272144811884878,0.0011336123564175387,0.0010920114661630619,0.00150802186641993,0.0019344359807302181,-0,0.0014144192361890769,0.0018980346393426264,0.002355653355952701,0.0019344359807302181,5.044024463558912e-4,0.002558462938702915,5.356027583599094e-4,5.56402976762801e-4,0.001778430411332561,0.0012376147276746286,-0,6.968046686044236e-4,7.332051691094672e-4,7.696056950952293e-4,7.800058500578373e-4,0.0016224253099669165,-0,-0,8.892076027462617e-4,9.204081456366061e-4,-0,-0,0.0010556107144836049,-0,-0,9.880093861184358e-4,0.001378018258824673
bavaria,2020.450819672131,0.0023712540650024897,-0,-0,7.852059283220514e-4,0.002360853591780659,-0,-0,8.580070785765575e-4,-0,-0,-0,-0,8.632071646410181e-4,8.684072512197225e-4,8.788074259429569e-4,-0,-0,0.0016848272943518216,0.0016328256354974048,0.00153402262694581,0.0028704792259572447,0.004742616266586923,0.0019448363686649871,0.0012428148516948493,0.0031200936037415155,0.003759735916092501,-0,0.0017732302337492335,0.0017576297041079169,0.003972951768688912,5.408028121777293e-4,0.003926148213960467,0.003281303526214121,0.0039469497886402685,0.0028600786528853693,0.002995286265072126,0.003016087467382218,0.0012012138740764501,0.001778430411332561,0.004186168495544676,0.0012064139944565,0.002516860908522644,0.0019292357875457782,0.0019292357875457782,0.0013000162502735818,0.0013260169067880205,6.552041277961948e-4,0.0013156166426210114,-0,5.668030890843131e-4,0.00218404586528353,5.044024463558912e-4,9.672089950704858e-4,0.0014196193778902011,4.732021530722362e-4,9.516087072476133e-4,-0,4.836022487534156e-4,5.044024463558912e-4,0.0010244100904702265,5.356027583599094e-4,0.0011180120186726644,5.928033789854071e-4,0.0012376147276746286,6.448039977942706e-4,0.0013988188142001,-0,-0,-0,-0,-0,-0,8.892076027462617e-4,-0,-0,0.001357217711769687,-0,-0,-0,-0,0.0012220143587225675
bavaria,2020.4699453551912,7.904060071005078e-4,7.852059283220514e-4,0.002350453120639017,0.0015756238708242005,7.852059283220514e-4,-0,0.0016588264584213117,8.580070785765575e-4,-0,8.892076027462617e-4,8.788074259429569e-4,-0,-0,8.684072512197225e-4,0.0017628298801369115,0.0034685156762824733,0.002558462938702915,8.424068235148251e-4,8.164064088045757e-4,0.002303651026246831,7.176049514830961e-4,0.0027092705771113563,6.500040625323396e-4,0.0018668335098608409,0.0012480149762408685,0.004388985217780854,0.0018512329521433405,0.0029536838854148113,0.0017576297041079169,0.0011336123564175387,0.0016276254724692577,0.0011232121307323422,0.002735271938280475,5.616030326606649e-4,0.0022880503374788598,0.0017940309472143036,-0,0.002397255257160785,5.928033789854071e-4,0.001196013754210651,0.002412855978691718,0.0018876342607685472,0.0012844158626006128,0.0012844158626006128,0.0026052652624425246,0.0019916381401162723,0.00131041651131466,-0,-0,5.668030890843131e-4,-0,0.0010088097854867022,9.672089950704858e-4,4.732021530722362e-4,9.412085179638691e-4,0.0018980346393426264,4.732021530722362e-4,0.0019344359807302181,-0,5.096024970536484e-4,-0,-0,0.001778430411332561,6.188036818867976e-4,-0,6.968046686044236e-4,7.332051691094672e-4,-0,-0,8.112063274260393e-4,8.060062465617456e-4,-0,-0,-0,0.0021528445641883763,-0,0.0021164430699088742,-0,-0,9.880093861184358e-4,6.136036202688044e-4
bavaria,2020.4890710382513,-0,-0,-0,-0,0.0015756238708242005,0.003260502217811224,0.0016588264584213117,-0,-0,8.892076027462617e-4,8.788074259429569e-4,8.892076027462617e-4,0.002594864742416224,8.684072512197225e-4,0.004404586536875719,0.0017316288317807886,8.528069930378874e-4,-0,8.164064088045757e-4,7.696056950952293e-4,0.0021528445641883763,0.0027092705771113563,0.0019448363686649871,0.004352582158105526,0.0031200936037415155,0.001253215101301139,0.00308369143235383,0.0023660538281344377,0.0040977614539241345,0.0034061115513737876,0.0032553018920135506,0.0016796271261233435,0.0016432259631080236,0.0016900274630945603,0.005725515195395651,0.004191368914435681,6.032034985870817e-4,0.002995286265072126,0.0029588841810546545,0.0017940309472143036,0.0012064139944565,0.0012584152268872082,0.0019292357875457782,0.0025688634514484925,0.001955236758679912,-0,0.001965637150774993,0.0013156166426210114,0.0012272144811884878,0.002267249426398356,0.00218404586528353,0.002012438940941929,0.0019344359807302181,0.0014196193778902011,9.412085179638691e-4,9.516087072476133e-4,0.0014144192361890769,0.0014508202390348668,0.001003609684867492,-0,0.002147644349162222,-0,0.001778430411332561,-0,-0,0.0013988188142001,7.332051691094672e-4,7.696056950952293e-4,7.800058500578373e-4,-0,0.0032293002708088333,-0,-0,-0,0.0010764111408929447,0.001357217711769687,0.0021164430699088742,-0,0.0011440125841828258,9.880093861184358e-4,9.1520805385195e-4
bavaria,2020.5081967213114,7.904060071005078e-4,0.001570423713516406,0.001570423713516406,0.0047218143736140646,0.0015756238708242005,0.0024440574358006633,0.0016588264584213117,8.580070785765575e-4,0.0025740637086042453,-0,0.0035153188191119765,8.892076027462617e-4,8.632071646410181e-4,-0,8.788074259429569e-4,0.0017316288317807886,-0,0.0025272614129474074,-0,0.00153402262694581,0.00645360045418919,0.004742616266586923,0.005184658459520951,0.0037285336695298504,0.008736733906195835,0.004388985217780854,0.005553896583354971,0.006500406283859512,0.00468541108093808,0.004539798165073934,0.004342181288592536,0.002241248299245859,0.002735271938280475,0.0022568489739783763,0.006297581326245275,0.0035933241507815398,0.0018096314877705962,0.0017992311268777742,0.0023660538281344377,0.0035881237916937088,0.004227771861252387,0.002516860908522644,0.0025688634514484925,0.003213699304331398,0.001955236758679912,0.002657267893771396,0.003936549000260211,0.0013156166426210114,0.0024544579256640347,0.0017004278021459124,0.00218404586528353,0.0010088097854867022,-0,0.0014196193778902011,0.0014144192361890769,0.0018980346393426264,0.0014144192361890769,4.836022487534156e-4,0.001003609684867492,0.00153402262694581,0.0010712110335134644,-0,0.001185613516044898,0.0018564331375272125,0.002589664483180265,-0,-0,0.0015392227806076137,7.800058500578373e-4,-0,-0,-0,0.0017732302337492335,9.204081456366061e-4,0.0010764111408929447,-0,0.0010556107144836049,0.0010816112487982198,-0,9.880093861184358e-4,3.068009050637224e-4
bavaria,2020.5273224043715,0.0023712540650024897,0.005496690505210404,0.004706212959348299,0.00550709160564713,0.0047218143736140646,0.0024440574358006633,0.0016588264584213117,0.0034425139484697983,8.580070785765575e-4,0.001778430411332561,0.0052678668219580125,-0,0.004321379555807597,0.0034737160234086795,0.0017628298801369115,-0,0.003411311892253395,0.0025272614129474074,0.006536810847169685,0.002303651026246831,0.0035881237916937088,0.0033853101930444904,0.006479603687694912,0.002485659407735331,0.003744134790467952,0.004388985217780854,0.003702531811699247,0.0029536838854148113,0.0040977614539241345,0.004539798165073934,0.0016276254724692577,0.003364508843036276,0.002735271938280475,0.0033853101930444904,0.004004154161913369,0.004191368914435681,0.004825823921693603,0.002995286265072126,0.0023660538281344377,0.0029900859657976397,0.002412855978691718,0.0012584152268872082,0.003213699304331398,0.005782721525274816,0.0026052652624425246,0.002657267893771396,0.003936549000260211,6.604041935742898e-4,0.0024544579256640347,0.0028340772293037934,0.0010920114661630619,0.002516860908522644,0.002412855978691718,0.0018928344497984545,0.002360853591780659,9.516087072476133e-4,0.0014144192361890769,9.672089950704858e-4,5.044024463558912e-4,0.00153402262694581,0.0010712110335134644,0.0011180120186726644,-0,0.0012376147276746286,0.0019396361744404699,-0,-0,-0,0.0015548232447247564,0.0016224253099669165,8.060062465617456e-4,-0,8.892076027462617e-4,0.0018356323991003999,0.0010764111408929447,0.0027144708483027614,-0,-0,0.0011440125841828258,9.880093861184358e-4,6.136036202688044e-4
bavaria,2020.5464480874316,7.904060071005078e-4,0.001570423713516406,0.001570423713516406,0.0015756238708242005,0.00550709160564713,0.003260502217811224,0.0024908596565645005,-0,-0,0.0026676684262789594,0.0035153188191119765,8.892076027462617e-4,0.0017316288317807886,8.684072512197225e-4,-0,0.004331780421159893,0.0017056279724545263,0.0016848272943518216,0.0016328256354974048,0.0061415626664147295,0.0035881237916937088,0.0027092705771113563,0.0032397009177293707,0.007462535449723384,0.00561630328583662,0.003135694542141295,0.003702531811699247,0.004727014846080024,0.0029276824150337995,0.004539798165073934,0.0032553018920135506,0.003364508843036276,0.0043785843409866404,0.0022568489739783763,0.0017160283146203095,0.004191368914435681,0.003016087467382218,0.002397255257160785,0.00414456516311655,0.001196013754210651,0.002412855978691718,0.0031460951703395374,0.0025688634514484925,0.0019292357875457782,0.0026052652624425246,0.002657267893771396,0.003281303526214121,-0,0.0030628902030005773,0.0017004278021459124,0.0010920114661630619,0.0010088097854867022,0.0019344359807302181,0.002839277512982304,0.004716613901673972,0.0018980346393426264,9.412085179638691e-4,0.0014508202390348668,0.001003609684867492,5.096024970536484e-4,-0,0.0022308478520263295,5.928033789854071e-4,6.188036818867976e-4,0.0019396361744404699,0.002095642227474157,0.0014664206766304769,7.696056950952293e-4,7.800058500578373e-4,0.0016224253099669165,-0,8.372067395304327e-4,8.892076027462617e-4,9.204081456366061e-4,0.0010764111408929447,0.001357217711769687,0.0010556107144836049,0.0010816112487982198,0.0011440125841828258,-0,0.0015288224737982639
bavaria,2020.5655737704917,7.904060071005078e-4,0.001570423713516406,0.001570423713516406,0.0031460951703395374,0.0015756238708242005,0.003260502217811224,0.0024908596565645005,-0,0.0025740637086042453,0.001778430411332561,0.004388985217780854,0.0044461900773324365,0.003458114983596041,0.0017368290052038353,0.002641667098913336,0.00520026001733406,0.004264174833559011,0.0025272614129474074,0.006536810847169685,0.002303651026246831,0.0043057782616826865,0.007452133958149193,0.0045345977113313085,0.006838449637916147,0.0049922396313357474,0.004388985217780854,0.008024219084426654,0.004139364748900522,0.0052678668219580125,0.004539798165073934,0.004342181288592536,0.005044244649821531,0.002189246083955761,0.0033853101930444904,0.006297581326245275,0.005387479076234068,0.006032349883058143,0.002995286265072126,0.0047374157925664535,0.005980343876362871,0.003624526316206946,0.005039044145629613,0.003213699304331398,0.00642759723369247,0.004555399529410808,0.005309471053109519,0.0059023349638452445,0.0032917041835359632,0.0030628902030005773,0.003400911211008475,0.004373383903372552,0.004024955767797943,0.0028964806677350525,0.0047374157925664535,0.002360853591780659,0.0028496780818937227,0.002355653355952701,0.0019344359807302181,0.00150802186641993,0.0020488403624213725,0.0010712110335134644,0.0022308478520263295,0.0029640844772087834,-0,0.002589664483180265,0.0013988188142001,-0,0.0015392227806076137,0.0015548232447247564,-0,0.002423256462314505,-0,8.892076027462617e-4,0.0018356323991003999,-0,-0,0.0010556107144836049,-0,0.0011440125841828258,-0,4.576020134534245e-4
bavaria,2020.5846994535518,0.0023712540650024897,0.002355653355952701,0.001570423713516406,0.0031460951703395374,0.002360853591780659,-0,0.0016588264584213117,8.580070785765575e-4,-0,0.001778430411332561,8.788074259429569e-4,0.001778430411332561,0.003458114983596041,0.0034737160234086795,0.0017628298801369115,0.0026000650021664614,-0,0.0025272614129474074,0.003270902870972542,0.00537707799972235,0.005023442636186012,0.004066559004530959,0.006479603687694912,0.004352582158105526,0.0049922396313357474,0.003759735916092501,0.00308369143235383,0.005319872116098456,0.0029276824150337995,0.004539798165073934,0.007597755029522502,0.006729235390917331,0.0049246331850620285,0.0028184763814001475,0.0034321132609840565,0.0035933241507815398,6.032034985870817e-4,0.002397255257160785,0.003551721292663989,0.005980343876362871,0.004227771861252387,0.0031460951703395374,0.0025688634514484925,0.003213699304331398,0.0039053466476019223,0.003983352564350079,0.006562814122280046,0.002636466834996906,0.0030628902030005773,0.002267249426398356,0.003276103198336186,0.0030212877692570046,0.0043473817230861005,0.002839277512982304,0.0018876342607685472,0.0028496780818937227,0.0018876342607685472,0.0024180562202402007,0.001003609684867492,0.00153402262694581,0.002147644349162222,0.0011180120186726644,5.928033789854071e-4,-0,-0,6.968046686044236e-4,-0,0.00308369143235383,7.800058500578373e-4,-0,0.0016172251479788346,0.0016744269584206722,8.892076027462617e-4,-0,0.0010764111408929447,0.001357217711769687,0.0010556107144836049,0.0010816112487982198,-0,-0,0.0016796271261233435
bavaria,2020.603825136612,7.904060071005078e-4,0.002355653355952701,-0,7.852059283220514e-4,0.0015756238708242005,0.0016328256354974048,-0,0.001721228486489026,0.0025740637086042453,0.0026676684262789594,-0,0.001778430411332561,0.0017316288317807886,-0,0.003525719523239945,-0,0.007675766485504184,0.004206970174240745,0.010624685348569389,0.0061415626664147295,0.009324435960666313,0.005418682318251812,0.010364632869976964,0.006219571937816006,0.011233213230708054,0.005013041632488857,0.006172766360933059,0.01004737060725646,0.006437998520331927,0.00737932357539228,0.0021684452123986444,0.003926148213960467,0.002735271938280475,0.004508595450436863,0.004004154161913369,0.001196013754210651,0.002412855978691718,0.0017992311268777742,0.0029588841810546545,0.001196013754210651,0.002412855978691718,0.0031460951703395374,0.0038533427681110123,0.003213699304331398,0.0039053466476019223,0.003317705835938835,0.001965637150774993,0.0032917041835359632,0.003676529966864721,5.668030890843131e-4,0.0016380257990398109,0.007046477409624154,9.672089950704858e-4,0.0023660538281344377,4.732021530722362e-4,0.0028496780818937227,0.003302104842938069,4.836022487534156e-4,0.002007238739956898,0.00153402262694581,0.0010712110335134644,-0,0.001778430411332561,6.188036818867976e-4,0.0019396361744404699,0.0013988188142001,0.002194446303142263,-0,7.800058500578373e-4,-0,0.0016172251479788346,8.372067395304327e-4,0.002662468159768038,9.204081456366061e-4,-0,-0,0.0010556107144836049,-0,0.002293250566546213,-0,4.576020134534245e-4
bavaria,2020.622950819672,0.005533094365837986,7.852059283220514e-4,7.852059283220514e-4,0.002360853591780659,0.003931348606847413,0.005704712909223802,8.320066560718302e-4,0.005163856389714407,0.0025740637086042453,0.001778430411332561,0.002636466834996906,0.0035569216481055464,0.0069164599547856965,0.005210661058478578,0.004404586536875719,0.0026000650021664614,0.005117051763078601,0.010941951133631368,0.010624685348569389,0.02304110398143001,0.03587677352801609,0.0216833202022213,0.02656838614364825,0.017412515017688462,0.01372981241499424,0.01692355361152795,0.006172766360933059,0.013006826571470939,0.011711718789039807,0.00851309681598631,0.008679524326452942,0.005605902163555226,0.006568014778865976,0.0033853101930444904,0.004004154161913369,0.0035933241507815398,0.006635623361774643,0.005397880154826218,0.007696569560199222,0.005382278537721043,0.0048310244045557,0.0075561489675180695,0.008996778243757634,0.0070672802325678265,0.006510807585062592,0.003317705835938835,0.0052470647188647915,0.009225618336543066,0.004290176972232778,0.005101450230224663,0.0038273408478713415,0.002516860908522644,9.672089950704858e-4,0.003317705835938835,0.003302104842938069,0.0028496780818937227,0.0042433731319792235,0.0029016809576542517,5.044024463558912e-4,-0,0.003218899625968554,0.0011180120186726644,0.001185613516044898,0.0037181329248362313,0.0019396361744404699,-0,0.002194446303142263,0.0015392227806076137,7.800058500578373e-4,0.003250101566730168,8.060062465617456e-4,0.002511660657093224,0.0017732302337492335,9.204081456366061e-4,-0,-0,0.0010556107144836049,0.0021684452123986444,0.0011440125841828258,-0,0.0015288224737982639
bavaria,2020.6420765027322,0.0031616961165344864,0.003140894855977498,0.003135694542141295,0.0015756238708242005,0.0047218143736140646,0.003260502217811224,0.012445089114310883,0.007743376508689189,0.00686445306387115,0.007998215078505908,0.008783541790988263,0.008008616679312571,0.008648319127665926,0.015628348276951847,0.011456862019689484,0.01473888859917765,0.014499621341149892,0.02273416891465282,0.031068879644879765,0.04455187983905281,0.047357157882094554,0.024393720774768243,0.024627831099257123,0.0205232495034856,0.0212255313643211,0.01692355361152795,0.0166634696304082,0.0201018849395494,0.016980772261945817,0.015326658494068715,0.016278547725639688,0.011212408741098598,0.008206247489956096,0.012403479173694871,0.00858590878627633,0.007784982720497809,0.008445485792009783,0.011992582797944648,0.013022430476345697,0.008975974648895843,0.010265813269109149,0.00944405754638206,0.007712171871679231,0.013495751149453748,0.012367070502966001,0.009958953600245485,0.0078733960311214,0.010541468413920778,0.009194412810043424,0.011909363674193372,0.009834129846287232,0.008559904499466014,0.003380109854759449,0.0061571645113304525,0.003302104842938069,0.0042745756874694165,0.005184658459520951,0.0033853101930444904,0.0030108871660274915,0.004092561044388847,0.003218899625968554,0.0016744269584206722,0.001778430411332561,0.003099292359832304,0.002589664483180265,6.968046686044236e-4,7.332051691094672e-4,7.696056950952293e-4,0.0023348524178297934,0.004061358598116162,0.002423256462314505,0.0016744269584206722,0.002662468159768038,-0,0.0032293002708088333,0.004071759411460064,0.0021164430699088742,0.0021684452123986444,0.0011440125841828258,0.0019812377428207965,0.0015288224737982639
bavaria,2020.6612021857923,0.009480464170565491,0.003926148213960467,0.003135694542141295,0.002360853591780659,0.0031460951703395374,0.0065212088883461914,0.005808724423301436,0.00946486132851025,0.010297019438569747,0.014213542369049356,0.010541468413920778,0.014234348059406267,0.015565929557576104,0.008679524326452942,0.007930604723981044,0.012138216584987522,0.008528699372468524,0.017677804513099284,0.03270268116534689,0.03226040498597997,0.03802590016042626,0.025751575328628776,0.029809742797933896,0.026120959522060342,0.021849789869776325,0.020060268871590133,0.017896279231453784,0.015373472311165294,0.018151167563010037,0.021007042657905466,0.013022430476345697,0.011774132882138057,0.009303632234718395,0.01015139080797669,0.008013817480499029,0.011971778004519644,0.009043586362624314,0.013792228930400247,0.007696569560199222,0.006578416093592457,0.007244104563595258,0.005668308928450343,0.010281416351495636,0.008996778243757634,0.009766517104661232,0.009958953600245485,0.006562814122280046,0.009225618336543066,0.010421844303680755,0.010203400986370103,0.0071036851927475855,0.010572674748807659,0.005314671584346822,0.006630422698426997,0.008492293414629589,0.0042745756874694165,0.005184658459520951,0.0014508202390348668,0.0035153188191119765,0.002558462938702915,0.003218899625968554,0.003348907835987936,-0,0.0012376147276746286,0.0019396361744404699,0.0013988188142001,-0,0.0015392227806076137,0.0031148932919855626,0.0016224253099669165,8.060062465617456e-4,8.372067395304327e-4,0.0017732302337492335,9.204081456366061e-4,0.0010764111408929447,-0,0.0010556107144836049,-0,-0,0.0019812377428207965,7.644056183968352e-4
bavaria,2020.6803278688524,0.0023712540650024897,0.003926148213960467,0.005491489955775094,0.0047218143736140646,0.008653519992832884,0.0065212088883461914,0.009953752604511815,0.007743376508689189,0.009438856602147598,0.009771718081667798,0.01668947796998015,0.014234348059406267,0.008648319127665926,0.012153820229216194,0.009693703481235955,0.019940622861716432,0.01023460711837594,0.015155008191951251,0.026162580440735266,0.029185388726731997,0.0251116624432172,0.021007042657905466,0.027218722400016566,0.018031525945672842,0.024971194815076394,0.024445745200231725,0.012960014884929158,0.023056710897638263,0.017568567498142243,0.009652095742195298,0.016278547725639688,0.009532473677904933,0.013131657941592127,0.01635137057016812,0.011446459729104798,0.005985544474694745,0.011456862019689484,0.010791119617384493,0.011841748234208584,0.014957350970185402,0.013891055233020673,0.00944405754638206,0.01798991153460109,0.008351870673165371,0.00911119816426913,0.015269441663739312,0.007218100947794619,0.009880938718907498,0.011035570915488218,0.00906959089131662,0.012023790003689352,0.006542011501149185,0.00869512693287168,0.003790938181377859,0.00755094821210531,0.01044264847699852,0.0042433731319792235,0.005319872116098456,0.004014554963815496,0.003068090509561685,0.0048310244045557,0.003348907835987936,0.004742616266586923,6.188036818867976e-4,0.004529397258114548,0.0027976752581388934,0.002194446303142263,0.002314051488027633,7.800058500578373e-4,0.002438857191646164,0.002423256462314505,0.002511660657093224,8.892076027462617e-4,0.003671329599461501,0.0010764111408929447,0.0027144708483027614,0.0021164430699088742,-0,0.0011440125841828258,9.880093861184358e-4,6.136036202688044e-4
bavaria,2020.6994535519125,0.005533094365837986,0.005496690505210404,0.007842191316088062,0.003931348606847413,0.00786819524397923,0.004893430239503069,0.00497663813593485,0.012908001949316347,0.009438856602147598,0.012439887869910123,0.009662497673834302,0.013344912225473633,0.01210700931057096,0.015628348276951847,0.011456862019689484,0.017339690687083274,0.01876498540697031,0.015997660566351175,0.030251998134053146,0.041476136659910255,0.02654237286256396,0.0182968185991316,0.03175569441232444,0.026120959522060342,0.023722610352628317,0.02883679429818681,0.02407117049859004,0.01418753526780673,0.025179295140243644,0.018166773011649994,0.016278547725639688,0.01570117021091469,0.009303632234718395,0.00845588748228475,0.010874336951551836,0.014967753963120995,0.010250210191398735,0.011992582797944648,0.008882358575019015,0.010172194873091614,0.01570117021091469,0.008814747070922528,0.012850787780222833,0.00642759723369247,0.011716919960600964,0.012611529209729022,0.010494658946707572,0.009225618336543066,0.010421844303680755,0.010770315304649863,0.0092880294457223,0.011576488510976585,0.009178810053818976,0.004264174833559011,0.009438856602147598,0.011867754162257745,0.008013817480499029,0.004836224887943667,0.007530145195667328,0.005631904973156666,0.0069788682925356485,0.005023442636186012,0.0035569216481055464,0.003099292359832304,0.004529397258114548,0.002095642227474157,0.002194446303142263,0.0038533427681110123,0.0015548232447247564,0.004061358598116162,0.004846625856274117,0.004186168495544676,0.002662468159768038,0.003671329599461501,0.0010764111408929447,0.001357217711769687,0.0021164430699088742,0.005418682318251812,0.0034373136044640058,0.0019812377428207965,0.0035153188191119765
bavaria,2020.7185792349726,0.008689926063543336,0.006281979439199475,0.008627515672217152,0.0047218143736140646,0.0047218143736140646,0.009782120037235744,0.005808724423301436,0.01032302459408969,0.010297019438569747,0.007108885903421963,0.00790460076488041,0.009787321015797124,0.012970417478295986,0.013891055233020673,0.007930604723981044,0.008669122591443243,0.013646590510986694,0.020205925255174728,0.022073484324758055,0.028415362363121362,0.02367578901848895,0.022359606541863378,0.028514216461026424,0.03109489519046689,0.026844127723162164,0.02695338422516247,0.019129118060496397,0.028378942479687842,0.02225035969135124,0.013053638300148022,0.016819519862976896,0.019066695138797746,0.01805753496950152,0.015222627940297821,0.018317625923310314,0.014369585249631773,0.013870249680017977,0.010791119617384493,0.011841748234208584,0.01196657680746688,0.014494419891242694,0.01196657680746688,0.008351870673165371,0.014135521104354294,0.00911119816426913,0.013277294918819153,0.013776624794526468,0.013178469782645783,0.010421844303680755,0.009636492848641124,0.013116054003940898,0.010068174630755202,0.009178810053818976,0.010895141305903801,0.00755094821210531,0.012346265559716659,0.008487092565593721,0.008216649132375735,0.010036968598628295,0.01023460711837594,0.0069788682925356485,0.0061415626664147295,0.0065160082364414396,0.0068124462249703355,0.0058243261683541825,0.0062923806967118065,0.005122252275066269,0.00308369143235383,0.006229973182845335,0.005683910631373779,0.006464001746029936,0.004186168495544676,0.007098484482587577,0.005512292156648544,0.006464001746029936,0.0027144708483027614,0.00740012653149294,0.006505606934198099,0.002293250566546213,0.0049454351591699695,0.003822140465380173
bavaria,2020.7377049180327,0.005533094365837986,0.006281979439199475,0.005491489955775094,0.003931348606847413,0.008653519992832884,0.011415252869842006,0.00497663813593485,0.007743376508689189,0.009438856602147598,0.008882358575019015,0.006146763280864589,0.008008616679312571,0.010375034944150853,0.006942463419745264,0.007930604723981044,0.009537674631497036,0.011087581978242765,0.018520497770372377,0.013079644834287588,0.016892343465108452,0.011477666607101606,0.015581534230392942,0.020086278910162382,0.014926142003848475,0.016850729965688042,0.018177176646680372,0.015430689255968034,0.01773502399347591,0.01873897602928555,0.020434814682275072,0.015191418814748612,0.0134541403680991,0.014775298930607356,0.017480137701716886,0.015456696978959239,0.011971778004519644,0.01266354184879604,0.008991577344264803,0.010655891733390849,0.014359182376357874,0.012679145650665703,0.010073375637927505,0.011566086196461307,0.005782721525274816,0.008461088328199601,0.010619484286249373,0.009839330830050572,0.010541468413920778,0.00735852062761398,0.009636492848641124,0.009834129846287232,0.011576488510976585,0.011108386417910789,0.01136844261605168,0.00755094821210531,0.006172766360933059,0.008013817480499029,0.0072493052883192835,0.00802941988716782,0.007166093755198382,0.0069788682925356485,0.005023442636186012,0.004149765577846888,0.003099292359832304,0.004529397258114548,0.005590300484036865,0.004394185656960979,0.0038533427681110123,0.0046698096775942876,0.002438857191646164,0.005652707230202153,0.004186168495544676,0.006209170694867175,0.007348119156845715,0.004310978692535646,0.001357217711769687,0.00528866893337292,0.003250101566730168,0.002293250566546213,0.0019812377428207965,0.003671329599461501
bavaria,2020.7568306010928,0.0031616961165344864,0.002355653355952701,0.002350453120639017,0.003931348606847413,0.0031460951703395374,0.0016328256354974048,0.005808724423301436,0.005163856389714407,0.005148254842817696,0.006219571937816006,0.0052678668219580125,0.008897961242292548,0.011243615478634129,0.007810986619780369,0.004404586536875719,0.008669122591443243,0.017911884603606484,0.013469744407207957,0.020434814682275072,0.016892343465108452,0.015779193824760788,0.0135529660281875,0.018145965747833594,0.021766554969380177,0.019977036835577063,0.015045776476522381,0.016044474987537857,0.01773502399347591,0.015810403303080256,0.017599778050425095,0.023332433856291586,0.02074693825199469,0.012585522909699205,0.009584483237263443,0.015456696978959239,0.011971778004519644,0.010250210191398735,0.01019299894652979,0.011248816603374616,0.010770315304649863,0.010265813269109149,0.008185444211358792,0.009636492848641124,0.008351870673165371,0.013022430476345697,0.011285224491147437,0.012465894097099084,0.011857351789476216,0.011035570915488218,0.010203400986370103,0.0092880294457223,0.011576488510976585,0.01497815695814356,0.0071036851927475855,0.012741560904955655,0.006646024690024559,0.008013817480499029,0.010635087474764283,0.007530145195667328,0.010749511000238682,0.0053666769252910624,0.008934367484146648,0.007108885903421963,0.0068124462249703355,0.004529397258114548,0.007686168021811396,0.0036609288662095077,0.006937262725709608,0.007784982720497809,0.004872628286199056,0.0032293002708088333,0.0075353459489994855,0.0017732302337492335,0.0027560730365790635,0.0032293002708088333,0.0027144708483027614,0.004227771861252387,0.0021684452123986444,0.004581401813715118,9.880093861184358e-4,0.0026000650021664614
bavaria,2020.775956284153,0.009480464170565491,0.003926148213960467,0.007842191316088062,0.011014766504952585,0.0062923806967118065,0.008154239309067744,0.006635623361774643,0.005163856389714407,0.0025740637086042453,0.0053302731811678185,0.008783541790988263,0.016907948535973792,0.008648319127665926,0.019971834837752535,0.012341064325200612,0.013870249680017977,0.023889086548788227,0.028628679335480925,0.03679261324207747,0.029185388726731997,0.030132328671913244,0.03117294190532744,0.021386797426959762,0.02798873104361682,0.02434689883634476,0.02883679429818681,0.024685058227776162,0.02542381408648386,0.01990941090441469,0.01986779499048801,0.02550705484115976,0.019623302168789433,0.023535325269015014,0.02029956171720999,0.020034258846022147,0.0185621126060625,0.01266354184879604,0.01978456326255091,0.020127894998943505,0.014957350970185402,0.015097791550486543,0.017630988621446398,0.014780500408604591,0.018634938648657437,0.013022430476345697,0.01726166473174986,0.020996638456688716,0.016471008321855496,0.0190094741930718,0.020414006510905577,0.013662194607839885,0.018125158492343005,0.016907948535973792,0.017526953457563752,0.013214879021494076,0.012346265559716659,0.013672597341678638,0.015956047782908676,0.016065281410475443,0.012283850779894996,0.00912159998770908,0.013958673337767286,0.01540988308693832,0.006193568834347745,0.012944410998783754,0.011181202022291139,0.008783541790988263,0.006167565743876809,0.0023348524178297934,0.010562272635097854,0.007270108192405292,0.01004737060725646,0.009761316128180634,0.010104581691902875,0.007540546702846017,0.008149038493842695,0.008461088328199601,0.006505606934198099,0.006874854437892958,0.006926861339210263,0.008559904499466014
bavaria,2020.795081967213,0.011061576440359837,0.013350113560393501,0.008627515672217152,0.0062923806967118065,0.016523024821490682,0.008154239309067744,0.011618097789846972,0.01118640314079471,0.011155196437593964,0.007108885903421963,0.022838214497025486,0.02402434885060263,0.02940911474041309,0.02865469366027251,0.0334987877677958,0.030345652687833437,0.03754194864223806,0.058954607043925196,0.060516400138693235,0.06376508003815348,0.05812687572201309,0.04405225435799227,0.055747872259157075,0.04291770598896189,0.03933207136409338,0.04765382878713215,0.03703718680371008,0.040211543764737526,0.05623199324595999,0.040882867027663215,0.03473199656784876,0.03925921632939806,0.03612654639581978,0.037786525728276024,0.03664170672471641,0.02694818152938261,0.030158343748954774,0.03298365857448023,0.0296068269025228,0.0353043818976577,0.03140708275275845,0.025824411440775286,0.0359912526101636,0.031490333085906506,0.03125098873732835,0.0278846751552019,0.030839943404922184,0.029653653577336573,0.028821185647094384,0.029487158925127637,0.03224999853293815,0.031724475362465095,0.03092319283010833,0.036006863413623476,0.03067864802289615,0.02754129220075843,0.0348985080139588,0.02514287752322325,0.024601818788927626,0.020986234257553645,0.02254168513609111,0.024570604033717712,0.01659064634880297,0.020440016726415582,0.014239549483293321,0.02586082953510362,0.013906659403238498,0.01002136558959044,0.008565105355790045,0.017058797795801144,0.00807622713526865,0.014234348059406267,0.015971652572796494,0.020205925255174728,0.017235656105985493,0.010863934777497159,0.015862419141904678,0.013012027872573672,0.014894933056242298,0.01187295534942598,0.014832515217222104
bavaria,2020.8142076502731,0.02924262087116468,0.014920940511277144,0.02588684247524432,0.021246339860430657,0.02990339655519328,0.03261942889124157,0.022406426690912987,0.018931445732191323,0.03261422562853843,0.029325867739153768,0.04217349733790853,0.033816193144946535,0.05623199324595999,0.0555864995984769,0.04672738841304081,0.06070902453648832,0.07254898565779008,0.0867719575605672,0.07852205587442228,0.06222922049610063,0.08614171056273068,0.09425216640463975,0.07650665383205514,0.0827562169210053,0.07931886427421345,0.08153749316550117,0.08336558951013619,0.07986049264064597,0.07381957261134654,0.08577710834925427,0.07438197347017382,0.06956531130045197,0.061318138814350505,0.05640898483935933,0.0733092511699176,0.06349434896111678,0.050677886673886896,0.05038119851551241,0.052707903699061254,0.05446731589378809,0.0573876551131989,0.05228627825790987,0.047565347813769705,0.05592486220476618,0.06317676237885383,0.059105578328397544,0.05316596978130451,0.06064134561271229,0.07239276809358959,0.0555864995984769,0.05576348899482941,0.05388951419999191,0.055097179108271124,0.06444712034592383,0.056653650681028414,0.05842360807708806,0.05943355193953853,0.053686504318222444,0.04669616037338888,0.048127464792759575,0.03757317118490899,0.04132521655013934,0.03141228589467296,0.03964951234941883,0.031068879644879765,0.03075669411301404,0.028555839295314512,0.028524622166475024,0.028810779882300387,0.03087636501203877,0.025049232339419344,0.037687654001782055,0.031058473430288107,0.03307211473972203,0.022624921277220225,0.04075796902019888,0.03701637198772346,0.0216833202022213,0.027499670178551053,0.027712983394538208,0.025689144456566518
bavaria,2020.8333333333333,0.028451782272062746,0.023556134689440244,0.028243668850247376,0.02675568215158173,0.039347683170519544,0.048939422267904854,0.035684241094578885,0.03012192264474778,0.050646656261710624,0.05244243543010251,0.05975632163995214,0.059641790226610904,0.06575916197247954,0.0807927315981087,0.08378746702433011,0.09196006606597695,0.08536042323558773,0.10279633968943998,0.10881978355049744,0.10760565956880574,0.13357741979425442,0.12751983098925104,0.133634766949922,0.14008411875692775,0.1068292603805613,0.11607385307782239,0.09634640094837425,0.10650619836187385,0.09610675789629805,0.11933121781769193,0.09992033925305678,0.10100924099679667,0.09420007209310241,0.09932119251615608,0.09624220818133872,0.09766966725218013,0.07362169227427286,0.08519895865164538,0.09538783536640308,0.07243442606481779,0.07975633290126663,0.0737206323486832,0.08101147165139637,0.07908450759506716,0.08338642288728455,0.09100679044572742,0.09849281839821743,0.09164751475671841,0.09081405378296466,0.08681362705277477,0.09352285079219669,0.09270498759402768,0.0884700164125979,0.08816269490336175,0.08830854217282669,0.07505894553436668,0.07454340446985892,0.0759494375938417,0.07181997437332652,0.07630876326934176,0.06980483206666363,0.06144308621480246,0.07055985039765227,0.06755025636457214,0.05437882332613802,0.048939422267904854,0.05785617399786874,0.05320240702927941,0.04049256175038621,0.0520104017330753,0.037979065945686445,0.04020113572035973,0.043484977079246305,0.051453447926050395,0.051729321496076015,0.051630423255508776,0.03807793822626715,0.034700775731061395,0.04813266960799165,0.0623697888055672,0.054602657759135295
bavaria,2020.8524590163934,0.04189247026803308,0.030626617361225725,0.03373814246273667,0.036204600663048446,0.04722183487347575,0.05464950694844008,0.04066429571146475,0.05681502665345942,0.06009471138033788,0.05510759013458939,0.06063613954529799,0.08548021986378404,0.06922165299773993,0.07644416199405399,0.0996754697525211,0.09022543001907456,0.10672504660684425,0.12894814893644513,0.12929741513408124,0.1353082890719735,0.16738671802045854,0.1526514430530543,0.14273291208554234,0.15879019886084095,0.14624224962119725,0.15251584575296684,0.13035565390540452,0.13731554396517248,0.12895857475912303,0.12558593015958636,0.11786146958414749,0.11842434697810965,0.12271388132761213,0.10553181378405455,0.11229556559147524,0.09406983654257303,0.09778428245368583,0.11403093803101436,0.10428650392423995,0.1101850555367247,0.10455744746407206,0.08759493621442582,0.09194964765873473,0.11513055835035894,0.09316340614619323,0.11095629372377094,0.0958671159486166,0.11738719799118855,0.09757068159963952,0.1146458887086903,0.11213401735001244,0.1027911293999024,0.11605821821912561,0.11426024082324807,0.11857027914891535,0.10311416833861804,0.10665730776592988,0.09192881085051241,0.10248893349980324,0.09168397897933443,0.07464234629802248,0.078772033665854585,0.08836063058248012,0.07375187662181334,0.06798241919183069,0.07832936548036105,0.04759657637541308,0.06246350122298585,0.06465017224195665,0.06908627307782816,0.05576348899482941,0.06367136527505766,0.06391085889423052,0.05788740874027362,0.07114304447471313,0.050271892778607524,0.058184139728855507,0.05639857355248293,0.05271831424702876,0.05642460177358529,0.07679828340241564
bavaria,2020.8715846994535,0.03714646472433167,0.025127269980875076,0.036875872197746386,0.048012958989393936,0.04722183487347575,0.04567605472355983,0.04481730782842382,0.06026130406143199,0.06696710257998466,0.07378832829753537,0.08350100661083022,0.09617448299471265,0.08307392310638659,0.08514166488753697,0.10232220547909616,0.11628231830968079,0.12296407165168366,0.13738853651221442,0.13011585407009493,0.15302172978908507,0.1350163311784802,0.14517847296130892,0.1479266071734676,0.13634058191110823,0.13310300484127813,0.12989169435449496,0.1470609553010826,0.1390934630069638,0.1318935269619163,0.13184660812824187,0.12765015034334515,0.12966232262251465,0.11722563393081702,0.1140100923727685,0.10885625981689723,0.11566734827943996,0.1171161875944752,0.10081125716554287,0.1084393897256401,0.09759673043730646,0.11181613356609758,0.10967437708597096,0.10160840718391435,0.1119099351362887,0.10816321513058644,0.11029448728581163,0.11164416446020495,0.11738719799118855,0.1006445345238876,0.1146458887086903,0.13020968865656382,0.10228573379582812,0.10443760687810309,0.11093544929805159,0.1024941437590615,0.10644367046105091,0.09909716550947612,0.10355183719884298,0.10550576097109689,0.08963681291814628,0.0896889026583522,0.08995456114505102,0.07649103086551562,0.08181352638583875,0.07446529263323748,0.06223442672301135,0.07177831689433581,0.0694038957542062,0.05373855805850542,0.06501983285756448,0.06870616980208197,0.06618610329138089,0.07012766614937,0.049610858218473844,0.05928257970286076,0.06250515124048729,0.06453563004927533,0.07376749876542414,0.05845484316033447,0.05642460177358529,0.08874087755369324
bavaria,2020.8907103825136,0.030824334152540277,0.03691229803276804,0.030595398989218675,0.052739135349216426,0.0661236238550237,0.06934141245146519,0.07554845390193152,0.0723198667242334,0.07899597312448685,0.08802205685236349,0.0791053392571109,0.08191248204804316,0.0856729367578116,0.10601118787220726,0.08907945596412295,0.0997796693990411,0.12210925968072699,0.12979264734611312,0.12520020113122027,0.12068634164922915,0.13357741979425442,0.13159637506360977,0.11090418267513058,0.1413302862129936,0.1349798365570523,0.13177883655433192,0.12726440600262334,0.12072282624057656,0.11898201855295795,0.11534423134759281,0.10807463113720332,0.10943467260391651,0.09584627757058095,0.10496907592810549,0.10082688744060748,0.11986283911129807,0.09113701832498285,0.10261397986615212,0.10665730776592988,0.09460119963818639,0.08641255957622787,0.09642454566065907,0.10546928705487804,0.105474497612774,0.10033714105468522,0.09300191733152653,0.10835601610842295,0.10418750567529654,0.10248372324106705,0.11578200315723085,0.11542240461473013,0.08715740163762124,0.10105092189942988,0.095752504972734645,0.08689175744067777,0.10358830977013987,0.09626304671803945,0.09144435741311144,0.09444491581112924,0.08809498023873534,0.09506484442216698,0.07988653260808785,0.07945947878868724,0.07437155858417696,0.06604031805665736,0.06573312907861285,0.06152117849254182,0.06168777574368633,0.04594669304766488,0.05932943310871388,0.06708685684143714,0.06534784377324093,0.055914451014818935,0.06799803960224328,0.07222092931501262,0.06522809351660581,0.07088789626118955,0.060740260992557096,0.07336132455694343,0.05840799054249777,0.09793015671187714
bavaria,2020.9098360655737,0.039519413350584745,0.030626617361225725,0.051791783639664475,0.03856709859071375,0.05588321745748403,0.06281232114985169,0.07222613654238111,0.07146067971440176,0.072121992094034,0.09781033139834826,0.08614171056273068,0.08191248204804316,0.10906469611575847,0.09209550555007091,0.10232220547909616,0.1049899179623207,0.12552859187972495,0.12725919326085497,0.14978832899858763,0.1276136608912797,0.11632401145634096,0.13566802515923607,0.11934685366051957,0.1326025278241145,0.11308246904073438,0.12989169435449496,0.12169749551434367,0.12487181245655789,0.10900737605028457,0.11648557271539035,0.10644367046105091,0.10550055041006821,0.09145998487289997,0.09479915982674962,0.09681527098361672,0.10426566217195701,0.10080083698477849,0.10081125716554287,0.09301754525941262,0.08801163923408717,0.10274423681752815,0.1021033757631822,0.09388229792284143,0.11062278391484544,0.08925135046236848,0.11627710666869587,0.10375504185042332,0.09164751475671841,0.10002974940260181,0.0941948626648156,0.1072096424270337,0.09573166664062212,0.10008184955472574,0.08863670002476316,0.09587232554443466,0.09075154474845396,0.09578897207402252,0.08950658879592559,0.0979614155347309,0.08040733469538448,0.09990470925048779,0.07653269212005936,0.07589736161499283,0.08615733642901177,0.0673367796667467,0.061531590805101725,0.0703151191171556,0.05397280053460301,0.051401396473187734,0.05932943310871388,0.05980838145668307,0.05360842380550239,0.05680461528528622,0.04685750544680775,0.04849700796903374,0.05434759069115682,0.07194494701052542,0.0715960658161354,0.06762835781444983,0.08714177547082028,0.11355670137339019
bavaria,2020.9289617486338,0.027660955700195014,0.03141228589467296,0.03844740999122737,0.045650031882007024,0.0598239994118628,0.06526453921769663,0.06474909524776822,0.06973714130350478,0.08930864875472866,0.09425216640463975,0.09933682234333435,0.09528364452002674,0.08827208031710762,0.11471363795689568,0.10674067865959012,0.11801782380463284,0.11698068292577411,0.1213534925081209,0.1260185755823599,0.1491677476508531,0.12423067864006572,0.12208841078380846,0.11545367395449195,0.11888820422474097,0.12497085009241324,0.1324044236688496,0.11180571117985387,0.09347596656703193,0.10900737605028457,0.10965874415128248,0.10753270881607313,0.09932640245802492,0.10077999662951974,0.09367392247195354,0.0950908920045918,0.09227261925386256,0.09294982427248437,0.10141563122259292,0.10191059796689306,0.10179597367007145,0.08701676630548696,0.08633442990832517,0.10997661474698615,0.10160840718391435,0.11142529551159482,0.11295218619015071,0.10901258696271988,0.10550576097109689,0.09695593281859069,0.09703407844687564,0.09132975618481133,0.09118910956800563,0.09040774640181187,0.09338219824351167,0.08925655939543128,0.10596950299345594,0.08303746492094738,0.07982403670812757,0.08087085294008828,0.08758451868171797,0.08377705025437185,0.08324579775348112,0.08183435914118056,0.09236117633197953,0.06669114815792276,0.05803317111956267,0.05419142779764377,0.04857508080708737,0.04906433992784663,0.06176586838889535,0.06223442672301135,0.046066398909544434,0.055914451014818935,0.07443925538044018,0.044182364698067085,0.07474649579421234,0.07406432038569533,0.07267916731979125,0.07221572208816558,0.07425699497588463,0.11953448414113103
bavaria,2020.948087431694,0.030824334152540277,0.04398459710981265,0.03216674698358214,0.049590038368828596,0.039347683170519544,0.06444712034592383,0.07554845390193152,0.06973714130350478,0.08587086295998554,0.09158500472030529,0.09405941771262136,0.10151983435618456,0.11599567883133631,0.09992554925496097,0.1120402153755984,0.11628231830968079,0.11783541059310287,0.1314816853114165,0.1530634524035055,0.11760609203504636,0.13357741979425442,0.13499026358912752,0.15117553761540906,0.11328049959877382,0.13060066792278158,0.1430874852114865,0.11984199111504049,0.11953969610858738,0.11253007199633545,0.11250401567690017,0.11786146958414749,0.12011301571833807,0.09694030370702268,0.11513576987643362,0.10828306430300896,0.10186891637518185,0.10200959188112192,0.10681883899379108,0.10903343061766563,0.10059764387723555,0.08762098005532326,0.10778282610865954,0.10096235002127205,0.10868951137936299,0.10425003086322385,0.10563602516641978,0.11887256851982947,0.13389543663641582,0.12521583873888814,0.11237373427558649,0.11432798956900589,0.10581839558810431,0.11363487195332053,0.10144689214074502,0.11100319371220553,0.11691293072384101,0.09909716550947612,0.1050055494934613,0.11405699511557599,0.09066299041152816,0.10474502458787928,0.09442928745425955,0.09251745389656661,0.08119375573202436,0.0867771662452649,0.07692847570295407,0.05859019540453693,0.08020942928775929,0.07166375899918559,0.06746174152985164,0.08650110667509554,0.06702437632279096,0.07456944177481123,0.07627751745985958,0.07545992545157679,0.07474649579421234,0.07618378014406874,0.0889648599476334,0.08483436304826729,0.09408025537461225,0.15141021942473407
bavaria,2020.967213114754,0.03003347149786665,0.0400554233178139,0.051791783639664475,0.049590038368828596,0.06061010921606201,0.06771166615694588,0.08635005583251225,0.06629023585212797,0.05837675548739452,0.09870121316041594,0.08702197501470649,0.09706533673106747,0.09779991181891624,0.09818543764839668,0.0996754697525211,0.09196006606597695,0.10501597051683415,0.11629274159321186,0.13503197173835968,0.14840115738746645,0.1558745906619302,0.14313962852216305,0.1505288643322328,0.14818734851324133,0.1487453393730892,0.14246176956173828,0.10871035490481343,0.13375988823636498,0.13307172488658506,0.13526136715710974,0.11459898543471803,0.12404303121354211,0.12490829998466865,0.1140100923727685,0.11114910505783333,0.11626668338830459,0.12679004864181412,0.10621961276719288,0.10665730776592988,0.11497942432148346,0.10032151092683471,0.1002121001634103,0.11319711821925654,0.10611540021527474,0.10816321513058644,0.12026937670896173,0.1247936249825427,0.11540676995189757,0.12583092170392432,0.10555786661006507,0.11925303867409397,0.11338472651118207,0.1262270806859739,0.10666772912032749,0.12235423484566682,0.10644367046105091,0.11563086723497747,0.11081559401228507,0.11003393588087688,0.10450534282753947,0.12356349086659146,0.09498670175318971,0.08420413953376298,0.09236117633197953,0.08288642413928374,0.07412680936375297,0.0798448686664354,0.07943864698477161,0.062312520189175706,0.08291767392018562,0.08164686464357336,0.08295413202163715,0.08433955881820847,0.07075771908354098,0.08085522866230091,0.09514819673184487,0.1079547824451743,0.10525565463080908,0.09401774241369006,0.108950056047995,0.1578513447443032
bavaria,2020.9863387978141,0.025288548144338875,0.021199520755890815,0.02432088666655326,0.039352887107040366,0.04092449976348459,0.04812225997804269,0.05063104106265907,0.03873362231784216,0.05837675548739452,0.0720074334417589,0.07030991208114515,0.06944034438214132,0.07008601002607966,0.06775332037824695,0.04672738841304081,0.05637254534441456,0.06827920779198496,0.07075771908354098,0.08752722228912736,0.09683610974997439,0.09835736225064416,0.10714711368034245,0.08689175744067777,0.1089187906188305,0.0943250985284774,0.08404788695146485,0.10624045530263981,0.1023638874341574,0.11311894829738953,0.09771655525862807,0.08905341139274207,0.0791053392571109,0.0881679037273731,0.08689175744067777,0.08477186120151196,0.09287168478177314,0.08026671761777546,0.08099584733136346,0.08175102816989636,0.0796209255519945,0.09306442907125732,0.10147294292023055,0.08423018167645825,0.07586611605271303,0.0827301755164763,0.07904284429601571,0.08732408104230646,0.08636568176140069,0.08282913292307509,0.07943343903509957,0.08914196298864636,0.0856468938925539,0.08121458823906896,0.08674070546332019,0.08358434038654278,0.08218851725895836,0.0910692997870691,0.1020981655430719,0.09494502571108787,0.07836061252278431,0.0913037104863332,0.08715740163762124,0.06403060611745472,0.08739700344986188,0.06927892922380414,0.055935273396797915,0.0637182226354939,0.06400457408895059,0.05373855805850542,0.06583205414462755,0.071132630237409,0.049418274927323626,0.07812105234405406,0.05420704406589456,0.067909524005294,0.06930496389287484,0.06241664499316302,0.0715960658161354,0.08254267778883476,0.0762410640391961,0.13424473606498205
bavaria,2021.0054794520547,0.024497769677749897,0.025127269980875076,0.02432088666655326,0.02675568215158173,0.02990339655519328,0.029357085349008386,0.04647756462089169,0.03012192264474778,0.044635151219282354,0.058663077528110105,0.050964166326165516,0.056081030304107146,0.04584780580439452,0.06427530782242645,0.04937143045083696,0.06070902453648832,0.07340298330410988,0.0715960658161354,0.09162146889908131,0.0868344618114032,0.11200894808839543,0.09153812224230162,0.0881887390286246,0.09708096588021542,0.10620398087109292,0.08342288131739149,0.10376546262319207,0.09288731267051957,0.09024105711254543,0.1005611734035175,0.10046739230283125,0.10381756651836052,0.07885535986338316,0.08632922126796908,0.0733092511699176,0.08927218619773881,0.08811581551076796,0.09000144219535906,0.08590211453445401,0.0730332630892781,0.07189808223637938,0.06868013543281151,0.08101147165139637,0.08423018167645825,0.07230424501552835,0.09233513011687992,0.09389271671730506,0.07976674886581579,0.08774599067321015,0.09930556269366995,0.07545992545157679,0.08715740163762124,0.07299160463830433,0.08389163483867627,0.08263642656814447,0.08646985474062995,0.07548596321544547,0.08369892454620174,0.08740742094499775,0.08451143764864334,0.0816260319633473,0.08548021986378404,0.08124062888460841,0.07002873291103127,0.07381436522440477,0.0629320658433527,0.05565937751225663,0.06323403194706058,0.06542594191527049,0.06989855788420381,0.05010533209751932,0.0527703670181296,0.07190328943141838,0.055128412193479186,0.06143788006711993,0.08290725732446501,0.06559255167695961,0.06508231096769956,0.07680349108817593,0.08515729045330975,0.1322532394265428
bavaria,2021.0246575342467,0.02195383368262317,0.023436480635720867,0.028956460778900777,0.03603288142979663,0.029788930874782522,0.035325196028371635,0.04397939270974958,0.03970675601202125,0.059048313306830046,0.06155762159562014,0.04869999759178726,0.049798237240391195,0.059277373771479805,0.061099481585986215,0.07598589081007336,0.06213550850089821,0.07044008813775385,0.06945075828053042,0.11057588426951553,0.10230657475455913,0.1023638874341574,0.10539633929920257,0.10385403927603933,0.11812727203870041,0.10940861783549269,0.11336909246100493,0.11279584720032021,0.11577157997607565,0.10349973356993393,0.11405699511557599,0.10329131957637663,0.0978155411888501,0.10602681971035115,0.09833131303195004,0.09520029199324134,0.0898555901776534,0.09517945388241986,0.08750638725293568,0.08751680476998512,0.09727372577256954,0.07186163188568351,0.08274580035762756,0.08644381147625915,0.07971466906393387,0.07399662407754347,0.09268935976007067,0.08791267196455659,0.09328322075212525,0.09107971801793159,0.09292898706347964,0.0900431142755516,0.08463123232097622,0.08352704840139148,0.0773138468229552,0.08864711776826419,0.08501145202205419,0.08130833462404603,0.07800127266855121,0.07411118711219564,0.08156874213576337,0.08076669117686697,0.07331966584315103,0.06787307645034851,0.07097120982590625,0.05978235154179975,0.06062052134619392,0.06125045909779729,0.055935273396797915,0.06132334495004475,0.06042789727624168,0.06406184456886546,0.06211468363600894,0.06028212818409628,0.07677224498141991,0.06256242006903343,0.05142742219310331,0.09014208559986255,0.0816104074586578,0.07927720078739103,0.10485965538553062,0.12521583873888814
bavaria,2021.0438356164384,0.021194318635769496,0.025002409810761222,0.016434596803073367,0.028982475267673936,0.03292642231244766,0.024331291532909555,0.029315461873366925,0.03639713502314873,0.03593401303758634,0.039321663495744605,0.05312953255886176,0.038437002299943214,0.04334445981055848,0.05248928267320329,0.05611226398025767,0.05250489843028631,0.06785745607747964,0.07792315563752181,0.07919387391389682,0.08025630155307859,0.10013394975905021,0.09212155164515132,0.10319232322205767,0.0985240775593066,0.09420007209310241,0.07657435340797546,0.09058485435712406,0.10296306923037678,0.08535521469279903,0.09716432142165239,0.07900118103034559,0.07185642469481601,0.08815748607987794,0.08138124859587752,0.07659518406445319,0.06866451481750112,0.0802042212608906,0.07724093855417395,0.06832606930474815,0.06166695105810345,0.059277373771479805,0.08032921404976605,0.07886577564746265,0.06620692978684324,0.07592860719604737,0.07897514150625609,0.08724595000483759,0.06830524196053311,0.07720969218456054,0.07753257224263542,0.07578800222915565,0.0714346439660138,0.08555313968563741,0.06466579165141338,0.06909668690530858,0.06742529428875615,0.07412680936375297,0.0737206323486832,0.05118798606119427,0.06331733324977144,0.06159927088755836,0.06081835221481775,0.0690029625330639,0.06435340435364323,0.05978235154179975,0.04480169437978227,0.04272514748443179,0.04623815127966179,0.062109477421086835,0.05803837692638292,0.0532440496296608,0.041403278621194514,0.05338979899360749,0.06214071471842075,0.04833565780850496,0.059256550051185186,0.09014208559986255,0.07719927673219512,0.0724760840694246,0.0735019229623845,0.11989932312485845
bavaria,2021.0630136986301,0.021194318635769496,0.023436480635720867,0.02113189323487207,0.023498908803311888,0.029788930874782522,0.02197984466836663,0.03420124489177989,0.022328393132581854,0.024809917635880415,0.03419083805032202,0.03984205946503962,0.027078249079965925,0.029185388726731997,0.030111516619658954,0.03970675601202125,0.03499737443736535,0.04809623591229002,0.06690462220522876,0.06185957971795699,0.06214592093647032,0.07861058953812074,0.05930340343358489,0.0747256658782865,0.07513705826275581,0.05892857755642241,0.06615486356381844,0.07393413525593062,0.070039146927256,0.07189808223637938,0.07503811549328661,0.05472238354903707,0.06212509606741109,0.06247391372423515,0.05569581650744549,0.05631007769819868,0.05950643524515318,0.061635714045366156,0.05973029175113444,0.05752821033535973,0.05039160859767728,0.05748135855242818,0.05313473787478791,0.05550841623277213,0.05655994873331235,0.056612005350090255,0.07374666924165656,0.057929055092665035,0.05319199638439472,0.07126801548504154,0.06891444522550239,0.0546911507077035,0.07803251951382255,0.05617473138884007,0.056882700597393324,0.06480636654767179,0.062676957915329,0.053551164837355274,0.06324965093115235,0.05265064572249832,0.06433257860051632,0.06211468363600894,0.05049570953394812,0.0491996677314283,0.043896122379626354,0.054118551941168436,0.041502157412759554,0.04058623474975733,0.03728176151565438,0.04795050138474914,0.04849180311732818,0.045754123326343904,0.041403278621194514,0.043047813490285775,0.04568125929342967,0.028425768048788314,0.03912391439292093,0.0746371388286916,0.04520244104568468,0.05774685254720283,0.05903269558461643,0.08181873457389464
bavaria,2021.0821917808219,0.012112210521670226,0.019529666924480757,0.023478099405787368,0.014099111220887492,0.028222857553875103,0.019623302168789433,0.029315461873366925,0.03722452052251837,0.018817004201356447,0.025642321351701185,0.02389949132873866,0.032317640514939114,0.022994283260921688,0.02753088669208184,0.031932602715587184,0.03499737443736535,0.040362460642314926,0.04741961477407348,0.04700844161387242,0.05663803367801882,0.050412428768259146,0.053717736556139324,0.06149514772026073,0.06061010921606201,0.06196890981530662,0.06799283279824914,0.06654015484873711,0.05906913694373512,0.067222231556042,0.06049036986939673,0.058673489268388744,0.05617993700960636,0.05522211156165607,0.05406129241129367,0.05011053711073083,0.043479772729193046,0.05145865307419943,0.04765903355495698,0.047934886995305216,0.046836686699525225,0.044900579633703926,0.052530924702504665,0.05298378392440006,0.047554938297389535,0.05210930069632286,0.05219778940182536,0.05059981067861753,0.06370260351065316,0.06202617805327434,0.05967823201258295,0.05868390101075208,0.05823619797161901,0.057694794794330304,0.05493580846688451,0.052884883297957694,0.056976403126703615,0.043026996268197344,0.05135455021016223,0.05265064572249832,0.05571663880187674,0.05071952725263208,0.04126276697767269,0.05089650008429897,0.04148654495948864,0.0402687880460501,0.036230618778158946,0.03844740999122737,0.03131862941982168,0.03379537961823492,0.0421318636020912,0.045754123326343904,0.031464317342481514,0.03271308770898183,0.039285235972925804,0.038853311576107115,0.029060518812068902,0.04364110782313006,0.036376320463363566,0.03962349252360892,0.04818471778899431,0.0660351114486936
bavaria,2021.1013698630136,0.013625785055795746,0.024222040540008326,0.025824411440775286,0.0211474995780736,0.025085649890862198,0.03297325197669694,0.02524172540019244,0.01819278210312578,0.028233263201020112,0.016236934717412117,0.028326914119026943,0.028826388530269354,0.023878681770913925,0.018926243838959245,0.025892045064830553,0.030621414297924948,0.037786525728276024,0.03809875346718715,0.051958349722705036,0.03775009928085571,0.057090928669601304,0.053717736556139324,0.044291657635310795,0.051135934874055336,0.04799213977951416,0.04225676490953954,0.041267971105844625,0.04932458601655036,0.041491749110056195,0.05059460561643705,0.05641939612832024,0.05023545758403316,0.041267971105844625,0.04531694066035277,0.04222553955455039,0.04004501530468429,0.04726867741353274,0.04041450104648044,0.03834853700813492,0.034383364954433726,0.045499099657830486,0.04226196913719692,0.03910309874163213,0.039196769238044674,0.041809203279738597,0.056768175513098706,0.04327159915406562,0.046623295020451726,0.04420318238268499,0.04367753839749353,0.04728429160292492,0.04449463084250035,0.04351620319052145,0.052015606936975156,0.04287607165729657,0.0398732833888109,0.04780997204857335,0.0418404283847239,0.04191849122921623,0.04406266317321818,0.032083495567505164,0.042350441087009784,0.033358297481712214,0.036678132395706206,0.027681766771685642,0.019758553374894256,0.02919059164635338,0.03430010998950347,0.033009675078052914,0.025434219173531215,0.029112547906740144,0.029804539816368044,0.03443539937520457,0.027406020750380154,0.024638236027031215,0.01452562859847291,0.029560000269871246,0.02094461748183015,0.04188726607735551,0.03131342628727269,0.04995959193921057
bavaria,2021.1205479452055,0.014379988124986818,0.013282496246981336,0.016434596803073367,0.01723045438239712,0.018026324142464724,0.015695968640823493,0.022801798519511415,0.021501244613538126,0.023098329363747103,0.02221914634764591,0.015045776476522381,0.020086278910162382,0.019456839628814008,0.024950384828363172,0.025892045064830553,0.020996638456688716,0.019748149423473204,0.03725574287459535,0.04040929700372257,0.05348870058037232,0.04892901247645472,0.04185083675721903,0.03371212559470242,0.04229319451405582,0.035226328981683944,0.04041970508976491,0.0388012727343141,0.04505671462801884,0.04090888748364255,0.040123075453931664,0.03610052833277588,0.03834853700813492,0.039597472710824616,0.04149695326115035,0.03265064847841146,0.03203146350014633,0.03769285777217115,0.02895125788271135,0.03714646472433167,0.026672439398101128,0.035319992494909205,0.029580812101398065,0.03216154376616962,0.034700775731061395,0.03216154376616962,0.040450929360391366,0.031287410632354476,0.03348317771726721,0.03892096214829142,0.040596642871214804,0.04386489604021393,0.03405554930090421,0.0389625933133828,0.03450824765175377,0.03286918611341482,0.030855552661989652,0.03203146350014633,0.025194902698206924,0.03362887170445685,0.03545008098760728,0.03466955491301903,0.027686969540862572,0.025439421717838546,0.030663038818931464,0.018874224935293928,0.02041920855296445,0.016372177115902234,0.02236480877856809,0.022005855667115312,0.01986779499048801,0.0182968185991316,0.01821358938567527,0.018078342197933275,0.023748622223149062,0.01989900692281063,0.012294253237996145,0.029560000269871246,0.023145150177944288,0.01924356027822808,0.030111516619658954,0.03138627019029515
bavaria,2021.1397260273973,0.009079992706433657,0.021875800803470166,0.014083506992924363,0.020361986118910415,0.02037759223104757,0.021194318635769496,0.02605852820651066,0.022328393132581854,0.030798318742308393,0.01965451395436056,0.02921660625225172,0.01572197649649416,0.022994283260921688,0.018062736775831804,0.031932602715587184,0.02537178868248336,0.03520551489054364,0.05165644909005129,0.047830791185524635,0.052702698425861984,0.05337938831120597,0.04534296333520837,0.036355505911910044,0.051135934874055336,0.04920487265398107,0.02632906444856477,0.03818721833405045,0.046274583673522954,0.036813427968497014,0.036636503059511785,0.04569166843473787,0.03186496123444981,0.03290040585053352,0.03657926277666397,0.03265064847841146,0.032603819104688334,0.03410237998202341,0.02653717020791216,0.043141491092814434,0.034383364954433726,0.0419080828431793,0.029580812101398065,0.03027281024253846,0.03791141659887134,0.03087116192374845,0.03653242986483672,0.03528356777527506,0.041366849640120454,0.03892096214829142,0.042444117433228894,0.034175227792043225,0.03570505537734031,0.0389625933133828,0.03742746614614804,0.029533985492178918,0.037500318614497846,0.03537723139160021,0.028524622166475024,0.03411799021843927,0.027853458429279256,0.03363927843344811,0.027140681619807493,0.024310481802278915,0.02404515846672684,0.023275208216344843,0.025689144456566518,0.01565955766473659,0.02162089421428072,0.024362506144470122,0.01907189704608009,0.013303301564821176,0.024008741643971633,0.03185455486054549,0.012788372394834305,0.01989900692281063,0.017880673863990084,0.028150018082169055,0.02424805266035366,0.021506446764364646,0.02649554898941377,0.029029301380254075
bavaria,2021.158904109589,0.017407313276408307,0.025002409810761222,0.023478099405787368,0.02976291598255961,0.025866032122093034,0.028259277327995398,0.032572599545633685,0.024809917635880415,0.031656834152052817,0.03419083805032202,0.025673536750258193,0.02970048029431841,0.019456839628814008,0.025808803693866775,0.022437640147034817,0.032369672868652374,0.03520551489054364,0.04826279015817629,0.0692893430898671,0.05663803367801882,0.042995770450690536,0.05720545446473802,0.06546238775502937,0.04987110704237662,0.040695520128960126,0.04838250135191921,0.05174493702493626,0.046274583673522954,0.03915513788547763,0.05234353583326354,0.040612255057304224,0.03564781611979677,0.041830020014312116,0.03657926277666397,0.03603288142979663,0.03890014657824443,0.04367753839749353,0.047055283961695435,0.03894698162257058,0.046836686699525225,0.04250656842446504,0.031391473330127144,0.0428916845277639,0.0359860490100556,0.0392384006239477,0.04175716147976913,0.043937757528019816,0.03479964177852439,0.04354222496423847,0.047981730177697135,0.04329241647407069,0.04779435770133283,0.03794784315930182,0.04277719025318065,0.04287607165729657,0.038926166042108,0.03872321456927305,0.0380363077694295,0.03655844814397659,0.0415281781786354,0.03570505537734031,0.039092690919112424,0.040149095529719,0.031261394990446154,0.020757342403251337,0.030298825389861624,0.01851009406665356,0.029081330443690413,0.020434814682275072,0.023046306286314225,0.024950384828363172,0.028977272368875834,0.020658503050363,0.01827080945561934,0.018000315134246866,0.015643952968499925,0.01688714177585683,0.02865989652678908,0.018109553056191764,0.019269569908297247,0.025637118787099702
bavaria,2021.1780821917807,0.020440016726415582,0.026563183486388017,0.03130822315525011,0.028982475267673936,0.03606410306639169,0.036110935556430114,0.04642551814859507,0.024809917635880415,0.03935809104407619,0.043594268550743664,0.04072674456520484,0.02970048029431841,0.03715166844056288,0.03613695362468125,0.03279634013302989,0.03849944847889435,0.045514713315881195,0.044031436733791014,0.057731235215871826,0.04876766097546099,0.06154200311974656,0.06768042551287282,0.06149514772026073,0.061240046841530144,0.061359787914475834,0.04899667615812779,0.05112552464287984,0.054805671217633675,0.05494101396362606,0.05467032882390303,0.06432216572708059,0.052936936235796976,0.04238687075715279,0.05132852452671288,0.04786201990658029,0.0406174591203795,0.05086006445207428,0.0573147747772082,0.040742356790355296,0.05098498672599386,0.04729470106512635,0.039243604549532005,0.0491996677314283,0.05398841673719735,0.03666252139072491,0.03653242986483672,0.05393115735062581,0.047934886995305216,0.05014176720091785,0.048595900250366045,0.0546911507077035,0.05164083358776383,0.04908515956701286,0.05104744797549693,0.043828465334589756,0.05175014220226894,0.04398459710981265,0.03375375258980417,0.03509103753819332,0.04558237255492701,0.03466955491301903,0.03311894453518363,0.036188989800226216,0.03908228309867585,0.03271308770898183,0.027666158467289727,0.019222752583541985,0.02162089421428072,0.022791393959198103,0.01907189704608009,0.019129118060496397,0.024835930050308833,0.01980016920139427,0.021007042657905466,0.02179256586143909,0.01452562859847291,0.019706533638604806,0.025350978535455072,0.028300899958220646,0.020471229002204546,0.02092380910645847
bavaria,2021.1972602739727,0.021194318635769496,0.028909634731913676,0.03678740956177732,0.03681863165140663,0.03998256726965394,0.048679178106830694,0.06353599980430225,0.045499099657830486,0.05219778940182536,0.03846302153205649,0.046040375872653166,0.04804939262675356,0.04069031605807264,0.034414585600647966,0.038842903803582296,0.04987631203213732,0.03606410306639169,0.0745329895515354,0.07671496050113384,0.07159085865186116,0.08083439629922426,0.07605879731918885,0.06281752743514266,0.06692544898847262,0.06318717502292207,0.05634651714936864,0.064686617537991,0.06882072118172773,0.05727833464751145,0.05525334472190322,0.060932886219600906,0.054019649156449426,0.059683437984089836,0.05078198818327173,0.055747872259157075,0.05492539747495894,0.0556489663754633,0.05550321067923007,0.05873075387718815,0.056325694602720314,0.055081562572699104,0.05313473787478791,0.06750339555094702,0.05913160790450126,0.05725751172772303,0.05546677181900365,0.06858641181135208,0.05516485081659592,0.056081030304107146,0.05229148348942507,0.0546911507077035,0.06373384176502035,0.05414978443857711,0.06077149746738387,0.05812687572201309,0.055071151551591854,0.04637867636807048,0.04041450104648044,0.048746841463413695,0.03696953868221401,0.040882867027663215,0.04832524813792069,0.04467158249006179,0.04630060682762218,0.030199967899287996,0.028982475267673936,0.028477796508357196,0.02385787222141106,0.022005855667115312,0.025434219173531215,0.024950384828363172,0.031464317342481514,0.02668804740423121,0.02466424835557219,0.02368619375576613,0.018999070391522415,0.015482704714958174,0.02204227108722312,0.026037717784650798,0.03252056698886141,0.025194902698206924
bavaria,2021.2164383561644,0.03558016980574878,0.04376080837758144,0.06028212818409628,0.04230360297717748,0.06901337634386008,0.07460589402364025,0.07250212033925392,0.05377499570770461,0.051338934798528385,0.06583726073226559,0.061104687699789,0.05679420391919757,0.05750738731551069,0.07401745370143516,0.05956890673127655,0.06126087135614934,0.0773138468229552,0.07284059303329125,0.08992851613536967,0.09915447465187689,0.08009485281708159,0.09142352080736185,0.08399059445559036,0.09662772246219957,0.07473608083520641,0.073507130318032,0.08626671762443132,0.08344892306882734,0.08535521469279903,0.06863848046908567,0.0835166316836008,0.06807093491285825,0.07978237281654862,0.06280190858083935,0.07547034055556089,0.06580081462976431,0.06882072118172773,0.06757629016816227,0.07072126953219447,0.06107345102480801,0.07605358970800746,0.06643081513992388,0.0750797755837966,0.06813341668900867,0.06948720694131315,0.06787307645034851,0.07658476873517125,0.0709347601249183,0.07456944177481123,0.06768042551287282,0.07008601002607966,0.057137780100764105,0.067315952718758107,0.07147630116968709,0.056700501718210006,0.056023768613225715,0.06264051402777926,0.06372342901147951,0.0628904154839019,0.059771939579495954,0.05641939612832024,0.053759379569208725,0.0491996677314283,0.04449463084250035,0.03460190987156911,0.037547152398046076,0.04058623474975733,0.03877525333294961,0.03458629948988143,0.03497656043786869,0.03410237998202341,0.03726094660176797,0.03443539937520457,0.03654283717493163,0.03411278680577804,0.030179155819956553,0.0394153343858712,0.03747950361312576,0.029429926511545666,0.03613695362468125,0.028587056442894578
bavaria,2021.2356164383561,0.03633989500379043,0.05627363827256396,0.049314176147994666,0.07523079369170049,0.08000110861975454,0.09268415048313257,0.08962639497636664,0.054602657759135295,0.08045941519100001,0.07524641627961678,0.07439759580307738,0.0646605851810751,0.08938157394539982,0.08349579825427951,0.09067340856098663,0.08490728196443788,0.09709138531558853,0.09572645705890168,0.11470321498988759,0.10781930164767521,0.11646993773290122,0.11797091748912496,0.10782451244104935,0.10674067865959012,0.0960234040501075,0.09742480834986955,0.09243931505556183,0.09442407800300959,0.08418851425440721,0.09541909266102502,0.09142352080736185,0.10484402389824087,0.08703760114550706,0.09450221982651151,0.08561564247146473,0.10017041993313384,0.09458036176743949,0.08146457897459046,0.08931906663284382,0.08540209159670217,0.08864190889625567,0.08274580035762756,0.08833979521235519,0.09257996505390262,0.09460640910718073,0.08289163243479368,0.09724767709671354,0.06370260351065316,0.09306442907125732,0.10217110867208175,0.08662090593120887,0.08353225676107223,0.0820062296912091,0.06369219076336763,0.07672537585649256,0.06742529428875615,0.0722105148618342,0.07657435340797546,0.06582164097092119,0.0694038957542062,0.061078657135998894,0.07223134377027683,0.05881925385118346,0.06134416949802251,0.054118551941168436,0.05139098618886756,0.05127126806898398,0.03430010998950347,0.0432351688640971,0.0397431838301227,0.039092690919112424,0.03726094660176797,0.043047813490285775,0.042027779408383883,0.042647083428971715,0.025704752167553694,0.040825622070337214,0.040789193493936525,0.033961888065185575,0.03854628316231762,0.0343365340202617
bavaria,2021.2547945205479,0.03255178651667696,0.05079760342765161,0.06106303880398413,0.05798111308005291,0.06508751748026885,0.06753463608866968,0.05620075949789431,0.06536346339226674,0.05476402736665739,0.05129208859177388,0.05401444375193516,0.06903420397170902,0.07432989906104912,0.07401745370143516,0.05870472450173285,0.07089310335507115,0.09021501195936776,0.114385315499743,0.13288404555356872,0.115698617766495,0.10978901875059756,0.12356349086659146,0.1104768740460586,0.09789368810896663,0.09176732586989098,0.09251745389656661,0.09058485435712406,0.09076717200003417,0.09003790526370341,0.10007663953716721,0.09425216640463975,0.09024105711254543,0.09876894163795624,0.07974070895835776,0.09068903578908508,0.08699072276720399,0.08499582650011037,0.07361648490714719,0.08331871444205419,0.07472045840061166,0.08025109352150966,0.08698030535554184,0.0706587846464812,0.07906888385400809,0.08880859305941619,0.08812102433007764,0.08524583541469294,0.09197048447530654,0.09240285030327978,0.0849229074597749,0.08605316407585042,0.09123078259998961,0.08605837268855501,0.07293432432271106,0.08340204792563059,0.07360086280891057,0.07891264670163568,0.09038170116513893,0.0785064323023546,0.07294994622070414,0.05797070147840489,0.06299454144508015,0.0656081713694903,0.06134416949802251,0.054118551941168436,0.03886892323879729,0.04628499293360102,0.04474444510819792,0.040872458848916056,0.04770067171633308,0.03826007186682844,0.0472010159803354,0.046493178572735924,0.03471638614710906,0.04169991555995001,0.03129781689276104,0.036600077417683057,0.040789193493936525,0.032827559826413374,0.03613695362468125,0.03108969208031053
bavaria,2021.2739726027398,0.04012827946804521,0.04610803579566305,0.05166685942751669,0.05876198914492409,0.07136695108122286,0.048679178106830694,0.052942141532443844,0.05956890673127655,0.07446008518163734,0.07267916731979125,0.06908106616486713,0.07602755165991182,0.08318329781607942,0.1033121609381438,0.08635526447495526,0.0796521733705321,0.10311416833861804,0.13135135635461792,0.15520178121558886,0.14091836981658068,0.13504239878089477,0.14593458648765822,0.12305789333355052,0.1276136608912797,0.11001830283809266,0.11827841521684508,0.1171161875944752,0.11027885416470203,0.10935129739090396,0.11522436589956428,0.10498470745298084,0.09673191600169644,0.10323400587459058,0.10161361735494698,0.09914405480310667,0.08469894247523975,0.08978787330849569,0.10864782435352666,0.10192101837004271,0.10499512847217686,0.09703407844687564,0.11479181027604679,0.0978155411888501,0.11446348732532359,0.10555786661006507,0.11033617563175555,0.08924614152983328,0.10512018086542002,0.1089187906188305,0.108950056047995,0.10658956901325678,0.10388530166012769,0.12255230071640152,0.09045462786068921,0.08435518414295688,0.09403858005898064,0.09662251279070189,0.07990736459143248,0.08289684073083105,0.07903242847646869,0.07351233767420673,0.08255830257364724,0.0690029625330639,0.07217406429213817,0.054118551941168436,0.04677423050769341,0.05341062036466333,0.04176236565742,0.04716458293738316,0.03656365180136445,0.05490457549736099,0.041403278621194514,0.04391173555637019,0.04659727170486426,0.03601206701581435,0.03129781689276104,0.04505151012065797,0.03527836424597828,0.03622541515409771,0.04336527715973789,0.03389424394430867
bavaria,2021.2931506849316,0.04618610504699181,0.05235915154657262,0.06341625372006618,0.08464164926204779,0.06273422693308452,0.07853767945117836,0.08554793112353956,0.10760565956880574,0.10358830977013987,0.12747291610173028,0.14890178648328425,0.10577150027572821,0.15408045148297064,0.12313607819775207,0.12180173929885539,0.13486513934215602,0.16766320733451265,0.19078395812531224,0.17670469625922552,0.17956407476255032,0.16997429815802337,0.14943371017871815,0.1528757009022459,0.16367772992748508,0.13496940952706218,0.12993861142431187,0.1380976123013151,0.1236990126902701,0.11169106506904446,0.11464067723171786,0.1315442433267091,0.1210772493172876,0.1328475524285896,0.12513243821901582,0.11042476347785349,0.11105530486006854,0.11315542757963573,0.11892468755448846,0.12893251020635055,0.11033617563175555,0.11502111642350724,0.11358275822030811,0.1110813604535893,0.12605506391513846,0.12166622241973875,0.12733217169312397,0.11992017114410178,0.1268317502143355,0.1313930615852513,0.12620623013798982,0.11800218836142506,0.1253461523189667,0.1113992397457441,0.10554744547809335,0.09866995389284372,0.0935645256944998,0.09662251279070189,0.09228303772581363,0.08728761987688023,0.10337468507356407,0.08335517282468916,0.08636568176140069,0.08089168531776449,0.06314552445914219,0.06356203159823741,0.0625988639018515,0.05341062036466333,0.054441288652378,0.04795050138474914,0.05963137829245168,0.05573746110464583,0.04802857340228109,0.042189109997431064,0.051167165580086396,0.042647083428971715,0.03688627957657828,0.05772602943979995,0.04630581146000827,0.03509624104874475,0.03974838780622368,0.0375783749438473
bavaria,2021.3123287671233,0.03861393333506731,0.06252597626175094,0.08456873071836922,0.07915221052721912,0.09099116312213593,0.1076265026598069,0.10022773025837421,0.10926271137355574,0.09844592969181976,0.09578897207402252,0.14623703497664722,0.09177253505498964,0.09647143254439744,0.10848107658438018,0.10623524466799779,0.11908104497191356,0.1556085951891696,0.1330508715939097,0.1634690746037092,0.16694329483155587,0.16848746722118468,0.1564222326843946,0.162817032113197,0.1472226120865804,0.13314471147680507,0.13545948219677853,0.1171161875944752,0.12491872499740199,0.126331333551296,0.13386936960896692,0.11458856249069105,0.10863219172745686,0.12334978409303622,0.1262270806859739,0.11042476347785349,0.10818926927501031,0.09697677164131224,0.11287922793640039,0.11452602487040205,0.12577879574675993,0.11322317488599616,0.11600610205741126,0.12940688711173642,0.11446348732532359,0.10749102271760413,0.10772029667272535,0.12459033810029795,0.1327537130819493,0.12345924355026094,0.12620623013798982,0.10316627158119474,0.12369380030590245,0.12255230071640152,0.12210404745571657,0.10582360618097635,0.09926909312614828,0.1038071457351502,0.08656881926420214,0.09363224748197538,0.09678401284973845,0.07920949769250424,0.07712116090595439,0.08315725619766909,0.07518392595610716,0.06797200558749768,0.04611844502240193,0.04343813794749522,0.05892337166048193,0.04637867636807048,0.04849180311732818,0.04658165772175836,0.044713218259352386,0.05683584939605949,0.04293852316729806,0.04738838631870983,0.044713218259352386,0.060547636479052515,0.04630581146000827,0.04188726607735551,0.03854628316231762,0.03728176151565438
bavaria,2021.331506849315,0.03558016980574878,0.06252597626175094,0.05871513625035029,0.06582164097092119,0.06352038073420105,0.0840374701293385,0.08881380194812737,0.0777825452773913,0.08559480820117871,0.08209476928716274,0.10809026359566176,0.08302704830123032,0.0946949701598828,0.09383020398183611,0.09759152066872685,0.10067579497848163,0.11687644880551937,0.10844981143719207,0.12627399444950324,0.1283069648591166,0.1276136608912797,0.11447912170454512,0.11643345612537111,0.11496378979184546,0.1069751600146383,0.09313215020744453,0.10477628750763247,0.11455208220305182,0.09588795433500878,0.10765255653531702,0.11007041299897428,0.08591774032873725,0.08982954521754315,0.09286126619188291,0.10309332705620526,0.0898555901776534,0.08259996868944097,0.08206872821388204,0.08991809813514859,0.09786763912254157,0.08864190889625567,0.0887929663964249,0.10097277023440178,0.10480755044618127,0.10620398087109292,0.10576107910094286,0.0965808354375332,0.1011759648077873,0.09636723952683517,0.08985038118459006,0.08947533505511736,0.09453347658879271,0.08960555909907471,0.0953253208335256,0.08101667975912112,0.08405830377567794,0.0889648599476334,0.09418965323705644,0.08924093259781406,0.07447050008536486,0.07091913883231207,0.06734198640505012,0.05089650008429897,0.052916115054408554,0.050339558207693244,0.05534704431519787,0.0398732833888109,0.03877525333294961,0.040086647369696186,0.042928114577088256,0.039092690919112424,0.03726094660176797,0.042189109997431064,0.035627001859946744,0.04738838631870983,0.029060518812068902,0.029560000269871246,0.02865989652678908,0.028300899958220646,0.030111516619658954,0.023868276995121535
bavaria,2021.3506849315067,0.034825659190675325,0.05001684695268903,0.049314176147994666,0.052494487925045165,0.053316924260572426,0.05967823201258295,0.06353599980430225,0.07943864698477161,0.07103369508704686,0.07610045822743791,0.08060003278970436,0.07340298330410988,0.082297890106338,0.06454604296545685,0.06302577927409199,0.08140208117803661,0.08935552922270638,0.11947715253356053,0.1113992397457441,0.09836778194177677,0.11424460650984115,0.12146815992400481,0.09789368810896663,0.10231699523705985,0.09480957880491865,0.07657435340797546,0.08010006083299655,0.08283954950314588,0.07189808223637938,0.09250703537764893,0.07730863908607787,0.07185642469481601,0.06303098558074882,0.07646499259837268,0.07377791353043679,0.07611087345971541,0.0556489663754633,0.06516040871092947,0.06292685954659982,0.07709512232328666,0.07186163188568351,0.07186683907707822,0.07318427525382022,0.07649623852050533,0.07979278878631377,0.06852392949089309,0.08125104514647673,0.07619419539303506,0.07060671396573766,0.08985038118459006,0.0706535775760576,0.07363210701008287,0.0794751026470978,0.0836416324348109,0.06480636654767179,0.06409828945256013,0.059771939579495954,0.06752942933108207,0.059475199530235834,0.061292108143714955,0.059527259065521886,0.05810084664883616,0.05598732938822379,0.04690434765866543,0.03963910441753364,0.037547152398046076,0.03488810103295564,0.03728176151565438,0.03772928417949908,0.020663705116886963,0.024950384828363172,0.024008741643971633,0.029268635503098047,0.037458688620085674,0.025585093169684187,0.018999070391522415,0.026745276800109165,0.026453927804229314,0.01584681438479691,0.030111516619658954,0.02254168513609111
bavaria,2021.3698630136987,0.019680523789977762,0.027348790627306108,0.03130822315525011,0.04935581563472113,0.050964166326165516,0.04239727923902497,0.05049570953394812,0.057085722957636593,0.06932058470056929,0.043594268550743664,0.051359755348411716,0.06291124065945722,0.0672430584664936,0.06540511573259303,0.06647767498697602,0.05337938831120597,0.07301764116625485,0.05758547368293675,0.07259064375417251,0.08261559349146803,0.0778658698893509,0.09351764143176013,0.07670975282423968,0.061240046841530144,0.055893628641177855,0.06247391372423515,0.044348906408407565,0.0639473036721108,0.05903269558461643,0.05350431663758648,0.051901092571480775,0.05347828987817015,0.04517641844115139,0.05296816802351142,0.05912640198824046,0.049772212335860946,0.04487455718023209,0.04343293360212402,0.049735777491393504,0.0551388232260507,0.04130960414999296,0.04770067171633308,0.04856987594756724,0.04241289196573671,0.05146385822287528,0.05873075387718815,0.0499335669539198,0.05384787108270708,0.052119711124449006,0.05660159402256561,0.04842414009260474,0.05933463904530671,0.055669788651134415,0.04375039962277747,0.041444911773675035,0.04605078508584807,0.04015950356368071,0.04326639482536219,0.038504652330522394,0.04760698590012272,0.040882867027663215,0.03582994124886923,0.036188989800226216,0.02885760584026865,0.027681766771685642,0.028326914119026943,0.02420643327404232,0.02385787222141106,0.022791393959198103,0.023842265064746036,0.029939817506343593,0.01904068561020909,0.013771423416938579,0.01827080945561934,0.022739371188830015,0.02011749097362581,0.022520876121625445,0.012122612945435263,0.01697557056384844,0.014452808310744417,0.01561794515185277
bavaria,2021.3890410958904,0.02573596760358771,0.018749379778797173,0.027390412528751847,0.027416426234070354,0.029788930874782522,0.029830554729414812,0.032572599545633685,0.04136164550205281,0.050485299430942855,0.0547119725998415,0.05755944488076784,0.038437002299943214,0.04334445981055848,0.05421224948968314,0.0431571040429735,0.05863184231978816,0.048955036958984524,0.033020081683125445,0.056081030304107146,0.05506074053256903,0.05115675534265861,0.05650789216864769,0.04826279015817629,0.03913432222169003,0.04616528656850971,0.041028581748861724,0.04866356349858639,0.038967797211359845,0.0397379798545483,0.03954543312430966,0.037791729508559475,0.032942032195842894,0.034019125466970314,0.04040409296147972,0.0365948737566443,0.04118990923791182,0.032905609141872724,0.033779769478671215,0.03175569441232444,0.034383364954433726,0.031126113862355444,0.03259861584354137,0.03910309874163213,0.03791141659887134,0.0392384006239477,0.0345758925713617,0.03528356777527506,0.031516348842353034,0.036282655047440146,0.0381351801588494,0.038166403057718554,0.029112547906740144,0.03288999926941132,0.03256739628761064,0.030486134834770095,0.026578791459724534,0.03155277092323773,0.024242850235245934,0.026807708940176676,0.019238358353778868,0.023800646003214656,0.024971194815076394,0.019222752583541985,0.02464864095688728,0.012580321651257461,0.019758553374894256,0.005694311769258563,0.0119301684426469,0.013360516231799818,0.01986779499048801,0.008315464839132307,0.01158689082757279,0.012913203240534153,0.015529518672543862,0.018000315134246866,0.018999070391522415,0.007036076001273164,0.015430689255968034,0.01584681438479691,0.018062736775831804,0.012377472977715043
bavaria,2021.4082191780822,0.016653066298220602,0.026563183486388017,0.017214849214742513,0.02271335982316015,0.014109514042132914,0.019623302168789433,0.018728572281855427,0.02315555480904589,0.018817004201356447,0.01880139855757781,0.026557980829654097,0.028826388530269354,0.028300899958220646,0.036995557180068694,0.01984698704601421,0.03412319363161541,0.021464829572307182,0.027088654498067428,0.02638629344935969,0.03539284201072721,0.036324284100357374,0.027900283525187867,0.029086533352894357,0.029034504284252208,0.022468853621892812,0.037968658348139936,0.0215532661452516,0.026786898218492262,0.0204504208162636,0.03197943148484581,0.03045491654709628,0.024300076940086512,0.03178691348093245,0.026750479475582293,0.02139199956634262,0.02173534191608039,0.02213070864223053,0.024123194601358353,0.013776624794526468,0.0201539050713419,0.02394111046938264,0.027166695200194997,0.016392983669967363,0.02634467235162405,0.028300899958220646,0.025439421717838546,0.024627831099257123,0.02297867636345579,0.019129118060496397,0.021527255372886592,0.02164170286860065,0.023067115511044147,0.02226076414341658,0.018468479272598842,0.015238232510093647,0.018036727749395545,0.021511648915717375,0.02186539642843016,0.0126687431155676,0.012153820229216194,0.012419082897521123,0.014114715453538935,0.01187295534942598,0.012023790003689352,0.0094336556584391,0.00790460076488041,0.014239549483293321,0.00521586157983388,0.007857793671261137,0.006354788285470629,0.009979757588370606,0.009105997253326543,0.006027149280045188,0.010962755515028915,0.006630422698426997,0.004472192307027267,0.005626704410198463,0.004409786977610334,0.009053988172539539,0.002407655737663283,0.005449885578993458
bavaria,2021.427397260274,0.009079992706433657,0.014842918185189164,0.007041276705191476,0.01723045438239712,0.014109514042132914,0.014130319690867144,0.017911884603606484,0.01819278210312578,0.01539948000554531,0.01452562859847291,0.018588121895278004,0.020086278910162382,0.014151125347925895,0.01978456326255091,0.023301219863057523,0.024492567227658763,0.012876794212917595,0.03047572873679638,0.038759641698381385,0.02280700080045453,0.019269569908297247,0.017433321988024122,0.023795443622868267,0.02461222371149679,0.02064809891888209,0.01775583109285882,0.014780500408604591,0.01886902304778601,0.016944360386214385,0.01686113333742112,0.016918351919154303,0.01565955766473659,0.017282471641719487,0.015285046247583377,0.01688714177585683,0.012580321651257461,0.020335975942431007,0.015680363933660242,0.017969104341553854,0.01363098641881596,0.01556072800101304,0.01388065245547877,0.013240885636274406,0.012205832410470544,0.018650544242480107,0.016959965472689884,0.011976979202098424,0.01247109534410109,0.020445218771082272,0.015987257367367187,0.0159456445922498,0.009334837826761389,0.014671269479866826,0.00923081925944987,0.012861190351738811,0.007592554269948531,0.0071712944721202465,0.009979757588370606,0.007311714025544296,0.008102231180201475,0.007244104563595258,0.00868472519474094,0.0039573505791006425,0.009615688997847744,0.0062923806967118065,0.00592833792167956,0.01281437879630789,0.004472192307027267,0.004716613901673972,0.00556429769523413,0.0066512253549268294,0.005793122682923962,0.0034425139484697983,0.004565800441571103,0.003790938181377859,0.0022360480753789583,0.002813276099801863,0.003307305173422107,0.003395710871169003,0.0012064139944565,0.0027976752581388934
bavaria,2021.4465753424658,0.0030264880716576255,0.009376445311949172,0.010952353323286817,0.013313704226862691,0.010187797927392828,0.003926148213960467,0.015472301618996516,0.019019877996702707,0.017105613172310023,0.030772303345097687,0.018588121895278004,0.017469734206142073,0.023878681770913925,0.02064809891888209,0.023301219863057523,0.01924356027822808,0.028337319786994587,0.023701800865582573,0.018135562119047578,0.021230733487564962,0.015565929557576104,0.019529666924480757,0.019826179109866764,0.016408588590982542,0.0127519634546151,0.01285598906572358,0.013547764672971363,0.017043192679666256,0.012850787780222833,0.015113396082826297,0.01015139080797669,0.010801521776873102,0.011149995322211734,0.011462063165765058,0.007878596818777955,0.013152463199081293,0.01136324147934599,0.010853532605523353,0.013178469782645783,0.011259218854422043,0.010770315304649863,0.011467264312355086,0.013240885636274406,0.012850787780222833,0.009646894777153196,0.013698604185383193,0.009319235028401941,0.014442405420821295,0.01187295534942598,0.01414592393288367,0.005694311769258563,0.009334837826761389,0.010114983714056279,0.00923081925944987,0.004763418167881299,0.006167565743876809,0.009558478451078909,0.009033184554795588,0.009745713201848466,0.009620889959762914,0.0031044926700280707,0.004883029261810867,0.007348119156845715,0.004206970174240745,0.004404586536875719,0.0052678668219580125,0.004269375260251284,0.005964742084499513,0.003931348606847413,0.0031772970674157778,0.004160166408873586,0.004139364748900522,8.632071646410181e-4,0.003655728500360734,0.003790938181377859,-0,0.005626704410198463,0.003307305173422107,0.002262049199925457,0.0012064139944565,0.002210046963827805
bavaria,2021.4657534246576,0.004539798165073934,0.00625077567914549,0.009392048127474796,0.007046477409624154,0.009407650947687885,0.007847392100623672,0.009771718081667798,0.009922546641057075,0.01539948000554531,0.009402450007094743,0.015045776476522381,0.008731533032711871,0.012382674215872823,0.00688005512568118,0.008627515672217152,0.013995083122900976,0.016314959135153018,0.011852150603862919,0.013188872419714582,0.011794937596486928,0.008154239309067744,0.008367473181271885,0.007930604723981044,0.010728706704150942,0.004248573556591155,0.004284976543460163,0.006770840791299499,0.004867427799176182,0.005257465769371192,0.00813863686494731,0.0050754476858778375,0.004857026826684956,0.005574698809193734,0.004914232201128649,0.006755238762258061,0.004576201355811764,0.002392055017686721,0.007836990532066834,0.007784982720497809,0.0065212088883461914,0.012569919135928956,0.007847392100623672,0.0025220611604778874,0.004498194549718561,0.005143054328229515,0.008476690869076719,0.003993753362091565,0.004597003190534185,0.002636466834996906,0.0036869307032371557,0.00911119816426913,0.004394185656960979,0.004045757382003803,0.003400911211008475,0.0028548783671266307,0.003796138560742797,0.004779019599315969,0.003328106500541602,0.005361476388858467,0.002532461665942752,0.003619325954004455,0.00542908340308526,0.002262049199925457,0.0024024554971491235,0.005663108361845575,0.0019760375449502316,0.0014248195201171272,0.0022360480753789583,7.852059283220514e-4,0.0015912243458562276,0.0016640266245696565,0.003312505504420438,-0,0.0018252320330072143,0.0018928344497984545,0.0022360480753789583,0.004222571438720794,-0,0.0011336123564175387,-0,0.0011804133977449437
bavaria,2021.4849315068493,0.002272449653385527,0.00625077567914549,0.0023452528858511536,0.0031304942288193816,0.005486289406854119,0.002355653355952701,0.0024440574358006633,0.005787922103842218,0.005985544474694745,0.007691368790742345,0.011508873503826681,0.008731533032711871,0.005304270522398097,0.007743376508689189,0.012944410998783754,0.0052470647188647915,0.006011547474138592,0.006770840791299499,0.006594018069580277,0.0062923806967118065,0.010375034944150853,0.011155196437593964,0.010572674748807659,0.005678710063214445,0.005465487216382864,0.007348119156845715,0.0055434954735562566,0.008523498519785691,0.0035049181170700625,0.00348931706789617,0.006203970074175833,0.004857026826684956,0.0033437075013491397,0.0043681834662727785,0.002251648748545568,0.0028600786528853693,0.005382278537721043,0.003016087467382218,0.005392679615272976,0.005335473714479772,0.007181695907518631,0.003619325954004455,0.005044244649821531,0.0025688634514484925,0.003213699304331398,0.001955236758679912,0.006656426020355008,0.003936549000260211,0.0039573505791006425,0.0018460327672737322,0.003988552962963668,0.004940234664859949,0.003541320583335314,0.003400911211008475,0.0014300196628583084,0.003322906167983072,0.0033437075013491397,0.0019032348294126095,0.0043837847791265904,0.003541320583335314,0.0031044926700280707,0.0027144708483027614,0.002262049199925457,0.0018044313070670536,0.0018876342607685472,6.604041935742898e-4,0.0014248195201171272,0.0029796853688030733,7.852059283220514e-4,7.956060864047533e-4,0.0016640266245696565,-0,-0,9.1520805385195e-4,9.464086123428451e-4,-0,0.0014092190950022075,0.0011024116856079911,-0,0.002407655737663283,7.384052426877714e-4
bavaria,2021.504109589041,0.002272449653385527,0.0023452528858511536,7.800058500578373e-4,0.006266377556829031,0.002350453120639017,0.001570423713516406,0.0024440574358006633,0.006614820711516403,0.0034217125755785886,8.528069930378874e-4,0.010619484286249373,0.0043681834662727785,8.840075140874871e-4,0.0051586558735601425,0.0034529146380358157,0.003499717766823437,0.005148254842817696,0.0050806481937046895,0.008242653247524817,0.005501891055171599,0.006672028019748792,0.00557989936695659,0.00528866893337292,0.006307982586878362,0.004248573556591155,0.012242240968300224,0.008622314809651059,0.004867427799176182,0.005257465769371192,0.006396393386257183,0.004508595450436863,0.004857026826684956,0.0039001462573153684,0.006006346873211892,0.004503394999820554,0.0062923806967118065,0.005980343876362871,0.002412855978691718,0.0035933241507815398,0.0029640844772087834,0.004789420556204302,0.004222571438720794,0.004414987418870811,0.0019292357875457782,0.003858543153722642,0.0039157474297410386,0.003328106500541602,0.0019708373476054787,0.002636466834996906,0.0018460327672737322,0.001710828143277401,0.001097211575622629,0.0020228393444778857,9.724090920553305e-4,0.0028548783671266307,0.0028496780818937227,0.0014352198061252915,0.003328106500541602,4.888022973769063e-4,0.004050957786852583,5.148025482771891e-4,-0,5.668030890843131e-4,0.0054082812354987984,-0,0.0019760375449502316,0.0014248195201171272,0.0014924214163493834,-0,-0,-0,8.268065731274711e-4,0.001721228486489026,0.003655728500360734,-0,-0,-0,-0,0.003395710871169003,0.0012064139944565,0.0011804133977449437
bavaria,2021.5232876712328,0.0015132220174873545,0.0039053466476019223,0.0031304942288193816,0.0015652235567344159,7.852059283220514e-4,0.002355653355952701,0.0024440574358006633,-0,0.002563663194818565,0.0042745756874694165,0.004425388302940482,0.0043681834662727785,0.0061883682152110014,0.0034425139484697983,0.002589664483180265,0.0052470647188647915,0.005148254842817696,0.007618558073008363,0.015664759231185592,0.019659715920440905,0.010375034944150853,0.016039273383099933,0.010572674748807659,0.010728706704150942,0.013360516231799818,0.00918401097203835,0.0061571645113304525,0.010349029762614797,0.007010072489501038,0.00813863686494731,0.008461088328199601,0.004857026826684956,0.0044617914135902225,0.008731533032711871,0.0039417493941873135,0.005720314623075404,0.005382278537721043,0.004825823921693603,0.004191368914435681,0.0029640844772087834,0.009574081321230209,0.004825823921693603,0.006937262725709608,0.0025688634514484925,0.003213699304331398,0.002610465523232866,0.002662468159768038,0.0026260663087299776,0.005278267876625255,0.002459658171372907,0.004555399529410808,0.0016484261276904955,0.001518422169069036,0.003400911211008475,9.516087072476133e-4,0.0018980346393426264,0.002392055017686721,0.002376454302396363,0.002922482122514309,0.0010140098866259321,0.001549623089497087,-0,0.0016952276323631062,0.0024024554971491235,0.0031460951703395374,-0,0.0014248195201171272,-0,0.001570423713516406,0.0031772970674157778,0.0016640266245696565,-0,-0,9.1520805385195e-4,-0,0.0011180120186726644,-0,0.0011024116856079911,0.002262049199925457,-0,0.0014716208235318897
bavaria,2021.5424657534247,0.005299069992201008,0.003125293916023304,0.008606712225085364,0.0031304942288193816,7.852059283220514e-4,7.852059283220514e-4,0.004071759411460064,0.004134164335210349,0.002563663194818565,0.002563663194818565,0.007082882355239951,0.0043681834662727785,0.012382674215872823,0.00688005512568118,0.008627515672217152,0.008747135654730063,0.0077277741878464005,0.02201105786842406,0.05360842380550239,0.032244795307201084,0.012601126688157493,0.011155196437593964,0.012559516622681456,0.015144605161548193,0.009714507363240936,0.011633701278010085,0.013547764672971363,0.017043192679666256,0.012850787780222833,0.010463452658639629,0.011841748234208584,0.008637917398898307,0.007805785838885855,0.007639361124810888,0.006193568834347745,0.008008616679312571,0.009568880363990994,0.006032349883058143,0.005392679615272976,0.004742616266586923,0.005985544474694745,0.003619325954004455,0.00756655047989827,0.004498194549718561,0.005787922103842218,0.003260502217811224,0.003993753362091565,0.005252265243860826,0.005278267876625255,0.004919432692832402,0.00512745278757404,0.0032969045129798693,0.00860151136459996,0.008263456549009363,0.0028548783671266307,0.005221062101703512,0.003822140465380173,0.00427977611520186,0.0019500365634153166,0.002532461665942752,0.002584464224470131,0.0027144708483027614,0.0016952276323631062,0.0024024554971491235,0.0012584152268872082,0.0013156166426210114,7.1240487998485e-4,0.0029796853688030733,0.001570423713516406,7.956060864047533e-4,-0,8.268065731274711e-4,8.632071646410181e-4,9.1520805385195e-4,9.464086123428451e-4,0.0011180120186726644,-0,-0,0.0011336123564175387,0.002407655737663283,0.0011804133977449437
bavaria,2021.5616438356165,0.004539798165073934,0.0039053466476019223,7.800058500578373e-4,0.005481088858459028,0.00470101248896849,0.003140894855977498,0.007327316221550946,0.007441732468655598,0.005132653300607687,0.003416512233653071,0.005309471053109519,0.006115559601955722,0.01326689226406136,0.00688005512568118,0.008627515672217152,0.013995083122900976,0.02575677790468735,0.01354256331828127,0.03463313064899739,0.029096939172869766,0.025944070989350237,0.018827407966479345,0.020492037196472048,0.018931445732191323,0.018827407966479345,0.01714202516096122,0.016627057976860322,0.021917418324447695,0.018109553056191764,0.014536031505045306,0.014099111220887492,0.010801521776873102,0.010593478982469807,0.008185444211358792,0.011820943501131212,0.010863934777497159,0.008970773751483732,0.010250210191398735,0.010780717459976748,0.00592833792167956,0.007779781942198301,0.007847392100623672,0.004414987418870811,0.0051378538141556625,0.004503394999820554,0.004565800441571103,0.005325072648370196,0.00984453181433411,0.006594018069580277,0.002459658171372907,0.004555399529410808,0.00878874266967398,0.006068754118689121,0.004373383903372552,0.0033333068336259724,0.003322906167983072,0.006214371316084415,0.0061779669785036575,0.0043837847791265904,0.004050957786852583,0.003619325954004455,0.0027144708483027614,5.668030890843131e-4,0.0012012138740764501,0.0012584152268872082,0.0019760375449502316,0.0014248195201171272,7.436053167918634e-4,0.002355653355952701,0.003972951768688912,0.002496059905919493,8.268065731274711e-4,8.632071646410181e-4,9.1520805385195e-4,9.464086123428451e-4,0.0011180120186726644,-0,-0,0.0011336123564175387,-0,0.0013260169067880205
bavaria,2021.5808219178082,0.00832586650339889,0.0039053466476019223,0.006261176930416317,0.006266377556829031,0.0039209478215878266,0.004711413430253976,0.007327316221550946,0.005787922103842218,0.011118788640866134,0.009402450007094743,0.006193568834347745,0.013100450070966259,0.008840751485169706,0.018062736775831804,0.014671269479866826,0.01137364375328337,0.017173235457233083,0.020315167810612492,0.027208316955887893,0.016512621517401002,0.020013450834937278,0.016039273383099933,0.023795443622868267,0.02335324319552363,0.026115756909565444,0.015305852366663597,0.016627057976860322,0.020700119597103182,0.017526953457563752,0.013370918905287204,0.015227829463040868,0.010260612242683546,0.013381321580855659,0.009823727880315363,0.01351135520104908,0.012580321651257461,0.006578416093592457,0.006032349883058143,0.008388276532692397,0.0065212088883461914,0.010770315304649863,0.0060375504865854464,0.0037805374242024375,0.008991577344264803,0.007717372643216724,0.007826588965596397,0.01065069066795533,0.007878596818777955,0.008575507069992844,0.009225618336543066,0.003988552962963668,0.004940234664859949,0.0045501990741136835,0.0038897454782967204,0.00238165454030451,0.008065825520937807,0.005257465769371192,0.003328106500541602,0.002922482122514309,0.002532461665942752,0.0031044926700280707,0.0021684452123986444,0.0011284122433178158,0.004810222476222118,0.0018876342607685472,0.0019760375449502316,0.002137243920664269,0.004472192307027267,-0,0.00238165454030451,8.320066560718302e-4,8.268065731274711e-4,0.0034425139484697983,0.0018252320330072143,9.464086123428451e-4,-0,0.0014092190950022075,-0,0.0011336123564175387,0.0036141255923162635,0.002506460406183855
bavaria,2021.6,0.00756655047989827,0.00625077567914549,0.004695812019103001,0.007831789748571537,0.007051678114582748,0.007062079526054584,0.015472301618996516,0.008268657375683799,0.012829982643439736,0.003416512233653071,0.006193568834347745,0.006115559601955722,0.01503537346797201,0.01032302459408969,0.008627515672217152,0.009620889959762914,0.010302220468631015,0.020315167810612492,0.024737082944720684,0.03303048829028063,0.017787041757538067,0.018827407966479345,0.018504892215577586,0.014515225693981677,0.027327979689076375,0.018978262794668205,0.01170131644747242,0.01886902304778601,0.022203539682822137,0.01686113333742112,0.01804713135840781,0.01350095249946718,0.015056179487153957,0.020195521214244932,0.01351135520104908,0.010863934777497159,0.01375581928730811,0.004222571438720794,0.0071868966259951515,0.00770177033017048,0.009574081321230209,0.007847392100623672,0.006302781956304643,0.0051378538141556625,0.005787922103842218,0.00521586157983388,0.0073221154890305085,0.006562814122280046,0.007915002346961344,0.010453050566778655,0.003416512233653071,0.005491489955775094,0.007082882355239951,0.007290911104813628,0.0038117397019696124,0.003796138560742797,0.003822140465380173,0.008081427943217201,0.0039001462573153684,0.004555399529410808,0.0031044926700280707,0.004342181288592536,0.0028236766635127155,0.0018044313070670536,0.0031460951703395374,6.604041935742898e-4,0.004269375260251284,0.00521586157983388,7.852059283220514e-4,0.004768618644508019,0.0016640266245696565,0.004966237141599493,-0,0.004565800441571103,9.464086123428451e-4,0.004472192307027267,0.004222571438720794,-0,-0,0.002407655737663283,0.003978152166262342
bavaria,2021.6191780821919,0.009839330830050572,0.014062701362920286,0.014083506992924363,0.010182596908770295,0.010187797927392828,0.00941805283042896,0.008955171062356925,0.0049610366452090765,0.011976979202098424,0.007691368790742345,0.011508873503826681,0.014848119669956026,0.011498471202837403,0.012902800658613022,0.01639818530978735,0.015742782790398663,0.02575677790468735,0.035559355572975813,0.05938669843986569,0.07710553775479027,0.07341339799611621,0.0669827226854009,0.05620075949789431,0.057450124053923676,0.052244636424522865,0.04041970508976491,0.03818721833405045,0.038967797211359845,0.032140730901737524,0.03256219303011402,0.025382193759120552,0.02051804745101276,0.018400855303278077,0.013100450070966259,0.015196620334369833,0.018302020429392843,0.015550324889442071,0.012060198434059565,0.006588817410399463,0.007114086614622255,0.010172194873091614,0.015092590040751079,0.013240885636274406,0.011566086196461307,0.011576488510976585,0.01630455587268961,0.009984958586699498,0.014442405420821295,0.010551870523468895,0.009839330830050572,0.0085443019336265,0.006042751090638643,0.009610488036446993,0.010692299206028544,0.01047905580032977,0.007592554269948531,0.007644561889066231,0.007602955789610853,0.0063339857475604045,0.006583616751733007,0.007244104563595258,0.004342181288592536,0.002262049199925457,0.003005686865187052,0.004404586536875719,0.004607404111015946,0.0028496780818937227,0.0014924214163493834,0.003931348606847413,0.0015912243458562276,0.008315464839132307,8.268065731274711e-4,-0,0.003655728500360734,0.0018928344497984545,0.005585099925233785,0.007036076001273164,0.0011024116856079911,0.002262049199925457,0.004815422957523926,0.004716613901673972
bavaria,2021.6383561643836,0.009839330830050572,0.00625077567914549,0.013303301564821176,0.012528309095424985,0.017246059554729052,0.011774132882138057,0.019540070832188793,0.01984698704601421,0.0273748043118027,0.024783905234470178,0.02921660625225172,0.028826388530269354,0.030954411398908175,0.030970020690342243,0.033660091897678726,0.03149553623615686,0.04293852316729806,0.05249969317740232,0.07589215401997285,0.09521592058183459,0.079350111911237,0.07326759249784265,0.07803772732319612,0.05808002339967788,0.06805010767082507,0.06554048606909141,0.05421224948968314,0.045665645585377126,0.043245577515768664,0.04769026217286333,0.04400021031311559,0.03564781611979677,0.030668241886397156,0.03166203731896339,0.03096481759267501,0.02059087623294949,0.021532457526321044,0.028347725457044493,0.016772704744035773,0.01896785899936338,0.022744573463521888,0.024747487894355522,0.015134202133226351,0.025059637351513973,0.0212255313643211,0.030663038818931464,0.024627831099257123,0.027572508739281437,0.02638629344935969,0.020294359687120483,0.019935420867528926,0.019768957328396883,0.02226076414341658,0.018468479272598842,0.012861190351738811,0.017558163984875513,0.018640140512742695,0.014260355184055929,0.01120720761999968,0.011139593093019493,0.0067240347182130535,0.008143837679132033,0.008476690869076719,0.007816187401200813,0.004404586536875719,0.007244104563595258,0.007831789748571537,0.0022360480753789583,0.004716613901673972,0.004768618644508019,0.008315464839132307,0.005793122682923962,0.001721228486489026,0.0063911927468413045,0.006630422698426997,0.0022360480753789583,0.005626704410198463,0.004409786977610334,0.003395710871169003,0.0012064139944565,0.005449885578993458
bavaria,2021.6575342465753,0.03103766100735226,0.025002409810761222,0.03208869877710804,0.02976291598255961,0.04076837717603009,0.036110935556430114,0.05864745992160384,0.03391505751059177,0.06589453323065644,0.041028581748861724,0.04427083991527267,0.042808415939425276,0.059277373771479805,0.06712851056223629,0.06993500685886678,0.06738884707321262,0.09365308497278944,0.11014336731193339,0.10066537482486221,0.10624566593780976,0.09642454566065907,0.09491376870142705,0.0820062296912091,0.07640250081043853,0.07656393808286578,0.06921644607122289,0.06345790450069912,0.0639473036721108,0.07306971426125403,0.056997225933924964,0.058673489268388744,0.05347828987817015,0.056893111981200686,0.05187506661448893,0.04617049118735174,0.052635029921646904,0.04966290787905651,0.045244077240029615,0.056330900238599255,0.040310420290224414,0.05089129499242058,0.039243604549532005,0.04415113818675808,0.04884052933326955,0.06112030604431313,0.030007456483303132,0.044603924436069496,0.04202257520417025,0.042881275946929566,0.03690709434049092,0.04329241647407069,0.039550637080620475,0.035923605849341116,0.03305130151083315,0.030486134834770095,0.02420643327404232,0.020075874893171124,0.018062736775831804,0.01998223883392199,0.01417713243095282,0.020179915156756156,0.017370901101993855,0.014130319690867144,0.011420454011749976,0.008804345308863735,0.00790460076488041,0.007831789748571537,0.007452133958149193,0.008643118263024918,0.007946207105682173,0.008315464839132307,0.009105997253326543,0.009470062275339882,0.007306513294578523,0.0047374157925664535,0.0033541081711525736,0.004222571438720794,0.004409786977610334,0.00792020313877916,0.002407655737663283,0.0060375504865854464
bavaria,2021.676712328767,0.02800954224628782,0.03125619186362982,0.028176032167493415,0.030548571466337864,0.05175014220226894,0.051823014739594685,0.05946478762943292,0.04384407849101936,0.06675362827617443,0.05727833464751145,0.06819069171642961,0.06378590556400113,0.08672507942173725,0.08952221567337101,0.0803031738606423,0.0980499823015241,0.09795099592502512,0.1118421895408432,0.10809547441618839,0.10230657475455913,0.09716432142165239,0.09631514309634082,0.08332913112019785,0.07956363793344755,0.07534535944543055,0.08270413412498295,0.06592056620532166,0.070039146927256,0.0625415950331747,0.07737113196299335,0.062062621510272795,0.07131487969135163,0.055779105735197586,0.06116195498598568,0.05856416609944015,0.05320761235250625,0.06403060611745472,0.05429553634121432,0.061125512160200804,0.06344749180241327,0.05987605929634942,0.044073071990527624,0.05614349767516863,0.06234375760848118,0.05983441138459054,0.06525933268740297,0.048601105112485256,0.04925171698042343,0.05014176720091785,0.054753616409124295,0.04899147125641434,0.043948166320326984,0.041491749110056195,0.028675505129473783,0.024768297799871143,0.03512746212297075,0.024856739991218204,0.019488051314464242,0.021444020988765872,0.0182291948530541,0.015004164454808108,0.02279659623909453,0.016392983669967363,0.02224515746610213,0.01383904136612803,0.013173268464894668,0.01210180809998616,0.007452133958149193,0.005501891055171599,0.009537674631497036,0.01580000014155917,0.009105997253326543,0.008606712225085364,0.012788372394834305,0.01136844261605168,0.012294253237996145,0.014073104176881762,0.015430689255968034,0.011316431272381898,0.008429883260501482,0.012523107842706004
bavaria,2021.695890410959,0.02195383368262317,0.04298015754897164,0.047747514687731356,0.05562814410813002,0.05959493653930908,0.06281752743514266,0.06761273751508645,0.07943864698477161,0.06760753074967857,0.08380309218317719,0.08149061974532101,0.0856468938925539,0.09203820418682564,0.08263121829819577,0.0854906369749311,0.10593823935632167,0.09365308497278944,0.10420834739624837,0.10562039344575304,0.08733970726388515,0.09345512914719278,0.07815229926130121,0.0800219406490001,0.07703262977807465,0.08386038447246592,0.07412160194604378,0.08010006083299655,0.08527708661353291,0.0777512985823351,0.08901174010567586,0.07052860804239033,0.05023545758403316,0.05465991788512937,0.061708600437608986,0.0664516417334017,0.05492539747495894,0.05924093226642946,0.05912640198824046,0.05873075387718815,0.05098498672599386,0.059277373771479805,0.0561591145296564,0.06119319171413154,0.060417485184679445,0.05918887301779709,0.06264572029586297,0.0565963883595821,0.054503754053654936,0.05674214712002825,0.05413937360402129,0.04785161033081124,0.04559798623797571,0.03137066077391138,0.04083082615476014,0.030486134834770095,0.032754713904341995,0.03394107448015803,0.024242850235245934,0.024856739991218204,0.024809917635880415,0.023285612873469672,0.024971194815076394,0.01978456326255091,0.020440016726415582,0.0157271780691927,0.01251270533882302,0.01851009406665356,0.008944769272208542,0.012575120393330197,0.01191976605737966,0.009147604555409257,0.01158689082757279,0.014634859221278308,0.014614053370672519,0.0161068942813376,0.0033541081711525736,0.0126687431155676,0.01873897602928555,0.009053988172539539,0.009631291885159604,0.017532155210811945
bavaria,2021.7150684931507,0.02649554898941377,0.035944420227914435,0.04618090042659279,0.06190122925174295,0.053316924260572426,0.07617857252036499,0.0912568282619455,0.08606878991552354,0.10873119843861873,0.10434902923120368,0.10986197266877626,0.10926792231157822,0.11596440916564721,0.10762129188627484,0.11920613124435453,0.10243162068238905,0.11773638654624566,0.09148603064965855,0.08332392278086807,0.07552762366475863,0.09493981620817009,0.08094897439942655,0.07340298330410988,0.06692544898847262,0.07109097330904951,0.06615486356381844,0.058522519238396686,0.06028733421606248,0.0789178545991549,0.06572792250140694,0.05585198391890941,0.057798910352190994,0.05465991788512937,0.048595900250366045,0.052364356785388255,0.04862712943090747,0.04726867741353274,0.05489937000426714,0.055732255528174776,0.06047995776532545,0.05987605929634942,0.0489081928998062,0.06434819791457669,0.048200332253456796,0.05210930069632286,0.046326629994750346,0.04726867741353274,0.040711132344735924,0.05344185243687919,0.048595900250366045,0.04671177439087063,0.04504630561381224,0.04250656842446504,0.03499737443736535,0.04049256175038621,0.03322821422192664,0.029159374136451175,0.028524622166475024,0.02534057346506397,0.02632906444856477,0.019144723802626776,0.017370901101993855,0.022614516752292035,0.019238358353778868,0.016985973960557763,0.007244104563595258,0.0106766960003466,0.011181202022291139,0.020434814682275072,0.010333426659940269,0.014967753963120995,0.01655423474624765,0.010328225626757764,0.013698604185383193,0.0075769519943590736,0.017880673863990084,0.009849732799143621,0.008814747070922528,0.014712881235188904,0.01565435609880213,0.01576358909262821
bavaria,2021.7342465753425,0.0317973198413002,0.025002409810761222,0.039920119309618834,0.05014176720091785,0.047044874547420866,0.08246455393518401,0.08636568176140069,0.08855335815189634,0.10616229583779228,0.0915068672804561,0.09389792611531682,0.12064985708347446,0.09026710227877408,0.10762129188627484,0.09326759274439363,0.10330695059691601,0.10999224777723746,0.10420834739624837,0.0800219406490001,0.0723823536059956,0.058574577819914195,0.06418679856216468,0.07009642405377527,0.07071606245551965,0.060146771535849075,0.050219842508455105,0.06222401426971692,0.05906913694373512,0.0496785227873878,0.05467032882390303,0.058673489268388744,0.05347828987817015,0.052988989225742245,0.05187506661448893,0.05461827415087846,0.05034476324435,0.05445169954737991,0.044036641139057114,0.043739990870057005,0.04743002426336422,0.04609762657100786,0.049511964006903206,0.0409973571313724,0.05720024874130235,0.043739990870057005,0.05416019527521727,0.041273175234543165,0.04399500591148987,0.04684189138556734,0.04736756735888252,0.044432177463595596,0.042298398745359116,0.02985136666922528,0.0369435201973836,0.036204600663048446,0.026578791459724534,0.0277233889396535,0.024721475524169246,0.03314496110643655,0.013672597341678638,0.023800646003214656,0.02062729066216523,0.019222752583541985,0.018036727749395545,0.016985973960557763,0.019758553374894256,0.011389247168088262,0.011181202022291139,0.01571677492432171,0.010333426659940269,0.014135521104354294,0.00993294862679645,0.015493107813001068,0.012788372394834305,0.012315058160441395,0.01452562859847291,0.0126687431155676,0.016533428127661683,0.009053988172539539,0.020471229002204546,0.017235656105985493
bavaria,2021.7534246575342,0.03633989500379043,0.03672496543875819,0.039920119309618834,0.04857508080708737,0.047044874547420866,0.063603682495629435,0.08554793112353956,0.10594866056661126,0.10616229583779228,0.1291827304522923,0.11252486073140158,0.14428679458582683,0.1044428173326226,0.13089781413119814,0.11488040571315093,0.09892523846125219,0.09537220672613501,0.09996722928896347,0.08332392278086807,0.0668681753546265,0.07489751293420865,0.07047133043983175,0.06281752743514266,0.07071606245551965,0.059537670978833404,0.06308825498840619,0.05729395184282767,0.06516561523131832,0.06195849741517902,0.06281752743514266,0.06375466727835734,0.06266654537342196,0.05522211156165607,0.05296816802351142,0.05743450681170985,0.0520624537955439,0.0556489663754633,0.05973029175113444,0.05273393007288503,0.0492100775770606,0.044900579633703926,0.047096921639631396,0.0637182226354939,0.048200332253456796,0.04889257822279298,0.05546677181900365,0.05926175598047561,0.05056337525427806,0.052780777578602445,0.044291657635310795,0.039306051697124464,0.04285005021692715,0.04605078508584807,0.03985767142458456,0.04478087645554891,0.03132903568646998,0.03203146350014633,0.029950223497072753,0.03265585174475918,0.030382073948742656,0.024835930050308833,0.02605852820651066,0.025439421717838546,0.01682992322846593,0.016356572205819715,0.019758553374894256,0.019222752583541985,0.017147226875703747,0.016502218215392647,0.023046306286314225,0.017464532459138083,0.014900134546206362,0.012049796022780333,0.01187295534942598,0.014213542369049356,0.012294253237996145,0.01688714177585683,0.02424805266035366,0.011316431272381898,0.020471229002204546,0.026818114304136324
bavaria,2021.772602739726,0.018166773011649994,0.02578279079277061,0.03286918611341482,0.04230360297717748,0.03998256726965394,0.05025107266429448,0.07902722056748043,0.09517945388241986,0.07874599425651266,0.1069178422524312,0.13292575201347948,0.1110188270510799,0.10355704756460238,0.09124640999559883,0.08981391824773975,0.0796521733705321,0.0927935454084806,0.10166571909401435,0.08910029163061746,0.08970452959059191,0.08454789686752778,0.07815229926130121,0.09921699378833937,0.07198139741961683,0.060146771535849075,0.07473608083520641,0.07085144661859487,0.07430906931200093,0.05318679106273686,0.06223442672301135,0.05698160882772436,0.06699313609162036,0.06805531448055421,0.06553527951116833,0.064197211408493493,0.052635029921646904,0.05445169954737991,0.0573147747772082,0.056330900238599255,0.06522288698996709,0.04969413770041382,0.05192711854149282,0.0510942939618579,0.060417485184679445,0.047601781137507425,0.04828360947642229,0.06725347192484747,0.04596230684011177,0.04618090042659279,0.05598212378673327,0.053551164837355274,0.04504630561381224,0.05060501574132481,0.03159439618977572,0.0452596908215068,0.03322821422192664,0.03107408275295363,0.04374519524615969,0.04094531614389493,0.031396676470485545,0.025356181071428494,0.028228060377190212,0.032229185633108004,0.0282540745015569,0.02390469371950037,0.02107467001655247,0.024919169863908314,0.019384012435137786,0.023576944118193006,0.020663705116886963,0.019129118060496397,0.01904068561020909,0.021522053219978347,0.012788372394834305,0.02368619375576613,0.013412529620047454,0.015482704714958174,0.015430689255968034,0.027166695200194997,0.02770257785150514,0.021657309364802254
bavaria,2021.7917808219179,0.02800954224628782,0.01718884061239943,0.028176032167493415,0.06190122925174295,0.049397455154790826,0.055747872259157075,0.0945178482053065,0.10429171436361304,0.1327328599168042,0.13346793903632448,0.1391403883798272,0.19510034407898552,0.13901004022642596,0.13606947271656938,0.14602323500046627,0.1339892780434323,0.14699837861580992,0.12287025013908973,0.10562039344575304,0.10939819593177735,0.10830390766554099,0.08932948451305192,0.10120201545153916,0.09283521972629276,0.09237680406730614,0.0863865163405523,0.09181941774433143,0.07979278878631377,0.059615760395118886,0.07737113196299335,0.08126146141043157,0.07077334032764948,0.06582164097092119,0.07810542889247452,0.0664516417334017,0.06751901581746515,0.06941951659161984,0.0633537776116749,0.07552241610677209,0.05869951862820879,0.08204789536464477,0.05917846117432485,0.05866828339799173,0.06492090933671017,0.05725751172772303,0.07570988852293983,0.0625884513755821,0.05516485081659592,0.07456944177481123,0.06336939663173415,0.052411203958147336,0.06208344635431234,0.04908515956701286,0.05590924542062987,0.05479005476961223,0.03845261383765349,0.05211450591012252,0.04707089808701724,0.0482575853299201,0.04355783803472377,0.03311894453518363,0.03474760699326894,0.03788539764276301,0.02284341678160602,0.029570406184593473,0.026349874987022046,0.030616211235144776,0.03131862941982168,0.019649311988794837,0.021459627425638325,0.02245324688212468,0.020694917526936325,0.018078342197933275,0.019181137219148253,0.017053596089904432,0.02011749097362581,0.030970020690342243,0.025350978535455072,0.021506446764364646,0.028904431840409462,0.028732736712721765
bavaria,2021.8109589041096,0.03633989500379043,0.04063307131271867,0.04461433336172354,0.06660263478556433,0.0854958455312901,0.0722469654570811,0.1663381586984913,0.19800249301703107,0.24088547998355012,0.23722870746353752,0.25640872988110824,0.27492669670886893,0.22863108121327239,0.20251262862809802,0.24128774066042888,0.22174773689579932,0.21246345483847454,0.2001270104798736,0.17422113011785506,0.16299960318638795,0.16402722947051934,0.13964092832526204,0.15950478252133135,0.13520401820755173,0.14775451860541627,0.11827841521684508,0.12945901670590326,0.1236990126902701,0.1292557115841656,0.12162973716646777,0.12193725653114262,0.12811408989487053,0.11105530486006854,0.11200373687569236,0.1014000007705672,0.09214759775327208,0.09877415152449469,0.11227472062889035,0.11392149841845435,0.09489814020363943,0.11022674379493737,0.09665377082749971,0.10981507370962902,0.10802773379003647,0.10877809642022526,0.11883087332970922,0.10124890664318256,0.1011759648077873,0.10561518287323785,0.10093629949758602,0.10430734568487054,0.09342908238413887,0.09062131783456692,0.10068100505607726,0.09055880903174293,0.08501145202205419,0.08178227726847519,0.07752736448385297,0.06728471231242142,0.07498083292332161,0.05900666605802508,0.059735497727853276,0.06164612638086032,0.054123757356098576,0.05348870058037232,0.047435229008793905,0.04415113818675808,0.03653763351962092,0.04165828220330925,0.043724377744885766,0.04741441003021243,0.03726094660176797,0.04391173555637019,0.039285235972925804,0.04833565780850496,0.054779643806868165,0.030970020690342243,0.03527836424597828,0.032827559826413374,0.03733900257180066,0.05217176329633662
bavaria,2021.8301369863013,0.04618610504699181,0.06252597626175094,0.06028212818409628,0.08620942268384549,0.08078231542804601,0.1288647424302741,0.20228815661042346,0.2511519371813943,0.2984874435199861,0.3119562692238381,0.34542636544840066,0.38301431971805133,0.2970596909815171,0.2681731206987739,0.2638297593464655,0.26568518220442067,0.24522692523060866,0.21882337473888883,0.24456863224099246,0.20718499875523774,0.20641233204103587,0.20260659394645966,0.19132674875567895,0.1807694438328789,0.1824757932763183,0.17045426669520272,0.150445423204064,0.1597082059429235,0.16792404765769428,0.17351156157805522,0.1688683005690215,0.1568081933840078,0.15017945550158965,0.16891525281873826,0.15613015622134088,0.14544962965117028,0.1539292042069621,0.14007890472988846,0.14754592716524634,0.15965083002549313,0.14201855886523823,0.15957259024010573,0.15405958976357317,0.14859410761397696,0.17131509093041888,0.15741321862415913,0.15127984051102092,0.1419664166787083,0.14395828535439967,0.12990212036635224,0.14997085433388396,0.13580357853332517,0.12660760465524806,0.12795249250264154,0.1258674099050266,0.11496378979184546,0.11051335147487104,0.11371304265076337,0.10681362830119205,0.11910189266308671,0.0973466621343937,0.09832610318977365,0.08655319327427684,0.0793969834019767,0.08749596973796747,0.06787307645034851,0.06196370361497931,0.06563941076862138,0.06289562177701172,0.07156482283829417,0.05074555263127793,0.06957051826190214,0.06458769465103469,0.06945596523050415,0.06540511573259303,0.06708685684143714,0.06477512764899426,0.06285397144675144,0.0849437414608653,0.060240479947107003,0.07931365633653799
bavaria,2021.849315068493,0.0598239994118628,0.06174504367203831,0.07360086280891057,0.08228747363477122,0.1090490633643651,0.1445996624499936,0.19248019765777558,0.2154344536116937,0.23572950505739704,0.315398571575662,0.31158484900375605,0.3557501350193381,0.2881698062608648,0.25434461769202016,0.24128774066042888,0.31493818967196613,0.2823294563284336,0.2681417593887387,0.23132095120666896,0.286967173863403,0.2577726565629936,0.2614361003312932,0.26300921316763676,0.23588621408740212,0.23185371866543383,0.23129483529511508,0.23511312078800625,0.2250743987954923,0.24944333271890323,0.21902703034700985,0.22433802358237903,0.208819122258099,0.23019275578293,0.20890265710754544,0.19961022797297692,0.2016773888163736,0.20914282054720149,0.1957319130626705,0.21486530361982725,0.22686054369858064,0.2056605592306229,0.18863894674431855,0.2097380129827215,0.170501220376955,0.21391499366452243,0.19405644522110524,0.21271407735327455,0.18871201136977536,0.20880345948877024,0.18664536586575123,0.17452896065754536,0.1831750474486945,0.1854607348969614,0.16790839720140818,0.1645488749490245,0.1701568943620156,0.16177899733729426,0.15898318764066274,0.15371015720784575,0.169869957757899,0.1414189268768276,0.15000735947782295,0.13413004047149518,0.12336020879332138,0.10072789577789976,0.10481276093776384,0.09332489546237951,0.09998285931032455,0.12429322793271924,0.09145998487289997,0.10320795421283911,0.10190538776610417,0.07062233516448298,0.11245190307720451,0.09576813372729628,0.09394481072093033,0.07181997437332652,0.0849229074597749,0.08721469762271904,0.0940021141852048,0.10809026359566176
bavaria,2021.868493150685,0.09923783351719907,0.09929514281462441,0.10103008144393708,0.15292263871400658,0.19078917723901445,0.23202608577664033,0.40946470515992184,0.5887520273922476,0.61773308844669494,0.6474253052602423,0.6976527340869775,0.7325481279440764,0.6235586055921647,0.5316525927088784,0.5246502313864138,0.48857123870721997,0.4621645371608248,0.4343030065551242,0.4561892053232238,0.42946337773974386,0.37557102519029356,0.3673642078162888,0.3913545895252834,0.37805898891081674,0.34786577311733863,0.3562632358550372,0.33292227189995316,0.3407310895456605,0.34697061237621607,0.3394173257103424,0.335450065069884,0.33690504108088626,0.33669045572858325,0.29225896447298555,0.3149905055921146,0.3125892590924345,0.30350319267245024,0.3357379168057083,0.3208240608256625,0.30787079270746887,0.32294836993748816,0.33481679685990146,0.3320535349179025,0.340919520546546,0.3192596620658591,0.3093982316329046,0.30634339864743393,0.3245913680267649,0.3194898716390771,0.31639782359551016,0.32958870357326586,0.30786033095172444,0.2779274058695244,0.29773956825361814,0.2697516644058784,0.2630771559901325,0.2630301186420273,0.24152282950969609,0.2329349399935571,0.23949587613308398,0.22032731187891702,0.22408212258111695,0.22317864544448413,0.19510034407898552,0.176402070509248,0.16687547750074763,0.14968924408487252,0.20314950799949974,0.17472722535978627,0.1448186710749632,0.15905621060899056,0.17991889911947634,0.19054909855101484,0.1664790087213581,0.1394427973540722,0.16451757607274353,0.14796832569997445,0.16556088210092157,0.15868066500713124,0.1676371233741532,0.16362556601804734
bavaria,2021.8876712328768,0.1318518213298903,0.1509773626901332,0.1889051112312612,0.25984735693192285,0.29393237001632777,0.3662068732005597,0.5170658415518194,0.6213746179958392,0.6722880082518858,0.7097546026169,0.7541909228363577,0.7821663566615964,0.6504159948967195,0.5803327141862155,0.5516720445230124,0.5345000340485504,0.49855071132253975,0.4343030065551242,0.43872880356529953,0.3866708813769392,0.41514637673495536,0.417243091324605,0.38669183662599793,0.3767861841778467,0.3747644267151596,0.38708998796259736,0.38996619803970606,0.41061776172747116,0.3999267631920759,0.39796174524744815,0.4195076380436395,0.39127600033821913,0.36138405016289415,0.40214339255834364,0.3705116598308686,0.39088829542035025,0.398029864627063,0.3818828283757512,0.410696380151789,0.3854188205717383,0.4242100326902016,0.38708474910943147,0.41079072241786696,0.3849054319691998,0.3833443426640167,0.416446329821396,0.39343986600858105,0.40390942731817847,0.3739211780503019,0.39811894395043673,0.3857750523766901,0.3797142054520023,0.3557920206120648,0.32804497274305067,0.33729234371431394,0.3155659841875856,0.30531295608066905,0.3155816791475844,0.31375586391279836,0.30107109538489363,0.27646362367137034,0.2671591145885708,0.2640649501291621,0.2723809346397019,0.2471339321197087,0.23496686118645088,0.21397242948739453,0.22260941068510787,0.19917174987343858,0.18866504124162423,0.19910389049794153,0.19487068453219858,0.21128345673011675,0.2086416111485949,0.23070984231371947,0.22620248317528743,0.18891033015638567,0.18104078617770508,0.23137840625826583,0.1954239569801378,0.2013171957878423
bavaria,2021.9068493150685,0.12350615481674682,0.13061109407678922,0.15279747131012808,0.2692916864578818,0.2836888346260953,0.422348944944708,0.512134480711995,0.5937695555696746,0.6575617015928242,0.7097546026169,0.7209787565920202,0.7538110544794053,0.5958261456834489,0.5620736418519927,0.5211625352413446,0.5053500286339202,0.4890174130474217,0.4223541873518472,0.4029975799231907,0.35499620011951083,0.37706378913803085,0.38632512098667365,0.36272978749415574,0.3481955730643772,0.3350313744804153,0.33530875661904863,0.3248686944810067,0.3548234249111803,0.3428562120736816,0.3558024920155181,0.36723852317235034,0.35756171773082773,0.3484730254335017,0.3653061600117229,0.39205141884608996,0.3476930215989024,0.3654999167643223,0.3946397237950535,0.40344826111996307,0.383627221141924,0.4030971486886504,0.4059323182767298,0.3987163033558407,0.4211589322002061,0.38205045516920094,0.4125046367179728,0.3793580151649913,0.3867127918835014,0.3739211780503019,0.35971894478411576,0.3674218133796153,0.3520643349732515,0.3425526178237749,0.33098071710703686,0.33633456002333656,0.32177109431522694,0.30723786027324623,0.3045859048302326,0.3010135632779308,0.28223534683847995,0.27438303274144604,0.27588857765260394,0.26065740095521606,0.24399393882535647,0.21743958211368664,0.1992552692263909,0.19896295207794126,0.21437448202383733,0.18418741716558526,0.18148954777832704,0.21496451280314333,0.17991889911947634,0.17241592329196143,0.1820583325813439,0.18505368731363867,0.1712420507450713,0.18891033015638567,0.17993455319099078,0.18593040914475764,0.16522180534572936,0.1884562856298112
bavaria,2021.9260273972602,0.12198937863760294,0.1407932313043877,0.1841926356172506,0.2669291365721762,0.308121875476759,0.36699762845391515,0.4652914989539529,0.5820627428494554,0.60042878398954,0.6396387354990809,0.7021378978133899,0.6325691820905939,0.5225386765629758,0.4717348923347116,0.4810865788051289,0.4312146107014893,0.37908563600353146,0.3669243128915527,0.33823967717748166,0.3186004311987116,0.2980010618790595,0.3006945227490704,0.28027999930256864,0.2751985308241075,0.2928812558699938,0.2638924767845082,0.2790409534944638,0.2788945702857453,0.30230020560320026,0.29847698365188474,0.28666913448288783,0.2717379795392426,0.28565476763760883,0.3087286638411162,0.32518265074247027,0.3160420667484736,0.3161362374417115,0.3211746181731092,0.3419192631118622,0.3531951776605168,0.32535532749425977,0.3159949814658103,0.35172403990420026,0.34997548190059924,0.3334927155230308,0.3303946016036321,0.30969117025291154,0.2862978948365815,0.3141796147444924,0.30526064989595414,0.2906379042049106,0.2857697979346158,0.2896286889818416,0.26940145355311457,0.2649691379328914,0.22732014646359405,0.24237960675536896,0.23674812219425395,0.2334259368115204,0.22881910643717743,0.23487806091478666,0.22462526090021728,0.21125735088003383,0.19872283564958507,0.18524155503308692,0.18669755287266757,0.1689622051108438,0.14630482539654624,0.1573871398048417,0.1392446671378003,0.16239451294497598,0.14587722576577902,0.1508313395442626,0.14449537295278103,0.12234902259610124,0.14546527334949252,0.14514718574192656,0.12025895262829268,0.12917230458467185,0.14227405633500526,0.1380663293420345
bavaria,2021.945205479452,0.09392918251436415,0.12826004926142542,0.1465186265305081,0.21814975033278924,0.26714343423696346,0.29828347647152914,0.38731525914814907,0.4676315967295067,0.5545941628736138,0.5247132641916573,0.578487063173128,0.5133738415686513,0.443107776771285,0.3919466318855403,0.33498950560688207,0.34222285366403365,0.30304814646498507,0.25198274679321775,0.2172463762617414,0.22850050854111728,0.21608715622477553,0.20120235215838853,0.195972015680443,0.19153551589139636,0.19466190400620165,0.19564317976710266,0.19739699533497013,0.2085685185149304,0.22655762591535025,0.2073520633381477,0.24019589749138381,0.2359332268884941,0.22291230546944038,0.2237008846495314,0.24313191061058614,0.24360210604712348,0.25419830398840093,0.2417526951899776,0.24133475834525547,0.24769821058028763,0.2561526710060587,0.28321304817960175,0.2591366190207345,0.2362832124104074,0.2397466289692501,0.2372809452604323,0.2133824099648344,0.2065010837151065,0.21343462381186784,0.21318399782426048,0.19224533042224753,0.19584674461111024,0.18698458234693172,0.1927724783656907,0.18414045112419236,0.18729770721671807,0.18143736599787513,0.15850332497125452,0.1766838254613042,0.15514441027025283,0.16061579705789952,0.1559945498497289,0.1551026859861265,0.14565299809647758,0.13665861565246432,0.11603216013173648,0.12542434062377575,0.11118558295821165,0.10460955215281417,0.10738159686812182,0.10154067500796052,0.09444491581112924,0.09303317319200127,0.09781033139834826,0.09481999778517528,0.11521915436461036,0.10282760143764592,0.08050628768164889,0.09968588970777773,0.07832415764178556,0.08993893413767795
bavaria,2021.964383561644,0.08331871444205419,0.08833979521235519,0.12062900877168095,0.162347566582651,0.19944318826099278,0.2485812141630138,0.3323937012844183,0.3592791145295964,0.397500631793481,0.3919623499161593,0.42746054287718366,0.397091921013994,0.28639201167921985,0.2664430500207236,0.2421549625755263,0.2226250776134399,0.21677641907804912,0.16615557590334154,0.17835873363224522,0.16221194399623,0.18038330524484836,0.13964092832526204,0.13895790105655226,0.15735062947976297,0.14166920721386966,0.15755926025404643,0.14304055627658582,0.17558290274614827,0.15386140384672847,0.16009940706729436,0.14624746426626448,0.15085219996856822,0.15912401774283752,0.1650809587281461,0.16798143270438964,0.1792927401232492,0.18272627130198557,0.17455504807517533,0.18480319807684614,0.18045635827130713,0.18944266327086595,0.18984974521196651,0.1679762158793433,0.17823872284130776,0.1571263523309834,0.1731150421994732,0.1559476092650263,0.16500792729884767,0.1651226910195109,0.17060034495543097,0.14482910008011263,0.13360348667535246,0.14892264613354073,0.12697770598151653,0.11059672855110796,0.13160680141726155,0.11386417299903671,0.11609469956340117,0.11267598762643342,0.11910189266308671,0.09319987143182129,0.09288731267051957,0.09617969262132423,0.09445012526446099,0.07930844839937831,0.08106355275208788,0.07906888385400809,0.07757944209511854,0.058965018842575725,0.07713678406181819,0.07238756084952898,0.06957051826190214,0.07406952779766242,0.05573746110464583,0.05497224695503578,0.05589883423380933,0.06899775562845077,0.05623199324595999,0.04868438297729126,0.060240479947107003,0.06810217579154891
bavaria,2021.9835616438356,0.04694598521574311,0.06800324640675302,0.07360086280891057,0.10974733084330626,0.13654391473460878,0.15955172631722397,0.21618114607588268,0.23453330835611438,0.30967024601104,0.24495002319570533,0.2937807154199273,0.26438899250554126,0.23040690210623782,0.19991820884865052,0.14429200903480147,0.13749802552488702,0.1366690430211793,0.1220206519265565,0.12627399444950324,0.12594559899360833,0.12315692751472704,0.1410382945066777,0.13034522780261326,0.12634697149911964,0.13010021498881522,0.12257314979931311,0.12513765074758612,0.11149825172544202,0.1310125025956272,0.11114389393129348,0.12193725653114262,0.1091741255071204,0.11273331173599561,0.10707937428961212,0.12847377621592163,0.12480926246794417,0.10296827953714816,0.12738429920745103,0.12833302909834166,0.1038071457351502,0.10722527462545195,0.13233665136794132,0.1249812751176867,0.11897159473035346,0.11909146881645245,0.11294697488291956,0.1165845943803384,0.10972648690219917,0.09702886873466662,0.09662772246219957,0.09346554785606861,0.09398127655452695,0.07795440243585258,0.09629951417737304,0.0795844697874303,0.07788149326895487,0.07939177545647738,0.08514166488753697,0.07411118711219564,0.05723668881627874,0.06574354223459442,0.07114304447471313,0.060516400138693235,0.059537670978833404,0.0522290207455971,0.04677423050769341,0.04913720870139721,0.045488690555075595,0.03772928417949908,0.040539398228981796,0.026615210082385394,0.028150018082169055,0.042189109997431064,0.03471638614710906,0.03980042759584255,0.0234728970577103,0.026745276800109165,0.044099094042913775,0.030564180635947884,0.021678118033694314,0.03875443782122968
bavaria,2022.0027397260274,0.03936849891971599,0.05470676712602247,0.06341625372006618,0.09484083575195136,0.10983591768624573,0.13043384974296926,0.13286840563972904,0.12832260340108276,0.14560085226544503,0.16774667609557303,0.14535055300440333,0.16705806282364905,0.1310281419512813,0.126586753954684,0.11920613124435453,0.1664424920121314,0.14613795682961114,0.16870135958005347,0.1419768451118315,0.1401310450237787,0.1551079015198143,0.15502445304362922,0.16149210695865934,0.1598803340750614,0.15810692001911975,0.15571812257199352,0.1597082059429235,0.16642162533265653,0.1690926283669165,0.14785881463928183,0.14567907103160052,0.1400215504669965,0.12670143291124916,0.13990162812172793,0.11268119890650696,0.11392149841845435,0.12394399534476525,0.12255230071640152,0.1205247673380994,0.13112719131300188,0.1360173364950483,0.120842704363817,0.11234246678784583,0.10159277667393705,0.11457813954875325,0.12144731128412739,0.10791309600835212,0.10512018086542002,0.1029734898444358,0.09970672962455492,0.08491249046235994,0.11158684155129103,0.09822190645592321,0.08948575296663293,0.09628388526309685,0.0935645256944998,0.08513645636665997,0.07752736448385297,0.08777724337464148,0.08106355275208788,0.07195536141051659,0.0646241399032803,0.07409556486533744,0.060136359500577205,0.05978235154179975,0.04545746325929546,0.050558170195738876,0.04922048742477106,0.03851506003534658,0.041335624819509656,0.03992532330342692,0.04885614399465342,0.037021575690936115,0.031974228286176395,0.024638236027031215,0.04024276791037024,0.026745276800109165,0.034175227792043225,0.029429926511545666,0.030111516619658954,0.03846302153205649
