State,Year,Week,week_start,week_start_num,week_end,week_end_num,Sex,A00,A01,A02,A03,A04,A05,A06,A07,A08,A09,A10,A11,A12,A13,A14,A15,A16,A17,A18,A19,A20,A21,A22,A23,A24,A25,A26,A27,A28,A29,A30,A31,A32,A33,A34,A35,A36,A37,A38,A39,A40,A41,A42,A43,A44,A45,A46,A47,A48,A49,A50,A51,A52,A53,A54,A55,A56,A57,A58,A59,A60,A61,A62,A63,A64,A65,A66,A67,A68,A69,A70,A71,A72,A73,A74,A75,A76,A77,A78,A79,A80+
schleswig-holstein,2020,1,2019-12-30,2019.9945205479453,2020-01-05,2020.0109289617487,female,-0,-0,-0,-0,-0,-0,-0,-0,-0,-0,-0,-0,-0,-0,-0,-0,-0,-0,-0,-0,-0,-0,-0,-0,-0,-0,-0,-0,-0,-0,-0,-0,-0,-0,-0,-0,-0,-0,-0,-0,-0,-0,-0,-0,-0,-0,-0,-0,-0,-0,-0,-0,-0,-0,-0,-0,-0,-0,-0,-0,-0,-0,-0,-0,-0,-0,-0,-0,-0,-0,-0,-0,-0,-0,-0,-0,-0,-0,-0,-0,-0
schleswig-holstein,2020,1,2019-12-30,2019.9945205479453,2020-01-05,2020.0109289617487,male,-0,-0,-0,-0,-0,-0,-0,-0,-0,-0,-0,-0,-0,-0,-0,-0,-0,-0,-0,-0,-0,-0,-0,-0,-0,-0,-0,-0,-0,-0,-0,-0,-0,-0,-0,-0,-0,-0,-0,-0,-0,-0,-0,-0,-0,-0,-0,-0,-0,-0,-0,-0,-0,-0,-0,-0,-0,-0,-0,-0,-0,-0,-0,-0,-0,-0,-0,-0,-0,-0,-0,-0,-0,-0,-0,-0,-0,-0,-0,-0,-0
schleswig-holstein,2020,2,2020-01-06,2020.0136612021859,2020-01-12,2020.0300546448088,female,-0,-0,-0,-0,-0,-0,-0,-0,-0,-0,-0,-0,-0,-0,-0,-0,-0,-0,-0,-0,-0,-0,-0,-0,-0,-0,-0,-0,-0,-0,-0,-0,-0,-0,-0,-0,-0,-0,-0,-0,-0,-0,-0,-0,-0,-0,-0,-0,-0,-0,-0,-0,-0,-0,-0,-0,-0,-0,-0,-0,-0,-0,-0,-0,-0,-0,-0,-0,-0,-0,-0,-0,-0,-0,-0,-0,-0,-0,-0,-0,-0
schleswig-holstein,2020,2,2020-01-06,2020.0136612021859,2020-01-12,2020.0300546448088,male,-0,-0,-0,-0,-0,-0,-0,-0,-0,-0,-0,-0,-0,-0,-0,-0,-0,-0,-0,-0,-0,-0,-0,-0,-0,-0,-0,-0,-0,-0,-0,-0,-0,-0,-0,-0,-0,-0,-0,-0,-0,-0,-0,-0,-0,-0,-0,-0,-0,-0,-0,-0,-0,-0,-0,-0,-0,-0,-0,-0,-0,-0,-0,-0,-0,-0,-0,-0,-0,-0,-0,-0,-0,-0,-0,-0,-0,-0,-0,-0,-0
schleswig-holstein,2020,3,2020-01-13,2020.032786885246,2020-01-19,2020.049180327869,female,-0,-0,-0,-0,-0,-0,-0,-0,-0,-0,-0,-0,-0,-0,-0,-0,-0,-0,-0,-0,-0,-0,-0,-0,-0,-0,-0,-0,-0,-0,-0,-0,-0,-0,-0,-0,-0,-0,-0,-0,-0,-0,-0,-0,-0,-0,-0,-0,-0,-0,-0,-0,-0,-0,-0,-0,-0,-0,-0,-0,-0,-0,-0,-0,-0,-0,-0,-0,-0,-0,-0,-0,-0,-0,-0,-0,-0,-0,-0,-0,-0
schleswig-holstein,2020,3,2020-01-13,2020.032786885246,2020-01-19,2020.049180327869,male,-0,-0,-0,-0,-0,-0,-0,-0,-0,-0,-0,-0,-0,-0,-0,-0,-0,-0,-0,-0,-0,-0,-0,-0,-0,-0,-0,-0,-0,-0,-0,-0,-0,-0,-0,-0,-0,-0,-0,-0,-0,-0,-0,-0,-0,-0,-0,-0,-0,-0,-0,-0,-0,-0,-0,-0,-0,-0,-0,-0,-0,-0,-0,-0,-0,-0,-0,-0,-0,-0,-0,-0,-0,-0,-0,-0,-0,-0,-0,-0,-0
schleswig-holstein,2020,4,2020-01-20,2020.051912568306,2020-01-26,2020.068306010929,female,-0,-0,-0,-0,-0,-0,-0,-0,-0,-0,-0,-0,-0,-0,-0,-0,-0,-0,-0,-0,-0,-0,-0,-0,-0,-0,-0,-0,-0,-0,-0,-0,-0,-0,-0,-0,-0,-0,-0,-0,-0,-0,-0,-0,-0,-0,-0,-0,-0,-0,-0,-0,-0,-0,-0,-0,-0,-0,-0,-0,-0,-0,-0,-0,-0,-0,-0,-0,-0,-0,-0,-0,-0,-0,-0,-0,-0,-0,-0,-0,-0
schleswig-holstein,2020,4,2020-01-20,2020.051912568306,2020-01-26,2020.068306010929,male,-0,-0,-0,-0,-0,-0,-0,-0,-0,-0,-0,-0,-0,-0,-0,-0,-0,-0,-0,-0,-0,-0,-0,-0,-0,-0,-0,-0,-0,-0,-0,-0,-0,-0,-0,-0,-0,-0,-0,-0,-0,-0,-0,-0,-0,-0,-0,-0,-0,-0,-0,-0,-0,-0,-0,-0,-0,-0,-0,-0,-0,-0,-0,-0,-0,-0,-0,-0,-0,-0,-0,-0,-0,-0,-0,-0,-0,-0,-0,-0,-0
schleswig-holstein,2020,5,2020-01-27,2020.0710382513662,2020-02-02,2020.0874316939892,female,-0,-0,-0,-0,-0,-0,-0,-0,-0,-0,-0,-0,-0,-0,-0,-0,-0,-0,-0,-0,-0,-0,-0,-0,-0,-0,-0,-0,-0,-0,-0,-0,-0,-0,-0,-0,-0,-0,-0,-0,-0,-0,-0,-0,-0,-0,-0,-0,-0,-0,-0,-0,-0,-0,-0,-0,-0,-0,-0,-0,-0,-0,-0,-0,-0,-0,-0,-0,-0,-0,-0,-0,-0,-0,-0,-0,-0,-0,-0,-0,-0
schleswig-holstein,2020,5,2020-01-27,2020.0710382513662,2020-02-02,2020.0874316939892,male,-0,-0,-0,-0,-0,-0,-0,-0,-0,-0,-0,-0,-0,-0,-0,-0,-0,-0,-0,-0,-0,-0,-0,-0,-0,-0,-0,-0,-0,-0,-0,-0,-0,-0,-0,-0,-0,-0,-0,-0,-0,-0,-0,-0,-0,-0,-0,-0,-0,-0,-0,-0,-0,-0,-0,-0,-0,-0,-0,-0,-0,-0,-0,-0,-0,-0,-0,-0,-0,-0,-0,-0,-0,-0,-0,-0,-0,-0,-0,-0,-0
schleswig-holstein,2020,6,2020-02-03,2020.0901639344263,2020-02-09,2020.1065573770493,female,-0,-0,-0,-0,-0,-0,-0,-0,-0,-0,-0,-0,-0,-0,-0,-0,-0,-0,-0,-0,-0,-0,-0,-0,-0,-0,-0,-0,-0,-0,-0,-0,-0,-0,-0,-0,-0,-0,-0,-0,-0,-0,-0,-0,-0,-0,-0,-0,-0,-0,-0,-0,-0,-0,-0,-0,-0,-0,-0,-0,-0,-0,-0,-0,-0,-0,-0,-0,-0,-0,-0,-0,-0,-0,-0,-0,-0,-0,-0,-0,-0
schleswig-holstein,2020,6,2020-02-03,2020.0901639344263,2020-02-09,2020.1065573770493,male,-0,-0,-0,-0,-0,-0,-0,-0,-0,-0,-0,-0,-0,-0,-0,-0,-0,-0,-0,-0,-0,-0,-0,-0,-0,-0,-0,-0,-0,-0,-0,-0,-0,-0,-0,-0,-0,-0,-0,-0,-0,-0,-0,-0,-0,-0,-0,-0,-0,-0,-0,-0,-0,-0,-0,-0,-0,-0,-0,-0,-0,-0,-0,-0,-0,-0,-0,-0,-0,-0,-0,-0,-0,-0,-0,-0,-0,-0,-0,-0,-0
schleswig-holstein,2020,7,2020-02-10,2020.1092896174864,2020-02-16,2020.1256830601094,female,-0,-0,-0,-0,-0,-0,-0,-0,-0,-0,-0,-0,-0,-0,-0,-0,-0,-0,-0,-0,-0,-0,-0,-0,-0,-0,-0,-0,-0,-0,-0,-0,-0,-0,-0,-0,-0,-0,-0,-0,-0,-0,-0,-0,-0,-0,-0,-0,-0,-0,-0,-0,-0,-0,-0,-0,-0,-0,-0,-0,-0,-0,-0,-0,-0,-0,-0,-0,-0,-0,-0,-0,-0,-0,-0,-0,-0,-0,-0,-0,-0
schleswig-holstein,2020,7,2020-02-10,2020.1092896174864,2020-02-16,2020.1256830601094,male,-0,-0,-0,-0,-0,-0,-0,-0,-0,-0,-0,-0,-0,-0,-0,-0,-0,-0,-0,-0,-0,-0,-0,-0,-0,-0,-0,-0,-0,-0,-0,-0,-0,-0,-0,-0,-0,-0,-0,-0,-0,-0,-0,-0,-0,-0,-0,-0,-0,-0,-0,-0,-0,-0,-0,-0,-0,-0,-0,-0,-0,-0,-0,-0,-0,-0,-0,-0,-0,-0,-0,-0,-0,-0,-0,-0,-0,-0,-0,-0,-0
schleswig-holstein,2020,8,2020-02-17,2020.1284153005465,2020-02-23,2020.1448087431695,female,-0,-0,-0,-0,-0,-0,-0,-0,-0,-0,-0,-0,-0,-0,-0,-0,-0,-0,-0,-0,-0,-0,-0,-0,-0,-0,-0,-0,-0,-0,-0,-0,-0,-0,-0,-0,-0,-0,-0,-0,-0,-0,-0,-0,-0,-0,-0,-0,-0,-0,-0,-0,-0,-0,-0,-0,-0,-0,-0,-0,-0,-0,-0,-0,-0,-0,-0,-0,-0,-0,-0,-0,-0,-0,-0,-0,-0,-0,-0,-0,-0
schleswig-holstein,2020,8,2020-02-17,2020.1284153005465,2020-02-23,2020.1448087431695,male,-0,-0,-0,-0,-0,-0,-0,-0,-0,-0,-0,-0,-0,-0,-0,-0,-0,-0,-0,-0,-0,-0,-0,-0,-0,-0,-0,-0,-0,-0,-0,-0,-0,-0,-0,-0,-0,-0,-0,-0,-0,-0,-0,-0,-0,-0,-0,-0,-0,-0,-0,-0,-0,-0,-0,-0,-0,-0,-0,-0,-0,-0,-0,-0,-0,-0,-0,-0,-0,-0,-0,-0,-0,-0,-0,-0,-0,-0,-0,-0,-0
schleswig-holstein,2020,9,2020-02-24,2020.1475409836066,2020-03-01,2020.1639344262296,female,-0,-0,-0,-0,-0,-0,-0,-0,-0,-0,-0,-0,-0,-0,-0,-0,-0,-0,-0,-0,-0,-0,-0,-0,-0,-0,-0,-0,-0,-0,-0,-0,-0,-0,-0,-0,-0,-0,-0,-0,-0,-0,-0,-0,-0,-0,-0,-0,-0,-0,-0,-0,-0,-0,-0,-0,-0,-0,-0,-0,-0,-0,-0,-0,-0,-0,-0,-0,-0,-0,-0,-0,-0,-0,-0,-0,-0,-0,-0,-0,-0
schleswig-holstein,2020,9,2020-02-24,2020.1475409836066,2020-03-01,2020.1639344262296,male,-0,-0,-0,-0,-0,-0,-0,-0,-0,-0,-0,-0,-0,-0,-0,-0,-0,-0,-0,-0,-0,-0,-0,-0,-0,-0,-0,-0,-0,-0,-0,-0,-0,-0,-0,-0,-0,-0,-0,-0,-0,-0,-0,-0,-0,-0,-0,-0,-0,-0,0.002438857191646164,-0,-0,-0,-0,-0,-0,-0,-0,-0,-0,-0,-0,-0,0.0029484835903008004,-0,-0,-0,-0,-0,-0,-0,-0,-0,-0,-0,-0,-0,-0,-0,-0
schleswig-holstein,2020,10,2020-03-02,2020.1666666666667,2020-03-08,2020.1830601092897,female,-0,-0,-0,-0,-0,-0,-0,-0,-0,-0,-0,-0,-0,-0,-0,-0,-0,-0,-0,-0,-0,-0,-0,-0,0.0034061115513737876,0.003541320583335314,-0,-0,-0,-0,-0,0.003135694542141295,-0,-0,-0,-0,-0,-0,-0,-0,-0,-0,-0,-0,-0,-0,-0,-0,-0,-0,-0,-0,-0,-0,-0,-0,-0,-0,0.002142444134650337,-0,-0,-0,0.002542862173487819,-0,-0,-0,-0,0.002995286265072126,-0,-0,-0,-0,-0,-0,-0,-0,-0,-0,-0,-0,-0
schleswig-holstein,2020,10,2020-03-02,2020.1666666666667,2020-03-08,2020.1830601092897,male,-0,-0,-0,-0,-0,-0,-0,-0,-0,-0,-0,-0,-0,-0,-0,-0,-0,-0,-0,-0,-0,-0,-0,-0,-0,-0,-0,-0,-0,-0,-0,-0,-0,-0,-0,-0,-0,-0,-0,-0,-0,-0,-0,-0,-0,-0,-0,-0,0.0028756795132703814,-0,-0,-0,-0,-0,-0,-0,-0,-0,-0,-0,-0,-0,-0,-0,-0,-0,-0,-0,-0,-0,-0,-0,-0,-0,-0,-0,-0,-0,-0,-0,-0
schleswig-holstein,2020,11,2020-03-09,2020.1857923497269,2020-03-15,2020.2021857923498,female,-0,-0,-0,-0,-0,-0,-0,0.004201769753783715,-0,-0,-0,0.0041653668251699465,-0,-0,-0,-0,-0,-0,-0,-0,-0,0.0035205191709188123,-0,0.006911259263350734,-0,-0,0.0035101184678309845,-0,0.003369709179755342,-0,0.0030888917409951843,-0,0.003073290816637081,0.00619876945399884,0.003125293916023304,-0,0.0031616961165344864,0.0031044926700280707,0.0029536838854148113,0.008882358575019015,0.0028860800894626015,-0,0.006136362052479218,0.0030576898969653043,-0,0.0031200936037415155,0.0031148932919855626,0.003016087467382218,-0,0.002485659407735331,0.00962609092220405,0.008653519992832884,-0,0.0019708373476054787,0.0019604369544703195,0.0019812377428207965,0.003993753362091565,-0,0.0064327978767492475,0.004399386096655418,0.002303651026246831,0.00238165454030451,-0,-0,-0,0.002813276099801863,-0,-0,-0,-0,0.002995286265072126,-0,-0,-0,0.003629726678935282,-0,0.0033853101930444904,-0,0.0035049181170700625,-0,-0
schleswig-holstein,2020,11,2020-03-09,2020.1857923497269,2020-03-15,2020.2021857923498,male,-0,-0,-0,-0,-0,-0,-0,0.003983352564350079,-0,0.004056158192227219,-0,-0,-0,-0,-0,-0,-0,-0,-0,-0,-0,-0,0.0031772970674157778,-0,0.0031460951703395374,-0,0.003166896432976778,-0,0.006240374429955163,0.0030472892864491677,0.0057567186402568615,-0,-0,0.005839927918087977,0.006063553512041092,-0,0.003182497385412486,0.006261176930416317,0.0030524895914443187,0.006125960826174338,0.006058352905907412,0.006375590831702886,0.006261176930416317,0.009568880363990994,0.003166896432976778,0.003218899625968554,0.009662497673834302,0.009386847188447992,0.0028756795132703814,-0,0.007316914757024442,0.006614820711516403,0.0020852418093770505,0.008008616679312571,-0,0.00821144831090872,0.006021948677558128,-0,0.004414987418870811,0.002272449653385527,-0,0.00497663813593485,0.002646867363344045,0.002787274699628602,0.0029484835903008004,-0,-0,0.0032553018920135506,-0,-0,-0,-0,-0,-0,0.004217371016703511,-0,-0,-0,0.0042433731319792235,0.0036141255923162635,-0
schleswig-holstein,2020,12,2020-03-16,2020.204918032787,2020-03-22,2020.22131147541,female,-0,-0,-0,-0,-0,-0,-0,-0,-0,-0,-0,-0,-0,-0,-0,0.008065825520937807,-0,-0,-0,0.010941951133631368,0.006926861339210263,0.014083506992924363,0.013937867757715891,0.013823437216201025,0.017043192679666256,0.03897820500888205,0.010525865253503073,0.006802044863431811,0.01348014710254662,0.013095248761019083,0.0030888917409951843,0.003135694542141295,0.012289052008682562,0.003099292359832304,0.00625077567914549,0.012746762179525249,0.009485665118961466,0.012424284139840888,0.005907535554375335,-0,0.008653519992832884,0.006089556550493997,-0,0.012237039744194867,0.0030212877692570046,-0,0.0031148932919855626,0.003016087467382218,0.011082380869623426,0.002485659407735331,0.016845528280604895,0.0021632449958065873,0.008154239309067744,0.011841748234208584,0.01371940966970946,0.0039625509751080625,0.005990745073540965,0.008123034425508342,0.012861190351738811,0.006599218729286997,0.002303651026246831,0.007145290892723908,0.00763416036108147,-0,0.005486289406854119,0.008440284947649665,0.00845588748228475,0.00898637644528638,0.003000486564872446,0.009105997253326543,-0,0.006125960826174338,-0,-0,0.003629726678935282,0.004394185656960979,0.0033853101930444904,-0,0.0035049181170700625,-0,0.0011752132799592396
schleswig-holstein,2020,12,2020-03-16,2020.204918032787,2020-03-22,2020.22131147541,male,-0,-0,0.0038689439265003588,-0,0.003775337046391954,-0,-0,0.007961809492070508,-0,0.004056158192227219,-0,-0,-0,-0,-0,0.003806539321038674,-0,0.007290911104813628,-0,0.00686445306387115,0.006443199164428961,-0,0.009537674631497036,0.015259038610442869,0.006297581326245275,0.016153708800865068,0.0063339857475604045,0.003140894855977498,0.006240374429955163,0.012185027531725881,0.008637917398898307,0.005949140297311455,0.011389247168088262,0.005839927918087977,0.012127814158101031,0.0031720967499333595,0.006359988921251389,0.006261176930416317,0.0030524895914443187,0.0030628902030005773,0.009090394523631421,0.006375590831702886,0.009392048127474796,0.003187697703935032,0.003166896432976778,0.009652095742195298,0.009662497673834302,0.0031304942288193816,0.011498471202837403,0.010255411216783925,0.014629657757849308,0.006614820711516403,0.016673872964677133,0.020029056842473216,0.008003415878652047,0.018484084816465865,0.012039393613587837,0.0062923806967118065,0.004414987418870811,0.01137364375328337,0.007207699505114218,0.002485659407735331,0.010588277923271066,0.008367473181271885,0.005897134373841046,0.006120760213804969,-0,0.009766517104661232,-0,0.006656426020355008,0.013396925598107463,-0,0.007072480939606985,0.0038481423830252345,-0,0.015961249379015705,0.008024219084426654,0.0039417493941873135,0.0042433731319792235,0.007223301669917921,0.005340674248317607
schleswig-holstein,2020,13,2020-03-23,2020.224043715847,2020-03-29,2020.24043715847,female,-0,-0,-0,0.00807622713526865,-0,-0,-0,-0,0.004160166408873586,0.008445485792009783,-0,-0,-0,-0,-0,0.008065825520937807,-0,-0,0.007530145195667328,0.01823959850057322,0.013854645520731757,0.010562272635097854,0.010453050566778655,0.020736534102819698,0.010224205072293177,0.02479951267375945,0.014036694337124405,0.01700678076022049,0.010109782702722362,0.022916248820422,0.009267225734339593,0.012554315366835196,0.009220417414162218,0.00929843130453477,0.012502302837021037,0.003187697703935032,0.012647938051614436,0.006209170694867175,0.026578791459724534,0.014806507806412532,0.008653519992832884,0.015222627940297821,0.009210015570955302,0.006120760213804969,0.0030212877692570046,0.018723370408923815,0.021818576766514677,0.003016087467382218,0.011082380869623426,0.012434686626035387,0.021662511531247507,0.01946724352195112,0.010187797927392828,0.013813034452186325,0.01371940966970946,0.009912144657398491,0.019977036835577063,0.014213542369049356,0.017152428590972393,0.015394278465626382,0.0069164599547856965,0.021433616700117793,0.00763416036108147,0.012866391638280074,0.016460605028178192,0.005626704410198463,0.005637105536640755,0.00898637644528638,0.015014567457114875,0.009105997253326543,0.01498335845643818,0.015311053897737304,0.01251270533882302,0.010219004050034989,0.018151167563010037,0.030772303345097687,0.0135529660281875,0.013303301564821176,0.0035049181170700625,0.008892760352683118,0.01136844261605168
schleswig-holstein,2020,13,2020-03-23,2020.224043715847,2020-03-29,2020.24043715847,male,-0,-0,-0,0.011430856297132374,-0,-0,-0,-0,0.0039209478215878266,-0,0.0038481423830252345,0.003863743539848575,0.0038533427681110123,-0,0.003806539321038674,-0,0.003655728500360734,0.010931548946051022,0.007062079526054584,0.00686445306387115,0.006443199164428961,0.006203970074175833,0.019077098953877037,0.015259038610442869,0.015742782790398663,0.01292360582453632,0.01266354184879604,0.01571677492432171,0.012476296591617569,0.006089556550493997,0.0028808798011093497,0.017844261358116783,0.019935420867528926,0.0204504208162636,0.006063553512041092,0.019030281802415137,0.009542875585615106,0.01565435609880213,0.009163207302270403,0.006125960826174338,0.018177176646680372,0.02551225739274845,0.012528309095424985,0.003187697703935032,-0,-0,0.003218899625968554,0.015649154533393755,0.014374786687046262,0.007691368790742345,0.019508859115309377,0.006614820711516403,0.008336268169746136,0.018026324142464724,0.008003415878652047,0.014374786687046262,0.018062736775831804,0.010484256848604085,0.013246086960794733,0.013646590510986694,0.021631298540399815,0.014926142003848475,0.015883225492003324,0.00557989936695659,0.011789736417122243,0.006120760213804969,0.006240374429955163,0.009766517104661232,0.023176364077494654,0.009979757588370606,0.006698031362482135,0.010104581691902875,0.0212255313643211,0.011540080419280044,0.008440284947649665,0.005319872116098456,0.012039393613587837,0.015779193824760788,0.02547063699459589,0.010837929351467157,0.017209647493235516
schleswig-holstein,2020,14,2020-03-30,2020.2431693989072,2020-04-05,2020.25956284153,female,-0,-0,0.004076959818915024,-0,-0,-0,-0,-0,0.004160166408873586,-0,-0,-0,-0,-0,0.008117833613398493,0.008065825520937807,0.0038845450895646266,0.003837741614408134,0.0037649362923369853,0.02188620518059192,-0,0.014083506992924363,0.013937867757715891,0.010364632869976964,0.010224205072293177,0.014171931013309177,0.02105906369521445,0.020408804469361337,0.02022153132046957,0.01964411002375528,0.0061779669785036575,0.009412851888795442,0.003073290816637081,0.0123982779334561,0.018754581654336435,0.019118714235009465,0.009485665118961466,0.024846335019722523,0.011810541137713943,0.02073133202901571,-0,0.015222627940297821,0.003068090509561685,0.012237039744194867,0.015102993060748082,0.006240374429955163,0.015581534230392942,0.018099149434690816,0.019399618253764822,0.022380415491793343,0.00962609092220405,0.012980820073743847,0.014265556610544404,0.013813034452186325,0.015680363933660242,0.02181337458445638,0.013979478926148921,0.014213542369049356,0.025725562456160974,0.013194073739032261,0.009220417414162218,0.021433616700117793,0.00763416036108147,0.005148254842817696,-0,0.008440284947649665,0.005637105536640755,0.002995286265072126,0.006006346873211892,-0,0.002995286265072126,0.006125960826174338,-0,0.010219004050034989,0.01088994021653837,0.00878874266967398,0.0135529660281875,0.0166322596400894,0.017526953457563752,0.026682844734998726,0.017641392149282988
schleswig-holstein,2020,14,2020-03-30,2020.2431693989072,2020-04-05,2020.25956284153,male,-0,-0,-0,0.0038117397019696124,0.003775337046391954,-0,0.007847392100623672,-0,-0,-0,-0,-0,-0,0.007498940686620647,-0,-0,-0,0.007290911104813628,0.0035309198760869213,0.013735013788414154,0.009662497673834302,0.009308833165427983,0.015893628670174555,0.009158006386131764,0.006297581326245275,0.01292360582453632,0.003166896432976778,0.022005855667115312,0.018718168536506805,0.012185027531725881,0.0028808798011093497,0.005949140297311455,0.005694311769258563,0.01460885190932469,0.009095595433007688,0.009516870820243991,0.006359988921251389,0.009392048127474796,0.009163207302270403,0.012247442192931599,0.012117411733295511,0.009563679407277743,0.006261176930416317,0.009568880363990994,0.0126687431155676,0.003218899625968554,0.009662497673834302,0.009386847188447992,0.008627515672217152,0.02051804745101276,0.0048778287737478,0.0088199479527293,0.025012814813486828,0.022031866678875005,0.008003415878652047,0.018484084816465865,0.020065470878261472,0.018874224935293928,0.017662199211200397,0.013646590510986694,0.009610488036446993,0.007462535449723384,0.005293869462529797,0.008367473181271885,0.005897134373841046,0.0030576898969653043,0.012481497839660073,0.006510807585062592,0.003312505504420438,0.019966632840442634,0.02680250625897188,0.006739636737892064,-0,0.015383875387355223,-0,0.02660480475902166,0.012039393613587837,0.019722139554030384,0.0212255313643211,0.014452808310744417,0.01898866659205455
schleswig-holstein,2020,15,2020-04-06,2020.2622950819673,2020-04-12,2020.27868852459,female,-0,-0,0.004076959818915024,-0,-0,-0,-0,-0,-0,0.008445485792009783,-0,-0,0.0039625509751080625,-0,0.004061358598116162,0.0040301561705664,0.0038845450895646266,0.003837741614408134,0.015066582499860964,0.014593247528391407,0.006926861339210263,0.010562272635097854,0.027879472366243843,0.006911259263350734,0.017043192679666256,0.014171931013309177,0.014036694337124405,0.013604979608929159,0.010109782702722362,0.006547212155654591,0.009267225734339593,0.00627677881122061,0.012289052008682562,0.018598525614607966,0.003125293916023304,0.009558478451078909,0.012647938051614436,0.0031044926700280707,0.005907535554375335,0.005923137329074769,0.008653519992832884,0.015222627940297821,0.009210015570955302,0.009178810053818976,0.018125158492343005,0.0031200936037415155,0.009350440629802517,0.018099149434690816,0.0055434954735562566,0.007457334703679101,0.007218100947794619,0.0021632449958065873,0.006115559601955722,0.02368619375576613,0.007836990532066834,0.017844261358116783,0.0019968383395411833,0.014213542369049356,0.004284976543460163,0.008799144428611716,0.011524476959215213,0.007145290892723908,0.005091049210924473,0.007717372643216724,0.005486289406854119,0.008440284947649665,0.014093909811048093,0.00898637644528638,0.018015920537615346,-0,0.0059959456729130785,0.006125960826174338,0.006255976304517954,0.0068124462249703355,0.007259706739321996,-0,0.0135529660281875,0.009979757588370606,0.0035049181170700625,0.00592833792167956,0.015680363933660242
schleswig-holstein,2020,15,2020-04-06,2020.2622950819673,2020-04-12,2020.27868852459,male,-0,-0,0.0038689439265003588,-0,-0,0.0038533427681110123,-0,0.003983352564350079,-0,-0,-0,-0,-0,-0,-0,-0,0.003655728500360734,0.00364532777022918,-0,0.00686445306387115,-0,0.0031044926700280707,0.0031772970674157778,0.00610515837981182,0.012590724168666974,0.006458801099852386,0.01266354184879604,0.009428454715250788,0.012476296591617569,0.012185027531725881,0.0057567186402568615,0.0089187648059436,0.014239549483293321,0.008762738281435603,0.009095595433007688,0.006344387015475263,0.006359988921251389,0.006261176930416317,0.012216234852964341,0.015311053897737304,0.006058352905907412,-0,0.006261176930416317,0.006380791469564156,0.009501267967258987,0.0064327978767492475,0.009662497673834302,0.006255976304517954,0.008627515672217152,0.00512745278757404,0.012190228750628793,0.004409786977610334,0.00625077567914549,0.004004154161913369,0.006001146272799539,0.022588505449082363,0.012039393613587837,0.008388276532692397,0.002210046963827805,0.009100796342909912,0.01201338759969349,0.012439887869910123,0.007941006311263562,0.008367473181271885,0.008840751485169706,0.012237039744194867,-0,0.0032553018920135506,0.01655423474624765,0.013308502895578911,-0,0.016845528280604895,0.0035361202294481955,0.007691368790742345,0.004217371016703511,-0,0.008024219084426654,0.011831345866629425,-0,0.007223301669917921,0.009496067017308214
schleswig-holstein,2020,16,2020-04-13,2020.2814207650274,2020-04-19,2020.2978142076502,female,0.0043161791239144645,-0,-0,-0,-0,0.00816984175787542,0.00404055697766933,0.004201769753783715,-0,-0,-0,-0,0.007930604723981044,-0,-0,-0,0.0038845450895646266,-0,0.007530145195667328,0.010941951133631368,0.003463315329682109,0.0035205191709188123,0.010453050566778655,0.006911259263350734,0.01363098641881596,0.014171931013309177,0.007020473892650622,0.010203400986370103,0.006739636737892064,-0,0.0061779669785036575,0.003135694542141295,0.003073290816637081,0.01549830936280587,-0,-0,-0,-0,0.008856354139958982,0.005923137329074769,-0,-0,0.009210015570955302,0.0030576898969653043,0.006042751090638643,0.0031200936037415155,0.015581534230392942,0.009048787267324722,0.00277167386576647,0.002485659407735331,0.00962609092220405,0.006490004984736952,0.008154239309067744,0.005917936736990098,0.015680363933660242,0.0039625509751080625,0.011982180400191667,0.004061358598116162,-0,0.006599218729286997,0.0069164599547856965,0.007145290892723908,0.005091049210924473,0.005148254842817696,-0,0.002813276099801863,-0,0.002995286265072126,-0,0.006068754118689121,0.011987381598810925,0.0030628902030005773,0.0031304942288193816,0.0034061115513737876,0.007259706739321996,0.02197984466836663,0.006776041468690766,0.0066512253549268294,0.014021090127885627,0.0029640844772087834,0.01646580667475668
schleswig-holstein,2020,16,2020-04-13,2020.2814207650274,2020-04-19,2020.2978142076502,male,0.004160166408873586,0.004004154161913369,-0,-0,-0,0.0038533427681110123,-0,-0,-0,-0,0.0038481423830252345,-0,-0,-0,0.003806539321038674,-0,-0,0.007290911104813628,0.007062079526054584,0.0034321132609840565,0.009662497673834302,0.0031044926700280707,-0,-0,0.012590724168666974,0.0032293002708088333,-0,0.003140894855977498,-0,0.0030472892864491677,0.0028808798011093497,0.005949140297311455,0.005694311769258563,0.005839927918087977,0.003031688374572533,-0,0.003182497385412486,-0,0.0030524895914443187,-0,0.003031688374572533,0.003187697703935032,0.0031304942288193816,0.003187697703935032,0.003166896432976778,0.009652095742195298,0.003218899625968554,0.0031304942288193816,0.0028756795132703814,0.00512745278757404,0.007316914757024442,-0,0.00625077567914549,0.002002038539491907,0.012002985197778588,0.006162365127346456,0.006021948677558128,0.004191368914435681,0.002210046963827805,0.002272449653385527,0.004805021995434633,0.002485659407735331,0.005293869462529797,0.00557989936695659,-0,0.006120760213804969,0.0031200936037415155,0.0032553018920135506,0.003312505504420438,-0,-0,0.006739636737892064,0.007072480939606985,-0,-0,0.005319872116098456,0.008024219084426654,0.007888998395657308,0.0042433731319792235,-0,0.008897961242292548
schleswig-holstein,2020,17,2020-04-20,2020.3005464480875,2020-04-26,2020.3169398907103,female,-0,0.004232972284309839,-0,-0,-0,-0,-0,-0,-0,0.004222571438720794,0.004082160226884292,-0,-0,0.007993014278885702,0.004061358598116162,0.0040301561705664,-0,0.007680967253394826,0.0037649362923369853,0.007296111834213189,0.003463315329682109,0.010562272635097854,0.006968466897708303,-0,0.0034061115513737876,-0,0.0035101184678309845,-0,0.003369709179755342,0.013095248761019083,0.009267225734339593,-0,0.006146763280864589,0.003099292359832304,0.00625077567914549,0.003187697703935032,0.006323584481731828,0.00931403409665198,0.005907535554375335,0.005923137329074769,-0,0.003042088981968304,0.003068090509561685,0.006120760213804969,0.009059189078280308,0.0031200936037415155,-0,-0,-0,-0,0.004810222476222118,0.004326579988220815,0.004076959818915024,0.0019708373476054787,0.0019604369544703195,0.0019812377428207965,-0,0.006089556550493997,0.0064327978767492475,0.002199646522854582,0.011524476959215213,0.00238165454030451,0.005091049210924473,0.0025740637086042453,-0,0.008440284947649665,0.0028184763814001475,0.002995286265072126,0.003000486564872446,0.006068754118689121,0.011987381598810925,0.0030628902030005773,0.009386847188447992,-0,-0,0.004394185656960979,0.006776041468690766,0.003328106500541602,0.0035049181170700625,0.00592833792167956,0.009407650947687885
schleswig-holstein,2020,17,2020-04-20,2020.3005464480875,2020-04-26,2020.3169398907103,male,-0,0.004004154161913369,-0,-0,-0,-0,-0,-0,-0,0.008112632801814583,-0,-0,-0,-0,-0,0.003806539321038674,0.003655728500360734,0.00364532777022918,-0,0.0034321132609840565,0.003218899625968554,-0,0.0031772970674157778,-0,0.0031460951703395374,-0,-0,0.006287180067692691,0.009355641565193784,-0,0.0028808798011093497,0.005949140297311455,0.0028496780818937227,0.008762738281435603,-0,0.0031720967499333595,0.003182497385412486,-0,0.0030524895914443187,0.0030628902030005773,-0,0.003187697703935032,-0,0.006380791469564156,-0,0.0064327978767492475,-0,-0,0.0028756795132703814,-0,-0,0.004409786977610334,0.004170567241980617,-0,0.002002038539491907,-0,0.002007238739956898,0.004191368914435681,0.0066252220356052575,0.0045501990741136835,-0,0.002485659407735331,-0,0.002787274699628602,-0,0.0030576898969653043,0.006240374429955163,0.0032553018920135506,0.00662002137330365,-0,-0,-0,0.0035361202294481955,0.0038481423830252345,0.012658340582550512,0.005319872116098456,0.004014554963815496,0.0039417493941873135,0.0042433731319792235,0.007223301669917921,0.009496067017308214
schleswig-holstein,2020,18,2020-04-27,2020.3196721311476,2020-05-03,2020.3360655737704,female,-0,-0,-0,-0,-0,-0,-0,-0,-0,-0,-0,-0,-0,-0,-0,-0,0.0038845450895646266,0.003837741614408134,-0,-0,0.003463315329682109,-0,-0,0.0034529146380358157,-0,-0,-0,0.006802044863431811,-0,0.006547212155654591,0.009267225734339593,0.003135694542141295,0.003073290816637081,0.003099292359832304,0.00625077567914549,0.006370390194367517,0.009485665118961466,-0,0.0029536838854148113,-0,0.0028860800894626015,-0,0.006136362052479218,0.0030576898969653043,0.009059189078280308,-0,-0,0.003016087467382218,0.00277167386576647,0.009943350614610848,0.00962609092220405,0.0021632449958065873,-0,-0,0.0039209478215878266,0.0019812377428207965,0.005990745073540965,0.006089556550493997,0.004284976543460163,-0,-0,-0,0.002542862173487819,0.0025740637086042453,-0,-0,0.0028184763814001475,0.002995286265072126,-0,-0,-0,-0,-0,-0,-0,0.00878874266967398,0.0033853101930444904,-0,-0,-0,0.0050962497203174036
schleswig-holstein,2020,18,2020-04-27,2020.3196721311476,2020-05-03,2020.3360655737704,male,0.004160166408873586,-0,-0,-0,-0,-0,-0,-0,-0,0.004056158192227219,-0,-0,-0,-0,-0,0.003806539321038674,-0,-0,-0,0.010302220468631015,0.009662497673834302,0.0031044926700280707,0.0031772970674157778,-0,0.006297581326245275,0.01292360582453632,0.0063339857475604045,0.012575120393330197,-0,0.006089556550493997,0.0057567186402568615,-0,-0,0.005839927918087977,0.009095595433007688,0.0031720967499333595,0.003182497385412486,0.012523107842706004,-0,-0,0.003031688374572533,0.0127519634546151,-0,0.006380791469564156,-0,0.0064327978767492475,0.003218899625968554,-0,-0,0.010255411216783925,0.002438857191646164,0.006614820711516403,-0,-0,-0,0.0020540405675667285,0.002007238739956898,0.0062923806967118065,0.002210046963827805,-0,0.0024024554971491235,0.002485659407735331,-0,-0,-0,-0,-0,-0,0.003312505504420438,-0,-0,0.003369709179755342,-0,-0,0.004217371016703511,0.005319872116098456,0.004014554963815496,-0,-0,-0,0.0023712540650024897
schleswig-holstein,2020,19,2020-05-04,2020.3387978142077,2020-05-10,2020.3551912568305,female,-0,-0,0.004076959818915024,-0,0.003926148213960467,-0,-0,-0,-0,-0,-0,-0,0.0039625509751080625,-0,-0,0.0040301561705664,-0,0.003837741614408134,-0,-0,0.003463315329682109,0.0035205191709188123,0.0034841167192155285,-0,-0,-0,0.0035101184678309845,-0,0.003369709179755342,0.003270902870972542,0.0030888917409951843,0.009412851888795442,0.003073290816637081,0.003099292359832304,-0,0.006370390194367517,-0,0.0031044926700280707,0.005907535554375335,0.0029588841810546545,0.005772320369706133,-0,0.003068090509561685,0.0030576898969653043,0.0030212877692570046,-0,-0,0.009048787267324722,0.00277167386576647,0.002485659407735331,0.002407655737663283,-0,0.008154239309067744,-0,0.0039209478215878266,0.0019812377428207965,-0,0.002028039547028811,-0,0.004399386096655418,0.004607404111015946,-0,0.002542862173487819,-0,-0,0.002813276099801863,0.0028184763814001475,-0,-0,-0,0.002995286265072126,0.0030628902030005773,-0,-0,-0,-0,-0,-0,0.007010072489501038,-0,0.0050962497203174036
schleswig-holstein,2020,19,2020-05-04,2020.3387978142077,2020-05-10,2020.3551912568305,male,-0,-0,0.0038689439265003588,-0,-0,-0,-0,-0,-0,0.004056158192227219,0.0038481423830252345,-0,0.0038533427681110123,0.003749335165157985,-0,0.003806539321038674,0.007306513294578523,0.00364532777022918,-0,0.00686445306387115,0.006443199164428961,-0,0.009537674631497036,0.0030524895914443187,0.0031460951703395374,0.01292360582453632,0.0063339857475604045,0.009428454715250788,0.006240374429955163,0.0030472892864491677,0.0028808798011093497,0.0089187648059436,0.0085443019336265,0.005839927918087977,0.006063553512041092,0.0031720967499333595,0.003182497385412486,-0,-0,0.0030628902030005773,0.003031688374572533,0.006375590831702886,0.0031304942288193816,0.012762366006361344,0.0063339857475604045,0.01930598341224335,-0,0.009386847188447992,0.011498471202837403,0.010255411216783925,0.0048778287737478,0.0088199479527293,0.004170567241980617,0.004004154161913369,0.006001146272799539,0.006162365127346456,0.004014554963815496,0.0062923806967118065,0.0066252220356052575,0.0045501990741136835,0.0024024554971491235,0.007462535449723384,-0,-0,0.0029484835903008004,-0,0.0031200936037415155,-0,-0,0.006656426020355008,-0,-0,-0,0.0038481423830252345,0.004217371016703511,0.005319872116098456,-0,-0,0.0042433731319792235,-0,0.0023712540650024897
schleswig-holstein,2020,20,2020-05-11,2020.3579234972678,2020-05-17,2020.3743169398906,female,-0,-0,-0,-0,-0,-0,-0,-0,-0,-0,-0,0.0041653668251699465,-0,-0,0.004061358598116162,-0,-0,-0,0.0037649362923369853,0.00364532777022918,0.003463315329682109,-0,0.006968466897708303,-0,-0,-0,-0,-0,-0,-0,-0,-0,-0,-0,0.003125293916023304,-0,-0,-0,0.0029536838854148113,0.005923137329074769,-0,-0,0.003068090509561685,0.0030576898969653043,-0,-0,0.0031148932919855626,-0,0.00277167386576647,-0,-0,0.0021632449958065873,-0,-0,0.0019604369544703195,-0,0.0019968383395411833,-0,-0,-0,-0,-0,0.005091049210924473,-0,-0,-0,0.0028184763814001475,-0,-0,-0,-0,-0,-0,-0,-0,0.004394185656960979,-0,0.003328106500541602,-0,-0,7.852059283220514e-4
schleswig-holstein,2020,20,2020-05-11,2020.3579234972678,2020-05-17,2020.3743169398906,male,-0,-0,-0,-0,-0,-0,-0,-0,-0,-0,-0,-0,-0,-0,-0,-0,-0,-0,0.0035309198760869213,-0,-0,0.0031044926700280707,-0,0.0030524895914443187,-0,-0,-0,-0,0.006240374429955163,0.006089556550493997,0.0028808798011093497,0.0029744850710829926,-0,0.005839927918087977,-0,-0,-0,0.0031304942288193816,-0,-0,0.003031688374572533,-0,0.0031304942288193816,-0,0.003166896432976778,0.003218899625968554,-0,-0,-0,0.002563663194818565,0.002438857191646164,0.002204846743081171,-0,-0,-0,-0,0.002007238739956898,0.002095642227474157,0.002210046963827805,-0,-0,-0,-0,-0,-0,0.006120760213804969,-0,-0,-0,-0,-0,-0,-0,-0,-0,-0,-0,-0,-0,-0,-0
schleswig-holstein,2020,21,2020-05-18,2020.377049180328,2020-05-24,2020.3934426229507,female,-0,-0,-0,-0,-0,-0,-0,-0,-0,-0,-0,-0,-0,-0,-0,-0,-0,-0,-0,-0,0.006926861339210263,-0,-0,0.0034529146380358157,0.0034061115513737876,-0,-0,-0,0.010109782702722362,-0,-0,0.003135694542141295,0.003073290816637081,0.003099292359832304,-0,0.003187697703935032,-0,-0,-0,0.0029588841810546545,-0,0.003042088981968304,0.003068090509561685,0.006120760213804969,-0,-0,0.0062351738061373,0.003016087467382218,-0,-0,-0,0.0021632449958065873,-0,-0,-0,0.0039625509751080625,-0,0.002028039547028811,0.004284976543460163,-0,0.004607404111015946,0.00238165454030451,-0,-0,-0,-0,-0,-0,-0,-0,-0,-0,-0,0.0034061115513737876,-0,-0,-0,-0,-0,0.00592833792167956,0.0039209478215878266
schleswig-holstein,2020,21,2020-05-18,2020.377049180328,2020-05-24,2020.3934426229507,male,-0,-0,-0,-0,-0,-0,-0,-0,-0,-0,-0,-0,0.0038533427681110123,-0,0.003806539321038674,-0,-0,-0,-0,-0,0.003218899625968554,-0,-0,-0,-0,-0,-0,-0,-0,-0,-0,-0,-0,-0,0.003031688374572533,0.0031720967499333595,-0,-0,-0,-0,-0,-0,0.0031304942288193816,-0,-0,0.0064327978767492475,-0,-0,-0,-0,-0,-0,-0,0.002002038539491907,-0,0.0020540405675667285,0.002007238739956898,0.002095642227474157,-0,0.002272449653385527,-0,-0,-0,-0,-0,-0,-0,-0,-0,-0,-0,-0,-0,0.0038481423830252345,-0,-0,-0,-0,0.0042433731319792235,-0,0.005340674248317607
schleswig-holstein,2020,22,2020-05-25,2020.396174863388,2020-05-31,2020.4125683060108,female,0.0043161791239144645,-0,-0,-0,-0,-0,-0,-0,-0,-0,-0,-0,-0,-0,-0,-0,-0,-0,-0,-0,-0,0.0035205191709188123,0.0034841167192155285,-0,0.0034061115513737876,-0,-0,-0,0.003369709179755342,-0,0.0030888917409951843,-0,-0,-0,-0,-0,0.0031616961165344864,-0,-0,-0,-0,0.003042088981968304,-0,-0,-0,-0,-0,-0,-0,0.002485659407735331,-0,-0,0.0020384399536850103,0.0019708373476054787,-0,0.0019812377428207965,-0,-0,0.002142444134650337,-0,-0,-0,-0,-0,-0,0.002813276099801863,-0,-0,-0,-0,-0,-0,-0,-0,-0,-0,-0,0.003328106500541602,-0,0.0029640844772087834,0.0015652235567344159
schleswig-holstein,2020,22,2020-05-25,2020.396174863388,2020-05-31,2020.4125683060108,male,-0,0.004004154161913369,-0,-0,-0,-0,-0,-0,-0,-0,-0,-0,-0,-0,-0,0.003806539321038674,-0,-0,-0,-0,-0,-0,0.0031772970674157778,-0,0.0031460951703395374,-0,0.003166896432976778,-0,-0,-0,-0,-0,-0,-0,-0,-0,-0,-0,-0,-0,-0,-0,-0,-0,-0,-0,-0,0.0031304942288193816,-0,-0,-0,-0,-0,-0,-0,0.0020540405675667285,-0,0.002095642227474157,-0,0.002272449653385527,-0,0.002485659407735331,0.002646867363344045,-0,0.0029484835903008004,-0,-0,-0,-0,-0,-0,-0,-0,0.0038481423830252345,-0,-0,-0,-0,-0,-0,5.928033789854071e-4
schleswig-holstein,2020,23,2020-06-01,2020.4153005464482,2020-06-07,2020.431693989071,female,-0,-0,-0,-0,-0,-0,-0,-0,-0,-0,-0,-0,-0,-0,-0,-0,-0,-0,-0,0.00364532777022918,-0,-0,-0,-0,-0,-0,0.0035101184678309845,-0,-0,-0,-0,-0,-0,-0,-0,-0,-0,-0,-0,-0,-0,-0,-0,-0,-0,-0,-0,-0,-0,-0,-0,-0,-0,-0,-0,-0,0.0019968383395411833,-0,-0,0.002199646522854582,-0,-0,0.002542862173487819,-0,-0,-0,-0,-0,-0,-0,-0,-0,-0,-0,-0,-0,-0,-0,-0,-0,3.9000146250986754e-4
schleswig-holstein,2020,23,2020-06-01,2020.4153005464482,2020-06-07,2020.431693989071,male,-0,-0,-0,-0,-0,-0,-0,-0,-0,-0,-0,-0,-0,-0,-0,-0,-0,-0,-0,-0,-0,-0,-0,-0,-0,-0,-0,-0,-0,-0,-0,-0,-0,-0,-0,-0,-0,-0,-0,-0,-0,-0,-0,-0,-0,-0,0.003218899625968554,-0,-0,-0,-0,-0,-0,-0,-0,-0,-0,-0,-0,-0,-0,-0,-0,-0,-0,-0,-0,-0,-0,-0,-0,-0,-0,-0,-0,-0,-0,-0,-0,-0,0.001778430411332561
schleswig-holstein,2020,24,2020-06-08,2020.4344262295083,2020-06-14,2020.450819672131,female,-0,-0,-0,-0,-0,-0,-0,-0,-0,-0,-0,-0,-0,-0,-0,-0,-0,-0,-0,-0,-0,-0,-0,-0,-0,-0,-0,-0,-0,-0,0.0030888917409951843,-0,-0,-0,-0,-0,-0,0.0031044926700280707,-0,-0,-0,-0,-0,-0,0.0030212877692570046,-0,-0,-0,-0,-0,-0,-0,0.0020384399536850103,-0,-0,-0,-0,-0,-0,0.002199646522854582,-0,-0,-0,-0,-0,-0,-0,-0,-0,-0,-0,-0,-0,-0,-0,-0,-0,-0,-0,-0,-0
schleswig-holstein,2020,24,2020-06-08,2020.4344262295083,2020-06-14,2020.450819672131,male,-0,0.004004154161913369,-0,-0,-0,-0,-0,-0,-0,-0,-0,0.003863743539848575,-0,-0,-0,-0,-0,-0,-0,-0,-0,-0,-0,-0,-0,-0,-0,-0,-0,-0,-0,-0,-0,-0,-0,-0,-0,-0,-0,-0,-0,-0,-0,-0,-0,-0,-0,-0,-0,-0,-0,-0,-0,-0,-0,-0,-0,-0,-0,-0,-0,0.002485659407735331,-0,-0,-0,-0,-0,-0,-0,0.003328106500541602,-0,0.003369709179755342,-0,-0,-0,-0,-0,-0,-0,-0,-0
schleswig-holstein,2020,25,2020-06-15,2020.4535519125684,2020-06-21,2020.4699453551912,female,-0,-0,0.004076959818915024,-0,-0,-0,-0,-0,-0,-0,-0,-0,-0,-0,-0,-0,-0,-0,0.0037649362923369853,-0,-0,0.0035205191709188123,-0,-0,-0,-0,-0,0.003400911211008475,-0,-0,-0,-0,-0,-0,-0,-0,-0,-0,-0,0.0029588841810546545,-0,0.006089556550493997,-0,-0,-0,-0,-0,-0,-0,-0,-0,-0,-0,-0,-0,-0,0.0019968383395411833,-0,-0,-0,-0,-0,-0,-0,-0,-0,-0,-0,-0,-0,-0,0.0030628902030005773,-0,-0,-0,-0,-0,-0,-0,0.0029640844772087834,3.9000146250986754e-4
schleswig-holstein,2020,25,2020-06-15,2020.4535519125684,2020-06-21,2020.4699453551912,male,-0,-0,-0,-0,-0,-0,-0,-0,-0,-0,-0,-0,0.0038533427681110123,-0,-0,-0,-0,-0,-0,-0,-0,-0,-0,-0,-0,-0,-0,-0,-0,-0,-0,-0,-0,-0,-0,-0,-0,-0,-0,-0,-0,-0,0.0031304942288193816,-0,-0,-0,-0,-0,-0,-0,-0,-0,0.0020852418093770505,-0,-0,-0,-0,-0,-0,-0,-0,-0,-0,-0,-0,0.0030576898969653043,-0,-0,-0,-0,-0,-0,-0,-0,-0,-0,-0,-0,-0,-0,0.0023712540650024897
schleswig-holstein,2020,26,2020-06-22,2020.4726775956285,2020-06-28,2020.4890710382513,female,-0,-0,-0,-0,-0,-0,-0,-0,-0,-0,-0,-0,-0,-0,-0,-0,-0,0.003837741614408134,-0,0.00364532777022918,-0,-0,-0,-0,-0,-0,-0,-0,-0,-0,-0,-0,-0,-0,-0,-0,-0,-0,0.0029536838854148113,-0,-0,-0,-0,-0,-0,-0,-0,-0,-0,-0,-0,-0,-0,-0,-0,-0,-0,-0,-0,-0,-0,-0,-0,-0,-0,-0,-0,-0,-0,-0,-0,-0,-0,-0,-0,-0,-0,-0,-0,-0,3.9000146250986754e-4
schleswig-holstein,2020,26,2020-06-22,2020.4726775956285,2020-06-28,2020.4890710382513,male,-0,-0,-0,-0,-0,-0,-0,-0,-0,-0,-0,-0,-0,-0,-0,-0,-0,-0,-0,-0,0.003218899625968554,-0,-0,-0,-0,-0,-0,-0,-0,-0,-0,-0,0.0028496780818937227,-0,-0,0.0031720967499333595,-0,-0,0.0030524895914443187,0.0030628902030005773,-0,-0,-0,-0,-0,-0,0.006437998520331927,-0,-0,-0,-0,-0,-0,-0,0.002002038539491907,-0,-0,-0,0.004414987418870811,-0,-0,-0,-0,0.002787274699628602,-0,-0,-0,-0,-0,-0,-0,-0,0.0035361202294481955,-0,-0,-0,-0,-0,-0,-0,-0
schleswig-holstein,2020,27,2020-06-29,2020.4918032786886,2020-07-05,2020.5081967213114,female,-0,-0,-0,-0,0.003926148213960467,0.004082160226884292,0.00404055697766933,-0,-0,-0,0.004082160226884292,0.008336268169746136,-0,-0,0.012179826313337437,0.0040301561705664,0.0038845450895646266,-0,-0,-0,0.003463315329682109,-0,-0,-0,0.0034061115513737876,-0,-0,-0,-0,-0,-0,0.003135694542141295,-0,-0,-0,-0,-0,-0,-0,-0,-0,0.006089556550493997,-0,0.0030576898969653043,-0,-0,-0,0.003016087467382218,-0,-0,-0,-0,-0,0.0019708373476054787,-0,-0,0.0019968383395411833,-0,-0,-0,0.002303651026246831,0.00238165454030451,-0,-0,-0,-0,-0,-0,-0,-0,-0,-0,-0,-0,-0,-0,-0,-0,-0,-0,-0
schleswig-holstein,2020,27,2020-06-29,2020.4918032786886,2020-07-05,2020.5081967213114,male,-0,-0,-0,-0,-0,-0,0.0039209478215878266,-0,-0,0.004056158192227219,-0,-0,-0,-0,0.003806539321038674,-0,-0,-0,-0,-0,0.003218899625968554,-0,-0,-0,-0,-0,0.003166896432976778,0.003140894855977498,-0,0.0030472892864491677,0.0028808798011093497,-0,-0,0.002922482122514309,-0,0.0031720967499333595,-0,-0,0.0030524895914443187,-0,-0,-0,-0,-0,-0,0.003218899625968554,-0,0.0031304942288193816,-0,-0,-0,-0,-0,-0,-0,-0,-0,-0,0.002210046963827805,0.002272449653385527,-0,-0,-0,-0,-0,-0,-0,-0,-0,-0,-0,-0,-0,-0,-0,-0,-0,-0,-0,-0,5.928033789854071e-4
schleswig-holstein,2020,28,2020-07-06,2020.5109289617487,2020-07-12,2020.5273224043715,female,-0,-0,-0,-0,-0,-0,-0,-0,-0,0.004222571438720794,-0,-0,-0,-0,-0,-0,0.0038845450895646266,-0,-0,-0,-0,-0,-0,-0,-0,-0,-0,0.003400911211008475,-0,0.003270902870972542,0.0030888917409951843,-0,-0,0.003099292359832304,-0,-0,-0,-0,-0,-0,0.0028860800894626015,0.006089556550493997,-0,-0,-0,-0,-0,-0,-0,-0,-0,-0,-0,-0,-0,-0,-0,-0,-0,-0,-0,-0,-0,-0,-0,-0,-0,-0,-0,-0,-0,-0,-0,-0,-0,-0,0.0033853101930444904,-0,-0,-0,-0
schleswig-holstein,2020,28,2020-07-06,2020.5109289617487,2020-07-12,2020.5273224043715,male,-0,-0,-0,-0,-0,-0,0.0039209478215878266,-0,-0,-0,-0,-0,0.0038533427681110123,-0,-0,-0,-0,0.00364532777022918,-0,0.0034321132609840565,-0,-0,-0,0.0030524895914443187,0.0031460951703395374,-0,-0,0.003140894855977498,-0,-0,-0,-0,-0,-0,-0,-0,-0,-0,-0,-0,-0,-0,-0,-0,-0,0.003218899625968554,-0,0.0031304942288193816,0.0028756795132703814,-0,-0,-0,0.0020852418093770505,-0,-0,-0,0.002007238739956898,-0,0.002210046963827805,-0,-0,-0,-0,-0,-0,-0,-0,-0,-0,-0,-0,-0,-0,-0,-0,-0,-0,0.0039417493941873135,-0,-0,-0
schleswig-holstein,2020,29,2020-07-13,2020.5300546448088,2020-07-19,2020.5464480874316,female,-0,-0,-0,-0,0.003926148213960467,-0,0.00807622713526865,-0,-0,0.004222571438720794,-0,0.0041653668251699465,0.007930604723981044,0.003998953761745314,0.004061358598116162,-0,-0,-0,0.0037649362923369853,0.00364532777022918,0.003463315329682109,-0,-0,0.006911259263350734,-0,0.003541320583335314,-0,-0,0.003369709179755342,-0,0.0030888917409951843,-0,0.003073290816637081,0.00619876945399884,-0,0.003187697703935032,-0,-0,-0,0.008882358575019015,0.0028860800894626015,0.006089556550493997,-0,-0,-0,-0,-0,-0,-0,-0,-0,-0,-0,-0,-0,-0,-0,-0,-0,-0,-0,-0,-0,-0,-0,-0,-0,-0,-0,0.003036888678013275,-0,-0,-0,-0,-0,-0,-0,-0,-0,-0,7.852059283220514e-4
schleswig-holstein,2020,29,2020-07-13,2020.5300546448088,2020-07-19,2020.5464480874316,male,-0,-0,-0,-0,0.003775337046391954,-0,0.0039209478215878266,0.003983352564350079,-0,0.004056158192227219,-0,-0,-0,-0,0.0076133573113537825,-0,0.007306513294578523,-0,-0,-0,-0,-0,-0,-0,0.0031460951703395374,-0,-0,-0,-0,0.0030472892864491677,-0,-0,0.0028496780818937227,0.002922482122514309,-0,-0,-0,-0,-0,-0,0.003031688374572533,-0,0.006261176930416317,0.003187697703935032,-0,0.003218899625968554,-0,0.0031304942288193816,0.005751518064810153,0.002563663194818565,-0,-0,-0,-0,-0,-0,-0,-0,-0,-0,-0,-0,-0,-0,-0,-0,0.0031200936037415155,-0,-0,-0,0.003348907835987936,-0,-0,-0,-0,-0,-0,-0,-0,-0,-0
schleswig-holstein,2020,30,2020-07-20,2020.549180327869,2020-07-26,2020.5655737704917,female,-0,0.004232972284309839,-0,-0,-0,-0,-0,0.004201769753783715,-0,-0,-0,-0,-0,-0,-0,-0,-0,-0,0.0037649362923369853,0.00364532777022918,-0,0.0035205191709188123,-0,0.0034529146380358157,-0,-0,0.007020473892650622,-0,0.003369709179755342,-0,0.0030888917409951843,0.003135694542141295,0.003073290816637081,0.003099292359832304,0.00625077567914549,0.006370390194367517,0.0031616961165344864,-0,-0,-0,-0,0.003042088981968304,-0,0.0030576898969653043,-0,0.0031200936037415155,-0,0.003016087467382218,-0,0.002485659407735331,-0,-0,-0,-0,-0,-0,0.0019968383395411833,-0,-0,0.002199646522854582,0.002303651026246831,-0,-0,0.005148254842817696,-0,-0,-0,-0,-0,-0,-0,-0,-0,-0,-0,-0,-0,-0,0.0035049181170700625,-0,7.852059283220514e-4
schleswig-holstein,2020,30,2020-07-20,2020.549180327869,2020-07-26,2020.5655737704917,male,-0,-0,-0,0.0038117397019696124,-0,-0,-0,0.003983352564350079,-0,-0,-0,-0,0.0038533427681110123,0.007498940686620647,-0,-0,-0,0.00364532777022918,-0,-0,-0,-0,0.0031772970674157778,-0,-0,-0,-0,0.003140894855977498,-0,0.0030472892864491677,0.0028808798011093497,0.005949140297311455,-0,-0,0.006063553512041092,-0,0.006359988921251389,-0,0.012216234852964341,-0,-0,-0,-0,0.003187697703935032,0.003166896432976778,0.003218899625968554,-0,-0,0.005751518064810153,0.002563663194818565,0.002438857191646164,-0,0.0020852418093770505,-0,-0,-0,0.002007238739956898,-0,-0,0.002272449653385527,0.0024024554971491235,-0,-0,0.002787274699628602,-0,-0,0.0031200936037415155,0.0032553018920135506,-0,0.003328106500541602,-0,-0,-0,-0,-0,-0,-0,-0,-0,-0,-0
schleswig-holstein,2020,31,2020-07-27,2020.568306010929,2020-08-02,2020.5846994535518,female,-0,-0,-0,-0,-0,0.004082160226884292,0.00404055697766933,0.012606327948680246,-0,-0,-0,-0,0.011893760103312842,0.007993014278885702,0.008117833613398493,-0,0.007769380387165525,0.003837741614408134,0.0037649362923369853,-0,0.006926861339210263,0.010562272635097854,0.0034841167192155285,0.0034529146380358157,0.0034061115513737876,0.007082882355239951,0.007020473892650622,0.006802044863431811,0.003369709179755342,0.009818526898106836,0.0030888917409951843,0.003135694542141295,0.009220417414162218,0.003099292359832304,0.012502302837021037,0.003187697703935032,0.0031616961165344864,0.0031044926700280707,0.0029536838854148113,-0,0.011540080419280044,0.003042088981968304,0.009210015570955302,0.0030576898969653043,0.0030212877692570046,-0,0.015581534230392942,-0,0.008310264007782153,-0,0.002407655737663283,-0,0.0020384399536850103,0.009865335756681784,-0,-0,-0,-0,0.002142444134650337,0.002199646522854582,-0,-0,-0,0.0025740637086042453,-0,0.002813276099801863,-0,-0,-0,-0,0.002995286265072126,-0,-0,-0,0.003629726678935282,-0,0.006776041468690766,-0,-0,-0,0.0015652235567344159
schleswig-holstein,2020,31,2020-07-27,2020.568306010929,2020-08-02,2020.5846994535518,male,0.00832586650339889,-0,-0,-0,0.003775337046391954,0.0038533427681110123,0.0039209478215878266,0.003983352564350079,-0,0.004056158192227219,0.007696569560199222,0.007732974960938583,0.00770177033017048,-0,0.0076133573113537825,-0,-0,-0,-0,0.0034321132609840565,0.003218899625968554,0.0031044926700280707,-0,-0,0.0031460951703395374,-0,0.003166896432976778,0.003140894855977498,-0,0.0030472892864491677,0.0028808798011093497,0.005949140297311455,-0,0.002922482122514309,0.003031688374572533,0.0031720967499333595,0.006359988921251389,0.0031304942288193816,0.0030524895914443187,0.0030628902030005773,0.003031688374572533,0.006375590831702886,0.0031304942288193816,0.003187697703935032,0.009501267967258987,-0,-0,0.0031304942288193816,0.0028756795132703814,-0,0.0048778287737478,0.004409786977610334,0.0020852418093770505,0.004004154161913369,-0,0.006162365127346456,0.004014554963815496,0.002095642227474157,-0,-0,-0,0.002485659407735331,-0,-0,-0,-0,0.0031200936037415155,0.006510807585062592,-0,0.003328106500541602,0.003348907835987936,0.003369709179755342,-0,-0,-0,-0,0.004014554963815496,-0,-0,0.007223301669917921,0.001185613516044898
schleswig-holstein,2020,32,2020-08-03,2020.5874316939892,2020-08-09,2020.603825136612,female,0.0043161791239144645,-0,-0,-0,-0,-0,0.00404055697766933,0.004201769753783715,0.004160166408873586,0.008445485792009783,0.004082160226884292,-0,0.0039625509751080625,0.003998953761745314,0.012179826313337437,0.0040301561705664,0.007769380387165525,0.003837741614408134,0.0037649362923369853,0.007296111834213189,0.006926861339210263,0.0035205191709188123,-0,0.006911259263350734,-0,-0,0.007020473892650622,0.003400911211008475,0.003369709179755342,0.009818526898106836,-0,-0,-0,0.00619876945399884,-0,-0,0.006323584481731828,0.0031044926700280707,0.0029536838854148113,-0,0.0028860800894626015,0.003042088981968304,0.003068090509561685,-0,0.0030212877692570046,0.0031200936037415155,0.0031148932919855626,-0,0.00277167386576647,-0,0.002407655737663283,0.0021632449958065873,0.0020384399536850103,0.0019708373476054787,-0,0.0019812377428207965,0.0019968383395411833,0.002028039547028811,-0,0.002199646522854582,-0,-0,-0,-0,-0,-0,-0,-0,-0,-0,-0,0.0030628902030005773,-0,-0,-0,-0,-0,-0,-0,-0,0.0011752132799592396
schleswig-holstein,2020,32,2020-08-03,2020.5874316939892,2020-08-09,2020.603825136612,male,-0,-0,0.0038689439265003588,0.0038117397019696124,0.003775337046391954,0.0038533427681110123,0.0039209478215878266,0.003983352564350079,-0,-0,0.0038481423830252345,-0,0.0038533427681110123,-0,-0,-0,0.003655728500360734,0.007290911104813628,0.01412511827790605,0.0034321132609840565,0.003218899625968554,0.012408680414448115,0.006359988921251389,0.0030524895914443187,0.00944405754638206,-0,0.003166896432976778,-0,0.009355641565193784,-0,0.0028808798011093497,0.0029744850710829926,-0,0.002922482122514309,-0,-0,0.003182497385412486,0.0031304942288193816,0.0030524895914443187,0.012247442192931599,0.003031688374572533,-0,-0,0.003187697703935032,0.003166896432976778,0.0064327978767492475,0.009662497673834302,-0,0.0028756795132703814,-0,0.002438857191646164,-0,0.008336268169746136,0.004004154161913369,0.002002038539491907,-0,-0,0.002095642227474157,-0,-0,-0,0.002485659407735331,0.002646867363344045,-0,-0,-0,-0,-0,-0,0.003328106500541602,-0,-0,0.0035361202294481955,0.0038481423830252345,-0,-0,-0,-0,-0,-0,5.928033789854071e-4
schleswig-holstein,2020,33,2020-08-10,2020.6065573770493,2020-08-16,2020.622950819672,female,0.0043161791239144645,-0,0.004076959818915024,0.00807622713526865,0.007847392100623672,0.004082160226884292,-0,0.012606327948680246,0.004160166408873586,0.016892343465108452,0.008164640941084106,0.008336268169746136,0.007930604723981044,0.011992582797944648,0.008117833613398493,-0,0.015539921779952344,0.01151927580689688,0.007530145195667328,0.010941951133631368,0.006926861339210263,0.010562272635097854,0.006968466897708303,0.0034529146380358157,0.0034061115513737876,0.003541320583335314,-0,0.003400911211008475,0.006739636737892064,0.003270902870972542,0.0030888917409951843,0.003135694542141295,0.003073290816637081,0.01549830936280587,0.009376445311949172,0.012746762179525249,0.0031616961165344864,0.012424284139840888,-0,0.0029588841810546545,0.0028860800894626015,0.003042088981968304,0.003068090509561685,0.006120760213804969,0.0030212877692570046,0.006240374429955163,0.0062351738061373,0.003016087467382218,-0,-0,-0,0.004326579988220815,0.0020384399536850103,-0,0.0039209478215878266,0.0019812377428207965,0.0019968383395411833,0.002028039547028811,-0,-0,-0,-0,-0,0.0025740637086042453,-0,-0,-0,0.005990745073540965,-0,0.003036888678013275,0.002995286265072126,-0,-0,-0,-0,-0,-0,-0,0.007010072489501038,-0,0.0011752132799592396
schleswig-holstein,2020,33,2020-08-10,2020.6065573770493,2020-08-16,2020.622950819672,male,0.004160166408873586,0.004004154161913369,0.007738175734550922,0.007618558073008363,0.011321632404405547,0.0038533427681110123,-0,0.007961809492070508,0.0039209478215878266,0.008112632801814583,0.015394278465626382,-0,0.011555683884026953,0.026251025003527908,0.0076133573113537825,0.011420454011749976,0.003655728500360734,0.007290911104813628,0.0035309198760869213,0.0034321132609840565,0.009662497673834302,0.006203970074175833,-0,0.009158006386131764,0.006297581326245275,-0,0.003166896432976778,-0,0.0031200936037415155,0.006089556550493997,0.0028808798011093497,0.005949140297311455,-0,-0,0.003031688374572533,0.006344387015475263,0.003182497385412486,0.009392048127474796,0.0030524895914443187,0.006125960826174338,0.009090394523631421,0.003187697703935032,0.006261176930416317,0.012762366006361344,0.0063339857475604045,0.0064327978767492475,0.006437998520331927,0.012517906590501499,0.0028756795132703814,-0,-0,-0,0.0020852418093770505,0.002002038539491907,0.002002038539491907,0.0041081622745491805,-0,-0,-0,-0,-0,-0,0.007941006311263562,-0,-0,0.0030576898969653043,-0,-0,-0,-0,-0,0.003369709179755342,-0,-0,-0,-0,-0,-0,-0,0.0036141255923162635,5.928033789854071e-4
schleswig-holstein,2020,34,2020-08-17,2020.6256830601094,2020-08-23,2020.6420765027322,female,-0,0.004232972284309839,-0,0.004035356573860712,0.003926148213960467,0.004082160226884292,-0,-0,0.004160166408873586,0.004222571438720794,-0,0.0041653668251699465,-0,0.003998953761745314,-0,0.0040301561705664,-0,0.003837741614408134,-0,-0,0.010390638059310358,0.0035205191709188123,0.006968466897708303,-0,0.0034061115513737876,0.003541320583335314,0.010525865253503073,-0,0.006739636737892064,0.013095248761019083,-0,-0,0.003073290816637081,0.00619876945399884,-0,0.006370390194367517,0.0031616961165344864,0.0031044926700280707,-0,0.005923137329074769,-0,-0,-0,0.0030576898969653043,-0,0.0031200936037415155,-0,0.003016087467382218,0.0055434954735562566,0.004971437638504235,0.002407655737663283,0.0021632449958065873,0.0020384399536850103,0.0039469497886402685,0.0039209478215878266,-0,-0,-0,-0,0.002199646522854582,-0,-0,-0,-0,-0,-0,-0,0.002995286265072126,-0,-0,-0,-0,-0,-0,-0,-0,-0,0.003328106500541602,-0,-0,-0
schleswig-holstein,2020,34,2020-08-17,2020.6256830601094,2020-08-23,2020.6420765027322,male,-0,-0,-0,-0,-0,0.0038533427681110123,-0,-0,0.0039209478215878266,0.008112632801814583,-0,0.003863743539848575,0.0038533427681110123,0.003749335165157985,0.003806539321038674,-0,0.003655728500360734,0.00364532777022918,-0,0.0034321132609840565,0.006443199164428961,0.006203970074175833,0.009537674631497036,0.015259038610442869,-0,0.01292360582453632,0.0063339857475604045,0.006287180067692691,0.006240374429955163,0.0030472892864491677,0.0057567186402568615,-0,0.005694311769258563,-0,-0,-0,-0,-0,0.012216234852964341,-0,-0,0.003187697703935032,0.0031304942288193816,-0,-0,0.003218899625968554,-0,-0,0.0028756795132703814,-0,0.0048778287737478,0.004409786977610334,-0,-0,0.002002038539491907,0.0020540405675667285,-0,0.002095642227474157,0.0066252220356052575,-0,0.0024024554971491235,-0,-0,-0,-0,-0,-0,-0,-0,-0,-0,-0,-0,-0,-0,-0,-0,-0,-0,-0,0.001185613516044898
schleswig-holstein,2020,35,2020-08-24,2020.6448087431695,2020-08-30,2020.6612021857923,female,-0,0.012705151997512511,-0,-0,-0,-0,-0,0.008403879051716657,0.008320665671008401,-0,0.004082160226884292,-0,-0,0.007993014278885702,-0,-0,-0,0.003837741614408134,0.015066582499860964,0.007296111834213189,0.003463315329682109,0.0035205191709188123,0.006968466897708303,0.006911259263350734,0.010224205072293177,0.014171931013309177,0.0035101184678309845,0.006802044863431811,-0,-0,0.009267225734339593,0.003135694542141295,0.006146763280864589,-0,0.003125293916023304,-0,-0,-0,0.005907535554375335,0.0029588841810546545,0.0028860800894626015,0.009132001813229757,0.003068090509561685,-0,-0,-0,0.0031148932919855626,0.003016087467382218,-0,-0,-0,-0,-0,-0,0.0019604369544703195,0.0019812377428207965,-0,-0,-0,-0,-0,-0,-0,-0,-0,-0,-0,-0,-0,-0,-0,-0,-0,-0,-0,0.004394185656960979,-0,-0,-0,0.0029640844772087834,7.852059283220514e-4
schleswig-holstein,2020,35,2020-08-24,2020.6448087431695,2020-08-30,2020.6612021857923,male,-0,0.004004154161913369,-0,-0,0.00755094821210531,0.007712171871679231,0.0039209478215878266,0.003983352564350079,0.0039209478215878266,-0,-0,0.003863743539848575,-0,0.003749335165157985,0.003806539321038674,-0,0.003655728500360734,-0,0.0035309198760869213,0.0034321132609840565,0.003218899625968554,0.006203970074175833,0.009537674631497036,0.00610515837981182,0.0031460951703395374,0.0032293002708088333,0.0063339857475604045,0.01571677492432171,0.006240374429955163,0.006089556550493997,0.008637917398898307,0.005949140297311455,0.0028496780818937227,-0,0.006063553512041092,0.0031720967499333595,0.003182497385412486,-0,0.0030524895914443187,-0,-0,0.006375590831702886,0.0031304942288193816,0.003187697703935032,-0,0.003218899625968554,-0,-0,0.0028756795132703814,-0,0.002438857191646164,-0,0.0020852418093770505,-0,0.002002038539491907,0.0020540405675667285,0.002007238739956898,-0,0.004414987418870811,-0,-0,0.002485659407735331,-0,0.002787274699628602,-0,-0,0.0031200936037415155,-0,-0,-0,-0,-0,-0,0.0038481423830252345,-0,-0,-0,0.0039417493941873135,-0,-0,5.928033789854071e-4
schleswig-holstein,2020,36,2020-08-31,2020.6639344262296,2020-09-06,2020.6803278688524,female,-0,-0,-0,-0,0.003926148213960467,-0,-0,0.004201769753783715,-0,0.004222571438720794,-0,-0,-0,-0,0.004061358598116162,-0,-0,-0,-0,-0,0.003463315329682109,0.010562272635097854,-0,-0,0.006817646906522689,-0,-0,-0,-0,0.006547212155654591,-0,-0,-0,0.00619876945399884,-0,-0,-0,-0,0.0029536838854148113,-0,0.005772320369706133,-0,-0,0.0030576898969653043,0.0030212877692570046,-0,0.0031148932919855626,0.003016087467382218,0.00277167386576647,-0,0.007218100947794619,0.004326579988220815,-0,-0,-0,0.0019812377428207965,0.003993753362091565,0.002028039547028811,0.002142444134650337,0.002199646522854582,0.002303651026246831,-0,0.005091049210924473,0.0025740637086042453,-0,-0,-0,-0,-0,-0,-0,-0,0.0031304942288193816,-0,0.003629726678935282,-0,0.0033853101930444904,-0,-0,0.0029640844772087834,7.852059283220514e-4
schleswig-holstein,2020,36,2020-08-31,2020.6639344262296,2020-09-06,2020.6803278688524,male,0.004160166408873586,-0,0.0038689439265003588,-0,-0,0.0038533427681110123,-0,-0,-0,-0,-0,-0,0.0038533427681110123,0.003749335165157985,-0,0.003806539321038674,0.003655728500360734,-0,-0,0.0034321132609840565,-0,0.006203970074175833,0.015893628670174555,0.012205832410470544,0.0031460951703395374,0.006458801099852386,0.003166896432976778,0.006287180067692691,0.0031200936037415155,0.0030472892864491677,0.0057567186402568615,-0,-0,0.002922482122514309,0.006063553512041092,0.006344387015475263,0.003182497385412486,-0,0.0030524895914443187,-0,-0,0.003187697703935032,-0,0.003187697703935032,-0,0.01287159292533582,-0,0.0031304942288193816,-0,0.002563663194818565,0.002438857191646164,0.002204846743081171,0.004170567241980617,0.002002038539491907,0.003998953761745314,-0,-0,-0,-0,-0,-0,-0,-0,-0,-0,0.0030576898969653043,0.006240374429955163,-0,-0,-0,-0,0.003369709179755342,-0,-0,-0,-0,-0,-0,-0,0.0036141255923162635,-0
schleswig-holstein,2020,37,2020-09-07,2020.6830601092897,2020-09-13,2020.6994535519125,female,0.0043161791239144645,-0,0.004076959818915024,0.004035356573860712,0.003926148213960467,-0,-0,-0,0.004160166408873586,0.004222571438720794,0.004082160226884292,-0,-0,-0,-0,-0,-0,0.003837741614408134,0.011295626749478021,-0,-0,0.0035205191709188123,0.0034841167192155285,-0,0.006817646906522689,0.007082882355239951,0.0035101184678309845,-0,0.010109782702722362,0.006547212155654591,0.0030888917409951843,0.009412851888795442,0.009220417414162218,0.003099292359832304,0.003125293916023304,-0,-0,0.0031044926700280707,0.005907535554375335,-0,0.0028860800894626015,-0,-0,0.0030576898969653043,0.0030212877692570046,-0,-0,0.003016087467382218,0.00277167386576647,0.002485659407735331,0.004810222476222118,0.0021632449958065873,-0,0.005917936736990098,-0,-0,-0,0.002028039547028811,0.002142444134650337,-0,0.002303651026246831,-0,-0,0.005148254842817696,-0,-0,-0,-0,-0,-0,-0,-0,-0,-0,-0,-0,-0,-0,-0,-0,3.9000146250986754e-4
schleswig-holstein,2020,37,2020-09-07,2020.6830601092897,2020-09-13,2020.6994535519125,male,-0,-0,-0,0.0038117397019696124,-0,-0,-0,-0,-0,0.008112632801814583,-0,-0,-0,-0,-0,-0,-0,0.00364532777022918,0.01412511827790605,-0,0.009662497673834302,0.0031044926700280707,0.0031772970674157778,0.015259038610442869,0.0031460951703395374,0.0032293002708088333,0.003166896432976778,0.006287180067692691,0.009355641565193784,0.009137202726767482,0.0028808798011093497,-0,0.011389247168088262,-0,0.006063553512041092,-0,0.003182497385412486,0.0031304942288193816,-0,-0,0.003031688374572533,-0,0.009392048127474796,-0,-0,0.003218899625968554,0.003218899625968554,0.0031304942288193816,-0,0.002563663194818565,-0,0.002204846743081171,0.0020852418093770505,-0,0.002002038539491907,0.0020540405675667285,0.002007238739956898,-0,-0,-0,-0,0.002485659407735331,-0,-0,-0,-0,-0,-0,-0,-0,0.003348907835987936,-0,-0,-0,-0,-0,-0,-0,-0,-0,0.001185613516044898
schleswig-holstein,2020,38,2020-09-14,2020.7021857923498,2020-09-20,2020.7185792349726,female,0.008627515672217152,-0,0.004076959818915024,0.00807622713526865,-0,0.004082160226884292,-0,-0,-0,-0,0.004082160226884292,0.0041653668251699465,0.007930604723981044,0.003998953761745314,0.004061358598116162,0.0040301561705664,-0,0.007680967253394826,0.0037649362923369853,0.02188620518059192,0.010390638059310358,0.010562272635097854,0.027879472366243843,0.006911259263350734,0.010224205072293177,0.017714216902418683,-0,0.006802044863431811,0.003369709179755342,0.006547212155654591,0.0030888917409951843,-0,0.006146763280864589,-0,0.00625077567914549,0.003187697703935032,0.0031616961165344864,0.0031044926700280707,0.0029536838854148113,0.005923137329074769,0.008653519992832884,0.006089556550493997,0.003068090509561685,-0,0.006042751090638643,-0,0.0031148932919855626,0.006032349883058143,-0,0.004971437638504235,0.004810222476222118,0.0021632449958065873,0.008154239309067744,0.0039469497886402685,0.005876332019013881,-0,0.005990745073540965,0.002028039547028811,-0,-0,0.002303651026246831,0.00238165454030451,0.002542862173487819,0.005148254842817696,-0,0.002813276099801863,0.0028184763814001475,-0,-0,-0,-0,0.0030628902030005773,-0,0.0034061115513737876,-0,0.004394185656960979,-0,-0,-0,-0,7.852059283220514e-4
schleswig-holstein,2020,38,2020-09-14,2020.7021857923498,2020-09-20,2020.7185792349726,male,0.004160166408873586,0.004004154161913369,-0,-0,-0,0.0038533427681110123,-0,0.003983352564350079,0.0039209478215878266,-0,0.007696569560199222,0.007732974960938583,-0,0.003749335165157985,0.0076133573113537825,-0,0.014619254832546412,-0,0.021189116516162825,0.013735013788414154,0.006443199164428961,0.006203970074175833,0.009537674631497036,0.0030524895914443187,0.0031460951703395374,0.009688502512032309,0.003166896432976778,0.01571677492432171,-0,0.006089556550493997,-0,0.005949140297311455,0.005694311769258563,0.011685712939020211,-0,0.009516870820243991,0.009542875585615106,0.0031304942288193816,-0,0.0030628902030005773,0.006058352905907412,-0,0.0031304942288193816,0.006380791469564156,-0,0.009652095742195298,0.009662497673834302,-0,-0,0.002563663194818565,0.002438857191646164,0.004409786977610334,0.004170567241980617,0.008008616679312571,0.002002038539491907,0.0020540405675667285,0.004014554963815496,0.004191368914435681,-0,-0,0.0024024554971491235,0.002485659407735331,0.005293869462529797,0.002787274699628602,-0,0.0030576898969653043,-0,0.0032553018920135506,-0,-0,-0,-0,-0,0.0038481423830252345,-0,-0,-0,0.0039417493941873135,-0,-0,0.001185613516044898
schleswig-holstein,2020,39,2020-09-21,2020.72131147541,2020-09-27,2020.7377049180327,female,0.008627515672217152,0.004232972284309839,0.008154239309067744,-0,0.003926148213960467,0.004082160226884292,-0,-0,0.004160166408873586,0.008445485792009783,0.004082160226884292,0.008336268169746136,0.019826179109866764,0.003998953761745314,0.008117833613398493,-0,0.011654505936167873,0.01151927580689688,0.018832609849824246,0.01823959850057322,0.010390638059310358,0.014083506992924363,0.006968466897708303,0.013823437216201025,0.0034061115513737876,0.010624685348569389,-0,0.010203400986370103,0.01348014710254662,0.006547212155654591,0.009267225734339593,0.00627677881122061,0.012289052008682562,0.0123982779334561,0.009376445311949172,0.009558478451078909,0.0031616961165344864,0.006209170694867175,0.0029536838854148113,0.0029588841810546545,0.005772320369706133,0.003042088981968304,0.003068090509561685,0.0030576898969653043,0.009059189078280308,0.006240374429955163,0.0062351738061373,-0,0.011082380869623426,0.004971437638504235,0.002407655737663283,0.0021632449958065873,-0,0.0039469497886402685,0.0019604369544703195,0.005949140297311455,-0,-0,-0,0.002199646522854582,0.002303651026246831,-0,-0,0.005148254842817696,0.0027404722120779263,-0,-0,-0,0.003000486564872446,-0,-0,-0,0.0031304942288193816,-0,-0,0.004394185656960979,-0,-0,0.007010072489501038,-0,7.852059283220514e-4
schleswig-holstein,2020,39,2020-09-21,2020.72131147541,2020-09-27,2020.7377049180327,male,-0,-0,-0,0.0038117397019696124,-0,0.0038533427681110123,-0,-0,-0,0.004056158192227219,-0,0.003863743539848575,0.00770177033017048,0.003749335165157985,0.003806539321038674,0.011420454011749976,0.003655728500360734,0.007290911104813628,0.01412511827790605,0.01716803373988884,0.025772385635974608,0.024820322600089137,0.025434219173531215,0.015259038610442869,0.0031460951703395374,0.016153708800865068,0.01583120963236622,0.006287180067692691,0.0031200936037415155,0.015227829463040868,0.01151927580689688,0.0029744850710829926,-0,0.002922482122514309,0.003031688374572533,-0,0.006359988921251389,0.009392048127474796,-0,0.00918401097203835,-0,0.006375590831702886,0.009392048127474796,0.003187697703935032,0.0063339857475604045,-0,0.009662497673834302,0.0031304942288193816,0.005751518064810153,0.002563663194818565,-0,0.002204846743081171,0.00625077567914549,0.006006346873211892,-0,0.0041081622745491805,-0,0.0062923806967118065,-0,0.002272449653385527,-0,0.00497663813593485,0.007941006311263562,-0,0.0029484835903008004,0.0030576898969653043,-0,-0,-0,-0,0.003348907835987936,-0,-0,-0,-0,-0,-0,-0,-0,-0,0.001185613516044898
schleswig-holstein,2020,40,2020-09-28,2020.74043715847,2020-10-04,2020.7568306010928,female,0.008627515672217152,-0,0.004076959818915024,-0,0.003926148213960467,-0,0.00807622713526865,-0,-0,-0,-0,-0,-0,0.003998953761745314,-0,0.008065825520937807,0.0038845450895646266,0.003837741614408134,0.015066582499860964,0.007296111834213189,0.006926861339210263,0.010562272635097854,0.006968466897708303,0.017277269913448006,0.0204504208162636,0.014171931013309177,0.014036694337124405,0.003400911211008475,-0,0.006547212155654591,0.0030888917409951843,0.00627677881122061,0.012289052008682562,0.003099292359832304,0.00625077567914549,-0,0.0031616961165344864,-0,0.0029536838854148113,0.0029588841810546545,0.005772320369706133,0.009132001813229757,0.009210015570955302,0.009178810053818976,0.0030212877692570046,0.006240374429955163,0.0062351738061373,0.003016087467382218,0.0055434954735562566,-0,0.004810222476222118,0.004326579988220815,0.004076959818915024,-0,0.0019604369544703195,-0,0.0019968383395411833,0.002028039547028811,0.002142444134650337,-0,-0,-0,0.005091049210924473,0.0025740637086042453,-0,0.002813276099801863,0.0028184763814001475,-0,-0,0.003036888678013275,0.0059959456729130785,-0,0.006255976304517954,-0,-0,-0,-0,0.003328106500541602,0.007010072489501038,-0,0.0039209478215878266
schleswig-holstein,2020,40,2020-09-28,2020.74043715847,2020-10-04,2020.7568306010928,male,0.004160166408873586,-0,0.0038689439265003588,0.015243434034403385,0.003775337046391954,-0,-0,-0,0.0039209478215878266,0.008112632801814583,-0,0.003863743539848575,-0,0.003749335165157985,0.003806539321038674,0.011420454011749976,-0,0.007290911104813628,0.01412511827790605,0.0034321132609840565,0.019326791140234122,0.006203970074175833,0.025434219173531215,0.0030524895914443187,0.00944405754638206,0.01292360582453632,0.009496067017308214,0.012575120393330197,0.006240374429955163,-0,0.0057567186402568615,0.0089187648059436,0.019935420867528926,0.002922482122514309,0.009095595433007688,0.012684346918992246,0.003182497385412486,0.0031304942288193816,0.006110358990620823,0.006125960826174338,0.009090394523631421,-0,0.009392048127474796,0.009568880363990994,0.003166896432976778,0.003218899625968554,0.003218899625968554,0.0031304942288193816,0.008627515672217152,0.00512745278757404,0.009750914176774251,0.004409786977610334,0.0020852418093770505,0.002002038539491907,0.002002038539491907,0.0020540405675667285,0.002007238739956898,0.008388276532692397,0.004414987418870811,0.0045501990741136835,0.007207699505114218,0.00497663813593485,-0,-0,0.0029484835903008004,0.0030576898969653043,0.0031200936037415155,0.0032553018920135506,0.003312505504420438,-0,-0,0.003369709179755342,-0,-0,0.004217371016703511,-0,-0,-0,0.0042433731319792235,-0,0.0041549659931030825
schleswig-holstein,2020,41,2020-10-05,2020.75956284153,2020-10-11,2020.775956284153,female,0.0043161791239144645,0.012705151997512511,0.004076959818915024,-0,0.003926148213960467,0.004082160226884292,-0,0.008403879051716657,-0,0.008445485792009783,0.004082160226884292,0.0041653668251699465,0.0039625509751080625,0.015987257367367187,-0,-0,0.015539921779952344,0.003837741614408134,0.0037649362923369853,0.00364532777022918,0.010390638059310358,0.010562272635097854,0.006968466897708303,0.017277269913448006,-0,0.010624685348569389,0.010525865253503073,0.003400911211008475,0.003369709179755342,0.016366975478689656,0.01545149543332269,0.009412851888795442,-0,0.00929843130453477,0.003125293916023304,-0,0.0031616961165344864,0.0031044926700280707,0.008856354139958982,0.008882358575019015,0.0028860800894626015,0.003042088981968304,0.003068090509561685,0.0030576898969653043,0.0030212877692570046,0.009360842501099463,-0,0.015082187022835283,0.00277167386576647,0.004971437638504235,0.007218100947794619,0.0021632449958065873,0.004076959818915024,0.009865335756681784,0.005876332019013881,0.0039625509751080625,0.0019968383395411833,0.008123034425508342,0.0064327978767492475,0.006599218729286997,0.0069164599547856965,0.00952727272483302,-0,0.007717372643216724,0.0027404722120779263,-0,-0,-0,-0,-0,0.002995286265072126,0.006125960826174338,0.0031304942288193816,-0,0.003629726678935282,-0,0.0033853101930444904,-0,0.0035049181170700625,0.008892760352683118,-0
schleswig-holstein,2020,41,2020-10-05,2020.75956284153,2020-10-11,2020.775956284153,male,0.00832586650339889,-0,0.0038689439265003588,0.0038117397019696124,0.003775337046391954,0.0038533427681110123,0.007847392100623672,0.003983352564350079,0.0039209478215878266,-0,0.007696569560199222,0.011597293146249922,0.011555683884026953,0.011248816603374616,-0,0.003806539321038674,0.003655728500360734,-0,0.010593478982469807,0.010302220468631015,0.025772385635974608,0.012408680414448115,0.015893628670174555,0.00610515837981182,0.012590724168666974,0.009688502512032309,0.01266354184879604,0.009428454715250788,0.02183418331580065,-0,0.008637917398898307,0.014868925614209124,0.01709000804212591,0.005839927918087977,0.003031688374572533,0.006344387015475263,0.01908750277103785,0.0031304942288193816,0.0030524895914443187,0.00918401097203835,-0,0.003187697703935032,0.0031304942288193816,0.009568880363990994,0.0126687431155676,0.01287159292533582,-0,0.0031304942288193816,0.014374786687046262,0.007691368790742345,0.012190228750628793,0.002204846743081171,0.010421844303680755,0.008008616679312571,0.002002038539491907,0.0041081622745491805,0.006021948677558128,0.002095642227474157,0.011040772019425564,0.0045501990741136835,0.004805021995434633,0.00994855160930412,0.002646867363344045,0.00557989936695659,0.005897134373841046,0.006120760213804969,0.006240374429955163,0.0032553018920135506,-0,-0,-0,-0,0.0035361202294481955,0.007691368790742345,-0,-0,0.004014554963815496,0.0039417493941873135,0.0042433731319792235,-0,0.0029640844772087834
schleswig-holstein,2020,42,2020-10-12,2020.77868852459,2020-10-18,2020.795081967213,female,-0,-0,0.004076959818915024,0.012112210521670226,0.011774132882138057,0.004082160226884292,0.012117411733295511,-0,0.008320665671008401,0.004222571438720794,-0,-0,0.0039625509751080625,0.011992582797944648,0.012179826313337437,0.016127700729256407,0.007769380387165525,-0,0.0037649362923369853,0.02188620518059192,0.010390638059310358,0.02112148900867509,0.006968466897708303,0.010364632869976964,0.010224205072293177,0.010624685348569389,0.007020473892650622,0.020408804469361337,0.01348014710254662,0.006547212155654591,0.01545149543332269,0.018832609849824246,0.012289052008682562,0.00929843130453477,0.009376445311949172,0.006370390194367517,0.012647938051614436,0.012424284139840888,0.011810541137713943,0.011846949418775633,0.011540080419280044,0.015222627940297821,0.006136362052479218,0.006120760213804969,0.018125158492343005,0.009360842501099463,0.0062351738061373,0.003016087467382218,0.016627057976860322,0.009943350614610848,0.012034192409766177,0.008653519992832884,0.004076959818915024,0.0039469497886402685,0.007836990532066834,0.007930604723981044,0.007987813479779884,0.006089556550493997,0.010718304559228361,0.004399386096655418,0.0069164599547856965,0.00952727272483302,-0,0.012866391638280074,0.008227050776876028,0.002813276099801863,0.0028184763814001475,0.002995286265072126,-0,0.003036888678013275,0.008991577344264803,0.0030628902030005773,0.0031304942288193816,-0,0.014520427145970035,0.00878874266967398,0.0033853101930444904,0.003328106500541602,0.0035049181170700625,0.008892760352683118,0.0039209478215878266
schleswig-holstein,2020,42,2020-10-12,2020.77868852459,2020-10-18,2020.795081967213,male,0.00832586650339889,0.004004154161913369,0.007738175734550922,-0,-0,0.007712171871679231,0.007847392100623672,0.003983352564350079,0.0039209478215878266,0.008112632801814583,0.011545281573679298,0.007732974960938583,0.02311393629713059,0.003749335165157985,0.003806539321038674,0.011420454011749976,0.003655728500360734,0.010931548946051022,0.01412511827790605,0.020601280352981317,0.006443199164428961,0.012408680414448115,0.022255561917126576,0.015259038610442869,0.012590724168666974,0.022614516752292035,0.01266354184879604,0.022005855667115312,0.018718168536506805,0.015227829463040868,0.014400793881940366,0.017844261358116783,0.011389247168088262,0.011685712939020211,0.009095595433007688,0.015857217555683697,0.015909233441330897,0.012523107842706004,0.018328029588521866,0.00918401097203835,0.003031688374572533,0.0127519634546151,0.009392048127474796,0.006380791469564156,0.003166896432976778,0.01287159292533582,0.009662497673834302,0.009386847188447992,0.017251261279884234,0.00512745278757404,0.009750914176774251,0.004409786977610334,0.00625077567914549,0.008008616679312571,0.008003415878652047,0.006162365127346456,0.0100317675950974,0.008388276532692397,0.00883034971790915,0.009100796342909912,0.007207699505114218,0.00497663813593485,0.002646867363344045,0.008367473181271885,0.005897134373841046,0.0030576898969653043,0.0031200936037415155,0.006510807585062592,0.003312505504420438,0.003328106500541602,-0,0.010104581691902875,-0,-0,-0,0.005319872116098456,-0,-0,0.008487092565593721,0.0036141255923162635,0.0059335385148102425
schleswig-holstein,2020,43,2020-10-19,2020.7978142076502,2020-10-25,2020.8142076502731,female,0.012944410998783754,0.01693915869175938,0.012231838520603982,0.004035356573860712,0.007847392100623672,0.02042441059554951,0.024232445386586157,0.008403879051716657,0.020798959029094562,0.0126687431155676,0.024492567227658763,0.020840575688244416,0.019826179109866764,0.023982729643337277,0.032484144230102444,0.024196028432675102,0.01942562796189202,0.026880546531653973,0.02636548289632765,0.05839237301260377,0.04158021974943788,0.03521071841254477,0.024393720774768243,0.027650550167573017,0.0204504208162636,0.031885773988506096,0.04563441818333093,0.03741705865900149,0.02022153132046957,0.022916248820422,0.01854130518405447,0.03767204269372773,0.027660955700195014,0.018598525614607966,0.012502302837021037,0.012746762179525249,0.031630818325326764,0.027952311458987026,0.01771941867439957,0.026656831396661633,0.02020072323444674,0.021313967530290846,0.012278649551621904,0.01835924059664533,0.02416481392104775,0.021844587684595407,0.03117294190532744,0.015082187022835283,0.0221723263672208,0.012434686626035387,0.01925396412869344,0.030288419329371697,0.02649554898941377,0.011841748234208584,0.007836990532066834,0.015862419141904678,0.019977036835577063,0.012185027531725881,0.02143881884417873,0.01759457629041233,0.025361383607928202,0.00952727272483302,0.01017739589067374,0.02573596760358771,0.013714208297844595,0.011254017728641106,0.005637105536640755,0.005990745073540965,0.015014567457114875,0.012138216584987522,0.011987381598810925,0.012252643418077446,0.01251270533882302,0.0068124462249703355,0.003629726678935282,0.017584172771942085,0.010161792839493746,-0,0.0035049181170700625,0.011857351789476216,0.01999264283217882
schleswig-holstein,2020,43,2020-10-19,2020.7978142076502,2020-10-25,2020.8142076502731,male,0.020814565272369745,0.004004154161913369,0.011607695467007982,0.011430856297132374,0.015097791550486543,0.01542028617041256,0.015690767071246836,0.011945772024446666,0.0039209478215878266,0.008112632801814583,0.01924356027822808,0.01546710007179904,0.00770177033017048,0.011248816603374616,0.011420454011749976,0.02284341678160602,0.01827080945561934,0.02916457705346386,0.04238687075715279,0.03778132194850755,0.04510875973030599,0.01861413119750858,0.025434219173531215,0.027473656431582838,0.02204227108722312,0.029076127535001273,0.0284986079067607,0.03143830161206648,0.024955587324263617,0.027416426234070354,0.031682849991800474,0.02676608750513643,0.03987848737792603,0.017526953457563752,0.021230733487564962,0.025376991220538814,0.025455029353872036,0.025049232339419344,0.024440542755345487,0.02143881884417873,0.012117411733295511,0.0382704795227004,0.01879099479765868,0.02552266249749314,0.022177528585189468,0.009652095742195298,0.02898767816698684,0.03129781689276104,0.02300468786183651,0.010255411216783925,0.017069201209161364,0.03970155204008663,0.018759783530390296,0.018026324142464724,0.02801474504825408,0.016429395159616854,0.022073484324758055,0.014676470947463945,0.028706722348892915,0.025023219818294442,0.01201338759969349,0.019904208913349573,0.018530901476172684,0.016736293013998777,0.017688208050302228,0.01835924059664533,0.012481497839660073,0.013017229174202442,0.00993294862679645,0.003328106500541602,0.01004737060725646,0.013474945754614267,0.010614283224455347,0.0038481423830252345,0.012658340582550512,0.01064028853863916,0.012039393613587837,0.007888998395657308,0.012736359630900538,0.007223301669917921,0.012460692850623104
schleswig-holstein,2020,44,2020-10-26,2020.8169398907103,2020-11-01,2020.8333333333333,female,0.02588684247524432,0.01693915869175938,0.012231838520603982,0.01614850718550038,0.015695968640823493,0.02859746216291918,0.020195521214244932,0.025210510260848962,0.024960789820678786,0.03378497285800318,0.020408804469361337,0.025007612311860886,0.031724475362465095,0.04397939270974958,0.03654804083075729,0.044364519721096195,0.04274596458568107,0.06145870466096587,0.07913658676582404,0.047435229008793905,0.04158021974943788,0.028165626531800828,0.04531694066035277,0.048398115875771905,0.04090888748364255,0.046066398909544434,0.05616952576858913,0.04762780495580498,0.03707881646067312,0.042569019490703706,0.05254654047208713,0.043948166320326984,0.027660955700195014,0.02479951267375945,0.04689393827461118,0.05738244937152886,0.05062063093256117,0.03727655778639877,0.029533985492178918,0.03258300606323596,0.03463313064899739,0.03654283717493163,0.036844650073748424,0.03366529526503517,0.042298398745359116,0.04994397694647196,0.034289703128259554,0.039222788850331064,0.027712983394538208,0.04477046749655761,0.021662511531247507,0.030288419329371697,0.02242203341663477,0.021709331052645418,0.03724533542182389,0.027759808363951612,0.013979478926148921,0.026401901369602153,0.025725562456160974,0.024196028432675102,0.025361383607928202,0.023816253147388236,0.01017739589067374,0.010291818409022912,0.013714208297844595,0.014067902769637996,0.00845588748228475,0.002995286265072126,0.00900718004430961,0.009105997253326543,0.011987381598810925,0.006125960826174338,0.021901811750174947,0.010219004050034989,0.007259706739321996,0.03516909025109235,0.010161792839493746,0.0066512253549268294,0.014021090127885627,0.00592833792167956,0.02273416891465282
schleswig-holstein,2020,44,2020-10-26,2020.8169398907103,2020-11-01,2020.8333333333333,male,0.024976397313058837,0.008008616679312571,0.007738175734550922,0.019056291325799984,0.003775337046391954,0.007712171871679231,0.023540527623343504,0.01990941090441469,0.019597292361788067,0.032447721496849546,0.0307879125818611,0.011597293146249922,0.02311393629713059,0.018749379778797173,0.030465322640905113,0.04188726607735551,0.040211543764737526,0.04739879580174918,0.038853311576107115,0.051526320047585415,0.07412680936375297,0.06207303393125008,0.03815599542268296,0.07940219134800339,0.06299454144508015,0.06463975930492338,0.06018841969777895,0.05030832799871698,0.03743787363537759,0.042657491962929006,0.0403260323903802,0.03866597198938124,0.037031983098929425,0.0204504208162636,0.030330043583820188,0.025376991220538814,0.04137205377871471,0.034445806265601224,0.03666252139072491,0.04594669304766488,0.03333228080372293,0.0510370377620362,0.04385448726457489,0.02871192522061522,0.044364519721096195,0.03540324909274682,0.041876857697568645,0.05008971706102237,0.028758751089564986,0.02564752391682896,0.029263432575667894,0.033082521357290444,0.029185388726731997,0.03204707311488609,0.03602247422176405,0.028753548213157502,0.03411799021843927,0.018874224935293928,0.017662199211200397,0.03185455486054549,0.033649685164522075,0.0298565696554765,0.023826657912771082,0.033472771019516234,0.02063769478948283,0.006120760213804969,0.009360842501099463,0.013017229174202442,0.023176364077494654,0.01663746130384459,0.013396925598107463,0.010104581691902875,-0,0.019233156429844266,0.012658340582550512,0.015961249379015705,0.020065470878261472,0.011831345866629425,0.012736359630900538,0.007223301669917921,0.01898866659205455
schleswig-holstein,2020,45,2020-11-02,2020.8360655737704,2020-11-08,2020.8524590163934,female,0.012944410998783754,0.01693915869175938,0.01630975750366404,0.00807622713526865,0.007847392100623672,0.024513377031152014,0.032317640514939114,0.025210510260848962,0.01663746130384459,0.025335370930646296,0.03266105501163332,0.029174982889056757,0.027759808363951612,0.027983528244253358,0.04060705099475553,0.03226040498597997,0.027197911513841405,0.03072027258971668,0.04520764556815752,0.05108908885018071,0.03811436490334804,0.04225676490953954,0.04531694066035277,0.03802069635670289,0.057965495678365515,0.03543447035130267,0.059683437984089836,0.023811050765474642,0.026963789618278017,0.013095248761019083,0.04327159915406562,0.03767204269372773,0.05225504687974333,0.01549830936280587,0.07505373802331586,0.04781517683202685,0.04745604799571057,0.04659727170486426,0.02362376536333145,0.02073133202901571,0.03174528806028686,0.021313967530290846,0.018416460826856485,0.02754129220075843,0.03927482811395119,0.0031200936037415155,0.034289703128259554,0.03318658764752034,0.03325943417459352,0.04477046749655761,0.0264747383926573,0.03894698162257058,0.020382794269463586,0.019737745474133737,0.02351971820916393,0.023795443622868267,0.027967919849274787,0.014213542369049356,0.023582146476685266,0.02859746216291918,0.03689148326677245,0.01905108942008456,0.015269441663739312,0.007717372643216724,0.013714208297844595,0.005626704410198463,0.014093909811048093,0.005990745073540965,0.018015920537615346,0.006068754118689121,0.02098103215876963,0.027567305981562446,0.01251270533882302,0.010219004050034989,0.01088994021653837,0.004394185656960979,0.010161792839493746,0.003328106500541602,-0,0.014822112251336231,0.01646580667475668
schleswig-holstein,2020,45,2020-11-02,2020.8360655737704,2020-11-08,2020.8524590163934,male,0.03330626413875032,-0,0.007738175734550922,0.015243434034403385,0.026427914580409124,0.01542028617041256,0.023540527623343504,0.023894288938503202,0.04312587814733735,0.028394550998034288,0.0307879125818611,0.011597293146249922,0.03081913106945035,0.03375375258980417,0.015227829463040868,0.03807793822626715,0.0328952025597092,0.02916457705346386,0.06712851056223629,0.06871137667749787,0.054779643806868165,0.03723492797112964,0.04770067171633308,0.048850939107006414,0.06614965694437978,0.07110659465327654,0.03483606615918174,0.0691852045230929,0.03119895750298265,0.04570207757812972,0.04608721734843636,0.04461433336172354,0.0484293449375319,0.03505981648583682,0.03639713502314873,0.04124195047018165,0.015909233441330897,0.03131342628727269,0.03666252139072491,0.03981603954288836,0.03636591318659535,0.04784640554370527,0.0563933679098293,0.04148134080943615,0.022177528585189468,0.025746372753096502,0.02898767816698684,0.04069031605807264,0.04601955745251443,0.023082722435053545,0.029263432575667894,0.01543589079952335,0.022926653405723044,0.018026324142464724,0.0320210570929211,0.03080872490483814,0.03211471483291475,0.029357085349008386,0.024289672079976055,0.034128397045318004,0.016819519862976896,0.032348859920916996,0.021178712278522308,0.013943069151946876,0.008840751485169706,0.01835924059664533,0.012481497839660073,0.009766517104661232,0.01655423474624765,0.01663746130384459,0.016746696362837068,0.020216329298186144,0.010614283224455347,0.015383875387355223,0.016876738398920378,0.005319872116098456,0.020065470878261472,0.007888998395657308,-0,0.010837929351467157,0.014239549483293321
schleswig-holstein,2020,46,2020-11-09,2020.8551912568305,2020-11-15,2020.8715846994535,female,0.008627515672217152,-0,0.008154239309067744,0.00807622713526865,0.023545729978186686,0.012252643418077446,0.036355505911910044,0.012606327948680246,0.024960789820678786,0.03378497285800318,0.012247442192931599,0.041684303047304194,0.023795443622868267,0.031984634684030094,0.04060705099475553,0.03629306230754509,0.031084488970669018,0.02304110398143001,0.0678262153458128,0.07299681194285383,0.03811436490334804,0.031688053161308447,0.0662433761739864,0.027650550167573017,0.017043192679666256,0.07443404793144749,0.03158919302963337,0.030611008172879445,0.040450929360391366,0.029466347131083353,0.03708922388012275,0.0251116624432172,0.04303220057294105,0.04340691188309837,0.050022051957037725,0.028685910867197864,0.05062063093256117,0.04659727170486426,0.04430206649845806,0.02961723282661569,0.04618090042659279,0.0334987877677958,0.04605598969322401,0.030605805111140496,0.03323341754606753,0.03120936374568795,0.05300460513288362,0.04224115222970406,0.0221723263672208,0.04477046749655761,0.024065968091178745,0.03461752025793724,0.020382794269463586,0.019737745474133737,0.04312587814733735,0.023795443622868267,0.03196382189040525,0.02843617373653753,0.023582146476685266,0.021995451266053366,0.018442470043220166,0.0142915637508084,0.03308772466685853,0.020585674173711304,0.013714208297844595,0.016881940087131325,0.01973254350024748,0.011976979202098424,0.00900718004430961,0.009105997253326543,-0,0.015311053897737304,0.009386847188447992,0.017027587568208664,0.02178216150305884,0.004394185656960979,0.010161792839493746,0.013303301564821176,0.02103305317005181,0.00592833792167956,0.01058307686459831
schleswig-holstein,2020,46,2020-11-09,2020.8551912568305,2020-11-15,2020.8715846994535,male,0.004160166408873586,0.01601846697056299,0.015477503166720077,0.019056291325799984,0.015097791550486543,0.01542028617041256,0.007847392100623672,0.03584555200389647,0.019597292361788067,0.016221329847915026,0.01924356027822808,0.027067843663946586,0.01925916605470958,0.03375375258980417,0.030465322640905113,0.04188726607735551,0.05483690412775196,0.040102259402673944,0.06005826930249454,0.041215929847533535,0.035439673896214906,0.06207303393125008,0.05406649782049767,0.03663129939483367,0.04094011204800823,0.019384012435137786,0.05701804874948457,0.05345226313178637,0.04056021445523075,0.03655844814397659,0.04608721734843636,0.047591371613833915,0.028482999357174327,0.017526953457563752,0.04853864680140423,0.031724475362465095,0.04137205377871471,0.034445806265601224,0.033608058252722395,0.03369131210964485,0.024237647810652917,0.03508063051865835,0.03132383255288551,0.03829129484069351,0.031682849991800474,0.028961663675616558,0.05154714067249704,0.05008971706102237,0.0373858362100598,0.0333426874733578,0.036584466436134756,0.03749511486337081,0.035439673896214906,0.018026324142464724,0.0320210570929211,0.026698452744252008,0.026089743854916102,0.03145911419535494,0.0265007516399071,0.01137364375328337,0.033649685164522075,0.022390819969881008,0.0291229537319156,0.013943069151946876,0.017688208050302228,0.012237039744194867,0.006240374429955163,0.022786191679816357,0.013240885636274406,0.01663746130384459,0.013396925598107463,0.006739636737892064,0.0035361202294481955,0.023077520126531876,0.012658340582550512,0.015961249379015705,0.024081575314979845,0.011831345866629425,0.016980772261945817,0.014452808310744417,0.01127482223489776
schleswig-holstein,2020,47,2020-11-16,2020.8743169398906,2020-11-22,2020.8907103825136,female,0.0043161791239144645,0.004232972284309839,0.008154239309067744,0.03634509863931343,0.0549618359558148,0.012252643418077446,0.016153708800865068,0.016809116499569208,0.01663746130384459,0.0126687431155676,0.024492567227658763,0.020840575688244416,0.03569464823491817,0.031984634684030094,0.02029956171720999,0.03629306230754509,0.03885851546315358,0.03072027258971668,0.0715960658161354,0.04378683027370379,0.034648741044737995,0.03521071841254477,0.055779105735197586,0.04493701109044341,0.04432288423100324,0.031885773988506096,0.042121455173345305,0.04082041798642933,0.03033524661797259,0.03929564383398356,0.021631298540399815,0.047091716928068995,0.03995654727719487,0.031001239287261322,0.03438856839416482,0.028685910867197864,0.044291657635310795,0.027952311458987026,0.029533985492178918,0.026656831396661633,0.02885760584026865,0.03044971350096989,0.03376936272156352,0.03366529526503517,0.03625143327962272,0.03120936374568795,0.03117294190532744,0.030168749783414453,0.038806476616152795,0.03232804698151775,0.028883620279586825,0.025959678776853377,0.014265556610544404,0.019737745474133737,0.03920717708139572,0.02577758821411524,0.019977036835577063,0.01827601128327875,0.012861190351738811,0.01759457629041233,0.013828638598991673,0.0142915637508084,0.012725957084356844,0.0025740637086042453,0.013714208297844595,0.011254017728641106,0.01973254350024748,0.00898637644528638,0.015014567457114875,0.009105997253326543,0.011987381598810925,0.009189211890783682,0.025033624825184057,0.0068124462249703355,0.01088994021653837,0.00878874266967398,0.006776041468690766,0.013303301564821176,0.010515463149157066,-0,0.018031525945672842
schleswig-holstein,2020,47,2020-11-16,2020.8743169398906,2020-11-22,2020.8907103825136,male,0.01664786463291019,0.008008616679312571,0.023212780317314965,0.015243434034403385,0.015097791550486543,0.034705979202554665,0.011768931704854315,0.01990941090441469,0.015680363933660242,0.03650641159870935,0.011545281573679298,0.019331993073529896,0.00770177033017048,0.018749379778797173,0.053322129595256944,0.04188726607735551,0.02924262087116468,0.02916457705346386,0.06359326976815236,0.048085826289634544,0.04833045297294945,0.024820322600089137,0.0317973198413002,0.03968594012741911,0.0251897001783634,0.02584522177727002,0.03800508494866891,0.05030832799871698,0.03119895750298265,0.07009642405377527,0.028800374119588697,0.03866597198938124,0.03418043121094688,0.02337405254308315,0.018197983922985494,0.02855063643920362,0.03500257793853837,0.028181234986123443,0.04583739663183136,0.027562103224358234,0.0212099249977005,0.03189097717832465,0.02818643780526826,0.019139521888064857,0.031682849991800474,0.03540324909274682,0.022546887391005764,0.04695639461022193,0.025881639886172834,0.04103898995885807,0.034144007289538335,0.01543589079952335,0.03127180124564645,0.018026324142464724,0.0320210570929211,0.006162365127346456,0.016054878197968896,0.012580321651257461,0.022083888741433234,0.01137364375328337,0.019227954506435822,0.02488275242906322,0.023826657912771082,0.019524464971410214,0.011789736417122243,0.006120760213804969,0.006240374429955163,0.019529666924480757,0.01655423474624765,0.009979757588370606,0.003348907835987936,0.016845528280604895,0.010614283224455347,0.0038481423830252345,0.012658340582550512,0.015961249379015705,0.012039393613587837,0.019722139554030384,0.008487092565593721,0.007223301669917921,0.011867754162257745
schleswig-holstein,2020,48,2020-11-23,2020.8934426229507,2020-11-29,2020.9098360655737,female,0.012944410998783754,0.008471490021595586,0.01630975750366404,0.00807622713526865,0.011774132882138057,0.012252643418077446,0.00807622713526865,0.016809116499569208,0.037443077380776374,0.029560000269871246,0.03266105501163332,0.041684303047304194,0.031724475362465095,0.015987257367367187,0.032484144230102444,0.05647145260439263,0.04274596458568107,0.03072027258971668,0.030132328671913244,0.032837966395039796,0.04504630561381224,0.03521071841254477,0.03137066077391138,0.04493701109044341,0.03067864802289615,0.031885773988506096,0.04563441818333093,0.023811050765474642,0.03370692222265413,0.049121593955608694,0.03399831185903285,0.028248871675644743,0.015363069237056595,0.02169892671091331,0.03751592987099191,0.025496649739538132,0.05062063093256117,0.031063676537320735,0.029533985492178918,0.02073133202901571,0.02020072323444674,0.05177616809673049,0.02762973910857567,0.0459154654768417,0.03927482811395119,0.024965992317620228,0.04364631218933612,0.03318658764752034,0.03603288142979663,0.017407313276408307,0.031287410632354476,0.028124004009853,0.020382794269463586,0.025657929048640265,0.009797722974486243,0.02181337458445638,0.015982055768658562,0.024372911019154214,0.02143881884417873,0.019794967221257495,0.02074693825199469,0.0142915637508084,0.00763416036108147,0.023160757125374496,0.010973157708851891,0.005626704410198463,0.0028184763814001475,0.005990745073540965,0.00900718004430961,0.015175814258995226,0.01498335845643818,0.009189211890783682,0.01251270533882302,0.0034061115513737876,0.018151167563010037,0.00878874266967398,0.01693915869175938,0.0199562288473898,0.017526953457563752,0.011857351789476216,0.01646580667475668
schleswig-holstein,2020,48,2020-11-23,2020.8934426229507,2020-11-29,2020.9098360655737,male,0.024976397313058837,0.01601846697056299,0.030954411398908175,0.02286422592514429,0.022650932598651512,0.019279973763960682,0.023540527623343504,0.023894288938503202,0.031360254498927265,0.016221329847915026,0.034638334113721636,0.019331993073529896,0.04238687075715279,0.041257562850015805,0.019035483706049034,0.02284341678160602,0.01827080945561934,0.03280674669540843,0.04238687075715279,0.03778132194850755,0.022546887391005764,0.049652497942772024,0.0317973198413002,0.03968594012741911,0.04408868522039551,0.022614516752292035,0.05701804874948457,0.03772928417949908,0.03743787363537759,0.030465322640905113,0.025918058020581027,0.02676608750513643,0.022786191679816357,0.026292646026307712,0.045504304209995065,0.015857217555683697,0.0222711685975637,0.012523107842706004,0.027494467428114004,0.03981603954288836,0.03939451861792638,0.03508063051865835,0.025054434845209295,0.031906586750892585,0.028514216461026424,0.028961663675616558,0.03543447035130267,0.03756276366860042,0.02300468786183651,0.028212451908818135,0.029263432575667894,0.03087636501203877,0.012507504087659016,0.03204707311488609,0.030017862487567888,0.024643438491696115,0.01404709714588307,0.023067115511044147,0.015456696978959239,0.018197983922985494,0.016819519862976896,0.00994855160930412,0.013235684312280121,0.019524464971410214,0.02063769478948283,0.021418010271046003,0.01559713890789836,0.009766517104661232,0.013240885636274406,0.006656426020355008,-0,0.003369709179755342,0.014151125347925895,0.019233156429844266,0.02109547845229292,0.031922196328152054,0.016054878197968896,0.011831345866629425,0.0042433731319792235,0.007223301669917921,0.011867754162257745
schleswig-holstein,2020,49,2020-11-30,2020.9125683060108,2020-12-06,2020.9289617486338,female,0.0043161791239144645,0.03388383716429119,0.012231838520603982,0.020190319194557754,0.015695968640823493,0.004082160226884292,0.028274885810422732,0.021007042657905466,0.01663746130384459,0.0211110847845598,0.03674578013809947,0.025007612311860886,0.023795443622868267,0.019987440832793094,0.03654804083075729,0.060505988029409846,0.01942562796189202,0.0806833619165159,0.033899447335101314,0.04378683027370379,0.03811436490334804,0.05635172278733789,0.06275505204608889,0.06915396299372702,0.02385787222141106,0.04252218118399032,0.04563441818333093,0.04422400007564283,0.03033524661797259,0.03929564383398356,0.024721475524169246,0.047091716928068995,0.030730678736627964,0.03720370563154478,0.03438856839416482,0.03505981648583682,0.05695037462939971,0.031063676537320735,0.026578791459724534,0.02073133202901571,0.037521133624201945,0.03044971350096989,0.02456019911947642,0.04285005021692715,0.03323341754606753,0.015602340468103605,0.03117294190532744,0.0452596908215068,0.03603288142979663,0.029840960698278855,0.04573850959640714,0.036782205881992124,0.020382794269463586,0.025657929048640265,0.019597292361788067,0.015862419141904678,0.02197464247017475,0.01827601128327875,0.025725562456160974,0.01759457629041233,0.023051508591713125,0.02619899877190042,0.02544982680800896,0.012866391638280074,0.01920194489718205,0.014067902769637996,0.016913150227306765,0.002995286265072126,0.003000486564872446,0.006068754118689121,0.011987381598810925,0.0030628902030005773,0.006255976304517954,0.010219004050034989,0.007259706739321996,0.02197984466836663,0.01693915869175938,0.0066512253549268294,0.02454459175201527,0.017787041757538067,0.03214593411706747
schleswig-holstein,2020,49,2020-11-30,2020.9125683060108,2020-12-06,2020.9289617486338,male,0.00832586650339889,0.008008616679312571,-0,0.011430856297132374,0.011321632404405547,0.007712171871679231,0.007847392100623672,0.01990941090441469,0.031360254498927265,0.020278753599968627,0.0384890407771948,0.03093359901762195,0.026968992315613713,0.030002253481954542,0.03427409284030171,0.026651628730552348,0.047523709760751855,0.05104224286850316,0.06005826930249454,0.030907583552730985,0.054779643806868165,0.04655042976961749,0.028618273609209457,0.03663129939483367,0.05039160859767728,0.029076127535001273,0.0284986079067607,0.03772928417949908,0.03119895750298265,0.03960788063437711,0.02304110398143001,0.03568944466449106,0.025631916223012953,0.03505981648583682,0.012127814158101031,0.025376991220538814,0.03181813256828335,0.03131342628727269,0.05500868546872677,0.03369131210964485,0.012117411733295511,0.02551225739274845,0.03132383255288551,0.02871192522061522,0.044364519721096195,0.016086087841743948,0.01932158920745296,0.02190701394108068,0.04889257822279298,0.02564752391682896,0.02194863148703926,0.0419080828431793,0.018759783530390296,0.03405554930090421,0.0320210570929211,0.022588505449082363,0.022073484324758055,0.020970627962757078,0.022083888741433234,0.03185455486054549,0.024034753657623774,0.007462535449723384,0.031771303944288475,0.019524464971410214,-0,0.0030576898969653043,0.006240374429955163,0.019529666924480757,0.029799336835317016,0.019966632840442634,0.013396925598107463,0.020216329298186144,-0,0.015383875387355223,0.016876738398920378,0.01064028853863916,0.008024219084426654,0.02367058665063396,0.016980772261945817,0.010837929351467157,0.01898866659205455
schleswig-holstein,2020,50,2020-12-07,2020.931693989071,2020-12-13,2020.948087431694,female,0.012944410998783754,0.012705151997512511,0.024466554984993116,0.02422724296303411,0.031396676470485545,0.024513377031152014,0.020195521214244932,0.021007042657905466,0.0291229537319156,0.025335370930646296,0.04083082615476014,0.016668671297279614,0.051567961305745195,0.047981730177697135,0.04467158249006179,0.052432024937366595,0.0466337043503344,0.06914875607398799,0.030132328671913244,0.08395413562745005,0.10401556179613322,0.04930376628152293,0.08019901323453776,0.08299579845459906,0.057965495678365515,0.0637963183300526,0.06319758766908112,0.05443608320566157,0.05056337525427806,0.06222922049610063,0.04018031963785379,0.047091716928068995,0.03688107588689908,0.05581554481428612,0.06253638877551028,0.04781517683202685,0.044291657635310795,0.08390726002882991,0.05021463748430829,0.03850985618267699,0.04040409296147972,0.05177616809673049,0.08600628658501575,0.03672496543875819,0.04834606748117311,0.037453484873130424,0.0654832139606445,0.039222788850331064,0.027712983394538208,0.052234225971386564,0.043328846804145935,0.036782205881992124,0.04688873358335968,0.0296068269025228,0.05293173093966539,0.04561880448933728,0.0299658324870681,0.038593117887923384,0.03644917145906266,0.03519510784809772,0.025361383607928202,0.021433616700117793,0.04072674456520484,0.012866391638280074,0.01920194489718205,0.008440284947649665,0.02537178868248336,0.017969104341553854,0.00900718004430961,0.024279267221947544,0.023977527244774158,0.01837484610772913,0.015643952968499925,0.013620583693301576,0.018151167563010037,0.02197984466836663,0.006776041468690766,0.02661000742044037,0.02103305317005181,0.026682844734998726,0.07530369914214612
schleswig-holstein,2020,50,2020-12-07,2020.931693989071,2020-12-13,2020.948087431694,male,0.012486699088217054,0.01601846697056299,0.011607695467007982,0.02286422592514429,0.022650932598651512,0.011566086196461307,0.0392384006239477,0.039831651494615566,0.04312587814733735,0.048679178106830694,0.04619130966791754,0.019331993073529896,0.03853067159649152,0.041257562850015805,0.04189247026803308,0.04188726607735551,0.06581122779930011,0.09118390044135224,0.10602681971035115,0.058397578855378676,0.04833045297294945,0.05275995645974098,0.04452065310584561,0.07329362916398137,0.06299454144508015,0.05817372808655679,0.05701804874948457,0.02514808003837646,0.049923156963451655,0.03655844814397659,0.04608721734843636,0.05651830347741156,0.05128167832933688,0.03798426974524372,0.03639713502314873,0.047591371613833915,0.04773710513488441,0.0532440496296608,0.06418159213978508,0.0551388232260507,0.05758547368293675,0.02232319089952605,0.04385448726457489,0.06383276302765013,0.057044077280656885,0.03218235663893203,0.06444191389747984,0.05008971706102237,0.0373858362100598,0.051302498856295,0.029263432575667894,0.07060671396573766,0.04586862415577186,0.040065831333026714,0.042027779408383883,0.032858779538540515,0.02809798995055679,0.027260344197353025,0.04859069538876203,0.02274977573873999,0.036053695852110455,0.03981603954288836,0.021178712278522308,0.008367473181271885,0.04128358349349116,0.03060060204991639,0.012481497839660073,0.035809126916119094,0.026485143689994477,0.01663746130384459,0.013396925598107463,0.033696515480125346,0.02476309532270861,0.015383875387355223,0.02109547845229292,0.042569019490703706,0.016054878197968896,0.019722139554030384,0.012736359630900538,0.018062736775831804,0.04273555603401472
schleswig-holstein,2020,51,2020-12-14,2020.950819672131,2020-12-20,2020.967213114754,female,0.03451865455673552,0.012705151997512511,0.04077878533393879,0.020190319194557754,0.023545729978186686,0.03268707135379651,0.016153708800865068,0.012606327948680246,0.04576973706096312,0.0211110847845598,0.020408804469361337,0.029174982889056757,0.023795443622868267,0.023982729643337277,0.04060705099475553,0.05647145260439263,0.062187570699602734,0.06914875607398799,0.08291246562206159,0.08761056251739786,0.05544594962462607,0.06339542834226018,0.08368850779398053,0.08645422878044343,0.105750657928246,0.06734198640505012,0.10888752520846458,0.09529927313367739,0.08767827655121557,0.06222922049610063,0.07729822361389364,0.07222613654238111,0.061484735414998076,0.06202097184721337,0.05940752221228488,0.05738244937152886,0.0664516417334017,0.09013166755685356,0.05907954876531765,0.07407994262316682,0.08373538319540595,0.060917267931368736,0.06448877195226528,0.0459154654768417,0.07857934234548479,0.07805855856588875,0.07796481803946866,0.06337460297280029,0.03603288142979663,0.049746187444349825,0.0625988639018515,0.04760698590012272,0.07137215822308132,0.059235726339223777,0.04312587814733735,0.047601781137507425,0.053951978938442884,0.06094850451252984,0.04503069209641199,0.03739624369095737,0.050729937402528534,0.03811436490334804,0.05346267382877782,0.04118470511754649,0.0356686303879782,0.033764159343787806,0.028191640624939417,0.023961920052196124,0.018015920537615346,0.024279267221947544,0.02098103215876963,0.01837484610772913,0.01251270533882302,0.010219004050034989,0.03630346956973294,0.02197984466836663,0.023717407980089054,0.0199562288473898,0.02103305317005181,0.047445638501210335,0.06863327360096325
schleswig-holstein,2020,51,2020-12-14,2020.950819672131,2020-12-20,2020.967213114754,male,0.020814565272369745,0.02803035345728778,0.027083451788759295,0.03811436490334804,0.037755303057493875,0.026989803110173446,0.015690767071246836,0.01990941090441469,0.02743723720769735,0.032447721496849546,0.05389471959199449,0.04640990421706133,0.04623815127966179,0.03750552236613986,0.06094329841436371,0.06855517064173787,0.06947158608356528,0.061989734621810955,0.06005826930249454,0.07558490683705942,0.07090351754440441,0.055862395096349805,0.06042789727624168,0.06718057776016344,0.05669529604532494,0.05494101396362606,0.07603796687758667,0.09436677407373949,0.062411438748014386,0.0670452031539982,0.04608721734843636,0.05949602333809597,0.06838334454437123,0.06429613355261093,0.0424701386704653,0.05076637294357521,0.05728874611053252,0.04384407849101936,0.04277719025318065,0.058204963019706915,0.07275206919286502,0.0510370377620362,0.053259665613398524,0.06383276302765013,0.053873898027099125,0.048278404646082226,0.08378746702433011,0.05008971706102237,0.0632860952456147,0.04617049118735174,0.05366568283669936,0.0639785420734785,0.060469545663339,0.07815229926130121,0.05003766697322137,0.05546677181900365,0.07428823957129656,0.0461444680983624,0.03975359178283967,0.040955724337225025,0.045670850154205134,0.049772212335860946,0.050318738066287845,0.044635151219282354,0.026531967553775116,0.0428448459304193,0.03432612715172817,0.022786191679816357,0.026485143689994477,0.01663746130384459,0.033503991119017196,0.016845528280604895,0.04599873904071044,0.04231921567576922,0.016876738398920378,0.015961249379015705,0.05219258417968321,0.02367058665063396,0.02547063699459589,0.04336527715973789,0.0563933679098293
schleswig-holstein,2020,52,2020-12-21,2020.9699453551912,2020-12-27,2020.9863387978141,female,0.012944410998783754,0.02117351016047691,0.012231838520603982,0.012112210521670226,0.019623302168789433,0.012252643418077446,0.016153708800865068,0.004201769753783715,0.020798959029094562,0.0211110847845598,0.008164640941084106,0.025007612311860886,0.027759808363951612,0.023982729643337277,0.03654804083075729,0.044364519721096195,0.054410055979878406,0.04608721734843636,0.056513097822771946,0.06934661939048974,0.07972508502013748,0.04578014621998244,0.073220726531653485,0.05531581109867697,0.07843873021098685,0.08153228500561942,0.06671197485566142,0.05443608320566157,0.06405663815899669,0.052400793471663994,0.04327159915406562,0.0408100098201818,0.03995654727719487,0.09305401044274926,0.06566544361556387,0.05738244937152886,0.08861586454402241,0.05592486220476618,0.029533985492178918,0.03850985618267699,0.04329241647407069,0.05787179136672308,0.0306994603021415,0.0459154654768417,0.06043830936988875,0.06868534230562054,0.037406651173937926,0.057335597719927085,0.06654015484873711,0.052234225971386564,0.052962962724253465,0.04544184961843478,0.057090928669601304,0.04738318157796869,0.04116388864131072,0.04561880448933728,0.03795825075268225,0.03452906146380004,0.04288648023708342,0.04400021031311559,0.03227601466945045,0.04049776580148282,0.03818201451418922,0.020585674173711304,0.03841098308084917,0.030949208302808583,0.022552089646446647,0.04193930800754016,0.021022648963630854,0.024279267221947544,0.01498335845643818,0.015311053897737304,0.025033624825184057,0.020434814682275072,0.02178216150305884,0.02197984466836663,0.023717407980089054,0.0166322596400894,0.035065019993264036,0.03261422562853843,0.10435423967684762
schleswig-holstein,2020,52,2020-12-21,2020.9699453551912,2020-12-27,2020.9863387978141,male,0.012486699088217054,0.01601846697056299,0.0038689439265003588,0.007618558073008363,0.022650932598651512,0.011566086196461307,0.0039209478215878266,0.011945772024446666,0.02351971820916393,0.024336493966865543,0.034638334113721636,0.027067843663946586,0.026968992315613713,0.018749379778797173,0.015227829463040868,0.04188726607735551,0.0328952025597092,0.061989734621810955,0.06359326976815236,0.051526320047585415,0.028992881066826102,0.040341644495229034,0.06679528173005299,0.06412432152798551,0.07560573709717888,0.03877525333294961,0.050677886673886896,0.05345226313178637,0.05616952576858913,0.05484731510196017,0.0662642026923929,0.04461433336172354,0.054128962771555586,0.046753411793750844,0.04853864680140423,0.03806753060893172,0.050922525551517786,0.040711132344735924,0.030553774522355855,0.0551388232260507,0.0666859414847871,0.041465728362415195,0.03758878246328038,0.031906586750892585,0.031682849991800474,0.03861913719815811,0.03543447035130267,0.04695639461022193,0.028758751089564986,0.04360467727429517,0.046342243901273755,0.03528877130508677,0.033353094145075333,0.030043877507337415,0.040029403288893,0.03696953868221401,0.04416154702177755,0.033556024659833324,0.024289672079976055,0.05461827415087846,0.04807541666906291,0.03981603954288836,0.04237125803825378,0.039056263556700985,0.02358734883569222,0.033660091897678726,0.0499335669539198,0.026042920389337868,0.03973277587948891,0.029950223497072753,0.023452087670595173,0.013474945754614267,0.017688208050302228,0.023077520126531876,0.012658340582550512,0.02660480475902166,0.024081575314979845,0.02761413081979635,0.038213237441185405,0.028904431840409462,0.06886758318250209
schleswig-holstein,2020,53,2020-12-28,2020.9890710382513,2021-01-03,2021.0054794520547,female,0.008627515672217152,0.02117351016047691,0.004076959818915024,0.004035356573860712,0.003926148213960467,0.004082160226884292,0.024232445386586157,0.021007042657905466,0.008320665671008401,0.03801028875082421,0.01632536239969773,0.020840575688244416,0.023795443622868267,0.015987257367367187,0.01624213634162231,0.04033123642481093,0.027197911513841405,0.02304110398143001,0.022598909968806032,0.04378683027370379,0.06585288049829609,0.05635172278733789,0.0662433761739864,0.05185424585827647,0.057965495678365515,0.07088789626118955,0.07725135401488413,0.03741705865900149,0.0674305010359225,0.05567499422135209,0.05254654047208713,0.028248871675644743,0.04303220057294105,0.049610858218473844,0.06253638877551028,0.03824966421303955,0.034794438297652816,0.06214071471842075,0.04135123722747422,0.04739879580174918,0.057731235215871826,0.021313967530290846,0.07986049264064597,0.04897585655438832,0.042298398745359116,0.06556131230598523,0.04052378606476071,0.048278404646082226,0.044348906408407565,0.03481525222425171,0.05777808722394185,0.04544184961843478,0.04484853473977693,0.0296068269025228,0.029398708857967443,0.02974730705346839,0.03795825075268225,0.03249975398073074,0.055758283415752785,0.039597472710824616,0.041502157412759554,0.047643419253039575,0.048366886832761004,0.03603288142979663,0.0356686303879782,0.02250526936623804,0.033831803295450234,0.014972955460375015,0.015014567457114875,0.012138216584987522,0.017984709735555854,0.030631820425052896,0.04381285218285383,0.04087766293802634,0.02178216150305884,0.03956624895266614,0.044057458765341895,0.0365948737566443,0.017526953457563752,0.03261422562853843,0.09807082156269274
schleswig-holstein,2020,53,2020-12-28,2020.9890710382513,2021-01-03,2021.0054794520547,male,-0,0.02803035345728778,0.015477503166720077,0.015243434034403385,0.00755094821210531,0.01542028617041256,0.007847392100623672,0.015930039810160994,0.011758529351841764,0.028394550998034288,0.0384890407771948,0.01546710007179904,0.01540988308693832,0.030002253481954542,0.019035483706049034,0.0304601195937375,0.025585093169684187,0.03645437510551518,0.035319992494909205,0.058397578855378676,0.05800193628960287,0.055862395096349805,0.050886089901057426,0.07940219134800339,0.037786525728276024,0.05817372808655679,0.06652453487625598,0.03143830161206648,0.05616952576858913,0.027416426234070354,0.0403260323903802,0.050568580313332466,0.07408515003670413,0.04383366971954734,0.03336350081887554,0.04124195047018165,0.028639085063834686,0.028181234986123443,0.05806440596828428,0.03981603954288836,0.030298825389861624,0.04784640554370527,0.02818643780526826,0.05105785819104174,0.03802069635670289,0.03540324909274682,0.022546887391005764,0.02190701394108068,0.0373858362100598,0.03590799507088156,0.029263432575667894,0.048528237090184334,0.033353094145075333,0.030043877507337415,0.026016907371119266,0.028753548213157502,0.03612654639581978,0.029357085349008386,0.035335603096852845,0.02957560914273836,0.024034753657623774,0.0447912854166238,0.0291229537319156,0.016736293013998777,0.05013135716876957,0.01835924059664533,0.024960789820678786,0.022786191679816357,0.03310853791032595,0.006656426020355008,0.03685505744633147,0.02695338422516247,0.028300899958220646,0.04616528656850971,0.04220472266164121,0.05321802300051733,0.02809798995055679,0.051297293723776824,0.02547063699459589,0.04336527715973789,0.0682740009598429
schleswig-holstein,2021,1,2021-01-04,2021.0082191780823,2021-01-10,2021.0246575342467,female,0.021038255274045806,0.02094981957697701,0.0041549659931030825,0.020060268871590133,0.0396599202833872,0.019290377621711437,0.0040301561705664,0.015966450975643053,0.020783352790503123,0.016408588590982542,0.012554315366835196,0.02024233941481887,0.02885760584026865,0.03542926680690537,0.027811836157200263,0.02819684344512536,0.036095324721732734,0.061791899296691585,0.06883113495602729,0.0868344618114032,0.1063967745847782,0.08062086505888992,0.08487603098784396,0.06610279739292035,0.12575794537852478,0.08450102073365649,0.07000790488484442,0.09018896681923529,0.08712094058906064,0.08932948451305192,0.057439712558591385,0.08152707684625352,0.07024222066049794,0.050964166326165516,0.045483486004473744,0.06120360396101662,0.037458688620085674,0.04966811284797735,0.03971195998447088,0.05819975719620943,0.04964729297540838,0.042881275946929566,0.0632860952456147,0.054795260251763026,0.07892306249718994,0.05106826840867064,0.0464983832243906,0.07133050110283684,0.05406129241129367,0.06904982469806735,0.06675362827617443,0.052739135349216426,0.05609664713984024,0.05897543064331097,0.03551252357970115,0.029424723567983084,0.04754973353997798,0.05595089018875102,0.042714738936932284,0.055758283415752785,0.03964430838321295,0.04621733278034269,0.038171606876023265,0.030611008172879445,0.033550821303411006,0.016559436402197862,0.022604112229445653,0.025574688052447232,0.030194764878671343,0.021215127119388867,0.03985767142458456,0.012127814158101031,0.034107583393643275,0.0222711685975637,0.04159062806984951,0.025933665800282155,0.040341644495229034,0.04171032390431999,0.04112225571382718,0.06863848046908567,0.10888231430856746
schleswig-holstein,2021,1,2021-01-04,2021.0082191780823,2021-01-10,2021.0246575342467,male,0.02383186029624033,0.01614330557066179,0.0039157474297410386,0.022754978014472772,0.01877538916167991,0.014858522641044869,0.007618558073008363,0.007738175734550922,0.011826144683617312,0.019358002747831886,0.02009668292923525,0.019019877996702707,0.030668241886397156,0.030506947036964844,0.04086205067225217,0.04533775879919775,0.041543790644406255,0.05430594720703528,0.05421224948968314,0.07782420756668122,0.10328610923724293,0.08078752351281944,0.049501554100836294,0.08263642656814447,0.09125161912850836,0.07186163188568351,0.06715975087473644,0.04384407849101936,0.062291695253397006,0.06162530171195693,0.08705322728099753,0.06524891962838536,0.06418159213978508,0.07855851089415898,0.07161168731209824,0.08363121569406655,0.03743266989050533,0.056221581994520264,0.07679307571717112,0.06620172316219711,0.03636591318659535,0.03891055436222637,0.05669529604532494,0.0342116517353205,0.05383225492232595,0.05364486136351347,0.04484853473977693,0.04161664887999607,0.06238540753007263,0.06321841296765442,0.05121401167429926,0.05847046070899056,0.06405663815899669,0.022926653405723044,0.04619130966791754,0.050199022414988075,0.04121072572456986,0.030241592082934123,0.029471550078810655,0.04444258635487082,0.04578014621998244,0.026547575517742065,0.032572599545633685,0.04794529658774495,0.028150018082169055,0.03877004945423558,0.034097176570930005,0.02854023072854931,0.02320237567476316,0.030288419329371697,0.033972294860823427,0.0273748043118027,0.041398074479481066,0.03636070954899522,0.027697375080772323,0.04358385982927565,0.08815227725691012,0.05439964509321392,0.020606482413774968,0.06235937632516789,0.07017452932796846
schleswig-holstein,2021,2,2021-01-11,2021.027397260274,2021-01-17,2021.0438356164384,female,0.029455941237184754,0.0335248045290979,0.01247109534410109,0.020060268871590133,0.015862419141904678,0.023150352493231968,0.01209140568038306,0.023951515259748424,0.020783352790503123,0.028722330965627346,0.03767724646256034,0.03239568906503907,0.024731880470681117,0.027551697711517227,0.01191456486552351,0.03625663690628759,0.07622544115245061,0.05792384929678916,0.07648061555709501,0.056612005350090255,0.04766944309217528,0.09114743656941279,0.07072126953219447,0.0800271486576184,0.10874162020865447,0.07435072881844113,0.09453347658879271,0.0416062405543761,0.050240662610264004,0.07277289831823161,0.05105265308300593,0.05131811425698727,0.05802275950749141,0.038967797211359845,0.04244932167963679,0.06120360396101662,0.0343365340202617,0.05587801186642169,0.05194273412975135,0.061115099928952456,0.046722183738465074,0.03430010998950347,0.051229627048413405,0.03652202255682473,0.060698612388635116,0.06910710073487455,0.058902548081943354,0.03720370563154478,0.06608717755181963,0.03865556425435226,0.03954543312430966,0.03834853700813492,0.04746125274373922,0.06101097773113807,0.019727341526875847,0.04316230836073877,0.041601036392344484,0.027967919849274787,0.030506947036964844,0.040742356790355296,0.028628679335480925,0.034659147977837125,0.03339992419357441,0.030611008172879445,0.020642896853925143,0.022078686532838312,0.025434219173531215,0.01989380493278631,0.03623582240274669,0.009090394523631421,0.03679261324207747,0.01819278210312578,0.027900283525187867,0.028633882199400405,0.024258457512136344,0.018525699623015233,0.026890951910194433,0.03823405273626483,0.047981730177697135,0.050568580313332466,0.09756547183367548
schleswig-holstein,2021,2,2021-01-11,2021.027397260274,2021-01-17,2021.0438356164384,male,0.01191456486552351,0.020179915156756156,0.011753328176112956,0.018962657102494423,0.015019768959045821,0.014858522641044869,0.011430856297132374,0.015477503166720077,0.01971173560989486,0.015487906263722354,0.02009668292923525,0.022827809929420007,0.011498471202837403,0.0381351801588494,0.0222815730537926,0.05290049917384125,0.03776571061233823,0.04706569337805377,0.03975359178283967,0.04243370894198143,0.04817430814862606,0.06461893343711238,0.06808134853700301,0.07627230982677412,0.04560319080003762,0.06873220418438682,0.06715975087473644,0.0375783749438473,0.062291695253397006,0.06470744343290934,0.05701804874948457,0.059574112691838356,0.04375039962277747,0.06732636619170972,0.04009185138016989,0.0627081955535602,0.0717679025298025,0.0499752069366324,0.061427467773324355,0.030080298556886934,0.07275206919286502,0.03891055436222637,0.02204227108722312,0.043547429320547955,0.034825659190675325,0.041018173540948666,0.019217550661174313,0.0512244219231896,0.018707764793239677,0.040221951811198545,0.0486531537623598,0.04140848276343457,0.03974838780622368,0.04795050138474914,0.04016470758144566,0.028108395572714745,0.024721475524169246,0.022177528585189468,0.05264023518807825,0.03999817927137783,0.02288503507700988,0.036204600663048446,0.03508063051865835,0.03195861869330353,0.02251567386930727,0.02982014876263316,0.037198501910100344,0.02854023072854931,0.029830554729414812,0.030288419329371697,0.04757055257273833,0.034222058580943855,0.03794263936338985,0.029086533352894357,0.04749248124286842,0.021787363681988747,0.07161168731209824,0.02091860701391948,0.05772082366425501,0.07127322261699284,0.07691285260967541
schleswig-holstein,2021,3,2021-01-18,2021.0465753424658,2021-01-24,2021.0630136986301,female,0.008414280733668927,0.008377874855941806,0.01247109534410109,0.04012827946804521,0.015862419141904678,0.027010613913061827,0.020148703055823725,0.023951515259748424,0.020783352790503123,0.00410296186397373,0.04186644931987091,0.02834252262175637,0.008242653247524817,0.03542926680690537,0.03178691348093245,0.012081003262860929,0.02406076568428216,0.050199022414988075,0.0420485962304584,0.07927720078739103,0.06601428502204022,0.059579318652927135,0.06010512340727049,0.0800271486576184,0.06454083650710833,0.07435072881844113,0.07351233767420673,0.04854385165779853,0.10724611756399022,0.08601670380154981,0.07340298330410988,0.05131811425698727,0.03969114409778556,0.07496521041519545,0.06369219076336763,0.06426489496045906,0.05931902123709756,0.04035205256773036,0.07334049519587547,0.0494651194460162,0.06133375722299118,0.07148671547581971,0.04821074189902891,0.0700235259037039,0.05766356016762223,0.06610279739292035,0.07441321814068014,0.049610858218473844,0.05105785819104174,0.08563126817966449,0.04202257520417025,0.06712851056223629,0.049621268146422426,0.0386347487905436,0.04340691188309837,0.04904872520394517,0.0237694317289319,0.041954920596754805,0.04067990791786589,0.04503069209641199,0.046258969787315696,0.034659147977837125,0.04055501039788441,0.02805636748274747,0.012902800658613022,0.030361261796526377,0.022604112229445653,0.01989380493278631,0.012075802054883114,0.0333426874733578,0.02452378193602447,0.015160209707930345,0.03720890935350417,0.03500257793853837,0.024258457512136344,0.029638044681042794,0.05827784460334798,0.03823405273626483,0.03426888941201995,0.05779370456934408,0.13038171917152547
schleswig-holstein,2021,3,2021-01-18,2021.0465753424658,2021-01-24,2021.0630136986301,male,0.007941006311263562,0.040362460642314926,0.011753328176112956,0.03413360045953551,0.03004908051285659,0.01857251632018874,0.03429490655862406,0.019352800811928403,0.007883797606960438,0.02322838728504327,0.03215634054928352,0.015217426418069304,0.030668241886397156,0.007623758835177322,0.014853321155237414,0.04911638904139167,0.03398790505818819,0.07604838209734183,0.05059981067861753,0.07074209784411946,0.051614807761036816,0.06461893343711238,0.058788018549044085,0.06355161887910069,0.07298639733428208,0.046852300759208605,0.06076108530702727,0.05011053711073083,0.043594268550743664,0.0708774820749848,0.05401444375193516,0.04254299820398647,0.09045983691428207,0.05610185275278967,0.06587891345211432,0.05673173576644688,0.03743266989050533,0.05935025685820077,0.06449918485906356,0.04211625095975073,0.03939451861792638,0.03891055436222637,0.0251897001783634,0.04665972768415453,0.04115868452354951,0.05995935521993743,0.05446731589378809,0.04481730782842382,0.0467794351874785,0.03734941004332476,0.040971336631123415,0.04140848276343457,0.05079760342765161,0.04795050138474914,0.03815599542268296,0.02409198013345158,0.04739359105996614,0.0383069063346535,0.03368090537024011,0.03555415201608146,0.03204186990944834,0.03137586391218727,0.03508063051865835,0.05061022080454732,0.033779769478671215,0.035788312591700434,0.04650358787657199,0.006339186381260658,0.01656983971564772,0.033654888530837174,0.04757055257273833,0.020528451556473076,0.0344926372981892,0.018177176646680372,0.059371080616026674,0.030506947036964844,0.038551487018638385,0.0418404283847239,0.008242653247524817,0.017807848877735198,0.07523079369170049
schleswig-holstein,2021,4,2021-01-25,2021.0657534246575,2021-01-31,2021.0821917808219,female,0.029455941237184754,0.03771887663194529,0.01247109534410109,0.020060268871590133,0.027759808363951612,0.011576488510976585,0.0040301561705664,0.0199562288473898,0.03741185491621222,0.036927909112735385,0.03349358441710086,0.036443967813130876,0.012367070502966001,0.015742782790398663,0.03973277587948891,0.05640898483935933,0.036095324721732734,0.06565503047522177,0.0611775733477102,0.08305308985443255,0.06968507154564868,0.04555634976026216,0.06718057776016344,0.06610279739292035,0.054342385253819986,0.06759191045657721,0.038494244627781296,0.045072328153238396,0.030137531686282654,0.052916115054408554,0.05105265308300593,0.04225676490953954,0.051911502957923635,0.03297325197669694,0.02425325508598765,0.048955036958984524,0.049949181943532414,0.02793150027922066,0.04277198597395902,0.046555634427008205,0.05548759402171901,0.042881275946929566,0.03313975779114117,0.03652202255682473,0.05158878194732986,0.08113646638068879,0.058902548081943354,0.031001239287261322,0.06608717755181963,0.05523252261298737,0.05438402876712825,0.03834853700813492,0.03882729214870378,0.04066429571146475,0.03946216989421609,0.02157407477250906,0.033675702001315866,0.045957102242106626,0.04474964958482576,0.040742356790355296,0.037443077380776374,0.03003867450234462,0.019082300862194364,0.03571025894933535,0.007738175734550922,0.024841132534752543,0.016954763776679642,0.01136844261605168,0.03623582240274669,0.01818237846497322,0.042928114577088256,0.03336350081887554,0.00929843130453477,0.012725957084356844,0.0277233889396535,0.029638044681042794,0.03585595917652014,0.04171032390431999,0.04112225571382718,0.06502503936387813,0.10435423967684762
schleswig-holstein,2021,4,2021-01-25,2021.0657534246575,2021-01-31,2021.0821917808219,male,0.031781710301532415,0.008071026327846035,0.011753328176112956,0.022754978014472772,0.022531280627817375,0.02228677528269061,0.026672439398101128,0.019352800811928403,0.035486505823880056,0.019358002747831886,0.04824197084826575,0.03424287227843877,0.02299948556111598,0.007623758835177322,0.029716089209353567,0.018884628711859346,0.011326833536955195,0.010858733691253035,0.046982418105538305,0.03536162077716536,0.0344041787164938,0.035533337793728505,0.08046462324343331,0.04765903355495698,0.05777288144317956,0.024981599811556003,0.04796091098031463,0.07204388389465144,0.04671177439087063,0.05546156626963049,0.05101621734136701,0.04254299820398647,0.049584833407722656,0.028040759065911126,0.034362551200704666,0.03881168049850649,0.03743266989050533,0.03435214432696426,0.05527937236977001,0.03308772466685853,0.03333228080372293,0.026937776139390295,0.037791729508559475,0.021766554969380177,0.050662271465457084,0.034705979202554665,0.03203146350014633,0.04161664887999607,0.03430010998950347,0.02297867636345579,0.058902548081943354,0.04628499293360102,0.03312414784839057,0.04377642151369684,0.018073140390041906,0.028108395572714745,0.05152111489266297,0.026209404014061723,0.04210584253412989,0.04444258635487082,0.01601846697056299,0.04103378585360237,0.030069892540127745,0.04261585783960033,0.028150018082169055,0.02683892503831361,0.03099603618647037,0.019025079899295843,0.01656983971564772,0.023556134689440244,0.020382794269463586,0.0376460238573933,0.03794263936338985,0.03636070954899522,0.03561659473314601,0.017428120244662573,0.02753088669208184,0.037656431390365966,0.05359280771702968,0.05790302611850882,0.06792514439380945
schleswig-holstein,2021,5,2021-02-01,2021.0849315068492,2021-02-07,2021.1013698630136,female,0.01262193173338156,0.02933627360702296,0.02910734499492751,0.008024219084426654,0.015862419141904678,0.015430689255968034,0.020148703055823725,0.0199562288473898,0.020783352790503123,0.016408588590982542,0.004186168495544676,0.012143417799208247,0.008242653247524817,0.015742782790398663,0.035757091120693925,0.016112095892539705,0.012028991206470531,0.0424701386704653,0.02675568215158173,0.041512565717546246,0.032994065174346165,0.04555634976026216,0.06364533342638877,0.024341696401347795,0.0713357082410395,0.05068309174440938,0.04549389510619258,0.045072328153238396,0.04354222496423847,0.04630060682762218,0.038286091010411194,0.04829401913867109,0.03969114409778556,0.035970438212844374,0.04244932167963679,0.030590195929035793,0.021844587684595407,0.034144007289538335,0.02138159528810311,0.04364631218933612,0.046722183738465074,0.03430010998950347,0.03313975779114117,0.03956624895266614,0.03641274594845814,0.04506191913590638,0.03719329818918244,0.049610858218473844,0.03603808503459689,0.04141889104947138,0.027187506073877092,0.03594962382386245,0.03451345110398719,0.0386347487905436,0.03156838039428185,0.03727135405766968,0.03961828856001279,0.02197464247017475,0.0345758925713617,0.027874269577812125,0.0154150846284124,0.023103531674356394,0.007155692322920859,0.01530065083611597,0.012902800658613022,0.013797430310069239,0.014130319690867144,0.017048394384522287,0.003016087467382218,0.01818237846497322,0.009194412810043424,0.0212255313643211,0.018598525614607966,0.006359988921251389,0.017324085486646892,0.011113587529125463,0.03585595917652014,0.01737610283963735,0.05140660161613226,0.02527814308643993,0.05836634380652947
schleswig-holstein,2021,5,2021-02-01,2021.0849315068492,2021-02-07,2021.1013698630136,male,0.015888427080825895,0.028248871675644743,0.011753328176112956,0.018962657102494423,0.03004908051285659,0.01857251632018874,0.03810916109077172,0.03483606615918174,0.015768790669483494,0.030975223788524315,0.024112789776640834,0.03043930741028471,0.030668241886397156,0.02287983278826568,0.029716089209353567,0.022666539397751102,0.018879426823316448,0.028956460778900777,0.021678118033694314,0.03536162077716536,0.03096481759267501,0.029070924626838492,0.043313233802415405,0.04129919588583092,0.03648039334560602,0.05623199324595999,0.03836935235737405,0.040711132344735924,0.037365021254513645,0.043131082461977444,0.04500987408050042,0.031193754382408043,0.03791662039165875,0.028040759065911126,0.04868438297729126,0.020892596559013498,0.06552486639689192,0.056221581994520264,0.04299056614959863,0.030080298556886934,0.054555808612033296,0.029929411517696826,0.031490333085906506,0.02798873104361682,0.022156719716449013,0.031547567767260434,0.03203146350014633,0.03841618692362413,0.028061570289404557,0.03734941004332476,0.058902548081943354,0.021917418324447695,0.02649554898941377,0.035439673896214906,0.022089090950548597,0.030111516619658954,0.03296804867858917,0.04637867636807048,0.02315555480904589,0.04222033533054472,0.03204186990944834,0.028961663675616558,0.027562103224358234,0.03195861869330353,0.028150018082169055,0.017891077441780787,0.02479951267375945,0.019025079899295843,0.013256489611384628,0.016824721545464133,0.027177100635994957,0.0068436503220691836,0.020694917526936325,0.003634927042177917,0.007909801555657911,0.004357782593639265,0.04956921852751923,0.02928424428850047,0.020606482413774968,0.02226076414341658,0.039285235972925804
schleswig-holstein,2021,6,2021-02-08,2021.1041095890412,2021-02-14,2021.1205479452055,female,0.004206970174240745,0.012569919135928956,0.008315464839132307,0.03209910519786996,0.015862419141904678,0.011576488510976585,0.008060624714555516,0.0199562288473898,0.0166218563141458,0.008206247489956096,0.012554315366835196,0.02024233941481887,0.012367070502966001,0.011805339956782778,0.01191456486552351,0.03222398240944775,0.02807197590427464,0.0424701386704653,0.022931855699151363,0.026412306652358733,0.04033123642481093,0.03153195830246389,0.03534601016741689,0.04521805461466013,0.04075276494306161,0.04392214434346856,0.041996554190897345,0.03466955491301903,0.04689393827461118,0.04960565325528393,0.06382235025430076,0.030179155819956553,0.03358204144977235,0.04796611577887593,0.03942053832916226,0.030590195929035793,0.02809278714026155,0.034144007289538335,0.02138159528810311,0.03491411848936589,0.040882867027663215,0.03430010998950347,0.030127125658070207,0.0334779743681285,0.03641274594845814,0.0360432886399121,0.0340919731603515,0.04030521625787691,0.03303048829028063,0.03589238429710271,0.037073612751732314,0.028758751089564986,0.03235406315707275,0.016262942843654794,0.02564752391682896,0.01372981241499424,0.03764082009169099,0.03196382189040525,0.03864515652140638,0.027874269577812125,0.028628679335480925,0.0277233889396535,0.019082300862194364,0.022952664878080786,0.012902800658613022,0.016559436402197862,0.008476690869076719,0.008523498519785691,0.015092590040751079,0.012122612945435263,0.012263045869935648,0.006063553512041092,0.01549830936280587,0.003182497385412486,0.024258457512136344,0.018525699623015233,0.013443737677968907,0.024326089099468276,0.020559663885343877,0.014442405420821295,0.05987605929634942
schleswig-holstein,2021,6,2021-02-08,2021.1041095890412,2021-02-14,2021.1205479452055,male,0.003972951768688912,0.028248871675644743,0.027432034463506887,0.018962657102494423,0.01877538916167991,0.04086205067225217,0.01905108942008456,0.015477503166720077,0.015768790669483494,0.02322838728504327,0.02009668292923525,0.015217426418069304,0.034503044200046816,0.019061493232041562,0.011139593093019493,0.03778132194850755,0.015102993060748082,0.03257780280417161,0.05059981067861753,0.03536162077716536,0.04817430814862606,0.0452232591386899,0.034029532274063135,0.034945339454244696,0.02127755262020775,0.03123017623734026,0.03196902508803339,0.040711132344735924,0.043594268550743664,0.05237997250494991,0.06602990484124538,0.03687066850910866,0.02916457705346386,0.0364595787524942,0.02003946085009725,0.04179879491557686,0.031193754382408043,0.03435214432696426,0.03377456609985414,0.030080298556886934,0.03939451861792638,0.02094981957697701,0.04409388963139131,0.03732339136842299,0.025324965863378235,0.041018173540948666,0.03523673603037832,0.04481730782842382,0.037422262402317275,0.028727533838911377,0.03584555200389647,0.03166203731896339,0.024289672079976055,0.022926653405723044,0.03815599542268296,0.028108395572714745,0.03296804867858917,0.026209404014061723,0.025262535503498197,0.02666203406328567,0.02288503507700988,0.026547575517742065,0.027562103224358234,0.01065069066795533,0.002813276099801863,0.02087178820446432,0.04650358787657199,0.012684346918992246,0.01656983971564772,0.020190319194557754,0.023779836484946176,0.0068436503220691836,0.010343828727871672,0.02544982680800896,0.01582600804926714,0.02614697259232536,0.05507635706188782,0.016731091340357246,0.016486613266285477,0.035627001859946744,0.03816119923994037
schleswig-holstein,2021,7,2021-02-15,2021.123287671233,2021-02-21,2021.1397260273973,female,0.008414280733668927,0.012569919135928956,0.01247109534410109,0.02407637290652759,0.019826179109866764,0.015430689255968034,-0,0.0199562288473898,0.0041549659931030825,0.012304655698178278,0.008372674018343875,0.016195321742485336,0.020611684475094802,0.031490333085906506,0.01986259300359185,0.04834606748117311,0.036095324721732734,0.023160757125374496,0.0420485962304584,0.022640528068518795,0.07702221436117426,0.02803035345728778,0.042418096209019505,0.03477882785817386,0.027166695200194997,0.04054460228475993,0.04899667615812779,0.0416062405543761,0.030137531686282654,0.023145150177944288,0.04466637802124738,0.05131811425698727,0.04580096454427208,0.017979507937036752,0.015155008191951251,0.042834437358960406,0.02809278714026155,0.024830727566379846,0.018328029588521866,0.03200024428471833,0.040882867027663215,0.03430010998950347,0.012049796022780333,0.030434104365725925,0.045514713315881195,0.03003347149786665,0.03719329818918244,0.031001239287261322,0.042043392024161394,0.024846335019722523,0.014827313734021907,0.04074756086645094,0.02156887261491116,0.02236480877856809,0.02564752391682896,0.02550185229009158,0.021787363681988747,0.027967919849274787,0.03254138000532251,0.023582146476685266,0.02202146227260865,0.013859846906638294,0.014312369472382432,0.022952664878080786,0.007738175734550922,0.013797430310069239,0.005652707230202153,0.017048394384522287,0.0060375504865854464,0.012122612945435263,0.015326658494068715,0.009095595433007688,0.01549830936280587,0.012725957084356844,0.003463315329682109,0.014816910769176628,0.022406426690912987,0.013901458012643687,0.010276215323515192,0.03249975398073074,0.04066429571146475
schleswig-holstein,2021,7,2021-02-15,2021.123287671233,2021-02-21,2021.1397260273973,male,0.015888427080825895,0.01210700931057096,0.03134984822602566,0.007582152752366816,0.01877538916167991,0.02600129956643897,0.015238232510093647,0.015477503166720077,0.015768790669483494,0.030975223788524315,0.024112789776640834,0.022827809929420007,0.007665364951277586,0.011436057440606802,0.0222815730537926,0.04533775879919775,0.03776571061233823,0.057929055092665035,0.03975359178283967,0.024747487894355522,0.051614807761036816,0.03230203081897313,0.04640990421706133,0.04765903355495698,0.05473279450031702,0.04060184693272187,0.054363207006305404,0.025049232339419344,0.02490876487992069,0.030803521823315843,0.036006863413623476,0.03403473567838767,0.03499737443736535,0.02523652287566438,0.022905844237202794,0.023878681770913925,0.02807197590427464,0.03435214432696426,0.027634941872547066,0.015040574971984157,0.030298825389861624,0.02094981957697701,0.02204227108722312,0.031100098301149643,0.037994677345914794,0.034705979202554665,0.02242203341663477,0.028805577000687144,0.021823778949087637,0.05171891114610578,0.02304110398143001,0.026792100898129674,0.030912786644671408,0.029180185807636972,0.020081076901403663,0.020075874893171124,0.030907583552730985,0.022177528585189468,0.01894184952021084,0.02221914634764591,0.02288503507700988,0.01930598341224335,0.012528309095424985,0.026630818071332094,0.019701331667840917,0.02087178820446432,0.0123982779334561,0.006339186381260658,-0,0.013459341713950376,0.010187797927392828,0.013688201446341705,-0,0.014541232959114825,0.01978456326255091,0.013069242219069821,0.00550709160564713,0.016731091340357246,0.01236186926637474,0.04453626647010809,0.031984634684030094
schleswig-holstein,2021,8,2021-02-22,2021.1424657534246,2021-02-28,2021.158904109589,female,0.021038255274045806,0.004191368914435681,0.02078855486951126,0.02407637290652759,0.015862419141904678,0.007717372643216724,0.020148703055823725,0.015966450975643053,0.024939979838129556,0.028722330965627346,0.029305056009662427,0.02429487450977393,0.02885760584026865,0.015742782790398663,0.04370876462439663,0.020138299026342812,0.052140531986948055,0.030886771190187033,0.04587382874492137,0.037734487954054215,0.021995451266053366,0.04905913501936042,0.0318129293857595,0.06610279739292035,0.030558977578888674,0.027026222020690896,0.038494244627781296,0.03119895750298265,0.04019072767806515,0.029757713005673345,0.025517459944863426,0.021126691121516255,0.051911502957923635,0.026974195013475727,0.02728635783760315,0.03671455809221196,0.037458688620085674,0.034144007289538335,0.045826987461351866,0.023275208216344843,0.023358445531629923,0.03430010998950347,0.027114668052427793,0.02434689883634476,0.03944655805341209,0.03304089489951268,0.015493107813001068,0.02169892671091331,0.024019146447869892,0.027608928057912943,0.02965885654380517,0.016772704744035773,0.03235406315707275,0.028462187965017663,0.01380783307096228,0.011768931704854315,0.031693256331342824,0.011982180400191667,0.020335975942431007,0.030017862487567888,0.019820977127133783,0.016169313650069517,0.014312369472382432,0.0127519634546151,0.01032302459408969,0.011035570915488218,0.011300827879420765,0.017048394384522287,0.009053988172539539,0.012122612945435263,0.009194412810043424,0.012127814158101031,0.003099292359832304,0.028633882199400405,0.013859846906638294,-0,0.013443737677968907,0.01737610283963735,0.017131621733031416,0.014442405420821295,0.028613070746857473
schleswig-holstein,2021,8,2021-02-22,2021.1424657534246,2021-02-28,2021.158904109589,male,0.015888427080825895,0.024211635695512428,0.03134984822602566,0.01137364375328337,0.015019768959045821,0.014858522641044869,0.030486134834770095,0.011607695467007982,0.027598522535702004,0.02710426262912664,0.016075684625069052,0.03424287227843877,0.026833722353991372,0.041949716399827155,0.03714646472433167,0.03399831185903285,0.030210373942077342,0.04706569337805377,0.03975359178283967,0.03182333575133362,0.0344041787164938,0.0452232591386899,0.03712044615096944,0.06355161887910069,0.039519413350584745,0.046852300759208605,0.04796091098031463,0.04697721340543084,0.043594268550743664,0.03696433498420876,0.04500987408050042,0.03687066850910866,0.03499737443736535,0.033654888530837174,0.03722452052251837,0.03881168049850649,0.02807197590427464,0.03435214432696426,0.036844650073748424,0.030080298556886934,0.03333228080372293,0.03891055436222637,0.031490333085906506,0.0342116517353205,0.031656834152052817,0.022083888741433234,0.02242203341663477,0.03521071841254477,0.024945182332989004,0.020107086950389725,0.017922288187641487,0.03653763351962092,0.030912786644671408,0.018759783530390296,0.03012192264474778,0.014052298551039937,0.022661337130866044,0.010078576645625783,0.035788312591700434,0.015550324889442071,0.01601846697056299,0.016892343465108452,0.027562103224358234,0.013313704226862691,0.008440284947649665,0.011924967249750274,0.01549830936280587,0.02536658614494264,0.019888602943288165,0.010094179671830277,0.013589375529244961,0.013688201446341705,0.024144004257039185,-0,0.01582600804926714,0.017428120244662573,0.022026664475484493,0.025101257420712536,0.01236186926637474,0.013355314895833638,0.018515295918255667
schleswig-holstein,2021,9,2021-03-01,2021.1616438356164,2021-03-07,2021.1780821917807,female,0.021038255274045806,0.02094981957697701,0.01247109534410109,0.012034192409766177,0.015862419141904678,0.019290377621711437,0.032244795307201084,0.035928809443206255,0.020783352790503123,0.02051284539906611,0.012554315366835196,0.016195321742485336,0.02885760584026865,0.015742782790398663,0.027811836157200263,0.012081003262860929,0.02406076568428216,0.04633703926524695,0.03057978981023764,0.04906433992784663,0.05500347996520514,0.02803035345728778,0.03534601016741689,0.04521805461466013,0.033956684668150564,0.0371620758745933,0.024492567227658763,0.03119895750298265,0.026792100898129674,0.019836583076899693,0.022328393132581854,0.030179155819956553,0.051911502957923635,0.03297325197669694,0.03638672774221469,0.03977440769452316,0.018723370408923815,0.024830727566379846,0.03360285489109335,0.03782295220121339,0.00875753740534499,0.04573850959640714,0.042183905777065524,0.02434689883634476,0.027307168759175392,0.00900718004430961,0.030990833086205812,0.01549830936280587,0.03904065183776083,0.044182364698067085,0.017298076829667556,0.033556024659833324,0.012939209704444394,0.02236480877856809,0.02367058665063396,0.019612898244428863,0.01584681438479691,0.015982055768658562,0.020335975942431007,0.010718304559228361,0.004404586536875719,0.013859846906638294,0.014312369472382432,0.0127519634546151,0.007738175734550922,0.011035570915488218,0.005652707230202153,0.002839277512982304,0.0060375504865854464,0.009090394523631421,0.009194412810043424,0.012127814158101031,0.00619876945399884,0.006359988921251389,0.006926861339210263,0.003702531811699247,0.013443737677968907,0.010421844303680755,0.017131621733031416,0.003608925231153918,0.016184918503956883
schleswig-holstein,2021,9,2021-03-01,2021.1616438356164,2021-03-07,2021.1780821917807,male,0.01191456486552351,0.024211635695512428,0.027432034463506887,0.018962657102494423,0.026292646026307712,0.01857251632018874,0.01905108942008456,0.027093857207901886,0.027598522535702004,0.02710426262912664,0.052265457337048,0.019019877996702707,0.030668241886397156,0.057210660188689054,0.02600129956643897,0.05290049917384125,0.04910077430186073,0.039821243526274704,0.05783014506019943,0.05658597703518425,0.03096481759267501,0.03876484557604809,0.058788018549044085,0.031766100766444566,0.03648039334560602,0.021860194241693706,0.04796091098031463,0.03131342628727269,0.031136520090483278,0.02155846830128243,0.0239983368421553,0.028358131129176675,0.023327231522781853,0.030850349575781807,0.04582178287689639,0.02985136666922528,0.02183418331580065,0.043724377744885766,0.05220819984766702,0.027073046371698873,0.030298825389861624,0.02094981957697701,0.02834252262175637,0.0342116517353205,0.025324965863378235,0.034705979202554665,0.019217550661174313,0.016002862166626535,0.037422262402317275,0.03447182350072227,0.030725475662914902,0.01948284936555682,0.03312414784839057,0.022926653405723044,0.020081076901403663,0.02409198013345158,0.016481411617619894,0.020159107087386257,0.01894184952021084,0.02666203406328567,0.02975251002931346,0.024133599428157803,0.01002136558959044,0.01065069066795533,0.008440284947649665,0.014910537527701157,0.00929843130453477,0.012684346918992246,0.006630422698426997,0.003364508843036276,0.013589375529244961,0.010265813269109149,0.010343828727871672,0.01090554348620109,0.011867754162257745,0.00871593041537525,0.011009565403622116,0.004180968077167981,0.008242653247524817,0.004451390522233534,0.015711573352663797
schleswig-holstein,2021,10,2021-03-08,2021.1808219178083,2021-03-14,2021.1972602739727,female,0.01262193173338156,0.02933627360702296,0.02078855486951126,0.03209910519786996,0.04363069909228633,0.03473199656784876,0.016122499116499107,0.015966450975643053,0.029096939172869766,0.028722330965627346,0.04186644931987091,0.008097030370172276,0.04947552934478924,0.027551697711517227,0.035757091120693925,0.020138299026342812,0.040107463414704274,0.0424701386704653,0.03057978981023764,0.037734487954054215,0.06234375760848118,0.05607061908289262,0.04949114419685335,0.03477882785817386,0.033956684668150564,0.0371620758745933,0.03499217093670725,0.0381351801588494,0.06029774628156429,0.013225281665846569,0.038286091010411194,0.033196994287997925,0.030527759247483577,0.02098103215876963,0.03638672774221469,0.02141280812906678,0.031214566867818642,0.03724533542182389,0.024435340310973965,0.046555634427008205,0.04964729297540838,0.03430010998950347,0.04519723652373852,0.021303563267664152,0.03337390749475842,0.02402434885060263,0.030990833086205812,0.027900283525187867,0.015014567457114875,0.022083888741433234,0.02965885654380517,0.02636028025937385,0.02156887261491116,0.02033077390869288,0.02169892671091331,0.015690767071246836,0.02971088623715266,0.013979478926148921,0.014234348059406267,0.034305313420909346,0.017615383333597048,0.016169313650069517,0.007155692322920859,0.01785466492862248,-0,0.013797430310069239,0.022604112229445653,0.014208340947757954,0.0060375504865854464,0.006058352905907412,0.018390451623496243,0.009095595433007688,-0,0.012725957084356844,0.010395839098741123,0.003702531811699247,0.013443737677968907,0.006947664114295283,-0,0.010832728267824117,0.01129042562004973
schleswig-holstein,2021,10,2021-03-08,2021.1808219178083,2021-03-14,2021.1972602739727,male,0.01986259300359185,0.040362460642314926,0.027432034463506887,0.03792702797879007,0.04132001241623831,0.04458310659101211,0.04573330502080725,0.019352800811928403,0.0433756858374528,0.019358002747831886,0.04019593169894915,0.03043930741028471,0.019165531466089826,0.03432092371823954,0.0222815730537926,0.04533775879919775,0.02643311722412979,0.03257780280417161,0.05059981067861753,0.06012594746739015,0.051614807761036816,0.035533337793728505,0.024747487894355522,0.05401444375193516,0.027359196099544254,0.03747950361312576,0.04476526301784619,0.04384407849101936,0.037365021254513645,0.02155846830128243,0.0239983368421553,0.03687066850910866,0.04667013702133027,0.0392644202570655,0.04009185138016989,0.02985136666922528,0.053035836961240784,0.031224973113647688,0.04606119430112665,0.03910830265367026,0.04545746325929546,0.032921219019025824,0.04094011204800823,0.04665972768415453,0.04115868452354951,0.034705979202554665,0.05446731589378809,0.012803976234156533,0.01247109534410109,0.03159959935043292,0.030725475662914902,0.03410237998202341,0.035330399562349,0.031266598117788875,0.024097182543471058,0.03211991804564148,0.030907583552730985,0.030241592082934123,0.01894184952021084,0.031105301412347252,0.03204186990944834,0.026547575517742065,0.022546887391005764,0.013313704226862691,0.008440284947649665,0.017891077441780787,0.0123982779334561,0.009511669868726874,0.019888602943288165,0.020190319194557754,0.010187797927392828,0.017105613172310023,0.010343828727871672,0.018177176646680372,0.011867754162257745,0.004357782593639265,0.016517823169188563,0.004180968077167981,0.004118563097248782,0.02226076414341658,0.014588046069124746
schleswig-holstein,2021,11,2021-03-15,2021.2,2021-03-21,2021.2164383561644,female,0.025246927925235238,0.02094981957697701,0.0166322596400894,0.0602040377671076,0.04759657637541308,0.03473199656784876,0.04837729651168076,0.03193780591009149,0.0332542308478493,0.036927909112735385,0.02092901119952365,0.02834252262175637,0.020611684475094802,0.031490333085906506,0.01986259300359185,0.02819684344512536,0.048127464792759575,0.030886771190187033,0.04969934267246063,0.06039145496489793,0.058673489268388744,0.04905913501936042,0.03888453490618025,0.04174154894992997,0.06794076478701136,0.03040288610928866,0.05249969317740232,0.0693622402107033,0.050240662610264004,0.033066911431721704,0.05105265308300593,0.07246046231378905,0.04580096454427208,0.04796611577887593,0.05762191402786857,0.04589464710671708,0.024965992317620228,0.024830727566379846,0.045826987461351866,0.03491411848936589,0.040882867027663215,0.028581853583660253,0.042183905777065524,0.04566044101706425,0.04248054716899888,0.04506191913590638,0.04339650319913304,0.02169892671091331,0.03303048829028063,0.013802631690252734,0.027187506073877092,0.031157332552986423,0.036672928726856444,0.026427914580409124,0.02367058665063396,0.029424723567983084,0.02971088623715266,0.033961888065185575,0.02440412565569241,0.015004164454808108,0.026427914580409124,0.023103531674356394,0.014312369472382432,0.02040360242834328,0.01032302459408969,0.011035570915488218,0.011300827879420765,0.002839277512982304,0.015092590040751079,0.006058352905907412,0.012263045869935648,0.01819278210312578,0.01549830936280587,0.009542875585615106,0.0277233889396535,0.0074105280126641575,-0,0.01737610283963735,0.020559663885343877,0.003608925231153918,0.015056179487153957
schleswig-holstein,2021,11,2021-03-15,2021.2,2021-03-21,2021.2164383561644,male,0.015888427080825895,0.05651830347741156,0.03527316071720798,0.03034044965263982,0.03004908051285659,0.033431144249339136,0.06861765299973575,0.04257942800903541,0.035486505823880056,0.058095640835767744,0.03215634054928352,0.015217426418069304,0.026833722353991372,0.02287983278826568,0.044577902131052886,0.04911638904139167,0.030210373942077342,0.03257780280417161,0.05421224948968314,0.049511964006903206,0.07227820884477448,0.041996554190897345,0.049501554100836294,0.034945339454244696,0.04864794889502507,0.04998041193681887,0.03196902508803339,0.04697721340543084,0.052942141532443844,0.04621212815681235,0.08705322728099753,0.03970675601202125,0.04375039962277747,0.04206941306086639,0.03149553623615686,0.032837966395039796,0.02807197590427464,0.028103192761378376,0.039920119309618834,0.03610052833277588,0.04545746325929546,0.0419080828431793,0.04409388963139131,0.0342116517353205,0.04432808866544464,0.05364486136351347,0.0384422061453278,0.02560590341040424,0.031183348142826493,0.028727533838911377,0.040971336631123415,0.03410237998202341,0.030912786644671408,0.04169471138854916,0.024097182543471058,0.028108395572714745,0.022661337130866044,0.03226040498597997,0.03789580522364522,0.02221914634764591,0.04120031748019919,0.012065399640482432,0.022546887391005764,0.018640140512742695,0.019701331667840917,0.017891077441780787,0.02169892671091331,0.006339186381260658,0.003312505504420438,0.006729235390917331,0.010187797927392828,0.013688201446341705,0.017246059554729052,-0,0.01582600804926714,0.013069242219069821,0.016517823169188563,0.02091860701391948,0.024726677997167823,0.013355314895833638,0.012902800658613022
schleswig-holstein,2021,12,2021-03-22,2021.2191780821918,2021-03-28,2021.2356164383561,female,0.01682992322846593,0.01676230138999413,0.02078855486951126,0.04012827946804521,0.03569464823491817,0.03858791402744222,0.04837729651168076,0.03992532330342692,0.029096939172869766,0.02051284539906611,0.07538701978209734,0.048595900250366045,0.04947552934478924,0.023618563000681193,0.023837062680235832,0.052374767264576905,0.044114707280594904,0.04633703926524695,0.0420485962304584,0.052838035698455764,0.09171002486828174,0.08062086505888992,0.06010512340727049,0.03477882785817386,0.033956684668150564,0.060828764386646916,0.059501229291366864,0.045072328153238396,0.050240662610264004,0.04960565325528393,0.041476136659910255,0.03622021153055142,0.054967041455167634,0.023977527244774158,0.045483486004473744,0.024471757432487577,0.037458688620085674,0.03103766100735226,0.03360285489109335,0.03491411848936589,0.046722183738465074,0.05145865307419943,0.05725751172772303,0.06088603136897156,0.06373384176502035,0.04806500705057513,0.0340919731603515,0.04650879252926853,0.03904065183776083,0.044182364698067085,0.03213032447265111,0.03834853700813492,0.04746125274373922,0.03456548565492474,0.019727341526875847,0.03334789080895334,0.03565822325284605,0.03196382189040525,0.028472593660054855,0.025725562456160974,0.024222040540008326,0.03696953868221401,0.011924967249750274,0.010203400986370103,0.020642896853925143,0.019316387275197962,0.028259277327995398,0.005683910631373779,0.015092590040751079,0.009090394523631421,0.03372773571395979,0.015160209707930345,0.018598525614607966,0.009542875585615106,0.017324085486646892,0.0074105280126641575,0.022406426690912987,0.013901458012643687,0.0034269129180184016,0.010832728267824117,0.012044594817923965
schleswig-holstein,2021,12,2021-03-22,2021.2191780821918,2021-03-28,2021.2356164383561,male,0.01986259300359185,0.024211635695512428,0.03919156531715321,0.03413360045953551,0.04507753266268287,0.052015606936975156,0.04192369542301884,0.05032394310086058,0.047320724729743635,0.06584246732041918,0.04421879565162494,0.06470223695839492,0.038338129336639964,0.04957962844713192,0.04086205067225217,0.04155940311487037,0.03776571061233823,0.043443342293381516,0.018062736775831804,0.04243370894198143,0.05506074053256903,0.06138581861899121,0.058788018549044085,0.038124772530057194,0.0638587949701488,0.04060184693272187,0.054363207006305404,0.059511641199466454,0.08099063922572522,0.05237997250494991,0.06902899706396182,0.07944385493497103,0.06709727026851031,0.05049050448218209,0.028633882199400405,0.032837966395039796,0.031193754382408043,0.0499752069366324,0.05220819984766702,0.09330405810307743,0.06062052134619392,0.07485585298971331,0.037791729508559475,0.043547429320547955,0.05383225492232595,0.05680461528528622,0.041642669703157664,0.06083397047334043,0.040539398228981796,0.04596751143863206,0.058902548081943354,0.03410237998202341,0.03312414784839057,0.027099059918251102,0.04217349733790853,0.04417195585888055,0.039149933968746664,0.03226040498597997,0.02315555480904589,0.02666203406328567,0.03204186990944834,0.036204600663048446,0.022546887391005764,0.026630818071332094,0.01688714177585683,0.02683892503831361,0.01549830936280587,0.015852015969977255,0.013256489611384628,0.010094179671830277,0.0067916435039738305,0.020528451556473076,0.013797430310069239,0.02181337458445638,0.011867754162257745,0.013069242219069821,-0,0.025101257420712536,0.020606482413774968,0.013355314895833638,0.010099380681609363
schleswig-holstein,2021,13,2021-03-29,2021.2383561643835,2021-04-04,2021.2547945205479,female,0.04629019756442433,0.03771887663194529,0.04574891874917547,0.08430830818280301,0.03569464823491817,0.03473199656784876,0.056445424359845196,0.04391693994965605,0.058204963019706915,0.06977879714733021,0.05443608320566157,0.02834252262175637,0.07836061252278431,0.027551697711517227,0.027811836157200263,0.04028440013370653,0.040107463414704274,0.03860872947250306,0.05735121493243541,0.0679459715857919,0.058673489268388744,0.07360607017446603,0.04949114419685335,0.04174154894992997,0.04415113818675808,0.060828764386646916,0.04899667615812779,0.03466955491301903,0.050240662610264004,0.06615486356381844,0.04466637802124738,0.04829401913867109,0.04885614399465342,0.038967797211359845,0.048517827381048324,0.033649685164522075,0.049949181943532414,0.04035205256773036,0.05194273412975135,0.055289783432565645,0.05256736150549568,0.0371620758745933,0.042183905777065524,0.04870520246433173,0.048554261372144254,0.027031424724278854,0.015493107813001068,0.027900283525187867,0.03603808503459689,0.027608928057912943,0.03460190987156911,0.02396712244920358,0.025881639886172834,0.024393720774768243,0.03156838039428185,0.01372981241499424,0.021787363681988747,0.03795825075268225,0.02440412565569241,0.027874269577812125,0.026427914580409124,0.03003867450234462,0.028623476472087798,0.010203400986370103,0.028389348158066836,0.022078686532838312,0.008476690869076719,0.008523498519785691,0.009053988172539539,0.009090394523631421,0.006131161439069603,0.003031688374572533,0.018598525614607966,0.015904031850427058,0.0277233889396535,0.0074105280126641575,0.017922288187641487,0.01737610283963735,0.010276215323515192,0.014442405420821295,0.015056179487153957
schleswig-holstein,2021,13,2021-03-29,2021.2383561643835,2021-04-04,2021.2547945205479,male,0.02383186029624033,0.028248871675644743,0.015675162365650305,0.06449397840540089,0.0488353244471797,0.052015606936975156,0.04573330502080725,0.04645154137822887,0.0433756858374528,0.06196890981530662,0.052265457337048,0.049470324395139334,0.05368129894706296,0.041949716399827155,0.08919405223315048,0.05290049917384125,0.06421803710740655,0.050688296815447106,0.06506148492264703,0.03536162077716536,0.06883113495602729,0.06461893343711238,0.05569581650744549,0.05401444375193516,0.0638587949701488,0.03123017623734026,0.05755944488076784,0.025049232339419344,0.02179256586143909,0.03696433498420876,0.05701804874948457,0.07092955302685955,0.04667013702133027,0.04206941306086639,0.03722452052251837,0.06569668304910173,0.049917951969001964,0.03747429986408173,0.0737206323486832,0.06017800765416781,0.04242850469714187,0.0419080828431793,0.04409388963139131,0.04665972768415453,0.06016759561264149,0.07259064375417251,0.05446731589378809,0.0512244219231896,0.05614349767516863,0.03159959935043292,0.05121401167429926,0.02435730370790592,0.022078686532838312,0.05420704406589456,0.03614736085562561,0.050199022414988075,0.024721475524169246,0.02419082601276645,0.035788312591700434,0.008887559463588091,0.036620892067033874,0.033790176237861604,0.030069892540127745,0.03195861869330353,0.01688714177585683,0.03280674669540843,0.01549830936280587,0.015852015969977255,0.009943350614610848,0.013459341713950376,0.016985973960557763,0.020528451556473076,-0,0.018177176646680372,-0,0.00871593041537525,0.022026664475484493,0.02091860701391948,0.01236186926637474,0.017807848877735198,0.01178453523827202
schleswig-holstein,2021,14,2021-04-05,2021.2575342465752,2021-04-11,2021.2739726027398,female,0.033660091897678726,0.0461028311830721,0.041585423909386174,0.08029275778864292,0.05553444400831644,0.05789782032524452,0.04837729651168076,0.035928809443206255,0.04156981143111535,0.036927909112735385,0.025116864955247398,0.048595900250366045,0.03710483501320564,0.04330802946955082,0.01986259300359185,0.06447315259598045,0.052140531986948055,0.07725135401488413,0.04969934267246063,0.052838035698455764,0.06601428502204022,0.04905913501936042,0.07779816863196623,0.052176968516394584,0.054342385253819986,0.05068309174440938,0.07701700665350926,0.055482388470261386,0.04689393827461118,0.06284355886939895,0.03509103753819332,0.06340063468593267,0.024419732980993876,0.059964561219589,0.05155234583003042,0.042834437358960406,0.09056922716032878,0.046560839084914055,0.06110989381410723,0.03491411848936589,0.04380244341763234,0.042881275946929566,0.05725751172772303,0.04870520246433173,0.03641274594845814,0.042053800437282025,0.030990833086205812,0.027900283525187867,0.042043392024161394,0.03312935116212396,0.02965885654380517,0.03834853700813492,0.049621268146422426,0.03456548565492474,0.04340691188309837,0.02746325093644055,0.02971088623715266,0.0299658324870681,0.028472593660054855,0.01929557955137028,0.0154150846284124,0.0277233889396535,0.019082300862194364,0.022952664878080786,0.020642896853925143,0.03311894453518363,0.011300827879420765,0.008523498519785691,0.02113189323487207,0.015155008191951251,0.012263045869935648,0.006063553512041092,0.0123982779334561,0.015904031850427058,0.013859846906638294,0.011113587529125463,0.008960371958214274,0.010421844303680755,0.023982729643337277,0.02527814308643993,0.018067938582676676
schleswig-holstein,2021,14,2021-04-05,2021.2575342465752,2021-04-11,2021.2739726027398,male,0.031781710301532415,0.03228642112769874,0.07449132989907783,0.03413360045953551,0.04132001241623831,0.04458310659101211,0.05717422013195853,0.02322318496194863,0.03943094621730098,0.04259504079043646,0.02813440963721658,0.03424287227843877,0.04984508210137078,0.03432092371823954,0.05944396383408716,0.03399831185903285,0.03776571061233823,0.039821243526274704,0.07229903778033236,0.06012594746739015,0.08261038522360595,0.05815290480821333,0.06188561067266464,0.04447901749074503,0.04256381523231625,0.043729582119420046,0.05755944488076784,0.0532440496296608,0.0903452378557198,0.05546156626963049,0.05101621734136701,0.062411438748014386,0.049584833407722656,0.030850349575781807,0.05441526142399516,0.0627081955535602,0.049917951969001964,0.05935025685820077,0.05835072628914353,0.07523600122048826,0.07275206919286502,0.032921219019025824,0.04094011204800823,0.04665972768415453,0.037994677345914794,0.041018173540948666,0.041642669703157664,0.04802336859746248,0.0467794351874785,0.03447182350072227,0.0486531537623598,0.04872081708507943,0.03754194864223806,0.03960788063437711,0.022089090950548597,0.042163088900829135,0.03708922388012275,0.028222857553875103,0.021048659483589287,0.04222033533054472,0.02746325093644055,0.03861913719815811,0.040097055391158626,0.026630818071332094,0.014073104176881762,0.017891077441780787,0.037198501910100344,0.006339186381260658,0.026516359594498717,0.020190319194557754,0.020382794269463586,0.030798318742308393,0.010343828727871672,0.014541232959114825,0.0039573505791006425,0.004357782593639265,0.00550709160564713,0.025101257420712536,0.008242653247524817,0.013355314895833638,0.016835124911993838
schleswig-holstein,2021,15,2021-04-12,2021.2767123287672,2021-04-18,2021.2931506849316,female,0.025246927925235238,0.04191328703594023,0.03742746614614804,0.052176968516394584,0.051567961305745195,0.03087116192374845,0.052411203958147336,0.05589883423380933,0.054045676186819686,0.05335336161432378,0.03349358441710086,0.06075587922762501,0.02885760584026865,0.05118278094013288,0.0635880634051986,0.06850310206742978,0.0842562238322015,0.06951844867089224,0.07648061555709501,0.052838035698455764,0.06968507154564868,0.06308304867601547,0.03888453490618025,0.10441155461335429,0.05094334593467349,0.06420762425690744,0.038494244627781296,0.0416062405543761,0.04019072767806515,0.04960565325528393,0.0670139629103154,0.030179155819956553,0.06412952794463096,0.04796611577887593,0.045483486004473744,0.06426489496045906,0.05619555387504352,0.03724533542182389,0.03971195998447088,0.055289783432565645,0.05256736150549568,0.06290082807063703,0.030127125658070207,0.030434104365725925,0.05462347961583888,0.0360432886399121,0.0464983832243906,0.027900283525187867,0.05707010582485774,0.06075587922762501,0.03213032447265111,0.033556024659833324,0.04098694892970919,0.026427914580409124,0.01380783307096228,0.03530958542955223,0.03565822325284605,0.027967919849274787,0.028472593660054855,0.03644917145906266,0.030834740320270414,0.0277233889396535,0.021464829572307182,0.02040360242834328,0.018062736775831804,0.011035570915488218,0.028259277327995398,0.014208340947757954,0.009053988172539539,0.030309231452433975,0.015326658494068715,0.003031688374572533,0.02169892671091331,0.015904031850427058,0.013859846906638294,-0,0.03137066077391138,0.020850979858236047,0.020559663885343877,0.014442405420821295,0.012798774953864125
schleswig-holstein,2021,15,2021-04-12,2021.2767123287672,2021-04-18,2021.2931506849316,male,0.0397275719049561,0.01210700931057096,0.03919156531715321,0.03792702797879007,0.04507753266268287,0.04086205067225217,0.03810916109077172,0.03870760295032809,0.03943094621730098,0.03484647312977094,0.02813440963721658,0.060896443554352406,0.0575177988243929,0.05339500433559273,0.05944396383408716,0.03399831185903285,0.06421803710740655,0.050688296815447106,0.07229903778033236,0.0813656241647382,0.02752048118548745,0.05168768010869991,0.024747487894355522,0.08899611338163041,0.04864794889502507,0.06873220418438682,0.06715975087473644,0.034445806265601224,0.06540511573259303,0.03388383716429119,0.05401444375193516,0.05389471959199449,0.06709727026851031,0.06171380661238985,0.05155234583003042,0.0627081955535602,0.04367233402816222,0.056221581994520264,0.05220819984766702,0.05415498985663954,0.06062052134619392,0.053884308808504644,0.05354595947973791,0.05287967800704248,0.05383225492232595,0.04417716027821049,0.028826388530269354,0.04802336859746248,0.06550404017459482,0.03734941004332476,0.05634131151192631,0.04140848276343457,0.03754194864223806,0.033353094145075333,0.05020943246068248,0.030111516619658954,0.03708922388012275,0.05848087241070243,0.021048659483589287,0.03555415201608146,0.02746325093644055,0.016892343465108452,0.027562103224358234,0.02929465014804028,0.02251567386930727,0.014910537527701157,0.00929843130453477,0.009511669868726874,0.013256489611384628,0.016824721545464133,0.010187797927392828,0.020528451556473076,0.020694917526936325,0.02544982680800896,0.027697375080772323,0.013069242219069821,0.038551487018638385,0.012549114111514962,0.008242653247524817,0.02226076414341658,0.01178453523827202
schleswig-holstein,2021,16,2021-04-19,2021.295890410959,2021-04-25,2021.3123287671233,female,0.029455941237184754,0.02094981957697701,0.07488189045110875,0.03611613916904121,0.031724475362465095,0.06561858450044873,0.036277451418165865,0.05589883423380933,0.07901159684363362,0.08210518572012768,0.05024586763702163,0.08102188786736168,0.06597783879547059,0.05512320667797219,0.08347496483331078,0.06043830936988875,0.06418159213978508,0.06951844867089224,0.04969934267246063,0.037734487954054215,0.051333729662363006,0.06308304867601547,0.05303063165520905,0.04521805461466013,0.04754973353997798,0.05068309174440938,0.03499217093670725,0.05894940114538459,0.04019072767806515,0.04630060682762218,0.03509103753819332,0.0785064323023546,0.051911502957923635,0.059964561219589,0.033353094145075333,0.07651186148861523,0.05931902123709756,0.04966811284797735,0.03971195998447088,0.06402539971071364,0.04380244341763234,0.048601105112485256,0.05725751172772303,0.03652202255682473,0.03944655805341209,0.042053800437282025,0.058902548081943354,0.04340691188309837,0.042043392024161394,0.044182364698067085,0.03213032447265111,0.050339558207693244,0.04098694892970919,0.028462187965017663,0.03156838039428185,0.03334789080895334,0.025751575328628776,0.02597008397112666,0.018302020429392843,0.025725562456160974,0.008809546189630155,0.016169313650069517,0.02385266983533365,0.02040360242834328,0.02322318496194863,0.005517492708164296,0.008476690869076719,0.01136844261605168,0.01811475486771989,0.012122612945435263,0.015326658494068715,0.0212255313643211,0.00929843130453477,0.01908750277103785,0.010395839098741123,0.003702531811699247,0.008960371958214274,0.010421844303680755,0.023982729643337277,0.018052333163697372,0.010541468413920778
schleswig-holstein,2021,16,2021-04-19,2021.295890410959,2021-04-25,2021.3123287671233,male,0.0397275719049561,0.036324284100357374,0.03527316071720798,0.06449397840540089,0.022531280627817375,0.0631663497368649,0.03429490655862406,0.06582164097092119,0.07889702301221904,0.04647235997131495,0.08042816688737137,0.10280154997949958,0.08053753603222263,0.045764532482237726,0.07060150690053398,0.04155940311487037,0.09446575362759915,0.04706569337805377,0.10486486588233421,0.06366615890427901,0.06883113495602729,0.07108576619535387,0.07117428719913967,0.07309575082831428,0.04864794889502507,0.08749596973796747,0.04476526301784619,0.04697721340543084,0.04671177439087063,0.0400502193109858,0.04200696259464282,0.04822115154669066,0.05250489843028631,0.04206941306086639,0.07734509325515433,0.02985136666922528,0.049917951969001964,0.05309830067422984,0.061427467773324355,0.05415498985663954,0.030298825389861624,0.07485585298971331,0.04409388963139131,0.05599253499022966,0.050662271465457084,0.041018173540948666,0.03203146350014633,0.0512244219231896,0.031183348142826493,0.03447182350072227,0.040971336631123415,0.038973001109863445,0.05300460513288362,0.031266598117788875,0.04016470758144566,0.028108395572714745,0.030907583552730985,0.03427409284030171,0.035788312591700434,0.013329308223824075,0.02975251002931346,0.026547575517742065,0.020044662854686982,0.026630818071332094,0.011259218854422043,0.02087178820446432,0.01549830936280587,0.019025079899295843,0.009943350614610848,0.016824721545464133,0.020382794269463586,0.0068436503220691836,0.020694917526936325,0.014541232959114825,0.0039573505791006425,0.00871593041537525,0.016517823169188563,0.004180968077167981,0.028852402953970215,0.02226076414341658,0.012902800658613022
schleswig-holstein,2021,17,2021-04-26,2021.3150684931506,2021-05-02,2021.331506849315,female,0.01682992322846593,0.02094981957697701,0.03742746614614804,0.03611613916904121,0.051567961305745195,0.04631101609290951,0.032244795307201084,0.027941905868062722,0.054045676186819686,0.036927909112735385,0.04186644931987091,0.05265064572249832,0.02885760584026865,0.031490333085906506,0.05166165425852637,0.08060003278970436,0.040107463414704274,0.05406129241129367,0.0611775733477102,0.04528571346771252,0.029331070672825185,0.0420485962304584,0.042418096209019505,0.04521805461466013,0.04415113818675808,0.04730511052941158,0.03499217093670725,0.0520104017330753,0.04354222496423847,0.05953246502191994,0.054243482043374744,0.04225676490953954,0.018317625923310314,0.026974195013475727,0.02425325508598765,0.052015606936975156,0.018723370408923815,0.034144007289538335,0.05499827446221038,0.023275208216344843,0.035039002461352296,0.04001899528097141,0.021085074233381854,0.03652202255682473,0.04248054716899888,0.0360432886399121,0.040294808194750106,0.01549830936280587,0.021017446861203895,0.05246846167105782,0.037073612751732314,0.028758751089564986,0.02156887261491116,0.030496540934826247,0.01380783307096228,0.03138627019029515,0.021787363681988747,0.02597008397112666,0.022370011015787467,0.012861190351738811,0.024222040540008326,0.016169313650069517,0.019082300862194364,0.0127519634546151,0.007738175734550922,0.011035570915488218,0.014130319690867144,0.002839277512982304,0.0060375504865854464,0.006058352905907412,0.009194412810043424,0.012127814158101031,0.031006442388567118,0.006359988921251389,0.003463315329682109,-0,0.013443737677968907,0.020850979858236047,0.010276215323515192,0.018052333163697372,0.007150491607565198
schleswig-holstein,2021,17,2021-04-26,2021.3150684931506,2021-05-02,2021.331506849315,male,-0,0.028248871675644743,0.027432034463506887,0.05310871130035623,0.03756276366860042,0.011139593093019493,0.030486134834770095,0.05032394310086058,0.05126606293959195,0.05034476324435,0.06835731033672045,0.057085722957636593,0.0766993374720102,0.030506947036964844,0.06687858873790699,0.06045913356343741,0.07177831689433581,0.06155241543647631,0.05783014506019943,0.07428303213742707,0.05850169582038018,0.06785224928756221,0.03712044615096944,0.031766100766444566,0.060813146129682104,0.04060184693272187,0.03836935235737405,0.05011053711073083,0.049824262157946365,0.03388383716429119,0.036006863413623476,0.03970675601202125,0.04667013702133027,0.05049050448218209,0.034362551200704666,0.04179879491557686,0.03431051685283013,0.03747429986408173,0.036844650073748424,0.027073046371698873,0.06365053979508231,0.047898453438179264,0.04094011204800823,0.04665972768415453,0.050662271465457084,0.02523652287566438,0.051260857810715175,0.057632325559681515,0.031183348142826493,0.02297867636345579,0.040971336631123415,0.03166203731896339,0.03312414784839057,0.016673872964677133,0.03012192264474778,0.030111516619658954,0.022661337130866044,0.03226040498597997,0.016840326596036313,0.028883620279586825,0.02517409262196741,0.021719735396459258,0.020044662854686982,0.01597685417046448,0.008440284947649665,0.02087178820446432,0.0123982779334561,0.02219833746225125,-0,0.023556134689440244,-0,0.010265813269109149,0.0034477142929898856,0.003634927042177917,0.007909801555657911,0.004357782593639265,0.011009565403622116,0.004180968077167981,0.016486613266285477,0.013355314895833638,0.007296111834213189
schleswig-holstein,2021,18,2021-05-03,2021.3342465753424,2021-05-09,2021.3506849315067,female,0.029455941237184754,0.04191328703594023,0.02910734499492751,0.03209910519786996,0.03569464823491817,0.023150352493231968,0.052411203958147336,0.05589883423380933,0.029096939172869766,0.04924651205318179,0.04186644931987091,0.048595900250366045,0.04947552934478924,0.06694106908137669,0.035757091120693925,0.04834606748117311,0.040107463414704274,0.061791899296691585,0.05735121493243541,0.037734487954054215,0.0880376832836941,0.03854107930652341,0.05303063165520905,0.05914201973859219,0.03735461377987083,0.04730511052941158,0.038494244627781296,0.013865048293070885,0.04354222496423847,0.039680736157567675,0.04786201990658029,0.033196994287997925,0.021365988874649938,0.035970438212844374,0.030319637517088757,0.033649685164522075,0.043703560251945855,0.04035205256773036,0.06110989381410723,0.03200024428471833,0.05256736150549568,0.020008248833469952,0.018073140390041906,0.021303563267664152,0.02426886236600097,0.03003347149786665,0.04339650319913304,0.027900283525187867,0.03603808503459689,0.04970454764503421,0.02965885654380517,0.02396712244920358,0.02156887261491116,0.02033077390869288,0.01775583109285882,0.019612898244428863,0.01584681438479691,0.02397232484672574,0.026438319868376768,0.015004164454808108,0.008809546189630155,0.03003867450234462,0.011924967249750274,0.01530065083611597,0.012902800658613022,0.016559436402197862,0.008476690869076719,0.008523498519785691,0.003016087467382218,0.006058352905907412,-0,0.015160209707930345,0.0123982779334561,0.009542875585615106,0.003463315329682109,0.0074105280126641575,0.008960371958214274,0.01737610283963735,-0,0.007223301669917921,0.00790460076488041
schleswig-holstein,2021,18,2021-05-03,2021.3342465753424,2021-05-09,2021.3506849315067,male,0.027806633375535787,0.020179915156756156,0.03134984822602566,0.03034044965263982,0.04132001241623831,0.02600129956643897,0.030486134834770095,0.03870760295032809,0.0433756858374528,0.04259504079043646,0.06433257860051632,0.03424287227843877,0.06519164784106478,0.045764532482237726,0.0520104017330753,0.04533775879919775,0.041543790644406255,0.050688296815447106,0.04336527715973789,0.04243370894198143,0.04817430814862606,0.0452232591386899,0.034029532274063135,0.05401444375193516,0.039519413350584745,0.043729582119420046,0.03836935235737405,0.034445806265601224,0.04048215364976119,0.024643438491696115,0.039004224511804096,0.02552266249749314,0.03499737443736535,0.028040759065911126,0.04295413605652209,0.03582473766489773,0.031193754382408043,0.031224973113647688,0.02456019911947642,0.03910830265367026,0.012117411733295511,0.01795349895223509,0.04409388963139131,0.0342116517353205,0.034825659190675325,0.031547567767260434,0.03203146350014633,0.022406426690912987,0.018707764793239677,0.020107086950389725,0.015357867700785595,0.014614053370672519,0.02649554898941377,0.016673872964677133,0.012044594817923965,0.020075874893171124,0.024721475524169246,0.02419082601276645,0.02736439883644126,0.02666203406328567,0.011441258584595685,0.021719735396459258,0.015030171964474388,0.01597685417046448,0.014073104176881762,0.02087178820446432,0.018598525614607966,0.02219833746225125,0.013256489611384628,0.003364508843036276,0.03057458675162237,0.010265813269109149,0.0034477142929898856,0.003634927042177917,0.01582600804926714,0.00871593041537525,0.00550709160564713,0.008367473181271885,0.008242653247524817,0.00890316213242793,0.006734436064147517
schleswig-holstein,2021,19,2021-05-10,2021.3534246575343,2021-05-16,2021.3698630136987,female,0.021038255274045806,0.012569919135928956,0.0041549659931030825,0.020060268871590133,0.023795443622868267,0.015430689255968034,0.028212451908818135,0.03193780591009149,0.04156981143111535,0.024617426173565,0.03767724646256034,0.02429487450977393,0.024731880470681117,0.047242653774957004,0.03973277587948891,0.03625663690628759,0.048127464792759575,0.03474760699326894,0.0420485962304584,0.03018435883900562,0.04400021031311559,0.03153195830246389,0.028274885810422732,0.03477882785817386,0.030558977578888674,0.01688714177585683,0.02099143635685808,0.024263659938811303,0.013391724258505185,0.026448725158426525,0.02871192522061522,0.021126691121516255,0.027473656431582838,0.017979507937036752,0.02425325508598765,0.02753088669208184,0.009360842501099463,0.024830727566379846,0.015269441663739312,0.008726332159748081,0.029195794566489568,0.017147226875703747,0.027114668052427793,0.015217426418069304,0.027307168759175392,0.0360432886399121,0.018593323754685687,0.031001239287261322,0.03002826849391505,0.01932158920745296,0.02965885654380517,0.02396712244920358,0.015097791550486543,0.014229146636033727,0.015779193824760788,0.011768931704854315,0.021787363681988747,0.011982180400191667,0.008133436051276975,0.012861190351738811,0.0154150846284124,0.009241221106812489,0.007155692322920859,0.01530065083611597,0.012902800658613022,0.005517492708164296,0.0028236766635127155,0.017048394384522287,0.0060375504865854464,-0,0.009194412810043424,0.003031688374572533,0.00619876945399884,0.003182497385412486,0.003463315329682109,-0,0.017922288187641487,-0,0.0034269129180184016,0.003608925231153918,0.005647506665163499
schleswig-holstein,2021,19,2021-05-10,2021.3534246575343,2021-05-16,2021.3698630136987,male,0.01191456486552351,0.024211635695512428,0.015675162365650305,0.01517061274145522,0.011264419980728982,0.02600129956643897,0.015238232510093647,0.019352800811928403,0.06310908024319327,0.02710426262912664,0.024112789776640834,0.022827809929420007,0.02299948556111598,0.015248635559227649,0.04829401913867109,0.03399831185903285,0.02643311722412979,0.028956460778900777,0.028904431840409462,0.03889494268703751,0.051614807761036816,0.035533337793728505,0.024747487894355522,0.031766100766444566,0.024315684234152955,0.024981599811556003,0.022375213253533068,0.01878579291847679,0.02490876487992069,0.02155846830128243,0.014998962954432291,0.005668308928450343,0.02624582237801991,0.02243243790304961,0.022905844237202794,0.008955171062356925,0.009355641565193784,0.018733774155313188,0.030704663373257262,0.015040574971984157,0.015149806676486683,0.01496255246639305,0.015742782790398663,0.015550324889442071,0.031656834152052817,0.018926243838959245,0.028826388530269354,0.022406426690912987,0.01247109534410109,0.02585042436269211,0.017922288187641487,0.017048394384522287,0.030912786644671408,0.012502302837021037,0.014052298551039937,0.020075874893171124,0.01854130518405447,0.010078576645625783,0.029471550078810655,0.015550324889442071,0.011441258584595685,0.021719735396459258,0.020044662854686982,0.013313704226862691,0.008440284947649665,0.005964742084499513,0.0123982779334561,0.009511669868726874,0.006630422698426997,0.006729235390917331,0.010187797927392828,0.010265813269109149,0.020694917526936325,0.003634927042177917,0.007909801555657911,0.00871593041537525,0.011009565403622116,0.016731091340357246,-0,0.00890316213242793,0.006734436064147517
schleswig-holstein,2021,20,2021-05-17,2021.372602739726,2021-05-23,2021.3890410958904,female,0.021038255274045806,0.01676230138999413,0.024950384828363172,0.020060268871590133,0.019826179109866764,0.03858791402744222,0.008060624714555516,0.03193780591009149,0.04988672201322749,0.04103378585360237,0.03349358441710086,0.008097030370172276,0.016486613266285477,0.027551697711517227,0.015888427080825895,0.04028440013370653,0.02406076568428216,0.019300781481543735,0.015285046247583377,0.041512565717546246,0.029331070672825185,0.017516549952622636,0.045957102242106626,0.02782224172209667,0.0237694317289319,0.03040288610928866,0.02099143635685808,0.03119895750298265,0.013391724258505185,0.029757713005673345,0.038286091010411194,0.02716149248307872,0.009158006386131764,0.01498335845643818,0.018187580283792203,0.030590195929035793,0.0343365340202617,0.03103766100735226,0.02138159528810311,0.017454128966685363,0.017516549952622636,0.020008248833469952,0.02410238495400524,0.012169423878127056,0.018203185743359794,0.027031424724278854,0.018593323754685687,0.00929843130453477,0.015014567457114875,0.011040772019425564,0.027187506073877092,0.011982180400191667,0.00646920239273339,0.010161792839493746,0.007888998395657308,0.011768931704854315,0.00792020313877916,0.015982055768658562,0.012200631190001126,0.010718304559228361,0.013209677700095337,0.004617805033578077,0.0023868547787384785,0.0025480624280375427,0.0051586558735601425,0.005517492708164296,-0,0.002839277512982304,0.012075802054883114,0.006058352905907412,0.006131161439069603,0.006063553512041092,0.00619876945399884,-0,0.010395839098741123,-0,0.004482593202544671,0.006947664114295283,0.006854051691929893,0.007223301669917921,0.004893430239503069
schleswig-holstein,2021,20,2021-05-17,2021.372602739726,2021-05-23,2021.3890410958904,male,0.015888427080825895,0.004035356573860712,0.015675162365650305,0.01517061274145522,0.03004908051285659,0.014858522641044869,0.03810916109077172,0.019352800811928403,0.027598522535702004,0.02710426262912664,0.06030815834915091,0.03043930741028471,0.019165531466089826,0.0381351801588494,0.02600129956643897,0.018884628711859346,0.03776571061233823,0.025335370930646296,0.028904431840409462,0.02828529146797905,0.013761020663329399,0.01614850718550038,0.021652107198883212,0.019056291325799984,0.01823959850057322,0.01873897602928555,0.03516909025109235,0.028181234986123443,0.02179256586143909,0.009241221106812489,0.0239983368421553,0.01985218903135495,0.014577643152146528,0.016824721545464133,0.02003946085009725,0.026864938467750194,0.02807197590427464,0.012486699088217054,0.012278649551621904,0.01804713135840781,0.024237647810652917,0.02094981957697701,0.015742782790398663,0.015550324889442071,0.018993868491525404,0.02523652287566438,0.028826388530269354,0.01920194489718205,0.01247109534410109,0.020107086950389725,0.010239808142200517,0.004872628286199056,0.022078686532838312,0.018759783530390296,0.018073140390041906,0.014052298551039937,0.002059240773237899,0.006047951695206187,0.004206970174240745,0.011108386417910789,0.011441258584595685,0.01447881554465439,0.015030171964474388,0.002662468159768038,0.005626704410198463,0.011924967249750274,0.003099292359832304,0.006339186381260658,0.003312505504420438,0.003364508843036276,0.0067916435039738305,0.0068436503220691836,0.006895657192178224,0.003634927042177917,0.0039573505791006425,0.004357782593639265,-0,0.004180968077167981,0.004118563097248782,0.00890316213242793,0.0022464485236385777
schleswig-holstein,2021,21,2021-05-24,2021.3917808219178,2021-05-30,2021.4082191780822,female,0.01262193173338156,0.01676230138999413,-0,0.012034192409766177,0.023795443622868267,0.011576488510976585,0.024180421174516364,0.0199562288473898,0.020783352790503123,0.02051284539906611,0.01674149468815487,0.012143417799208247,0.016486613266285477,0.03542926680690537,0.01191456486552351,0.016112095892539705,0.016039273383099933,-0,0.022931855699151363,0.037734487954054215,0.021995451266053366,0.01051026209776149,0.021204722876538334,0.013911860794347813,0.0067916435039738305,0.006755238762258061,0.003499717766823437,0.013865048293070885,0.010042169602679389,0.026448725158426525,0.01595084618731619,0.009053988172539539,0.0030524895914443187,0.011987381598810925,0.015155008191951251,0.012237039744194867,0.018723370408923815,0.006203970074175833,0.012216234852964341,0.011633701278010085,0.002917281830520651,-0,0.00903838545844986,0.00912680090020644,0.009100796342909912,0.006006346873211892,0.01239307669374335,0.02479951267375945,0.018015920537615346,0.013802631690252734,-0,0.011982180400191667,0.002158044779740347,0.008128235238132577,0.0039469497886402685,0.005881532606937609,0.0019812377428207965,0.009984958586699498,0.008133436051276975,0.008575507069992844,0.002199646522854582,0.0023088512568800955,0.004768618644508019,-0,0.0051586558735601425,0.005517492708164296,0.0028236766635127155,-0,0.003016087467382218,0.003031688374572533,0.006131161439069603,0.003031688374572533,0.003099292359832304,0.003182497385412486,-0,-0,-0,0.0034737160234086795,-0,0.003608925231153918,0.0052678668219580125
schleswig-holstein,2021,21,2021-05-24,2021.3917808219178,2021-05-30,2021.4082191780822,male,0.01191456486552351,0.01210700931057096,0.0039157474297410386,0.01137364375328337,0.007509342187557531,0.014858522641044869,0.011430856297132374,0.019352800811928403,0.007883797606960438,0.030975223788524315,0.008034620690429147,0.011410051728448493,0.02299948556111598,0.02287983278826568,0.03714646472433167,0.02644352251313849,0.02643311722412979,0.01447881554465439,0.021678118033694314,0.0035361202294481955,0.0034373136044640058,0.01614850718550038,0.021652107198883212,0.00952727272483302,0.009116399075726127,0.01873897602928555,0.015982055768658562,0.009392048127474796,0.012450290359226115,0.012320259392350435,0.030002253481954542,0.011342436937713953,0.017495742948984615,0.014021090127885627,0.014312369472382432,0.014926142003848475,0.012476296591617569,0.024981599811556003,0.009210015570955302,0.015040574971984157,0.009090394523631421,0.01496255246639305,-0,0.009329636893456644,0.006328785114386053,0.006307982586878362,0.01280917751497497,0.003198098342534541,0.0062351738061373,0.017235656105985493,0.007680967253394826,0.014614053370672519,0.0066252220356052575,0.00625077567914549,0.006021948677558128,0.010036968598628295,0.0061779669785036575,0.002017639142452774,0.008419481575428201,0.013329308223824075,0.011441258584595685,0.002412855978691718,0.012528309095424985,-0,0.002813276099801863,0.0029796853688030733,0.003099292359832304,-0,-0,0.003364508843036276,-0,0.0034217125755785886,-0,-0,-0,-0,-0,-0,0.004118563097248782,0.013355314895833638,0.0022464485236385777
schleswig-holstein,2021,22,2021-05-31,2021.4109589041095,2021-06-06,2021.427397260274,female,0.008414280733668927,0.01676230138999413,0.02078855486951126,0.016049676592490326,0.0039625509751080625,0.011576488510976585,0.016122499116499107,0.015966450975643053,0.024939979838129556,0.016408588590982542,-0,0.012143417799208247,-0,0.003936549000260211,0.007946207105682173,0.012081003262860929,0.008019018282199874,0.011581689669017459,0.007644561889066231,0.011316431272381898,0.021995451266053366,0.007004871788709344,0.0070672802325678265,0.006952864809371217,0.0067916435039738305,0.01351135520104908,0.010494658946707572,0.006932062032199865,0.006698031362482135,0.009917345648964796,0.019139521888064857,0.003016087467382218,0.018317625923310314,0.011987381598810925,0.012127814158101031,0.006115559601955722,0.009360842501099463,-0,-0,0.0029068812480877357,0.005839927918087977,0.0028600786528853693,0.0030108871660274915,0.006084355941765483,0.006068754118689121,0.00900718004430961,0.003099292359832304,0.00619876945399884,0.003000486564872446,0.008279059030587392,0.002470058664356574,0.0071868966259951515,0.008627515672217152,0.0020332397500940035,0.0039469497886402685,0.0019604369544703195,0.0019812377428207965,0.003993753362091565,0.0020332397500940035,0.002142444134650337,0.004404586536875719,0.0023088512568800955,-0,-0,0.0051586558735601425,-0,0.0028236766635127155,-0,0.003016087467382218,0.003031688374572533,0.0030628902030005773,0.003031688374572533,-0,0.003182497385412486,-0,0.003702531811699247,-0,0.0034737160234086795,0.0034269129180184016,0.003608925231153918,0.0037649362923369853
schleswig-holstein,2021,22,2021-05-31,2021.4109589041095,2021-06-06,2021.427397260274,male,0.007941006311263562,0.004035356573860712,0.0039157474297410386,0.007582152752366816,0.007509342187557531,0.014858522641044869,0.011430856297132374,0.007738175734550922,0.007883797606960438,0.019358002747831886,-0,0.022827809929420007,0.02299948556111598,0.026693250073978454,0.018567314462868325,0.018884628711859346,0.00755094821210531,0.01447881554465439,0.014452808310744417,0.007072480939606985,0.0103178235619476,0.0032293002708088333,0.012372271740083287,0.006349587650215769,0.003036888678013275,0.0031200936037415155,0.0063911927468413045,0.009392048127474796,0.0031148932919855626,0.0061571645113304525,0.003000486564872446,0.011342436937713953,0.008747135654730063,0.011217609862723512,0.0028600786528853693,0.008955171062356925,0.01871296666461594,0.009366043437531103,0.009210015570955302,0.00902278274904181,0.006058352905907412,0.0029900859657976397,0.015742782790398663,0.015550324889442071,0.003166896432976778,0.006307982586878362,0.009605287075572209,0.006401594026198965,0.0062351738061373,0.011488068903929045,0.010239808142200517,0.004872628286199056,0.004414987418870811,0.008336268169746136,0.004014554963815496,0.004014554963815496,-0,0.002017639142452774,0.0021060426476514314,0.004440989632957202,0.004576201355811764,0.0072389038393971495,0.002506460406183855,0.002662468159768038,-0,0.0029796853688030733,0.003099292359832304,0.006339186381260658,-0,0.003364508843036276,-0,-0,0.006895657192178224,-0,-0,-0,0.00550709160564713,-0,-0,0.004451390522233534,0.0028028755381770093
schleswig-holstein,2021,23,2021-06-07,2021.4301369863015,2021-06-13,2021.4465753424658,female,0.004206970174240745,-0,0.008315464839132307,0.00400935456260728,-0,0.011576488510976585,0.0040301561705664,0.0079826126812,0.008310264007782153,0.012304655698178278,0.008372674018343875,0.012143417799208247,-0,0.0078733960311214,0.007946207105682173,0.012081003262860929,0.008019018282199874,0.007717372643216724,0.007644561889066231,0.007545747457218475,0.0036661292325725816,0.007004871788709344,-0,0.017386506316479613,0.0067916435039738305,0.01351135520104908,0.017495742948984615,0.006932062032199865,0.003348907835987936,0.003307305173422107,0.003187697703935032,0.006032349883058143,0.00610515837981182,0.005990745073540965,0.012127814158101031,0.0030576898969653043,0.0031200936037415155,0.0031044926700280707,0.0030524895914443187,0.005819125586151741,0.00875753740534499,0.008575507069992844,0.018073140390041906,0.015217426418069304,0.006068754118689121,0.006006346873211892,0.003099292359832304,0.0123982779334561,0.015014567457114875,0.002761273312456735,0.002470058664356574,-0,0.004310978692535646,0.0020332397500940035,0.0039469497886402685,0.0039209478215878266,0.00593873910845527,-0,0.0020332397500940035,0.0064327978767492475,-0,0.0023088512568800955,0.0023868547787384785,0.0025480624280375427,-0,0.002761273312456735,-0,-0,-0,0.003031688374572533,-0,-0,-0,0.003182497385412486,-0,-0,-0,-0,0.0034269129180184016,-0,0.0011284122433178158
schleswig-holstein,2021,23,2021-06-07,2021.4301369863015,2021-06-13,2021.4465753424658,male,-0,-0,0.0039157474297410386,0.003790938181377859,0.007509342187557531,0.00371293255327242,0.0038117397019696124,-0,0.007883797606960438,0.011612896628170248,-0,0.022827809929420007,0.011498471202837403,0.026693250073978454,0.00742613023831921,0.0075561489675180695,0.003775337046391954,0.003619325954004455,0.007223301669917921,0.007072480939606985,-0,0.012918404532277994,0.0061831675966001545,0.0031772970674157778,-0,0.0031200936037415155,-0,0.009392048127474796,-0,0.0030784911242383115,0.006001146272799539,0.0028340772293037934,0.005829526751076739,0.008409079892435596,0.005725515195395651,0.0029848856670374397,0.0062351738061373,-0,0.009210015570955302,-0,-0,0.0029900859657976397,0.00944405754638206,0.0031096929807496723,0.009496067017308214,0.012616730471292277,0.003203298662611505,0.016002862166626535,0.015586735789043028,0.005746317489889332,0.005117051763078601,0.009740512227448648,0.004414987418870811,-0,0.002007238739956898,0.002007238739956898,0.004118563097248782,0.002017639142452774,0.004206970174240745,0.004440989632957202,0.0022880503374788598,0.0072389038393971495,0.002506460406183855,0.002662468159768038,0.005626704410198463,-0,0.003099292359832304,0.0031720967499333595,0.003312505504420438,-0,-0,-0,-0,-0,0.0039573505791006425,-0,-0,-0,-0,-0,0.0028028755381770093
schleswig-holstein,2021,24,2021-06-14,2021.4493150684932,2021-06-20,2021.4657534246576,female,-0,-0,0.0041549659931030825,-0,-0,-0,0.0040301561705664,0.011971778004519644,-0,0.00410296186397373,0.008372674018343875,0.004045757382003803,0.00412376350938448,0.011805339956782778,0.003972951768688912,0.012081003262860929,0.008019018282199874,0.003858543153722642,0.003822140465380173,0.0037701366691073185,0.0036661292325725816,-0,0.014135521104354294,-0,0.003395710871169003,0.006755238762258061,0.006994470388680601,-0,0.013391724258505185,-0,0.003187697703935032,0.006032349883058143,-0,0.002995286265072126,0.012127814158101031,-0,0.0031200936037415155,0.0031044926700280707,0.006110358990620823,0.008726332159748081,0.002917281830520651,0.0028600786528853693,-0,-0,-0,-0,0.003099292359832304,-0,-0,-0,-0,0.002397255257160785,-0,0.0020332397500940035,0.0019708373476054787,-0,-0,-0,-0,0.004284976543460163,0.002199646522854582,-0,-0,0.0025480624280375427,0.0025792639662742755,-0,-0,-0,-0,-0,0.0030628902030005773,0.003031688374572533,0.003099292359832304,0.003182497385412486,-0,-0,-0,-0,-0,-0,-0
schleswig-holstein,2021,24,2021-06-14,2021.4493150684932,2021-06-20,2021.4657534246576,male,0.007941006311263562,-0,0.0039157474297410386,0.007582152752366816,-0,-0,-0,0.0038689439265003588,0.0039417493941873135,0.007743376508689189,0.004019755365543792,0.011410051728448493,-0,0.011436057440606802,-0,0.0075561489675180695,0.00755094821210531,0.010858733691253035,-0,0.0035361202294481955,0.0103178235619476,0.0032293002708088333,0.0061831675966001545,0.00952727272483302,0.006079155333551316,-0,0.003198098342534541,0.0031304942288193816,0.00934003876058632,0.0030784911242383115,-0,0.005668308928450343,0.002917281830520651,0.0028028755381770093,0.0028600786528853693,0.0029848856670374397,-0,0.006245575054287377,-0,-0,0.006058352905907412,0.0029900859657976397,0.0031460951703395374,0.0031096929807496723,-0,-0,0.0064067946666550996,0.006401594026198965,-0,-0,-0,0.0024336569480174867,0.002210046963827805,0.0020852418093770505,-0,0.002007238739956898,0.004118563097248782,-0,-0,0.0022204474068869785,0.0022880503374788598,-0,-0,0.002662468159768038,-0,-0,-0,0.0031720967499333595,-0,-0,0.003395710871169003,0.0034217125755785886,-0,-0,-0,-0,-0,-0,-0,-0,-0
schleswig-holstein,2021,25,2021-06-21,2021.468493150685,2021-06-27,2021.4849315068493,female,0.008414280733668927,0.004191368914435681,-0,0.00400935456260728,0.0039625509751080625,-0,-0,-0,-0,-0,-0,0.004045757382003803,-0,-0,0.003972951768688912,-0,-0,0.003858543153722642,-0,-0,-0,-0,-0,-0,0.003395710871169003,0.0033749095170002483,0.010494658946707572,-0,0.003348907835987936,-0,-0,0.003016087467382218,0.0030524895914443187,0.002995286265072126,0.003031688374572533,0.006115559601955722,0.009360842501099463,0.012413881655727382,0.0030524895914443187,-0,0.002917281830520651,0.0028600786528853693,-0,-0,-0,0.003000486564872446,-0,0.003099292359832304,0.003000486564872446,0.005522693260200158,0.002470058664356574,-0,0.002158044779740347,0.0020332397500940035,-0,-0,-0,0.0019968383395411833,0.0020332397500940035,-0,-0,-0,0.0023868547787384785,-0,-0,-0,-0,-0,-0,-0,0.0030628902030005773,-0,-0,-0,-0,0.003702531811699247,-0,-0,-0,-0,7.54005466554319e-4
schleswig-holstein,2021,25,2021-06-21,2021.468493150685,2021-06-27,2021.4849315068493,male,-0,-0,0.0039157474297410386,0.003790938181377859,-0,-0,0.0038117397019696124,-0,-0,0.0038689439265003588,0.004019755365543792,-0,0.0038325412308768125,0.007623758835177322,-0,-0,0.003775337046391954,0.003619325954004455,0.0036141255923162635,0.0035361202294481955,-0,0.0032293002708088333,0.0030940920501508267,-0,-0,0.006245575054287377,-0,-0,0.006224772560067722,0.0030784911242383115,0.006001146272799539,0.0028340772293037934,-0,0.005605902163555226,0.0028600786528853693,0.005969942681265255,0.009355641565193784,-0,-0,-0,0.003031688374572533,0.0029900859657976397,0.0031460951703395374,-0,0.006328785114386053,-0,0.003203298662611505,-0,-0,-0,-0,-0,0.002210046963827805,0.0041653668251699465,0.002007238739956898,0.004014554963815496,-0,0.002017639142452774,-0,-0,-0,0.004825823921693603,0.002506460406183855,-0,0.002813276099801863,-0,-0,-0,-0,-0,-0,-0,0.0034477142929898856,-0,-0,-0,0.00550709160564713,-0,-0,-0,-0
schleswig-holstein,2021,26,2021-06-28,2021.4876712328767,2021-07-04,2021.504109589041,female,-0,0.004191368914435681,0.0041549659931030825,-0,-0,-0,0.01209140568038306,-0,0.0041549659931030825,-0,0.004186168495544676,-0,0.00412376350938448,0.003936549000260211,0.003972951768688912,-0,0.008019018282199874,0.003858543153722642,0.007644561889066231,-0,0.007332516954591532,-0,0.010603881102422153,0.003478916371049182,0.003395710871169003,-0,0.003499717766823437,0.003463315329682109,0.003348907835987936,0.006609620050255059,0.003187697703935032,-0,0.0030524895914443187,0.002995286265072126,-0,0.006115559601955722,-0,-0,0.006110358990620823,-0,0.002917281830520651,0.0028600786528853693,0.0030108871660274915,-0,0.003031688374572533,0.006006346873211892,-0,-0,-0,-0,0.002470058664356574,-0,0.002158044779740347,-0,0.0019708373476054787,-0,-0,0.005990745073540965,-0,0.002142444134650337,-0,-0,0.004768618644508019,-0,-0,-0,-0,-0,-0,-0,-0,-0,0.003099292359832304,-0,-0,-0,-0,-0,-0,-0,-0
schleswig-holstein,2021,26,2021-06-28,2021.4876712328767,2021-07-04,2021.504109589041,male,0.003972951768688912,0.01210700931057096,0.0039157474297410386,0.003790938181377859,-0,0.00371293255327242,-0,0.0038689439265003588,0.0039417493941873135,-0,0.008034620690429147,-0,-0,-0,-0,-0,0.00755094821210531,0.0072389038393971495,0.021678118033694314,0.0035361202294481955,0.00688005512568118,-0,0.0030940920501508267,-0,0.006079155333551316,-0,-0,-0,0.012450290359226115,-0,-0,0.005668308928450343,0.002917281830520651,0.0028028755381770093,0.0028600786528853693,0.011940570829995095,-0,0.012486699088217054,0.003068090509561685,0.003005686865187052,-0,0.0029900859657976397,0.0031460951703395374,-0,-0,-0,0.003203298662611505,-0,-0,0.0028704792259572447,-0,-0,-0,-0,-0,0.002007238739956898,-0,0.002017639142452774,0.0021060426476514314,-0,0.004576201355811764,0.002412855978691718,0.002506460406183855,-0,-0,-0,-0,-0,-0,-0,-0,-0,-0,0.003634927042177917,-0,-0,-0,-0,-0,-0,-0
schleswig-holstein,2021,27,2021-07-05,2021.5068493150684,2021-07-11,2021.5232876712328,female,-0,-0,0.0041549659931030825,-0,-0,-0,0.0040301561705664,0.003988552962963668,0.008310264007782153,-0,-0,0.004045757382003803,0.00412376350938448,-0,-0,0.004024955767797943,0.00400935456260728,0.003858543153722642,-0,0.011316431272381898,0.018328029588521866,0.0035049181170700625,0.010603881102422153,-0,0.003395710871169003,0.006755238762258061,-0,0.003463315329682109,0.003348907835987936,0.003307305173422107,-0,0.003016087467382218,0.0030524895914443187,0.008991577344264803,-0,-0,-0,0.0031044926700280707,0.0030524895914443187,-0,-0,-0,0.0030108871660274915,-0,-0,0.006006346873211892,-0,-0,0.003000486564872446,0.005522693260200158,-0,-0,-0,-0,-0,0.0019604369544703195,0.0039625509751080625,0.0019968383395411833,0.004066559004530959,-0,0.006604419389508075,0.0023088512568800955,0.0023868547787384785,0.007649762653835953,-0,-0,-0,-0,-0,-0,-0,-0,-0,-0,-0,-0,-0,-0,0.0034269129180184016,-0,7.54005466554319e-4
schleswig-holstein,2021,27,2021-07-05,2021.5068493150684,2021-07-11,2021.5232876712328,male,-0,0.004035356573860712,-0,0.003790938181377859,0.007509342187557531,-0,-0,0.0038689439265003588,0.0039417493941873135,-0,0.008034620690429147,-0,-0,-0,-0,-0,0.003775337046391954,0.003619325954004455,0.014452808310744417,-0,0.00688005512568118,0.01614850718550038,0.01546710007179904,-0,-0,0.009366043437531103,0.003198098342534541,0.0031304942288193816,0.006224772560067722,0.0030784911242383115,0.003000486564872446,-0,0.002917281830520651,0.005605902163555226,-0,-0,0.0031200936037415155,0.0031200936037415155,-0,0.003005686865187052,0.003031688374572533,0.0029900859657976397,-0,0.0031096929807496723,0.003166896432976778,-0,0.003203298662611505,0.003198098342534541,0.0062351738061373,0.0028704792259572447,-0,-0,0.002210046963827805,0.0041653668251699465,0.002007238739956898,-0,-0,0.002017639142452774,0.0021060426476514314,-0,-0,0.002412855978691718,0.002506460406183855,-0,-0,-0,-0,-0,0.006630422698426997,-0,-0,-0,-0,-0,-0,-0,-0,-0,-0,-0,-0
schleswig-holstein,2021,28,2021-07-12,2021.5260273972603,2021-07-18,2021.5424657534247,female,-0,0.004191368914435681,-0,-0,-0,-0,-0,0.015966450975643053,0.0041549659931030825,0.012304655698178278,0.008372674018343875,0.004045757382003803,0.00412376350938448,-0,0.007946207105682173,-0,0.02807197590427464,0.023160757125374496,0.02675568215158173,0.01886382116080424,0.018328029588521866,0.01401068732432977,0.014135521104354294,0.020866586117123737,0.020372390193146184,0.010130586751190794,0.017495742948984615,0.003463315329682109,0.006698031362482135,0.009917345648964796,0.003187697703935032,0.003016087467382218,0.0030524895914443187,0.005990745073540965,0.006063553512041092,0.012237039744194867,0.006240374429955163,0.006203970074175833,0.0030524895914443187,0.008726332159748081,0.005839927918087977,-0,0.0030108871660274915,-0,0.003031688374572533,-0,0.00619876945399884,0.00619876945399884,0.003000486564872446,-0,0.004940234664859949,0.002397255257160785,0.004310978692535646,-0,0.0039469497886402685,0.0039209478215878266,-0,0.003993753362091565,0.0020332397500940035,-0,0.002199646522854582,-0,-0,-0,-0,-0,-0,0.002839277512982304,-0,-0,-0,-0,-0,-0,-0,-0,-0,-0,-0,-0,7.54005466554319e-4
schleswig-holstein,2021,28,2021-07-12,2021.5260273972603,2021-07-18,2021.5424657534247,male,-0,0.004035356573860712,-0,-0,0.007509342187557531,0.00371293255327242,-0,-0,0.0039417493941873135,0.0038689439265003588,-0,-0,0.007665364951277586,0.0038117397019696124,0.00371293255327242,-0,0.015102993060748082,0.0072389038393971495,0.010837929351467157,0.017677804513099284,0.03096481759267501,0.022609314490611505,0.009277627588990575,0.034945339454244696,0.006079155333551316,0.009366043437531103,0.003198098342534541,0.012523107842706004,0.015565929557576104,0.012320259392350435,0.003000486564872446,0.0028340772293037934,0.002917281830520651,0.005605902163555226,-0,0.005969942681265255,0.0031200936037415155,-0,-0,0.003005686865187052,0.009090394523631421,0.0029900859657976397,0.00944405754638206,0.006219571937816006,-0,-0,0.009605287075572209,0.012803976234156533,0.0031148932919855626,0.005746317489889332,0.002558462938702915,0.009740512227448648,0.002210046963827805,0.0020852418093770505,0.006021948677558128,0.004014554963815496,0.0061779669785036575,0.002017639142452774,0.0021060426476514314,0.004440989632957202,-0,0.002412855978691718,0.002506460406183855,-0,0.002813276099801863,0.0029796853688030733,0.003099292359832304,-0,-0,-0,-0,-0,-0,-0,-0,-0,-0,-0,-0,-0,0.0011232121307323422
schleswig-holstein,2021,29,2021-07-19,2021.545205479452,2021-07-25,2021.5616438356165,female,-0,0.004191368914435681,0.0041549659931030825,0.00400935456260728,0.0039625509751080625,0.003858543153722642,0.008060624714555516,0.003988552962963668,0.008310264007782153,0.008206247489956096,0.008372674018343875,0.02024233941481887,0.012367070502966001,0.023618563000681193,0.01191456486552351,0.012081003262860929,0.008019018282199874,0.019300781481543735,0.0344041787164938,0.033961888065185575,0.021995451266053366,0.035039002461352296,0.03534601016741689,0.020866586117123737,0.01697557056384844,0.010130586751190794,0.027993933843506617,0.013865048293070885,0.010042169602679389,0.016528226474318904,0.006380791469564156,0.009053988172539539,0.012211033631454433,0.005990745073540965,0.003031688374572533,0.0030576898969653043,-0,0.012413881655727382,0.0030524895914443187,0.005819125586151741,0.011675310602655163,0.008575507069992844,0.00903838545844986,0.012169423878127056,0.009100796342909912,-0,-0,0.003099292359832304,0.006006346873211892,0.016564638058662623,0.0074105280126641575,0.0071868966259951515,0.002158044779740347,0.004066559004530959,0.0039469497886402685,0.0039209478215878266,-0,0.003993753362091565,0.004066559004530959,0.002142444134650337,0.004404586536875719,0.006932062032199865,-0,0.0025480624280375427,0.007738175734550922,0.002761273312456735,-0,-0,0.003016087467382218,0.006058352905907412,-0,-0,-0,-0,0.003463315329682109,-0,-0,-0,-0,-0,0.0037649362923369853
schleswig-holstein,2021,29,2021-07-19,2021.545205479452,2021-07-25,2021.5616438356165,male,-0,0.01614330557066179,-0,0.007582152752366816,0.0037545355403623185,0.00371293255327242,0.007618558073008363,-0,0.015768790669483494,0.015487906263722354,0.004019755365543792,0.011410051728448493,-0,0.011436057440606802,0.011139593093019493,0.018884628711859346,0.03776571061233823,0.028956460778900777,0.007223301669917921,0.03536162077716536,0.020642896853925143,0.012918404532277994,0.03093359901762195,0.04447901749074503,0.02127755262020775,0.024981599811556003,0.019181137219148253,0.012523107842706004,0.018681755444181294,0.012320259392350435,0.018000315134246866,0.008507895964869762,0.023327231522781853,0.011217609862723512,0.00858590878627633,0.005969942681265255,0.0031200936037415155,0.006245575054287377,0.015347464629798743,0.006016748075591187,0.003031688374572533,0.005985544474694745,-0,0.0031096929807496723,-0,0.015773992246864873,0.003203298662611505,0.012803976234156533,0.01247109534410109,0.005746317489889332,0.007680967253394826,0.0024336569480174867,0.002210046963827805,0.008336268169746136,0.012044594817923965,0.006021948677558128,-0,-0,0.006313183217977983,-0,0.00686445306387115,-0,0.002506460406183855,0.002662468159768038,0.005626704410198463,0.0029796853688030733,-0,0.0031720967499333595,-0,0.003364508843036276,0.003395710871169003,-0,-0,-0,0.0039573505791006425,-0,-0,-0,-0,-0,0.0028028755381770093
schleswig-holstein,2021,30,2021-07-26,2021.5643835616438,2021-08-01,2021.5808219178082,female,0.021038255274045806,0.008377874855941806,0.02078855486951126,0.016049676592490326,0.011893760103312842,0.03858791402744222,0.028212451908818135,0.023951515259748424,0.020783352790503123,0.016408588590982542,0.029305056009662427,0.03239568906503907,0.02885760584026865,0.019680523789977762,0.03178691348093245,0.03222398240944775,0.044114707280594904,0.0424701386704653,0.05735121493243541,0.03018435883900562,0.0256631316153238,0.035039002461352296,0.021204722876538334,0.017386506316479613,0.03735461377987083,0.01688714177585683,0.027993933843506617,0.027733794486851013,0.01674149468815487,0.029757713005673345,0.019139521888064857,0.009053988172539539,0.012211033631454433,0.02098103215876963,0.02122032924159188,0.015295449306082875,0.018723370408923815,0.018619333059512348,0.012216234852964341,0.023275208216344843,0.029195794566489568,0.017147226875703747,0.018073140390041906,0.00912680090020644,0.02123593561133503,0.015014567457114875,0.01239307669374335,0.00929843130453477,0.012008186398478806,0.002761273312456735,0.004940234664859949,0.009584483237263443,0.00646920239273339,0.0020332397500940035,0.0019708373476054787,-0,0.009901742675820701,0.007987813479779884,0.004066559004530959,0.008575507069992844,0.006604419389508075,0.0023088512568800955,0.0023868547787384785,-0,-0,0.013797430310069239,0.005652707230202153,0.002839277512982304,-0,0.003031688374572533,-0,0.003031688374572533,-0,-0,-0,-0,-0,-0,-0,-0,0.0033853101930444904
schleswig-holstein,2021,30,2021-07-26,2021.5643835616438,2021-08-01,2021.5808219178082,male,0.015888427080825895,0.004035356573860712,0.019592090401952436,0.01137364375328337,0.007509342187557531,0.02228677528269061,0.02286422592514429,0.015477503166720077,0.015768790669483494,0.030975223788524315,0.02813440963721658,0.015217426418069304,0.026833722353991372,0.015248635559227649,0.011139593093019493,0.03778132194850755,0.015102993060748082,0.01447881554465439,0.014452808310744417,0.03182333575133362,0.024081575314979845,0.03230203081897313,0.049501554100836294,0.031766100766444566,0.027359196099544254,0.01561274359008081,0.025574688052447232,0.021917418324447695,0.018681755444181294,0.024643438491696115,0.014998962954432291,0.017011982461439912,0.011664908268371053,0.019628504131747417,0.014312369472382432,0.02985136666922528,0.0062351738061373,0.031224973113647688,0.009210015570955302,0.012028991206470531,0.009090394523631421,0.01496255246639305,0.00944405754638206,0.006219571937816006,0.01266354184879604,0.018926243838959245,0.009605287075572209,0.009600086115211843,0.0031148932919855626,0.011488068903929045,0.007680967253394826,0.007306513294578523,0.004414987418870811,0.008336268169746136,0.004014554963815496,0.006021948677558128,0.0061779669785036575,0.002017639142452774,0.012627132995985318,0.006666827352765989,0.004576201355811764,-0,0.007514542938803311,0.002662468159768038,0.008440284947649665,0.005964742084499513,0.003099292359832304,0.006339186381260658,0.003312505504420438,-0,-0,0.0034217125755785886,-0,-0,-0,-0,-0,-0,-0,0.004451390522233534,0.0011232121307323422
schleswig-holstein,2021,31,2021-08-02,2021.5835616438355,2021-08-08,2021.6,female,0.021038255274045806,0.01676230138999413,0.0166322596400894,0.020060268871590133,0.027759808363951612,0.04244932167963679,0.044343701971882615,0.05589883423380933,0.04572810044572248,0.06567065018651978,0.07538701978209734,0.06075587922762501,0.09074112658334096,0.06694106908137669,0.10336947472607143,0.07253336388024777,0.07622544115245061,0.061791899296691585,0.07265313096131482,0.052838035698455764,0.051333729662363006,0.04555634976026216,0.021204722876538334,0.04521805461466013,0.030558977578888674,0.0371620758745933,0.024492567227658763,0.020798959029094562,0.023441682980160427,0.029757713005673345,0.02871192522061522,0.030179155819956553,0.04274596458568107,0.02997103548477827,0.02425325508598765,0.03671455809221196,0.0343365340202617,0.02793150027922066,0.024435340310973965,0.06402539971071364,0.040882867027663215,0.017147226875703747,0.027114668052427793,0.0334779743681285,0.03641274594845814,0.021022648963630854,0.018593323754685687,0.00929843130453477,0.012008186398478806,0.024846335019722523,0.019768957328396883,0.019170733383259437,0.012939209704444394,0.0020332397500940035,0.005917936736990098,0.007847392100623672,0.0019812377428207965,0.005990745073540965,0.010166993856035466,-0,0.002199646522854582,0.0023088512568800955,0.004768618644508019,0.007649762653835953,-0,0.002761273312456735,0.0028236766635127155,-0,0.0060375504865854464,0.006058352905907412,-0,-0,0.00619876945399884,-0,0.003463315329682109,-0,0.004482593202544671,0.0034737160234086795,0.0034269129180184016,-0,0.001882434072264451
schleswig-holstein,2021,31,2021-08-02,2021.5835616438355,2021-08-08,2021.6,male,0.007941006311263562,0.01210700931057096,0.0039157474297410386,0.018962657102494423,0.01877538916167991,0.02600129956643897,0.07624627166915819,0.04257942800903541,0.05916284341302825,0.05034476324435,0.07237714636297789,0.08755847485907618,0.09205383182508284,0.061026596047521954,0.04829401913867109,0.07558490683705942,0.07177831689433581,0.06517602827365415,0.08676674887638547,0.07074209784411946,0.0344041787164938,0.07108576619535387,0.049501554100836294,0.031766100766444566,0.024315684234152955,0.028108395572714745,0.04476526301784619,0.0375783749438473,0.02801994785074668,0.030803521823315843,0.0239983368421553,0.031193754382408043,0.023327231522781853,0.014021090127885627,0.034362551200704666,0.03582473766489773,0.01559193734820765,0.028103192761378376,0.039920119309618834,0.02406076568428216,0.024237647810652917,0.01795349895223509,0.02834252262175637,0.031100098301149643,0.02849340505637608,0.00946486132851025,0.02242203341663477,0.02560590341040424,0.018707764793239677,0.008617113947610913,0.02304110398143001,0.012174625095475011,0.0066252220356052575,0.008336268169746136,0.002007238739956898,0.00802941988716782,0.016481411617619894,0.006047951695206187,0.008419481575428201,0.004440989632957202,0.00686445306387115,0.002412855978691718,0.007514542938803311,0.002662468159768038,0.005626704410198463,-0,-0,0.012684346918992246,0.006630422698426997,0.006729235390917331,-0,-0,-0,-0,0.007909801555657911,-0,-0,-0,-0,-0,0.0028028755381770093
schleswig-holstein,2021,32,2021-08-09,2021.6027397260275,2021-08-15,2021.6191780821919,female,0.01262193173338156,0.02514287752322325,0.02078855486951126,0.03611613916904121,0.05553444400831644,0.04631101609290951,0.06854475692270412,0.05989688326473763,0.054045676186819686,0.06567065018651978,0.06281232114985169,0.0972424673631105,0.11552142425514551,0.05906393103372852,0.10336947472607143,0.07253336388024777,0.10835601610842295,0.0424701386704653,0.0420485962304584,0.07172103791521668,0.06601428502204022,0.06659222145755128,0.042418096209019505,0.03826007186682844,0.054342385253819986,0.03378497285800318,0.03499217093670725,0.055482388470261386,0.01674149468815487,0.04630060682762218,0.02871192522061522,0.03622021153055142,0.04885614399465342,0.03297325197669694,0.03638672774221469,0.030590195929035793,0.04058103068980693,0.03724533542182389,0.03360285489109335,0.03491411848936589,0.026277038138858455,0.042881275946929566,0.04519723652373852,0.02434689883634476,0.045514713315881195,0.03003347149786665,0.027895080734673915,0.031001239287261322,0.012008186398478806,0.04141889104947138,0.017298076829667556,0.0071868966259951515,0.004310978692535646,0.02033077390869288,0.02169892671091331,0.005881532606937609,0.00792020313877916,0.009984958586699498,0.008133436051276975,0.0064327978767492475,0.004404586536875719,0.011550482728593011,0.009537674631497036,0.005101450230224663,0.0051586558735601425,0.008279059030587392,0.008476690869076719,-0,-0,0.003031688374572533,0.0030628902030005773,-0,0.00619876945399884,0.003182497385412486,0.003463315329682109,-0,0.004482593202544671,0.0034737160234086795,0.0034269129180184016,-0,0.00150802186641993
schleswig-holstein,2021,32,2021-08-09,2021.6027397260275,2021-08-15,2021.6191780821919,male,0.015888427080825895,0.036324284100357374,0.027432034463506887,0.01137364375328337,0.03756276366860042,0.029716089209353567,0.049548398694545734,0.0813187508994767,0.06310908024319327,0.05034476324435,0.09652873879305231,0.08374579995701735,0.08437601791658791,0.08775119945548054,0.09663293213421341,0.0869334270288855,0.05665885634974439,0.02171453322428923,0.05421224948968314,0.05658597703518425,0.05506074053256903,0.05168768010869991,0.03093359901762195,0.04129919588583092,0.03648039334560602,0.01873897602928555,0.0511619604611091,0.040711132344735924,0.02801994785074668,0.02155846830128243,0.036006863413623476,0.017011982461439912,0.023327231522781853,0.030850349575781807,0.02003946085009725,0.03582473766489773,0.04367233402816222,0.03435214432696426,0.012278649551621904,0.03910830265367026,0.04242850469714187,0.032921219019025824,0.04409388963139131,0.021766554969380177,0.02849340505637608,0.02523652287566438,0.016013265368732443,0.03521071841254477,0.024945182332989004,0.02585042436269211,0.028160423714738265,0.017048394384522287,0.011040772019425564,0.018759783530390296,0.004014554963815496,0.022083888741433234,0.01236186926637474,0.008060624714555516,0.008419481575428201,0.013329308223824075,0.011441258584595685,0.01447881554465439,0.002506460406183855,0.013313704226862691,0.005626704410198463,0.0029796853688030733,0.0123982779334561,0.006339186381260658,-0,0.006729235390917331,0.003395710871169003,0.0068436503220691836,0.006895657192178224,0.003634927042177917,0.007909801555657911,0.00871593041537525,0.00550709160564713,0.004180968077167981,0.004118563097248782,0.004451390522233534,0.0016848272943518216
schleswig-holstein,2021,33,2021-08-16,2021.6219178082192,2021-08-22,2021.6383561643836,female,0.021038255274045806,0.02933627360702296,0.02078855486951126,0.03611613916904121,0.023795443622868267,0.027010613913061827,0.052411203958147336,0.06788869682791542,0.07485064549899524,0.09031919265036124,0.07957926182315367,0.10535465491333063,0.06185437352857571,0.0629997477486094,0.07950114242155493,0.06447315259598045,0.040107463414704274,0.05792384929678916,0.0420485962304584,0.037734487954054215,0.04033123642481093,0.05607061908289262,0.056570360052498866,0.03130302002374237,0.06454083650710833,0.05744491830599985,0.031490333085906506,0.07630355563312714,0.0368394463882409,0.06615486356381844,0.031901383559517896,0.033196994287997925,0.01526424013682805,0.041965328992166845,0.04244932167963679,0.02141280812906678,0.037458688620085674,0.024830727566379846,0.03360285489109335,0.023275208216344843,0.029195794566489568,0.03430010998950347,0.012049796022780333,0.01826040580185584,0.03944655805341209,0.01201338759969349,0.024794310193473938,0.031001239287261322,0.018015920537615346,0.008279059030587392,0.03213032447265111,0.016772704744035773,0.025881639886172834,0.016262942843654794,0.009860134770317457,0.011768931704854315,0.0039625509751080625,0.013979478926148921,0.006099957769517166,0.004284976543460163,0.008809546189630155,0.016169313650069517,0.0023868547787384785,0.005101450230224663,0.0025792639662742755,0.008279059030587392,0.0028236766635127155,0.005683910631373779,0.003016087467382218,0.006058352905907412,-0,0.006063553512041092,0.00619876945399884,-0,0.003463315329682109,0.003702531811699247,0.004482593202544671,-0,-0,0.007223301669917921,0.004518996353235525
schleswig-holstein,2021,33,2021-08-16,2021.6219178082192,2021-08-22,2021.6383561643836,male,0.02383186029624033,0.01614330557066179,0.015675162365650305,0.03034044965263982,0.033805786380549374,0.04829922397057983,0.06099015331659387,0.0929446149694475,0.06705561657272989,0.04647235997131495,0.08042816688737137,0.06851351577811579,0.08437601791658791,0.08775119945548054,0.09663293213421341,0.0907150811796932,0.03776571061233823,0.039821243526274704,0.03613695362468125,0.02828529146797905,0.03784897112608203,0.05492019197978069,0.03093359901762195,0.05401444375193516,0.0638587949701488,0.05935546279687835,0.025574688052447232,0.0375783749438473,0.043594268550743664,0.043131082461977444,0.036006863413623476,0.01417713243095282,0.023327231522781853,0.04487455718023209,0.034362551200704666,0.026864938467750194,0.02807197590427464,0.02185499205547191,0.02456019911947642,0.027073046371698873,0.024237647810652917,0.02094981957697701,0.0251897001783634,0.0342116517353205,0.022156719716449013,0.022083888741433234,0.03203146350014633,0.03521071841254477,0.021823778949087637,0.02297867636345579,0.015357867700785595,0.021917418324447695,0.015456696978959239,0.020840575688244416,0.01606007980396201,0.010036968598628295,0.014421599647218522,0.0040301561705664,0.012627132995985318,0.011108386417910789,0.01372981241499424,0.0072389038393971495,0.007514542938803311,0.005325072648370196,0.008440284947649665,0.0029796853688030733,0.0123982779334561,0.015852015969977255,0.006630422698426997,-0,0.003395710871169003,0.0034217125755785886,-0,-0,0.011867754162257745,-0,0.00550709160564713,0.008367473181271885,0.008242653247524817,0.00890316213242793,0.0056111027244387535
schleswig-holstein,2021,34,2021-08-23,2021.641095890411,2021-08-29,2021.6575342465753,female,0.01262193173338156,0.01676230138999413,0.01247109534410109,0.03209910519786996,0.051567961305745195,0.04244932167963679,0.052411203958147336,0.05989688326473763,0.04156981143111535,0.05335336161432378,0.05443608320566157,0.06480636654767179,0.053603218442159005,0.07482460805324478,0.067565876645161,0.052374767264576905,0.048127464792759575,0.050199022414988075,0.03057978981023764,0.04528571346771252,0.051333729662363006,0.03854107930652341,0.028274885810422732,0.04174154894992997,0.03735461377987083,0.04054460228475993,0.041996554190897345,0.027733794486851013,0.06365053979508231,0.04630060682762218,0.03509103753819332,0.030179155819956553,0.051911502957923635,0.026974195013475727,0.033353094145075333,0.02141280812906678,0.024965992317620228,0.046560839084914055,0.03971195998447088,0.03491411848936589,0.03795825075268225,0.0371620758745933,0.04821074189902891,0.030434104365725925,0.027307168759175392,0.0360432886399121,0.0340919731603515,0.02169892671091331,0.006006346873211892,0.008279059030587392,0.01235666803029795,0.019170733383259437,0.012939209704444394,0.014229146636033727,0.009860134770317457,0.005881532606937609,0.01782345422334967,0.011982180400191667,0.006099957769517166,0.015004164454808108,0.008809546189630155,0.006932062032199865,0.011924967249750274,0.0127519634546151,0.0025792639662742755,0.002761273312456735,0.014130319690867144,0.005683910631373779,0.0060375504865854464,0.003031688374572533,-0,-0,0.003099292359832304,0.006359988921251389,0.003463315329682109,0.003702531811699247,0.008960371958214274,0.0034737160234086795,0.006854051691929893,-0,0.008658720858514239
schleswig-holstein,2021,34,2021-08-23,2021.641095890411,2021-08-29,2021.6575342465753,male,0.027806633375535787,0.020179915156756156,0.04703446513523006,0.041720732250773315,0.04507753266268287,0.033431144249339136,0.04192369542301884,0.04645154137822887,0.05126606293959195,0.05034476324435,0.09250182611896998,0.060896443554352406,0.0575177988243929,0.05339500433559273,0.08919405223315048,0.04155940311487037,0.04532214519427977,0.05430594720703528,0.046982418105538305,0.049511964006903206,0.05850169582038018,0.06461893343711238,0.06808134853700301,0.04129919588583092,0.03648039334560602,0.024981599811556003,0.03516909025109235,0.06577478171505072,0.043594268550743664,0.03388383716429119,0.04200696259464282,0.04538459964206915,0.04375039962277747,0.033654888530837174,0.04009185138016989,0.020892596559013498,0.03743266989050533,0.03435214432696426,0.03377456609985414,0.02406076568428216,0.030298825389861624,0.03591840225600248,0.031490333085906506,0.031100098301149643,0.025324965863378235,0.018926243838959245,0.025621511096406775,0.01920194489718205,0.03430010998950347,0.02585042436269211,0.020481633098297477,0.014614053370672519,0.015456696978959239,0.010421844303680755,0.00802941988716782,0.018067938582676676,0.010302220468631015,0.014109514042132914,0.010525865253503073,0.011108386417910789,0.01601846697056299,0.009652095742195298,0.012528309095424985,0.01065069066795533,0.005626704410198463,0.005964742084499513,0.003099292359832304,0.0031720967499333595,-0,0.006729235390917331,0.003395710871169003,-0,-0,0.007270108192405292,-0,0.013069242219069821,-0,0.004180968077167981,0.004118563097248782,0.013355314895833638,0.003364508843036276
schleswig-holstein,2021,35,2021-08-30,2021.6602739726027,2021-09-05,2021.676712328767,female,0.033660091897678726,0.04191328703594023,0.01247109534410109,0.028087584330481093,0.0396599202833872,0.03087116192374845,0.064509597767947,0.05589883423380933,0.07069002707995525,0.061562827755291004,0.0670035494999252,0.048595900250366045,0.07423095782738513,0.07482460805324478,0.07552241610677209,0.06447315259598045,0.06418159213978508,0.05792384929678916,0.04587382874492137,0.04906433992784663,0.0256631316153238,0.05256736150549568,0.028274885810422732,0.04869999759178726,0.033956684668150564,0.07097120982590625,0.02099143635685808,0.03466955491301903,0.04354222496423847,0.04630060682762218,0.06063093347841067,0.04829401913867109,0.051911502957923635,0.05696078602675669,0.05155234583003042,0.02141280812906678,0.0343365340202617,0.04345895533417718,0.03665731772344312,0.0494651194460162,0.05256736150549568,0.017147226875703747,0.04519723652373852,0.02434689883634476,0.02123593561133503,0.03304089489951268,0.040294808194750106,0.02169892671091331,0.015014567457114875,0.016564638058662623,0.024711070579739352,0.0071868966259951515,0.015097791550486543,0.016262942843654794,0.009860134770317457,0.01372981241499424,0.011883357725328935,0.009984958586699498,0.008133436051276975,0.0064327978767492475,0.008809546189630155,0.013859846906638294,0.019082300862194364,0.0025480624280375427,0.0025792639662742755,-0,0.008476690869076719,0.008523498519785691,0.0060375504865854464,0.003031688374572533,0.0030628902030005773,0.006063553512041092,0.003099292359832304,0.003182497385412486,-0,-0,0.008960371958214274,0.010421844303680755,0.006854051691929893,-0,0.004518996353235525
schleswig-holstein,2021,35,2021-08-30,2021.6602739726027,2021-09-05,2021.676712328767,male,0.031781710301532415,0.036324284100357374,0.03134984822602566,0.03413360045953551,0.05635172278733789,0.029716089209353567,0.04192369542301884,0.06194808501713636,0.05916284341302825,0.08134999973828777,0.05628404953442621,0.060896443554352406,0.07286662948562998,0.057210660188689054,0.06316114341664944,0.06802407363001714,0.04532214519427977,0.08691780092939527,0.05059981067861753,0.06720661137867456,0.06883113495602729,0.05168768010869991,0.03712044615096944,0.02223475301715946,0.0334415509387594,0.03435734776357123,0.04476526301784619,0.04697721340543084,0.043594268550743664,0.03696433498420876,0.04500987408050042,0.04254299820398647,0.03499737443736535,0.05610185275278967,0.05441526142399516,0.044786080935828795,0.03743266989050533,0.03747429986408173,0.03377456609985414,0.012028991206470531,0.018177176646680372,0.032921219019025824,0.05039160859767728,0.01865574610813226,0.031656834152052817,0.022083888741433234,0.041642669703157664,0.028805577000687144,0.021823778949087637,0.020107086950389725,0.010239808142200517,0.014614053370672519,0.022078686532838312,0.008336268169746136,0.010036968598628295,0.00802941988716782,0.01854130518405447,0.012096606889927376,0.010525865253503073,0.011108386417910789,0.011441258584595685,0.012065399640482432,0.01002136558959044,0.01597685417046448,0.002813276099801863,0.008944769272208542,0.00619876945399884,0.006339186381260658,0.009943350614610848,-0,0.0067916435039738305,0.0034217125755785886,0.0034477142929898856,0.007270108192405292,0.0039573505791006425,-0,-0,0.008367473181271885,-0,0.00890316213242793,0.003364508843036276
schleswig-holstein,2021,36,2021-09-06,2021.6794520547944,2021-09-12,2021.695890410959,female,0.025246927925235238,0.02514287752322325,0.0166322596400894,0.03209910519786996,0.031724475362465095,0.04631101609290951,0.028212451908818135,0.0758817388315032,0.04156981143111535,0.061562827755291004,0.04186644931987091,0.06075587922762501,0.06185437352857571,0.04330802946955082,0.027811836157200263,0.04834606748117311,0.048127464792759575,0.05792384929678916,0.022931855699151363,0.022640528068518795,0.029331070672825185,0.0420485962304584,0.0318129293857595,0.04174154894992997,0.030558977578888674,0.0371620758745933,0.04549389510619258,0.0416062405543761,0.020091480919435727,0.033066911431721704,0.025517459944863426,0.02716149248307872,0.024419732980993876,0.02997103548477827,0.030319637517088757,0.02753088669208184,0.021844587684595407,0.018619333059512348,0.02138159528810311,0.04073194863973225,0.023358445531629923,0.03144350475711054,0.027114668052427793,0.027390412528751847,0.027307168759175392,0.02402434885060263,0.03719329818918244,0.02169892671091331,0.018015920537615346,0.016564638058662623,0.017298076829667556,0.02396712244920358,0.015097791550486543,0.010161792839493746,0.015779193824760788,0.015690767071246836,0.009901742675820701,0.007987813479779884,0.010166993856035466,0.012861190351738811,0.008809546189630155,-0,0.0023868547787384785,0.0025480624280375427,0.0025792639662742755,0.002761273312456735,0.008476690869076719,0.002839277512982304,0.009053988172539539,0.006058352905907412,-0,0.006063553512041092,0.0123982779334561,0.003182497385412486,-0,0.0074105280126641575,0.004482593202544671,0.0034737160234086795,-0,0.003608925231153918,0.008658720858514239
schleswig-holstein,2021,36,2021-09-06,2021.6794520547944,2021-09-12,2021.695890410959,male,0.01986259300359185,0.03228642112769874,0.027432034463506887,0.03792702797879007,0.03004908051285659,0.01857251632018874,0.05335856695265577,0.054196633219874876,0.06310908024319327,0.04259504079043646,0.04421879565162494,0.057085722957636593,0.04600914824557059,0.0381351801588494,0.033431144249339136,0.06045913356343741,0.041543790644406255,0.06155241543647631,0.046982418105538305,0.03536162077716536,0.024081575314979845,0.025840019192362673,0.049501554100836294,0.04447901749074503,0.04256381523231625,0.062479119975638785,0.0511619604611091,0.059511641199466454,0.043594268550743664,0.05546156626963049,0.05701804874948457,0.05105785819104174,0.03791662039165875,0.02523652287566438,0.03722452052251837,0.005969942681265255,0.02183418331580065,0.02185499205547191,0.039920119309618834,0.02406076568428216,0.027270749651892592,0.032921219019025824,0.02204227108722312,0.031100098301149643,0.018993868491525404,0.028394550998034288,0.03203146350014633,0.02560590341040424,0.015586735789043028,0.028727533838911377,0.010239808142200517,0.009740512227448648,0.013246086960794733,0.008336268169746136,0.024097182543471058,0.012044594817923965,0.01236186926637474,0.010078576645625783,0.012627132995985318,0.008887559463588091,0.009152805470507532,0.009652095742195298,0.01753735696458627,0.005325072648370196,0.005626704410198463,-0,0.00619876945399884,-0,0.006630422698426997,0.010094179671830277,0.003395710871169003,-0,0.006895657192178224,0.003634927042177917,-0,0.004357782593639265,0.00550709160564713,0.008367473181271885,0.008242653247524817,0.004451390522233534,0.010099380681609363
schleswig-holstein,2021,37,2021-09-13,2021.6986301369864,2021-09-19,2021.7150684931507,female,0.021038255274045806,0.01676230138999413,0.01247109534410109,0.016049676592490326,0.023795443622868267,0.019290377621711437,0.040310420290224414,0.023951515259748424,0.03741185491621222,0.04924651205318179,0.05862663645355475,0.04454667538221894,0.045353372408798116,0.06694106908137669,0.04370876462439663,0.02819684344512536,0.036095324721732734,0.015441092343604745,0.03057978981023764,0.037734487954054215,0.029331070672825185,0.035039002461352296,0.024742285419274965,0.02782224172209667,0.033956684668150564,0.03040288610928866,0.024492567227658763,0.013865048293070885,0.026792100898129674,0.023145150177944288,0.019139521888064857,0.021126691121516255,0.027473656431582838,0.008991577344264803,0.018187580283792203,0.012237039744194867,0.043703560251945855,0.018619333059512348,0.015269441663739312,0.029091736262624658,0.011675310602655163,0.011430856297132374,0.030127125658070207,0.01826040580185584,0.01213301537128127,0.01201338759969349,0.030990833086205812,0.02479951267375945,0.018015920537615346,0.01932158920745296,0.01235666803029795,0.011982180400191667,0.012939209704444394,0.014229146636033727,0.005917936736990098,0.007847392100623672,0.00593873910845527,0.005990745073540965,0.020335975942431007,0.012861190351738811,0.002199646522854582,0.006932062032199865,0.004768618644508019,0.0025480624280375427,-0,0.002761273312456735,0.005652707230202153,0.01136844261605168,0.0060375504865854464,-0,0.0030628902030005773,0.006063553512041092,-0,0.006359988921251389,0.010395839098741123,-0,-0,-0,0.006854051691929893,0.003608925231153918,0.013173268464894668
schleswig-holstein,2021,37,2021-09-13,2021.6986301369864,2021-09-19,2021.7150684931507,male,0.01191456486552351,0.008071026327846035,0.007836990532066834,0.01137364375328337,0.026292646026307712,0.029716089209353567,0.05335856695265577,0.03870760295032809,0.047320724729743635,0.02322838728504327,0.05628404953442621,0.045665645585377126,0.06902899706396182,0.03432092371823954,0.04086205067225217,0.06802407363001714,0.04910077430186073,0.057929055092665035,0.03613695362468125,0.03889494268703751,0.020642896853925143,0.025840019192362673,0.027837850073342565,0.00952727272483302,0.04256381523231625,0.028108395572714745,0.04156460727272956,0.034445806265601224,0.012450290359226115,0.030803521823315843,0.039004224511804096,0.02552266249749314,0.02916457705346386,0.0392644202570655,0.03722452052251837,0.026864938467750194,0.02807197590427464,0.012486699088217054,0.027634941872547066,0.01804713135840781,0.04545746325929546,0.02394111046938264,0.012595925428149222,0.0342116517353205,0.025324965863378235,0.00946486132851025,0.025621511096406775,0.012803976234156533,0.01247109534410109,0.0028704792259572447,0.012798774953864125,0.01948284936555682,0.013246086960794733,0.010421844303680755,0.014052298551039937,0.020075874893171124,0.010302220468631015,0.008060624714555516,0.006313183217977983,0.004440989632957202,0.01601846697056299,0.002412855978691718,0.020044662854686982,0.007987813479779884,0.011259218854422043,0.014910537527701157,-0,0.006339186381260658,0.009943350614610848,0.006729235390917331,0.003395710871169003,0.0068436503220691836,0.006895657192178224,0.003634927042177917,0.0039573505791006425,-0,0.00550709160564713,-0,0.01236186926637474,0.00890316213242793,0.008414280733668927
schleswig-holstein,2021,38,2021-09-20,2021.717808219178,2021-09-26,2021.7342465753425,female,0.01682992322846593,0.008377874855941806,-0,0.02407637290652759,0.027759808363951612,0.03473199656784876,0.040310420290224414,0.0519062977644388,0.0332542308478493,0.05746053555134058,0.09215280697645946,0.02834252262175637,0.02885760584026865,0.06694106908137669,0.035757091120693925,0.02416481392104775,0.02807197590427464,0.019300781481543735,0.02675568215158173,0.015092590040751079,0.0036661292325725816,0.0420485962304584,0.0318129293857595,0.017386506316479613,0.020372390193146184,0.020268349544467497,0.024492567227658763,0.010395839098741123,0.013391724258505185,0.026448725158426525,0.025517459944863426,0.009053988172539539,0.024419732980993876,0.02098103215876963,0.02728635783760315,0.012237039744194867,0.02809278714026155,0.02793150027922066,0.015269441663739312,0.03200024428471833,0.020434814682275072,0.008575507069992844,0.027114668052427793,0.012169423878127056,0.02123593561133503,0.02402434885060263,0.024794310193473938,0.02169892671091331,0.00900718004430961,0.01932158920745296,0.01235666803029795,0.009584483237263443,0.00646920239273339,-0,0.009860134770317457,0.0039209478215878266,0.0019812377428207965,0.005990745073540965,0.018302020429392843,-0,0.008809546189630155,0.011550482728593011,0.011924967249750274,0.010203400986370103,0.0025792639662742755,0.005517492708164296,0.0028236766635127155,0.005683910631373779,0.015092590040751079,0.006058352905907412,0.0030628902030005773,0.003031688374572533,0.00619876945399884,0.009542875585615106,-0,0.003702531811699247,0.004482593202544671,0.013901458012643687,0.006854051691929893,0.003608925231153918,0.004139364748900522
schleswig-holstein,2021,38,2021-09-20,2021.717808219178,2021-09-26,2021.7342465753425,male,0.01986259300359185,0.01614330557066179,0.007836990532066834,0.022754978014472772,0.015019768959045821,0.01857251632018874,0.03429490655862406,0.04257942800903541,0.06310908024319327,0.03484647312977094,0.04019593169894915,0.045665645585377126,0.04600914824557059,0.03432092371823954,0.05944396383408716,0.018884628711859346,0.018879426823316448,0.0072389038393971495,0.018062736775831804,0.024747487894355522,0.020642896853925143,0.022609314490611505,0.03093359901762195,0.025413409001518537,0.024315684234152955,0.009366043437531103,0.015982055768658562,0.01565435609880213,0.018681755444181294,0.01539948000554531,0.018000315134246866,0.03970675601202125,0.008747135654730063,0.033654888530837174,0.017178437175103447,0.017911884603606484,0.02183418331580065,0.018733774155313188,0.030704663373257262,0.021053861589138773,0.018177176646680372,0.02394111046938264,0.0251897001783634,0.021766554969380177,0.01582600804926714,0.00946486132851025,0.009605287075572209,0.01920194489718205,0.024945182332989004,0.005746317489889332,0.02304110398143001,0.007306513294578523,0.00883034971790915,0.010421844303680755,0.004014554963815496,0.010036968598628295,0.010302220468631015,0.014109514042132914,0.006313183217977983,0.008887559463588091,0.00686445306387115,0.004825823921693603,0.002506460406183855,0.005325072648370196,0.008440284947649665,0.008944769272208542,0.003099292359832304,0.009511669868726874,0.009943350614610848,0.006729235390917331,0.0067916435039738305,0.0068436503220691836,0.006895657192178224,-0,0.0039573505791006425,-0,-0,0.004180968077167981,0.004118563097248782,0.004451390522233534,0.003926148213960467
schleswig-holstein,2021,39,2021-09-27,2021.7369863013698,2021-10-03,2021.7534246575342,female,0.021038255274045806,0.008377874855941806,0.008315464839132307,0.028087584330481093,0.019826179109866764,0.007717372643216724,0.024180421174516364,0.035928809443206255,0.06652974153323028,0.024617426173565,0.07119511569251923,0.07697013730796483,0.032978455275331144,0.023618563000681193,0.023837062680235832,0.02416481392104775,0.036095324721732734,0.019300781481543735,0.03822884891171094,0.03018435883900562,0.0256631316153238,0.017516549952622636,0.0070672802325678265,0.03130302002374237,0.010182596908770295,0.04054460228475993,0.010494658946707572,0.020798959029094562,0.023441682980160427,0.04299056614959863,0.006380791469564156,0.009053988172539539,0.03358204144977235,0.017979507937036752,0.033353094145075333,0.012237039744194867,0.012481497839660073,0.024830727566379846,0.02138159528810311,0.008726332159748081,0.014598448988184133,0.02286422592514429,0.02410238495400524,0.01826040580185584,0.015165411224429742,0.021022648963630854,0.015493107813001068,0.003099292359832304,0.00900718004430961,0.011040772019425564,0.014827313734021907,0.0071868966259951515,0.008627515672217152,0.014229146636033727,0.009860134770317457,0.009808124935256148,0.00593873910845527,0.02197464247017475,-0,0.004284976543460163,0.008809546189630155,0.009241221106812489,0.004768618644508019,0.0025480624280375427,-0,0.005517492708164296,0.0028236766635127155,0.002839277512982304,0.003016087467382218,0.006058352905907412,0.006131161439069603,-0,0.003099292359832304,-0,0.006926861339210263,0.003702531811699247,0.008960371958214274,0.013901458012643687,0.017131621733031416,0.007223301669917921,0.008658720858514239
schleswig-holstein,2021,39,2021-09-27,2021.7369863013698,2021-10-03,2021.7534246575342,male,0.02383186029624033,0.020179915156756156,0.007836990532066834,0.026547575517742065,0.015019768959045821,0.014858522641044869,0.030486134834770095,0.03096481759267501,0.06310908024319327,0.030975223788524315,0.05628404953442621,0.05328048693234759,0.04984508210137078,0.030506947036964844,0.018567314462868325,0.02644352251313849,0.022656134864495664,0.0072389038393971495,0.014452808310744417,0.024747487894355522,0.017199244051776783,0.022609314490611505,0.024747487894355522,0.02223475301715946,0.027359196099544254,0.043729582119420046,0.022375213253533068,0.01565435609880213,0.006224772560067722,0.024643438491696115,0.027000208510576558,0.028358131129176675,0.020414006510905577,0.016824721545464133,0.014312369472382432,0.017911884603606484,0.02807197590427464,0.009366043437531103,0.027634941872547066,-0,0.012117411733295511,0.02094981957697701,0.015742782790398663,0.02798873104361682,0.006328785114386053,0.012616730471292277,0.025621511096406775,0.012803976234156533,0.0062351738061373,0.005746317489889332,0.005117051763078601,0.026792100898129674,0.00883034971790915,0.008336268169746136,0.012044594817923965,0.006021948677558128,0.00823745242345698,0.006047951695206187,0.010525865253503073,0.006666827352765989,0.0022880503374788598,0.004825823921693603,0.007514542938803311,0.005325072648370196,0.002813276099801863,0.0029796853688030733,0.00619876945399884,0.0031720967499333595,-0,0.003364508843036276,0.0067916435039738305,0.0034217125755785886,0.0034477142929898856,0.003634927042177917,0.0039573505791006425,-0,-0,0.004180968077167981,0.004118563097248782,-0,0.0056111027244387535
schleswig-holstein,2021,40,2021-10-04,2021.7561643835616,2021-10-10,2021.772602739726,female,0.004206970174240745,0.02094981957697701,0.01247109534410109,0.00400935456260728,0.0039625509751080625,0.019290377621711437,0.016122499116499107,0.015966450975643053,0.020783352790503123,0.024617426173565,0.029305056009662427,0.02834252262175637,0.024731880470681117,0.03542926680690537,0.027811836157200263,0.004024955767797943,0.012028991206470531,0.030886771190187033,0.011467264312355086,0.01886382116080424,0.018328029588521866,0.03153195830246389,0.017672602745281225,0.010432246389299219,0.033956684668150564,0.03040288610928866,0.010494658946707572,0.013865048293070885,0.030137531686282654,0.016528226474318904,0.031901383559517896,0.015087388531530141,0.018317625923310314,0.017979507937036752,0.030319637517088757,0.00917360913611401,0.009360842501099463,0.012413881655727382,0.030548571466337864,0.014546434413698862,0.017516549952622636,0.005715114051269498,0.021085074233381854,0.006084355941765483,0.03034044965263982,0.01201338759969349,0.018593323754685687,0.00929843130453477,0.015014567457114875,0.005522693260200158,0.027187506073877092,0.011982180400191667,0.008627515672217152,0.014229146636033727,0.005917936736990098,0.009808124935256148,0.011883357725328935,0.003993753362091565,0.016268144470460842,0.010718304559228361,0.004404586536875719,0.006932062032199865,0.009537674631497036,0.007649762653835953,0.0051586558735601425,0.011035570915488218,0.008476690869076719,0.002839277512982304,0.0060375504865854464,0.015155008191951251,0.0030628902030005773,0.009095595433007688,0.00929843130453477,0.006359988921251389,0.010395839098741123,0.003702531811699247,-0,0.006947664114295283,0.006854051691929893,0.003608925231153918,0.015056179487153957
schleswig-holstein,2021,40,2021-10-04,2021.7561643835616,2021-10-10,2021.772602739726,male,0.015888427080825895,0.020179915156756156,0.007836990532066834,0.018962657102494423,0.026292646026307712,0.011139593093019493,0.01905108942008456,0.03870760295032809,0.03154236461180955,0.007743376508689189,0.02813440963721658,0.022827809929420007,0.007665364951277586,0.019061493232041562,0.0222815730537926,0.018884628711859346,0.00755094821210531,0.018093947624718002,0.025293750674071993,0.017677804513099284,0.024081575314979845,0.03230203081897313,0.01546710007179904,0.025413409001518537,0.024315684234152955,0.01561274359008081,0.022375213253533068,0.03131342628727269,0.03424807570411133,0.01847888296798597,0.011997783997604384,0.01417713243095282,0.017495742948984615,0.028040759065911126,0.017178437175103447,0.023878681770913925,0.024950384828363172,0.006245575054287377,0.018421662669086174,0.021053861589138773,0.012117411733295511,0.011971778004519644,0.012595925428149222,0.009329636893456644,0.02849340505637608,0.02523652287566438,0.01280917751497497,0.006401594026198965,0.018707764793239677,0.020107086950389725,0.017922288187641487,0.01948284936555682,0.013246086960794733,0.016673872964677133,0.006021948677558128,0.006021948677558128,0.010302220468631015,0.012096606889927376,0.014733687125337003,0.004440989632957202,0.009152805470507532,0.0072389038393971495,0.005007841131423316,0.005325072648370196,0.008440284947649665,0.011924967249750274,0.00929843130453477,0.009511669868726874,0.003312505504420438,0.006729235390917331,0.010187797927392828,0.0068436503220691836,0.010343828727871672,0.01090554348620109,0.011867754162257745,-0,0.011009565403622116,0.008367473181271885,0.01236186926637474,0.004451390522233534,0.007296111834213189
schleswig-holstein,2021,41,2021-10-11,2021.7753424657535,2021-10-17,2021.7917808219179,female,0.008414280733668927,0.012569919135928956,0.0041549659931030825,0.012034192409766177,0.0039625509751080625,0.027010613913061827,0.024180421174516364,0.04391693994965605,0.0166218563141458,0.024617426173565,0.04186644931987091,0.012143417799208247,0.020611684475094802,0.027551697711517227,0.035757091120693925,0.03222398240944775,0.02807197590427464,0.019300781481543735,0.02675568215158173,0.015092590040751079,0.021995451266053366,0.02452378193602447,0.03888453490618025,0.03130302002374237,0.010182596908770295,0.023644574819148775,0.027993933843506617,0.017329287219607265,0.020091480919435727,0.026448725158426525,0.019139521888064857,0.024144004257039185,0.027473656431582838,0.023977527244774158,0.012127814158101031,0.02753088669208184,0.012481497839660073,0.03103766100735226,0.03360285489109335,0.03200024428471833,0.014598448988184133,0.025725562456160974,0.018073140390041906,0.01826040580185584,0.009100796342909912,0.00900718004430961,0.015493107813001068,0.018598525614607966,0.024019146447869892,0.022083888741433234,0.019768957328396883,0.019170733383259437,0.010780717459976748,0.0182968185991316,0.01380783307096228,0.009808124935256148,0.021787363681988747,0.009984958586699498,0.010166993856035466,0.015004164454808108,0.006604419389508075,0.011550482728593011,0.007155692322920859,0.0127519634546151,0.0025792639662742755,0.002761273312456735,0.0028236766635127155,0.005683910631373779,0.0060375504865854464,-0,0.006131161439069603,0.003031688374572533,0.00929843130453477,0.003182497385412486,-0,-0,0.004482593202544671,-0,-0,0.014442405420821295,0.009787321015797124
schleswig-holstein,2021,41,2021-10-11,2021.7753424657535,2021-10-17,2021.7917808219179,male,0.003972951768688912,0.020179915156756156,0.007836990532066834,0.01137364375328337,0.026292646026307712,0.02228677528269061,0.007618558073008363,0.027093857207901886,0.03154236461180955,0.02710426262912664,0.02009668292923525,0.041856040944250744,0.019165531466089826,0.019061493232041562,0.014853321155237414,0.011332034670019296,0.011326833536955195,0.02171453322428923,0.007223301669917921,0.03536162077716536,0.020642896853925143,0.022609314490611505,0.024747487894355522,0.028592259302643704,0.015196620334369833,0.024981599811556003,0.025574688052447232,0.021917418324447695,0.018681755444181294,0.01539948000554531,0.0239983368421553,0.022687348470507424,0.023327231522781853,0.033654888530837174,0.014312369472382432,0.017911884603606484,0.024950384828363172,0.01561274359008081,0.018421662669086174,0.021053861589138773,0.024237647810652917,0.01795349895223509,0.006297581326245275,0.006219571937816006,0.018993868491525404,0.022083888741433234,0.01280917751497497,0.016002862166626535,0.018707764793239677,0.02297867636345579,0.005117051763078601,0.014614053370672519,0.022078686532838312,0.010421844303680755,0.018073140390041906,0.012044594817923965,0.010302220468631015,0.016127700729256407,0.006313183217977983,0.006666827352765989,0.00686445306387115,0.009652095742195298,0.002506460406183855,0.005325072648370196,0.002813276099801863,0.008944769272208542,0.003099292359832304,0.012684346918992246,0.006630422698426997,-0,0.0067916435039738305,0.0034217125755785886,0.010343828727871672,0.003634927042177917,0.007909801555657911,0.00871593041537525,0.00550709160564713,0.004180968077167981,-0,-0,0.0056111027244387535
schleswig-holstein,2021,42,2021-10-18,2021.7945205479452,2021-10-24,2021.8109589041096,female,-0,0.04191328703594023,0.02910734499492751,0.028087584330481093,0.023795443622868267,0.019290377621711437,0.06854475692270412,0.07188246065437942,0.09149644896401365,0.07388726868900383,0.104734603618805,0.10129579787711031,0.04947552934478924,0.04330802946955082,0.05961055443038754,0.06447315259598045,0.02406076568428216,0.050199022414988075,0.05735121493243541,0.026412306652358733,0.032994065174346165,0.035039002461352296,0.03888453490618025,0.03130302002374237,0.030558977578888674,0.0371620758745933,0.038494244627781296,0.045072328153238396,0.030137531686282654,0.04299056614959863,0.019139521888064857,0.024144004257039185,0.051911502957923635,0.038967797211359845,0.048517827381048324,0.03671455809221196,0.037458688620085674,0.04035205256773036,0.048882168440720464,0.05819975719620943,0.029195794566489568,0.04001899528097141,0.03313975779114117,0.04566044101706425,0.03944655805341209,0.021022648963630854,0.04339650319913304,0.05581554481428612,0.03904065183776083,0.03312935116212396,0.037073612751732314,0.031157332552986423,0.025881639886172834,0.026427914580409124,0.01775583109285882,0.023540527623343504,0.019805371182045665,0.013979478926148921,0.018302020429392843,0.015004164454808108,0.019820977127133783,0.009241221106812489,0.03339992419357441,0.022952664878080786,0.01032302459408969,0.011035570915488218,0.005652707230202153,0.002839277512982304,0.009053988172539539,0.01818237846497322,0.009194412810043424,0.006063553512041092,0.0123982779334561,0.012725957084356844,0.010395839098741123,0.014816910769176628,0.022406426690912987,0.020850979858236047,0.01370380555568146,0.014442405420821295,0.026349874987022046
schleswig-holstein,2021,42,2021-10-18,2021.7945205479452,2021-10-24,2021.8109589041096,male,0.031781710301532415,0.024211635695512428,0.019592090401952436,0.026547575517742065,0.04507753266268287,0.055732255528174776,0.06480116006325273,0.09682569036575168,0.07494958791175704,0.05034476324435,0.09652873879305231,0.11804909470514646,0.04217349733790853,0.07629834799742825,0.0520104017330753,0.05667967902980812,0.05665885634974439,0.05430594720703528,0.05421224948968314,0.024747487894355522,0.024081575314979845,0.035533337793728505,0.03712044615096944,0.038124772530057194,0.024315684234152955,0.03123017623734026,0.025574688052447232,0.040711132344735924,0.02490876487992069,0.043131082461977444,0.033004471776294744,0.031193754382408043,0.03499737443736535,0.04487455718023209,0.034362551200704666,0.02985136666922528,0.03431051685283013,0.02185499205547191,0.05835072628914353,0.048137874423750476,0.030298825389861624,0.029929411517696826,0.012595925428149222,0.03732339136842299,0.037994677345914794,0.02523652287566438,0.041642669703157664,0.028805577000687144,0.028061570289404557,0.03159959935043292,0.017922288187641487,0.02435730370790592,0.03312414784839057,0.033353094145075333,0.024097182543471058,0.02409198013345158,0.00823745242345698,0.020159107087386257,0.01894184952021084,0.004440989632957202,0.02288503507700988,0.021719735396459258,0.012528309095424985,0.01597685417046448,0.025330168396754896,0.017891077441780787,0.0123982779334561,0.009511669868726874,0.009943350614610848,0.013459341713950376,0.010187797927392828,0.0068436503220691836,0.0034477142929898856,0.02181337458445638,0.0039573505791006425,0.013069242219069821,0.011009565403622116,0.004180968077167981,0.016486613266285477,0.017807848877735198,0.016835124911993838
schleswig-holstein,2021,43,2021-10-25,2021.813698630137,2021-10-31,2021.8301369863013,female,0.01682992322846593,0.02933627360702296,0.02078855486951126,0.04414593377002679,0.051567961305745195,0.03473199656784876,0.1048700763796657,0.10786098800931182,0.07485064549899524,0.08210518572012768,0.08795955117401709,0.0972424673631105,0.09899817713955758,0.07876161790055192,0.04768505740191277,0.0443176797970885,0.048127464792759575,0.05406129241129367,0.04587382874492137,0.052838035698455764,0.032994065174346165,0.04555634976026216,0.05303063165520905,0.05565937751225663,0.054342385253819986,0.03040288610928866,0.024492567227658763,0.027733794486851013,0.056945168931505814,0.04960565325528393,0.054243482043374744,0.05735642067097857,0.06107345102480801,0.07496521041519545,0.06672759488444667,0.033649685164522075,0.049949181943532414,0.05587801186642169,0.05499827446221038,0.05819975719620943,0.040882867027663215,0.04573850959640714,0.03313975779114117,0.06088603136897156,0.05766356016762223,0.05407690864046316,0.04339650319913304,0.02169892671091331,0.03904065183776083,0.022083888741433234,0.02965885654380517,0.02396712244920358,0.04746125274373922,0.024393720774768243,0.0374899111127703,0.017651795679200985,0.019805371182045665,0.02597008397112666,0.018302020429392843,0.008575507069992844,0.026427914580409124,0.006932062032199865,0.028623476472087798,0.01785466492862248,0.012902800658613022,0.011035570915488218,0.011300827879420765,0.02273416891465282,0.024154409088002503,0.01818237846497322,0.012263045869935648,0.009095595433007688,0.00929843130453477,0.01908750277103785,0.02078855486951126,0.022229550793465908,0.013443737677968907,0.013901458012643687,0.030839943404922184,0.018052333163697372,0.023717407980089054
schleswig-holstein,2021,43,2021-10-25,2021.813698630137,2021-10-31,2021.8301369863013,male,0.0397275719049561,0.04440095080227126,0.03134984822602566,0.060698612388635116,0.0751474733020671,0.06688379543032635,0.08006360473252817,0.0813187508994767,0.09863869464406846,0.09685694852468309,0.08042816688737137,0.11423418363684607,0.08437601791658791,0.08775119945548054,0.08919405223315048,0.05667967902980812,0.04910077430186073,0.06155241543647631,0.03252056698886141,0.05304624757486168,0.051614807761036816,0.035533337793728505,0.04640990421706133,0.025413409001518537,0.04864794889502507,0.028108395572714745,0.04156460727272956,0.0375783749438473,0.037365021254513645,0.030803521823315843,0.048012958989393936,0.028358131129176675,0.04667013702133027,0.033654888530837174,0.04582178287689639,0.04179879491557686,0.053035836961240784,0.05935025685820077,0.039920119309618834,0.05415498985663954,0.05758547368293675,0.03891055436222637,0.0629997477486094,0.05599253499022966,0.0696746576003342,0.04417716027821049,0.0384422061453278,0.03841618692362413,0.031183348142826493,0.03734941004332476,0.030725475662914902,0.0438492828775338,0.03312414784839057,0.04586341956714903,0.034138803874279464,0.03211991804564148,0.022661337130866044,0.020159107087386257,0.016840326596036313,0.024440542755345487,0.02288503507700988,0.012065399640482432,0.01753735696458627,0.018640140512742695,0.028150018082169055,0.011924967249750274,0.0123982779334561,0.012684346918992246,0.019888602943288165,0.023556134689440244,0.013589375529244961,0.0068436503220691836,0.024144004257039185,0.014541232959114825,0.0039573505791006425,0.017428120244662573,0.022026664475484493,0.008367473181271885,0.020606482413774968,0.017807848877735198,0.019077098953877037
schleswig-holstein,2021,44,2021-11-01,2021.8328767123287,2021-11-07,2021.849315068493,female,0.01262193173338156,0.0335248045290979,0.02078855486951126,0.03611613916904121,0.04759657637541308,0.054035265373107176,0.040310420290224414,0.10786098800931182,0.09565873254398995,0.12320383850848805,0.10054033314430416,0.1215828275927415,0.07836061252278431,0.05512320667797219,0.05961055443038754,0.06447315259598045,0.06016759561264149,0.050199022414988075,0.03822884891171094,0.04528571346771252,0.04033123642481093,0.05256736150549568,0.04949114419685335,0.052176968516394584,0.054342385253819986,0.04054460228475993,0.07000790488484442,0.04854385165779853,0.0670035494999252,0.052916115054408554,0.04786201990658029,0.045275304407666354,0.04885614399465342,0.05396238973548079,0.048517827381048324,0.06120360396101662,0.062442676226742266,0.04345895533417718,0.04277198597395902,0.06985169495431416,0.05256736150549568,0.03430010998950347,0.05725751172772303,0.02434689883634476,0.03641274594845814,0.04806500705057513,0.058902548081943354,0.07443404793144749,0.06007388733272711,0.04141889104947138,0.04202257520417025,0.050339558207693244,0.04314669540901133,0.024393720774768243,0.03156838039428185,0.02746325093644055,0.03764082009169099,0.041954920596754805,0.016268144470460842,0.01929557955137028,0.026427914580409124,0.009241221106812489,0.038171606876023265,0.0127519634546151,0.030970020690342243,0.030361261796526377,0.016954763776679642,0.01989380493278631,0.030194764878671343,0.02727595237994031,0.02452378193602447,0.02729676329734818,0.0123982779334561,0.012725957084356844,0.006926861339210263,0.0074105280126641575,0.017922288187641487,0.03127700437403043,0.020559663885343877,0.018052333163697372,0.015056179487153957
schleswig-holstein,2021,44,2021-11-01,2021.8328767123287,2021-11-07,2021.849315068493,male,0.02383186029624033,0.01614330557066179,0.03134984822602566,0.03792702797879007,0.026292646026307712,0.033431144249339136,0.06099015331659387,0.054196633219874876,0.07100245244709096,0.07747528692474269,0.11665755783306733,0.10280154997949958,0.09205383182508284,0.04957962844713192,0.04829401913867109,0.11342120597988459,0.02643311722412979,0.04706569337805377,0.05059981067861753,0.021215127119388867,0.07227820884477448,0.05492019197978069,0.03712044615096944,0.028592259302643704,0.04864794889502507,0.04060184693272187,0.06396292287044598,0.034445806265601224,0.062291695253397006,0.03696433498420876,0.033004471776294744,0.062411438748014386,0.05250489843028631,0.02243243790304961,0.05728354037876429,0.05374896881281492,0.03743266989050533,0.0499752069366324,0.0737206323486832,0.03910830265367026,0.08488644797795514,0.032921219019025824,0.059850029347594015,0.04665972768415453,0.031656834152052817,0.034705979202554665,0.03523673603037832,0.04481730782842382,0.04366192529106801,0.040221951811198545,0.040971336631123415,0.0438492828775338,0.03312414784839057,0.037521133624201945,0.02610535168614876,0.04015429954644234,0.04121072572456986,0.028222857553875103,0.031578786710916344,0.031105301412347252,0.03891055436222637,0.033790176237861604,0.032572599545633685,0.01597685417046448,0.033779769478671215,0.011924967249750274,0.02169892671091331,0.02219833746225125,0.02320237567476316,0.030288419329371697,0.020382794269463586,0.030798318742308393,0.010343828727871672,0.032723494254699385,0.01582600804926714,0.013069242219069821,0.016517823169188563,0.025101257420712536,-0,0.026719263430534244,0.01795349895223509
schleswig-holstein,2021,45,2021-11-08,2021.8520547945207,2021-11-14,2021.868493150685,female,0.029455941237184754,0.02094981957697701,0.02078855486951126,0.04414593377002679,0.04759657637541308,0.05789782032524452,0.07661601472927547,0.13586614174824205,0.058204963019706915,0.13553768570968971,0.155081823856618,0.1784161301953839,0.08248538695134285,0.09453347658879271,0.1113314948156288,0.05640898483935933,0.10032151092683471,0.05406129241129367,0.09562226553403765,0.041512565717546246,0.05500347996520514,0.05256736150549568,0.06718057776016344,0.06958613914936937,0.054342385253819986,0.08788141918173654,0.041996554190897345,0.08324579775348112,0.08041254274260168,0.06946117218100507,0.07659518406445319,0.08454789686752778,0.07329883649877006,0.0659622189918993,0.06369219076336763,0.10715232440635869,0.07806897419036733,0.0931686154711484,0.0978155411888501,0.06693586238322259,0.05548759402171901,0.09438240241182108,0.08138645674063195,0.06393168447846136,0.0758817388315032,0.03905105964986489,0.06821151901477014,0.04340691188309837,0.07209595601453897,0.03589238429710271,0.05438402876712825,0.03594962382386245,0.05177616809673049,0.03253097349605066,0.04538459964206915,0.019612898244428863,0.04556675887656652,0.04795570618226852,0.0345758925713617,0.04503069209641199,0.019820977127133783,0.039285235972925804,0.04533255426370225,0.0331605710554351,0.025808803693866775,0.022078686532838312,0.028259277327995398,0.03694872389331167,0.0060375504865854464,0.0333426874733578,0.030657835751980618,0.024258457512136344,0.031006442388567118,0.028633882199400405,0.02078855486951126,0.003702531811699247,0.040341644495229034,0.013901458012643687,0.010276215323515192,0.021667713698207417,0.028613070746857473
schleswig-holstein,2021,45,2021-11-08,2021.8520547945207,2021-11-14,2021.868493150685,male,0.027806633375535787,0.028248871675644743,0.03527316071720798,0.04551991786960274,0.05259338780898294,0.08548021986378404,0.16024545624153402,0.12784302358678176,0.13814453677552005,0.1356523844080433,0.16904045902523188,0.16381335633691452,0.11125332769823502,0.1259508116036913,0.0520104017330753,0.07937094367968447,0.04910077430186073,0.0796730052599833,0.06144829236300044,0.049511964006903206,0.04472883168142824,0.06785224928756221,0.07117428719913967,0.05719504301839361,0.0638587949701488,0.06873220418438682,0.03836935235737405,0.04697721340543084,0.06540511573259303,0.0400502193109858,0.06602990484124538,0.05673694144297411,0.04667013702133027,0.05610185275278967,0.04009185138016989,0.05673173576644688,0.0717679025298025,0.06247391372423515,0.04913720870139721,0.08125625327819623,0.07881890463553758,0.047898453438179264,0.06614965694437978,0.05599253499022966,0.0633381585963013,0.05680461528528622,0.04484853473977693,0.0768555679744924,0.07487147546498492,0.04596751143863206,0.0486531537623598,0.05847046070899056,0.05521690603677498,0.04586341956714903,0.02610535168614876,0.04417195585888055,0.04121072572456986,0.03427409284030171,0.035788312591700434,0.03999817927137783,0.02746325093644055,0.033790176237861604,0.03508063051865835,0.039951343280261994,0.01688714177585683,0.02982014876263316,0.02479951267375945,0.034882897543232226,0.01656983971564772,0.043755603999921906,0.023779836484946176,0.0273748043118027,0.017246059554729052,0.02544982680800896,0.01978456326255091,0.02614697259232536,0.022026664475484493,0.03346756767141887,0.03297325197669694,0.05344705778406935,0.023566539402775682
schleswig-holstein,2021,46,2021-11-15,2021.8712328767124,2021-11-21,2021.8876712328768,female,0.033660091897678726,0.0335248045290979,0.05823099214499452,0.0602040377671076,0.06347352355204033,0.06561858450044873,0.13717998664964628,0.18390040313064882,0.1748159229713168,0.22609802988980673,0.24751011707973214,0.23124782668736846,0.11552142425514551,0.12213532081362735,0.1113314948156288,0.09270498759402768,0.11237373427558649,0.10431255612633777,0.07648061555709501,0.09061089969554477,0.1247623500258531,0.07711595318838008,0.056570360052498866,0.08351142332549086,0.13256082162344968,0.10141563122259292,0.11907583305042191,0.05894940114538459,0.06365053979508231,0.08270413412498295,0.08617817092468685,0.10570897325834329,0.10386967046573704,0.07796481803946866,0.10923144575640413,0.0703880176760035,0.08431872505918474,0.0869490531330772,0.10699079214257257,0.11063841713935918,0.09641412635890227,0.10583402736829259,0.06630585575422379,0.09745085711446294,0.0880376832836941,0.07512143570768859,0.0713096725552289,0.08064169733642133,0.08412080476477214,0.057991524683785566,0.07417367614657362,0.09112660008264022,0.07552762366475863,0.07525683134083712,0.05130770398933999,0.0392384006239477,0.0534939059322579,0.041954920596754805,0.05492539747495894,0.04717499237562111,0.037443077380776374,0.053155559143714726,0.016694679639459004,0.022952664878080786,0.033550821303411006,0.05245284592492264,0.03956624895266614,0.059699055901749204,0.039254012402257184,0.048502212821254484,0.03679261324207747,0.054602657759135295,0.04341211622585945,0.03181813256828335,0.04852303223535873,0.037052797921164934,0.03585595917652014,0.03127700437403043,0.030839943404922184,0.02527814308643993,0.030116719631940177
schleswig-holstein,2021,46,2021-11-15,2021.8712328767124,2021-11-21,2021.8876712328768,male,0.031781710301532415,0.04440095080227126,0.04311546951962554,0.05310871130035623,0.03756276366860042,0.0631663497368649,0.12204671301504884,0.16664594257582382,0.16581649527031586,0.26777065198948563,0.2578040116200225,0.23636156770071742,0.17658468928557552,0.1030255929460548,0.12640431068138827,0.0869334270288855,0.06421803710740655,0.06517602827365415,0.07229903778033236,0.07782420756668122,0.099836979293634,0.07108576619535387,0.07427261727124679,0.08581877704426606,0.06994542085632105,0.06873220418438682,0.07996465258865938,0.09399169536882211,0.07787628547523391,0.08321454777539027,0.09005874131423863,0.09364266622633866,0.055425127438592015,0.05049050448218209,0.060146771535849075,0.06868534230562054,0.06240102625927509,0.11876311871707186,0.07679307571717112,0.08426664069814944,0.09702886873466662,0.09284042901836476,0.0629997477486094,0.07778775306172998,0.0728458003227184,0.08838667480687899,0.06408267021356494,0.0672430584664936,0.06550404017459482,0.06609238416499662,0.043531816253187895,0.03653763351962092,0.0662642026923929,0.08341767296866587,0.05020943246068248,0.06024568597490933,0.055643760807845416,0.04839291103396478,0.03789580522364522,0.05556047179688276,0.05036037835743476,0.048278404646082226,0.04510875973030599,0.04528050893743188,0.04786201990658029,0.05070911710481969,0.01549830936280587,0.0539259519549699,0.059683437984089836,0.043755603999921906,0.05096937142534396,0.04449463084250035,0.04484853473977693,0.047273882142807255,0.059371080616026674,0.052307099187108505,0.06058928496205277,0.05021463748430829,0.041221133971023824,0.06235937632516789,0.03984726345103573
schleswig-holstein,2021,47,2021-11-22,2021.890410958904,2021-11-28,2021.9068493150685,female,0.03786978627534248,0.05449334314823121,0.033264637501864175,0.052176968516394584,0.10318190256414513,0.11585496548381714,0.10890836881328644,0.15186915580157437,0.22487594203782363,0.18491278696947028,0.2222856285563302,0.18654099200903082,0.10725653903639228,0.12213532081362735,0.08347496483331078,0.12094694643475139,0.13246176953092162,0.08884505529132866,0.08413643002378794,0.10950762602496307,0.1284372861858969,0.09465850382579384,0.1167409447615473,0.09396043893219924,0.09853970714690072,0.08450102073365649,0.059501229291366864,0.08671466206329258,0.08041254274260168,0.06284355886939895,0.08298538184322862,0.10268171344015156,0.09164230558414962,0.11398924672287922,0.09404378947160509,0.07957405385939284,0.11245190307720451,0.0931686154711484,0.10699079214257257,0.10189496736608675,0.12858845933413313,0.074345521378308,0.09344991979353479,0.11574552203233118,0.11234767803449504,0.1262635691650606,0.08682925312096637,0.11480223326081308,0.10517749664616746,0.08563126817966449,0.10634987875079242,0.06712851056223629,0.07768359747411017,0.073220726531653485,0.06315073077778809,0.0745746492373627,0.05547718291931911,0.06194808501713636,0.06306742974196511,0.04503069209641199,0.06830003512577844,0.06240623250338122,0.04533255426370225,0.051026627550659565,0.04646195067373005,0.022078686532838312,0.05087567971989995,0.017048394384522287,0.03321260425261641,0.030309231452433975,0.052130121554653554,0.02729676329734818,0.04341211622585945,0.03181813256828335,0.031188551262359844,0.04075796902019888,0.04482251231234999,0.03823405273626483,0.04112225571382718,0.03249975398073074,0.03124578561155328
schleswig-holstein,2021,47,2021-11-22,2021.890410958904,2021-11-28,2021.9068493150685,male,0.031781710301532415,0.01210700931057096,0.019592090401952436,0.06449397840540089,0.07891264670163568,0.055732255528174776,0.1526045054860877,0.18606087496644583,0.24496569685642824,0.244432795042273,0.31437318108817747,0.24018544934213248,0.1343020839565911,0.13741460530384308,0.09663293213421341,0.1512850556612905,0.12473107508797356,0.06879989363939092,0.09762798905972785,0.12386580926580726,0.08950137983781684,0.10990366066797494,0.0866625753023792,0.10809026359566176,0.07602755165991182,0.10626129784644084,0.07676182961667354,0.0908557265143782,0.12465288782557138,0.09863869464406846,0.09005874131423863,0.059574112691838356,0.03791662039165875,0.0813656241647382,0.1002850406467776,0.09260080212304922,0.10925228949908311,0.10311937866052354,0.08908987379632662,0.09330405810307743,0.10613103208474618,0.1078297232349514,0.11661065274456331,0.07778775306172998,0.10137916017517082,0.08523020982231314,0.08011568488388261,0.08646985474062995,0.1467219991566403,0.05459224683391008,0.09992033925305678,0.12189034668000027,0.07952718220904609,0.08550626264556166,0.07835019683989028,0.07833457331946389,0.08245413743023161,0.08674070546332019,0.058959812942986974,0.04889257822279298,0.05952205310965082,0.05552403289653654,0.08021984534306724,0.06127128361658631,0.05912640198824046,0.05966261410117793,0.04650358787657199,0.03805712299368511,0.056367339704360815,0.04038848083788758,0.027177100635994957,0.0273748043118027,0.0310428641123024,0.03999817927137783,0.05540951080453092,0.03486208358955708,0.038551487018638385,0.02928424428850047,0.041221133971023824,0.05790302611850882,0.03254658326073652
schleswig-holstein,2021,48,2021-11-29,2021.9095890410958,2021-12-05,2021.9260273972602,female,0.05050091458622938,0.05029791793322435,0.04574891874917547,0.07225737991755977,0.08332392278086807,0.119722115298768,0.14122078913098524,0.17188898167085728,0.1873290198074013,0.1602193760017607,0.18446921430476523,0.20685609192617735,0.15270359595493352,0.07876161790055192,0.1113314948156288,0.11691293072384101,0.11639176289095912,0.1004465520812029,0.11859633850822483,0.07172103791521668,0.0880376832836941,0.08062086505888992,0.07779816863196623,0.09744564736049804,0.09853970714690072,0.08788141918173654,0.07351233767420673,0.09018896681923529,0.04354222496423847,0.08270413412498295,0.07340298330410988,0.10268171344015156,0.11610512280932453,0.08997018815712607,0.09404378947160509,0.07957405385939284,0.12183301247496105,0.10560476172978536,0.0978155411888501,0.08732408104230646,0.0847145679079729,0.08579273410597368,0.11156078570448816,0.11269683274987273,0.1062665084836993,0.1262635691650606,0.10234825669709116,0.06512396308282721,0.096153644493503,0.07180956000045022,0.09892523846125219,0.09592963113284535,0.06688900212327284,0.0711847014447866,0.06710247698282602,0.05886610683956913,0.06142226162721129,0.07394975745429094,0.04881970979204756,0.06005306329345557,0.028628679335480925,0.04390653116359944,0.04055501039788441,0.04592067007067949,0.06195849741517902,0.057975907278971214,0.05087567971989995,0.051167165580086396,0.03623582240274669,0.05153673035899917,0.027593319775374478,0.051567961305745195,0.027900283525187867,0.04455187983905281,0.04852303223535873,0.03334789080895334,0.040341644495229034,0.027801430594386087,0.020559663885343877,0.0397275719049561,0.02107987212470984
schleswig-holstein,2021,48,2021-11-29,2021.9095890410958,2021-12-05,2021.9260273972602,male,0.05562814410813002,0.028248871675644743,0.07841269096854867,0.04551991786960274,0.07891264670163568,0.08548021986378404,0.1258674099050266,0.17053252285500278,0.1816408752377548,0.1667085429094132,0.21340329549735637,0.22872509374024344,0.14583029431312824,0.14123643155715318,0.13384851599641379,0.1209938554348537,0.06799803960224328,0.0796730052599833,0.08676674887638547,0.06720661137867456,0.07572030367698927,0.10666772912032749,0.09905548617286344,0.11763736268796046,0.07602755165991182,0.09062131783456692,0.07676182961667354,0.08771994676970195,0.09346554785606861,0.10172303106728091,0.08404788695146485,0.07660559939582126,0.08169894638065303,0.0982166966247082,0.06301536666233633,0.08961076806761355,0.08426143226491173,0.07810542889247452,0.07064837050616117,0.10535986545973433,0.10613103208474618,0.08384475929639765,0.09768008680551422,0.11205063780884401,0.10454702653258878,0.08206872821388204,0.07369980284368877,0.08006360473252817,0.09672670631976579,0.11212359490005491,0.06659222145755128,0.056034179825060024,0.07289787324564116,0.0583819613286117,0.07835019683989028,0.08838667480687899,0.07420492069192283,0.06453563004927533,0.06528015881169388,0.06668073481217855,0.048070211859561424,0.03861913719815811,0.06517082175222269,0.05594047899359835,0.0365948737566443,0.04772149080952404,0.04340170754085238,0.05709613438209294,0.046415108860386904,0.02692216805830875,0.05096937142534396,0.06504065888593533,0.017246059554729052,0.06910710073487455,0.031656834152052817,0.02614697259232536,0.038551487018638385,0.02091860701391948,0.020606482413774968,0.017807848877735198,0.02469026069713128
schleswig-holstein,2021,49,2021-12-06,2021.9287671232876,2021-12-12,2021.945205479452,female,0.021038255274045806,0.07126801548504154,0.04990754198165981,0.08430830818280301,0.11907583305042191,0.13905696552400776,0.17355330063590155,0.23198429975782492,0.19983990845309865,0.24257813032672776,0.18446921430476523,0.19872805556014816,0.11964914754590204,0.11424460650984115,0.15114946192419854,0.1290211297390877,0.10433860834148785,0.15074268283432643,0.09944623126514128,0.09816980816729039,0.13578272414508583,0.1227347304753086,0.1167409447615473,0.09396043893219924,0.10534423382208376,0.10141563122259292,0.10505244411508254,0.09713306307795876,0.10053512308080297,0.15559294843902963,0.15330857343928714,0.11779892802758657,0.10386967046573704,0.09297066148983889,0.13657519677802493,0.11328049959877382,0.1531208210529916,0.0962786756260525,0.09475227445082586,0.0960650809564983,0.1607879281943429,0.11156078570448816,0.10853839606971206,0.10355183719884298,0.10322879554119384,0.07211157766067051,0.07441321814068014,0.11790837580092856,0.11419770359781249,0.04970454764503421,0.1088302053382873,0.06712851056223629,0.07552762366475863,0.05897543064331097,0.05920449078691724,0.04120031748019919,0.0515107045843754,0.07394975745429094,0.05696078602675669,0.08151666052909237,0.046258969787315696,0.06934141245146519,0.062041796674573144,0.04081521390304804,0.04388050920757619,0.030361261796526377,0.0452232591386899,0.03979001963375125,0.01811475486771989,0.04547307690483854,0.03985767142458456,0.045499099657830486,0.02479951267375945,0.025455029353872036,0.04159062806984951,0.022229550793465908,0.03137066077391138,0.03475281046944847,0.027411223491967868,0.018052333163697372,0.02898767816698684
schleswig-holstein,2021,49,2021-12-06,2021.9287671232876,2021-12-12,2021.945205479452,male,0.0596053484661716,0.05247887217108845,0.07449132989907783,0.0872772024057391,0.14287891249165463,0.16365164796622228,0.14878184365669955,0.19382679028467223,0.22120985079920594,0.26777065198948563,0.21340329549735637,0.23254319053842346,0.17273939505093922,0.12977179536838762,0.11524000050754833,0.1209938554348537,0.09068382671253236,0.05430594720703528,0.0903869102114322,0.05658597703518425,0.11706928209227592,0.13579315133816294,0.10215026776763798,0.06991417887021503,0.08516249897627355,0.062479119975638785,0.07676182961667354,0.09712785335583277,0.11217570717072657,0.10172303106728091,0.09306442907125732,0.10785056641576969,0.12551816674472419,0.10945551642805737,0.10602160909711054,0.09857617620287983,0.09363224748197538,0.10625087657349608,0.09831568350699259,0.14152842437605842,0.10613103208474618,0.11082601620008097,0.12922964688245545,0.07778775306172998,0.09186630047594223,0.0915485405670934,0.0929446149694475,0.0960911290399616,0.11234246678784583,0.09485646423251046,0.06146391081073331,0.09016813071651951,0.0684770677998214,0.07089831044947996,0.06629023585212797,0.06828441462465416,0.055643760807845416,0.0746267238915885,0.08003235666675251,0.06445753324438144,0.06639436862141183,0.07001831889689215,0.052629824655742376,0.07192932541444658,0.0534939059322579,0.02982014876263316,0.058912959870170284,0.0539259519549699,0.03977961167374313,0.037021575690936115,0.04077358125472403,0.04107021460134682,0.020694917526936325,0.018177176646680372,0.027697375080772323,0.02614697259232536,0.038551487018638385,0.03346756767141887,0.04534296333520837,0.04008144335974906,0.03254658326073652
schleswig-holstein,2021,50,2021-12-13,2021.9479452054795,2021-12-19,2021.964383561644,female,0.07998548460330009,0.05868390101075208,0.08737095972113554,0.1486358266760093,0.16678157672718288,0.19323699929962262,0.14122078913098524,0.2199565455580585,0.2415698474070931,0.32093916894781166,0.2517162592453061,0.23938094815395025,0.1568394876203426,0.1615964305495709,0.16310392980171984,0.14920946717310782,0.10835601610842295,0.11205063780884401,0.12625314388270806,0.12085312856150741,0.13211248207882503,0.14380706751683026,0.06718057776016344,0.12532008957682655,0.11895074709141314,0.10818405844507888,0.0840218449000587,0.07977195684886988,0.11395276685568381,0.1257631579697969,0.08298538184322862,0.11779892802758657,0.14976225400299117,0.1109875603780254,0.12441832674373711,0.13474001539626224,0.14060552410075292,0.11803867106955246,0.12841643475166348,0.12812972837883713,0.10518791770399931,0.10010789965036002,0.10853839606971206,0.11574552203233118,0.12754589483393966,0.09617448299471265,0.12718621493101184,0.0961692733686288,0.09314256885160277,0.09392918251436415,0.08159999112480439,0.06473347581328352,0.09496586372796069,0.06101097773113807,0.08882942861738001,0.0745746492373627,0.041601036392344484,0.045957102242106626,0.06306742974196511,0.04717499237562111,0.04185083675721903,0.06702958302980788,0.04055501039788441,0.051026627550659565,0.04129399175452825,0.060740260992557096,0.03391505751059177,0.028420565205691667,0.030194764878671343,0.02727595237994031,0.030657835751980618,0.02729676329734818,0.027900283525187867,0.04455187983905281,0.017324085486646892,0.025933665800282155,0.022406426690912987,0.013901458012643687,0.023982729643337277,0.014442405420821295,0.02070532166778468
schleswig-holstein,2021,50,2021-12-13,2021.9479452054795,2021-12-19,2021.964383561644,male,0.07948551855531472,0.08479790362852982,0.07449132989907783,0.09866995389284372,0.11652726602501849,0.174826357994385,0.15642744835043293,0.2210218530873092,0.22912726035765116,0.2989058399693317,0.34267824281565695,0.3051874213257449,0.17273939505093922,0.1068448924646298,0.1599168461763443,0.1399224841619085,0.11716309313898464,0.11230077683342998,0.09400732359417606,0.09198611209321184,0.15155102901872278,0.11961266370786827,0.1424513410313646,0.09217885310024139,0.0973362426478697,0.0937520631681835,0.1568447033282265,0.09712785335583277,0.09970151964457473,0.10172303106728091,0.09306442907125732,0.06808655534986033,0.12259399889058403,0.08979308229530322,0.09741438884768702,0.09857617620287983,0.09987865925663846,0.13441156647074506,0.10446886961303417,0.17169072778990696,0.09702886873466662,0.17082989733631576,0.09137663847495535,0.062218808043848675,0.09820627696384983,0.07259064375417251,0.07369980284368877,0.04481730782842382,0.09360620063020289,0.08622504857047392,0.09222573615591713,0.08041254274260168,0.0596365842592678,0.05003766697322137,0.07634000909759897,0.07833457331946389,0.07007559600046967,0.052432024937366595,0.08003235666675251,0.04667013702133027,0.061812724032313145,0.06518644131807519,0.03508063051865835,0.05061022080454732,0.07039843176418228,0.02683892503831361,0.04960565325528393,0.03805712299368511,0.03646478239998817,0.037021575690936115,0.04077358125472403,0.0376460238573933,0.024144004257039185,0.032723494254699385,0.023738217473380493,0.021787363681988747,0.06058928496205277,0.037656431390365966,0.020606482413774968,0.035627001859946744,0.018515295918255667
schleswig-holstein,2021,51,2021-12-20,2021.9671232876713,2021-12-26,2021.9835616438356,female,0.05892337166048193,0.05029791793322435,0.041585423909386174,0.04815869369198382,0.07935531985256937,0.10039445156367294,0.13717998664964628,0.127863874791079,0.22904891596746418,0.18491278696947028,0.1886702601426544,0.2109231971564698,0.11964914754590204,0.14580943590332265,0.091433939109193,0.08866795326152756,0.1807172627750429,0.13912996051553073,0.1415805661234001,0.16624425889520242,0.19093531263526417,0.1297613693826605,0.1486201820238277,0.13577229695409956,0.1495797293999007,0.12172355644087864,0.10855402866759013,0.09365829434679476,0.12066549332280789,0.12244805542723887,0.12133264391421764,0.09361661936934741,0.10081125716554287,0.04796611577887593,0.10011831969226892,0.09795620572961992,0.11870578795994301,0.08073544268858682,0.11923219092231793,0.09315298749785426,0.13444284723141384,0.09151728559898586,0.08741783844222639,0.08221455839223406,0.09107450890223653,0.07512143570768859,0.06510834353574167,0.0961692733686288,0.0751058131573207,0.06352038073420105,0.04943909470819803,0.04074756086645094,0.060412279139683035,0.04473403615649916,0.05920449078691724,0.0392384006239477,0.0693570332701088,0.06194808501713636,0.042714738936932284,0.040742356790355296,0.046258969787315696,0.053155559143714726,0.03339992419357441,0.0331605710554351,0.033550821303411006,0.027598522535702004,0.028259277327995398,0.025574688052447232,0.02717189791783759,0.02727595237994031,0.02452378193602447,0.012127814158101031,0.00929843130453477,0.025455029353872036,0.013859846906638294,0.0074105280126641575,0.004482593202544671,0.006947664114295283,0.020559663885343877,0.014442405420821295,0.02220874190390769
schleswig-holstein,2021,51,2021-12-20,2021.9671232876713,2021-12-26,2021.9835616438356,male,0.0476798526314774,0.04440095080227126,0.027432034463506887,0.07208554158638993,0.08643339417416179,0.1226878199047498,0.1258674099050266,0.16276486906716833,0.22120985079920594,0.1667085429094132,0.22147618205452904,0.1943487347889248,0.10357267866502468,0.14505853872257513,0.10779324768862547,0.1209938554348537,0.12851547913873634,0.14857846297434693,0.1664372753414748,0.16994821303836152,0.12396484498567589,0.12608633964932972,0.1610591662929464,0.1303712930635081,0.1308404699938429,0.10626129784644084,0.1504349930724565,0.10340073681884099,0.08722511508133823,0.10172303106728091,0.07203346947693125,0.09648706151504222,0.10506286514785328,0.09540867356073006,0.11175881046760519,0.10754834111161166,0.09987865925663846,0.05935025685820077,0.06449918485906356,0.09632035273704445,0.09399169536882211,0.12282333944627495,0.11345247411628154,0.09335615151698876,0.07918345806409788,0.05364486136351347,0.07690764491296279,0.06404101893250651,0.09360620063020289,0.1063655106907571,0.09222573615591713,0.05847046070899056,0.0596365842592678,0.052119711124449006,0.04619130966791754,0.06426489496045906,0.055643760807845416,0.04839291103396478,0.05474320545367557,0.04889257822279298,0.0572314830897162,0.050693501887011626,0.032572599545633685,0.053275281601831606,0.04504110110749318,0.03280674669540843,0.034097176570930005,0.03171406901667513,0.019888602943288165,0.030288419329371697,0.03057458675162237,0.023951515259748424,0.010343828727871672,0.02181337458445638,0.031656834152052817,0.02614697259232536,0.011009565403622116,0.03346756767141887,0.020606482413774968,0.026719263430534244,0.017391708055678374
schleswig-holstein,2021,52,2021-12-27,2021.986301369863,2022-01-02,2022.0027397260274,female,0.0547119725998415,0.04191328703594023,0.07488189045110875,0.08430830818280301,0.07935531985256937,0.0849333244592767,0.19781979900816815,0.18390040313064882,0.1623110527745844,0.22609802988980673,0.17607335832801657,0.22311597709233735,0.1775082283486988,0.15764792858658747,0.1710698849998219,0.20578063332517474,0.37417257994826725,0.5938905292071831,0.6188960347629388,0.7178838324886871,0.6194064764270454,0.6591521103666945,0.5184786391977791,0.3768647514690438,0.34058453257259497,0.36263029599340346,0.28060937087698923,0.30239958174132986,0.25506574124593834,0.18543986058440812,0.21411863005007017,0.23587054316314626,0.19875937503454807,0.20716411572011292,0.18217835218789194,0.14393742769548679,0.18755864604853753,0.19584674461111024,0.17129422229556512,0.1514571559137014,0.17249939968228642,0.18033112457449382,0.1387284893301827,0.1767673087032499,0.18535114484954388,0.14131464375859265,0.16757973870742768,0.18007022200815356,0.15934830350777623,0.19079439635323467,0.18563816689198398,0.17279678541189578,0.1208948253731659,0.10579755322182578,0.09475748393494945,0.13745631539763684,0.09712264363423452,0.11596440916564721,0.09564831339568466,0.07722010763901216,0.09035044689835461,0.06471785638349628,0.06920603221976453,0.051026627550659565,0.04904352029701613,0.0634995553146934,0.06219277692234349,0.031261394990446154,0.03321260425261641,0.042438913187347625,0.02452378193602447,0.03943094621730098,0.02169892671091331,0.028633882199400405,0.0277233889396535,0.029638044681042794,0.026890951910194433,0.013901458012643687,0.047981730177697135,0.06502503936387813,0.022588505449082363
schleswig-holstein,2021,52,2021-12-27,2021.986301369863,2022-01-02,2022.0027397260274,male,0.0596053484661716,0.08883984639949259,0.07056505745868465,0.0872772024057391,0.09019417584621585,0.13758144587975102,0.16406896091622822,0.13560546218268035,0.1737306920055099,0.16282746472868312,0.21340329549735637,0.1943487347889248,0.13814453677552005,0.14505853872257513,0.1710907535446448,0.17401243248340212,0.2497620589554246,0.3376273104803416,0.5045571666936132,0.6258689959273639,0.6054000909832176,0.607357180302761,0.5596451899047568,0.468943356789694,0.3812647092449666,0.385455491380156,0.31094664017344786,0.3076720197082457,0.27150798127126513,0.2562258305559791,0.2917569533108791,0.19314827026129366,0.23082997426400254,0.1712994394534905,0.16341691090358396,0.1644028136875565,0.18117645788108738,0.15006472475579233,0.13215418791990974,0.16867527509894242,0.15775746026493956,0.16783014499062082,0.13554289928140195,0.09647143254439744,0.158487677350069,0.17059512786763947,0.13787341817567433,0.11853379606782079,0.15922833658293767,0.15242718617101014,0.14866711599449875,0.13409354647207802,0.10827785346368428,0.1084706548665621,0.13467745353621613,0.1306215202328873,0.08657923659342961,0.1049117603770843,0.08003235666675251,0.11341078327193048,0.07326759249784265,0.11111262718304418,0.10531297056087378,0.069263308428623,0.0816676973321456,0.05070911710481969,0.040300012226055996,0.06344749180241327,0.06631626902489622,0.06733157292897043,0.023779836484946176,0.0479192726105557,0.04484853473977693,0.032723494254699385,0.043531816253187895,0.03486208358955708,0.022026664475484493,0.016731091340357246,0.03297325197669694,0.013355314895833638,0.03142789532355181
