State,week_end_num,A00,A01,A02,A03,A04,A05,A06,A07,A08,A09,A10,A11,A12,A13,A14,A15,A16,A17,A18,A19,A20,A21,A22,A23,A24,A25,A26,A27,A28,A29,A30,A31,A32,A33,A34,A35,A36,A37,A38,A39,A40,A41,A42,A43,A44,A45,A46,A47,A48,A49,A50,A51,A52,A53,A54,A55,A56,A57,A58,A59,A60,A61,A62,A63,A64,A65,A66,A67,A68,A69,A70,A71,A72,A73,A74,A75,A76,A77,A78,A79,A80+
mecklenburg-vorpommern,2020.0109289617487,-0,-0,-0,-0,-0,-0,-0,-0,-0,-0,-0,-0,-0,-0,-0,-0,-0,-0,-0,-0,-0,-0,-0,-0,-0,-0,-0,-0,-0,-0,-0,-0,-0,-0,-0,-0,-0,-0,-0,-0,-0,-0,-0,-0,-0,-0,-0,-0,-0,-0,-0,-0,-0,-0,-0,-0,-0,-0,-0,-0,-0,-0,-0,-0,-0,-0,-0,-0,-0,-0,-0,-0,-0,-0,-0,-0,-0,-0,-0,-0,-0
mecklenburg-vorpommern,2020.0300546448088,-0,-0,-0,-0,-0,-0,-0,-0,-0,-0,-0,-0,-0,-0,-0,-0,-0,-0,-0,-0,-0,-0,-0,-0,-0,-0,-0,-0,-0,-0,-0,-0,-0,-0,-0,-0,-0,-0,-0,-0,-0,-0,-0,-0,-0,-0,-0,-0,-0,-0,-0,-0,-0,-0,-0,-0,-0,-0,-0,-0,-0,-0,-0,-0,-0,-0,-0,-0,-0,-0,-0,-0,-0,-0,-0,-0,-0,-0,-0,-0,-0
mecklenburg-vorpommern,2020.049180327869,-0,-0,-0,-0,-0,-0,-0,-0,-0,-0,-0,-0,-0,-0,-0,-0,-0,-0,-0,-0,-0,-0,-0,-0,-0,-0,-0,-0,-0,-0,-0,-0,-0,-0,-0,-0,-0,-0,-0,-0,-0,-0,-0,-0,-0,-0,-0,-0,-0,-0,-0,-0,-0,-0,-0,-0,-0,-0,-0,-0,-0,-0,-0,-0,-0,-0,-0,-0,-0,-0,-0,-0,-0,-0,-0,-0,-0,-0,-0,-0,-0
mecklenburg-vorpommern,2020.068306010929,-0,-0,-0,-0,-0,-0,-0,-0,-0,-0,-0,-0,-0,-0,-0,-0,-0,-0,-0,-0,-0,-0,-0,-0,-0,-0,-0,-0,-0,-0,-0,-0,-0,-0,-0,-0,-0,-0,-0,-0,-0,-0,-0,-0,-0,-0,-0,-0,-0,-0,-0,-0,-0,-0,-0,-0,-0,-0,-0,-0,-0,-0,-0,-0,-0,-0,-0,-0,-0,-0,-0,-0,-0,-0,-0,-0,-0,-0,-0,-0,-0
mecklenburg-vorpommern,2020.0874316939892,-0,-0,-0,-0,-0,-0,-0,-0,-0,-0,-0,-0,-0,-0,-0,-0,-0,-0,-0,-0,-0,-0,-0,-0,-0,-0,-0,-0,-0,-0,-0,-0,-0,-0,-0,-0,-0,-0,-0,-0,-0,-0,-0,-0,-0,-0,-0,-0,-0,-0,-0,-0,-0,-0,-0,-0,-0,-0,-0,-0,-0,-0,-0,-0,-0,-0,-0,-0,-0,-0,-0,-0,-0,-0,-0,-0,-0,-0,-0,-0,-0
mecklenburg-vorpommern,2020.1065573770493,-0,-0,-0,-0,-0,-0,-0,-0,-0,-0,-0,-0,-0,-0,-0,-0,-0,-0,-0,-0,-0,-0,-0,-0,-0,-0,-0,-0,-0,-0,-0,-0,-0,-0,-0,-0,-0,-0,-0,-0,-0,-0,-0,-0,-0,-0,-0,-0,-0,-0,-0,-0,-0,-0,-0,-0,-0,-0,-0,-0,-0,-0,-0,-0,-0,-0,-0,-0,-0,-0,-0,-0,-0,-0,-0,-0,-0,-0,-0,-0,-0
mecklenburg-vorpommern,2020.1256830601094,-0,-0,-0,-0,-0,-0,-0,-0,-0,-0,-0,-0,-0,-0,-0,-0,-0,-0,-0,-0,-0,-0,-0,-0,-0,-0,-0,-0,-0,-0,-0,-0,-0,-0,-0,-0,-0,-0,-0,-0,-0,-0,-0,-0,-0,-0,-0,-0,-0,-0,-0,-0,-0,-0,-0,-0,-0,-0,-0,-0,-0,-0,-0,-0,-0,-0,-0,-0,-0,-0,-0,-0,-0,-0,-0,-0,-0,-0,-0,-0,-0
mecklenburg-vorpommern,2020.1448087431695,-0,-0,-0,-0,-0,-0,-0,-0,-0,-0,-0,-0,-0,-0,-0,-0,-0,-0,-0,-0,-0,-0,-0,-0,-0,-0,-0,-0,-0,-0,-0,-0,-0,-0,-0,-0,-0,-0,-0,-0,-0,-0,-0,-0,-0,-0,-0,-0,-0,-0,-0,-0,-0,-0,-0,-0,-0,-0,-0,-0,-0,-0,-0,-0,-0,-0,-0,-0,-0,-0,-0,-0,-0,-0,-0,-0,-0,-0,-0,-0,-0
mecklenburg-vorpommern,2020.1639344262296,-0,-0,-0,-0,-0,-0,-0,-0,-0,-0,-0,-0,-0,-0,-0,-0,-0,-0,-0,-0,-0,-0,-0,-0,-0,-0,-0,-0,-0,-0,-0,-0,-0,-0,-0,-0,-0,-0,-0,-0,-0,-0,-0,-0,-0,-0,-0,-0,-0,-0,-0,-0,-0,-0,-0,-0,-0,-0,-0,-0,-0,-0,-0,-0,-0,-0,-0,-0,-0,-0,-0,-0,-0,-0,-0,-0,-0,-0,-0,-0,-0
mecklenburg-vorpommern,2020.1830601092897,-0,-0,-0,-0,-0,-0,-0,-0,-0,-0,-0,-0,-0,-0,-0,-0,-0,-0,-0,-0,-0,-0,-0,-0,-0,-0,-0,-0,-0,-0,-0,-0,-0,-0,-0,-0,-0,-0,-0,-0,-0,-0,-0,-0,-0,-0,-0,-0,-0,-0,-0,-0,-0,-0,-0,-0,-0,-0,-0,-0,-0,-0,0.003785737802527224,-0,-0,-0,-0,-0,-0,-0,-0,-0,-0,-0,-0,-0,-0,0.005819125586151741,-0,-0,-0
mecklenburg-vorpommern,2020.2021857923498,-0,-0,-0,-0,-0,-0,-0,-0,-0,-0,-0,-0,-0,-0,-0,-0,-0,-0,-0,-0,-0,-0,-0,0.008331067336315315,-0,0.009516870820243991,-0,-0,-0,-0,-0,-0,-0,-0,-0,-0,-0,0.00520026001733406,0.0051742574235774715,-0,-0,0.010817125020004748,-0,-0,-0,-0,-0,-0,0.006084355941765483,-0,0.0050962497203174036,-0,-0,-0,0.003988552962963668,0.003775337046391954,-0,-0,-0,-0,-0,-0,-0,-0,-0,-0,-0,-0,-0,-0,0.004591802731076329,-0,-0,-0,-0,-0,-0,-0,-0,-0,-0
mecklenburg-vorpommern,2020.22131147541,-0,-0,-0,-0,-0,-0,-0,-0,-0,-0,-0,-0,-0,-0,-0,-0,-0,-0,-0,-0,0.015446293888200674,0.008206247489956096,-0,-0,0.01774022576753822,0.009516870820243991,0.010276215323515192,0.020107086950389725,-0,-0,-0,0.01559713890789836,-0,0.009823727880315363,0.015160209707930345,-0,0.00520026001733406,-0,0.0051742574235774715,0.005361476388858467,-0,0.0054082812354987984,0.005475888310578272,0.005720314623075404,0.012939209704444394,-0,-0,-0,-0,0.010588277923271066,0.015285046247583377,0.004898630729132204,0.0045345977113313085,0.0042745756874694165,0.0079774118831345,0.0075561489675180695,0.0035933241507815398,0.0034373136044640058,0.00688005512568118,-0,0.010385437020405574,-0,-0,-0,0.0038273408478713415,-0,0.007696569560199222,0.0039157474297410386,-0,0.004186168495544676,-0,-0,-0,-0,-0,-0,-0,-0,-0,-0,6.136036202688044e-4
mecklenburg-vorpommern,2020.24043715847,-0,-0,-0,-0,-0,-0,0.007524944442861097,-0,-0,-0,-0,0.007415728754027102,-0,0.007753778058520413,0.008065825520937807,0.008128235238132577,0.015862419141904678,-0,0.008409079892435596,0.016132902342539803,0.015446293888200674,0.016413790232357738,-0,0.016668671297279614,-0,0.05713257438410331,0.020559663885343877,0.030163546765921426,0.01793269177375792,0.016080886233149228,0.005439484489999141,0.00520026001733406,0.01002136558959044,0.004909031709944994,0.010104581691902875,-0,0.010401040138686323,0.010401040138686323,0.0051742574235774715,-0,0.005184658459520951,0.02163650070423713,0.005475888310578272,0.01716803373988884,-0,0.027322776955817422,-0,0.013407328278878597,0.012164222661305117,-0,0.010187797927392828,0.004898630729132204,-0,0.0042745756874694165,0.011971778004519644,0.003775337046391954,0.0071868966259951515,0.0034373136044640058,0.0034373136044640058,-0,0.003463315329682109,0.003546520937736729,0.01136324147934599,0.007805785838885855,-0,-0,-0,-0,0.00400935456260728,-0,0.004591802731076329,0.005283468404741922,-0,-0,-0,-0,0.025116864955247398,-0,0.006027149280045188,-0,6.136036202688044e-4
mecklenburg-vorpommern,2020.25956284153,0.00890316213242793,-0,-0,-0,-0,0.007420929495915969,0.007524944442861097,-0,-0,0.007675766485504184,-0,-0,-0,0.007753778058520413,-0,0.008128235238132577,-0,-0,0.008409079892435596,0.016132902342539803,0.015446293888200674,0.008206247489956096,-0,-0,0.026615210082385394,-0,0.010276215323515192,-0,-0,0.024123194601358353,0.01632536239969773,-0,-0,0.004909031709944994,0.005054645659759895,0.005070247178565313,-0,0.010401040138686323,-0,0.010723505631432432,0.010375034944150853,0.010817125020004748,0.010957554418900645,0.005720314623075404,0.01941002213545338,0.013662194607839885,0.006952864809371217,-0,0.006084355941765483,0.005293869462529797,0.010187797927392828,0.009797722974486243,0.018140763933183292,0.012824781360540272,-0,0.003775337046391954,-0,0.0034373136044640058,0.0034373136044640058,0.006828048271176257,-0,0.010645489603034252,0.003785737802527224,0.01170651761799311,-0,0.003790938181377859,-0,0.0039157474297410386,-0,0.008367473181271885,-0,-0,-0,0.006672028019748792,0.010208602007073454,0.018671351708199405,0.00627677881122061,0.005819125586151741,0.006027149280045188,0.00967810057519137,0.0067656401144341426
mecklenburg-vorpommern,2020.27868852459,-0,-0,-0,-0,-0,-0,-0,0.007618558073008363,0.00763416036108147,-0,0.007296111834213189,-0,-0,-0,-0,0.008128235238132577,0.007930604723981044,-0,-0,-0,-0,0.024622628636147927,-0,-0,0.008871956799435624,-0,-0,0.010052571612347957,0.008965572854586027,0.008039821494216408,-0,0.00520026001733406,-0,-0,-0,-0,-0,-0,-0,-0,0.005184658459520951,0.0054082812354987984,0.010957554418900645,0.011446459729104798,0.00646920239273339,0.006828048271176257,-0,-0,-0,-0,0.0050962497203174036,0.009797722974486243,0.00906959089131662,0.0042745756874694165,-0,0.003775337046391954,0.0035933241507815398,-0,-0,0.003416512233653071,0.003463315329682109,0.003546520937736729,0.003785737802527224,-0,0.0038273408478713415,-0,-0,0.007826588965596397,0.00400935456260728,-0,-0,-0,-0,-0,-0,-0,0.012559516622681456,0.005819125586151741,0.006027149280045188,-0,0.006151963895840346
mecklenburg-vorpommern,2020.2978142076502,-0,-0,-0,-0,-0,-0,-0,-0,-0,-0,-0,-0,-0,-0,-0,-0,-0,-0,-0,-0,0.007722573415268598,-0,0.008393477371845058,-0,-0,0.009516870820243991,-0,-0,-0,-0,-0,-0,-0,0.004909031709944994,-0,-0,-0,-0,0.0051742574235774715,-0,-0,-0,-0,-0,-0,-0,-0,-0,0.006084355941765483,0.005293869462529797,0.0050962497203174036,0.009797722974486243,-0,-0,0.0079774118831345,0.003775337046391954,-0,-0,-0,-0,-0,0.003546520937736729,0.003785737802527224,0.0039001462573153684,-0,-0,0.0038481423830252345,-0,-0,-0,-0,-0,-0,-0,-0,-0,-0,-0,-0,-0,6.136036202688044e-4
mecklenburg-vorpommern,2020.3169398907103,-0,-0,-0,0.007743376508689189,-0,-0,-0,-0,-0,-0,-0,-0,0.00743653172469191,0.007753778058520413,-0,-0,-0,-0,-0,-0,-0,-0,-0,-0,-0,-0,-0,-0,-0,-0,-0,-0,-0,-0,-0,-0,-0,0.00520026001733406,-0,-0,-0,-0,-0,-0,-0,-0,-0,-0,0.006084355941765483,-0,-0,0.004898630729132204,0.0045345977113313085,-0,0.003988552962963668,-0,-0,-0,-0,-0,0.003463315329682109,-0,-0,-0,-0,0.003790938181377859,-0,-0,-0,-0,-0,-0,-0,-0,-0,-0,-0,-0,-0,-0,6.136036202688044e-4
mecklenburg-vorpommern,2020.3360655737704,-0,-0,-0,-0,-0,-0,-0,-0,-0,-0,-0,-0,0.00743653172469191,-0,-0,-0,-0,0.008128235238132577,-0,-0,-0,-0,-0,-0,-0,-0,-0,-0,-0,-0,0.005439484489999141,-0,0.005007841131423316,-0,-0,-0,-0,-0,-0,-0,-0,-0,0.005475888310578272,-0,-0,0.013662194607839885,-0,-0,-0,-0,-0,-0,-0,0.0042745756874694165,-0,-0,-0,-0,-0,0.010245009166539523,-0,-0,-0,-0,-0,-0,0.0038481423830252345,-0,-0,-0,-0,-0,-0,-0,-0,-0,-0,-0,-0,-0,0.0012324146041686591
mecklenburg-vorpommern,2020.3551912568305,-0,-0,-0,-0,-0,-0,-0,-0,-0,-0,-0,-0,-0,-0,-0,-0,-0,-0,-0,-0,-0,-0,-0,-0,-0,-0,-0,-0,-0,0.008039821494216408,0.005439484489999141,-0,-0,-0,-0,0.005070247178565313,-0,-0,0.0051742574235774715,-0,-0,0.0054082812354987984,-0,-0,-0,-0,-0,-0,-0,-0,-0,-0,-0,-0,0.003988552962963668,0.003775337046391954,-0,-0,0.0034373136044640058,0.003416512233653071,0.006921660646735023,-0,-0,-0,-0,0.003790938181377859,-0,-0,-0,-0,-0,-0,-0,-0,-0,-0,-0,-0,-0,-0,6.136036202688044e-4
mecklenburg-vorpommern,2020.3743169398906,-0,-0,-0,-0,-0,-0,-0,-0,-0,-0,-0,-0,-0,-0,-0,-0,-0,-0,-0,-0,-0,-0,-0,0.008331067336315315,-0,-0,-0,-0,-0,0.008039821494216408,-0,-0,-0,-0,-0,0.005070247178565313,-0,-0,0.0051742574235774715,-0,-0,-0,-0,-0,-0,-0,-0,-0,-0,-0,-0,0.004898630729132204,-0,-0,-0,-0,-0,0.0034373136044640058,-0,0.003416512233653071,-0,-0,-0,-0,-0,-0,-0,0.007826588965596397,-0,-0,-0,-0,-0,-0,-0,-0,-0,-0,-0,-0,6.136036202688044e-4
mecklenburg-vorpommern,2020.3934426229507,-0,-0,-0,-0,-0,-0,-0,-0,-0,-0,-0,-0,-0,-0,-0,-0,-0,-0,-0,0.008065825520937807,-0,-0,-0,-0,-0,-0,-0,-0,-0,-0,-0,-0,-0,-0,-0,-0,-0,-0,-0,-0,-0,-0,-0,-0,-0,-0,-0,-0,-0,-0,-0,-0,-0,-0,-0,-0,-0,-0,-0,-0,-0,-0,-0,-0,-0,-0,-0,-0,-0,-0,-0,-0,-0,-0,-0,-0,-0,-0,-0,-0,-0
mecklenburg-vorpommern,2020.4125683060108,-0,-0,-0,-0,-0,-0,-0,-0,-0,-0,-0,-0,-0,-0,-0,-0,-0,-0,-0,-0,-0,-0,-0,-0,-0,-0,-0,-0,-0,-0,-0,-0,-0,-0,-0,-0,-0,-0,-0,-0,-0,-0,-0,-0,-0,-0,-0,-0,-0,-0,-0,-0,-0,0.0042745756874694165,-0,-0,-0,-0,-0,-0,-0,-0,-0,0.0039001462573153684,-0,-0,-0,-0,-0,-0,-0,-0,-0,-0,-0,-0,-0,-0,-0,-0,-0
mecklenburg-vorpommern,2020.431693989071,-0,-0,-0,-0,-0,-0,-0,-0,-0,-0,-0,-0,-0,-0,-0,-0,-0,-0,-0,-0,-0,-0,-0,-0,-0,-0,-0,-0,-0,-0,0.005439484489999141,-0,-0,-0,-0,-0,-0,-0,-0,-0,-0,-0,-0,-0,-0,-0,-0,-0,-0,-0,-0,-0,-0,-0,-0,-0,-0,-0,-0,-0,-0,-0,-0,-0,-0,-0,-0,-0,-0,-0,-0,-0,-0,-0,-0,-0,-0,-0,-0,0.004836224887943667,0.0012324146041686591
mecklenburg-vorpommern,2020.450819672131,-0,-0,-0,-0,-0,-0,-0,-0,-0,-0,-0,-0,-0,-0,-0,-0,-0,-0,-0,-0,-0,-0,-0,-0,-0,-0,-0,-0,-0,-0,-0,-0,-0,-0,-0,-0,-0,-0,-0,-0,-0,-0,-0,-0,-0,-0,-0,-0,-0,-0,-0,-0,-0,-0,-0,-0,0.0035933241507815398,-0,-0,-0,-0,0.003546520937736729,-0,-0,-0,0.003790938181377859,-0,-0,-0,-0,-0,-0,0.006162365127346456,-0,0.010208602007073454,-0,-0,-0,-0,-0,-0
mecklenburg-vorpommern,2020.4699453551912,-0,-0,-0,-0,-0,-0,-0,-0,-0,-0,-0,-0,-0,-0,-0,-0,-0,-0,-0,-0,-0,-0,-0,-0,-0,-0,-0,-0,0.008965572854586027,-0,-0,-0,-0,-0,0.005054645659759895,-0,-0,-0,-0,-0,-0,-0,-0,-0,-0,-0,-0,-0,-0,-0,-0,0.004898630729132204,-0,-0,-0,-0,-0,-0,-0,-0,-0,-0,-0,-0,-0,-0,-0,-0,-0,-0,-0,-0,-0,-0,-0,-0,-0,-0,-0,-0,-0
mecklenburg-vorpommern,2020.4890710382513,-0,-0,-0,-0,-0,-0,-0,-0,-0,-0,-0,-0,-0,-0,-0,-0,-0,-0,-0,-0,-0,-0,-0,-0,-0,-0,-0,-0,-0,0.008039821494216408,-0,-0,-0,-0,-0,-0,-0,-0,-0,-0,-0,-0,-0,-0,-0,-0,-0,-0,-0,-0,-0,-0,-0,-0,-0,-0,-0,-0,-0,-0,-0,-0,-0,-0,-0,-0,-0,-0,-0,-0,-0,-0,-0,-0,-0,-0,-0,-0,-0,-0,-0
mecklenburg-vorpommern,2020.5081967213114,-0,-0,-0,-0,-0,-0,-0,-0,-0,-0,-0,-0,-0,-0,-0,-0,-0,-0,-0,-0,-0,-0,-0,-0,-0,-0,-0,-0,-0,-0,-0,-0,-0,-0,-0,-0,-0,-0,-0,-0,-0,-0,0.005475888310578272,-0,-0,-0,-0,-0,-0,-0,-0,-0,-0,-0,-0,-0,-0,-0,-0,-0,-0,-0,-0,-0,-0,-0,-0,-0,-0,-0,-0,-0,-0,-0,-0,-0,-0,-0,-0,-0,-0
mecklenburg-vorpommern,2020.5273224043715,-0,-0,-0,-0,-0,-0,-0,-0,-0,-0,-0,-0,-0,-0,-0,-0,-0,-0,-0,-0,-0,-0,-0,-0,-0,-0,-0,-0,-0,-0,-0,-0,-0,-0,-0,-0,-0,-0,-0,-0,-0,-0,-0,-0,-0,-0,-0,-0,-0,-0,-0,-0,-0,-0,-0,-0,-0,-0,-0,-0,-0,-0,-0,-0,-0,-0,-0,-0,-0,-0,-0,-0,-0,-0,-0,-0,-0,-0,-0,-0,-0
mecklenburg-vorpommern,2020.5464480874316,-0,-0,-0,-0,-0,-0,-0,-0,0.00763416036108147,-0,-0,-0,-0,-0,-0,-0,-0,-0,-0,-0,-0,-0,-0,-0,-0,-0,-0,-0,-0,-0,-0,-0,-0,-0,-0,-0,-0,-0,-0,-0,-0,-0,-0,-0,-0,-0,0.006952864809371217,-0,-0,-0,-0,-0,-0,-0,-0,-0,-0,-0,-0,-0,-0,-0,-0,-0,-0,-0,-0,-0,-0,-0,-0,-0,-0,-0,-0,-0,-0,-0,-0,-0,-0
mecklenburg-vorpommern,2020.5655737704917,-0,-0,0.007967010288569753,-0,-0,0.007420929495915969,-0,-0,-0,-0,-0,-0,-0,-0,-0,-0,-0,0.016252539591597902,-0,-0,-0,-0,-0,-0,-0,-0,-0,-0,0.008965572854586027,-0,-0,-0,0.005007841131423316,-0,0.005054645659759895,0.01014098877854045,-0,-0,0.010349029762614797,-0,-0,-0,-0,-0,0.00646920239273339,-0,-0,-0,-0,-0,-0,-0,-0,-0,-0,-0,-0,-0,0.00688005512568118,-0,-0,-0,0.003785737802527224,-0,-0,-0,-0,-0,-0,-0,-0,-0,-0,-0,-0,-0,-0,-0,-0,-0,-0
mecklenburg-vorpommern,2020.5846994535518,-0,-0,-0,-0,-0,-0,-0,-0,-0,-0,-0,-0,-0,-0,-0,-0,-0,-0,-0,0.008065825520937807,-0,-0,-0,-0,-0,-0,-0,0.010052571612347957,-0,0.008039821494216408,-0,-0,-0,0.004909031709944994,-0,-0,-0,-0,-0,-0,0.005184658459520951,-0,-0,-0,-0,-0,0.006952864809371217,-0,-0,0.005293869462529797,0.0050962497203174036,-0,0.0045345977113313085,0.008549502788384242,0.0079774118831345,-0,-0,0.0034373136044640058,-0,0.003416512233653071,-0,0.003546520937736729,-0,-0,-0,-0,-0,0.0039157474297410386,-0,-0,-0,-0,-0,-0,-0,-0,-0,-0,-0,-0,0.0012324146041686591
mecklenburg-vorpommern,2020.603825136612,-0,-0,0.007967010288569753,-0,-0,0.007420929495915969,-0,-0,-0,-0,-0,-0,-0,-0,-0,-0,-0,-0,-0,-0,0.015446293888200674,-0,0.0251897001783634,-0,0.008871956799435624,-0,-0,0.020107086950389725,0.008965572854586027,-0,0.005439484489999141,0.00520026001733406,-0,-0,-0,0.005070247178565313,-0,0.00520026001733406,0.0051742574235774715,-0,0.005184658459520951,-0,-0,-0,0.00646920239273339,0.006828048271176257,0.006952864809371217,-0,-0,-0,-0,-0,-0,0.0042745756874694165,0.003988552962963668,-0,0.0071868966259951515,0.0034373136044640058,-0,-0,-0,-0,-0,-0,-0,-0,-0,-0,-0,-0,-0,-0,-0,-0,-0,0.009334837826761389,-0,-0,-0,-0,6.136036202688044e-4
mecklenburg-vorpommern,2020.622950819672,-0,-0,-0,0.007743376508689189,-0,-0,-0,0.007618558073008363,-0,-0,-0,-0,0.00743653172469191,-0,0.008065825520937807,-0,-0,-0,-0,-0,0.007722573415268598,-0,-0,0.016668671297279614,-0,-0,-0,-0,-0,-0,-0,-0,-0,-0,-0,-0,-0,0.00520026001733406,-0,-0,-0,-0,-0,0.005720314623075404,-0,-0,-0,-0,-0,-0,-0,-0,-0,-0,-0,-0,0.0035933241507815398,-0,-0,-0,-0,-0,-0,-0,-0,-0,-0,-0,-0,-0,0.004591802731076329,-0,-0,0.006672028019748792,-0,-0,-0,-0,-0,-0,6.136036202688044e-4
mecklenburg-vorpommern,2020.6420765027322,-0,-0,-0,-0,-0,-0,-0,-0,-0,-0,-0,-0,-0,0.007753778058520413,-0,-0,0.007930604723981044,-0,-0,-0,0.007722573415268598,0.008206247489956096,0.016793511458363084,-0,-0,-0,-0,-0,-0,-0,0.005439484489999141,-0,-0,-0,-0,-0,-0,-0,-0,-0,0.005184658459520951,-0,-0,-0,-0,-0,-0,0.006703232032585742,-0,-0,-0,-0,0.0045345977113313085,-0,-0,-0,-0,-0,-0,-0,0.003463315329682109,0.003546520937736729,-0,-0,-0,-0,-0,-0,-0,-0,-0,-0,-0,-0,-0,-0,-0,-0,-0,-0,-0
mecklenburg-vorpommern,2020.6612021857923,-0,-0,-0,-0,0.007457334703679101,-0,-0,-0,-0,-0,-0,-0,-0,-0,-0,-0,-0,-0,-0,-0,-0,-0,-0,-0,0.008871956799435624,-0,-0,-0,-0,-0,-0,-0,-0,0.004909031709944994,-0,-0,-0,-0,0.0051742574235774715,-0,-0,-0,-0,-0,-0,-0,-0,-0,-0,-0,-0,-0,-0,-0,-0,-0,-0,-0,-0,-0,-0,-0,-0,-0,-0,-0,-0,-0,-0,-0,-0,-0,-0,-0,-0,-0,-0,-0,-0,-0,-0
mecklenburg-vorpommern,2020.6803278688524,-0,-0,-0,-0,-0,-0,-0,-0,-0,-0,-0,-0,-0,-0,-0,-0,0.007930604723981044,-0,-0,-0,-0,0.008206247489956096,0.008393477371845058,-0,-0,0.009516870820243991,-0,-0,-0,-0,0.005439484489999141,-0,0.005007841131423316,-0,0.005054645659759895,-0,-0,-0,-0,-0,0.005184658459520951,-0,-0,-0,-0,-0,0.006952864809371217,-0,-0,-0,-0,-0,-0,0.0042745756874694165,-0,0.003775337046391954,-0,0.0034373136044640058,-0,-0,-0,-0,-0,-0,-0,-0,-0,-0,-0,-0,-0,-0,-0,0.006672028019748792,-0,-0,-0,-0,-0,-0,-0
mecklenburg-vorpommern,2020.6994535519125,-0,-0,-0,-0,-0,-0,-0,-0,-0,-0,-0,-0,-0,-0,-0,-0,-0,0.008128235238132577,-0,0.008065825520937807,0.007722573415268598,-0,0.008393477371845058,-0,-0,-0,-0,-0,-0,-0,-0,0.00520026001733406,-0,0.004909031709944994,-0,-0,0.00520026001733406,-0,-0,-0,-0,-0,-0,-0,-0,-0,-0,-0,0.006084355941765483,0.005293869462529797,-0,-0,-0,-0,-0,-0,-0,-0,0.0034373136044640058,-0,0.003463315329682109,-0,0.003785737802527224,-0,-0,-0,-0,-0,-0,-0,-0,-0,-0,-0,-0,-0,-0,-0,-0,-0,-0
mecklenburg-vorpommern,2020.7185792349726,-0,-0,-0,-0,-0,0.007420929495915969,-0,-0,-0,-0,0.007296111834213189,-0,0.00743653172469191,0.007753778058520413,-0,-0,-0,0.008128235238132577,-0,0.016132902342539803,-0,-0,0.008393477371845058,-0,-0,-0,-0,0.010052571612347957,0.008965572854586027,-0,-0,0.00520026001733406,-0,0.009823727880315363,-0,-0,-0,-0,-0,-0,-0,-0,-0,0.005720314623075404,-0,-0,-0,-0,-0,-0,-0,0.004898630729132204,-0,-0,-0,0.003775337046391954,-0,0.0034373136044640058,-0,-0,-0,-0,-0,-0,0.0038273408478713415,-0,0.0038481423830252345,0.007826588965596397,-0,-0,-0,-0,-0,0.006672028019748792,-0,-0,-0,-0,-0,-0,6.136036202688044e-4
mecklenburg-vorpommern,2020.7377049180327,-0,-0,-0,-0,-0,-0,-0,-0,-0,-0,-0,0.007415728754027102,-0,0.015513914015330582,-0,-0,-0,-0,-0,-0,-0,0.008206247489956096,-0,0.016668671297279614,0.01774022576753822,-0,-0,-0,-0,0.008039821494216408,-0,-0,-0,-0,-0,0.01014098877854045,-0,-0,-0,-0,-0,-0,-0,-0,-0,-0,0.006952864809371217,0.006703232032585742,-0,-0,-0,0.004898630729132204,0.0045345977113313085,-0,-0,-0,0.0035933241507815398,-0,0.0034373136044640058,0.003416512233653071,-0,-0,-0,-0,0.007660164184941631,0.003790938181377859,0.0038481423830252345,-0,-0,-0,0.004591802731076329,-0,-0,-0,-0,0.009334837826761389,-0,0.005819125586151741,-0,-0,0.0012324146041686591
mecklenburg-vorpommern,2020.7568306010928,-0,-0,-0,-0,-0,-0,-0,-0,-0,-0,-0,-0,-0,0.007753778058520413,-0,-0,-0,-0,-0,0.008065825520937807,-0,0.008206247489956096,0.016793511458363084,0.008331067336315315,-0,-0,-0,0.010052571612347957,0.008965572854586027,0.008039821494216408,-0,0.010395839098741123,-0,0.009823727880315363,0.005054645659759895,0.015212224896366868,-0,0.015602340468103605,-0,-0,0.02074693825199469,-0,0.021917418324447695,-0,0.00646920239273339,0.013662194607839885,0.006952864809371217,-0,-0,0.005293869462529797,0.015285046247583377,-0,-0,0.0042745756874694165,0.003988552962963668,0.003775337046391954,0.0035933241507815398,0.0034373136044640058,-0,0.003416512233653071,0.006921660646735023,0.003546520937736729,0.003785737802527224,-0,-0,-0,-0,0.0039157474297410386,-0,0.004186168495544676,-0,-0,-0,0.006672028019748792,-0,0.009334837826761389,0.00627677881122061,0.0116441036060514,-0,-0,0.004919432692832402
mecklenburg-vorpommern,2020.775956284153,0.00890316213242793,-0,-0,-0,-0,-0,-0,-0,-0,-0,0.007296111834213189,-0,0.00743653172469191,0.007753778058520413,-0,-0,0.007930604723981044,0.008128235238132577,0.025231320351662596,0.016132902342539803,-0,0.008206247489956096,0.008393477371845058,-0,-0,0.009516870820243991,0.010276215323515192,-0,0.008965572854586027,-0,-0,-0,0.005007841131423316,0.009823727880315363,-0,-0,0.00520026001733406,0.00520026001733406,0.0155243171196172,-0,-0,-0,0.021917418324447695,0.005720314623075404,-0,0.006828048271176257,-0,0.013407328278878597,0.006084355941765483,0.005293869462529797,0.010187797927392828,0.009797722974486243,-0,0.008549502788384242,0.011971778004519644,0.003775337046391954,0.0071868966259951515,-0,0.0034373136044640058,-0,0.003463315329682109,0.007098484482587577,0.01136324147934599,-0,-0,0.003790938181377859,-0,0.007826588965596397,-0,0.008367473181271885,0.004591802731076329,0.005283468404741922,0.012325460624785496,0.020013450834937278,0.010208602007073454,0.018671351708199405,0.012559516622681456,0.005819125586151741,-0,0.00967810057519137,0.0043057782616826865
mecklenburg-vorpommern,2020.795081967213,-0,0.016606251329135777,0.007967010288569753,0.007743376508689189,-0,0.007420929495915969,0.015050977981575132,0.007618558073008363,0.00763416036108147,0.007675766485504184,0.014588046069124746,-0,0.022312786434970013,0.007753778058520413,-0,0.008128235238132577,0.007930604723981044,-0,0.008409079892435596,0.032270811441104386,0.007722573415268598,0.008206247489956096,0.008393477371845058,0.008331067336315315,0.026615210082385394,0.009516870820243991,0.030839943404922184,0.010052571612347957,0.008965572854586027,-0,0.010884739127687382,0.00520026001733406,0.020044662854686982,0.014733687125337003,0.030319637517088757,0.01014098877854045,0.010401040138686323,0.015602340468103605,0.0155243171196172,0.010723505631432432,0.02593886839455305,0.010817125020004748,0.016434596803073367,0.005720314623075404,0.012939209704444394,0.020492037196472048,0.013911860794347813,0.006703232032585742,0.018250002150173802,0.005293869462529797,0.015285046247583377,-0,0.00906959089131662,0.012824781360540272,0.003988552962963668,0.011332034670019296,0.0071868966259951515,0.0034373136044640058,0.0103178235619476,0.020486835147121667,0.003463315329682109,0.007098484482587577,0.015149806676486683,0.007805785838885855,-0,0.015165411224429742,-0,0.007826588965596397,-0,0.004186168495544676,0.009178810053818976,-0,-0,-0,0.010208602007073454,0.009334837826761389,-0,0.017464532459138083,-0,0.004836224887943667,0.0067656401144341426
mecklenburg-vorpommern,2020.8142076502731,0.026719263430534244,-0,0.007967010288569753,-0,0.007457334703679101,0.007420929495915969,0.007524944442861097,-0,0.00763416036108147,-0,0.007296111834213189,0.02225035969135124,0.03719329818918244,0.015513914015330582,-0,0.008128235238132577,0.015862419141904678,0.04064868350975094,0.12628441973603602,0.008065825520937807,0.015446293888200674,0.008206247489956096,0.016793511458363084,0.016668671297279614,0.01774022576753822,0.019035483706049034,0.04112225571382718,0.020107086950389725,-0,0.016080886233149228,0.01632536239969773,0.020798959029094562,0.015030171964474388,0.029476753027064314,0.015160209707930345,0.01014098877854045,0.031204160624072098,0.015602340468103605,0.025876437297627643,0.026812911621896234,-0,0.016226531470558473,0.032874389401630066,0.02289023736628031,0.012939209704444394,0.006828048271176257,0.006952864809371217,0.013407328278878597,0.012164222661305117,0.052973373323284646,0.015285046247583377,0.014697276823043805,0.040825622070337214,0.025652726482471466,0.01995102685164687,0.011332034670019296,0.0035933241507815398,0.020616886536929273,0.00688005512568118,0.003416512233653071,0.013849444135345498,0.010645489603034252,0.022723764367865575,0.007805785838885855,0.0038273408478713415,-0,-0,0.0039157474297410386,0.012034192409766177,0.012554315366835196,-0,0.005283468404741922,0.006162365127346456,0.013339710891068253,0.010208602007073454,0.009334837826761389,-0,0.0116441036060514,0.006027149280045188,0.00967810057519137,0.012918404532277994
mecklenburg-vorpommern,2020.8333333333333,0.00890316213242793,0.016606251329135777,-0,0.007743376508689189,-0,0.014837716700948375,0.007524944442861097,-0,0.00763416036108147,0.007675766485504184,0.007296111834213189,0.037094427590631564,0.02975251002931346,0.02327000588856024,0.032265608213284745,0.024383315895920254,0.0396599202833872,0.08132395903797736,0.008409079892435596,0.02420123085309847,0.03861913719815811,0.016413790232357738,0.016793511458363084,0.04167909887746007,0.044364519721096195,0.028555839295314512,0.020559663885343877,0.030163546765921426,0.008965572854586027,0.040211543764737526,0.01632536239969773,0.020798959029094562,0.03508063051865835,0.02456019911947642,0.03537723139160021,0.035496912924645206,0.02080416110966395,0.02601170476904057,0.031053270323770327,-0,0.0363138768340037,0.016226531470558473,0.04932458601655036,0.028618273609209457,0.025881639886172834,0.04099215303028327,0.04174675312602411,0.04023756388479322,0.048679178106830694,0.052973373323284646,0.010187797927392828,0.019602494322149867,0.00906959089131662,0.017100411461730233,0.0079774118831345,0.015108194571524151,0.010785918538417625,0.034362551200704666,0.02063769478948283,0.006828048271176257,0.017308480290899406,0.03549170937400516,0.026516359594498717,0.019514061066824524,0.0038273408478713415,0.02654237286256396,0.011545281573679298,0.007826588965596397,0.020060268871590133,0.012554315366835196,0.009178810053818976,0.015852015969977255,0.006162365127346456,0.02668804740423121,0.010208602007073454,0.009334837826761389,0.01883781173368375,0.017464532459138083,0.012054997228162716,0.014515225693981677,0.01107197865395119
mecklenburg-vorpommern,2020.8524590163934,0.00890316213242793,0.008305063176946391,-0,0.015487906263722354,-0,0.029684871383974375,0.037635616326503654,0.015238232510093647,0.00763416036108147,0.007675766485504184,0.029185388726731997,0.029674465446346065,0.052078069424449425,0.015513914015330582,0.016127700729256407,0.016252539591597902,0.007930604723981044,0.032515363736050656,0.03364448179872187,0.032270811441104386,0.04634744853782727,0.03283276311046914,0.04199134998980875,0.05001684695268903,0.0532440496296608,0.009516870820243991,0.06169818808960519,0.030163546765921426,0.044838125767242304,0.024123194601358353,0.01632536239969773,0.02600129956643897,0.025054434845209295,0.029476753027064314,0.020211127276417346,0.04057062257147433,0.036407542306165684,0.010401040138686323,0.04658686238227465,0.03217715341996335,0.01556072800101304,0.03786978627534248,0.021917418324447695,0.028618273609209457,0.00646920239273339,0.03415961753844482,0.020866586117123737,0.04023756388479322,0.04258983652944474,0.03177650712264724,0.04586862415577186,0.04410950286751557,0.027213519677689067,0.03848383692712328,0.0319273995216093,0.02644352251313849,0.028763953966498824,0.034362551200704666,0.024081575314979845,0.02390469371950037,0.03808834584568562,0.03904065183776083,0.0340919731603515,0.01561274359008081,0.019144723802626776,0.015165411224429742,0.02308792474410145,0.011742925826227591,0.020060268871590133,0.02092380910645847,0.013771423416938579,0.010567473691689762,0.012325460624785496,0.013339710891068253,0.010208602007073454,0.03734941004332476,0.01883781173368375,0.03494013595879937,0.048231561196436276,0.024196028432675102,0.015992458966601907
mecklenburg-vorpommern,2020.8715846994535,0.00890316213242793,-0,0.015935241403672203,0.007743376508689189,0.007457334703679101,0.02226076414341658,0.022578100931440505,0.015238232510093647,0.061094275472710444,-0,0.029185388726731997,0.02225035969135124,0.052078069424449425,0.007753778058520413,0.032265608213284745,0.024383315895920254,0.06347352355204033,0.08132395903797736,0.05889734218861455,0.0403468485312164,0.023165959442229347,0.008206247489956096,0.008393477371845058,0.03333748413828292,0.026615210082385394,0.009516870820243991,0.06169818808960519,0.010052571612347957,0.035866366351226676,0.008039821494216408,0.01632536239969773,0.01559713890789836,0.01002136558959044,0.009823727880315363,0.030319637517088757,0.025350978535455072,0.026006502167476627,0.02601170476904057,0.031053270323770327,0.037536744886945014,0.01556072800101304,0.032458127989460586,0.021917418324447695,0.05152111489266297,0.051781373277189374,0.061500353873676805,0.013911860794347813,0.02682331698690273,0.012164222661305117,0.03707881646067312,0.020382794269463586,0.02450297212836152,0.018140763933183292,0.029929411517696826,0.01995102685164687,0.02644352251313849,0.014379988124986818,0.017178437175103447,0.04472883168142824,0.006828048271176257,0.03808834584568562,0.024841132534752543,0.026516359594498717,0.007805785838885855,0.030637023489394902,0.007582152752366816,0.0038481423830252345,0.007826588965596397,0.008024219084426654,0.012554315366835196,0.013771423416938579,0.010567473691689762,0.018489286665460354,0.02668804740423121,-0,0.03734941004332476,0.01883781173368375,0.005819125586151741,0.01808354400633923,0.004836224887943667,0.016606251329135777
mecklenburg-vorpommern,2020.8907103825136,0.00890316213242793,0.008305063176946391,0.02390469371950037,0.007743376508689189,0.007457334703679101,0.029684871383974375,0.015050977981575132,0.02286422592514429,-0,0.007675766485504184,0.02188620518059192,0.02225035969135124,0.00743653172469191,0.031032457902916963,0.06454604296545685,0.024383315895920254,0.031724475362465095,0.032515363736050656,0.025231320351662596,0.056492275209413245,0.06180231166345988,0.03283276311046914,0.03359244816939151,0.04167909887746007,0.044364519721096195,0.028555839295314512,0.010276215323515192,0.07041405290036393,0.01793269177375792,0.05631007769819868,0.027213519677689067,0.020798959029094562,0.04510875973030599,0.019649311988794837,0.010104581691902875,0.035496912924645206,0.02080416110966395,0.02080416110966395,0.010349029762614797,0.02144922313386767,0.041502157412759554,0.016226531470558473,0.027395615268772138,0.05152111489266297,0.09712785335583277,-0,0.04174675312602411,0.07379353568186398,0.03650641159870935,0.010588277923271066,0.04586862415577186,0.014697276823043805,0.040825622070337214,0.029929411517696826,0.015961249379015705,0.03778132194850755,0.03235926639374339,0.027489264678203274,0.02752048118548745,0.04440095080227126,0.024237647810652917,0.024841132534752543,0.018936647625938004,0.01561274359008081,0.007660164184941631,0.018957455206140072,0.011545281573679298,0.007826588965596397,0.016044474987537857,0.012554315366835196,0.004591802731076329,0.005283468404741922,0.012325460624785496,-0,0.010208602007073454,0.018671351708199405,0.012559516622681456,0.005819125586151741,0.012054997228162716,0.019358002747831886,0.02337405254308315
mecklenburg-vorpommern,2020.9098360655737,0.00890316213242793,0.008305063176946391,-0,0.030975223788524315,0.007457334703679101,0.014837716700948375,0.015050977981575132,0.05335856695265577,0.02290064194637099,0.030715069517044852,0.014588046069124746,0.037094427590631564,0.022312786434970013,-0,0.016127700729256407,0.008128235238132577,0.007930604723981044,0.04877807073461048,0.03364448179872187,0.09687778730773705,0.030891974280044986,0.06568626990250385,0.008393477371845058,0.04167909887746007,0.044364519721096195,0.03808314203571889,0.06169818808960519,0.030163546765921426,0.026901357290817052,0.040211543764737526,0.04899667615812779,0.0416062405543761,0.04009185138016989,0.03438856839416482,0.02526773803062301,0.025350978535455072,0.05202081214140184,0.02601170476904057,0.020700119597103182,0.03217715341996335,0.01556072800101304,0.010817125020004748,0.021917418324447695,0.01716803373988884,0.04530653159405573,0.020492037196472048,0.03478403133747756,0.02011228896174468,0.03041849523516744,0.015888427080825895,0.020382794269463586,0.02450297212836152,0.04990233698877312,0.04703966984106788,0.027936703073378522,0.02644352251313849,0.05754382760572149,0.027489264678203274,0.030959614495534173,0.010245009166539523,0.031162535669910882,0.03194300910511065,0.026516359594498717,0.035132665637161324,0.007660164184941631,0.015165411224429742,0.011545281573679298,0.01565435609880213,0.008024219084426654,0.008367473181271885,0.03672496543875819,0.010567473691689762,0.006162365127346456,0.013339710891068253,-0,-0,0.01883781173368375,0.029112547906740144,0.024112789776640834,0.00967810057519137,0.04737797683775428
mecklenburg-vorpommern,2020.9289617486338,-0,0.016606251329135777,0.007967010288569753,-0,0.022375213253533068,0.014837716700948375,0.037635616326503654,0.030486134834770095,0.02290064194637099,0.007675766485504184,0.007296111834213189,0.05193752893314606,0.022312786434970013,0.031032457902916963,0.032265608213284745,0.048772865854778136,0.04759657637541308,0.0731894825776581,0.05047488933002163,0.056492275209413245,0.04634744853782727,0.05747094705084208,0.008393477371845058,0.04167909887746007,0.035486505823880056,0.028555839295314512,0.020559663885343877,0.060349806640345754,0.01793269177375792,0.016080886233149228,0.03266105501163332,0.03119895750298265,0.020044662854686982,0.029476753027064314,0.045488690555075595,0.035496912924645206,0.06243226373174797,0.041621853043584414,0.04140848276343457,0.03217715341996335,0.031126113862355444,0.02163650070423713,0.04932458601655036,0.05725230599908168,0.051781373277189374,0.027322776955817422,0.05566458308143208,0.03353000788291687,0.024331291532909555,0.04237646227736401,0.025481042091012415,0.029403911798927086,0.013604979608929159,0.034206448313292746,0.011971778004519644,0.022666539397751102,0.03235926639374339,0.024050360872056205,0.030959614495534173,0.013656993241703807,0.031162535669910882,0.053249254957050386,0.022723764367865575,0.023415671263178877,0.011488068903929045,0.007582152752366816,0.011545281573679298,0.01565435609880213,0.020060268871590133,0.012554315366835196,0.004591802731076329,0.010567473691689762,0.006162365127346456,0.006672028019748792,0.010208602007073454,-0,0.031396676470485545,0.017464532459138083,0.030137531686282654,0.014515225693981677,0.0375315411321785
mecklenburg-vorpommern,2020.948087431694,0.017813050659088257,0.008305063176946391,0.015935241403672203,0.02322838728504327,0.01491573901923189,0.02226076414341658,0.052697493153177975,0.06099015331659387,0.05345226313178637,0.02303590167707203,0.03648559699518292,0.05936066873607134,0.07441321814068014,0.05431635807494059,0.0887721308530709,0.032510160483754776,0.06347352355204033,0.08946491714568897,0.067315952718758107,0.032270811441104386,0.06180231166345988,0.05747094705084208,0.0251897001783634,0.05001684695268903,0.07988653260808785,0.06665990812694618,0.05140660161613226,0.040221951811198545,0.035866366351226676,0.08045941519100001,0.08168853002906401,0.07803772732319612,0.07017973635041655,0.06880510052419161,0.045488690555075595,0.0862458830932788,0.06243226373174797,0.06764918488756276,0.056945168931505814,0.05363445063004696,0.05707531153526481,0.07577237947852171,0.08223018307845462,0.0916318872405718,0.05825702128331127,0.06834168981839103,0.06959134611290509,0.09393439191603485,0.04258983652944474,0.05827263877255994,0.08667820132517381,0.07353837446288515,0.018140763933183292,0.08127187767647293,0.0678678696588728,0.06045913356343741,0.05754382760572149,0.07906888385400809,0.05505553502384215,0.06832606930474815,0.05887651862049956,0.053249254957050386,0.06820631218940007,0.035132665637161324,0.06512916959956115,0.03792182418496114,0.015389076926233536,0.027400818009318758,0.04012827946804521,0.012554315366835196,0.013771423416938579,0.02114229746315074,0.030824334152540277,0.013339710891068253,0.010208602007073454,0.009334837826761389,0.03768245023190793,0.04076317309785119,0.030137531686282654,0.0532440496296608,0.06399936768481014
mecklenburg-vorpommern,2020.967213114754,0.026719263430534244,-0,0.03984726345103573,0.015487906263722354,0.03729216897572205,0.014837716700948375,0.015050977981575132,0.06099015331659387,0.06873741106241538,0.015352666165034902,0.06568626990250385,0.06678486836345532,0.052078069424449425,0.015513914015330582,0.05647145260439263,0.048772865854778136,0.08729282861323055,0.11389023000002708,0.05047488933002163,0.09687778730773705,0.08500103500690134,0.04925692190819183,0.050396813639544125,0.058355932127749074,0.10653746234047477,0.05713257438410331,0.10286928379782258,0.040221951811198545,0.06278628973123314,0.0643586107932253,0.04899667615812779,0.06762315104747209,0.06516561523131832,0.06880510052419161,0.06571750934855326,0.04057062257147433,0.057226277363680585,0.08327704775035202,0.06212509606741109,0.08584481999560141,0.05707531153526481,0.08118854760656438,0.04383887410502002,0.06297892253760838,0.05825702128331127,0.08886068196997912,0.09745606686894401,0.06708165012867968,0.08521458423463446,0.052973373323284646,0.05607061908289262,0.06863327360096325,0.06806052129079893,0.09839904102770188,0.05189068218712208,0.03778132194850755,0.05754382760572149,0.05842881392298998,0.058496489967176095,0.07516309586495688,0.05887651862049956,0.024841132534752543,0.04925171698042343,0.035132665637161324,0.026807708940176676,0.007582152752366816,0.0384890407771948,0.04306342641232404,0.028087584330481093,0.03766683892542164,0.04132001241623831,0.02114229746315074,0.018489286665460354,0.04671177439087063,0.04084123432517421,0.03734941004332476,0.01883781173368375,0.05241640920217346,0.042199518439718905,0.024196028432675102,0.07878244943324356
mecklenburg-vorpommern,2020.9863387978141,-0,0.008305063176946391,0.007967010288569753,0.015487906263722354,0.03729216897572205,0.014837716700948375,0.022578100931440505,0.030486134834770095,0.015269441663739312,0.030715069517044852,0.02188620518059192,0.029674465446346065,0.044635151219282354,0.02327000588856024,0.032265608213284745,0.008128235238132577,0.0396599202833872,0.09760714997602578,0.07573592641197192,0.016132902342539803,0.10046739230283125,0.05747094705084208,0.050396813639544125,0.04167909887746007,0.026615210082385394,0.04760698590012272,0.04112225571382718,0.08048024740385135,0.07176269534831511,0.008039821494216408,0.07623585640976134,0.06762315104747209,0.04510875973030599,0.04421879565162494,0.05560211628569136,0.06594139259443992,0.0468158679605777,0.05723668881627874,0.04658686238227465,0.037536744886945014,0.05707531153526481,0.032458127989460586,0.09869079340247063,0.05152111489266297,0.051781373277189374,0.09570040915811089,0.09049109124681465,0.02682331698690273,0.06694106908137669,0.06887799696618647,0.08667820132517381,0.05882445973669459,0.06352038073420105,0.04276157741708412,0.06387441414189873,0.04155940311487037,0.046748207116564654,0.05155234583003042,0.030959614495534173,0.051234832174164024,0.03808834584568562,0.04969413770041382,0.03788019385310015,0.039035447932492855,0.026807708940176676,0.034128397045318004,0.026937776139390295,0.039144730052542265,0.016044474987537857,0.05023025255831755,0.01835924059664533,0.010567473691689762,0.024653843422593164,0.020013450834937278,0.010208602007073454,0.03734941004332476,0.012559516622681456,0.029112547906740144,0.012054997228162716,0.029034504284252208,0.07139298679571786
mecklenburg-vorpommern,2021.0054794520547,0.017813050659088257,0.008305063176946391,-0,0.015487906263722354,0.022375213253533068,0.014837716700948375,0.015050977981575132,0.02286422592514429,0.00763416036108147,0.007675766485504184,0.007296111834213189,0.02225035969135124,0.03719329818918244,0.015513914015330582,0.04033123642481093,-0,0.031724475362465095,0.04064868350975094,0.05047488933002163,0.08071981845149145,0.0772669772098581,0.07390289087328418,0.05879843031433917,0.05001684695268903,0.12431929016019452,0.03808314203571889,0.04112225571382718,0.020107086950389725,0.053811433382442334,0.11267598762643342,0.07623585640976134,0.10407287635934666,0.05012094713870531,0.06880510052419161,0.09101720866406612,0.09132454704407436,0.057226277363680585,0.062442676226742266,0.06212509606741109,0.0751058131573207,0.07265313096131482,0.06493652882749508,0.054805671217633675,0.08016776508739175,0.06473347581328352,0.061500353873676805,0.04870520246433173,0.06708165012867968,0.07912617092749999,0.08478748665615642,0.07137215822308132,0.06863327360096325,0.09076717200003417,0.0555969107227635,0.05588321745748403,0.0907150811796932,0.07553803878230204,0.05842881392298998,0.06883113495602729,0.06491049634546199,0.06580602121427444,0.04259504079043646,0.030304028420884612,0.05075075770857362,0.03446662005265436,0.02654237286256396,0.034638334113721636,0.027400818009318758,-0,0.02092380910645847,0.022952664878080786,0.04757575733223368,0.024653843422593164,0.03336350081887554,0.04084123432517421,0.08407392901590731,0.06281752743514266,0.029112547906740144,0.03616817532375723,0.0580904350232147,0.12068634164922915
mecklenburg-vorpommern,2021.0246575342467,0.035621798296288906,0.017412515017688462,0.04090888748364255,0.04703966984106788,0.04601955745251443,0.044125116108322,0.029367491223124625,0.007457334703679101,0.030199967899287996,0.022770584844805403,0.02279659623909453,0.036090121111204534,0.014707679763955503,0.037031983098929425,0.04618090042659279,0.05610705836626599,0.06477512764899426,0.1026504517796515,0.13706528458174713,0.06568626990250385,0.07160648014625393,0.1385251479642998,0.08150624421401778,0.10790788520609547,0.09980571934330036,0.11497421281108375,0.056997225933924964,0.1220206519265565,0.0889127709327201,0.08861586454402241,0.18219400693960086,0.13456797046225394,0.08225622423259621,0.05933463904530671,0.1212179767971709,0.09987344925943807,0.0750172854605448,0.08228747363477122,0.11317627289526799,0.0870011401809531,0.06873741106241538,0.08204268715363666,0.11819502582285103,0.07591298440317037,0.06787828324235139,0.10932003172049469,0.13573580180211064,0.1101850555367247,0.07308533619992695,0.13846779541512313,0.1265450525786376,0.1064488811165782,0.09242889655230552,0.1308404699938429,0.11079474964295992,0.07541305750946604,0.08656881926420214,0.06813341668900867,0.0720074334417589,0.08598545215820828,0.09563268467712954,0.0694038957542062,0.06389003331834017,0.04534296333520837,0.03499217093670725,0.022994283260921688,0.015196620334369833,0.05408731946251298,0.03552813423943771,0.004045757382003803,0.05487854803709117,0.0603393945644198,0.042959340353967965,0.03130822315525011,0.05408731946251298,0.041601036392344484,0.03835374084466644,0.08349058989825626,0.06557172542756004,0.1122017633256525,0.13215940115239436
mecklenburg-vorpommern,2021.0438356164384,0.00890316213242793,0.05226025210813225,0.01636177384199741,0.015675162365650305,0.02300468786183651,0.007353319891966888,0.029367491223124625,0.029835757713583645,0.015097791550486543,0.030361261796526377,0.02279659623909453,0.036090121111204534,0.029424723567983084,0.014811709287531545,0.04618090042659279,0.04809103110070469,0.03238007934564396,0.0552481391938897,0.09671628695746452,0.04925692190819183,0.07957405385939284,0.07691285260967541,0.08966285778172967,0.08298538184322862,0.09148603064965855,0.03535121370347708,0.04749248124286842,0.10166050891776135,0.11858591476293852,0.07974591693880385,0.08705322728099753,0.12917751751822368,0.08225622423259621,0.05933463904530671,0.08724595000483759,0.06989335088990568,0.06500941984650686,0.06170339426334358,0.05141180675959203,0.0511619604611091,0.08990768013701472,0.0563933679098293,0.10206169401694025,0.07048695159790687,0.05655994873331235,0.11575594520826318,0.0474664574922946,0.06883634184396203,0.09968588970777773,0.10230657475455913,0.10015478985539618,0.1166002293973075,0.10216589844519063,0.09471580807655658,0.07667850677380966,0.07938135956703776,0.06773770004135177,0.06813341668900867,0.09602861366157744,0.061896023058197525,0.07854288731114403,0.08329267275582708,0.0603393945644198,0.06046433961313049,0.023327231522781853,0.038327721667228073,0.03040288610928866,0.019311185343457573,0.01973254350024748,0.052624619390358916,0.04220992688409012,0.03712044615096944,0.03221877918631392,0.04383887410502002,0.027036627428381574,0.052005196529690705,0.0959400503375237,0.06421283068189924,0.04171552807728913,0.08724595000483759,0.18188091280082513
mecklenburg-vorpommern,2021.0630136986301,-0,0.043547429320547955,0.032723494254699385,0.015675162365650305,0.030673444954389232,0.02205787770365149,0.036709354419722846,0.007457334703679101,0.007545747457218475,0.015175814258995226,0.015196620334369833,0.02886801161443303,0.036782205881992124,0.007405327271815587,0.030782709502421277,0.024039956061912178,0.03238007934564396,0.08684487919384784,0.0725177421074043,0.07390289087328418,0.10346847141764806,0.09230908391482653,0.05703887157338245,0.09129329221059361,0.08316246452030551,0.10612061083790783,0.037989473545315997,0.06097453501116142,0.03949859754097675,0.053150353825698535,0.11082601620008097,0.06455124942433245,0.0771107454713215,0.06922685992477257,0.048455369169999596,0.08488123948264159,0.029991847480813384,0.07199181182690818,0.05141180675959203,0.046040375872653166,0.0740278685165099,0.07177831689433581,0.0375783749438473,0.07591298440317037,0.07919908183957577,0.07071085537936625,0.06782100855902352,0.09639849741018444,0.1329570318803645,0.1203840417342322,0.09488251171055469,0.09629951417737304,0.058355932127749074,0.08568335390756554,0.06815424396440914,0.07541305750946604,0.06773770004135177,0.07531411421483962,0.07887098354028188,0.05845484316033447,0.05462347961583888,0.06593097939883816,0.06744091453181349,0.056684884701124,0.027213519677689067,0.0344926372981892,0.03800508494866891,0.030897177370417774,0.011841748234208584,0.024284469650704445,0.008440284947649665,0.03247894098093046,0.03758878246328038,0.012523107842706004,0.0338005829991347,0.020793756949039816,0.0863396385491972,0.06421283068189924,0.02979413385479236,0.02491396737165714,0.1351518828537447
mecklenburg-vorpommern,2021.0821917808219,0.017807848877735198,-0,0.02453938929723972,-0,0.007665364951277586,0.007353319891966888,0.051401396473187734,0.022375213253533068,0.007545747457218475,0.015175814258995226,0.03800508494866891,0.014432002532979334,0.029424723567983084,0.02221914634764591,0.06158365239916939,0.0320522763208387,0.016184918503956883,0.06314552445914219,0.04833565780850496,0.03283276311046914,0.07957405385939284,0.015373472311165294,0.032588209322815184,0.04977741731572269,0.06651932821980877,0.026511156942443794,0.028488202206517804,0.03047572873679638,0.07902722056748043,0.044291657635310795,0.06329650791158187,0.06455124942433245,0.041111847487164524,0.05438402876712825,0.07754819552210056,0.044921397605859885,0.029991847480813384,0.05655994873331235,0.05655994873331235,0.07676182961667354,0.05815811062701455,0.046134058866414286,0.06443670744955138,0.08133958345659757,0.05655994873331235,0.0771419917814787,0.06103700826104871,0.08261559349146803,0.07973550097842748,0.07219489318598031,0.05796028987884152,0.1013739500276297,0.10216589844519063,0.049590038368828596,0.06389003331834017,0.055555266238123804,0.0602092437912557,0.05737203788974646,0.051422217048080456,0.041257562850015805,0.04096613253263839,0.055513621786841084,0.056788998236937824,0.0340035152602333,0.023327231522781853,0.030657835751980618,0.022801798519511415,0.03476321742337538,0.007894199184880109,0.012138216584987522,0.004217371016703511,0.009277627588990575,0.03758878246328038,0.012523107842706004,0.013516556552617548,0.052005196529690705,0.05754382760572149,0.03852026388854272,0.0476798526314774,0.0685395500639722,0.099836979293634
mecklenburg-vorpommern,2021.1013698630136,0.017807848877735198,0.02612616213506999,0.01636177384199741,0.015675162365650305,0.030673444954389232,0.0367665948457725,0.02202146227260865,0.029835757713583645,0.02264573033332204,0.030361261796526377,0.02279659623909453,0.014432002532979334,0.014707679763955503,0.007405327271815587,0.015389076926233536,0.01602366857291963,0.03238007934564396,0.06314552445914219,0.04833565780850496,0.08212081037348454,0.08753763981035662,0.08461039844509344,0.048887373331493345,0.058074817588694115,0.04988151702242479,0.03535121370347708,0.07601192883730809,0.020315167810612492,0.06914354915477613,0.08861586454402241,0.11874748304976605,0.07531411421483962,0.06682131515566767,0.06922685992477257,0.04360467727429517,0.0599020892581348,0.04499946507567004,0.08743346469198537,0.05655994873331235,0.046040375872653166,0.0846156069132787,0.03587677352801609,0.04832004330340712,0.0162577412173633,0.033925464296857395,0.03855669087547414,0.04068511198771174,0.05506074053256903,0.03320740093055818,0.07822000097974716,0.05796028987884152,0.03546048808108249,0.014582844610372604,0.07214802818656514,0.07241359707503497,0.0913037104863332,0.07150233693893229,0.06813341668900867,0.06171380661238985,0.048137874423750476,0.03072027258971668,0.03816119923994037,0.049683727757877404,0.03778132194850755,0.023327231522781853,0.022994283260921688,0.015196620334369833,0.019311185343457573,0.02368099138687019,0.036428356878448344,0.0211006805625262,0.013917062185983183,0.0161068942813376,0.025044029834155674,0.027036627428381574,0.041601036392344484,0.009584483237263443,0.01925396412869344,0.0476798526314774,0.05607061908289262,0.07650144617602236
mecklenburg-vorpommern,2021.1205479452055,0.017807848877735198,0.008705528673083116,0.04090888748364255,0.04703966984106788,0.015337061560893114,0.044125116108322,0.02202146227260865,0.01491573901923189,0.02264573033332204,0.030361261796526377,0.03040288610928866,0.007218100947794619,0.007353319891966888,0.02962763875278517,0.015389076926233536,0.024039956061912178,0.04857508080708737,0.0473519531444791,0.03221877918631392,0.04104419406464036,0.0318129293857595,0.06152117849254182,0.016288950982899834,0.016585444689736547,0.04156460727272956,-0,0.018993868491525404,0.05080801359317855,0.05926175598047561,0.053150353825698535,0.0474664574922946,0.04302179196398028,0.035970438212844374,0.019768957328396883,0.024222040540008326,0.04991274697507328,0.05000123194276317,0.04112745982793685,0.02569954959670604,0.0511619604611091,0.05815811062701455,0.051260857810715175,0.03220837274160241,0.06506148492264703,0.022614516752292035,0.05141701190357862,0.06103700826104871,0.04817430814862606,0.0464983832243906,0.05413937360402129,0.0685083089225121,0.07601192883730809,0.05348870058037232,0.05861101885799315,0.04258463226897965,0.04761739542692194,0.03385782022336224,0.046607681029531826,0.04799213977951416,0.04469760484195881,0.03413360045953551,0.041632261372329366,0.039035447932492855,0.022666539397751102,0.031105301412347252,0.022994283260921688,0.03040288610928866,0.01158689082757279,0.011841748234208584,0.020231935366603407,0.0211006805625262,0.03247894098093046,0.03221877918631392,0.012523107842706004,0.020278753599968627,0.020793756949039816,0.03835374084466644,0.01283518392685368,0.0476798526314774,0.04360467727429517,0.050792398345672556
mecklenburg-vorpommern,2021.1397260273973,0.00890316213242793,0.02612616213506999,0.05728354037876429,0.031355051362219034,0.02300468786183651,0.0367665948457725,0.02202146227260865,0.007457334703679101,0.015097791550486543,0.022770584844805403,0.015196620334369833,0.014432002532979334,0.036782205881992124,-0,0.030782709502421277,0.01602366857291963,0.008091829560669015,0.0394569659467587,0.04027399207474618,0.016413790232357738,0.0318129293857595,0.07691285260967541,0.06519164784106478,0.04977741731572269,0.04988151702242479,0.07072647660939649,0.04749248124286842,0.10166050891776135,0.05926175598047561,0.044291657635310795,0.06329650791158187,0.05378540646930918,0.035970438212844374,0.03460190987156911,0.05330130825963373,0.03493493246386896,0.06500941984650686,0.07199181182690818,0.030839943404922184,0.025574688052447232,0.037000760881198386,0.030751491036697904,0.0375783749438473,0.03252056698886141,0.03958706478935528,0.03855669087547414,0.0474664574922946,0.04817430814862606,0.05978755752373633,0.05413937360402129,0.04741961477407348,0.050662271465457084,0.02916977997100291,0.05861101885799315,0.029804539816368044,0.04761739542692194,0.052676672067664077,0.046607681029531826,0.03427409284030171,0.03437816151521754,0.03413360045953551,0.024279267221947544,0.035486505823880056,0.06046433961313049,0.04277198597395902,0.019160329549446378,0.022801798519511415,0.030897177370417774,0.02368099138687019,0.024284469650704445,0.008440284947649665,0.023197173354265063,0.010739108851154384,0.03130822315525011,0.020278753599968627,0.09364787559930021,0.019175935300943654,0.0064171959491335275,0.08346454812595354,0.04360467727429517,0.06812820987145908
mecklenburg-vorpommern,2021.158904109589,-0,0.06969548549304873,0.049095569389721865,0.039196769238044674,0.015337061560893114,0.044125116108322,0.014681672415575582,0.022375213253533068,0.03775009928085571,0.022770584844805403,0.015196620334369833,0.021652107198883212,0.007353319891966888,0.014811709287531545,0.015389076926233536,0.0320522763208387,0.040476949600232785,0.015779193824760788,0.06445753324438144,0.090340028813601,0.06364533342638877,0.05382704953657054,0.048887373331493345,0.04977741731572269,0.04988151702242479,0.053035836961240784,0.009496067017308214,0.06097453501116142,0.02962243578944013,0.053150353825698535,0.05538348309152563,0.04302179196398028,0.05139098618886756,0.02965885654380517,0.04360467727429517,0.03992532330342692,0.05500347996520514,0.030839943404922184,0.04112745982793685,0.05627884390323163,0.05286926742676946,0.03587677352801609,0.0536917096899088,0.010837929351467157,0.028269682982428317,0.03855669087547414,0.027119870764864957,0.08261559349146803,0.07973550097842748,0.042100638322103624,0.0685083089225121,0.04559278167644049,0.014582844610372604,0.05861101885799315,0.05536786646997115,0.05158357678615503,0.06397333567194446,0.06454604296545685,0.041132663942573124,0.04469760484195881,0.03072027258971668,0.03469036878963116,0.03193780591009149,0.03022598301016301,0.03499217093670725,0.038327721667228073,0.011399649447227923,0.019311185343457573,0.015789596982119347,0.008091829560669015,0.0211006805625262,0.013917062185983183,0.03221877918631392,0.01878059103982105,0.006760439438083146,0.020793756949039816,0.019175935300943654,0.01925396412869344,0.04171552807728913,0.02491396737165714,0.03465394451102432
mecklenburg-vorpommern,2021.1780821917807,0.017807848877735198,0.06097453501116142,0.07365814385873078,0.05488375352810062,0.02300468786183651,0.0588400773963666,0.051401396473187734,0.01491573901923189,0.015097791550486543,0.007587353510900485,0.02279659623909453,0.04330802946955082,0.029424723567983084,0.04444258635487082,0.02308792474410145,-0,0.016184918503956883,0.03156317723674844,0.04027399207474618,0.20555092660383242,0.02385787222141106,0.05382704953657054,0.08150624421401778,0.041476136659910255,0.08316246452030551,0.008835550601276452,0.056997225933924964,0.040643479443550776,0.07902722056748043,0.03542926680690537,0.0474664574922946,0.032265608213284745,0.05653392044446876,0.05438402876712825,0.048455369169999596,0.04991274697507328,0.060006209235587846,0.04112745982793685,0.06684734859432158,0.04092449976348459,0.05815811062701455,0.025626713659452495,0.0536917096899088,0.04336527715973789,0.028269682982428317,0.03213032447265111,0.06782100855902352,0.08950658879592559,0.07308533619992695,0.06617569004677477,0.04741961477407348,0.04559278167644049,0.0632236192936038,0.04057062257147433,0.06389003331834017,0.05158357678615503,0.048913397793183974,0.025090852400289885,0.06514478915290234,0.055013890972763727,0.03072027258971668,0.03121976999047574,0.039035447932492855,0.02644352251313849,0.027213519677689067,0.02682331698690273,0.011399649447227923,0.003863743539848575,0.02368099138687019,0.008091829560669015,-0,0.018556910749782825,0.021475233867200415,0.025044029834155674,0.006760439438083146,-0,0.009584483237263443,0.01925396412869344,0.02979413385479236,0.037375428731245226,0.03883769991810394
mecklenburg-vorpommern,2021.1972602739727,-0,0.06969548549304873,0.10643324915155694,0.015675162365650305,0.03834333317212995,0.044125116108322,0.036709354419722846,0.007457334703679101,0.02264573033332204,0.060740260992557096,0.04560839536261467,0.02886801161443303,0.007353319891966888,0.02962763875278517,0.015389076926233536,0.008013817480499029,0.03238007934564396,0.0394569659467587,0.06445753324438144,0.024622628636147927,0.055685405363356553,0.06152117849254182,0.05703887157338245,0.041476136659910255,0.07484023051912941,0.04419277353933138,0.018993868491525404,0.09148603064965855,0.02962243578944013,0.053150353825698535,0.031641224654456436,0.05916804933293734,0.05653392044446876,0.05438402876712825,0.04360467727429517,0.05490978099098171,0.04499946507567004,0.030839943404922184,0.07199181182690818,0.035809126916119094,0.03171406901667513,0.02049723924633706,0.04832004330340712,0.03252056698886141,0.028269682982428317,0.057845762421236395,0.06103700826104871,0.06883634184396203,0.0464983832243906,0.060157183573205764,0.07905326011764907,0.07093996722349269,0.0632236192936038,0.04057062257147433,0.051104704186781126,0.04761739542692194,0.03762000503407771,0.050199022414988075,0.04799213977951416,0.06533743069649886,0.04779435770133283,0.03121976999047574,0.024835930050308833,0.02644352251313849,0.03888453490618025,0.022994283260921688,0.003801338940633584,0.015446293888200674,0.01973254350024748,0.012138216584987522,0.025319763330527854,0.009277627588990575,0.02684933040852547,0.03130822315525011,0.013516556552617548,0.03119895750298265,0.009584483237263443,0.025673536750258193,0.02383186029624033,0.03114172320532524,0.03345716097679191
mecklenburg-vorpommern,2021.2164383561644,0.026714060758184326,0.08713135802889697,0.049095569389721865,0.06272381437970986,0.015337061560893114,0.01470247829323662,0.044057458765341895,0.01491573901923189,0.05285885684858066,0.04554594064604145,0.02279659623909453,0.04330802946955082,0.029424723567983084,0.037031983098929425,0.053884308808504644,0.0320522763208387,0.040476949600232785,0.02367058665063396,0.08058440859328925,0.07390289087328418,0.02385787222141106,0.046134058866414286,0.0978207509798681,0.041476136659910255,0.06651932821980877,0.03535121370347708,0.04749248124286842,0.1220206519265565,0.03949859754097675,0.07974591693880385,0.08705322728099753,0.06455124942433245,0.04625376515961794,0.04943909470819803,0.0629997477486094,0.03493493246386896,0.05000123194276317,0.030839943404922184,0.05141180675959203,0.07676182961667354,0.06873741106241538,0.046134058866414286,0.04832004330340712,0.0596365842592678,0.045244077240029615,0.019274771835868773,0.0474664574922946,0.04129399175452825,0.07308533619992695,0.042100638322103624,0.07905326011764907,0.050662271465457084,0.09729456472265173,0.08568335390756554,0.05962617232615096,0.03570505537734031,0.09033481977200979,0.05737203788974646,0.05828305043466297,0.061896023058197525,0.05120880655063852,0.05898584244613095,0.049683727757877404,0.02644352251313849,0.03888453490618025,0.06133375722299118,0.011399649447227923,0.015446293888200674,0.02762973910857567,0.020231935366603407,0.016876738398920378,0.009277627588990575,0.0161068942813376,0.006261176930416317,0.020278753599968627,0.010395839098741123,0.04795050138474914,0.051364960487188,0.02383186029624033,0.06230731395444627,0.03943094621730098
mecklenburg-vorpommern,2021.2356164383561,0.035621798296288906,0.11330134496454394,0.049095569389721865,0.05488375352810062,0.09975882945303777,0.11774681012124553,0.06609759077869493,0.06715975087473644,0.060412279139683035,0.060740260992557096,0.06842499930371328,0.05775205832535933,0.08095418250088604,0.06668073481217855,0.015389076926233536,0.04809103110070469,0.040476949600232785,0.08684487919384784,0.06445753324438144,0.06568626990250385,0.055685405363356553,0.05382704953657054,0.05703887157338245,0.08298538184322862,0.06651932821980877,0.026511156942443794,0.06650370825358362,0.09148603064965855,0.0889127709327201,0.10635508939692712,0.1029005455898759,0.09685173883022011,0.11828362705840699,0.08902215792430739,0.08239684669028861,0.1048752868775135,0.0800219406490001,0.08228747363477122,0.0771419917814787,0.08188123287121268,0.07931886427421345,0.07177831689433581,0.06443670744955138,0.09219448078076808,0.062218808043848675,0.0771419917814787,0.04068511198771174,0.11707970553354752,0.03320740093055818,0.060157183573205764,0.08432914193765323,0.06586850026902422,0.09242889655230552,0.06763356458194314,0.09799788418514002,0.07938135956703776,0.05644021871249564,0.08249059520669101,0.05828305043466297,0.0515731664653627,0.07170541638640342,0.08329267275582708,0.06389003331834017,0.0529057044668407,0.06222922049610063,0.04215788468306782,0.034206448313292746,0.050219842508455105,0.04342772925727946,0.020231935366603407,0.03798426974524372,0.027837850073342565,0.03221877918631392,0.056367339704360815,0.020278753599968627,-0,0.028763953966498824,0.06421283068189924,0.02979413385479236,0.02491396737165714,0.0430165876602783
mecklenburg-vorpommern,2021.2547945205479,0.017807848877735198,0.10457307886521558,0.04090888748364255,0.07841789881599084,0.09207466868340211,0.08828770682357254,0.10285365290883798,0.05969384992867296,0.060412279139683035,0.09873768232966974,0.0912568282619455,0.021652107198883212,0.029424723567983084,0.059266961910287234,0.02308792474410145,0.05610705836626599,0.05667447335900759,0.0473519531444791,0.04833565780850496,0.07390289087328418,0.06364533342638877,0.06921644607122289,0.08150624421401778,0.07468400607146662,0.05819975719620943,0.053035836961240784,0.08551667976192585,0.03047572873679638,0.06914354915477613,0.06201576564167941,0.126675369489819,0.07531411421483962,0.11313458227236556,0.07912617092749999,0.07269478914112995,0.07488709794495582,0.0800219406490001,0.09773218460350211,0.10287970439308737,0.06651932821980877,0.06873741106241538,0.06152117849254182,0.07518392595610716,0.08133958345659757,0.062218808043848675,0.044983851572334116,0.0813968730317115,0.08950658879592559,0.06643602178750846,0.06617569004677477,0.07378312091372245,0.055732255528174776,0.07782420756668122,0.07214802818656514,0.03832251783330617,0.0913037104863332,0.06773770004135177,0.046607681029531826,0.06857599808606185,0.055013890972763727,0.09221531769544673,0.06593097939883816,0.049683727757877404,0.03022598301016301,0.031105301412347252,0.030657835751980618,0.03800508494866891,0.01158689082757279,0.02762973910857567,0.016184918503956883,0.0211006805625262,0.009277627588990575,0.02684933040852547,0.006261176930416317,0.027036627428381574,0.03119895750298265,0.028763953966498824,0.04494221558635023,0.02979413385479236,0.037375428731245226,0.031063676537320735
mecklenburg-vorpommern,2021.2739726027398,0.04453106201483111,0.10457307886521558,0.10643324915155694,0.039196769238044674,0.03834333317212995,0.08092293389993609,0.08079793968392537,0.12693079158310325,0.07552762366475863,0.09873768232966974,0.10648014506072405,0.05053214491087551,0.05886610683956913,0.06668073481217855,0.0692893430898671,0.08017297311061496,0.05667447335900759,0.11846082998241507,0.0725177421074043,0.05747094705084208,0.055685405363356553,0.07691285260967541,0.07335090987536651,0.06637874869272248,0.10813195017451281,0.07957405385939284,0.056997225933924964,0.16275443646424062,0.049376635390588064,0.09748732540680877,0.09497628273953139,0.06455124942433245,0.11828362705840699,0.08902215792430739,0.08724595000483759,0.08488123948264159,0.0900326962523712,0.11317627289526799,0.10287970439308737,0.04092449976348459,0.09520029199324134,0.10257229771062815,0.06443670744955138,0.12477277500932632,0.09618490224845194,0.06427530782242645,0.12893772311585758,0.08261559349146803,0.07973550097842748,0.060157183573205764,0.08960555909907471,0.07093996722349269,0.10703768855455963,0.049590038368828596,0.06389003331834017,0.03570505537734031,0.07150233693893229,0.035850755589945056,0.06171380661238985,0.10664688641362086,0.05804358273371855,0.08676674887638547,0.0781002210763206,0.0529057044668407,0.046664932352484825,0.07284059303329125,0.041809203279738597,0.050219842508455105,0.04737797683775428,0.040476949600232785,0.06755025636457214,0.013917062185983183,0.03221877918631392,0.056367339704360815,0.0338005829991347,0.03119895750298265,0.06713892399765096,0.01925396412869344,0.05363965599652256,0.0685395500639722,0.026287443396635506
mecklenburg-vorpommern,2021.2931506849316,0.00890316213242793,0.09585148716430554,0.0900431142755516,0.04703966984106788,0.10743891514151181,0.11037786401112099,0.07344464208464464,0.10450534282753947,0.15873282395631447,0.12154634239798935,0.11409347505589137,0.05775205832535933,0.10305685483208529,0.10376546262319207,0.0692893430898671,0.14440151258411563,0.09719557978414188,0.08684487919384784,0.11285317144201422,0.17260896264795755,0.11940418512443166,0.09230908391482653,0.10597992421001103,0.17442461111788934,0.11645951441385155,0.1504037026901864,0.056997225933924964,0.13220110703110985,0.0889127709327201,0.08861586454402241,0.14252955506014303,0.08069898614266309,0.10283802202455772,0.09892523846125219,0.09210071476804561,0.114875194212675,0.08502707754869913,0.06684734859432158,0.09257996505390262,0.08188123287121268,0.08990768013701472,0.0563933679098293,0.09130891962498865,0.10848107658438018,0.09052234559813248,0.14151278186205418,0.06782100855902352,0.08950658879592559,0.05978755752373633,0.1083351727250041,0.1318257553268629,0.07601192883730809,0.07782420756668122,0.10825701011159568,0.11505759704020198,0.08732928978230901,0.0790376363859843,0.09326238340952298,0.06857599808606185,0.055013890972763727,0.0887929663964249,0.07635042437785693,0.06744091453181349,0.0755901144013099,0.046664932352484825,0.04599353443906463,0.05701804874948457,0.07341860534289867,0.04737797683775428,0.04857508080708737,0.025319763330527854,0.04176756983559749,0.069830866999032,0.05010012708483459,0.0473259294642334,0.062411438748014386,0.028763953966498824,0.03852026388854272,0.0596053484661716,0.08724595000483759,0.0430165876602783
mecklenburg-vorpommern,2021.3123287671233,0.05344185243687919,0.10457307886521558,0.07365814385873078,0.09411672130318598,0.0843968516985602,0.11037786401112099,0.08814706843446984,0.0746267238915885,0.060412279139683035,0.030361261796526377,0.0760327592684856,0.07942823108594334,0.044140729353822156,0.07409556486533744,0.06158365239916939,0.08017297311061496,0.03238007934564396,0.08684487919384784,0.10478149799608825,0.18084249740181302,0.08753763981035662,0.09230908391482653,0.07335090987536651,0.09960253012418849,0.09980571934330036,0.07957405385939284,0.06650370825358362,0.010156591823478004,0.14827600086660325,0.07088268916782356,0.08705322728099753,0.06455124942433245,0.10283802202455772,0.09397606714815931,0.0629997477486094,0.08988163515081445,0.06500941984650686,0.08228747363477122,0.06170339426334358,0.06651932821980877,0.08990768013701472,0.12311522888913659,0.04832004330340712,0.10848107658438018,0.07919908183957577,0.09001186021227783,0.06782100855902352,0.11707970553354752,0.05978755752373633,0.05413937360402129,0.1265450525786376,0.1064488811165782,0.08755847485907618,0.06312469918975974,0.08520416717878863,0.07938135956703776,0.1204830708231751,0.07531411421483962,0.08573023110728034,0.048137874423750476,0.07854288731114403,0.0694038957542062,0.06744091453181349,0.02644352251313849,0.019436031848784455,0.057496975808713074,0.049413069983410385,0.05408731946251298,0.07108055908217388,0.04857508080708737,0.046430722793477666,0.027837850073342565,0.042959340353967965,0.062635307760211,0.013516556552617548,0.010395839098741123,0.06713892399765096,0.025673536750258193,0.02979413385479236,0.037375428731245226,0.03883769991810394
mecklenburg-vorpommern,2021.331506849315,0.026714060758184326,0.02612616213506999,0.08184998371316704,0.015675162365650305,0.03834333317212995,0.06620172316219711,0.06609759077869493,0.08209476928716274,0.05285885684858066,0.060740260992557096,0.03800508494866891,0.09388229792284143,0.05886610683956913,0.059266961910287234,0.0692893430898671,0.08017297311061496,0.06477512764899426,0.06314552445914219,0.09671628695746452,0.06568626990250385,0.11143571782159191,0.08461039844509344,0.07335090987536651,0.041476136659910255,0.06651932821980877,0.04419277353933138,0.08551667976192585,0.09148603064965855,0.0889127709327201,0.07974591693880385,0.07121594419424157,0.1076265026598069,0.07196577581259352,0.06428051425418921,0.07754819552210056,0.09487730221389973,0.0800219406490001,0.06170339426334358,0.08743346469198537,0.04092449976348459,0.0846156069132787,0.11797612929986713,0.06981003905209797,0.0596365842592678,0.08486040550659285,0.0771419917814787,0.09497628273953139,0.05506074053256903,0.07308533619992695,0.06617569004677477,0.036875872197746386,0.09629951417737304,0.058355932127749074,0.0811729232333258,0.04258463226897965,0.08732928978230901,0.1054067604008917,0.06095891671041996,0.04799213977951416,0.06877906610539038,0.05120880655063852,0.041632261372329366,0.05323884430278651,0.04534296333520837,0.027213519677689067,0.0344926372981892,0.034206448313292746,0.050219842508455105,0.02762973910857567,0.020231935366603407,0.033764159343787806,0.023197173354265063,0.02684933040852547,0.05010012708483459,0.027036627428381574,0.010395839098741123,0.04795050138474914,0.0064171959491335275,0.04171552807728913,0.06230731395444627,0.028077178712487636
mecklenburg-vorpommern,2021.3506849315067,0.017807848877735198,0.02612616213506999,0.032723494254699385,0.015675162365650305,0.06903941087997181,0.02205787770365149,0.051401396473187734,0.08956388736952545,0.07552762366475863,0.030361261796526377,0.06842499930371328,0.06497818082585104,0.02206828211720402,0.08151145237129716,0.03848383692712328,0.04007103534141143,0.07288225136328612,0.02367058665063396,0.04027399207474618,0.07390289087328418,0.055685405363356553,0.08461039844509344,0.032588209322815184,0.041476136659910255,0.04988151702242479,0.07072647660939649,0.037989473545315997,0.020315167810612492,0.049376635390588064,0.07088268916782356,0.06329650791158187,0.021506446764364646,0.041111847487164524,0.03460190987156911,0.048455369169999596,0.08488123948264159,0.060006209235587846,0.04112745982793685,0.07199181182690818,0.07676182961667354,0.04228799028327915,0.06152117849254182,0.05906393103372852,0.03794263936338985,0.045244077240029615,0.0771419917814787,0.06103700826104871,0.07572551125479338,0.026563183486388017,0.04812225997804269,0.0685083089225121,0.07093996722349269,0.04862712943090747,0.07665767608395371,0.04258463226897965,0.059527259065521886,0.0602092437912557,0.04302179196398028,0.041132663942573124,0.041257562850015805,0.05120880655063852,0.03469036878963116,0.024835930050308833,0.03778132194850755,0.031105301412347252,0.015326658494068715,0.015196620334369833,0.023171161759598883,0.031578786710916344,0.028332116952747597,0.016876738398920378,0.013917062185983183,0.021475233867200415,0.025044029834155674,0.027036627428381574,0.010395839098741123,0.019175935300943654,0.025673536750258193,0.035757091120693925,0.03114172320532524,0.019113512323043688
mecklenburg-vorpommern,2021.3698630136987,0.04453106201483111,0.02612616213506999,0.04090888748364255,0.05488375352810062,0.02300468786183651,0.02941431768241391,0.029367491223124625,0.08956388736952545,0.02264573033332204,0.05314514850820919,0.03800508494866891,0.021652107198883212,0.029424723567983084,0.05185424585827647,0.053884308808504644,0.04007103534141143,0.03238007934564396,0.03156317723674844,0.0563933679098293,0.016413790232357738,0.047726695584121286,0.0384422061453278,0.04073715271478626,0.03318138432805966,0.008310264007782153,0.026511156942443794,0.009496067017308214,0.010156591823478004,0.03949859754097675,0.07088268916782356,0.08705322728099753,0.04302179196398028,0.030829537236145035,0.02965885654380517,0.04360467727429517,0.0599020892581348,0.05500347996520514,0.030839943404922184,0.05141180675959203,0.030689054161477596,0.037000760881198386,0.06152117849254182,0.04294893175959129,0.03252056698886141,0.011306029009889506,0.044983851572334116,0.05425389289877397,0.034409382158307654,0.039852467437546855,0.02405556327791183,0.04214747624911348,0.04559278167644049,0.04376080837758144,0.02704183013301061,0.06815424396440914,0.04364631218933612,0.018806600438315058,0.010754712075558268,0.030845146490088796,0.04469760484195881,0.020476431049993696,0.020809363190759527,0.021287956877624414,0.018889830600928397,0.023327231522781853,0.022994283260921688,0.007597755029522502,0.015446293888200674,0.02368099138687019,0.012138216584987522,0.029544391401695232,0.018556910749782825,0.0161068942813376,0.025044029834155674,0.013516556552617548,0.041601036392344484,0.028763953966498824,0.025673536750258193,0.017875472075872385,0.006224772560067722,0.011347638072338734
mecklenburg-vorpommern,2021.3890410958904,0.00890316213242793,0.008705528673083116,0.02453938929723972,0.015675162365650305,0.007665364951277586,0.044125116108322,0.036709354419722846,0.03730257643787271,0.007545747457218475,0.04554594064604145,0.007597755029522502,0.09388229792284143,0.06622775629065258,0.037031983098929425,0.030782709502421277,0.024039956061912178,0.024284469650704445,0.03156317723674844,0.04833565780850496,0.03283276311046914,0.0318129293857595,0.023061913204078088,0.016288950982899834,0.04977741731572269,0.05819975719620943,0.026511156942443794,0.009496067017308214,0.010156591823478004,0.03949859754097675,0.017709015130952372,0.031641224654456436,0.04302179196398028,0.010276215323515192,0.024711070579739352,0.01937360855865311,0.03493493246386896,0.03999817927137783,0.046269379044268207,0.030839943404922184,0.010229406095077343,0.026427914580409124,0.015373472311165294,0.010733907777395442,0.027099059918251102,0.022614516752292035,0.019274771835868773,0.006776041468690766,0.04129399175452825,0.013282496246981336,0.030069892540127745,0.026339469716752353,0.030392480027974445,0.014582844610372604,0.02704183013301061,0.029804539816368044,0.007930604723981044,0.022567696415880453,0.017922288187641487,0.013709006926505778,0.02062208859928993,0.023889086548788227,0.006937262725709608,0.010645489603034252,0.0075561489675180695,0.011659707102012232,0.011493270053125997,0.011399649447227923,0.003863743539848575,0.02368099138687019,0.020231935366603407,0.008440284947649665,0.018556910749782825,0.0161068942813376,0.012523107842706004,0.013516556552617548,0.010395839098741123,-0,-0,0.01191456486552351,-0,0.007764179610432256
mecklenburg-vorpommern,2021.4082191780822,-0,0.008705528673083116,-0,-0,0.007665364951277586,0.01470247829323662,-0,0.007457334703679101,0.007545747457218475,-0,0.007597755029522502,0.014432002532979334,-0,0.014811709287531545,-0,0.024039956061912178,0.024284469650704445,0.015779193824760788,0.0161068942813376,0.008206247489956096,0.007951407900626716,0.023061913204078088,0.008143837679132033,0.00829466151684114,0.0166218563141458,-0,0.009496067017308214,-0,0.03949859754097675,0.03542926680690537,-0,0.00537707799972235,0.010276215323515192,0.009886139707352614,0.004841425371845957,-0,0.009995360584923656,0.0051378538141556625,0.010276215323515192,0.020460824908193256,0.010567473691689762,-0,0.016101692670661593,-0,-0,0.006422396591155822,0.013558167383918133,0.00688005512568118,0.013282496246981336,0.006011547474138592,0.010536267359929925,-0,0.009719708335039781,-0,0.0042589744073810495,0.003967751371641334,0.007519743690575015,0.007166093755198382,0.0034269129180184016,0.0034373136044640058,0.006822847588589405,0.006937262725709608,0.003546520937736729,0.015108194571524151,0.0038845450895646266,0.0038325412308768125,-0,0.003863743539848575,0.0039469497886402685,0.008091829560669015,-0,-0,-0,0.012523107842706004,0.006760439438083146,-0,0.009584483237263443,0.0064171959491335275,0.005959541488248117,-0,0.0035829234331317228
mecklenburg-vorpommern,2021.427397260274,-0,0.008705528673083116,0.01636177384199741,-0,-0,0.02205787770365149,-0,-0,0.007545747457218475,-0,0.007597755029522502,-0,0.014707679763955503,-0,0.007696569560199222,0.008013817480499029,-0,0.007888998395657308,-0,0.024622628636147927,0.007951407900626716,0.007686168021811396,-0,0.02488275242906322,0.008310264007782153,-0,-0,-0,-0,0.017709015130952372,-0,0.010754712075558268,0.0051378538141556625,-0,0.004841425371845957,0.009979757588370606,0.009995360584923656,-0,0.010276215323515192,-0,-0,0.015373472311165294,-0,-0,0.005652707230202153,-0,-0,-0,0.006640824025636648,0.006011547474138592,0.0052678668219580125,0.010130586751190794,0.004862227312667634,-0,-0,0.003967751371641334,-0,0.014338376636053524,0.0034269129180184016,0.006874854437892958,0.003411311892253395,0.0034685156762824733,0.007093283772953485,-0,0.0038845450895646266,-0,-0,0.003863743539848575,-0,0.008091829560669015,0.004217371016703511,-0,-0,0.006261176930416317,-0,-0,-0,-0,-0,-0,-0
mecklenburg-vorpommern,2021.4465753424658,-0,-0,-0,0.007836990532066834,-0,0.007353319891966888,-0,-0,-0,-0,0.007597755029522502,0.007218100947794619,-0,-0,0.015389076926233536,-0,-0,-0,-0,-0,-0,-0,-0,-0,-0,0.008835550601276452,0.009496067017308214,0.010156591823478004,-0,-0,0.007909801555657911,0.00537707799972235,-0,0.004940234664859949,0.004841425371845957,-0,-0,-0,0.0051378538141556625,-0,-0,0.005122252275066269,0.0053666769252910624,0.010837929351467157,-0,0.006422396591155822,0.006776041468690766,-0,0.013282496246981336,-0,-0,0.010130586751190794,-0,0.004508595450436863,0.00851309681598631,0.003967751371641334,-0,0.007166093755198382,-0,0.0034373136044640058,-0,-0,-0,-0,-0,-0,-0,-0,-0,0.004045757382003803,-0,0.004638606884943447,0.0053666769252910624,0.006261176930416317,-0,-0,0.009584483237263443,-0,-0,-0,0.0017940309472143036
mecklenburg-vorpommern,2021.4657534246576,-0,0.008705528673083116,-0,0.007836990532066834,-0,-0,-0,0.007457334703679101,-0,-0,0.015196620334369833,-0,-0,0.014811709287531545,-0,-0,-0,-0,-0,-0,-0,-0,-0,-0,-0,0.008835550601276452,-0,-0,-0,-0,-0,-0,0.010276215323515192,-0,0.004841425371845957,-0,-0,-0,-0,-0,0.005283468404741922,-0,-0,-0,-0,-0,-0,-0,0.006640824025636648,-0,-0,-0,-0,0.004508595450436863,0.0042589744073810495,-0,-0,0.0035829234331317228,0.0034269129180184016,-0,0.003411311892253395,-0,-0,-0,-0,-0,-0,0.003863743539848575,-0,-0,-0,-0,-0,-0,-0,-0,-0,-0,-0,-0,0.001196013754210651
mecklenburg-vorpommern,2021.4849315068493,-0,0.008705528673083116,-0,-0,0.007665364951277586,-0,-0,-0,-0,-0,0.015196620334369833,-0,0.007353319891966888,-0,0.007696569560199222,-0,-0,0.007888998395657308,0.00805022310334564,0.008206247489956096,-0,0.007686168021811396,-0,-0,0.008310264007782153,-0,-0,0.010156591823478004,-0,-0,-0,-0,-0,-0,-0,-0,-0,-0,-0,-0,-0,-0,-0,-0,-0,-0,-0,0.00688005512568118,-0,-0,0.01580000014155917,-0,0.009719708335039781,-0,0.0042589744073810495,-0,-0,0.0035829234331317228,-0,-0,-0,-0,-0,0.003775337046391954,-0,-0,-0,-0,-0,-0,-0,-0,-0,-0,-0,-0,-0,-0,-0,-0,-0
mecklenburg-vorpommern,2021.504109589041,-0,-0,-0,0.007836990532066834,-0,0.007353319891966888,0.007337717688158038,-0,-0,-0,-0,-0,-0,-0,-0,-0,0.008091829560669015,-0,-0,-0,-0,-0,-0,-0,0.0166218563141458,-0,-0,0.010156591823478004,-0,-0,-0,-0,-0,-0,-0,0.009979757588370606,-0,-0,-0,-0,-0,-0,-0,-0,-0,-0,-0,-0,-0,-0,-0,-0,-0,-0,-0,-0,-0,-0,-0,-0,-0,-0,-0,-0,-0,-0,-0,-0,-0,-0,-0,-0,-0,-0,-0,-0,-0,-0,-0,-0,-0
mecklenburg-vorpommern,2021.5232876712328,-0,-0,-0,-0,-0,-0,-0,-0,-0,0.007587353510900485,-0,-0,0.007353319891966888,-0,-0,-0,-0,-0,-0,0.008206247489956096,-0,0.007686168021811396,-0,0.00829466151684114,-0,-0,0.009496067017308214,-0,-0,-0,-0,0.00537707799972235,-0,0.004940234664859949,-0,-0,-0,-0,-0,0.0051118512516052615,-0,-0,-0,-0,-0,-0,0.013558167383918133,-0,-0,-0,-0,-0,0.004862227312667634,-0,-0,-0,-0,-0,-0,0.0034373136044640058,-0,-0,-0,-0,-0,-0,-0,-0,-0,-0,-0,-0,-0,-0,-0,-0,-0,-0,-0,-0,-0
mecklenburg-vorpommern,2021.5424657534247,-0,-0,-0,0.015675162365650305,-0,-0,-0,-0,-0,0.007587353510900485,-0,0.007218100947794619,-0,0.014811709287531545,0.007696569560199222,0.008013817480499029,-0,0.015779193824760788,0.00805022310334564,-0,-0,0.007686168021811396,-0,-0,-0,-0,0.009496067017308214,0.010156591823478004,-0,0.008856354139958982,0.007909801555657911,-0,-0,-0,-0,-0,-0,-0,0.0051378538141556625,0.0051118512516052615,-0,-0,-0,-0,0.005652707230202153,0.006422396591155822,-0,-0,-0,-0,0.0052678668219580125,-0,-0,-0,-0,0.003967751371641334,-0,0.014338376636053524,-0,-0,-0,-0,-0,-0,-0,0.0038325412308768125,-0,-0,-0,-0,-0,-0,-0,-0,-0,-0,-0,-0,-0,-0,-0
mecklenburg-vorpommern,2021.5616438356165,0.00890316213242793,-0,-0,0.007836990532066834,0.007665364951277586,0.007353319891966888,-0,-0,0.007545747457218475,-0,0.007597755029522502,-0,0.014707679763955503,0.007405327271815587,0.007696569560199222,-0,-0,0.007888998395657308,0.0161068942813376,0.008206247489956096,0.015904031850427058,0.015373472311165294,-0,0.00829466151684114,-0,-0,-0,-0,-0,0.008856354139958982,-0,0.00537707799972235,0.010276215323515192,0.004940234664859949,0.004841425371845957,-0,-0,0.0051378538141556625,-0,-0,-0,0.015373472311165294,-0,0.010837929351467157,-0,-0,0.006776041468690766,-0,-0,-0,-0,-0,-0,-0,-0,-0,-0,-0,-0,-0,0.003411311892253395,-0,-0,-0,-0,-0,-0,-0,-0,-0,-0,-0,-0,-0,-0,-0,-0,-0,-0,-0,5.980034385291251e-4
mecklenburg-vorpommern,2021.5808219178082,0.00890316213242793,-0,-0,0.007836990532066834,-0,0.007353319891966888,0.007337717688158038,0.007457334703679101,0.030199967899287996,0.007587353510900485,0.007597755029522502,-0,0.007353319891966888,0.007405327271815587,0.030782709502421277,-0,0.008091829560669015,0.015779193824760788,-0,0.016413790232357738,0.007951407900626716,0.023061913204078088,0.016288950982899834,0.016585444689736547,-0,0.017672602745281225,0.009496067017308214,-0,0.02962243578944013,-0,0.007909801555657911,0.00537707799972235,0.0051378538141556625,-0,0.004841425371845957,-0,0.009995360584923656,0.010276215323515192,0.010276215323515192,-0,0.005283468404741922,0.010250210191398735,0.0053666769252910624,0.010837929351467157,0.005652707230202153,0.006422396591155822,-0,0.00688005512568118,-0,0.006011547474138592,0.0052678668219580125,-0,0.004862227312667634,0.009012380945368752,-0,0.003967751371641334,-0,0.0035829234331317228,0.006854051691929893,-0,-0,-0,-0,-0,-0,-0,0.003801338940633584,-0,-0,-0,-0,-0,-0,-0,-0,-0,-0,-0,-0,-0,-0
mecklenburg-vorpommern,2021.6,0.00890316213242793,0.017412515017688462,0.02453938929723972,-0,0.015337061560893114,0.01470247829323662,-0,0.01491573901923189,0.02264573033332204,0.007587353510900485,0.03800508494866891,0.036090121111204534,0.014707679763955503,0.037031983098929425,0.015389076926233536,0.0320522763208387,0.03238007934564396,0.03156317723674844,0.03221877918631392,0.016413790232357738,0.02385787222141106,0.030751491036697904,0.04073715271478626,0.00829466151684114,-0,0.017672602745281225,0.009496067017308214,0.010156591823478004,-0,-0,0.01581560488462416,0.016127700729256407,0.0051378538141556625,-0,0.024222040540008326,0.004987039132350607,0.004997440130846761,0.01542028617041256,0.030839943404922184,0.010229406095077343,-0,0.010250210191398735,0.010733907777395442,0.03794263936338985,0.016959965472689884,0.03213032447265111,0.006776041468690766,0.00688005512568118,0.013282496246981336,0.006011547474138592,0.0052678668219580125,0.005065046671778663,0.004862227312667634,0.004508595450436863,-0,-0,0.007519743690575015,-0,-0,-0,-0,0.0034685156762824733,0.003546520937736729,-0,-0,-0,0.007597755029522502,-0,-0,-0,-0,-0,-0,-0,-0,-0,-0,-0,-0,-0,0.0035829234331317228
mecklenburg-vorpommern,2021.6191780821919,0.017807848877735198,0.017412515017688462,0.032723494254699385,0.007836990532066834,-0,-0,-0,0.007457334703679101,0.030199967899287996,0.022770584844805403,0.015196620334369833,0.014432002532979334,0.007353319891966888,-0,0.053884308808504644,0.06412952794463096,0.03238007934564396,0.0394569659467587,0.0725177421074043,0.090340028813601,0.08753763981035662,0.06921644607122289,0.05703887157338245,0.058074817588694115,0.03324902752161997,0.04419277353933138,0.018993868491525404,0.03047572873679638,0.03949859754097675,0.008856354139958982,-0,0.026885749220666822,0.010276215323515192,0.004940234664859949,0.004841425371845957,-0,0.009995360584923656,0.0051378538141556625,0.0051378538141556625,0.0051118512516052615,0.02114229746315074,0.015373472311165294,0.02683892503831361,0.027099059918251102,0.005652707230202153,0.02569954959670604,0.013558167383918133,0.013761020663329399,0.019919814888100344,0.018041929553644385,0.0052678668219580125,0.010130586751190794,0.004862227312667634,0.009012380945368752,-0,0.01189896129308804,0.007519743690575015,-0,0.013709006926505778,0.0034373136044640058,0.003411311892253395,0.006937262725709608,0.003546520937736729,-0,-0,-0,-0,0.003863743539848575,-0,0.004045757382003803,-0,-0,-0,-0,-0,-0,-0,-0,-0,0.006224772560067722,0.0023868547787384785
mecklenburg-vorpommern,2021.6383561643836,0.026714060758184326,0.008705528673083116,0.02453938929723972,0.007836990532066834,0.030673444954389232,0.0367665948457725,0.02202146227260865,0.029835757713583645,0.02264573033332204,0.08353225676107223,0.03040288610928866,0.07220010041074157,0.044140729353822156,0.05185424585827647,0.04618090042659279,0.05610705836626599,0.09719557978414188,0.07104410930453689,0.0725177421074043,0.03283276311046914,0.06364533342638877,0.007686168021811396,0.016288950982899834,0.00829466151684114,0.03324902752161997,0.017672602745281225,0.018993868491525404,0.03047572873679638,0.03949859754097675,0.03542926680690537,0.031641224654456436,0.00537707799972235,0.025689144456566518,0.019768957328396883,0.01453083005150185,0.014967753963120995,0.01999264283217882,0.02569954959670604,0.02569954959670604,0.015342263095088661,0.026427914580409124,0.02049723924633706,0.0053666769252910624,0.005418682318251812,-0,0.012850787780222833,0.020335975942431007,0.013761020663329399,0.006640824025636648,0.012023790003689352,0.021069467908921304,0.010130586751190794,0.014582844610372604,0.018026324142464724,0.012772768560188606,0.003967751371641334,0.007519743690575015,0.0035829234331317228,-0,0.006874854437892958,0.003411311892253395,0.0034685156762824733,-0,-0,-0,0.0038325412308768125,0.003801338940633584,-0,0.0039469497886402685,0.004045757382003803,0.004217371016703511,-0,-0,-0,-0,-0,-0,-0,-0,0.006224772560067722,5.980034385291251e-4
mecklenburg-vorpommern,2021.6575342465753,0.00890316213242793,0.008705528673083116,0.02453938929723972,0.015675162365650305,0.0536917096899088,0.007353319891966888,0.014681672415575582,0.03730257643787271,0.030199967899287996,0.007587353510900485,0.03040288610928866,0.05053214491087551,0.029424723567983084,0.04444258635487082,0.053884308808504644,0.07214802818656514,0.024284469650704445,0.007888998395657308,0.04833565780850496,0.04925692190819183,0.007951407900626716,0.015373472311165294,0.016288950982899834,0.03318138432805966,0.0166218563141458,0.03535121370347708,0.009496067017308214,0.040643479443550776,-0,0.02656838614364825,0.01581560488462416,0.026885749220666822,0.030829537236145035,0.024711070579739352,0.01453083005150185,0.019961430843658905,0.014993761454582546,0.01542028617041256,0.02569954959670604,0.010229406095077343,0.02114229746315074,0.010250210191398735,0.03220837274160241,-0,-0,0.044983851572334116,0.020335975942431007,0.034409382158307654,0.006640824025636648,0.018041929553644385,0.010536267359929925,-0,0.009719708335039781,0.009012380945368752,0.0042589744073810495,0.007930604723981044,0.007519743690575015,0.010754712075558268,0.006854051691929893,0.006874854437892958,0.020476431049993696,0.0034685156762824733,0.007093283772953485,-0,-0,0.0038325412308768125,0.007597755029522502,0.007722573415268598,0.0039469497886402685,-0,0.008440284947649665,0.004638606884943447,0.0053666769252910624,-0,-0,-0,-0,0.0064171959491335275,-0,0.006224772560067722,0.004180968077167981
mecklenburg-vorpommern,2021.676712328767,0.00890316213242793,0.043547429320547955,0.02453938929723972,0.031355051362219034,-0,0.02205787770365149,0.051401396473187734,0.029835757713583645,0.04530132706168568,0.037953046955728764,0.03040288610928866,0.07220010041074157,0.029424723567983084,0.02221914634764591,0.06158365239916939,0.07214802818656514,0.11341078327193048,0.09474706496722418,0.04833565780850496,0.06568626990250385,0.02385787222141106,0.046134058866414286,0.024440542755345487,0.03318138432805966,0.024934777343796385,0.017672602745281225,0.028488202206517804,0.040643479443550776,0.03949859754097675,0.017709015130952372,0.039550637080620475,0.032265608213284745,0.030829537236145035,0.02965885654380517,0.01937360855865311,0.024950384828363172,0.029991847480813384,0.020559663885343877,0.020559663885343877,0.035809126916119094,0.04228799028327915,0.030751491036697904,0.02683892503831361,0.021678118033694314,0.022614516752292035,0.02569954959670604,0.020335975942431007,0.034409382158307654,0.013282496246981336,0.006011547474138592,0.01580000014155917,0.010130586751190794,0.009719708335039781,0.009012380945368752,0.00851309681598631,0.015867620728645976,0.003759735916092501,0.0035829234331317228,0.01713682344673326,0.0034373136044640058,0.006822847588589405,0.006937262725709608,-0,0.011332034670019296,-0,0.0038325412308768125,0.003801338940633584,-0,-0,-0,-0,-0,0.0053666769252910624,-0,-0,0.020793756949039816,-0,0.0064171959491335275,0.005959541488248117,0.006224772560067722,0.0023868547787384785
mecklenburg-vorpommern,2021.695890410959,0.017807848877735198,0.043547429320547955,0.049095569389721865,0.04703966984106788,0.03834333317212995,0.02205787770365149,0.036709354419722846,0.0522290207455971,0.015097791550486543,0.007587353510900485,0.05321281767624837,0.036090121111204534,0.05150549943101606,0.06668073481217855,0.053884308808504644,0.0320522763208387,0.06477512764899426,0.06314552445914219,0.03221877918631392,0.03283276311046914,0.039769203715818206,0.046134058866414286,0.024440542755345487,0.02488275242906322,0.0166218563141458,0.017672602745281225,0.056997225933924964,0.06097453501116142,0.019748149423473204,0.044291657635310795,0.023727812725693825,0.032265608213284745,0.035970438212844374,0.024711070579739352,0.024222040540008326,0.024950384828363172,0.029991847480813384,0.04112745982793685,0.01542028617041256,0.025574688052447232,0.02114229746315074,0.025626713659452495,0.03220837274160241,0.0162577412173633,0.011306029009889506,0.03213032447265111,0.04068511198771174,0.027525683938527255,0.013282496246981336,0.030069892540127745,0.01580000014155917,0.020257945491047983,0.009719708335039781,0.013521757904712061,0.0042589744073810495,0.003967751371641334,0.015045776476522381,-0,0.006854051691929893,0.006874854437892958,0.013651791876088,0.010406241179157507,0.003546520937736729,0.0075561489675180695,0.0038845450895646266,0.0038325412308768125,0.003801338940633584,0.003863743539848575,0.007894199184880109,-0,0.004217371016703511,0.009277627588990575,-0,-0,-0,-0,0.009584483237263443,-0,-0,0.006224772560067722,0.0029848856670374397
mecklenburg-vorpommern,2021.7150684931507,0.00890316213242793,0.017412515017688462,0.07365814385873078,0.007836990532066834,0.015337061560893114,0.01470247829323662,0.02202146227260865,0.022375213253533068,0.04530132706168568,0.060740260992557096,0.06081835221481775,0.06497818082585104,0.044140729353822156,0.05185424585827647,0.030782709502421277,0.024039956061912178,0.04857508080708737,0.03156317723674844,0.0161068942813376,0.03283276311046914,0.039769203715818206,0.046134058866414286,0.016288950982899834,0.02488275242906322,0.0166218563141458,0.008835550601276452,-0,0.03047572873679638,0.07902722056748043,0.044291657635310795,0.01581560488462416,0.016127700729256407,0.020549259773638633,0.009886139707352614,0.03391505751059177,0.019961430843658905,0.029991847480813384,0.02569954959670604,0.010276215323515192,0.025574688052447232,0.04757575733223368,0.046134058866414286,0.016101692670661593,0.005418682318251812,0.005652707230202153,0.019274771835868773,-0,0.013761020663329399,0.026563183486388017,0.012023790003689352,0.0052678668219580125,0.010130586751190794,0.009719708335039781,0.004508595450436863,0.017027587568208664,0.003967751371641334,0.015045776476522381,0.014338376636053524,0.0034269129180184016,0.0034373136044640058,0.003411311892253395,0.0034685156762824733,0.003546520937736729,0.011332034670019296,0.007774581164424722,0.007665364951277586,0.003801338940633584,0.003863743539848575,-0,0.004045757382003803,0.004217371016703511,0.009277627588990575,0.0053666769252910624,-0,-0,0.010395839098741123,-0,-0,-0,-0,0.004779019599315969
mecklenburg-vorpommern,2021.7342465753425,0.04453106201483111,0.017412515017688462,0.049095569389721865,0.015675162365650305,0.015337061560893114,0.02941431768241391,0.05874637150871082,0.0522290207455971,0.06796679878611611,0.04554594064604145,0.06842499930371328,0.02886801161443303,0.07359044807935826,0.04444258635487082,0.06158365239916939,0.05610705836626599,0.07288225136328612,0.02367058665063396,-0,0.024622628636147927,0.015904031850427058,0.015373472311165294,0.016288950982899834,0.04977741731572269,0.024934777343796385,0.026511156942443794,0.009496067017308214,-0,0.02962243578944013,0.017709015130952372,0.031641224654456436,0.021506446764364646,0.010276215323515192,0.03460190987156911,0.024222040540008326,0.009979757588370606,0.01999264283217882,0.030839943404922184,0.020559663885343877,0.015342263095088661,0.005283468404741922,0.010250210191398735,0.021470031719490697,0.010837929351467157,0.011306029009889506,0.012850787780222833,0.013558167383918133,0.020642896853925143,-0,0.018041929553644385,0.021069467908921304,0.005065046671778663,0.024305279370919582,0.013521757904712061,-0,0.019836583076899693,0.02633426708239541,0.014338376636053524,0.020564865941980006,0.010312622530319941,0.003411311892253395,0.006937262725709608,0.010645489603034252,0.003775337046391954,0.0038845450895646266,-0,-0,-0,0.0039469497886402685,0.012138216584987522,0.012658340582550512,0.004638606884943447,0.0161068942813376,0.01878059103982105,-0,-0,0.009584483237263443,0.01283518392685368,0.005959541488248117,-0,0.011347638072338734
mecklenburg-vorpommern,2021.7534246575342,0.00890316213242793,0.017412515017688462,0.04090888748364255,0.015675162365650305,0.03834333317212995,0.07355920390321671,0.044057458765341895,0.0746267238915885,0.09820627696384983,0.08353225676107223,0.11409347505589137,0.07942823108594334,0.06622775629065258,0.06668073481217855,0.08469894247523975,0.07214802818656514,0.07288225136328612,0.06314552445914219,0.04833565780850496,0.016413790232357738,0.02385787222141106,0.046134058866414286,0.024440542755345487,0.04977741731572269,0.0166218563141458,0.07957405385939284,0.037989473545315997,0.03047572873679638,0.049376635390588064,0.053150353825698535,0.031641224654456436,0.021506446764364646,0.0154150846284124,0.014827313734021907,0.024222040540008326,0.019961430843658905,0.03999817927137783,0.04112745982793685,0.030839943404922184,0.04092449976348459,0.026427914580409124,0.03587677352801609,0.02683892503831361,0.027099059918251102,0.033925464296857395,0.03855669087547414,0.033899447335101314,0.034409382158307654,0.026563183486388017,0.006011547474138592,0.010536267359929925,0.025324965863378235,0.009719708335039781,0.013521757904712061,0.012772768560188606,0.027770213918436898,0.022567696415880453,0.017922288187641487,0.027416426234070354,0.03437816151521754,0.027307168759175392,0.0034685156762824733,0.01774022576753822,0.0075561489675180695,0.011659707102012232,0.007665364951277586,0.007597755029522502,0.007722573415268598,0.0039469497886402685,0.012138216584987522,0.004217371016703511,-0,-0,0.006261176930416317,-0,0.010395839098741123,-0,0.01283518392685368,0.005959541488248117,-0,0.009558478451078909
mecklenburg-vorpommern,2021.772602739726,0.026714060758184326,0.017412515017688462,0.008180243393012761,0.031355051362219034,0.0536917096899088,0.01470247829323662,0.051401396473187734,0.022375213253533068,0.07552762366475863,0.037953046955728764,0.06842499930371328,0.0866521579564562,0.044140729353822156,0.059266961910287234,0.04618090042659279,0.0320522763208387,0.016184918503956883,0.06314552445914219,0.024159611504261998,0.03283276311046914,0.015904031850427058,0.06152117849254182,0.016288950982899834,0.03318138432805966,0.024934777343796385,0.017672602745281225,0.028488202206517804,0.010156591823478004,0.019748149423473204,0.03542926680690537,0.0474664574922946,0.0376460238573933,0.025689144456566518,0.03954543312430966,0.024222040540008326,0.03493493246386896,0.029991847480813384,0.0359860490100556,0.046269379044268207,0.020460824908193256,0.04228799028327915,0.030751491036697904,0.06443670744955138,0.05421224948968314,0.016959965472689884,0.02569954959670604,0.04068511198771174,0.034409382158307654,0.0464983832243906,0.02405556327791183,0.04741961477407348,0.04559278167644049,0.019446435737758457,0.018026324142464724,0.029804539816368044,0.027770213918436898,0.02633426708239541,0.017922288187641487,0.0034269129180184016,0.02062208859928993,0.006822847588589405,0.017339690687083274,0.01774022576753822,0.022666539397751102,0.011659707102012232,0.0038325412308768125,-0,0.01158689082757279,0.015789596982119347,0.004045757382003803,0.004217371016703511,0.013917062185983183,0.0053666769252910624,0.006261176930416317,0.006760439438083146,-0,0.009584483237263443,0.03852026388854272,-0,0.02491396737165714,0.028077178712487636
mecklenburg-vorpommern,2021.7917808219179,0.026714060758184326,0.008705528673083116,0.02453938929723972,0.023514515856917325,0.015337061560893114,0.05147947367201745,0.036709354419722846,0.05969384992867296,0.0830843397354936,0.09873768232966974,0.03800508494866891,0.05053214491087551,0.036782205881992124,0.07409556486533744,0.0769909681229901,0.07214802818656514,0.04857508080708737,0.02367058665063396,0.04833565780850496,0.04104419406464036,0.0318129293857595,0.05382704953657054,0.032588209322815184,0.058074817588694115,0.0166218563141458,0.008835550601276452,0.018993868491525404,0.05080801359317855,0.019748149423473204,0.044291657635310795,0.05538348309152563,0.00537707799972235,0.025689144456566518,0.06428051425418921,0.038759641698381385,0.0599020892581348,0.06500941984650686,0.0359860490100556,0.030839943404922184,0.09212676086572946,0.05815811062701455,0.07177831689433581,0.04294893175959129,0.04336527715973789,0.07353837446288515,0.057845762421236395,0.027119870764864957,0.034409382158307654,0.013282496246981336,0.042100638322103624,0.031610005673315004,0.04052378606476071,0.014582844610372604,0.049590038368828596,0.017027587568208664,0.0396755321882428,0.03009590758592735,0.028675505129473783,0.013709006926505778,0.010312622530319941,0.020476431049993696,0.027749402811548553,0.014192736687016995,0.0075561489675180695,0.019436031848784455,-0,0.007597755029522502,0.007722573415268598,0.011841748234208584,0.004045757382003803,0.004217371016703511,0.009277627588990575,0.021475233867200415,0.006261176930416317,0.013516556552617548,0.010395839098741123,-0,0.01283518392685368,0.005959541488248117,0.012455491604661598,0.016127700729256407
mecklenburg-vorpommern,2021.8109589041096,0.026714060758184326,0.03483606615918174,0.02453938929723972,0.06272381437970986,0.02300468786183651,0.0367665948457725,0.06609759077869493,0.08956388736952545,0.11333261302886727,0.07593381479471223,0.05321281767624837,0.11557353993109556,0.1325399685356582,0.08892839763171423,0.11553184738615815,0.0320522763208387,0.06477512764899426,0.07104410930453689,0.03221877918631392,0.04925692190819183,0.047726695584121286,0.06152117849254182,0.024440542755345487,0.06637874869272248,0.05819975719620943,0.07957405385939284,0.04749248124286842,0.09148603064965855,0.0889127709327201,0.053150353825698535,0.07121594419424157,0.04840332071809422,0.06682131515566767,0.04943909470819803,0.04360467727429517,0.029945020501444982,0.03999817927137783,0.06170339426334358,0.05141180675959203,0.04092449976348459,0.037000760881198386,0.06152117849254182,0.0536917096899088,0.06506148492264703,0.06787828324235139,0.02569954959670604,0.04068511198771174,0.06194808501713636,0.039852467437546855,0.060157183573205764,0.031610005673315004,0.050662271465457084,0.019446435737758457,0.03155277092323773,0.025548675268466683,0.03174008488505191,0.03385782022336224,0.025090852400289885,0.01713682344673326,0.013750617911807095,0.013651791876088,0.024279267221947544,0.021287956877624414,0.015108194571524151,0.019436031848784455,0.019160329549446378,0.015196620334369833,0.01158689082757279,0.011841748234208584,0.016184918503956883,0.012658340582550512,0.009277627588990575,0.0161068942813376,0.025044029834155674,0.013516556552617548,0.03119895750298265,0.03835374084466644,0.03209910519786996,0.02979413385479236,0.018681755444181294,0.028077178712487636
mecklenburg-vorpommern,2021.8301369863013,0.017807848877735198,0.017412515017688462,0.049095569389721865,0.031355051362219034,0.03834333317212995,0.11037786401112099,0.13963571434266694,0.13440635301246012,0.15116510733735458,0.20527945633228423,0.19791897567619446,0.1445058018930907,0.20631835984535776,0.1260237881997582,0.13095515833179672,0.08017297311061496,0.1702142818728424,0.13427601672529363,0.0563933679098293,0.06568626990250385,0.06364533342638877,0.0384422061453278,0.06519164784106478,0.041476136659910255,0.04156460727272956,0.04419277353933138,0.08551667976192585,0.05080801359317855,0.05926175598047561,0.08861586454402241,0.05538348309152563,0.11301472191769556,0.035970438212844374,0.06428051425418921,0.10665730776592988,0.06989335088990568,0.06500941984650686,0.08228747363477122,0.05655994873331235,0.08188123287121268,0.09520029199324134,0.07691285260967541,0.07518392595610716,0.07591298440317037,0.07919908183957577,0.07071085537936625,0.06782100855902352,0.06883634184396203,0.07973550097842748,0.06617569004677477,0.04741961477407348,0.06586850026902422,0.058355932127749074,0.04057062257147433,0.05962617232615096,0.0396755321882428,0.03009590758592735,0.028675505129473783,0.04799213977951416,0.03093880211216547,0.027307168759175392,0.045103555217730316,0.024835930050308833,0.03022598301016301,-0,0.007665364951277586,0.015196620334369833,0.027036627428381574,0.015789596982119347,0.012138216584987522,0.008440284947649665,0.023197173354265063,0.0161068942813376,0.012523107842706004,0.013516556552617548,-0,0.009584483237263443,0.01925396412869344,0.02979413385479236,0.037375428731245226,0.026287443396635506
mecklenburg-vorpommern,2021.849315068493,0.026714060758184326,0.03483606615918174,0.09823753595268855,0.06272381437970986,0.09207466868340211,0.11774681012124553,0.1911753931063855,0.23169179856627095,0.2648227943317812,0.25862970159274545,0.20555092660383242,0.17345417042822328,0.26541862442573017,0.2970178526704963,0.0769909681229901,0.18458402098446428,0.15397614296968362,0.1580078192532504,0.13706528458174713,0.09856054660433002,0.07957405385939284,0.07691285260967541,0.06519164784106478,0.04977741731572269,0.04988151702242479,0.07072647660939649,0.07601192883730809,0.09148603064965855,0.049376635390588064,0.11522957743503472,0.126675369489819,0.09147040318203675,0.08225622423259621,0.07417367614657362,0.11150867405006167,0.12987605534062566,0.08502707754869913,0.13893183149122276,0.10802773379003647,0.15876411935093726,0.11637612793667022,0.09230908391482653,0.12357391560971956,0.09219448078076808,0.11884650902208357,0.09644538427043586,0.11534944289507641,0.12397526980926613,0.07308533619992695,0.08424059853718932,0.052692287881020816,0.06586850026902422,0.09242889655230552,0.09471580807655658,0.08947012610013937,0.07143985111465084,0.0602092437912557,0.046607681029531826,0.07543909524986672,0.06533743069649886,0.05804358273371855,0.062458294973140184,0.024835930050308833,0.056684884701124,0.019436031848784455,0.0344926372981892,0.034206448313292746,0.050219842508455105,0.02368099138687019,0.016184918503956883,0.04220992688409012,0.03712044615096944,0.03221877918631392,0.04383887410502002,0.0338005829991347,0.03119895750298265,-0,0.01283518392685368,0.0476798526314774,0.02491396737165714,0.05437882332613802
mecklenburg-vorpommern,2021.868493150685,0.06235417008575301,0.08713135802889697,0.07365814385873078,0.12552859187972495,0.23049569474283688,0.11037786401112099,0.20591114895981344,0.1867706147703481,0.24207137429122563,0.34258402404329436,0.3506822273073061,0.2676504346675259,0.2137061366615818,0.15572333816740921,0.2622357165235798,0.21675031047015872,0.186452274395539,0.18966707984422873,0.14513675667298237,0.14791617754707057,0.11143571782159191,0.14623182033262586,0.04073715271478626,0.058074817588694115,0.10813195017451281,0.10612061083790783,0.11405699511557599,0.14238355563491698,0.11858591476293852,0.17738300175177588,0.14252955506014303,0.15074268283432643,0.11828362705840699,0.14845852089353473,0.15520699675921582,0.114875194212675,0.1401206169608182,0.11833053365599377,0.15954651033780717,0.19981380834745058,0.15346503427904337,0.14879748835752432,0.11819502582285103,0.1519369535642573,0.11317627289526799,0.10932003172049469,0.1221457452704458,0.11707970553354752,0.15293306934459666,0.13243570322213838,0.17408025912272515,0.1318257553268629,0.08755847485907618,0.12180695149356978,0.12785866198922227,0.0913037104863332,0.1091741255071204,0.08966806675600827,0.09946186112990871,0.10664688641362086,0.06828962145783897,0.0798188287198575,0.06389003331834017,0.07937615162309743,0.050552965137726495,0.06900816943820419,0.05701804874948457,0.04635785781249129,0.05922531448637019,0.036428356878448344,0.033764159343787806,0.08820957433822439,0.03221877918631392,0.01878059103982105,0.0473259294642334,0.062411438748014386,0.06713892399765096,0.07706387604129286,0.05363965599652256,0.0685395500639722,0.07351233767420673
mecklenburg-vorpommern,2021.8876712328768,0.026714060758184326,0.14820820787690497,0.13102292883220926,0.09411672130318598,0.20739905034880374,0.2505301449617805,0.3387159673720812,0.47194478828283226,0.4624268589447039,0.5262208215503349,0.4655485897486235,0.48567907199949145,0.3097905605167801,0.36408079618898187,0.22359121398140824,0.4021067099796025,0.22707467629959474,0.2530434852756523,0.2097745601086572,0.213789679362096,0.1911753931063855,0.16935869282363913,0.1549670822939367,0.09960253012418849,0.10813195017451281,0.11497421281108375,0.16165380861379103,0.16275443646424062,0.1680753356446622,0.16849790097437653,0.15839379172181944,0.17770650441058716,0.16463755520078982,0.2029981179340094,0.14549656076026163,0.1849180054939305,0.1802267633908704,0.20596335530539586,0.1904864695103484,0.21008260119077607,0.2330185135926136,0.20535254434290093,0.20432410106955712,0.26618171504326177,0.18120254863385515,0.2511310364818231,0.23096055278561453,0.2136956938334548,0.19290296135500068,0.19878547461095483,0.179365791617631,0.18261668701729494,0.14113736293754456,0.1443962981241602,0.13212812176530903,0.11514619293014411,0.11671488633203007,0.1363614365230812,0.15441945559620607,0.13764922501661989,0.09221531769544673,0.11108657157385665,0.09942018150097644,0.07180956000045022,0.058335108776448104,0.06133375722299118,0.049413069983410385,0.05794987828136857,0.05922531448637019,0.08503749456906902,0.10135831958812695,0.04640990421706133,0.042959340353967965,0.09398127655452695,0.06085479482533826,0.062411438748014386,0.05754382760572149,0.06421283068189924,0.08346454812595354,0.0685395500639722,0.08966285778172967
mecklenburg-vorpommern,2021.9068493150685,0.133712967718665,0.19187998349774052,0.17203506396153848,0.212003983365218,0.21510027304493712,0.30226359338965353,0.3387159673720812,0.562331211589529,0.7602480876403789,0.6106033752648198,0.6575617015928242,0.6826926880217916,0.3615987374412214,0.4386973392239275,0.4326250777322335,0.45864955292496123,0.4061891157631371,0.3403123564327566,0.3311848124491468,0.28799725294694156,0.1911753931063855,0.23879586419831497,0.26945372367989856,0.2660301413581204,0.15811735168967186,0.26571131539352344,0.20929422850313895,0.22392022667968334,0.22752905815421243,0.18626962096201066,0.3889183799545972,0.2857018254556277,0.31946371140897206,0.34706483909698393,0.3157543240202527,0.28013361260582315,0.3459812421166962,0.4127405009059665,0.30924653192468854,0.2974362372955077,0.339281240516987,0.344421320897837,0.3175854412826765,0.3370306524297142,0.29477955210508394,0.38038468790523194,0.31954219213875773,0.26898329443029717,0.2662601153985957,0.2531323165738123,0.2692812324608963,0.23854511594684516,0.19965198798481548,0.18055550182851876,0.20045065466521408,0.18276279944820567,0.18837800249144282,0.15792436612321975,0.18879551392458457,0.16522180534572936,0.17432026178763924,0.1389005480300759,0.18122863939971381,0.13235750437419852,0.13622066805457522,0.12658154128085222,0.05701804874948457,0.08115209074297325,0.11456771660890464,0.09719557978414188,0.08444893619002376,0.11609991118609879,0.03758878246328038,0.10025378042709528,0.12855196922363157,0.13532392971967414,0.019175935300943654,0.1156412903879274,0.09540346401136256,0.11844519440600872,0.10581839558810431
mecklenburg-vorpommern,2021.9260273972602,0.10693868506774301,0.19187998349774052,0.23772496865283704,0.14909995349856522,0.29984724428913395,0.3836586521789053,0.4792654395301245,0.5020578929385496,0.6149442281417205,0.6259637293847644,0.703745483102325,0.8657759506525652,0.5396331773568303,0.45362930836421067,0.5646756805104011,0.4829025333466984,0.4469836067902754,0.3800284930255333,0.3636095100995957,0.22202973765503517,0.23908318138961293,0.2696889399006546,0.23671677983097053,0.1827471445252534,0.30835726667404795,0.2923583214233386,0.24743696979103272,0.2647339430606178,0.24735859781018205,0.2307150654362189,0.34113935757724917,0.3019183937864323,0.28329670262400797,0.37692236755803327,0.28166023698947174,0.3504047631504954,0.3308917527214231,0.37649810512572546,0.30407854415236085,0.4107016213843003,0.3978202668210679,0.3857017103349946,0.21510027304493712,0.3424845710798905,0.38581696216124584,0.29633275511624607,0.29226942309039894,0.31049152882483144,0.24624050374655418,0.2410474287130155,0.28516327741672964,0.1978615575821725,0.22893401107537073,0.19864453705397062,0.2218208480569031,0.22257807684259867,0.16950998498460493,0.13276935296129902,0.1509825778100727,0.17556724998460474,0.11614681581391106,0.17367851801045228,0.11364008332949721,0.10207732466786852,0.10505244411508254,0.10354141646888455,0.06082355830046883,0.08501666053041607,0.12247932899204628,0.11747058608972484,0.08022505337150652,0.05569581650744549,0.10209295532348943,0.05010012708483459,0.0946949701598828,0.08323538109203082,0.11515140445777992,0.09635161059220948,0.08346454812595354,0.06230731395444627,0.10282760143764592
mecklenburg-vorpommern,2021.945205479452,0.1158601770824936,0.18314373735928827,0.23772496865283704,0.2513609446391426,0.32298499671768993,0.5245504296010427,0.4126409136738761,0.6000342561713032,0.6378594126357278,0.7720848110149798,0.7191544689887152,0.8291108635244122,0.569359678234651,0.5283745507398088,0.44814798563344593,0.4990757234558809,0.36542660331356785,0.3403123564327566,0.3798294440084032,0.279746735462439,0.2550605156769708,0.2774150774130896,0.18765258434854007,0.23269988996632449,0.18312808232165764,0.23020842499619296,0.3047062075726881,0.27494237940765787,0.3267629260409637,0.26630192896976856,0.3889183799545972,0.3560171562509993,0.38669707543958504,0.34209199545006513,0.3060138640320891,0.37050118546496524,0.3661126117870709,0.3351046450902113,0.30924653192468854,0.35919010171643384,0.40314431290725816,0.3186422868783173,0.31218644646635213,0.2280722324778189,0.27772874729745717,0.27049913724956376,0.23096055278561453,0.31741279033043035,0.21289682369848828,0.18671320898496016,0.24811097370233376,0.243633452560729,0.1898967164102399,0.19412429801006223,0.2047260790138835,0.20664726327319896,0.14687844017952673,0.17230636073301922,0.1681692387545132,0.1997094080558495,0.16404809518918745,0.12151506939428862,0.13141391421311407,0.10964311122129955,0.14401564395954547,0.11122206088418495,0.09887313946795352,0.07341860534289867,0.05922531448637019,0.06883113495602729,0.09712785335583277,0.11144614013367792,0.05907954876531765,0.08143853821689492,0.1014625226068714,0.08323538109203082,0.028763953966498824,0.057788498787024106,0.08943366342992679,0.037375428731245226,0.11479702176817166
mecklenburg-vorpommern,2021.964383561644,0.10693868506774301,0.27058277124308533,0.2048722535822579,0.30650555136763574,0.38473255735603673,0.31705179473718514,0.5237310116584798,0.5020578929385496,0.5310064238532107,0.5032287562336974,0.642170953780806,0.565853211504546,0.5321989531281464,0.4685708135681936,0.34736322483917964,0.38596364667318334,0.37357550242517784,0.3800284930255333,0.27449281058456804,0.22202973765503517,0.35102775077989706,0.1616485924235158,0.22035864436520292,0.21604538301215398,0.29999891657922667,0.3101305812771566,0.11405699511557599,0.3260198767069594,0.2374428827643112,0.4535296427936468,0.3491012249472594,0.25868196089294265,0.31946371140897206,0.3520381583504176,0.40841649410339537,0.40065514870715285,0.40135210267267835,0.39202522208615775,0.30407854415236085,0.3746387241835492,0.3818461600867161,0.3186422868783173,0.3770061728923401,0.3370306524297142,0.35166121644266174,0.2511310364818231,0.31954219213875773,0.24824159562596856,0.27960557830248967,0.17464896288701884,0.18465186141433884,0.23345727719135065,0.1898967164102399,0.19412429801006223,0.17908924007290358,0.21859883230059005,0.2223587404737054,0.18668711546709316,0.14754592716524634,0.14454230320064287,0.1469358020058476,0.13542298726433735,0.134974623041793,0.10586008034572317,0.10505244411508254,0.08435518414295688,0.0684302061509808,0.05794987828136857,0.09479915982674962,0.12152549372676577,0.07177310971180555,0.08820957433822439,0.069830866999032,0.012523107842706004,0.04056021445523075,0.020793756949039816,0.0863396385491972,0.04494221558635023,0.07153357987922455,0.08724595000483759,0.08727199367094825
mecklenburg-vorpommern,2021.9835616438356,0.04453106201483111,0.10457307886521558,0.12282333944627495,0.14909995349856522,0.2227974141366582,0.19147288566267376,0.31656000767172204,0.3216559843515061,0.34833168158877575,0.3731460298495267,0.41191236025105604,0.38382104617262053,0.36900337286345336,0.28957116953320494,0.2777026080681556,0.2891999091681163,0.27586243934830346,0.2847606771863415,0.1855285764706281,0.1643767313626123,0.1991560900096969,0.12311522888913659,0.195825866128895,0.13284233912710847,0.23318566119369388,0.16812750401808893,0.16165380861379103,0.2341206529957104,0.28704560556324304,0.2752037584171764,0.19012635399035077,0.2532786272780567,0.19040818331559256,0.2029981179340094,0.2621834536517857,0.28013361260582315,0.32083452518987415,0.2214396267034217,0.24208704708429427,0.28715018134704834,0.270185510971865,0.28256995913212274,0.18816402918119737,0.2988692301456204,0.1868749890879606,0.2446783471605389,0.19012635399035077,0.1584615979918824,0.18623830900925967,0.1264095233374538,0.1529487152944019,0.1521351321466287,0.19965198798481548,0.13536042458259423,0.11079474964295992,0.15093042663424272,0.1054067604008917,0.13276935296129902,0.09259559285498267,0.12042052611347846,0.08195935584850253,0.0798188287198575,0.11008083503741707,0.09828963430917727,0.09337177955133573,0.10354141646888455,0.049413069983410385,0.07341860534289867,0.05922531448637019,0.08098543112061438,0.03798426974524372,0.07427261727124679,0.069830866999032,0.07517351090948901,0.0338005829991347,0.041601036392344484,0.0863396385491972,0.01925396412869344,0.02979413385479236,0.06230731395444627,0.06334857127269385
mecklenburg-vorpommern,2022.0027397260274,0.16942651339308518,0.15694380187747087,0.08184998371316704,0.039196769238044674,0.17662121311780646,0.17672034936316663,0.2575165909716065,0.2841541684385117,0.37113488839959874,0.3120399699214076,0.31244801275142026,0.27490578645117053,0.2580287234153347,0.35662450376645444,0.13866592267137762,0.2650423098878866,0.25146544868304443,0.2213456273471597,0.2987803206810523,0.32926948767699704,0.17521767287106652,0.2156380959476733,0.24489777769409754,0.3160577618521731,0.2916419097688058,0.22133518298472998,0.237897355226913,0.18313330066700892,0.22752905815421243,0.19515775912416525,0.2139411008488768,0.22087563311462655,0.3401396300059986,0.24270351402545837,0.2378555644898086,0.26508934905618425,0.23040167901469163,0.26790655016636755,0.2524164451342224,0.22034820020100992,0.22240574104629737,0.22078685690323704,0.2690146562478682,0.24984565960317126,0.14718089415833965,0.1866244910776473,0.21054205568696363,0.15156145937418658,0.19290296135500068,0.21689129710850702,0.16351602197855944,0.1318257553268629,0.13626759083507303,0.11728817479786197,0.12785866198922227,0.10719401023330899,0.14687844017952673,0.08966806675600827,0.1303712930635081,0.11697547121480172,0.09221531769544673,0.1076160811132649,0.09231429315419121,0.09828963430917727,0.0855843910691631,0.05366568283669936,0.0684302061509808,0.0772826004095318,0.04737797683775428,0.040476949600232785,0.0633225395856249,0.04176756983559749,0.02684933040852547,0.06890403143451868,0.05408731946251298,0.03119895750298265,0.019175935300943654,0.04494221558635023,0.035757091120693925,0.04360467727429517,0.05138578104749191
