State,week_end_num,A00,A01,A02,A03,A04,A05,A06,A07,A08,A09,A10,A11,A12,A13,A14,A15,A16,A17,A18,A19,A20,A21,A22,A23,A24,A25,A26,A27,A28,A29,A30,A31,A32,A33,A34,A35,A36,A37,A38,A39,A40,A41,A42,A43,A44,A45,A46,A47,A48,A49,A50,A51,A52,A53,A54,A55,A56,A57,A58,A59,A60,A61,A62,A63,A64,A65,A66,A67,A68,A69,A70,A71,A72,A73,A74,A75,A76,A77,A78,A79,A80+
berlin,2020.0109289617487,-0,-0,-0,-0,-0,-0,-0,-0,-0,-0,-0,-0,-0,-0,-0,-0,-0,-0,-0,-0,-0,-0,-0,-0,-0,-0,-0,-0,-0,-0,-0,-0,-0,-0,-0,-0,-0,-0,-0,-0,-0,-0,-0,-0,-0,-0,-0,-0,-0,-0,-0,-0,-0,-0,-0,-0,-0,-0,-0,-0,-0,-0,-0,-0,-0,-0,-0,-0,-0,-0,-0,-0,-0,-0,-0,-0,-0,-0,-0,-0,-0
berlin,2020.0300546448088,-0,-0,-0,-0,-0,-0,-0,-0,-0,-0,-0,-0,-0,-0,-0,-0,-0,-0,-0,-0,-0,-0,-0,-0,-0,-0,-0,-0,-0,-0,-0,-0,-0,-0,-0,-0,-0,-0,-0,-0,-0,-0,-0,-0,-0,-0,-0,-0,-0,-0,-0,-0,-0,-0,-0,-0,-0,-0,-0,-0,-0,-0,-0,-0,-0,-0,-0,-0,-0,-0,-0,-0,-0,-0,-0,-0,-0,-0,-0,-0,-0
berlin,2020.049180327869,-0,-0,-0,-0,-0,-0,-0,-0,-0,-0,-0,-0,-0,-0,-0,-0,-0,-0,-0,-0,-0,-0,-0,-0,-0,-0,-0,-0,-0,-0,-0,-0,-0,-0,-0,-0,-0,-0,-0,-0,-0,-0,-0,-0,-0,-0,-0,-0,-0,-0,-0,-0,-0,-0,-0,-0,-0,-0,-0,-0,-0,-0,-0,-0,-0,-0,-0,-0,-0,-0,-0,-0,-0,-0,-0,-0,-0,-0,-0,-0,-0
berlin,2020.068306010929,-0,-0,-0,-0,-0,-0,-0,-0,-0,-0,-0,-0,-0,-0,-0,-0,-0,-0,-0,-0,-0,-0,-0,-0,-0,-0,-0,-0,-0,-0,-0,-0,-0,-0,-0,-0,-0,-0,-0,-0,-0,-0,-0,-0,-0,-0,-0,-0,-0,-0,-0,-0,-0,-0,-0,-0,-0,-0,-0,-0,-0,-0,-0,-0,-0,-0,-0,-0,-0,-0,-0,-0,-0,-0,-0,-0,-0,-0,-0,-0,-0
berlin,2020.0874316939892,-0,-0,-0,-0,-0,-0,-0,-0,-0,-0,-0,-0,-0,-0,-0,-0,-0,-0,-0,-0,-0,-0,-0,-0,-0,-0,-0,-0,-0,-0,-0,-0,-0,-0,-0,-0,-0,-0,-0,-0,-0,-0,-0,-0,-0,-0,-0,-0,-0,-0,-0,-0,-0,-0,-0,-0,-0,-0,-0,-0,-0,-0,-0,-0,-0,-0,-0,-0,-0,-0,-0,-0,-0,-0,-0,-0,-0,-0,-0,-0,-0
berlin,2020.1065573770493,-0,-0,-0,-0,-0,-0,-0,-0,-0,-0,-0,-0,-0,-0,-0,-0,-0,-0,-0,-0,-0,-0,-0,-0,-0,-0,-0,-0,-0,-0,-0,-0,-0,-0,-0,-0,-0,-0,-0,-0,-0,-0,-0,-0,-0,-0,-0,-0,-0,-0,-0,-0,-0,-0,-0,-0,-0,-0,-0,-0,-0,-0,-0,-0,-0,-0,-0,-0,-0,-0,-0,-0,-0,-0,-0,-0,-0,-0,-0,-0,-0
berlin,2020.1256830601094,-0,-0,-0,-0,-0,-0,-0,-0,-0,-0,-0,-0,-0,-0,-0,-0,-0,-0,-0,-0,-0,-0,-0,-0,-0,-0,-0,-0,-0,-0,-0,-0,-0,-0,-0,-0,-0,-0,-0,-0,-0,0.002002038539491907,-0,-0,-0,-0,-0,-0,-0,-0,-0,-0,-0,-0,-0,-0,-0,-0,-0,-0,-0,-0,-0,-0,-0,-0,-0,-0,-0,-0,-0,-0,-0,-0,-0,-0,-0,-0,-0,-0,-0
berlin,2020.1448087431695,-0,-0,-0,-0,-0,-0,-0,-0,-0,-0,-0,-0,-0,-0,-0,-0,-0,-0,-0,-0,-0,-0,-0,-0,-0,-0,-0,-0,-0,-0,-0,-0,-0,-0,-0,-0,-0,-0,-0,-0,-0,-0,-0,-0,-0,-0,-0,-0,-0,-0,-0,-0,-0,-0,-0,-0,-0,-0,-0,-0,-0,-0,-0,-0,-0,-0,-0,-0,-0,-0,-0,-0,-0,-0,-0,-0,-0,-0,-0,-0,-0
berlin,2020.1639344262296,-0,-0,-0,-0,-0,-0,-0,-0,-0,-0,-0,-0,-0,-0,-0,-0,-0,-0,-0,-0,-0,-0,-0,-0,-0,-0,-0,-0,-0,-0,-0,-0,-0,-0,-0,0.0016224253099669165,-0,-0,-0,-0,-0,-0,-0,-0,-0,-0,-0,-0,-0,-0,-0,-0,-0,-0,-0,-0,-0,-0,-0,-0,-0,-0,-0,-0,-0,-0,-0,-0,-0,-0,-0,-0,-0,-0,-0,-0,-0,-0,-0,-0,-0
berlin,2020.1830601092897,-0,-0,-0,-0,0.002646867363344045,-0,-0,-0,-0,-0,-0,-0,-0,-0,-0,-0,-0,-0,-0,-0,-0,0.0028496780818937227,-0,-0,-0,-0,-0,-0,0.003749335165157985,0.0017420291791526898,0.0030524895914443187,0.0015132220174873545,-0,-0,-0,-0,-0,0.0017472293536158062,-0,0.003629726678935282,-0,0.002002038539491907,-0,-0,-0,-0,0.0024284567049030854,-0,-0,0.002199646522854582,0.0021788456471371156,0.0020852418093770505,-0,-0,-0,0.001877233884274619,-0,-0,-0,-0,-0,0.0023348524178297934,-0,-0,-0,-0,-0,-0,-0,-0,-0,-0,-0,-0,-0,-0,-0,-0,-0,-0,6.188036818867976e-4
berlin,2020.2021857923498,-0,0.005293869462529797,0.00792540393112291,-0,-0,-0,0.0028496780818937227,-0,-0,-0,0.0030784911242383115,-0,-0,-0,-0,-0,-0,-0,0.006885255813995315,0.0033437075013491397,-0,-0,0.005387479076234068,0.004825823921693603,0.00917360913611401,-0,0.006203970074175833,0.009792521994884472,0.005626704410198463,0.013943069151946876,0.016783108100158758,0.010603881102422153,0.006001146272799539,0.0106766960003466,0.0031564958006180316,0.0016224253099669165,0.011768931704854315,0.003499717766823437,0.008736733906195835,0.0018148316689941748,0.0036869307032371557,-0,0.01452562859847291,0.0021528445641883763,0.009137202726767482,0.014156326763488405,0.004857026826684956,0.005059846165506341,0.007244104563595258,0.013194073739032261,0.006542011501149185,0.012507504087659016,0.003988552962963668,0.0019916381401162723,0.0038845450895646266,0.001877233884274619,0.0018616333234368946,0.001877233884274619,-0,0.0042589744073810495,-0,0.0046698096775942876,0.0025740637086042453,-0,0.002813276099801863,-0,-0,0.0031512954852158663,-0,-0,-0,-0,-0,-0,-0,0.0047946210354257255,0.00740012653149294,0.003551721292663989,-0,-0,-0
berlin,2020.22131147541,-0,0.002646867363344045,-0,-0,0.007946207105682173,0.0027456724863896592,-0,0.0029640844772087834,-0,-0,0.0030784911242383115,-0,0.0031096929807496723,0.01602887017579082,0.020466026954941582,0.0034477142929898856,0.0034373136044640058,0.003562122004072948,0.013771423416938579,0.016710284651006022,0.008955171062356925,0.011399649447227923,0.021563670457839468,0.01447361409682835,0.020642896853925143,0.01744892722124242,0.016538629781530565,0.01958688844263142,0.02062729066216523,0.02614697259232536,0.018307222260180226,0.024237647810652917,0.02250526936623804,0.01372981241499424,0.01737610283963735,0.029206200408329476,0.015129000619842995,0.031490333085906506,0.012237039744194867,0.016346168935031078,0.020278753599968627,0.02202146227260865,0.029050112999381636,0.02584522177727002,0.01370380555568146,0.016517823169188563,0.012143417799208247,0.010120184725916173,0.03381098976249051,0.021990249066300163,0.010900342395795225,0.018759783530390296,0.02593886839455305,0.019925016880720882,0.011659707102012232,0.01878059103982105,0.020481633098297477,0.011264419980728982,0.009943350614610848,0.021303563267664152,0.013178469782645783,0.007004871788709344,0.010297019438569747,0.016356572205819715,0.005626704410198463,0.008731533032711871,0.009095595433007688,0.006307982586878362,0.009813325916424281,-0,0.016002862166626535,0.02394111046938264,0.007488539187764362,-0,-0,0.0047946210354257255,0.01480130632580804,-0,-0,0.0034737160234086795,0.0030888917409951843
berlin,2020.24043715847,0.010723505631432432,0.005293869462529797,-0,-0,0.005299069992201008,0.0027456724863896592,0.005704712909223802,-0,-0,0.0031200936037415155,-0,-0,0.009329636893456644,0.0064119953076371364,0.017058797795801144,0.0068904565028238135,0.010312622530319941,0.014255153758087736,0.0034425139484697983,0.02004986485980289,0.020892596559013498,0.022801798519511415,0.024258457512136344,0.026531967553775116,0.02293705799310592,0.019628504131747417,0.026880546531653973,0.03525755013400977,0.03188057079921395,0.040097055391158626,0.02746325093644055,0.03636070954899522,0.021007042657905466,0.025933665800282155,0.03633989500379043,0.03569985180587178,0.02522091530521477,0.017490541199373096,0.03846302153205649,0.023608158276936315,0.020278753599968627,0.02202146227260865,0.024898359898020826,0.01723045438239712,0.020554461829233938,0.02123593561133503,0.029148968303981775,0.025309358266382833,0.024149206672257714,0.032988861874155756,0.0261677830579091,0.027099059918251102,0.02194863148703926,0.03188057079921395,0.031100098301149643,0.020658503050363,0.02793150027922066,0.01877538916167991,0.015909233441330897,0.012783171116096892,0.021964238075358078,0.021012244759291584,0.030891974280044986,0.016356572205819715,0.011259218854422043,0.017459330712654434,0.015155008191951251,0.00945966038219503,0.016356572205819715,0.019618100206346065,0.012803976234156533,0.013683000077598486,0.014972955460375015,0.0163201607671681,0.025772385635974608,0.014390391002423017,0.018504892215577586,0.003551721292663989,0.023332433856291586,0.013896256622574928,0.01606007980396201
berlin,2020.25956284153,0.005361476388858467,0.005293869462529797,0.002641667098913336,0.005252265243860826,-0,0.005491489955775094,0.0028496780818937227,0.0029640844772087834,0.008866755912421307,0.0031200936037415155,0.0030784911242383115,0.009470062275339882,0.012439887869910123,0.009615688997847744,-0,0.0034477142929898856,0.0034373136044640058,0.010692299206028544,0.013771423416938579,0.006682429355280573,0.023878681770913925,0.022801798519511415,0.02695338422516247,0.01929557955137028,0.025231320351662596,0.023993134442030734,0.008268657375683799,0.0156699607981549,0.02062729066216523,0.02788987794467474,0.02136078673786922,0.009085193614769562,0.018005516934847407,0.021355584601614706,0.018957455206140072,0.017844261358116783,0.008403879051716657,0.013995083122900976,0.017480137701716886,0.009079992706433657,0.025808803693866775,0.02602731257684399,0.02074693825199469,0.01723045438239712,0.01827080945561934,0.023597753555273323,0.021860194241693706,0.022775787122620007,0.028977272368875834,0.015389076926233536,0.023987932042426656,0.022931855699151363,0.011971778004519644,0.021917418324447695,0.02138159528810311,0.016902746845166933,0.02793150027922066,0.015019768959045821,0.01790148102165292,0.019170733383259437,0.017573769255553245,0.023348040859932032,0.028316508453141574,0.01090554348620109,0.014073104176881762,0.017459330712654434,0.02122032924159188,0.006307982586878362,0.019628504131747417,0.013079644834287588,0.012803976234156533,0.02394111046938264,0.018718168536506805,0.0163201607671681,0.015461898525116095,0.019186339137879014,0.00740012653149294,0.024867144964795872,0.019446435737758457,0.020850979858236047,0.024097182543471058
berlin,2020.27868852459,0.005361476388858467,0.005293869462529797,0.005283468404741922,-0,-0,0.005491489955775094,0.0028496780818937227,0.005923137329074769,0.0029536838854148113,0.0031200936037415155,-0,0.0031564958006180316,0.0031096929807496723,-0,0.01023460711837594,0.0034477142929898856,0.006874854437892958,0.007129688751332439,0.020658503050363,0.026734871450718747,0.014920940511277144,0.005699512338984012,0.01886382116080424,0.009646894777153196,0.011467264312355086,0.01090554348620109,0.028946054987036725,0.013709006926505778,0.014998962954432291,0.01045825161244615,0.012205832410470544,0.021204722876538334,0.016502218215392647,0.012205832410470544,0.018957455206140072,0.009735311253569027,0.010088978662577169,0.008747135654730063,0.015732379642405783,0.010895141305903801,0.00921521649229578,0.02402434885060263,0.012450290359226115,0.012918404532277994,0.01370380555568146,0.011794937596486928,0.017001579059527188,0.007592554269948531,0.007244104563595258,0.013194073739032261,0.010900342395795225,0.018759783530390296,0.00997455659055614,0.013948270546703915,0.017490541199373096,0.01878059103982105,0.01303283308219876,0.009386847188447992,0.005964742084499513,0.0063911927468413045,0.004394185656960979,0.00934003876058632,0.0025740637086042453,0.005449885578993458,0.01688714177585683,0.008731533032711871,0.009095595433007688,0.00945966038219503,0.006542011501149185,0.019618100206346065,0.006401594026198965,0.02394111046938264,0.011233213230708054,0.00815944012481873,0.020616886536929273,0.014390391002423017,0.01480130632580804,0.014208340947757954,0.007774581164424722,0.017370901101993855,0.027801430594386087
berlin,2020.2978142076502,0.002683269228943592,0.005293869462529797,-0,0.0026260663087299776,-0,-0,0.0028496780818937227,0.0029640844772087834,-0,0.006240374429955163,-0,-0,-0,0.003203298662611505,0.006822847588589405,0.0034477142929898856,0.0034373136044640058,-0,0.0034425139484697983,0.016710284651006022,0.0029848856670374397,0.011399649447227923,0.00808662875168014,0.009646894777153196,0.004586602272132791,0.008726332159748081,0.012403479173694871,0.0039157474297410386,0.02250006711548699,0.006968466897708303,0.006099957769517166,0.012117411733295511,0.006001146272799539,0.009152805470507532,0.011056375334347382,-0,0.008403879051716657,0.010494658946707572,0.0052418641943946355,0.012710353268446101,0.0036869307032371557,0.01001096358616428,0.016595848008395496,0.008611913086085164,0.009137202726767482,0.011794937596486928,0.0072857103759284385,0.002532461665942752,0.012070600847419764,0.004399386096655418,0.004362983029698865,0.00625077567914549,0.017958700748152395,0.007967010288569753,0.015550324889442071,0.009386847188447992,0.007446933213145208,0.009386847188447992,0.0019864379412056275,0.0063911927468413045,0.006588817410399463,0.007004871788709344,0.010297019438569747,0.01090554348620109,0.011259218854422043,-0,0.009095595433007688,0.006307982586878362,0.009813325916424281,-0,0.009600086115211843,0.006838449637916147,0.007488539187764362,0.00815944012481873,0.010307421499218261,0.023982729643337277,0.00740012653149294,0.010655891733390849,0.015555526444964511,0.006947664114295283,0.017298076829667556
berlin,2020.3169398907103,0.002683269228943592,0.005293869462529797,-0,0.005252265243860826,0.002646867363344045,-0,-0,-0,0.005912736145419771,-0,0.0061571645113304525,-0,0.0031096929807496723,-0,0.006822847588589405,-0,0.0034373136044640058,-0,0.010328225626757764,0.006682429355280573,0.005969942681265255,0.0028496780818937227,0.00808662875168014,0.007233703115713412,0.004586602272132791,0.004362983029698865,0.008268657375683799,0.007831789748571537,0.011248816603374616,0.00522626262409325,0.004576201355811764,0.010603881102422153,0.004498194549718561,0.007628959597872207,0.0015808240286462535,0.006490004984736952,0.0067240347182130535,0.008747135654730063,0.006989269689443552,0.003629726678935282,0.00921521649229578,0.006006346873211892,0.008299862346636568,0.006458801099852386,0.0022828501089257784,0.002360853591780659,0.004857026826684956,0.002532461665942752,0.002412855978691718,0.002199646522854582,0.006542011501149185,0.00625077567914549,0.0019968383395411833,0.00597514327855689,0.007774581164424722,0.009386847188447992,0.005585099925233785,0.005631904973156666,0.005964742084499513,0.01065069066795533,-0,0.007004871788709344,0.005148254842817696,0.005449885578993458,0.008440284947649665,0.005819125586151741,0.006063553512041092,0.012616730471292277,0.009813325916424281,0.013079644834287588,0.009600086115211843,0.010260612242683546,0.007488539187764362,-0,0.005153455357931754,0.009594885155377441,0.00740012653149294,0.0071036851927475855,0.007774581164424722,0.013896256622574928,0.01235666803029795
berlin,2020.3360655737704,-0,0.002646867363344045,0.002641667098913336,-0,-0,0.005491489955775094,0.0028496780818937227,0.005923137329074769,-0,-0,-0,0.0031564958006180316,-0,-0,0.003411311892253395,-0,-0,0.007129688751332439,0.006885255813995315,0.0033437075013491397,0.005969942681265255,0.0028496780818937227,0.0026936697666516906,0.004825823921693603,0.013761020663329399,0.01090554348620109,0.004134164335210349,0.0039157474297410386,0.003749335165157985,0.00522626262409325,0.006099957769517166,0.0015132220174873545,0.003000486564872446,0.0015236223211765214,0.007899399974617293,0.0032449012419726235,0.0067240347182130535,0.003499717766823437,0.0034945174171026557,0.005449885578993458,0.005527893812761903,0.006006346873211892,-0,0.008611913086085164,0.004565800441571103,0.004716613901673972,0.0072857103759284385,0.005059846165506341,0.0048310244045557,0.010993962102740479,0.0021788456471371156,0.008336268169746136,0.0019968383395411833,0.003983352564350079,0.007774581164424722,0.001877233884274619,0.005585099925233785,0.0037545355403623185,0.003978152166262342,0.01065069066795533,0.002194446303142263,0.00934003876058632,0.007722573415268598,0.01090554348620109,0.002813276099801863,-0,0.006063553512041092,0.0031512954852158663,0.006542011501149185,0.003270902870972542,0.006401594026198965,0.0034217125755785886,0.003744134790467952,0.00815944012481873,0.005153455357931754,-0,0.011103185307210562,0.0071036851927475855,0.007774581164424722,0.010421844303680755,0.011118788640866134
berlin,2020.3551912568305,-0,-0,0.002641667098913336,-0,0.002646867363344045,-0,-0,-0,0.0029536838854148113,0.0031200936037415155,0.0030784911242383115,-0,-0,-0,-0,0.0068904565028238135,-0,-0,0.0034425139484697983,0.006682429355280573,0.005969942681265255,-0,0.0026936697666516906,-0,0.00917360913611401,0.006542011501149185,0.008268657375683799,0.0039157474297410386,0.001877233884274619,0.0017420291791526898,0.004576201355811764,0.0030264880716576255,0.003000486564872446,0.007628959597872207,0.0047374157925664535,0.0016224253099669165,0.010088978662577169,0.0017472293536158062,-0,0.003629726678935282,0.005527893812761903,0.004004154161913369,0.002074841393360111,0.0043057782616826865,0.0022828501089257784,0.002360853591780659,0.009714507363240936,-0,0.002412855978691718,-0,0.0021788456471371156,0.0020852418093770505,-0,0.003983352564350079,0.0038845450895646266,0.0037545355403623185,0.007446933213145208,0.001877233884274619,0.005964742084499513,-0,0.002194446303142263,0.0046698096775942876,0.0025740637086042453,0.0027248713922515093,-0,0.005819125586151741,-0,0.0031512954852158663,0.003270902870972542,-0,0.003198098342534541,0.0034217125755785886,0.003744134790467952,0.004076959818915024,0.005153455357931754,0.009594885155377441,0.00740012653149294,-0,0.0038897454782967204,0.010421844303680755,0.0067968441834456396
berlin,2020.3743169398906,-0,0.002646867363344045,-0,0.0026260663087299776,0.002646867363344045,-0,0.0028496780818937227,-0,-0,0.0031200936037415155,-0,0.0031564958006180316,-0,0.003203298662611505,-0,0.0034477142929898856,-0,-0,-0,0.010026566592080932,-0,0.008549502788384242,-0,0.004825823921693603,0.00688005512568118,0.0021788456471371156,0.00206964118613459,0.009792521994884472,0.005626704410198463,0.0034841167192155285,0.0015236223211765214,0.0030264880716576255,0.006001146272799539,0.0030524895914443187,0.0015808240286462535,0.0032449012419726235,0.0016796271261233435,0.0017472293536158062,0.0017472293536158062,0.003629726678935282,0.0018408325829299343,0.006006346873211892,-0,0.0043057782616826865,0.0022828501089257784,0.002360853591780659,-0,0.005059846165506341,0.007244104563595258,0.006594018069580277,0.0021788456471371156,-0,0.0019968383395411833,-0,0.0038845450895646266,-0,0.0018616333234368946,-0,0.0019864379412056275,0.0042589744073810495,0.004394185656960979,-0,-0,0.0027248713922515093,-0,0.0029120815390412773,0.006063553512041092,0.006307982586878362,-0,0.009808124935256148,0.003198098342534541,0.006838449637916147,0.003744134790467952,-0,-0,-0,-0,-0,-0,0.0034737160234086795,0.005559097139037382
berlin,2020.3934426229507,0.002683269228943592,0.005293869462529797,-0,-0,-0,0.0027456724863896592,0.0028496780818937227,0.0029640844772087834,-0,-0,0.0030784911242383115,0.009470062275339882,0.006219571937816006,-0,0.003411311892253395,-0,0.0034373136044640058,0.003562122004072948,-0,0.0033437075013491397,0.0029848856670374397,-0,0.0026936697666516906,0.009646894777153196,0.002293250566546213,-0,0.006203970074175833,0.0019604369544703195,0.003749335165157985,0.0017420291791526898,0.004576201355811764,0.0015132220174873545,0.0014976215658567178,0.004576201355811764,-0,0.0016224253099669165,0.0016796271261233435,0.003499717766823437,0.0034945174171026557,-0,0.005527893812761903,0.002002038539491907,0.002074841393360111,0.0043057782616826865,-0,0.002360853591780659,0.0024284567049030854,-0,0.002412855978691718,0.006594018069580277,0.004362983029698865,-0,-0,-0,0.0019448363686649871,-0,0.003723333296920117,0.001877233884274619,0.0019864379412056275,0.0042589744073810495,-0,-0,-0,-0,-0,0.005819125586151741,-0,-0,-0,-0,-0,-0,0.003744134790467952,-0,-0,0.0047946210354257255,0.003702531811699247,0.003551721292663989,0.007774581164424722,0.0034737160234086795,0.005559097139037382
berlin,2020.4125683060108,-0,0.002646867363344045,-0,0.0026260663087299776,0.002646867363344045,0.0027456724863896592,-0,0.008887559463588091,-0,-0,0.0030784911242383115,-0,-0,-0,0.006822847588589405,0.0034477142929898856,0.0034373136044640058,0.003562122004072948,0.006885255813995315,0.0033437075013491397,0.005969942681265255,-0,0.00808662875168014,0.002412855978691718,-0,0.0021788456471371156,0.00206964118613459,0.0019604369544703195,0.001877233884274619,0.00522626262409325,0.0030524895914443187,-0,0.004498194549718561,-0,0.0031564958006180316,0.0016224253099669165,0.0016796271261233435,0.0017472293536158062,0.0034945174171026557,-0,0.005527893812761903,0.002002038539491907,-0,0.0021528445641883763,0.0022828501089257784,-0,0.0072857103759284385,0.007592554269948531,-0,0.002199646522854582,-0,-0,0.0019968383395411833,0.00597514327855689,0.0019448363686649871,0.007509342187557531,0.003723333296920117,0.001877233884274619,0.005964742084499513,0.0042589744073810495,0.006588817410399463,0.0023348524178297934,0.0025740637086042453,0.005449885578993458,-0,0.0029120815390412773,-0,-0,-0,-0,-0,-0,0.003744134790467952,-0,-0,0.0047946210354257255,-0,-0,0.0038897454782967204,-0,0.0018512329521433405
berlin,2020.431693989071,0.002683269228943592,0.005293869462529797,0.005283468404741922,-0,0.002646867363344045,-0,-0,0.011852150603862919,0.005912736145419771,-0,0.012315058160441395,0.006313183217977983,-0,0.003203298662611505,0.01023460711837594,-0,-0,0.010692299206028544,0.006885255813995315,0.006682429355280573,0.005969942681265255,0.008549502788384242,0.005387479076234068,0.004825823921693603,0.004586602272132791,0.006542011501149185,0.00206964118613459,0.0019604369544703195,0.003749335165157985,0.0017420291791526898,0.004576201355811764,0.0015132220174873545,0.003000486564872446,0.0030524895914443187,0.0031564958006180316,0.0032449012419726235,0.005044244649821531,0.0017472293536158062,0.0034945174171026557,0.003629726678935282,0.0036869307032371557,0.004004154161913369,0.002074841393360111,-0,-0,0.007077681647160509,-0,0.002532461665942752,0.002412855978691718,0.002199646522854582,-0,0.0020852418093770505,0.0019968383395411833,0.003983352564350079,0.005829526751076739,-0,-0,0.001877233884274619,-0,0.002132043707192469,-0,-0,-0,-0,0.002813276099801863,-0,-0,0.0031512954852158663,-0,-0,-0,-0,0.003744134790467952,-0,-0,0.0047946210354257255,-0,-0,-0,0.006947664114295283,0.0030888917409951843
berlin,2020.450819672131,0.010723505631432432,0.007941006311263562,0.010567473691689762,0.01576358909262821,0.007946207105682173,0.0027456724863896592,0.00855470364366793,0.005923137329074769,0.0029536838854148113,0.012476296591617569,0.015394278465626382,0.009470062275339882,0.006219571937816006,0.0064119953076371364,0.013646590510986694,0.010338627693648754,0.0034373136044640058,0.010692299206028544,0.013771423416938579,0.010026566592080932,0.005969942681265255,0.005699512338984012,0.0026936697666516906,0.016881940087131325,0.002293250566546213,0.006542011501149185,0.006203970074175833,0.0039157474297410386,0.007498940686620647,0.0034841167192155285,0.007628959597872207,0.010603881102422153,0.0014976215658567178,0.009152805470507532,0.0031564958006180316,0.0032449012419726235,0.003364508843036276,0.003499717766823437,0.0052418641943946355,0.003629726678935282,0.005527893812761903,0.004004154161913369,0.010375034944150853,0.0043057782616826865,0.006848851006736582,0.011794937596486928,-0,0.005059846165506341,-0,0.004399386096655418,0.0021788456471371156,-0,0.005985544474694745,0.003983352564350079,0.0019448363686649871,0.0037545355403623185,-0,-0,0.003978152166262342,0.0042589744073810495,0.002194446303142263,0.0023348524178297934,0.0025740637086042453,0.0027248713922515093,-0,-0,-0,0.0031512954852158663,-0,-0,-0,-0,0.003744134790467952,-0,-0,-0,0.003702531811699247,-0,-0,-0,0.0030888917409951843
berlin,2020.4699453551912,0.013407328278878597,0.010588277923271066,0.026427914580409124,0.007883797606960438,0.007946207105682173,0.03572066609488178,0.00855470364366793,0.011852150603862919,0.011820943501131212,-0,0.012315058160441395,0.0031564958006180316,0.006219571937816006,0.01602887017579082,0.013646590510986694,0.013781826172628861,0.02063249272556671,0.007129688751332439,0.006885255813995315,0.0033437075013491397,0.0029848856670374397,-0,0.00808662875168014,0.007233703115713412,0.00688005512568118,0.006542011501149185,0.006203970074175833,0.007831789748571537,0.007498940686620647,0.0034841167192155285,0.004576201355811764,0.010603881102422153,0.01350095249946718,0.004576201355811764,0.012637535522759372,0.0032449012419726235,0.0067240347182130535,0.010494658946707572,0.0017472293536158062,0.0018148316689941748,0.0036869307032371557,0.01201338759969349,0.008299862346636568,0.008611913086085164,0.01370380555568146,0.007077681647160509,0.0072857103759284385,0.005059846165506341,0.002412855978691718,0.004399386096655418,0.00872113128729869,0.0020852418093770505,0.011971778004519644,-0,0.007774581164424722,0.005631904973156666,0.0018616333234368946,0.001877233884274619,-0,0.0042589744073810495,0.004394185656960979,-0,-0,0.005449885578993458,-0,0.0029120815390412773,0.003031688374572533,0.0031512954852158663,-0,0.003270902870972542,-0,-0,-0,-0,-0,-0,0.003702531811699247,0.003551721292663989,0.0038897454782967204,-0,0.004940234664859949
berlin,2020.4890710382513,0.010723505631432432,0.010588277923271066,0.00792540393112291,0.005252265243860826,0.002646867363344045,-0,0.0028496780818937227,0.0029640844772087834,0.005912736145419771,0.0031200936037415155,0.0061571645113304525,0.0031564958006180316,0.012439887869910123,0.003203298662611505,0.006822847588589405,0.0068904565028238135,-0,0.003562122004072948,0.0034425139484697983,-0,0.005969942681265255,-0,0.005387479076234068,0.007233703115713412,-0,0.008726332159748081,0.006203970074175833,0.009792521994884472,-0,0.01045825161244615,0.0030524895914443187,0.006058352905907412,0.007498940686620647,0.007628959597872207,0.0047374157925664535,0.006490004984736952,0.005044244649821531,0.003499717766823437,0.006989269689443552,0.0018148316689941748,0.00921521649229578,0.002002038539491907,0.008299862346636568,0.006458801099852386,0.004565800441571103,0.007077681647160509,-0,0.002532461665942752,0.0048310244045557,0.002199646522854582,-0,0.0020852418093770505,-0,0.003983352564350079,-0,0.009386847188447992,0.0018616333234368946,0.0037545355403623185,0.005964742084499513,0.0042589744073810495,-0,0.0023348524178297934,0.005148254842817696,0.005449885578993458,0.002813276099801863,-0,0.006063553512041092,-0,-0,-0,0.003198098342534541,-0,0.003744134790467952,-0,-0,0.0047946210354257255,-0,0.003551721292663989,0.0038897454782967204,-0,0.00370773218222291
berlin,2020.5081967213114,0.002683269228943592,0.002646867363344045,-0,-0,0.002646867363344045,0.0027456724863896592,0.005704712909223802,-0,0.0029536838854148113,-0,0.0061571645113304525,-0,0.0031096929807496723,0.003203298662611505,-0,0.0068904565028238135,-0,0.003562122004072948,-0,0.010026566592080932,0.0029848856670374397,0.008549502788384242,0.005387479076234068,0.007233703115713412,0.00917360913611401,0.006542011501149185,0.012403479173694871,0.005876332019013881,0.001877233884274619,0.00871593041537525,0.004576201355811764,0.004544998619330876,0.007498940686620647,0.004576201355811764,0.0031564958006180316,0.006490004984736952,0.003364508843036276,0.0052470647188647915,0.0034945174171026557,0.003629726678935282,0.0018408325829299343,0.004004154161913369,0.004149765577846888,0.008611913086085164,0.006848851006736582,0.007077681647160509,-0,0.01518101577706131,0.007244104563595258,-0,0.006542011501149185,0.0020852418093770505,0.0019968383395411833,-0,0.007774581164424722,0.001877233884274619,0.0018616333234368946,0.0037545355403623185,0.0019864379412056275,0.0085182976676288,0.002194446303142263,0.007004871788709344,-0,0.0027248713922515093,0.002813276099801863,0.008731533032711871,-0,-0,-0,-0,-0,-0,-0,-0,0.005153455357931754,0.0047946210354257255,-0,0.003551721292663989,-0,-0,0.0030888917409951843
berlin,2020.5273224043715,-0,0.010588277923271066,0.002641667098913336,0.0026260663087299776,0.005299069992201008,0.01098876100349089,0.0028496780818937227,0.005923137329074769,0.005912736145419771,-0,0.0030784911242383115,-0,-0,0.003203298662611505,0.003411311892253395,-0,0.0034373136044640058,-0,0.0034425139484697983,0.0033437075013491397,-0,0.005699512338984012,0.005387479076234068,0.004825823921693603,-0,0.004362983029698865,0.004134164335210349,-0,0.003749335165157985,0.006968466897708303,0.006099957769517166,0.0030264880716576255,0.006001146272799539,0.007628959597872207,-0,0.008112632801814583,0.003364508843036276,0.0052470647188647915,0.0052418641943946355,0.0018148316689941748,0.0036869307032371557,0.008008616679312571,-0,0.0043057782616826865,0.004565800441571103,0.002360853591780659,-0,0.007592554269948531,-0,0.002199646522854582,0.0021788456471371156,0.0020852418093770505,0.003988552962963668,0.003983352564350079,0.0038845450895646266,0.001877233884274619,-0,-0,-0,0.002132043707192469,0.002194446303142263,-0,0.0025740637086042453,0.0027248713922515093,0.002813276099801863,0.0029120815390412773,0.003031688374572533,-0,-0,-0,0.003198098342534541,0.006838449637916147,-0,-0,-0,0.0047946210354257255,-0,-0,-0,-0,6.188036818867976e-4
berlin,2020.5464480874316,-0,0.002646867363344045,-0,-0,-0,0.0027456724863896592,-0,-0,-0,-0,-0,0.0031564958006180316,0.0031096929807496723,0.003203298662611505,-0,0.0034477142929898856,0.0034373136044640058,0.003562122004072948,-0,0.006682429355280573,0.0029848856670374397,0.005699512338984012,0.005387479076234068,0.007233703115713412,-0,0.0021788456471371156,-0,0.0039157474297410386,0.001877233884274619,-0,0.0030524895914443187,0.0030264880716576255,0.003000486564872446,0.0015236223211765214,0.0015808240286462535,0.0016224253099669165,-0,-0,-0,-0,0.0018408325829299343,0.002002038539491907,0.002074841393360111,0.0021528445641883763,-0,0.002360853591780659,-0,0.002532461665942752,0.007244104563595258,0.002199646522854582,0.006542011501149185,0.0020852418093770505,0.0019968383395411833,0.0019916381401162723,-0,0.001877233884274619,0.005585099925233785,0.001877233884274619,0.0019864379412056275,0.002132043707192469,-0,-0,-0,-0,-0,0.0029120815390412773,-0,-0,-0,-0,0.003198098342534541,-0,-0,-0,0.005153455357931754,-0,-0,-0,-0,-0,-0
berlin,2020.5655737704917,-0,0.002646867363344045,-0,0.0026260663087299776,0.002646867363344045,-0,-0,-0,0.0029536838854148113,0.006240374429955163,-0,0.0031564958006180316,-0,0.0064119953076371364,0.003411311892253395,0.010338627693648754,0.0034373136044640058,0.007129688751332439,0.006885255813995315,0.010026566592080932,0.0029848856670374397,0.011399649447227923,0.00808662875168014,0.004825823921693603,0.013761020663329399,0.0021788456471371156,0.008268657375683799,0.007831789748571537,0.005626704410198463,0.0034841167192155285,0.0015236223211765214,0.004544998619330876,0.009001979143776418,0.006099957769517166,-0,0.006490004984736952,0.008403879051716657,0.003499717766823437,0.0017472293536158062,0.003629726678935282,0.0018408325829299343,0.006006346873211892,-0,0.0021528445641883763,0.0022828501089257784,-0,0.004857026826684956,0.01265313931681946,0.002412855978691718,0.008793943548885647,0.004362983029698865,0.008336268169746136,-0,0.003983352564350079,0.0038845450895646266,0.001877233884274619,-0,-0,0.003978152166262342,-0,0.002194446303142263,-0,0.0025740637086042453,-0,-0,-0,-0,0.0031512954852158663,-0,0.006536810847169685,-0,-0,-0,-0,0.005153455357931754,-0,0.003702531811699247,-0,-0,-0,0.0012376147276746286
berlin,2020.5846994535518,0.005361476388858467,0.007941006311263562,-0,0.013136859255186912,0.002646867363344045,0.0027456724863896592,0.0028496780818937227,-0,0.008866755912421307,0.006240374429955163,0.0030784911242383115,0.006313183217977983,0.006219571937816006,0.012824781360540272,0.006822847588589405,0.0068904565028238135,0.006874854437892958,0.007129688751332439,0.013771423416938579,0.010026566592080932,0.014920940511277144,0.005699512338984012,0.010780717459976748,0.009646894777153196,0.011467264312355086,0.008726332159748081,0.00206964118613459,0.011748127000910156,0.01312645662852338,0.006968466897708303,0.006099957769517166,-0,0.006001146272799539,0.0015236223211765214,0.0015808240286462535,0.004867427799176182,0.010088978662577169,0.003499717766823437,0.0034945174171026557,0.0018148316689941748,0.0036869307032371557,0.004004154161913369,0.008299862346636568,-0,0.0022828501089257784,0.004716613901673972,0.0072857103759284385,0.010120184725916173,0.002412855978691718,0.008793943548885647,0.0021788456471371156,0.004170567241980617,-0,0.0019916381401162723,0.005829526751076739,-0,0.005585099925233785,0.001877233884274619,0.0019864379412056275,-0,-0,0.007004871788709344,-0,-0,-0,-0,0.003031688374572533,0.0031512954852158663,-0,-0,0.003198098342534541,-0,0.003744134790467952,-0,-0,-0,0.003702531811699247,-0,-0,0.0034737160234086795,0.0012376147276746286
berlin,2020.603825136612,0.002683269228943592,0.005293869462529797,0.005283468404741922,0.005252265243860826,-0,-0,0.00855470364366793,0.011852150603862919,0.011820943501131212,0.012476296591617569,0.024633033562881032,0.012627132995985318,0.012439887869910123,0.01602887017579082,0.01023460711837594,0.010338627693648754,0.013750617911807095,0.010692299206028544,0.010328225626757764,0.006682429355280573,0.017906682812366636,0.011399649447227923,0.013474945754614267,0.01447361409682835,0.00688005512568118,0.008726332159748081,0.010338627693648754,0.0019604369544703195,0.009376445311949172,0.00871593041537525,0.0030524895914443187,0.012117411733295511,0.004498194549718561,0.0030524895914443187,0.007899399974617293,0.011358040343154753,0.0067240347182130535,0.0052470647188647915,0.0034945174171026557,-0,0.0036869307032371557,0.01001096358616428,0.004149765577846888,0.006458801099852386,0.006848851006736582,0.009438856602147598,0.009714507363240936,0.01518101577706131,0.0048310244045557,0.008793943548885647,0.0021788456471371156,0.012507504087659016,0.005985544474694745,0.0019916381401162723,0.005829526751076739,0.001877233884274619,0.0018616333234368946,0.001877233884274619,0.009943350614610848,0.0042589744073810495,0.004394185656960979,0.0046698096775942876,0.0025740637086042453,-0,-0,-0,0.006063553512041092,-0,-0,0.003270902870972542,-0,-0,-0,-0,-0,-0,-0,-0,0.0038897454782967204,-0,6.188036818867976e-4
berlin,2020.622950819672,0.002683269228943592,-0,0.00792540393112291,0.0026260663087299776,0.005299069992201008,0.008242653247524817,0.005704712909223802,0.023701800865582573,0.005912736145419771,0.012476296591617569,0.018473681120032222,0.018936647625938004,0.015550324889442071,0.022442842391546248,0.020466026954941582,0.020674109251490356,0.02063249272556671,0.0178182524409559,0.0034425139484697983,0.016710284651006022,0.023878681770913925,0.01995102685164687,0.029648450611382795,0.01929557955137028,0.018348836925189373,0.004362983029698865,0.01447361409682835,0.0019604369544703195,0.011248816603374616,0.01568556550219627,0.01372981241499424,0.010603881102422153,0.007498940686620647,0.009152805470507532,0.012637535522759372,0.012980820073743847,0.005044244649821531,0.008747135654730063,0.0052418641943946355,0.01452562859847291,0.00921521649229578,0.01001096358616428,0.012450290359226115,0.008611913086085164,0.009137202726767482,0.007077681647160509,0.0024284567049030854,0.002532461665942752,0.019316387275197962,0.004399386096655418,0.00872113128729869,0.010421844303680755,0.003988552962963668,0.011950973219418473,0.007774581164424722,0.0037545355403623185,-0,0.005631904973156666,0.0019864379412056275,0.0042589744073810495,0.004394185656960979,0.0046698096775942876,-0,0.0027248713922515093,-0,-0,-0,0.0031512954852158663,-0,-0,-0,-0,0.003744134790467952,-0,0.005153455357931754,-0,-0,-0,-0,0.0034737160234086795,0.0018512329521433405
berlin,2020.6420765027322,-0,0.007941006311263562,0.00792540393112291,-0,0.005299069992201008,0.0027456724863896592,0.005704712909223802,-0,0.0029536838854148113,-0,0.009236020182871087,0.009470062275339882,0.012439887869910123,-0,0.006822847588589405,0.0068904565028238135,0.010312622530319941,-0,0.0034425139484697983,0.013365717568280491,0.014920940511277144,0.017100411461730233,0.024258457512136344,0.024123194601358353,0.013761020663329399,0.01090554348620109,0.016538629781530565,0.009792521994884472,0.014998962954432291,0.0034841167192155285,0.015253837084577991,0.019690927727868554,0.012002985197778588,0.012205832410470544,0.0047374157925664535,0.008112632801814583,0.003364508843036276,0.0052470647188647915,0.010484256848604085,0.005449885578993458,0.0018408325829299343,0.01001096358616428,0.006224772560067722,0.010765114227763857,0.006848851006736582,0.009438856602147598,0.012143417799208247,0.01518101577706131,0.014489218441861561,0.010993962102740479,0.006542011501149185,-0,0.005985544474694745,0.0019916381401162723,0.005829526751076739,0.0037545355403623185,0.011170799786850443,0.001877233884274619,0.003978152166262342,-0,0.004394185656960979,0.0046698096775942876,0.0025740637086042453,-0,0.002813276099801863,0.0029120815390412773,0.003031688374572533,0.006307982586878362,-0,-0,-0,0.006838449637916147,-0,-0,-0,0.0047946210354257255,-0,0.003551721292663989,-0,-0,0.002470058664356574
berlin,2020.6612021857923,0.002683269228943592,-0,0.00792540393112291,0.005252265243860826,0.005299069992201008,-0,0.0028496780818937227,0.005923137329074769,0.008866755912421307,0.012476296591617569,-0,0.0031564958006180316,0.0031096929807496723,0.022442842391546248,0.003411311892253395,0.0034477142929898856,0.006874854437892958,0.010692299206028544,-0,0.013365717568280491,0.017906682812366636,0.01995102685164687,0.021563670457839468,0.024123194601358353,0.013761020663329399,0.02181337458445638,0.028946054987036725,0.01762578685831152,0.02250006711548699,0.020913404921895137,0.016783108100158758,0.009085193614769562,0.007498940686620647,0.01677790642183421,0.0047374157925664535,0.014598448988184133,0.003364508843036276,0.017490541199373096,0.017480137701716886,0.003629726678935282,0.005527893812761903,0.008008616679312571,0.008299862346636568,0.006458801099852386,0.009137202726767482,0.009438856602147598,0.009714507363240936,0.005059846165506341,0.0048310244045557,0.006594018069580277,0.010900342395795225,0.00625077567914549,0.005985544474694745,-0,0.0038845450895646266,0.007509342187557531,0.007446933213145208,0.001877233884274619,-0,0.0042589744073810495,0.004394185656960979,0.0023348524178297934,0.0025740637086042453,0.005449885578993458,0.002813276099801863,0.005819125586151741,-0,-0,-0,0.003270902870972542,-0,0.0034217125755785886,-0,-0,-0,-0,0.003702531811699247,-0,0.0038897454782967204,0.010421844303680755,6.188036818867976e-4
berlin,2020.6803278688524,0.002683269228943592,0.005293869462529797,-0,0.0026260663087299776,-0,0.0027456724863896592,0.0028496780818937227,-0,0.0029536838854148113,0.009355641565193784,0.0061571645113304525,0.0031564958006180316,0.0031096929807496723,0.009615688997847744,0.006822847588589405,0.013781826172628861,0.006874854437892958,0.003562122004072948,0.017214849214742513,0.026734871450718747,0.023878681770913925,0.025652726482471466,0.029648450611382795,0.041012969437776256,0.016054878197968896,0.034903711505238535,0.024809917635880415,0.027421628976693393,0.041257562850015805,0.02614697259232536,0.02136078673786922,0.018177176646680372,0.009001979143776418,0.01677790642183421,0.012637535522759372,0.008112632801814583,0.0067240347182130535,0.003499717766823437,0.0034945174171026557,0.010895141305903801,0.00921521649229578,0.008008616679312571,0.002074841393360111,0.0043057782616826865,0.0022828501089257784,0.002360853591780659,0.004857026826684956,0.01518101577706131,0.002412855978691718,0.006594018069580277,0.004362983029698865,0.0020852418093770505,0.0019968383395411833,0.00597514327855689,0.0019448363686649871,0.005631904973156666,0.0018616333234368946,0.0037545355403623185,-0,0.0063911927468413045,0.002194446303142263,-0,-0,0.0027248713922515093,0.005626704410198463,-0,0.003031688374572533,-0,-0,-0,0.009600086115211843,-0,-0,-0,0.005153455357931754,-0,0.003702531811699247,-0,-0,-0,-0
berlin,2020.6994535519125,0.005361476388858467,0.002646867363344045,-0,0.005252265243860826,0.002646867363344045,0.005491489955775094,0.005704712909223802,-0,0.005912736145419771,0.006240374429955163,0.0030784911242383115,0.015784395403182796,0.0031096929807496723,0.009615688997847744,0.003411311892253395,0.010338627693648754,0.006874854437892958,0.021386797426959762,0.020658503050363,0.0033437075013491397,0.008955171062356925,0.034206448313292746,0.02695338422516247,0.026531967553775116,0.025231320351662596,0.02181337458445638,0.016538629781530565,0.01958688844263142,0.01312645662852338,0.02440412565569241,0.02288503507700988,0.018177176646680372,0.024003539242806113,0.018307222260180226,0.018957455206140072,0.009735311253569027,0.005044244649821531,0.008747135654730063,0.010484256848604085,0.010895141305903801,0.0036869307032371557,0.008008616679312571,0.010375034944150853,0.010765114227763857,0.0022828501089257784,0.004716613901673972,0.0024284567049030854,0.005059846165506341,0.012070600847419764,0.010993962102740479,0.01526424013682805,0.00625077567914549,0.0019968383395411833,0.009958953600245485,0.009714507363240936,0.001877233884274619,0.0018616333234368946,0.007509342187557531,0.007956608696085646,0.002132043707192469,0.002194446303142263,-0,0.005148254842817696,0.0027248713922515093,-0,0.0029120815390412773,0.003031688374572533,0.0031512954852158663,0.003270902870972542,0.003270902870972542,0.003198098342534541,0.006838449637916147,0.003744134790467952,0.004076959818915024,-0,-0,-0,-0,-0,-0,0.004940234664859949
berlin,2020.7185792349726,0.008045022298518056,0.005293869462529797,0.005283468404741922,0.0026260663087299776,0.002646867363344045,0.005491489955775094,0.005704712909223802,0.0029640844772087834,0.011820943501131212,0.006240374429955163,0.009236020182871087,0.009470062275339882,0.006219571937816006,0.009615688997847744,0.003411311892253395,0.010338627693648754,0.010312622530319941,0.032078292358428705,0.013771423416938579,0.02004986485980289,0.020892596559013498,0.02850381075766011,0.024258457512136344,0.03377456609985414,0.03211471483291475,0.032723494254699385,0.020674109251490356,0.027421628976693393,0.026251025003527908,0.036610484741317,0.024409328096941,0.0166634696304082,0.02700541121156181,0.018307222260180226,0.018957455206140072,0.012980820073743847,0.020174713138630188,0.015742782790398663,0.013984680324547919,0.012710353268446101,0.018432066355112433,0.020018652836930783,0.016595848008395496,0.008611913086085164,0.015987257367367187,0.007077681647160509,0.009714507363240936,0.017714216902418683,0.007244104563595258,0.013194073739032261,0.01526424013682805,0.012507504087659016,0.0079826126812,0.009958953600245485,0.011659707102012232,0.009386847188447992,0.007446933213145208,0.0037545355403623185,0.0019864379412056275,0.0085182976676288,0.008783541790988263,0.016340967300420138,0.005148254842817696,0.005449885578993458,0.002813276099801863,0.005819125586151741,0.006063553512041092,-0,0.006542011501149185,0.013079644834287588,0.012803976234156533,0.0034217125755785886,0.003744134790467952,0.004076959818915024,0.010307421499218261,0.009594885155377441,0.003702531811699247,0.0071036851927475855,0.0038897454782967204,0.006947664114295283,0.0030888917409951843
berlin,2020.7377049180327,0.002683269228943592,0.002646867363344045,0.002641667098913336,0.005252265243860826,0.005299069992201008,0.0027456724863896592,0.005704712909223802,0.005923137329074769,0.011820943501131212,0.006240374429955163,0.012315058160441395,0.006313183217977983,0.01866094797429901,0.012824781360540272,0.017058797795801144,0.031016848592746348,0.0034373136044640058,0.032078292358428705,0.013771423416938579,0.016710284651006022,0.017906682812366636,0.03705800162802277,0.021563670457839468,0.04342772925727946,0.034414585600647966,0.02181337458445638,0.020674109251490356,0.023504111153991303,0.0243781134572741,0.02788987794467474,0.02288503507700988,0.02726554692435965,0.028509013609085872,0.02898767816698684,0.020538855664015032,0.012980820073743847,0.01681431818101577,0.02099143635685808,0.022723764367865575,0.016346168935031078,0.014749291548414057,0.008008616679312571,0.016595848008395496,0.021537659680270146,0.020554461829233938,0.03067864802289615,0.014572441694434968,0.007592554269948531,0.028977272368875834,0.02638629344935969,0.004362983029698865,0.018759783530390296,0.02593886839455305,0.019925016880720882,0.015550324889442071,0.01502497046150284,0.011170799786850443,0.022531280627817375,0.009943350614610848,0.021303563267664152,0.006588817410399463,0.011675310602655163,0.012866391638280074,0.016356572205819715,0.008440284947649665,0.008731533032711871,0.003031688374572533,0.012616730471292277,0.003270902870972542,0.006536810847169685,0.003198098342534541,0.006838449637916147,-0,-0,-0,0.0047946210354257255,0.003702531811699247,0.010655891733390849,0.011664908268371053,0.010421844303680755,0.00802941988716782
berlin,2020.7568306010928,0.008045022298518056,-0,0.005283468404741922,0.013136859255186912,0.010593478982469807,0.01098876100349089,0.011410051728448493,0.0029640844772087834,0.014780500408604591,0.028077178712487636,0.015394278465626382,0.015784395403182796,0.01866094797429901,0.02885760584026865,0.01023460711837594,0.04136164550205281,0.03782815598514792,0.024950384828363172,0.05510759013458939,0.040112667427261196,0.05075596278638454,0.04847098371572723,0.035039002461352296,0.028946054987036725,0.052775572298102605,0.045816578292956045,0.059980179221676665,0.03918115747692687,0.04876245609667059,0.03137586391218727,0.02593886839455305,0.025751575328628776,0.03751592987099191,0.024409328096941,0.03633989500379043,0.03407636293175165,0.02522091530521477,0.026240619753038208,0.019227954506435822,0.018161571194918236,0.00921521649229578,0.03003347149786665,0.012450290359226115,0.0279991366439112,0.015987257367367187,0.03539804555147377,0.034008718661960216,0.03543447035130267,0.012070600847419764,0.015389076926233536,0.023987932042426656,0.010421844303680755,0.017958700748152395,0.011950973219418473,0.027213519677689067,0.01502497046150284,0.020481633098297477,0.022531280627817375,0.02585562694864049,0.014910537527701157,0.017573769255553245,0.0046698096775942876,0.012866391638280074,0.019082300862194364,0.011259218854422043,0.011638902441767738,0.009095595433007688,0.015768790669483494,0.003270902870972542,0.003270902870972542,0.016002862166626535,0.013683000077598486,0.011233213230708054,0.00815944012481873,-0,0.009594885155377441,0.01480130632580804,0.0071036851927475855,0.007774581164424722,0.017370901101993855,0.011737724652059486
berlin,2020.775956284153,0.016091289450864764,0.015883225492003324,0.023779836484946176,0.01051026209776149,0.005299069992201008,0.013735013788414154,0.005704712909223802,0.026667236730436025,0.023649777184407177,0.021839385499940696,0.018473681120032222,0.034726793093746246,0.04977741731572269,0.05131290912290023,0.08533958906755156,0.04480689886213997,0.04815348887414115,0.046342243901273755,0.0688936176456205,0.09363745685389897,0.05971467382409355,0.05417581153408853,0.03773969172913588,0.06514999567172149,0.06655056816632929,0.07856892661877873,0.06619130991446304,0.06269778300539812,0.05814769898993326,0.05579472248025004,0.05494101396362606,0.03332707746968938,0.021007042657905466,0.036620892067033874,0.04582178287689639,0.03245292474289763,0.020174713138630188,0.0384890407771948,0.029716089209353567,0.02542381408648386,0.027655752933626626,0.02803035345728778,0.03527836424597828,0.021537659680270146,0.03654804083075729,0.04956921852751923,0.043729582119420046,0.04049776580148282,0.031396676470485545,0.03518470080773461,0.05017299730986679,0.027099059918251102,0.027936703073378522,0.03387343038635642,0.03693311280709546,0.033805786380549374,0.01303283308219876,0.030043877507337415,0.021875800803470166,0.017043192679666256,0.03075669411301404,0.02801994785074668,0.018015920537615346,0.02726554692435965,0.014073104176881762,0.026193796151603447,0.012122612945435263,0.028389348158066836,0.013084846142679749,0.009808124935256148,0.012803976234156533,0.013683000077598486,0.018718168536506805,0.004076959818915024,0.005153455357931754,0.014390391002423017,0.018504892215577586,0.014208340947757954,0.023332433856291586,0.010421844303680755,0.015446293888200674
berlin,2020.795081967213,0.024133599428157803,0.021178712278522308,0.021137095348754083,0.013136859255186912,0.015893628670174555,0.03296804867858917,0.019966632840442634,0.017776638200561638,0.01773502399347591,0.04056541851309214,0.03387343038635642,0.05052173480057608,0.040440521268099314,0.07698576041845435,0.0648428119531784,0.07240318258326939,0.061916847835518186,0.08916279868018656,0.08613129332115385,0.07690764491296279,0.09557537941596181,0.07700138353363198,0.0835999654843537,0.060323776454442805,0.091814208554542,0.10915328179577273,0.08481873757953697,0.09996201928288326,0.07316344596367182,0.0767305835349571,0.06562899763349243,0.06516040871092947,0.07655873042109615,0.057991524683785566,0.052145737203879765,0.04381285218285383,0.05886610683956913,0.04899147125641434,0.04545746325929546,0.047232244323174494,0.06270298927921564,0.042053800437282025,0.0518854769957214,0.04523887271391622,0.0685499637819632,0.03539804555147377,0.06317676237885383,0.05822578631889698,0.055555266238123804,0.05939190438219159,0.03707881646067312,0.058387167170344256,0.04989713199640165,0.035866366351226676,0.050547760080229334,0.04508273717265402,0.04842414009260474,0.03755755991123014,0.03182333575133362,0.021303563267664152,0.02416481392104775,0.023348040859932032,0.02059087623294949,0.03817681069484297,0.033779769478671215,0.023285612873469672,0.030319637517088757,0.022078686532838312,0.019628504131747417,0.013079644834287588,0.003198098342534541,0.02736439883644126,0.018718168536506805,0.028561042151940212,0.020616886536929273,0.03837976003511822,0.018504892215577586,0.014208340947757954,0.023332433856291586,0.03127700437403043,0.014208340947757954
berlin,2020.8142076502731,0.04291770598896189,0.021178712278522308,0.018494488514980985,0.018395653463129862,0.015893628670174555,0.02197984466836663,0.022817405363896353,0.032593412582920846,0.023649777184407177,0.03432092371823954,0.06469182401093575,0.053676093576418754,0.07157002999996702,0.0641451471977066,0.0648428119531784,0.06550404017459482,0.07913137884639833,0.07845435376271323,0.1240743057376064,0.11372867680435696,0.12847377621592163,0.13982863204696944,0.1295007204188682,0.11105009374293454,0.158482461477383,0.12663888072177035,0.1552643677736028,0.0960390328860889,0.07316344596367182,0.12387623406954308,0.11299908797875588,0.10308290641813124,0.08106355275208788,0.09159542305449007,0.07586611605271303,0.08929302194145777,0.08916800760437897,0.06474909524776822,0.08395413562745005,0.07267916731979125,0.06824275997792192,0.07010683808355649,0.0726583382319695,0.06679007504649638,0.07769922079895633,0.09918052428293432,0.13616853168146836,0.06076108530702727,0.09424174753816181,0.07479857062053179,0.0632652699199413,0.058387167170344256,0.08985038118459006,0.07375708400249739,0.08362600732447399,0.06200014702819346,0.0689248590185716,0.08454268840612454,0.08955867840567697,0.046878324202425284,0.06152638464855827,0.06773770004135177,0.0489186026870885,0.04908515956701286,0.0478568151184324,0.046576453061768774,0.036381524102531655,0.015768790669483494,0.0359912526101636,0.035970438212844374,0.032015853890086564,0.034206448313292746,0.04493701109044341,0.03672496543875819,0.030928395923604832,0.009594885155377441,0.03331146747070119,0.024867144964795872,0.019446435737758457,0.03127700437403043,0.03583514483335566
berlin,2020.8333333333333,0.01877018728406492,0.023826657912771082,0.03171406901667513,0.04993877194993827,0.04770067171633308,0.030220779986949105,0.019966632840442634,0.04741441003021243,0.05618514263089955,0.07178873126095485,0.049282946554831286,0.06631626902489622,0.09025668421071835,0.07377270614766684,0.09217364387443899,0.08620421405601666,0.07224175822762682,0.11415080072809503,0.11717351659906655,0.16062622923176725,0.14043867382190625,0.12840079618147254,0.14841158711113625,0.14247741236121736,0.158482461477383,0.1288230392273624,0.09310089428747721,0.13725297900640038,0.155827650185515,0.1273686609476632,0.12828611347714053,0.1304077844507176,0.10510975982116294,0.07784503872384359,0.0964349649645036,0.06979962508175645,0.11274894559502914,0.082261432464986,0.08220414193736,0.09450221982651151,0.07747007917170308,0.08614171056273068,0.08927739513288876,0.07973029299902457,0.09141831165723194,0.08736575097695899,0.09236117633197953,0.11651684269447746,0.10633424681553272,0.08361038221883794,0.08509999673510564,0.11475532984582007,0.091850672894044,0.08173540362764328,0.10309332705620526,0.09396564833699544,0.1024941437590615,0.07138257250835672,0.06367136527505766,0.06820110536455713,0.07692326800467104,0.07942823108594334,0.05406649782049767,0.05727312891678551,0.05912640198824046,0.08153749316550117,0.045483486004473744,0.05363965599652256,0.06545718120492598,0.02615737782407618,0.041621853043584414,0.05816852226618628,0.04868438297729126,0.05305665819056681,0.04640469957426246,0.0767878680324539,0.062942478438428,0.042641879162771464,0.08171457091194595,0.05909516650160319,0.08098022301601938
berlin,2020.8524590163934,0.03486728707719771,0.023826657912771082,0.010567473691689762,0.034164820955792194,0.04239727923902497,0.04396377951269721,0.022817405363896353,0.026667236730436025,0.04730511052941158,0.05617473138884007,0.0801052688494389,0.06631626902489622,0.12142125049603249,0.10588092273706354,0.1024212001769181,0.14835943851370634,0.13079876520639278,0.1784735268218759,0.18621743438456323,0.23441316784998373,0.14043867382190625,0.17698645285103334,0.17544202806186035,0.1787605109046452,0.13548555002135154,0.16381335633691452,0.15733498220543785,0.12940167415519052,0.14454751767524526,0.15882149428999395,0.14052209889441178,0.13192480620788685,0.10811631770352814,0.1206342208488486,0.11542761617004843,0.0974195985985202,0.09590358313028598,0.0962786756260525,0.08920447008831274,0.11087812717038796,0.10701163498712443,0.10820490176792602,0.1183774402958985,0.10561518287323785,0.09828442447117665,0.10391135366122232,0.1410382945066777,0.11398403531171551,0.12085312856150741,0.105630814592344,0.08073544268858682,0.12520020113122027,0.09784159014917132,0.10169176998312156,0.11087812717038796,0.11278021332718567,0.10809026359566176,0.10711584933519279,0.11744973905255425,0.08099584733136346,0.08791788076352328,0.08644381147625915,0.09272582471327251,0.0600010032317609,0.10421876825985972,0.07570988852293983,0.05761670826274095,0.0599541492208013,0.05890775397579912,0.039243604549532005,0.05443608320566157,0.05816852226618628,0.04118990923791182,0.0612244284610415,0.08252184474971742,0.04317792131714821,0.08146978712769098,0.05330651359276082,0.09729456472265173,0.055612527413104636,0.07170020921117906
berlin,2020.8715846994535,0.029502767776124154,0.013235684312280121,0.015852015969977255,0.026277038138858455,0.02649554898941377,0.041215929847533535,0.03708402017014045,0.053342950939217225,0.06801886682341618,0.08740742094499775,0.11403093803101436,0.09792494690989796,0.12765536312429937,0.14443801381846796,0.14686801076335812,0.18637921294513662,0.17562464346664047,0.17489940321448974,0.2138627793351417,0.24448504007671054,0.24226989668582785,0.17984584684807117,0.19166599577684398,0.2053838678074698,0.1745915704818456,0.17256722434809976,0.18429700476047053,0.16868049199411556,0.13514666932124178,0.1850484687755619,0.18642618100861397,0.14559042310551357,0.1442033634732996,0.14662813476882217,0.09960253012418849,0.13318120481032839,0.11948757645750867,0.1190601972890928,0.1032131645441476,0.11815333117600149,0.11994101917170355,0.12224477771444671,0.12253666390970651,0.09482520727608934,0.12345403118992722,0.11336909246100493,0.12156197890688972,0.10383840809104615,0.1135931809627324,0.11224345320068631,0.12223956547585262,0.12311001656329179,0.08585523717978874,0.09371038811558008,0.15374144957979363,0.11089376047166802,0.08943887238124645,0.11464067723171786,0.09553370290204873,0.10659999035407883,0.11872663550067548,0.10515144401072181,0.07467879859796377,0.08456873071836922,0.09012124951593757,0.10485444488924334,0.05761670826274095,0.08521979276333705,0.06873220418438682,0.07851684801654289,0.08969411163524556,0.08556355681139244,0.026209404014061723,0.06530619147878404,0.061880404480677165,0.07198660462300467,0.12225520219320804,0.07819916967237471,0.06613924370707222,0.10432818745386038,0.09892002855957052
berlin,2020.8907103825136,0.029502767776124154,0.03441978904350319,0.026427914580409124,0.03942053832916226,0.04239727923902497,0.05771041211472282,0.06562899763349243,0.07410597969605667,0.08873566867228695,0.09677880316258262,0.08318850614132417,0.12955285010710813,0.10271818540115236,0.128369519055206,0.21189433736365948,0.19329441228745878,0.21012959066879622,0.2070858044130903,0.19658271646511852,0.1271236621583734,0.2212881833797592,0.19414517580909313,0.19978248823796182,0.1279681309380094,0.15158232009139067,0.09822711628765443,0.18429700476047053,0.16868049199411556,0.15018467054150128,0.14483952908735367,0.14969967406689913,0.1410330803839684,0.11262387485439322,0.1313357169017488,0.09327280207978038,0.11367135159750187,0.12285982553702855,0.09978487938685127,0.12948508152258978,0.11815333117600149,0.12733217169312397,0.11623020192336539,0.0934342917357036,0.10561518287323785,0.10514623348520245,0.1488444224882282,0.14347334694864372,0.11651684269447746,0.14989784412288235,0.16073576718373386,0.12879697474252005,0.13355656629878188,0.11383811601110339,0.09770092591844587,0.11672530970226878,0.10148857339418166,0.11928431031742973,0.08830854217282669,0.09553370290204873,0.10019647007313867,0.10992450468010716,0.09346033850136687,0.09529927313367739,0.06272902065613944,0.0647595082066959,0.10777240453078224,0.06975796922124632,0.07258543649029672,0.08838667480687899,0.06869575605280849,0.04802857340228109,0.082136435031541985,0.07866787610671763,0.09390313551385622,0.09801351361457751,0.09119952782287212,0.07776171414526374,0.07108576619535387,0.0856104339031121,0.09736750111370511,0.10077999662951974
berlin,2020.9098360655737,0.01877018728406492,0.021178712278522308,0.021137095348754083,0.03153716145687352,0.034445806265601224,0.05221340507136652,0.059917707241465036,0.06520726741316717,0.06209906499281215,0.13116368323067265,0.10169176998312156,0.13904653767644054,0.14948064488366655,0.128369519055206,0.1639750652104852,0.1241785542869951,0.11701716491722976,0.15702203770765072,0.1378786319815689,0.14387485476894518,0.15241154037811788,0.15411695951205223,0.12680047403180922,0.14489167415493318,0.13778478355540308,0.1288230392273624,0.1531886204476203,0.1117379657201911,0.08442810238717804,0.13435421845839382,0.1236990126902701,0.11826277969528208,0.11262387485439322,0.08701155759678342,0.12176004175997122,0.08929302194145777,0.10095713991549311,0.084016636491346,0.09095469938534326,0.09450221982651151,0.11624583683377844,0.11021111069419395,0.14749377943594247,0.11208711634165153,0.114301932348655,0.11809600109117374,0.12156197890688972,0.11651684269447746,0.12085312856150741,0.11664713447640944,0.13317077814099326,0.10222321096973447,0.09984218928718039,0.08772515554935775,0.10114470405250853,0.10336947472607143,0.11741846851246904,0.06386400136020891,0.09951917067423598,0.07459547909279508,0.10552139265730397,0.09346033850136687,0.10561518287323785,0.0518178095549675,0.07885015197212866,0.08153749316550117,0.06975796922124632,0.0599541492208013,0.05563334967418456,0.08833979521235519,0.1217652539505061,0.0650146263517779,0.059922913236947,0.07347588619195182,0.07220010041074157,0.052780777578602445,0.07405911297424395,0.06752942933108207,0.08950658879592559,0.07996465258865938,0.1465968466771993
berlin,2020.9289617486338,0.02145442527949567,0.031771303944288475,0.03964430838321295,0.013136859255186912,0.037094427590631564,0.03296804867858917,0.07419450584138715,0.05631007769819868,0.0768972295210964,0.07178873126095485,0.0862719262585209,0.10741286137304927,0.09960253012418849,0.10588092273706354,0.07509019061164056,0.1241785542869951,0.10323400587459058,0.14987698408142439,0.10337468507356407,0.1271236621583734,0.11052898466648514,0.11411432074756354,0.1295007204188682,0.11346810819152779,0.13318641814577706,0.09604424249913039,0.08275100863905849,0.1019262285724035,0.0881835302025262,0.08022505337150652,0.10229615427414662,0.09246536132285237,0.09007957737312274,0.09159542305449007,0.09485125473847078,0.06655056816632929,0.10095713991549311,0.0980291430487069,0.07170020921117906,0.09632035273704445,0.09592963113284535,0.06810217579154891,0.09135580189634099,0.10561518287323785,0.08684487919384784,0.1015458851722067,0.12399611946271641,0.096236998548464,0.11117516069834875,0.11885172092059029,0.10694389577287343,0.0980499823015241,0.08385517607991955,0.09371038811558008,0.12256793752780443,0.08643860282494671,0.0931686154711484,0.07138257250835672,0.08756368362256334,0.09379894764228318,0.12973530442749112,0.06773770004135177,0.08241247143128809,0.0872980373501084,0.08730324608750219,0.09611196751612458,0.05761670826274095,0.08205831178822012,0.05890775397579912,0.035970438212844374,0.06405143174964342,0.05816852226618628,0.10866345698430183,0.07347588619195182,0.061880404480677165,0.08158957479303752,0.06664949478745799,0.11022674379493737,0.09339782628569249,0.09388229792284143,0.15030983165634768
berlin,2020.948087431694,0.026818114304136324,0.0264747383926573,0.029070924626838492,0.03679261324207747,0.06095891671041996,0.0494651194460162,0.08562085104034486,0.05631007769819868,0.03843179845508518,0.10303080325908516,0.08935552922270638,0.10741286137304927,0.07468400607146662,0.07698576041845435,0.09217364387443899,0.11036744191314637,0.12046222257825091,0.10344241963843645,0.11717351659906655,0.10033193101154829,0.0925903835874322,0.11411432074756354,0.13220110703110985,0.13521965882388384,0.10560476172978536,0.10259834905391592,0.1076004487973565,0.11762693913489966,0.09005874131423863,0.08894923323768185,0.10535465491333063,0.11826277969528208,0.08406872060197776,0.08395413562745005,0.0916891881560779,0.11367135159750187,0.08748555222508626,0.08751680476998512,0.07694930650129,0.07267916731979125,0.1310281419512813,0.09416360610607165,0.11213922857577166,0.10777240453078224,0.09371038811558008,0.08263642656814447,0.11426024082324807,0.10383840809104615,0.1087520419807789,0.11885172092059029,0.1003892415147939,0.08343329801640198,0.11583411909434606,0.10368730687833211,0.12256793752780443,0.10336947472607143,0.09503358734048929,0.09395002012416669,0.0975237937247303,0.10233262596472915,0.09012124951593757,0.09813333939630735,0.09529927313367739,0.0872980373501084,0.07602755165991182,0.06696710257998466,0.07278852016773475,0.0599541492208013,0.08183435914118056,0.08833979521235519,0.04802857340228109,0.05474320545367557,0.08616254505214506,0.08164686464357336,0.12383453486713938,0.13445327415581834,0.10741807212570094,0.08887630865331983,0.09339782628569249,0.13218025408757092,0.1620815379967105
berlin,2020.967213114754,0.02145442527949567,0.03441978904350319,0.037000760881198386,0.06045913356343741,0.05034996828152198,0.0494651194460162,0.059917707241465036,0.09190797405063955,0.06209906499281215,0.07178873126095485,0.06469182401093575,0.08212081037348454,0.05911599015727664,0.07056505745868465,0.11609469956340117,0.08275100863905849,0.08601670380154981,0.1284372861858969,0.0930279638806146,0.17068381843122904,0.1135150104454752,0.12840079618147254,0.11869536419271103,0.10380193534432526,0.12858845933413313,0.1550661772649822,0.1179604938692019,0.11958660383923121,0.13890576193896298,0.1535797725274029,0.11911231651181049,0.12281291485361812,0.11412474359653335,0.11452081340544243,0.11384332740764316,0.12668058217306227,0.10432818745386038,0.0857666911807185,0.09270498759402768,0.11269683274987273,0.12917751751822368,0.13629365906475188,0.09967025977567869,0.11640218619642811,0.125742307607832,0.11336909246100493,0.13616853168146836,0.12412642998617343,0.11117516069834875,0.09241847805113083,0.11131586138274757,0.10431255612633777,0.11383811601110339,0.08573023110728034,0.09141310250761807,0.10148857339418166,0.1304807673019494,0.12781174679600416,0.1074858119576481,0.13862421160732616,0.12092609800384578,0.10515144401072181,0.07467879859796377,0.0872980373501084,0.11831489811876543,0.08444893619002376,0.0849333244592767,0.13578272414508583,0.1014937835532075,0.08506353712912064,0.0993107726339786,0.12325596188451485,0.07866787610671763,0.11025279897328918,0.10317669223597485,0.11041955242390802,0.0925903835874322,0.11022674379493737,0.11287922793640039,0.10780888006248769,0.18377516113913872
berlin,2020.9863387978141,0.02145442527949567,0.0291229537319156,0.013209677700095337,0.021022648963630854,0.034445806265601224,0.041215929847533535,0.03137586391218727,0.023701800865582573,0.05618514263089955,0.05305145288245083,0.027712983394538208,0.053676093576418754,0.05600294619581052,0.03526795718895261,0.05801234789750482,0.05515443977881336,0.06879989363939092,0.06774811359876247,0.04477046749655761,0.09029314745804215,0.11650641936602575,0.07414763903978726,0.09709659503405511,0.09896691769347385,0.07343943473525481,0.09385625094581238,0.09103283599548498,0.0960390328860889,0.11072179441612168,0.07847518517230744,0.11146698476411673,0.08184477552198131,0.09909716550947612,0.0717366594487171,0.0869438444311563,0.11204542659196298,0.060552842537606184,0.0962786756260525,0.07170020921117906,0.08540730014418628,0.08300621506805617,0.08614171056273068,0.08719907143870623,0.09051192747893928,0.114301932348655,0.08736575097695899,0.11426024082324807,0.09369996935764799,0.12569018173950203,0.09241847805113083,0.09165272392981481,0.09596088875314351,0.1118369783448519,0.08772515554935775,0.08946491714568897,0.0826780927465368,0.09689862609914787,0.08454268840612454,0.07561615223036772,0.08739700344986188,0.07912096300911745,0.09813333939630735,0.10045697219097305,0.06819069171642961,0.08730324608750219,0.08736575097695899,0.07886056775515922,0.05363965599652256,0.04908515956701286,0.06869575605280849,0.07046091633705347,0.09241326880132336,0.1049117603770843,0.12251581484142371,0.1135045877187192,0.11522436589956428,0.0925903835874322,0.11378600207440209,0.10119159519247117,0.12521583873888814,0.18563294829525634
berlin,2021.0054794520547,0.02145442527949567,0.013235684312280121,0.021137095348754083,0.0026260663087299776,0.007946207105682173,0.01098876100349089,0.022817405363896353,0.023701800865582573,0.020689715457295654,0.028077178712487636,0.018473681120032222,0.018936647625938004,0.034216855157874725,0.019233156429844266,0.02729156056721828,0.03446662005265436,0.03782815598514792,0.06418159213978508,0.05510759013458939,0.07690764491296279,0.0836207989554089,0.06844061984707421,0.09709659503405511,0.06998186986383226,0.06655056816632929,0.09167356062740721,0.0972424673631105,0.11369740850187611,0.07879286520271885,0.06277067088631824,0.06715975087473644,0.06364533342638877,0.04802336859746248,0.04425002220356295,0.055310605564410184,0.05518046737717515,0.07401745370143516,0.06649850159922174,0.0699506278558274,0.0635880634051986,0.07192932541444658,0.07612128869407903,0.06019362572036922,0.05816852226618628,0.061692981916382256,0.06610279739292035,0.07533494436648473,0.07342902003803381,0.08698551406110915,0.07260105828348264,0.06545197465534969,0.056304872064404245,0.07386643911726024,0.07575154915164821,0.062218808043848675,0.06763877134996359,0.06519685436457569,0.06762315104747209,0.055706227653618885,0.07033074022830382,0.0923195023940835,0.07942823108594334,0.05406649782049767,0.054545397696187735,0.05912640198824046,0.08444893619002376,0.07582445533221169,0.07574113399134635,0.08183435914118056,0.06869575605280849,0.041621853043584414,0.0650146263517779,0.08241247143128809,0.057137780100764105,0.11866930478377564,0.0623802012880515,0.10000369934611791,0.07464234629802248,0.08950658879592559,0.11477096431278178,0.15030983165634768
berlin,2021.0246575342467,0.02656838614364825,0.02145442527949567,0.016091289450864764,0.02426886236600097,0.029195794566489568,0.021459627425638325,0.016731091340357246,0.060334188527241525,0.0177922435368097,0.03265064847841146,0.03435214432696426,0.03692270541889027,0.047310315262332724,0.03730257643787271,0.05432676894493024,0.05086006445207428,0.05119839630487434,0.08506353712912064,0.07649623852050533,0.08225101600072228,0.09379373825418716,0.10060285394699514,0.10651140902366672,0.09986823926275969,0.11145656244785286,0.1171683048687673,0.11612596930743918,0.10480755044618127,0.11516703904382701,0.09679443222561011,0.1067146252409654,0.10664688641362086,0.12487702495900868,0.09604945211268803,0.1008998287863436,0.10667815047681364,0.09203299497511307,0.09000144219535906,0.0781002210763206,0.06380152471385736,0.0865584019370616,0.07140860823066739,0.07098162403088212,0.09080363560532802,0.05915243157476785,0.08102188786736168,0.12225520219320804,0.07424137268522163,0.10280154997949958,0.11756439786041871,0.10903343061766563,0.10172824124980415,0.09928993287588751,0.09919094413901237,0.11545888551294413,0.12439747692100009,0.11610512280932453,0.13079876520639278,0.10714711368034245,0.11361923782793579,0.12394399534476525,0.09204341339905427,0.10718358877343852,0.09298108010164731,0.09546076908307556,0.08411559634614744,0.10852797434040617,0.1067042038771693,0.08482915455817075,0.07784503872384359,0.09097032669798226,0.056221581994520264,0.09944623126514128,0.08979308229530322,0.09347075721128645,0.16762668979367412,0.15117553761540906,0.06592056620532166,0.12367295077366812,0.1315598828422945,0.18440659258630704
berlin,2021.0438356164384,0.015940442997697955,0.016091289450864764,0.01877538916167991,0.01348014710254662,0.02654237286256396,0.0053666769252910624,0.03904065183776083,0.02585042436269211,0.0355957804857931,0.03561659473314601,0.03747950361312576,0.03076710026721393,0.028378942479687842,0.04041450104648044,0.0447392406320852,0.06104221436859104,0.07168979486228885,0.0646345528371858,0.07649623852050533,0.11188909032828885,0.08127708581027314,0.08382392573561398,0.08786058400362123,0.0923715948216735,0.09806561174662053,0.10223884166920733,0.11816375483457967,0.06790431721016875,0.1058705015403491,0.08782412246200427,0.06434299147603721,0.07207512716032663,0.10228573379582812,0.10656351567034199,0.06418679856216468,0.07640250081043853,0.07887619143362846,0.05772082366425501,0.0603393945644198,0.06557693198912652,0.0847145679079729,0.06012594746739015,0.07098162403088212,0.07601192883730809,0.052577772025326264,0.09028793842114724,0.08866795326152756,0.09405941771262136,0.08479790362852982,0.06854475692270412,0.09789368810896663,0.0950856824870607,0.08026150958516333,0.09108492713414268,0.09315819682176571,0.08882421972710348,0.0932415460752706,0.07578279464508757,0.08033963012906797,0.07301243385961952,0.06519685436457569,0.09428863245377518,0.07857934234548479,0.07171583073842223,0.0477058764888465,0.06670156150574652,0.09343950108779599,0.06587891345211432,0.05871513625035029,0.07107535196952108,0.07748570243239232,0.06946117218100507,0.04614967271512073,0.08588648874487204,0.0467169790644045,0.09186109128145624,0.15117553761540906,0.06592056620532166,0.0749183429189723,0.10687094594852786,0.16799186635604663
berlin,2021.0630136986301,0.013282496246981336,0.013407328278878597,0.01877538916167991,0.010785918538417625,0.023889086548788227,0.013412529620047454,0.008362272344714289,0.01723045438239712,0.02965885654380517,0.03265064847841146,0.03747950361312576,0.03384221006504838,0.03153195830246389,0.02175615061619851,0.028753548213157502,0.03390465072640886,0.030709866444887865,0.05102142244574989,0.034758013946154465,0.055914451014818935,0.09379373825418716,0.05586760068585457,0.06654536150726965,0.052405998714648024,0.0512400373004299,0.05322322832530158,0.0671961979297107,0.06596742559257034,0.051979170520600644,0.03045491654709628,0.05926175598047561,0.05704928298845245,0.07217927151481365,0.038999020610175815,0.04278239453291736,0.030231186033897517,0.05257256676515334,0.04583219204633404,0.06567065018651978,0.04607160351848892,0.05707531153526481,0.06388482692567367,0.050693501887011626,0.056997225933924964,0.03943094621730098,0.04165307803606929,0.04311546951962554,0.0692893430898671,0.06680048841413093,0.08079793968392537,0.04892380758150823,0.05526375577948777,0.050677886673886896,0.07083061826287079,0.07086706789086572,0.06709727026851031,0.05897022474267987,0.07768359747411017,0.05354595947973791,0.07098162403088212,0.0804177507903347,0.04712294520526912,0.04999082193874902,0.04779956248322346,0.07579320981373948,0.07830853412917692,0.021085074233381854,0.05646624695443742,0.04239727923902497,0.04060184693272187,0.05052173480057608,0.029757713005673345,0.06390565249947891,0.05854334266475193,0.050964166326165516,0.06482198600404518,0.10577671086390117,0.06203659046695423,0.052432024937366595,0.06573833565634588,0.10588092273706354
berlin,2021.0821917808219,0.013282496246981336,0.02682331698690273,0.03755235615438062,0.016174515267509723,0.021230733487564962,0.024144004257039185,0.008362272344714289,0.03159439618977572,0.011862552975603975,0.03265064847841146,0.024981599811556003,0.01845807557928742,0.022073484324758055,0.015539921779952344,0.02236480877856809,0.03729216897572205,0.020471229002204546,0.02040360242834328,0.034758013946154465,0.04933499588719,0.046878324202425284,0.04189247026803308,0.02661000742044037,0.07988132461355281,0.0512400373004299,0.04896544675564446,0.059048313306830046,0.03685505744633147,0.027837850073342565,0.051958349722705036,0.038936573831297734,0.03452385801001032,0.04059143881022278,0.05850690167409966,0.03513786915187837,0.03977961167374313,0.04599353443906463,0.04413032052296976,0.035486505823880056,0.04961606318218475,0.03497656043786869,0.0526090035973233,0.0466337043503344,0.04643592743888696,0.041621853043584414,0.05322843365061269,0.0215532661452516,0.03463313064899739,0.03596003101730909,0.05629966643112515,0.04002419928467469,0.050839244102263766,0.0633537776116749,0.04451024419894368,0.04453106201483111,0.051302498856295,0.039940935287964406,0.05493580846688451,0.02676608750513643,0.0466337043503344,0.03910830265367026,0.035897587887843536,0.028561042151940212,0.039831651494615566,0.05893898934986114,0.03478923481730773,0.04519203200231327,0.04705007925430057,0.04566044101706425,0.07446008518163734,0.033675702001315866,0.029757713005673345,0.04614967271512073,0.04292291028276753,0.033972294860823427,0.03780213707069442,0.06545718120492598,0.06203659046695423,0.07866787610671763,0.08629796943681196,0.0766108070622905
berlin,2021.1013698630136,0.007967010288569753,0.016091289450864764,0.013407328278878597,0.026963789618278017,0.018577718178029532,0.013412529620047454,0.02509605491024385,0.008617113947610913,0.0029640844772087834,0.029679668414897036,0.012491900337300056,0.012304655698178278,0.012611529209729022,0.012429485382675126,0.02555908038049852,0.03390465072640886,0.023883884159587948,0.0238058483840873,0.034758013946154465,0.04604558047898727,0.05312953255886176,0.04468719589964194,0.04790365823049482,0.03992532330342692,0.031183348142826493,0.0553574553915423,0.03664170672471641,0.042673104767768456,0.03155277092323773,0.032244795307201084,0.038936573831297734,0.03452385801001032,0.045103555217730316,0.02999705048112077,0.029029301380254075,0.03977961167374313,0.04599353443906463,0.03564261255405608,0.03371212559470242,0.03189097717832465,0.044182364698067085,0.03381098976249051,0.04054980634106465,0.03376936272156352,0.03723492797112964,0.04396898391119186,0.040721540491192455,0.03958186082939892,0.028248871675644743,0.048955036958984524,0.02445615009157144,0.05526375577948777,0.050677886673886896,0.04046133745476666,0.024284469650704445,0.03748470736268477,0.041845632570713935,0.03219276307843709,0.04206420885248601,0.024326089099468276,0.03693311280709546,0.04263147063193929,0.045228463663246364,0.03185975804724022,0.039285235972925804,0.03478923481730773,0.03615256447187598,0.031360254498927265,0.01956608061056861,0.04398459710981265,0.04040929700372257,0.04298536184902181,0.02129315900711916,0.03511705509614594,0.03821844126417123,0.03780213707069442,0.06545718120492598,0.06592056620532166,0.06367136527505766,0.04929856134907142,0.07310095814328725
berlin,2021.1205479452055,0.013282496246981336,0.016091289450864764,0.005361476388858467,0.018874224935293928,0.01592483821717588,0.01877538916167991,0.030673444954389232,0.01723045438239712,0.026693250073978454,0.014837716700948375,0.012491900337300056,0.021532457526321044,0.022073484324758055,0.018650544242480107,0.02236480877856809,0.020341177976683764,0.020471229002204546,0.027203114234607268,0.04171032390431999,0.04604558047898727,0.012497101586897534,0.04189247026803308,0.02661000742044037,0.03742746614614804,0.03786978627534248,0.02341046892134744,0.040716336417706674,0.029091736262624658,0.025985691766443362,0.023285612873469672,0.02538739629821702,0.027015816615082386,0.03307211473972203,0.037500318614497846,0.03513786915187837,0.03341033087674665,0.02135038246587484,0.025455029353872036,0.03371212559470242,0.02657358880142324,0.027608928057912943,0.031932602715587184,0.028378942479687842,0.025324965863378235,0.010947152228198982,0.016195321742485336,0.023946312864308178,0.03463313064899739,0.03081913106945035,0.019576484525562116,0.0422515606824088,0.03093880211216547,0.010551870523468895,0.024274064793716903,0.046555634427008205,0.0335404145921226,0.03042890132168197,0.04356304239259008,0.0363294877343124,0.03446662005265436,0.030413292192685314,0.035897587887843536,0.03332187413617073,0.021241137735619742,0.0477058764888465,0.017391708055678374,0.03615256447187598,0.025085649890862198,0.029346679476974495,0.020294359687120483,0.030304028420884612,0.009917345648964796,0.024846335019722523,0.05073514247825539,0.016980772261945817,0.027000208510576558,0.030199967899287996,0.031011645490399312,0.04493701109044341,0.04929856134907142,0.05320761235250625
berlin,2021.1397260273973,0.015940442997697955,0.02145442527949567,0.026818114304136324,0.018874224935293928,0.01592483821717588,0.01877538916167991,0.02509605491024385,0.02297867636345579,0.02965885654380517,0.020772948634042315,0.012491900337300056,0.009225618336543066,0.03153195830246389,0.012429485382675126,0.028753548213157502,0.016949562081183957,0.023883884159587948,0.017001579059527188,0.04866876836747826,0.003286503854617896,0.04375039962277747,0.025132472494472556,0.034591502949925225,0.04242330045281737,0.040097055391158626,0.04257422374960624,0.026459130450558404,0.03297325197669694,0.024128397014494946,0.02865989652678908,0.018619333059512348,0.02851941931348755,0.024050360872056205,0.032999268475063015,0.02597008397112666,0.04137205377871471,0.0344926372981892,0.02715628976647721,0.035486505823880056,0.02657358880142324,0.025767183058360264,0.03381098976249051,0.03243731500632111,0.03588197711718898,0.028472593660054855,0.034705979202554665,0.03353000788291687,0.027208316955887893,0.017974306139032236,0.03426368598426466,0.0422515606824088,0.03093880211216547,0.042230743779082695,0.020226733343279173,0.03643356052282371,0.02959121802028503,0.02091860701391948,0.030298825389861624,0.030590195929035793,0.050693501887011626,0.03476321742337538,0.02916457705346386,0.016658267964057123,0.029206200408329476,0.016835124911993838,0.028992881066826102,0.03916554572049035,0.028222857553875103,0.01630455587268961,0.016913150227306765,0.016835124911993838,0.019836583076899693,0.035496912924645206,0.02341046892134744,0.016980772261945817,0.02160008556828771,0.05537827755048443,0.03876484557604809,0.026209404014061723,0.020533653609986737,0.04560319080003762
berlin,2021.158904109589,0.018593323754685687,0.05097457652503765,0.01877538916167991,0.02156887261491116,0.02654237286256396,0.021459627425638325,0.02509605491024385,0.014359182376357874,0.020762544479663175,0.020772948634042315,0.03435214432696426,0.009225618336543066,0.050464479231184446,0.03730257643787271,0.02555908038049852,0.027119870764864957,0.02729676329734818,0.034008718661960216,0.03128220750292925,0.04275116886229263,0.059381492498066756,0.04189247026803308,0.045244077240029615,0.04242330045281737,0.035637408988830326,0.04896544675564446,0.03256739628761064,0.031032457902916963,0.04269392184818353,0.03582994124886923,0.04231921567576922,0.031521551995200764,0.0345758925713617,0.02999705048112077,0.0397275719049561,0.030231186033897517,0.0344926372981892,0.025455029353872036,0.028389348158066836,0.028347725457044493,0.04049776580148282,0.06200535323216946,0.03446662005265436,0.03588197711718898,0.04600394364287717,0.05322843365061269,0.035928809443206255,0.04700844161387242,0.04366712965935757,0.05385307647054102,0.0422515606824088,0.04862712943090747,0.04856467108857387,0.03641274594845814,0.030361261796526377,0.047357157882094554,0.039940935287964406,0.041668690539345875,0.028675505129473783,0.03649080064528632,0.026068933420563725,0.03141228589467296,0.03570505537734031,0.013272093591183011,0.044900579633703926,0.04059143881022278,0.03012192264474778,0.031360254498927265,0.026084541245550118,0.033831803295450234,0.02020072323444674,0.023145150177944288,0.010645489603034252,0.02731237149086693,0.029721292182069287,0.03780213707069442,0.05034476324435,0.023254398908340777,0.02246365137478491,0.0575177988243929,0.03975359178283967
berlin,2021.1780821917807,0.023909896110776784,0.05366047746762417,0.03486728707719771,0.040450929360391366,0.039821243526274704,0.04829922397057983,0.044624742289461165,0.04596230684011177,0.056367339704360815,0.023743419848001653,0.03435214432696426,0.03692270541889027,0.0409973571313724,0.0466337043503344,0.03514827618286303,0.010166993856035466,0.047783948139108676,0.054425672313786186,0.03823405273626483,0.04275116886229263,0.059381492498066756,0.039097894830108997,0.029268635503098047,0.04991274697507328,0.06461372697145998,0.03831731399989925,0.022390819969881008,0.02327000588856024,0.029695277323685064,0.042995770450690536,0.04570728215060413,0.040528990118982186,0.045103555217730316,0.0359964562107981,0.03819762597534099,0.04932979095160679,0.03778132194850755,0.04413032052296976,0.04435931528301436,0.04607160351848892,0.044182364698067085,0.03757317118490899,0.05677858687397599,0.04432808866544464,0.032853576251881456,0.020819767354506157,0.045514713315881195,0.051958349722705036,0.06680048841413093,0.048955036958984524,0.04002419928467469,0.03978481565348968,0.042230743779082695,0.042485751419052725,0.048585490527684766,0.04537939510189126,0.03042890132168197,0.03788019385310015,0.04206420885248601,0.03852026388854272,0.023894288938503202,0.05610185275278967,0.02617818829382411,0.018582920036396472,0.039285235972925804,0.03769285777217115,0.04217870155722661,0.018817004201356447,0.03587156993935814,0.020294359687120483,0.016835124911993838,0.029757713005673345,0.024846335019722523,0.019508859115309377,0.02547583954254101,0.03780213707069442,0.03523673603037832,0.031011645490399312,0.02995542649321534,0.0575177988243929,0.03156838039428185
berlin,2021.1972602739727,0.021251541985756222,0.034872490565353256,0.05365527209906427,0.026963789618278017,0.06638395533509953,0.034877694054035284,0.044624742289461165,0.040216747787704746,0.05043324894717715,0.03858791402744222,0.03747950361312576,0.04923610220025569,0.03784376734006448,0.031084488970669018,0.0447392406320852,0.027119870764864957,0.037536744886945014,0.034008718661960216,0.04171032390431999,0.08225101600072228,0.059381492498066756,0.04468719589964194,0.045244077240029615,0.052405998714648024,0.04232441990967097,0.05748656430400006,0.04682627732900959,0.04073194863973225,0.04083603023970965,0.051958349722705036,0.050787193264208746,0.06005306329345557,0.03156838039428185,0.03449784074885478,0.03819762597534099,0.028639085063834686,0.026277038138858455,0.04583219204633404,0.03726094660176797,0.05316596978130451,0.03865556425435226,0.03568944466449106,0.058808842081718965,0.029544391401695232,0.03504420596669093,0.037021575690936115,0.05989167727185589,0.04700844161387242,0.04109623515107383,0.06364533342638877,0.0422515606824088,0.06632147566101733,0.03800508494866891,0.04451024419894368,0.04453106201483111,0.04340691188309837,0.039940935287964406,0.03788019385310015,0.030590195929035793,0.03446662005265436,0.03693311280709546,0.04712294520526912,0.04761219066326474,0.05311391661419813,0.039285235972925804,0.014494419891242694,0.03615256447187598,0.037635616326503654,0.022822607646395064,0.04060184693272187,0.030304028420884612,0.023145150177944288,0.035496912924645206,0.031214566867818642,0.02547583954254101,0.010796320696865801,0.015097791550486543,0.019378810496632363,0.02246365137478491,0.020533653609986737,0.023379254881271315
berlin,2021.2164383561644,0.03985767142458456,0.048288814307289096,0.03486728707719771,0.04314669540901133,0.09029835649546467,0.06709206355471017,0.06695148247925468,0.04884052933326955,0.04449463084250035,0.04155940311487037,0.03747950361312576,0.07078896157645649,0.03784376734006448,0.034196041470793505,0.05752821033535973,0.04407827639996077,0.08193852304308323,0.07144505826380353,0.07997506859493654,0.06579040146231954,0.06876865234151837,0.0670452031539982,0.07986570063308883,0.05490457549736099,0.06461372697145998,0.06174504367203831,0.06108386324771678,0.05819975719620943,0.05569581650744549,0.08782412246200427,0.05926175598047561,0.05254654047208713,0.0676648051978688,0.06601428502204022,0.06571750934855326,0.05410814111286562,0.06078711571183947,0.06451480422316777,0.0674461212805381,0.05316596978130451,0.05891816576506841,0.06576436855281335,0.050693501887011626,0.0696746576003342,0.06792514439380945,0.06480636654767179,0.07667329910056049,0.06433778503801323,0.0719397398113091,0.07344464208464464,0.07785545430555413,0.059683437984089836,0.04645154137822887,0.04855946623009569,0.05870993037578388,0.06315073077778809,0.053259665613398524,0.04356304239259008,0.04015429954644234,0.03649080064528632,0.05432156350967198,0.05835072628914353,0.030944005207223825,0.042485751419052725,0.030865958835972974,0.057996730486436526,0.018073140390041906,0.028222857553875103,0.029346679476974495,0.020294359687120483,0.04040929700372257,0.019836583076899693,0.04614967271512073,0.01170131644747242,0.05946478762943292,0.043209147244036204,0.05034476324435,0.02713027619129514,0.011233213230708054,0.03696953868221401,0.027473656431582838
berlin,2021.2356164383561,0.037198501910100344,0.06976838318324548,0.10199396125055918,0.12955285010710813,0.11955012004507304,0.16654682553510153,0.13957314659226955,0.08909508271320825,0.10982549569689587,0.12477277500932632,0.09061610876479784,0.05847046070899056,0.06939868880944058,0.09642454566065907,0.06392127168530337,0.07801168828155541,0.10927834418918402,0.10550055041006821,0.11130543909677316,0.11518788516587265,0.09066819948599358,0.12578400834012213,0.08786058400362123,0.08987642615513632,0.08468331704720188,0.08092293389993609,0.05497224695503578,0.09315298749785426,0.0798448686664354,0.08423539010656583,0.07450695226483534,0.07808459763099981,0.09174648913472629,0.07201784785426467,0.09477832187667434,0.08914717191075162,0.07229903778033236,0.09169960651113615,0.10297870015225132,0.08331350610376774,0.07734509325515433,0.0770482529073397,0.08518854159893556,0.0844645615476387,0.12496042506922979,0.07870433122868295,0.08626671762443132,0.066816108469504365,0.07708470689386922,0.05629966643112515,0.06449918485906356,0.07959488571755413,0.09294982427248437,0.06880510052419161,0.07694409880092083,0.07500166294146135,0.06848748150529949,0.06630585575422379,0.08416768055589927,0.0466337043503344,0.06519685436457569,0.07406952779766242,0.052374767264576905,0.04779956248322346,0.053322129595256944,0.08411559634614744,0.04217870155722661,0.03449784074885478,0.03913432222169003,0.03721411307599008,0.016835124911993838,0.04298536184902181,0.04614967271512073,0.031214566867818642,0.029721292182069287,0.07023180660360363,0.0402687880460501,0.042641879162771464,0.026209404014061723,0.05340541502112066,0.029809742797933896
berlin,2021.2547945205479,0.03188057079921395,0.08319371446709636,0.05902228377241519,0.08093335009816625,0.1248665999546354,0.09932640245802492,0.09766445747629893,0.04884052933326955,0.1009154590880313,0.08017818113435399,0.08436039258557922,0.061547209277847924,0.05677338119327388,0.06530098494432571,0.06711809712890698,0.03390465072640886,0.09218927155340594,0.06123484071418129,0.07301764116625485,0.09212676086572946,0.10944509451494255,0.1089917433161233,0.07453819701043642,0.08238122195398978,0.09360620063020289,0.07239797533816587,0.0753505669856915,0.08538125741197128,0.09471580807655658,0.08423539010656583,0.09145477571911723,0.10062890430364069,0.0676648051978688,0.07652227680329424,0.08406872060197776,0.08277705005402064,0.06900816943820419,0.11210275000640688,0.09409067420873898,0.07622023352457465,0.10315064060293712,0.06012594746739015,0.07503811549328661,0.08657923659342961,0.07669412979667488,0.06712330384531386,0.07667329910056049,0.06433778503801323,0.06936744715181341,0.08814706843446984,0.09121515520908265,0.0751683033869593,0.09083489014449397,0.06272902065613944,0.05870993037578388,0.07697534501094172,0.06277587716743335,0.08147499528131316,0.08799601281058879,0.06489487686250237,0.08477186120151196,0.06508751748026885,0.06190122925174295,0.055768694574432946,0.0673628133634657,0.07540784996294697,0.05121921679848681,0.06901858325003735,0.03260902236635017,0.05414457902104155,0.07074209784411946,0.039680736157567675,0.039045855743555354,0.062447882475018396,0.03821844126417123,0.016200523362532936,0.08561564247146473,0.03488810103295564,0.04118990923791182,0.032858779538540515,0.025132472494472556
berlin,2021.2739726027398,0.021251541985756222,0.032187559858427126,0.029502767776124154,0.07013287316713121,0.05044365903976221,0.06171901278769773,0.050204227437571886,0.04596230684011177,0.0474664574922946,0.03858791402744222,0.046852300759208605,0.027686969540862572,0.06308825498840619,0.031084488970669018,0.047934886995305216,0.07122115132097284,0.037536744886945014,0.06803969405293667,0.045186827481403145,0.10859571561823297,0.06251035749502422,0.058663077528110105,0.06387962053352846,0.06988814389613474,0.08914196298864636,0.08305308985443255,0.0733092511699176,0.0912099460798259,0.06312469918975974,0.064509597767947,0.07959488571755413,0.07808459763099981,0.08421976481781393,0.06151076618206685,0.061125512160200804,0.0716221016453454,0.07229903778033236,0.0713096725552289,0.05323884430278651,0.07622023352457465,0.05891816576506841,0.09774260416936317,0.07503811549328661,0.07812626016229422,0.06573312907861285,0.08565210246456431,0.0790740917671748,0.08910550054854265,0.08222497484919472,0.06854475692270412,0.06895089351036592,0.09729977446148004,0.08237601370960206,0.0526090035973233,0.07086706789086572,0.053275281601831606,0.051359755348411716,0.041668690539345875,0.07459547909279508,0.05474841093114227,0.06954448345987689,0.0695757252238679,0.045228463663246364,0.055768694574432946,0.03648039334560602,0.057996730486436526,0.05121921679848681,0.04391173555637019,0.05545115517244169,0.04398459710981265,0.05052173480057608,0.039680736157567675,0.04259504079043646,0.031214566867818642,0.033972294860823427,0.043209147244036204,0.03523673603037832,0.023254398908340777,0.02246365137478491,0.041075418710248265,0.02805636748274747
berlin,2021.2931506849316,0.04517121392180975,0.07245004781263735,0.0697631762019823,0.04314669540901133,0.1035935201395596,0.05097978162525814,0.07811584452634125,0.05746053555134058,0.12171313206869616,0.11584975388566877,0.12816100536086814,0.09235075784437298,0.1452149747410446,0.11822629682992772,0.08631359535004274,0.12894814893644513,0.11611554605733719,0.16344820911737978,0.17053252285500278,0.11848167742494062,0.11257697340421295,0.12298492089969298,0.12251060257565627,0.1023690976808864,0.09583585838469176,0.09584627757058095,0.09776865309314724,0.0912099460798259,0.09471580807655658,0.09500233027759437,0.08467810857222878,0.11717351659906655,0.07819916967237471,0.10055596333792825,0.07489230543931859,0.08914717191075162,0.11012773423625595,0.08660527992562575,0.0852093757064478,0.08331350610376774,0.07918345806409788,0.08269371757203837,0.09939934169903812,0.1098307066913097,0.08546459420097915,0.08565210246456431,0.08146978712769098,0.08662611460077621,0.1105185625382221,0.08569897963610641,0.07117949432169954,0.0862354658308329,0.078147091440459,0.06677966168094139,0.08707927085059092,0.08290204902738431,0.07991257258856975,0.08526666954516608,0.07651186148861523,0.09127766480090081,0.07389247608324054,0.05385828185890182,0.04761219066326474,0.06905503160790008,0.04209022989960784,0.06670156150574652,0.060266510091313355,0.05960014250248263,0.07503290798431601,0.06430133998646459,0.06399936768481014,0.04298536184902181,0.04969934267246063,0.04292291028276753,0.033972294860823427,0.032400892305874895,0.06545718120492598,0.03488810103295564,0.026209404014061723,0.0575177988243929,0.020455622861971112
berlin,2021.3123287671233,0.02656838614364825,0.05366047746762417,0.026818114304136324,0.04854385165779853,0.04512957778580611,0.05635172278733789,0.10324963687790166,0.09772176503972886,0.11577157997607565,0.130720568820079,0.15633356644183508,0.11700674148848866,0.13889533412171737,0.10888231430856746,0.15034112198213204,0.13574622898577876,0.1674284521623328,0.09528364452002674,0.11130543909677316,0.14484474359176144,0.13136178265914192,0.09780512160837417,0.12517413846223166,0.08987642615513632,0.07799085705763328,0.09371038811558008,0.06516040871092947,0.08538125741197128,0.07055464333713551,0.08423539010656583,0.07789711665325866,0.066066351104313345,0.07970425310981666,0.07201784785426467,0.07183038874828279,0.07640250081043853,0.06407746380161104,0.06961217397224458,0.06922165299773993,0.08863670002476316,0.05338979899360749,0.06952886258492308,0.05271831424702876,0.0844645615476387,0.07450174480906327,0.07870433122868295,0.11025801001052964,0.09653915811777417,0.0796521733705321,0.08079793968392537,0.0823083065799914,0.08844918099864421,0.078147091440459,0.07892827039575233,0.07896993360299948,0.0611775733477102,0.04754973353997798,0.05872554800105244,0.06694106908137669,0.07706908375365175,0.07606921254312198,0.06733157292897043,0.04761219066326474,0.0663995752653471,0.056133086441447155,0.057996730486436526,0.05725230599908168,0.025085649890862198,0.06850310206742978,0.04398459710981265,0.03704239050900569,0.04298536184902181,0.04969934267246063,0.05073514247825539,0.02547583954254101,0.07563698250300353,0.060417485184679445,0.015503510913125206,0.007488539187764362,0.041075418710248265,0.019290377621711437
berlin,2021.331506849315,0.037198501910100344,0.03755235615438062,0.07513185074387664,0.053941568143489285,0.058413196386841955,0.05366568283669936,0.08928260406855472,0.10923144575640413,0.12468416271642592,0.08908987379632662,0.1344219933888772,0.11392149841845435,0.10413540140944866,0.11822629682992772,0.09591400232974512,0.11875790682744561,0.0887721308530709,0.10890836881328644,0.10433860834148785,0.10530254947798069,0.11257697340421295,0.0894128276298545,0.12251060257565627,0.11986805111166557,0.09583585838469176,0.04257422374960624,0.06923727378040778,0.06790431721016875,0.07241359707503497,0.06988814389613474,0.0863708904054031,0.06907065234051502,0.06465537871125233,0.06451480422316777,0.07183038874828279,0.04932979095160679,0.07887619143362846,0.06451480422316777,0.0852093757064478,0.05493580846688451,0.0828707992558781,0.0751683033869593,0.06692024229187675,0.05488375352810062,0.06792514439380945,0.099555640417147,0.04790886302332557,0.05690872906082314,0.0642284499599908,0.06119839783731058,0.07117949432169954,0.07959488571755413,0.06758149693044782,0.06272902065613944,0.07896993360299948,0.05525334472190322,0.051359755348411716,0.06820110536455713,0.07651186148861523,0.058808842081718965,0.07389247608324054,0.05610185275278967,0.045228463663246364,0.045139986816681604,0.03648039334560602,0.03769285777217115,0.03012192264474778,0.028222857553875103,0.0619741160161494,0.03044971350096989,0.023571741760226996,0.046295402195762794,0.04259504079043646,0.039019836219802075,0.02547583954254101,0.027000208510576558,0.03523673603037832,0.01162850011476689,0.011233213230708054,0.0041081622745491805,0.013443737677968907
berlin,2021.3506849315067,0.023909896110776784,0.05366047746762417,0.04560319080003762,0.040450929360391366,0.05575307783719148,0.05635172278733789,0.04183522419926048,0.051713705971905104,0.1009154590880313,0.08017818113435399,0.0968725776111921,0.12625314388270806,0.1230943795888864,0.05907954876531765,0.11511492377528032,0.09159021388713387,0.1229536470308138,0.10550055041006821,0.07301764116625485,0.08554272256196922,0.08753763981035662,0.06984128097563028,0.06387962053352846,0.07738154744978096,0.060157183573205764,0.07879286520271885,0.07127322261699284,0.06208344635431234,0.07427261727124679,0.06092247402692298,0.06773249326342556,0.05254654047208713,0.04209543411059242,0.08403226171905497,0.04736756735888252,0.03818721833405045,0.06407746380161104,0.03394627787563679,0.0408100098201818,0.04430206649845806,0.05891816576506841,0.056367339704360815,0.06692024229187675,0.04854905651470802,0.06792514439380945,0.050912115363071817,0.08146978712769098,0.066816108469504365,0.04880409514160422,0.07099724534225951,0.04447381304119785,0.07738154744978096,0.04011787144033314,0.03641274594845814,0.048585490527684766,0.06512396308282721,0.04945470954932712,0.04356304239259008,0.032504957231985314,0.03852026388854272,0.04779956248322346,0.04263147063193929,0.03808314203571889,0.03451865455673552,0.03367049863291807,0.02319197103429321,0.03916554572049035,0.03449784074885478,0.022822607646395064,0.033831803295450234,0.023571741760226996,0.03637111682472198,0.024846335019722523,0.019508859115309377,0.02547583954254101,0.005397880154826218,0.010062973624097329,0.019378810496632363,0.003744134790467952,0.016429395159616854,0.011690914107985973
berlin,2021.3698630136987,0.03453946837294732,0.029502767776124154,0.032187559858427126,0.016174515267509723,0.06638395533509953,0.04024276791037024,0.030673444954389232,0.04884052933326955,0.0415281781786354,0.05343664709020431,0.0687269973068854,0.03999817927137783,0.05677338119327388,0.05596650698539999,0.05432676894493024,0.06443150100214996,0.0546130686864449,0.07144505826380353,0.052145737203879765,0.03946216989421609,0.05000123194276317,0.07263750915249105,0.05322843365061269,0.06239582001568444,0.06461372697145998,0.04470801378636504,0.048861348882827185,0.029091736262624658,0.05012094713870531,0.04120552160212122,0.049095569389721865,0.043531816253187895,0.02555387782421946,0.02699500581011762,0.027499670178551053,0.0365948737566443,0.04763821448677183,0.03904065183776083,0.035486505823880056,0.05493580846688451,0.04049776580148282,0.03381098976249051,0.03243731500632111,0.037989473545315997,0.03504420596669093,0.034705979202554665,0.023946312864308178,0.04205900464462071,0.04366712965935757,0.03426368598426466,0.0422515606824088,0.03093880211216547,0.03589238429710271,0.02832171128582109,0.03845781768459461,0.03551252357970115,0.04754973353997798,0.024617426173565,0.01720444577224309,0.02635507762293479,0.030413292192685314,0.02243243790304961,0.016658267964057123,0.029206200408329476,0.02805636748274747,0.017391708055678374,0.012049796022780333,0.009407650947687885,0.013043235690132871,0.010146189793001357,0.02020072323444674,0.006609620050255059,0.014192736687016995,0.007800585058505722,0.008492293414629589,0.010796320696865801,0.010062973624097329,0.01162850011476689,0.007488539187764362,-0,0.005257465769371192
berlin,2021.3890410958904,0.015940442997697955,0.029502767776124154,0.032187559858427126,0.04314669540901133,0.03185455486054549,0.029507970727501363,0.022307584203469774,0.03734420630730523,0.05340020967809327,0.04749768599454951,0.056226787619982455,0.0800271486576184,0.05677338119327388,0.0466337043503344,0.05113072975820419,0.03729216897572205,0.030709866444887865,0.0646345528371858,0.03128220750292925,0.055914451014818935,0.06251035749502422,0.058663077528110105,0.07187204626898859,0.04741441003021243,0.04455187983905281,0.05748656430400006,0.03664170672471641,0.031032457902916963,0.04269392184818353,0.0394153343858712,0.03216154376616962,0.033020081683125445,0.0345758925713617,0.03149553623615686,0.02597008397112666,0.04137205377871471,0.041065010492966195,0.02715628976647721,0.019514061066824524,0.02657358880142324,0.036813427968497014,0.026297848656494666,0.020268349544467497,0.029544391401695232,0.02409198013345158,0.037021575690936115,0.03832251783330617,0.017313682022292963,0.020544057718569514,0.02202146227260865,0.026682844734998726,0.022099495370346427,0.018999070391522415,0.018203185743359794,0.02226076414341658,0.019727341526875847,0.03232804698151775,0.020830171520334454,0.015295449306082875,0.020268349544467497,0.015207023375178961,0.01570117021091469,0.021418010271046003,0.018582920036396472,0.014026291530446865,0.017391708055678374,0.012049796022780333,0.006271578183767644,0.013043235690132871,0.020294359687120483,0.013464543060316143,0.006609620050255059,0.007098484482587577,0.015607542028834938,0.0042433731319792235,0.005397880154826218,0.02013309701238007,0.007748577283341836,0.007488539187764362,0.0041081622745491805,0.005257465769371192
berlin,2021.4082191780822,0.015940442997697955,0.008045022298518056,0.02145442527949567,0.005392679615272976,0.010614283224455347,0.034877694054035284,0.016731091340357246,0.03734420630730523,0.04449463084250035,0.029679668414897036,0.05310350598702961,0.046154877332394206,0.0409973571313724,0.034196041470793505,0.031953415496716674,0.027119870764864957,0.03412319363161541,0.02040360242834328,0.045186827481403145,0.03946216989421609,0.03437295807652782,0.027926297485577574,0.034591502949925225,0.03742746614614804,0.028956460778900777,0.02128275474865587,0.03664170672471641,0.019394416313704015,0.016699881309452415,0.026870141155195655,0.018619333059512348,0.018010718735974082,0.030064689532526168,0.013495751149453748,0.016803914818648753,0.014317570904073767,0.014780500408604591,0.018666149840991908,0.021287956877624414,0.0123982779334561,0.014723284179222362,0.020658503050363,0.01418753526780673,0.029544391401695232,0.021901811750174947,0.016195321742485336,0.01676230138999413,0.017313682022292963,0.01540988308693832,0.019576484525562116,0.013339710891068253,0.017677804513099284,0.01688714177585683,0.01213301537128127,0.006068754118689121,0.009860134770317457,0.015212224896366868,0.022723764367865575,0.019118714235009465,0.01013578776460552,0.0021736454295049716,0.017948297156832372,0.007140090178408533,0.007961809492070508,0.016835124911993838,-0,0.006021948677558128,-0,0.003260502217811224,0.003380109854759449,0.006734436064147517,0.003307305173422107,-0,-0,-0,0.005397880154826218,-0,-0,-0,-0,0.0035049181170700625
berlin,2021.427397260274,0.007967010288569753,0.02145442527949567,0.013407328278878597,0.016174515267509723,0.023889086548788227,0.021459627425638325,0.016731091340357246,0.01723045438239712,0.02965885654380517,0.03858791402744222,0.021860194241693706,0.046154877332394206,0.012611529209729022,0.024867144964795872,0.02555908038049852,0.027119870764864957,0.006822847588589405,0.03741185491621222,0.03128220750292925,0.023015092464833173,0.018744177903784062,0.033514397823016205,0.02128275474865587,0.014967753963120995,0.024497769677749897,0.025543472713228644,0.020351582046756276,0.027151087050402017,0.01299122267127275,0.019701331667840917,0.011846949418775633,0.016507419866139544,0.01352695925732107,0.013495751149453748,0.013745416536820583,0.014317570904073767,0.018062736775831804,0.010182596908770295,0.012419082897521123,0.019488051314464242,0.009199613729829125,0.016902746845166933,0.012159021444997647,0.012658340582550512,0.028472593660054855,0.01388065245547877,0.011971778004519644,0.012367070502966001,0.020544057718569514,0.004893430239503069,0.008892760352683118,0.006630422698426997,0.008445485792009783,0.020226733343279173,0.008091829560669015,0.01380783307096228,0.013308502895578911,0.007571751236865709,0.009558478451078909,0.01013578776460552,0.010858733691253035,0.0044877936510806194,0.01189896129308804,0.002652067628300581,0.025252130450804308,0.005798323262531595,-0,0.003135694542141295,0.003260502217811224,-0,0.010099380681609363,0.009917345648964796,0.003546520937736729,-0,0.0042433731319792235,-0,0.0050338436419635705,0.0038741443136664456,-0,-0,0.005257465769371192
berlin,2021.4465753424658,0.007967010288569753,0.010728706704150942,0.005361476388858467,0.010785918538417625,0.005309471053109519,0.013412529620047454,0.013943069151946876,0.01723045438239712,0.0177922435368097,0.00890316213242793,0.006245575054287377,0.01845807557928742,0.01576358909262821,0.015539921779952344,0.02236480877856809,0.03390465072640886,0.013646590510986694,0.006802044863431811,-0,0.02630825391843593,0.012497101586897534,0.013958673337767286,0.02128275474865587,0.01247109534410109,0.006682429355280573,0.01064028853863916,0.01628374935400671,0.02133477606178936,0.007420929495915969,0.00537187746224954,0.006770840791299499,0.006001146272799539,0.012023790003689352,0.010494658946707572,0.010692299206028544,0.003182497385412486,0.00821144831090872,0.006786442825027931,0.003546520937736729,0.005314671584346822,0.00735852062761398,0.011269621107550368,0.01013578776460552,0.012658340582550512,0.010947152228198982,0.006937262725709608,0.011971778004519644,0.0049454351591699695,0.01027101429604918,0.004893430239503069,0.011113587529125463,0.011045973123877359,0.0063339857475604045,0.008091829560669015,-0,0.005917936736990098,0.007602955789610853,0.003785737802527224,-0,0.004050957786852583,0.008689926063543336,-0,0.007140090178408533,0.005309471053109519,0.008414280733668927,0.005798323262531595,-0,0.003135694542141295,0.0065212088883461914,0.010146189793001357,0.006734436064147517,-0,0.003546520937736729,0.0039001462573153684,0.0042433731319792235,-0,-0,-0,-0,-0,0.0023400526515775636
berlin,2021.4657534246576,0.005314671584346822,0.008045022298518056,-0,0.005392679615272976,0.002652067628300581,0.002683269228943592,0.002787274699628602,0.014359182376357874,0.0029640844772087834,0.002969284773888745,-0,0.015378673849002994,0.00945966038219503,0.006214371316084415,0.003192898022971868,0.003390510531843826,0.01023460711837594,-0,0.0034737160234086795,0.006573215435966263,0.006245575054287377,0.008377874855941806,-0,0.007483338439113557,0.004451390522233534,0.00638599210793978,0.00813863686494731,0.0038793447013583844,0.011134391979197931,0.007166093755198382,0.0050754476858778375,0.003000486564872446,0.006011547474138592,0.013495751149453748,0.006110358990620823,0.00477381912164906,0.006568014778865976,0.006786442825027931,0.008866755912421307,0.007082882355239951,0.0018408325829299343,0.005631904973156666,-0,0.002111242858517245,0.0043785843409866404,0.006937262725709608,0.002392055017686721,-0,0.0051378538141556625,0.0024440574358006633,0.0044461900773324365,0.006630422698426997,0.002111242858517245,-0,0.0020228393444778857,-0,0.0019032348294126095,0.003785737802527224,0.003822140465380173,0.004050957786852583,0.0065160082364414396,-0,-0,0.002652067628300581,0.0028028755381770093,-0,0.0030108871660274915,-0,0.003260502217811224,-0,0.003364508843036276,-0,0.003546520937736729,-0,-0,-0,0.0050338436419635705,-0,-0,-0,0.002922482122514309
berlin,2021.4849315068493,0.002657267893771396,-0,-0,0.005392679615272976,0.002652067628300581,0.002683269228943592,-0,0.0028704792259572447,0.023727812725693825,0.0059335385148102425,0.01561274359008081,0.012304655698178278,0.0031512954852158663,0.015539921779952344,0.0063911927468413045,0.010166993856035466,0.003411311892253395,0.013599778248516077,0.0034737160234086795,0.003286503854617896,0.003125293916023304,0.019545272786826284,0.01064028853863916,0.002496059905919493,0.004451390522233534,0.0021268434942464864,0.00813863686494731,0.0019396361744404699,0.00371293255327242,0.007166093755198382,0.0033853101930444904,0.003000486564872446,0.006011547474138592,0.014993761454582546,0.004581401813715118,0.003182497385412486,0.0016432259631080236,0.0016952276323631062,-0,-0,0.0018408325829299343,0.013147261883931494,0.00810743199074506,0.002111242858517245,0.002189246083955761,0.0046282059582205765,0.004789420556204302,0.0024752589116313678,0.0025688634514484925,0.004893430239503069,0.0044461900773324365,0.006630422698426997,0.004222571438720794,0.0020228393444778857,0.006068754118689121,0.0019708373476054787,-0,0.0018928344497984545,0.003822140465380173,0.002028039547028811,0.0021736454295049716,0.002241248299245859,-0,-0,0.008414280733668927,0.0028964806677350525,-0,0.003135694542141295,0.003260502217811224,0.003380109854759449,-0,-0,0.003546520937736729,-0,-0,0.005397880154826218,0.0050338436419635705,-0,0.003744134790467952,-0,5.824032614637801e-4
berlin,2021.504109589041,-0,-0,-0,-0,0.002652067628300581,0.0053666769252910624,-0,0.0028704792259572447,-0,-0,-0,0.003073290816637081,-0,-0,-0,-0,0.003411311892253395,0.003400911211008475,0.006947664114295283,-0,0.009371244374477157,0.0027924749786266065,-0,0.002496059905919493,0.0022256476291995183,0.00851309681598631,0.00813863686494731,0.0038793447013583844,0.011134391979197931,0.00537187746224954,0.0050754476858778375,0.001502821715878309,0.007514542938803311,0.003000486564872446,0.006110358990620823,0.003182497385412486,0.006568014778865976,0.003395710871169003,0.005319872116098456,0.0017732302337492335,0.0018408325829299343,0.001877233884274619,0.004050957786852583,0.002111242858517245,0.002189246083955761,-0,0.007181695907518631,0.009891340696323704,-0,0.004893430239503069,0.0044461900773324365,0.002210046963827805,0.008445485792009783,-0,0.004045757382003803,0.005917936736990098,-0,0.005678710063214445,0.003822140465380173,0.002028039547028811,0.004342181288592536,-0,0.00238165454030451,-0,-0,-0,-0,-0,0.0065212088883461914,-0,-0,-0,0.003546520937736729,-0,0.0042433731319792235,-0,-0,-0,-0,0.0041081622745491805,-0
berlin,2021.5232876712328,0.005314671584346822,0.002683269228943592,-0,-0,0.005309471053109519,0.008045022298518056,-0,0.005741116915482853,0.0029640844772087834,-0,0.006245575054287377,0.009225618336543066,0.012611529209729022,-0,-0,0.006781242146596394,0.003411311892253395,0.006802044863431811,0.006947664114295283,-0,0.006245575054287377,0.016751898038033827,0.0079826126812,0.014967753963120995,0.011134391979197931,0.0021268434942464864,0.018317625923310314,0.007753778058520413,0.007420929495915969,0.00537187746224954,0.01692355361152795,0.001502821715878309,0.009017581846942305,0.010494658946707572,0.007639361124810888,0.006365189557546502,0.011493270053125997,0.008481891717072247,0.010645489603034252,0.003541320583335314,0.0036817303347937884,0.0037545355403623185,0.002028039547028811,0.008440284947649665,0.0043785843409866404,0.006937262725709608,0.002392055017686721,0.0049454351591699695,0.0025688634514484925,0.004893430239503069,0.0022204474068869785,0.002210046963827805,0.004222571438720794,0.0020228393444778857,0.0020228393444778857,-0,0.0019032348294126095,-0,0.0019136352111011434,-0,0.004342181288592536,0.0044877936510806194,0.00238165454030451,-0,0.0028028755381770093,-0,0.0030108871660274915,-0,-0,-0,-0,0.003307305173422107,-0,-0,-0,-0,-0,-0,-0,-0,5.824032614637801e-4
berlin,2021.5424657534247,0.002657267893771396,0.002683269228943592,-0,-0,0.002652067628300581,0.008045022298518056,0.002787274699628602,-0,0.0029640844772087834,0.00890316213242793,0.012491900337300056,0.006151963895840346,0.018915840054061998,0.0031096929807496723,0.003192898022971868,0.013558167383918133,0.006822847588589405,0.013599778248516077,0.020850979858236047,0.019727341526875847,0.024997207310182054,0.05027709780849119,0.03991491531633732,0.0199562288473898,0.028956460778900777,0.025543472713228644,0.03868158359582761,0.03491411848936589,0.025985691766443362,0.02149604246322626,0.02200065346632123,0.021012244759291584,0.019540070832188793,0.013495751149453748,0.009163207302270403,0.014317570904073767,0.014780500408604591,0.011878156537120226,0.008866755912421307,0.003541320583335314,0.009199613729829125,0.007514542938803311,0.004050957786852583,0.012658340582550512,0.002189246083955761,0.011566086196461307,0.007181695907518631,0.0024752589116313678,0.00770177033017048,0.014681672415575582,0.0044461900773324365,0.006630422698426997,0.002111242858517245,0.010114983714056279,-0,0.0039469497886402685,0.0019032348294126095,0.0018928344497984545,0.003822140465380173,0.002028039547028811,0.004342181288592536,0.002241248299245859,-0,0.002652067628300581,-0,-0,0.0030108871660274915,-0,0.003260502217811224,-0,-0,0.003307305173422107,-0,-0,-0,-0,-0,-0,-0,-0,0.0011700131626993324
berlin,2021.5616438356165,0.013282496246981336,0.013407328278878597,0.013407328278878597,0.005392679615272976,0.013272093591183011,0.002683269228943592,-0,0.0028704792259572447,0.008897961242292548,-0,0.006245575054287377,0.006151963895840346,0.012611529209729022,0.0031096929807496723,0.01277796983788551,0.013558167383918133,0.030709866444887865,0.017001579059527188,0.020850979858236047,0.009865335756681784,0.04375039962277747,0.04748207174107489,0.04790365823049482,0.052405998714648024,0.04901229086639981,0.06174504367203831,0.048861348882827185,0.046555634427008205,0.04640990421706133,0.03403473567838767,0.028774359721922448,0.02551225739274845,0.024050360872056205,0.013495751149453748,0.022916248820422,0.017500944699110708,0.016424193516674894,0.010182596908770295,0.023061913204078088,0.007082882355239951,0.011040772019425564,0.005631904973156666,0.012159021444997647,0.010551870523468895,0.00875753740534499,0.011566086196461307,0.014369585249631773,0.009891340696323704,0.00770177033017048,0.007337717688158038,0.0022204474068869785,0.006630422698426997,0.004222571438720794,0.008091829560669015,0.004045757382003803,0.005917936736990098,0.009506468917735723,0.0018928344497984545,0.0019136352111011434,-0,0.004342181288592536,-0,-0,-0,0.0056111027244387535,-0,0.0030108871660274915,0.003135694542141295,0.013043235690132871,-0,-0,-0,-0,0.0039001462573153684,0.0042433731319792235,-0,0.0050338436419635705,0.0038741443136664456,-0,0.0041081622745491805,0.0011700131626993324
berlin,2021.5808219178082,0.007967010288569753,0.005361476388858467,0.002683269228943592,0.010785918538417625,0.013272093591183011,0.010728706704150942,0.019519263018854288,0.005741116915482853,0.032624632154471145,0.011867754162257745,0.024981599811556003,0.015378673849002994,0.01576358909262821,0.027978325445404684,0.015971652572796494,0.020341177976683764,0.030709866444887865,0.0238058483840873,0.024326089099468276,0.023015092464833173,0.05000123194276317,0.039097894830108997,0.03991491531633732,0.03992532330342692,0.04901229086639981,0.036188989800226216,0.0346071133331692,0.042673104767768456,0.027837850073342565,0.02865989652678908,0.02200065346632123,0.03903024402773989,0.04209543411059242,0.022494864865250614,0.015274643191165104,0.017500944699110708,0.02135038246587484,0.025455029353872036,0.014192736687016995,0.021256744111607988,0.01840605714395244,0.007514542938803311,0.00810743199074506,0.010551870523468895,0.013142060569296185,0.01388065245547877,0.009579282278983844,0.0049454351591699695,0.012840385210793658,0.007337717688158038,0.011113587529125463,0.004420187860645602,0.0063339857475604045,0.008091829560669015,0.006068754118689121,0.005917936736990098,0.003801338940633584,0.005678710063214445,0.003822140465380173,0.00810743199074506,0.004342181288592536,0.002241248299245859,0.01189896129308804,0.005309471053109519,-0,0.005798323262531595,0.0030108871660274915,0.006271578183767644,0.0065212088883461914,0.003380109854759449,0.003364508843036276,-0,0.003546520937736729,-0,-0,-0,0.0050338436419635705,-0,-0,-0,0.0023400526515775636
berlin,2021.6,0.010624685348569389,0.01877538916167991,0.010728706704150942,0.010785918538417625,0.013272093591183011,0.01609649106050013,0.019519263018854288,0.01723045438239712,0.032624632154471145,0.017807848877735198,0.03123017623734026,0.021532457526321044,0.03469036878963116,0.03730257643787271,0.03514827618286303,0.020341177976683764,0.047783948139108676,0.06123484071418129,0.04171032390431999,0.04933499588719,0.06876865234151837,0.06145349851172543,0.06387962053352846,0.06739405381672953,0.040097055391158626,0.05322322832530158,0.030532962301419123,0.052374767264576905,0.05755423912189405,0.051958349722705036,0.035548948459713604,0.031521551995200764,0.036079713891716075,0.03449784074885478,0.02597008397112666,0.0222711685975637,0.014780500408604591,0.030548571466337864,0.015966450975643053,0.021256744111607988,0.03865556425435226,0.01502497046150284,0.024326089099468276,0.016881940087131325,0.02409198013345158,0.01851009406665356,0.01676230138999413,0.03216154376616962,0.017974306139032236,0.019576484525562116,0.02223475301715946,0.011045973123877359,0.0063339857475604045,0.0020228393444778857,0.0020228393444778857,0.009860134770317457,0.003801338940633584,0.003785737802527224,0.005735916341602262,0.01418753526780673,-0,0.008970773751483732,0.00238165454030451,0.010619484286249373,0.0028028755381770093,0.00869512693287168,-0,0.003135694542141295,-0,0.013532160610456123,-0,-0,0.007098484482587577,0.0039001462573153684,-0,-0,-0,0.0038741443136664456,0.003744134790467952,-0,0.004675010144853533
berlin,2021.6191780821919,0.021251541985756222,0.02682331698690273,0.026818114304136324,0.03505461297893608,0.03450824765175377,0.029507970727501363,0.03904065183776083,0.06608717755181963,0.06527495227984209,0.09800830380424114,0.09374685378477861,0.11700674148848866,0.09465850382579384,0.10888231430856746,0.10871556578748437,0.08819394785523901,0.10244204118994824,0.07825645578773216,0.10782451244104935,0.08554272256196922,0.07189287504185603,0.07543388770074588,0.06921123914523301,0.05989688326473763,0.06684214190554581,0.04470801378636504,0.0346071133331692,0.025210510260848962,0.04269392184818353,0.04658165772175836,0.057564650640157006,0.033020081683125445,0.036079713891716075,0.0284986079067607,0.030553774522355855,0.030231186033897517,0.02135038246587484,0.04073715271478626,0.035486505823880056,0.028347725457044493,0.025767183058360264,0.030054283518890584,0.028378942479687842,0.037989473545315997,0.03723492797112964,0.048595900250366045,0.02634467235162405,0.029684871383974375,0.025683941887274634,0.036709354419722846,0.017787041757538067,0.013256489611384628,0.027442439952402576,0.014156326763488405,0.02630825391843593,0.01380783307096228,0.019014676094624178,0.00946486132851025,0.019118714235009465,0.012159021444997647,0.0065160082364414396,0.013459341713950376,0.00238165454030451,0.018582920036396472,0.008414280733668927,0.0028964806677350525,0.0030108871660274915,0.006271578183767644,-0,0.0067656401144341426,0.003364508843036276,0.009917345648964796,0.007098484482587577,-0,0.0042433731319792235,0.016200523362532936,-0,0.0038741443136664456,0.003744134790467952,-0,0.0023400526515775636
berlin,2021.6383561643836,0.013282496246981336,0.04023756388479322,0.026818114304136324,0.02426886236600097,0.039821243526274704,0.06171901278769773,0.06136499405433992,0.07471525092345255,0.11577157997607565,0.08017818113435399,0.12816100536086814,0.1293391187174428,0.11993059515685785,0.1369140867879099,0.11191514633959718,0.08479790362852982,0.11611554605733719,0.10209295532348943,0.083454131420683,0.052624619390358916,0.07502249296794512,0.06424927567141471,0.08786058400362123,0.052405998714648024,0.06907585925243327,0.04470801378636504,0.06516040871092947,0.06014156551794964,0.05012094713870531,0.03582994124886923,0.06942472353846522,0.03452385801001032,0.030064689532526168,0.03149553623615686,0.03819762597534099,0.028639085063834686,0.032848372965748836,0.025455029353872036,0.0408100098201818,0.03720890935350417,0.04234003261451287,0.0488457342198746,0.028378942479687842,0.018993868491525404,0.03723492797112964,0.037021575690936115,0.052702698425861984,0.027208316955887893,0.03081913106945035,0.019576484525562116,0.02223475301715946,0.01546710007179904,0.03589238429710271,0.02225035969135124,0.028332116952747597,0.015779193824760788,0.015212224896366868,0.017043192679666256,0.02676608750513643,0.01418753526780673,0.004342181288592536,0.020190319194557754,0.007140090178408533,0.007961809492070508,0.016835124911993838,0.005798323262531595,0.0030108871660274915,0.003135694542141295,0.003260502217811224,0.0067656401144341426,0.003364508843036276,0.006609620050255059,0.003546520937736729,-0,-0,0.02160008556828771,0.010062973624097329,0.0038741443136664456,0.007488539187764362,0.0041081622745491805,0.004092561044388847
berlin,2021.6575342465753,0.021251541985756222,0.029502767776124154,0.04560319080003762,0.06203659046695423,0.05309830067422984,0.042928114577088256,0.03346236432384794,0.09772176503972886,0.09200173971581951,0.083146839553955465,0.09999848933638367,0.1293391187174428,0.11677221489420173,0.0746371388286916,0.13112197818399987,0.13234707787002462,0.14347856131604822,0.10550055041006821,0.11130543909677316,0.07895951779806254,0.06251035749502422,0.10060285394699514,0.07453819701043642,0.06489487686250237,0.08245413743023161,0.06600907841667729,0.0733092511699176,0.06790431721016875,0.04826279015817629,0.05913160790450126,0.05587280627587468,0.05104224286850316,0.048106645537029355,0.049501554100836294,0.032083495567505164,0.03818721833405045,0.032848372965748836,0.04922569234941354,0.039035447932492855,0.02303069937322874,0.027608928057912943,0.05448813769629809,0.04257942800903541,0.04643592743888696,0.04819512743144641,0.030080298556886934,0.03353000788291687,0.05938669843986569,0.02311393629713059,0.0318129293857595,0.031126113862355444,0.04199134998980875,0.025335370930646296,0.014156326763488405,0.014166729596180046,0.019727341526875847,0.019014676094624178,0.018936647625938004,0.013381321580855659,0.00810743199074506,0.01955047474197839,0.017948297156832372,0.021418010271046003,0.005309471053109519,0.008414280733668927,0.014494419891242694,0.0030108871660274915,0.003135694542141295,0.0065212088883461914,0.010146189793001357,0.006734436064147517,-0,0.003546520937736729,0.01170131644747242,-0,0.016200523362532936,0.0050338436419635705,-0,0.007488539187764362,0.0041081622745491805,0.007015273190818646
berlin,2021.676712328767,0.02922701209825631,0.05097457652503765,0.026818114304136324,0.04314669540901133,0.05575307783719148,0.07246046231378905,0.10604245155319418,0.06608717755181963,0.11874227116171274,0.09800830380424114,0.13755016323099212,0.15401265092553262,0.11993059515685785,0.1400319785100903,0.09911279526932369,0.1391403883798272,0.14689929901813928,0.10890836881328644,0.10085814800482551,0.07237193912048741,0.07502249296794512,0.09500753978676921,0.06387962053352846,0.06988814389613474,0.05569581650744549,0.059615760395118886,0.052936936235796976,0.06014156551794964,0.051979170520600644,0.057335597719927085,0.037240131696213506,0.07357482598893797,0.0345758925713617,0.049501554100836294,0.04278239453291736,0.04296454465194048,0.05914722565642232,0.03733900257180066,0.049688932728882224,0.03543447035130267,0.03497656043786869,0.030054283518890584,0.04054980634106465,0.056997225933924964,0.052577772025326264,0.03239048582471813,0.035928809443206255,0.03216154376616962,0.03852546774225384,0.03426368598426466,0.028904431840409462,0.028727533838911377,0.025335370930646296,0.026297848656494666,0.016190120122963836,0.02564752391682896,0.009506468917735723,0.02840495667953669,0.015295449306082875,0.022297179742036412,0.01737610283963735,0.013459341713950376,0.021418010271046003,0.010619484286249373,0.011222810984862875,0.017391708055678374,0.024097182543471058,0.003135694542141295,0.022822607646395064,0.013532160610456123,0.010099380681609363,0.009917345648964796,0.014192736687016995,0.007800585058505722,0.016980772261945817,0.010796320696865801,0.0050338436419635705,0.007748577283341836,0.007488539187764362,0.00821144831090872,0.01227344832387483
berlin,2021.695890410959,0.018593323754685687,0.02682331698690273,0.04291770598896189,0.053941568143489285,0.058413196386841955,0.05097978162525814,0.08649068936152009,0.07471525092345255,0.1009154590880313,0.10692826365904282,0.14067852126609864,0.12625314388270806,0.10413540140944866,0.11822629682992772,0.1535432648754603,0.16633294203830723,0.14005804862697102,0.09528364452002674,0.06953927650103948,0.06579040146231954,0.07502249296794512,0.0866156972621575,0.061219222335250546,0.08487603098784396,0.0512400373004299,0.06813862350707385,0.05090170517670416,0.05431635807494059,0.04083603023970965,0.051958349722705036,0.05417581153408853,0.03752633737792696,0.045103555217730316,0.05400403294447563,0.055013890972763727,0.05570102208027451,0.04435411084544763,0.04243370894198143,0.047914067816677265,0.04961606318218475,0.04786722469524336,0.058246609626425694,0.05271831424702876,0.042215131107054105,0.052577772025326264,0.05554485512217501,0.04311546951962554,0.03958186082939892,0.05394677354070843,0.02691696536565213,0.03780213707069442,0.03757317118490899,0.02322318496194863,0.03438856839416482,0.02630825391843593,0.02367058665063396,0.015212224896366868,0.017043192679666256,0.024851537505207227,0.01824480032511044,0.023894288938503202,0.02916457705346386,0.01904068561020909,0.010619484286249373,0.014026291530446865,0.014494419891242694,0.006021948677558128,0.006271578183767644,0.022822607646395064,0.010146189793001357,0.030304028420884612,0.009917345648964796,0.014192736687016995,0.007800585058505722,0.016980772261945817,0.005397880154826218,0.015097791550486543,0.01162850011476689,0.014972955460375015,0.016429395159616854,0.011103185307210562
berlin,2021.7150684931507,0.018593323754685687,0.04560839536261467,0.016091289450864764,0.04314669540901133,0.05309830067422984,0.03219276307843709,0.07253336388024777,0.0632132066422321,0.06824275997792192,0.11882566143329204,0.17199332612232326,0.1293391187174428,0.1230943795888864,0.10576628968807159,0.08951179775455033,0.12215095749964158,0.08193852304308323,0.06803969405293667,0.09737792060649252,0.07237193912048741,0.07189287504185603,0.05307227411802959,0.06387962053352846,0.04491619311203666,0.06684214190554581,0.06600907841667729,0.06108386324771678,0.042673104767768456,0.05012094713870531,0.06092247402692298,0.050787193264208746,0.05855375438105659,0.046607681029531826,0.04650358787657199,0.04125235872288552,0.03341033087674665,0.05750218156185419,0.04243370894198143,0.055013890972763727,0.03189097717832465,0.05707531153526481,0.046966804006784504,0.044603924436069496,0.040102259402673944,0.03723492797112964,0.023134745548924536,0.04790886302332557,0.03463313064899739,0.03596003101730909,0.02202146227260865,0.026682844734998726,0.017677804513099284,0.033779769478671215,0.020226733343279173,0.032385282584923604,0.03156317723674844,0.03613695362468125,0.022723764367865575,0.015295449306082875,0.01621612822578613,0.028243668850247376,0.01570117021091469,0.01427595946508799,0.007961809492070508,0.008414280733668927,0.011592091986654127,0.021085074233381854,0.006271578183767644,0.003260502217811224,0.020294359687120483,0.013464543060316143,0.009917345648964796,0.003546520937736729,0.01170131644747242,0.008492293414629589,0.010796320696865801,-0,0.019378810496632363,-0,0.012320259392350435,0.010520664201067077
berlin,2021.7342465753425,0.023909896110776784,0.01877538916167991,0.016091289450864764,0.02156887261491116,0.042475342919471665,0.04561359992571841,0.050204227437571886,0.06896130731073447,0.0890325757450318,0.06828962145783897,0.07498083292332161,0.09851365783685564,0.07887098354028188,0.08708447956607135,0.05752821033535973,0.05764794286130668,0.0682740009598429,0.06123484071418129,0.07649623852050533,0.052624619390358916,0.06251035749502422,0.0670452031539982,0.03725574287459535,0.04242330045281737,0.04901229086639981,0.06387441414189873,0.052936936235796976,0.05625802138367613,0.05755423912189405,0.0394153343858712,0.02538739629821702,0.04953798878118495,0.03908748700863085,0.05250489843028631,0.032083495567505164,0.030231186033897517,0.0344926372981892,0.04243370894198143,0.05323884430278651,0.04607160351848892,0.036813427968497014,0.031932602715587184,0.0466337043503344,0.04432808866544464,0.030663038818931464,0.027765011140936866,0.035928809443206255,0.03958186082939892,0.03852546774225384,0.0416062405543761,0.017787041757538067,0.026516359594498717,0.018999070391522415,0.032369672868652374,0.014166729596180046,0.03551252357970115,0.026625615407831257,0.013256489611384628,0.01720444577224309,0.024326089099468276,0.01737610283963735,0.011217609862723512,0.009516870820243991,0.005309471053109519,0.0056111027244387535,0.005798323262531595,0.018073140390041906,0.018817004201356447,0.009782120037235744,0.010146189793001357,0.010099380681609363,0.006609620050255059,0.014192736687016995,0.01170131644747242,0.008492293414629589,0.010796320696865801,0.0050338436419635705,0.0038741443136664456,0.007488539187764362,0.032858779538540515,0.011690914107985973
berlin,2021.7534246575342,0.021251541985756222,0.04023756388479322,0.01877538916167991,0.02965885654380517,0.04512957778580611,0.05097978162525814,0.07253336388024777,0.0632132066422321,0.09200173971581951,0.083146839553955465,0.08123542075445958,0.12008695559894778,0.10729301420624422,0.080860436754377,0.07671496050113384,0.11875790682744561,0.07168979486228885,0.05102142244574989,0.08693863572976292,0.023015092464833173,0.05000123194276317,0.05307227411802959,0.055893628641177855,0.06489487686250237,0.05792384929678916,0.06387441414189873,0.057012843044810066,0.04073194863973225,0.05940752221228488,0.04658165772175836,0.05248407742188824,0.043531816253187895,0.05713257438410331,0.05250489843028631,0.053483495229013585,0.04773710513488441,0.06243226373174797,0.04073715271478626,0.047914067816677265,0.04075276494306161,0.04049776580148282,0.03568944466449106,0.0466337043503344,0.03588197711718898,0.04381285218285383,0.05322843365061269,0.04311546951962554,0.04205900464462071,0.05394677354070843,0.0318129293857595,0.02223475301715946,0.028727533838911377,0.03589238429710271,0.020226733343279173,0.03643356052282371,0.027619333582200315,0.02091860701391948,0.015149806676486683,0.032504957231985314,0.028378942479687842,0.01303283308219876,0.01570117021091469,0.01904068561020909,0.018582920036396472,0.016835124911993838,0.014494419891242694,0.012049796022780333,0.018817004201356447,0.013043235690132871,0.020294359687120483,0.016835124911993838,0.013225281665846569,0.03194300910511065,0.019508859115309377,0.021230733487564962,0.02160008556828771,0.02013309701238007,0.0038741443136664456,0.02246365137478491,0.016429395159616854,0.010520664201067077
berlin,2021.772602739726,0.013282496246981336,0.01877538916167991,0.02145442527949567,0.026963789618278017,0.03185455486054549,0.04024276791037024,0.09207987789928945,0.09197048447530654,0.08012089290188398,0.14559563768522074,0.12190077108770878,0.14475609708799064,0.1230943795888864,0.08397496924040178,0.07671496050113384,0.07122115132097284,0.0751058131573207,0.08506353712912064,0.052145737203879765,0.08225101600072228,0.07189287504185603,0.04748207174107489,0.04257942800903541,0.03992532330342692,0.07353316710410306,0.0510942939618579,0.03664170672471641,0.05043845399320628,0.06869575605280849,0.0394153343858712,0.0609537106112114,0.06005306329345557,0.049610858218473844,0.04650358787657199,0.04125235872288552,0.0461444680983624,0.049282946554831286,0.04583219204633404,0.039035447932492855,0.03898340890842721,0.06076108530702727,0.06576436855281335,0.03852026388854272,0.042215131107054105,0.06134416949802251,0.04165307803606929,0.06708685684143714,0.05443608320566157,0.05394677354070843,0.0318129293857595,0.05782493927422557,0.024305279370919582,0.031667240486388824,0.026297848656494666,0.028332116952747597,0.027619333582200315,0.015212224896366868,0.030298825389861624,0.02676608750513643,0.022297179742036412,0.03476321742337538,0.02916457705346386,0.009516870820243991,0.029206200408329476,0.019638908059230343,0.005798323262531595,0.021085074233381854,0.006271578183767644,0.026084541245550118,0.03044971350096989,0.006734436064147517,0.003307305173422107,0.014192736687016995,0.019508859115309377,0.008492293414629589,0.005397880154826218,0.0050338436419635705,0.007748577283341836,0.014972955460375015,0.00821144831090872,0.018119956679774157
berlin,2021.7917808219179,0.03985767142458456,0.034872490565353256,0.032187559858427126,0.040450929360391366,0.05575307783719148,0.04829922397057983,0.058574577819914195,0.0775898576236303,0.06824275997792192,0.10692826365904282,0.11251443820310636,0.15401265092553262,0.11993059515685785,0.09331447678168474,0.07032032615368167,0.0678262153458128,0.0682740009598429,0.0646345528371858,0.06953927650103948,0.055914451014818935,0.05000123194276317,0.058663077528110105,0.061219222335250546,0.06739405381672953,0.0467794351874785,0.06174504367203831,0.06108386324771678,0.052374767264576905,0.05383746030859666,0.053754174190748384,0.05587280627587468,0.09011083147710303,0.049610858218473844,0.06451480422316777,0.055013890972763727,0.0365948737566443,0.05585718950737194,0.061115099928952456,0.06389523971153373,0.05493580846688451,0.06997145585907838,0.05448813769629809,0.050693501887011626,0.0675606698844453,0.05915243157476785,0.048595900250366045,0.023946312864308178,0.04700844161387242,0.04623815127966179,0.05385307647054102,0.026682844734998726,0.028727533838911377,0.04011787144033314,0.03438856839416482,0.03845781768459461,0.02367058665063396,0.03613695362468125,0.0359860490100556,0.04206420885248601,0.028378942479687842,0.030413292192685314,0.024679855758947315,0.01904068561020909,0.026547575517742065,0.019638908059230343,0.02319197103429321,0.027109465340516947,0.018817004201356447,0.013043235690132871,0.016913150227306765,0.013464543060316143,0.023145150177944288,0.007098484482587577,0.031214566867818642,0.012736359630900538,0.027000208510576558,0.015097791550486543,0.007748577283341836,0.02246365137478491,0.024643438491696115,0.014614053370672519
berlin,2021.8109589041096,0.02656838614364825,0.01877538916167991,0.05365527209906427,0.04854385165779853,0.058413196386841955,0.05366568283669936,0.11721521046028811,0.11498463583241127,0.10982549569689587,0.13369732755551048,0.11251443820310636,0.11700674148848866,0.09465850382579384,0.11199331445184717,0.07351754503089716,0.07122115132097284,0.08193852304308323,0.0646345528371858,0.052145737203879765,0.08225101600072228,0.09066819948599358,0.0866156972621575,0.09585148716430554,0.06739405381672953,0.08914196298864636,0.0745329895515354,0.0875793099161438,0.08926697726311646,0.06869575605280849,0.08603232963026095,0.08467810857222878,0.08710010571565471,0.07217927151481365,0.07352275238811484,0.07336132455694343,0.07640250081043853,0.07723052309554997,0.08320413112019998,0.0852093757064478,0.08154270132591035,0.05523252261298737,0.06200535323216946,0.0791001313408147,0.1013739500276297,0.05696078602675669,0.10419271610474994,0.057496975808713074,0.05690872906082314,0.10280154997949958,0.06119839783731058,0.051151550224723376,0.04862712943090747,0.050677886673886896,0.04855946623009569,0.048585490527684766,0.04143450348242993,0.04945470954932712,0.05114113999042173,0.04015429954644234,0.03243731500632111,0.03910830265367026,0.038145587789724655,0.03332187413617073,0.023894288938503202,0.03648039334560602,0.026089743854916102,0.03615256447187598,0.03449784074885478,0.01630455587268961,0.016913150227306765,0.023571741760226996,0.019836583076899693,0.028394550998034288,0.02731237149086693,0.04246493442197401,0.016200523362532936,0.030199967899287996,0.042641879162771464,0.03370171885113228,0.032858779538540515,0.029809742797933896
berlin,2021.8301369863013,0.047830791185524635,0.029502767776124154,0.04291770598896189,0.0971382728006009,0.06903941087997181,0.08589169734088149,0.13398406462749113,0.17833786217044656,0.1395470767184925,0.17238461968013574,0.1657278130079775,0.23118514860980774,0.17367330061382857,0.1524949846612592,0.16315609318787944,0.1391403883798272,0.10586008034572317,0.11571946410164473,0.11130543909677316,0.09871684280125163,0.1000557994721416,0.0922101084659972,0.10651140902366672,0.10736596462271002,0.08914196298864636,0.10437508146463273,0.0753505669856915,0.09315298749785426,0.1058705015403491,0.09500233027759437,0.08806893616043716,0.07357482598893797,0.09776865309314724,0.0900431142755516,0.09477832187667434,0.08436560102872902,0.09861264528443572,0.09340303563412598,0.08876171308452456,0.07089831044947996,0.09392918251436415,0.08645422878044343,0.09534094945970208,0.0802354694299441,0.08766265022789507,0.09028793842114724,0.05989167727185589,0.066816108469504365,0.07451215972113467,0.08569897963610641,0.08898569556821094,0.07738154744978096,0.07392372045962922,0.056653650681028414,0.046555634427008205,0.04537939510189126,0.051359755348411716,0.06062052134619392,0.04780476726563504,0.04257942800903541,0.06302057296795063,0.05610185275278967,0.040466541502732635,0.05311391661419813,0.044900579633703926,0.03769285777217115,0.03916554572049035,0.028222857553875103,0.04892380758150823,0.04060184693272187,0.023571741760226996,0.039680736157567675,0.03194300910511065,0.04292291028276753,0.06371301626002378,0.03780213707069442,0.0402687880460501,0.042641879162771464,0.05617993700960636,0.041075418710248265,0.03917074963878367
berlin,2021.849315068493,0.058465254858913504,0.07782420756668122,0.08587607155442406,0.06203659046695423,0.11955012004507304,0.13427080328059873,0.1759272646922321,0.25042041769483064,0.39287924325786,0.38119661182395087,0.44522659798161274,0.45099610322724365,0.27815743253271236,0.21174814305454978,0.19520473511737346,0.17313591156507116,0.1605845005488537,0.11912795228881701,0.14613795682961114,0.11518788516587265,0.09692467460015795,0.11458856249069105,0.11184740073735673,0.10736596462271002,0.09806561174662053,0.10223884166920733,0.12836430620266012,0.0989773375067433,0.07613170393052872,0.11653247769107541,0.10502118102930084,0.08560001676796619,0.0992743030627972,0.11858591476293852,0.09018896681923529,0.09711222419259807,0.1282339850587804,0.06281752743514266,0.11008604605741888,0.13478693684068924,0.11236852302632601,0.09397606714815931,0.12174440519151283,0.10771508588979442,0.1030151723215545,0.1181012129144527,0.09346033850136687,0.08662611460077621,0.1105185625382221,0.10530776001916328,0.08453227148487737,0.10836643780326541,0.05913160790450126,0.07690764491296279,0.07896993360299948,0.09080363560532802,0.06848748150529949,0.07768359747411017,0.07651186148861523,0.07301243385961952,0.06084438264829691,0.06733157292897043,0.05952205310965082,0.045139986816681604,0.050516529746210785,0.06960176004153494,0.05725230599908168,0.05960014250248263,0.04239727923902497,0.06430133998646459,0.033675702001315866,0.05953246502191994,0.04614967271512073,0.05463909601383516,0.055211700512409215,0.032400892305874895,0.04530653159405573,0.02713027619129514,0.052432024937366595,0.05340541502112066,0.03741185491621222
berlin,2021.868493150685,0.047830791185524635,0.07245004781263735,0.09930556269366995,0.12415249213005605,0.15413782125446568,0.19076830078736023,0.36929141039776575,0.5339589031222908,0.5994398399108793,0.6779510567697012,0.7895836106627858,0.7091378452148759,0.43368950755015917,0.37112965115361735,0.3139703546429384,0.29229034033153606,0.2256436605394485,0.24536276450381628,0.17750301056780873,0.20421969172227286,0.13762315610737075,0.1789848813816486,0.17586465325968373,0.18240795568533244,0.1583364172546723,0.15770530229409754,0.1732611279345408,0.1514571559137014,0.13748759798993793,0.17759171291419118,0.1898654022733414,0.1698334386673205,0.15802346673004547,0.1561718813299076,0.1345783974117479,0.1736576484270868,0.1397556360746863,0.13591306420882426,0.13141912737138925,0.16498706119503598,0.19726650106836027,0.17681948579752707,0.16645292535500886,0.1732976494324379,0.16668245942792867,0.18305502554168532,0.18228793554884304,0.2056657798376613,0.17746126833951306,0.13963571434266694,0.13354092618266852,0.11058109533912744,0.13736768148831877,0.11337430381053978,0.11748622137308458,0.13428644361623993,0.12563284334468083,0.08905862030597698,0.11097713815785168,0.12174440519151283,0.10217631889950068,0.08530312929357695,0.08096459870537567,0.05842881392298998,0.08141249747224595,0.07540784996294697,0.04519203200231327,0.03449784074885478,0.04239727923902497,0.07107535196952108,0.043781625893439875,0.04960565325528393,0.07101286665832392,0.05854334266475193,0.07221572208816558,0.043209147244036204,0.07049736570589926,0.08143853821689492,0.03370171885113228,0.04929856134907142,0.05261941412549073
berlin,2021.8876712328768,0.09304359181632865,0.08856377587870057,0.10736596462271002,0.1430666279018562,0.170109940991179,0.25810711147936444,0.34402873064624695,0.5165564034895705,0.5544627691342314,0.6478991706715296,0.7198978848232731,0.6966672094113608,0.5323302906232291,0.4400345905221113,0.3943672645755214,0.31615193257382856,0.32509892888740666,0.23853466812927338,0.2891894511680476,0.1943174179709294,0.17208723630766817,0.15377795737087613,0.15451854952365898,0.2124530122599044,0.16950476800620654,0.15343895743972694,0.19163989977355866,0.18647314911450866,0.21940823401365883,0.19736567668111724,0.2000591498577623,0.19392595933734327,0.1896879558537801,0.1877621792463559,0.1835977355008535,0.2119726559126089,0.2023560201414853,0.2125208890580984,0.22396722866365762,0.18098338671745193,0.2231316441732921,0.21263053638079876,0.2559854495641705,0.2707657210728608,0.18425525707804274,0.21323621147206606,0.24239005534549277,0.165957343880182,0.1877673980567725,0.21819674710120754,0.24061904930025982,0.21474520854590443,0.15853462022775713,0.15189523185368778,0.15805997752753523,0.13626237719070203,0.11610512280932453,0.09853970714690072,0.09948270095689689,0.1258048587188077,0.1304755542377526,0.09653394845514937,0.11195162477735614,0.13022011473217923,0.1066989931960516,0.11024758793657671,0.08439164325228604,0.09727893550931005,0.06523850657145298,0.10495344440792327,0.06736802010437007,0.08931906663284382,0.09589316393291451,0.10542760261052947,0.07646499259837268,0.08104272030555179,0.06545718120492598,0.050402018681926196,0.06742008754211694,0.06985169495431416,0.048528237090184334
berlin,2021.9068493150685,0.07176269534831511,0.0993107726339786,0.12349051772321785,0.15658391857474988,0.23137840625826583,0.27967354281315054,0.3889498141899404,0.4585866001492262,0.4885764877948475,0.48591526833011933,0.5902719612264902,0.6343641154126698,0.513226797210737,0.44630177542753946,0.3525459871853235,0.31615193257382856,0.2770595871647923,0.25219698287102904,0.24728022594744978,0.28679462454016164,0.24421859094988196,0.1929916899747529,0.21858838848985382,0.19242278556890294,0.23656529200808357,0.2004088940119857,0.22024375867445917,0.18841453460801397,0.21382100790939212,0.2225362984152901,0.2323447052742968,0.20748258291701419,0.22288097144441424,0.1967915047033548,0.23573995231136596,0.1832376676840641,0.22709034457331162,0.25853563498474613,0.27387073920448596,0.2129855864407486,0.22682920729435152,0.22394633888775609,0.28858289076273935,0.2029459145653446,0.21723071095385274,0.1993074688901061,0.24239005534549277,0.2230480864627308,0.2625492948574058,0.17890139457943455,0.20266923758637018,0.18812749724061603,0.18606087496644583,0.16812228717838817,0.1905438794614145,0.15406480519264082,0.2057388683912731,0.18396824266866466,0.15313125172333497,0.16035499339140477,0.12611761540233196,0.16174248392847396,0.13342101878206034,0.11691814242855109,0.12919315632200312,0.11605821821912561,0.1326755137557775,0.10984633967769018,0.07503290798431601,0.10495344440792327,0.10446365915590998,0.10588092273706354,0.08878254862370434,0.08588648874487204,0.10197833062469483,0.08644902012808753,0.11586538868168662,0.07755861104435366,0.05617993700960636,0.07396537965735038,0.05379061185089597
berlin,2021.9260273972602,0.05049050448218209,0.08856377587870057,0.15037241232674495,0.1376648663684471,0.24470446979454827,0.25001808636362,0.3356123085795736,0.4180451070089899,0.4556593802416604,0.5368537564079239,0.5397750421462426,0.5130797532686359,0.38285716667042674,0.4807926730499623,0.3139703546429384,0.28547176541679387,0.2564871155030943,0.2282863700685566,0.24728022594744978,0.20421969172227286,0.2316656824684661,0.20140071858675795,0.20256483156178393,0.21495929126246324,0.2209121880692496,0.20681954685136844,0.1630517664678932,0.19425478439152571,0.19519429600410357,0.2099468540483456,0.21024967508332076,0.1894061304319799,0.20628181514845945,0.21485486055891534,0.22960255218829406,0.20398999189617292,0.23368710722059388,0.20059681721564246,0.21684430151991815,0.22009754088969827,0.2360690418859638,0.22017587179468923,0.18068595416547545,0.2198938810889312,0.22602491271481703,0.23647126530550766,0.19190086039570708,0.22056752808957614,0.15685513474556956,0.24768253609591828,0.18928087517924042,0.19256370626382588,0.15853462022775713,0.1620398081459384,0.14791617754707057,0.15406480519264082,0.11229035435004854,0.12510637558399032,0.13780042494799993,0.11564650196518297,0.10652704101218399,0.11001830283809266,0.11672530970226878,0.10361957199447207,0.1066989931960516,0.1393020205438276,0.09042337355007275,0.10356225793088968,0.09789368810896663,0.06768563228557968,0.11120642748420423,0.10588092273706354,0.12078015922155808,0.08979308229530322,0.08071461037349904,0.07023180660360363,0.06545718120492598,0.06203659046695423,0.04118990923791182,0.045186827481403145,0.0549618359558148
berlin,2021.945205479452,0.06644122843562013,0.09393960131822165,0.11542761617004843,0.12955285010710813,0.170109940991179,0.26888920909107206,0.3889498141899404,0.33416783578638454,0.503543791217725,0.4260502159223172,0.4767201500031847,0.41688140202387647,0.363803260530408,0.28044207076894884,0.3364654037494789,0.3093302282607028,0.270201192240823,0.2556144289101647,0.17053252285500278,0.17122639929013306,0.1877621792463559,0.1789848813816486,0.21324665420791858,0.19242278556890294,0.20302421963799175,0.15770530229409754,0.17122118213952997,0.1689622051108438,0.18774130400991565,0.17939188146192114,0.16100178888486494,0.16531570330272344,0.15953086240270764,0.18324810439729053,0.1866662406622293,0.1688735174835657,0.17269243934817818,0.19888987304759126,0.18301327885636165,0.20409440078224986,0.21019746443424028,0.2107456788641985,0.21934034822467105,0.2177737777145207,0.19304910269173875,0.18537723769702558,0.18468839091324288,0.19325265738092987,0.18261668701729494,0.1420915580142129,0.1825905955549805,0.1504506382706494,0.135250940070667,0.1356732387440163,0.143853997143497,0.13428644361623993,0.10848107658438018,0.1554782057485068,0.13013149315608394,0.14815605948344082,0.09782596077141385,0.12350615481674682,0.11195162477735614,0.07703262977807465,0.10108218259832984,0.11315542757963573,0.06931017082824968,0.10042050181591566,0.06850310206742978,0.1117275433496146,0.07748570243239232,0.09594525994064868,0.06390565249947891,0.09760714997602578,0.06371301626002378,0.07023180660360363,0.04530653159405573,0.06203659046695423,0.059922913236947,0.04929856134907142,0.05320761235250625
berlin,2021.964383561644,0.061125512160200804,0.1154328277258948,0.13692972791861258,0.1971568861374814,0.28738024881171914,0.25810711147936444,0.3356123085795736,0.34572474178884877,0.494560792327449,0.5128801942980005,0.4956317405255182,0.46340795414623204,0.4019128167789777,0.33045739937728597,0.3300387489853823,0.2956947334500512,0.28048912386993013,0.20780105206433808,0.22982714214714808,0.1877204287818557,0.14075673262839403,0.23223501637441638,0.2372913928261096,0.19993386894191276,0.25446480425653956,0.18759517758948757,0.19981380834745058,0.1689622051108438,0.22313686653465736,0.19736567668111724,0.16948911707416336,0.16230583651838548,0.17913098360805038,0.19528824809897702,0.16980735361832464,0.20398999189617292,0.16281181580624177,0.19718820466558373,0.19191651807467958,0.21476087310503275,0.18988105933943059,0.19566405817596777,0.17458635299361036,0.1944740022495111,0.16668245942792867,0.17145073726110358,0.21112682182619838,0.1436349925814083,0.1748837506586882,0.13963571434266694,0.17589595896653437,0.1504506382706494,0.14160142283697622,0.13972956610941337,0.12356870323789718,0.12044658640004603,0.12372507461992834,0.12131179532867328,0.13588178256373545,0.11767905692109797,0.12829653916708342,0.11001830283809266,0.11433841246080344,0.11426024082324807,0.05893898934986114,0.09282480114370856,0.08137604045163893,0.053327334930468304,0.0619741160161494,0.11850773673984812,0.07074209784411946,0.039680736157567675,0.04614967271512073,0.05854334266475193,0.06371301626002378,0.12431929016019452,0.030199967899287996,0.03488810103295564,0.04493701109044341,0.04929856134907142,0.060813146129682104
berlin,2021.9835616438356,0.07708470689386922,0.09662251279070189,0.13962007239800692,0.13225845266895778,0.2127245199842716,0.21500106360260818,0.273917786359657,0.29083138293590416,0.41081168738912993,0.4051095267083937,0.38857784362297015,0.37968801490661425,0.28133085875874675,0.30231589655975016,0.2786331727236775,0.2514027462315031,0.23934960420372353,0.19415039526015768,0.19842530161348249,0.2009204643250479,0.20343662829984394,0.1789848813816486,0.19989210870370153,0.19242278556890294,0.1985557987881385,0.22391500423963878,0.2713616192667568,0.190361211655313,0.20264313606057252,0.2657165420329177,0.20515416283880358,0.184891912876878,0.19421302871383136,0.20732595946168908,0.21119469689330062,0.159301359895532,0.14963709420611948,0.19207831436682635,0.22218640540431497,0.18987062129484542,0.20465821238967125,0.18058681035954244,0.14815605948344082,0.2050601929168059,0.13373903466771722,0.18305502554168532,0.16066795794816707,0.17588030611075026,0.1645801738441443,0.17890139457943455,0.16251970345172154,0.12829653916708342,0.1479474664325373,0.10121243571269524,0.0830218399921514,0.10265566205509347,0.0932415460752706,0.12131179532867328,0.10331737127988788,0.09737271085983494,0.11305641244450089,0.07856371875620519,0.06428572068647323,0.06374425452064629,0.07017452932796846,0.06960176004153494,0.06328088891341589,0.06273943321055661,0.04239727923902497,0.05752821033535973,0.043781625893439875,0.04960565325528393,0.053249254957050386,0.04292291028276753,0.02547583954254101,0.027000208510576558,0.015097791550486543,0.042641879162771464,0.02246365137478491,0.04929856134907142,0.040336440459756685
berlin,2022.0027397260274,0.10103008144393708,0.07513705826275581,0.08050107962504846,0.10793915002745048,0.13018883651160434,0.15578592535316038,0.17033427414557564,0.19562752096595218,0.2645719205452211,0.2438790009043892,0.2534980941063097,0.2744562179444456,0.24964188325976272,0.16808576931516056,0.21444758281899132,0.2582168549675284,0.14347856131604822,0.21121558154715714,0.2577517532021446,0.25705149546949907,0.2818955084316402,0.21821763456747312,0.2907634038402815,0.31524162274148615,0.2343295920094263,0.35658261750316406,0.32252454764299654,0.2409847388224216,0.24550382874003981,0.2747175945102694,0.24594269769997548,0.26023931214169793,0.20024707179747792,0.2223848518976772,0.1912641187784006,0.22954509909881818,0.22213940502997057,0.16824227462384955,0.23287748322211965,0.19164511897317033,0.21019746443424028,0.21263053638079876,0.1623840804163514,0.1690665436895289,0.1820583325813439,0.1993074688901061,0.18228793554884304,0.165957343880182,0.1645801738441443,0.1862644023019114,0.2093621011782165,0.13272764662682746,0.1331342848147873,0.1295893409199677,0.13574101539368624,0.11254049452776418,0.12372507461992834,0.1232090508437373,0.08225101600072228,0.08518854159893556,0.1326494473398552,0.11001830283809266,0.10480233995512077,0.06374425452064629,0.07579320981373948,0.06380152471385736,0.07836061252278431,0.037635616326503654,0.09462724698836554,0.06768563228557968,0.04040929700372257,0.03637111682472198,0.06390565249947891,0.03511705509614594,0.07221572208816558,0.02160008556828771,0.060417485184679445,0.023254398908340777,0.04493701109044341,0.024643438491696115,0.04209543411059242
