State,week_end_num,A00,A01,A02,A03,A04,A05,A06,A07,A08,A09,A10,A11,A12,A13,A14,A15,A16,A17,A18,A19,A20,A21,A22,A23,A24,A25,A26,A27,A28,A29,A30,A31,A32,A33,A34,A35,A36,A37,A38,A39,A40,A41,A42,A43,A44,A45,A46,A47,A48,A49,A50,A51,A52,A53,A54,A55,A56,A57,A58,A59,A60,A61,A62,A63,A64,A65,A66,A67,A68,A69,A70,A71,A72,A73,A74,A75,A76,A77,A78,A79,A80+
baden-wurttemberg,2020.0109289617487,-0,-0,-0,-0,-0,-0,-0,-0,-0,-0,-0,-0,-0,-0,-0,-0,-0,-0,-0,-0,-0,-0,-0,-0,-0,-0,-0,-0,-0,-0,-0,-0,-0,-0,-0,-0,-0,-0,-0,-0,-0,-0,-0,-0,-0,-0,-0,-0,-0,-0,-0,-0,-0,-0,-0,-0,-0,-0,-0,-0,-0,-0,-0,-0,-0,-0,-0,-0,-0,-0,-0,-0,-0,-0,-0,-0,-0,-0,-0,-0,-0
baden-wurttemberg,2020.0300546448088,-0,-0,-0,-0,-0,-0,-0,-0,-0,-0,-0,-0,-0,-0,-0,-0,-0,-0,-0,-0,-0,-0,-0,-0,-0,-0,-0,-0,-0,-0,-0,-0,-0,-0,-0,-0,-0,-0,-0,-0,-0,-0,-0,-0,-0,-0,-0,-0,-0,-0,-0,-0,-0,-0,-0,-0,-0,-0,-0,-0,-0,-0,-0,-0,-0,-0,-0,-0,-0,-0,-0,-0,-0,-0,-0,-0,-0,-0,-0,-0,-0
baden-wurttemberg,2020.049180327869,-0,-0,-0,-0,-0,-0,-0,-0,-0,-0,-0,-0,-0,-0,-0,-0,-0,-0,-0,-0,-0,-0,-0,-0,-0,-0,-0,-0,-0,-0,-0,-0,-0,-0,-0,-0,-0,-0,-0,-0,-0,-0,-0,-0,-0,-0,-0,-0,-0,-0,-0,-0,-0,-0,-0,-0,-0,-0,-0,-0,-0,-0,-0,-0,-0,-0,-0,-0,-0,-0,-0,-0,-0,-0,-0,-0,-0,-0,-0,-0,-0
baden-wurttemberg,2020.068306010929,-0,-0,-0,-0,-0,-0,-0,-0,-0,-0,-0,-0,-0,-0,-0,-0,-0,-0,-0,-0,-0,-0,-0,-0,-0,-0,-0,-0,-0,-0,-0,-0,-0,-0,-0,-0,-0,-0,-0,-0,-0,-0,-0,-0,-0,-0,-0,-0,-0,-0,-0,-0,-0,-0,-0,-0,-0,-0,-0,-0,-0,-0,-0,-0,-0,-0,-0,-0,-0,-0,-0,-0,-0,-0,-0,-0,-0,-0,-0,-0,-0
baden-wurttemberg,2020.0874316939892,-0,-0,-0,-0,-0,-0,-0,-0,-0,-0,-0,-0,-0,-0,-0,-0,-0,-0,-0,-0,-0,-0,-0,-0,-0,-0,-0,-0,-0,-0,-0,-0,-0,-0,-0,-0,-0,-0,-0,-0,-0,-0,-0,-0,-0,-0,-0,-0,-0,-0,-0,-0,-0,-0,-0,-0,-0,-0,-0,-0,-0,-0,-0,-0,-0,-0,-0,-0,-0,-0,-0,-0,-0,-0,-0,-0,-0,-0,-0,-0,-0
baden-wurttemberg,2020.1065573770493,-0,-0,-0,-0,-0,-0,-0,-0,-0,-0,-0,-0,-0,-0,-0,-0,-0,-0,-0,-0,-0,-0,-0,-0,-0,-0,-0,-0,-0,-0,-0,-0,-0,-0,-0,-0,-0,-0,-0,-0,-0,-0,-0,-0,-0,-0,-0,-0,-0,-0,-0,-0,-0,-0,-0,-0,-0,-0,-0,-0,-0,-0,-0,-0,-0,-0,-0,-0,-0,-0,-0,-0,-0,-0,-0,-0,-0,-0,-0,-0,-0
baden-wurttemberg,2020.1256830601094,-0,-0,-0,-0,-0,-0,-0,-0,-0,-0,-0,-0,-0,-0,-0,-0,-0,-0,-0,-0,-0,-0,-0,-0,-0,-0,-0,-0,-0,-0,-0,-0,-0,-0,-0,-0,-0,-0,-0,-0,-0,-0,-0,-0,-0,-0,-0,-0,-0,-0,-0,-0,-0,-0,-0,-0,-0,-0,-0,-0,-0,-0,-0,-0,-0,-0,-0,-0,-0,-0,-0,-0,-0,-0,-0,-0,-0,-0,-0,-0,-0
baden-wurttemberg,2020.1448087431695,-0,-0,-0,-0,-0,-0,-0,-0,-0,-0,-0,-0,-0,-0,-0,-0,-0,-0,-0,-0,-0,-0,-0,-0,-0,-0,-0,-0,-0,-0,-0,-0,-0,-0,-0,-0,-0,-0,-0,-0,-0,-0,-0,-0,-0,-0,-0,-0,-0,-0,-0,-0,-0,-0,-0,-0,-0,-0,-0,-0,-0,-0,-0,-0,-0,-0,-0,-0,-0,-0,-0,-0,-0,-0,-0,-0,-0,-0,-0,-0,-0
baden-wurttemberg,2020.1639344262296,-0,-0,-0,-0,-0,-0,-0,-0,-0,-0,-0,-0,-0,-0,-0,-0,-0,-0,-0,8.684072512197225e-4,-0,-0,-0,-0,7.1240487998485e-4,-0,-0,-0,6.812044618983496e-4,-0,-0,-0,0.0012896159913068346,-0,-0,-0,-0,-0,-0,-0,7.176049514830961e-4,7.696056950952293e-4,7.800058500578373e-4,-0,-0,-0,7.904060071005078e-4,-0,-0,-0,-0,-0,-0,-0,-0,5.668030890843131e-4,5.616030326606649e-4,-0,-0,6.136036202688044e-4,6.396039335704413e-4,-0,-0,-0,-0,8.216064907089019e-4,-0,-0,-0,-0,-0,-0,-0,-0,-0,-0,-0,-0,-0,-0,-0
baden-wurttemberg,2020.1830601092897,-0,-0,-0,-0,0.0018356323991003999,-0,-0,-0,-0,-0,-0,0.0010088097854867022,-0,0.0029588841810546545,-0,0.0019500365634153166,9.464086123428451e-4,0.0028236766635127155,0.0036609288662095077,0.003478916371049182,-0,-0,-0,7.1240487998485e-4,-0,7.176049514830961e-4,-0,-0,6.812044618983496e-4,0.0013416173069358463,-0,6.552041277961948e-4,-0,6.708043266962928e-4,-0,0.0014144192361890769,0.002137243920664269,0.0021788456471371156,-0,7.176049514830961e-4,0.0021528445641883763,7.696056950952293e-4,0.0015652235567344159,0.0023660538281344377,0.0031304942288193816,0.002407655737663283,0.0015756238708242005,0.001586024186994111,0.002204846743081171,0.002043640157790284,0.003281303526214121,0.0036661292325725816,0.0011752132799592396,0.0034425139484697983,0.0033853101930444904,0.0011336123564175387,0.0028028755381770093,5.720031460221995e-4,0.001185613516044898,0.0012272144811884878,0.00255326268311309,0.002002038539491907,7.07204809000845e-4,0.0014664206766304769,7.644056183968352e-4,8.216064907089019e-4,-0,9.204081456366061e-4,0.0018564331375272125,-0,9.776091895544216e-4,-0,0.0010816112487982198,0.0011908136348706493,-0,0.0016640266245696565,0.0026000650021664614,-0,-0,-0,5.252026522785282e-4
baden-wurttemberg,2020.2021857923498,-0,9.256082379355073e-4,-0,0.003676529966864721,0.0018356323991003999,9.568088026666271e-4,9.672089950704858e-4,-0,0.0010140098866259321,0.0010296101931752911,0.0019968383395411833,0.0020228393444778857,0.0029588841810546545,9.880093861184358e-4,0.003972951768688912,0.003894945867543119,0.005694311769258563,0.0037649362923369853,-0,0.006958065504961515,0.002423256462314505,0.006167565743876809,0.005231463147008865,0.005694311769258563,0.0064327978767492475,0.0035985245103836694,0.007108885903421963,0.011051174228849372,0.015009365955698453,0.007394925791684666,0.009631291885159604,0.006562814122280046,0.005803523842653571,0.013417730961730804,0.004779019599315969,0.011300827879420765,0.009979757588370606,0.0029068812480877357,0.0085182976676288,0.007915002346961344,0.01363098641881596,0.011514074655104551,0.007041276705191476,0.006307982586878362,0.010957554418900645,0.010432246389299219,0.004732215319060305,0.011878156537120226,0.01542028617041256,0.013620583693301576,0.011820943501131212,0.017116016595036396,0.01233066185773503,0.011482867755258098,0.011285224491147437,0.010198199966192732,0.01120720761999968,0.008549502788384242,0.01067149493283023,0.010421844303680755,0.0076549634191316026,0.006006346873211892,0.008476690869076719,0.009542875585615106,0.006136362052479218,0.008201046669529411,0.003478916371049182,0.0064327978767492475,0.0037181329248362313,0.007706971100667665,0.01074430992543354,0.0029900859657976397,0.003250101566730168,0.004758217691780449,0.002782074421156427,-0,0.00520026001733406,0.001331217039648678,0.0027040703064400047,0.0035569216481055464,0.0026312665716063024
baden-wurttemberg,2020.22131147541,0.0037545355403623185,0.0018564331375272125,0.0027560730365790635,0.0018356323991003999,9.1520805385195e-4,0.0028704792259572447,0.0067656401144341426,0.002995286265072126,0.003036888678013275,0.004118563097248782,0.005985544474694745,0.005049445154527776,0.007894199184880109,0.0049350341710758016,0.00993294862679645,0.00779538427865152,0.010437447432891652,0.009412851888795442,0.007316914757024442,0.013043235690132871,0.016169313650069517,0.013100450070966259,0.01494694797932523,0.019940622861716432,0.02429487450977393,0.017984709735555854,0.022754978014472772,0.03661568840391218,0.02865469366027251,0.035627001859946744,0.030824334152540277,0.023628967726507962,0.02966926247830991,0.028852402953970215,0.023889086548788227,0.022609314490611505,0.030657835751980618,0.02324919658263803,0.021298361137128553,0.030944005207223825,0.027260344197353025,0.033009675078052914,0.020351582046756276,0.036277451418165865,0.030532962301419123,0.016850729965688042,0.03393066769077411,0.033269840829649726,0.032317640514939114,0.03269227462379457,0.04073194863973225,0.032400892305874895,0.039347683170519544,0.032151137332912284,0.03725053914794925,0.03796345455015071,0.03810916109077172,0.028509013609085872,0.03260902236635017,0.0343365340202617,0.030626617361225725,0.02537178868248336,0.022614516752292035,0.024955587324263617,0.021480436015424785,0.02297347406533756,0.024367708581549036,0.02113189323487207,0.018582920036396472,0.016382580391894143,0.01074430992543354,0.018926243838959245,0.0216833202022213,0.01427595946508799,0.016694679639459004,0.0166634696304082,0.020798959029094562,0.009303632234718395,0.02297867636345579,0.020148703055823725,0.019826179109866764
baden-wurttemberg,2020.24043715847,0.006568014778865976,0.005569498251956764,0.0027560730365790635,0.005512292156648544,0.005501891055171599,0.00669283069289289,0.0038689439265003588,0.003988552962963668,0.0010140098866259321,0.0030888917409951843,0.004987039132350607,0.006063553512041092,0.005923137329074769,0.005917936736990098,0.007946207105682173,0.010718304559228361,0.011384046029301662,0.01129042562004973,0.010062973624097329,0.02087178820446432,0.026677642066292553,0.03700596458285459,0.03363927843344811,0.024211635695512428,0.034305313420909346,0.03238007934564396,0.02702101931762926,0.032468534484154224,0.02933627360702296,0.041007765335118886,0.03339472085277219,0.030850349575781807,0.039347683170519544,0.03690709434049092,0.03618378618033077,0.035330399562349,0.032083495567505164,0.03414921070531789,0.030532962301419123,0.03958706478935528,0.027260344197353025,0.033779769478671215,0.03130822315525011,0.023654979550180276,0.04149695326115035,0.03691750172557168,0.04340170754085238,0.040398888919763454,0.047013646317099755,0.04632142536028055,0.0499335669539198,0.03851506003534658,0.050511324692360714,0.04249095566962163,0.047976525377567185,0.05497224695503578,0.051005807134158546,0.0524736669208155,0.043282007813029315,0.04599353443906463,0.038286091010411194,0.0373910399502511,0.05443087775946044,0.03670415074774868,0.03222398240944775,0.03610573194434553,0.03743266989050533,0.04319353427824543,0.04088807111781513,0.039519413350584745,0.03907707918923584,0.03785937869966785,0.04121072572456986,0.04165828220330925,0.03478923481730773,0.053342950939217225,0.048106645537029355,0.04387010042881188,0.05814249317216859,0.055721844376790224,0.045103555217730316
baden-wurttemberg,2020.25956284153,0.0046906115497633806,0.0018564331375272125,0.004591802731076329,0.0018356323991003999,0.0018356323991003999,0.0019136352111011434,0.0048310244045557,0.003988552962963668,0.0020228393444778857,0.004118563097248782,0.003988552962963668,0.008081427943217201,0.0029588841810546545,0.012824781360540272,0.007946207105682173,0.01266354184879604,0.008539101079383155,0.015997660566351175,0.02653717020791216,0.026963789618278017,0.02587123470959719,0.027749402811548553,0.02466424835557219,0.023498908803311888,0.02644352251313849,0.030220779986949105,0.03413360045953551,0.026942978834129074,0.033431144249339136,0.03495574644670323,0.026968992315613713,0.020346380011462703,0.031604802511616535,0.027510075680981037,0.037547152398046076,0.028259277327995398,0.029945020501444982,0.03269747789430752,0.024851537505207227,0.03022598301016301,0.028696316607004238,0.023795443622868267,0.03130822315525011,0.027598522535702004,0.025834816607981623,0.03129781689276104,0.03629826593837576,0.03406075270783216,0.040398888919763454,0.04427604434449943,0.04467158249006179,0.033009675078052914,0.041111847487164524,0.04364110782313006,0.03442499248688489,0.039097894830108997,0.037547152398046076,0.04505671462801884,0.04624856053244689,0.04292291028276753,0.031261394990446154,0.044073071990527624,0.042407687722980536,0.03009590758592735,0.038364148519280224,0.03774489550473253,0.029596420980512284,0.03399831185903285,0.04553553153390438,0.039519413350584745,0.03810395727872194,0.035866366351226676,0.028191640624939417,0.03927482811395119,0.030616211235144776,0.053342950939217225,0.03509624104874475,0.06382235025430076,0.04461433336172354,0.055721844376790224,0.07022139254879498
baden-wurttemberg,2020.27868852459,0.0046906115497633806,0.002782074421156427,0.003676529966864721,0.00642759723369247,0.006422396591155822,-0,0.0019344359807302181,0.005985544474694745,0.0060739547258630445,0.004118563097248782,0.008981175546833909,0.005049445154527776,0.0029588841810546545,0.008882358575019015,0.007946207105682173,0.006817646906522689,0.008539101079383155,0.008471490021595586,0.013724611042088825,0.024352101271867984,0.020211127276417346,0.022354404305684895,0.02690655998191206,0.022786191679816357,0.02143881884417873,0.028779562600412235,0.021329573928131205,0.02279659623909453,0.02456019911947642,0.022182730803672803,0.020549259773638633,0.02297347406533756,0.02192782270989646,0.01878579291847679,0.020476431049993696,0.013422932303940196,0.020674109251490356,0.02324919658263803,0.019878198965847294,0.024466554984993116,0.021522053219978347,0.013048436994883204,0.023478099405787368,0.02523652287566438,0.01722005093677563,0.014442405420821295,0.018145965747833594,0.022177528585189468,0.024971194815076394,0.0204296126386492,0.024960789820678786,0.02322838728504327,0.03170886584455822,0.020091480919435727,0.023701800865582573,0.024929574849977938,0.01905108942008456,0.027369601573864595,0.0225260783744583,0.023296017532670587,0.02488275242906322,0.02537178868248336,0.028269682982428317,0.02202146227260865,0.017641392149282988,0.01723045438239712,0.016533428127661683,0.017454128966685363,0.022297179742036412,0.021199520755890815,0.016606251329135777,0.026896154600248367,0.027109465340516947,0.020226733343279173,0.025049232339419344,0.028332116952747597,0.02339486189896438,0.02791068910778323,0.03244251825132789,0.049787827277014945,0.05476402736665739
baden-wurttemberg,2020.2978142076502,0.002813276099801863,0.002782074421156427,0.005512292156648544,9.204081456366061e-4,0.0027508727612272207,0.0038273408478713415,0.0019344359807302181,0.0019968383395411833,0.004050957786852583,0.002059240773237899,0.003988552962963668,0.00404055697766933,0.0019760375449502316,0.008882358575019015,9.93209485183359e-4,0.003894945867543119,0.0018980346393426264,0.004706212959348299,0.010978358806546596,0.017391708055678374,0.014551635868808968,0.016954763776679642,0.017937893567593784,0.018515295918255667,0.0142915637508084,0.018707764793239677,0.02204227108722312,0.01312125531596912,0.012960014884929158,0.014785701887127897,0.012200631190001126,0.020346380011462703,0.012252643418077446,0.012075802054883114,0.017063999502223974,0.012008186398478806,0.009979757588370606,0.010172194873091614,0.014197938106741774,0.012949612293649146,0.015779193824760788,0.0199562288473898,0.013303301564821176,0.014192736687016995,0.010957554418900645,0.012840385210793658,0.014203139526992608,0.0166322596400894,0.013953471941975461,0.014301966610554842,0.013792228930400247,0.018338433255814884,0.014093909811048093,0.01090554348620109,0.010718304559228361,0.011332034670019296,0.014567240237249476,0.014822112251336231,0.01837484610772913,0.01716803373988884,0.019139521888064857,0.018692159182244678,0.016252539591597902,0.01981577514491542,0.01227344832387483,0.00410296186397373,0.01044264847699852,0.004591802731076329,0.013932666363999407,0.009636492848641124,0.02051284539906611,0.014941746484672705,0.013012027872573672,0.01546710007179904,0.012523107842706004,0.018333231421905304,0.016897545154874634,0.023925503287740443,0.017573769255553245,0.017776638200561638,0.03228642112769874
baden-wurttemberg,2020.3169398907103,0.001877233884274619,0.004638606884943447,9.204081456366061e-4,0.003676529966864721,0.0027508727612272207,9.568088026666271e-4,0.0029016809576542517,0.002995286265072126,0.003036888678013275,0.0030888917409951843,9.98409584762529e-4,-0,9.880093861184358e-4,9.880093861184358e-4,0.0019864379412056275,0.003894945867543119,0.0028444777971750983,0.006588817410399463,0.011893760103312842,0.006958065504961515,0.008081427943217201,0.01387545106749112,0.015695968640823493,0.018515295918255667,0.010000561584818924,0.012949612293649146,0.01137364375328337,0.011742925826227591,0.008185444211358792,0.013443737677968907,0.016694679639459004,0.01312645662852338,0.009027983651655722,0.012746762179525249,0.007509342187557531,0.012715554539894168,0.010692299206028544,0.015982055768658562,0.0085182976676288,0.008632716535297642,0.005018242134080271,0.011514074655104551,0.005475888310578272,0.007883797606960438,0.012523107842706004,0.012034192409766177,0.02051284539906611,0.014255153758087736,0.00807622713526865,0.014301966610554842,0.006568014778865976,0.00855470364366793,0.014676470947463945,0.00918401097203835,0.00958968419605746,0.009064389984535487,0.010083777653838487,0.0079826126812,0.008892760352683118,0.011035570915488218,0.011482867755258098,0.008679524326452942,0.008476690869076719,0.013209677700095337,0.0053666769252910624,0.004919432692832402,0.002610465523232866,0.010104581691902875,0.010219004050034989,0.013490549799966361,0.009766517104661232,0.010957554418900645,0.006505606934198099,0.004758217691780449,0.006958065504961515,0.004997440130846761,0.010395839098741123,0.01595084618731619,0.021626096377077162,0.015404681545978773,0.024565401576333933
baden-wurttemberg,2020.3360655737704,0.0046906115497633806,9.256082379355073e-4,-0,0.0027560730365790635,0.003671329599461501,9.568088026666271e-4,9.672089950704858e-4,0.0019968383395411833,0.0010140098866259321,0.0030888917409951843,0.002995286265072126,0.003031688374572533,9.880093861184358e-4,0.0039469497886402685,0.003972951768688912,0.0019500365634153166,0.0028444777971750983,0.005647506665163499,0.0036609288662095077,0.006958065504961515,0.012122612945435263,0.007706971100667665,0.007472936943378171,0.007831789748571537,0.005002640630872101,0.0050338436419635705,0.007108885903421963,0.005527893812761903,0.00477381912164906,0.008065825520937807,0.0057775209472333035,0.004591802731076329,0.0038689439265003588,0.004695812019103001,0.010921146760551548,0.0021164430699088742,0.0049922396313357474,0.005808724423301436,0.0063911927468413045,0.00144041994990653,0.0043057782616826865,0.003837741614408134,0.005475888310578272,0.005517492708164296,0.0015652235567344159,0.011233213230708054,0.005522693260200158,0.003166896432976778,-0,0.006125960826174338,0.005252265243860826,0.00855470364366793,0.004695812019103001,0.004591802731076329,0.004513795901579035,0.006229973182845335,0.0039209478215878266,0.0034217125755785886,0.004742616266586923,0.003676529966864721,0.0038273408478713415,0.01001096358616428,0.0035309198760869213,0.007337717688158038,0.0038325412308768125,0.004919432692832402,0.005221062101703512,0.0027560730365790635,0.006500406283859512,0.005782721525274816,0.0039053466476019223,0.0029900859657976397,0.005418682318251812,0.004758217691780449,0.012523107842706004,0.011664908268371053,0.011696115277466192,0.01595084618731619,0.0027040703064400047,0.007108885903421963,0.011581689669017459
baden-wurttemberg,2020.3551912568305,0.001877233884274619,9.256082379355073e-4,9.204081456366061e-4,0.004591802731076329,0.0018356323991003999,0.0028704792259572447,-0,0.002995286265072126,0.0020228393444778857,-0,9.98409584762529e-4,0.0010088097854867022,-0,-0,0.0029796853688030733,0.002922482122514309,0.0018980346393426264,0.001882434072264451,9.1520805385195e-4,0.006958065504961515,0.0032345005940119563,0.006167565743876809,0.002241248299245859,0.004981838633879792,0.0035725227175621927,0.0043161791239144645,0.007108885903421963,0.005527893812761903,0.003411311892253395,0.008065825520937807,0.0057775209472333035,0.003936549000260211,0.005803523842653571,0.004024955767797943,0.00546028667006821,0.007062079526054584,0.003562122004072948,0.0014508202390348668,0.003551721292663989,7.176049514830961e-4,0.0021528445641883763,0.002303651026246831,0.006261176930416317,0.0031512954852158663,0.007046477409624154,8.008061662232416e-4,0.006313183217977983,0.004753017216193921,0.003671329599461501,0.0034061115513737876,0.004597003190534185,0.0048882297503998065,0.002932882708067575,0.004019755365543792,0.0039469497886402685,0.003400911211008475,0.004482593202544671,0.0022828501089257784,0.001778430411332561,0.0012272144811884878,0.00127401560675402,0.0026676684262789594,0.0035309198760869213,0.002932882708067575,0.0038325412308768125,0.0016380257990398109,0.003478916371049182,0.0018356323991003999,0.002787274699628602,0.004815422957523926,0.0029276824150337995,9.98409584762529e-4,0.0021684452123986444,0.009516870820243991,0.0013936186745733149,0.006666827352765989,0.0026000650021664614,0.006646024690024559,0.013516556552617548,0.0035569216481055464,0.007717372643216724
baden-wurttemberg,2020.3743169398906,-0,9.256082379355073e-4,9.204081456366061e-4,-0,-0,-0,9.672089950704858e-4,-0,0.0010140098866259321,-0,-0,-0,0.0019760375449502316,9.880093861184358e-4,0.0029796853688030733,0.0019500365634153166,0.0018980346393426264,-0,0.0018304322157966753,8.684072512197225e-4,0.0016172251479788346,0.00308369143235383,0.005231463147008865,0.004981838633879792,0.004284976543460163,0.002158044779740347,0.0028444777971750983,6.916045991804607e-4,0.0020488403624213725,0.006047951695206187,0.0032084989832143057,6.552041277961948e-4,0.0025792639662742755,0.0033541081711525736,0.004092561044388847,0.0028236766635127155,0.003562122004072948,0.0014508202390348668,0.007810986619780369,0.0028756795132703814,7.176049514830961e-4,-0,0.004695812019103001,0.0031512954852158663,0.002350453120639017,0.0032084989832143057,0.0015756238708242005,0.003166896432976778,0.0014664206766304769,0.0027248713922515093,0.0013156166426210114,0.0048882297503998065,0.0041081622745491805,0.005741116915482853,0.0016900274630945603,0.0011336123564175387,0.002241248299245859,5.720031460221995e-4,0.001778430411332561,0.0024544579256640347,0.00255326268311309,0.002002038539491907,0.0014144192361890769,0.002199646522854582,0.002298450796139386,0.0016380257990398109,0.0017420291791526898,9.204081456366061e-4,0.0018564331375272125,0.0028912803783416852,9.776091895544216e-4,0.0029900859657976397,0.0021684452123986444,0.004758217691780449,0.0013936186745733149,0.0033333068336259724,0.0039001462573153684,0.005314671584346822,0.0027040703064400047,0.007108885903421963,0.006490004984736952
baden-wurttemberg,2020.3934426229507,9.360084240991387e-4,-0,9.204081456366061e-4,-0,0.0027508727612272207,-0,0.0019344359807302181,-0,-0,0.0010296101931752911,0.0019968383395411833,0.0010088097854867022,-0,-0,-0,-0,0.0018980346393426264,9.412085179638691e-4,0.0018304322157966753,-0,0.0032345005940119563,-0,0.0014924214163493834,0.0014248195201171272,0.0014300196628583084,0.002158044779740347,7.1240487998485e-4,6.916045991804607e-4,6.812044618983496e-4,0.0040301561705664,-0,0.0026260663087299776,0.0012896159913068346,0.0013416173069358463,0.0020488403624213725,0.0035309198760869213,7.1240487998485e-4,7.280050960454046e-4,0.0014196193778902011,7.176049514830961e-4,7.176049514830961e-4,0.002303651026246831,0.0015652235567344159,0.0023660538281344377,7.852059283220514e-4,0.0016068248255685408,0.0031564958006180316,0.001586024186994111,7.332051691094672e-4,0.002043640157790284,0.0019708373476054787,-0,0.002350453120639017,0.001721228486489026,0.0022568489739783763,0.0011336123564175387,5.616030326606649e-4,0.0011388124700430575,0.0029640844772087834,6.136036202688044e-4,6.396039335704413e-4,0.0013364171730351354,0.0021216432818147724,0.0014664206766304769,0.003068090509561685,0.002459658171372907,0.0017420291791526898,0.0027560730365790635,9.308083307602005e-4,-0,0.0029276824150337995,0.0019916381401162723,0.003250101566730168,0.003567322360554648,0.0013936186745733149,0.0033333068336259724,0.0013000162502735818,-0,-0,0.005923137329074769,0.0047374157925664535
baden-wurttemberg,2020.4125683060108,9.360084240991387e-4,0.0018564331375272125,9.204081456366061e-4,-0,-0,-0,9.672089950704858e-4,-0,-0,0.0010296101931752911,9.98409584762529e-4,-0,-0,9.880093861184358e-4,-0,0.0019500365634153166,9.464086123428451e-4,0.001882434072264451,9.1520805385195e-4,8.684072512197225e-4,8.060062465617456e-4,0.00308369143235383,0.0014924214163493834,0.0028496780818937227,0.002142444134650337,0.0035985245103836694,0.0014196193778902011,0.00206964118613459,-0,0.0013416173069358463,0.0012844158626006128,0.0026260663087299776,0.0012896159913068346,0.0013416173069358463,0.001362417847750506,0.0014144192361890769,0.0014248195201171272,0.0014508202390348668,7.1240487998485e-4,0.00144041994990653,7.176049514830961e-4,0.00153402262694581,0.0023452528858511536,0.0023660538281344377,7.852059283220514e-4,8.008061662232416e-4,0.0015756238708242005,7.904060071005078e-4,0.0014664206766304769,-0,0.0013156166426210114,0.0012220143587225675,0.0011752132799592396,5.720031460221995e-4,0.0016900274630945603,0.003400911211008475,0.0028028755381770093,5.720031460221995e-4,-0,6.136036202688044e-4,0.00127401560675402,6.656042598781713e-4,0.0035309198760869213,0.002199646522854582,0.00153402262694581,0.002459658171372907,8.684072512197225e-4,9.204081456366061e-4,9.308083307602005e-4,0.0038533427681110123,0.001955236758679912,-0,0.0010816112487982198,0.003567322360554648,-0,-0,0.0026000650021664614,0.001331217039648678,0.0027040703064400047,0.0035569216481055464,0.0024544579256640347
baden-wurttemberg,2020.431693989071,9.360084240991387e-4,9.256082379355073e-4,-0,-0,9.1520805385195e-4,-0,9.672089950704858e-4,-0,0.0020228393444778857,-0,-0,-0,-0,-0,-0,9.724090920553305e-4,-0,9.412085179638691e-4,9.1520805385195e-4,0.0017368290052038353,8.060062465617456e-4,-0,7.488053914101972e-4,0.0014248195201171272,0.0014300196628583084,0.0035985245103836694,0.002132043707192469,0.00206964118613459,0.001362417847750506,-0,6.396039335704413e-4,0.0019708373476054787,0.003224099948131548,0.0013416173069358463,6.812044618983496e-4,0.0014144192361890769,7.1240487998485e-4,-0,-0,7.176049514830961e-4,7.176049514830961e-4,-0,0.0023452528858511536,-0,-0,-0,-0,0.001586024186994111,-0,0.001362417847750506,0.0013156166426210114,-0,5.876033199674743e-4,0.002298450796139386,-0,5.668030890843131e-4,0.0011180120186726644,0.0011388124700430575,0.001185613516044898,-0,-0,0.0013364171730351354,0.0014144192361890769,-0,7.644056183968352e-4,8.216064907089019e-4,8.684072512197225e-4,-0,-0,-0,-0,9.98409584762529e-4,0.0010816112487982198,-0,0.0013936186745733149,-0,0.0013000162502735818,0.001331217039648678,0.001352017576303122,-0,0.0015808240286462535
baden-wurttemberg,2020.450819672131,-0,9.256082379355073e-4,-0,-0,-0,0.0019136352111011434,-0,-0,0.0020228393444778857,0.0010296101931752911,9.98409584762529e-4,-0,-0,9.880093861184358e-4,-0,-0,9.464086123428451e-4,-0,-0,8.684072512197225e-4,8.060062465617456e-4,0.004623005495636393,-0,0.002137243920664269,0.002142444134650337,0.002158044779740347,7.1240487998485e-4,6.916045991804607e-4,0.001362417847750506,0.0013416173069358463,6.396039335704413e-4,6.552041277961948e-4,0.003224099948131548,6.708043266962928e-4,6.812044618983496e-4,0.0014144192361890769,-0,7.280050960454046e-4,7.1240487998485e-4,0.00144041994990653,-0,-0,7.800058500578373e-4,7.904060071005078e-4,-0,8.008061662232416e-4,0.0023660538281344377,-0,-0,0.002043640157790284,6.552041277961948e-4,-0,0.002932882708067575,0.0011492126988483903,5.616030326606649e-4,-0,-0,0.0011388124700430575,0.001778430411332561,-0,-0,-0,-0,0.0014664206766304769,-0,8.216064907089019e-4,-0,9.204081456366061e-4,-0,9.620088986114335e-4,-0,-0,0.0021684452123986444,0.0011908136348706493,-0,-0,-0,0.001331217039648678,0.001352017576303122,0.001185613516044898,7.020047385426273e-4
baden-wurttemberg,2020.4699453551912,-0,-0,0.0018356323991003999,-0,-0,-0,9.672089950704858e-4,0.003988552962963668,-0,-0,9.98409584762529e-4,0.0010088097854867022,0.0019760375449502316,9.880093861184358e-4,0.0019864379412056275,0.002922482122514309,9.464086123428451e-4,-0,9.1520805385195e-4,8.684072512197225e-4,8.060062465617456e-4,0.00308369143235383,-0,0.0014248195201171272,7.1240487998485e-4,0.00144041994990653,7.1240487998485e-4,0.00206964118613459,6.812044618983496e-4,0.0026884694975347276,6.396039335704413e-4,0.00131041651131466,-0,-0,0.0020488403624213725,0.0028236766635127155,-0,-0,-0,7.176049514830961e-4,0.0014352198061252915,7.696056950952293e-4,7.800058500578373e-4,0.0023660538281344377,0.0031304942288193816,8.008061662232416e-4,7.904060071005078e-4,-0,-0,6.812044618983496e-4,6.552041277961948e-4,0.0012220143587225675,5.876033199674743e-4,-0,0.0022568489739783763,0.0011336123564175387,0.0011180120186726644,-0,5.928033789854071e-4,6.136036202688044e-4,-0,6.656042598781713e-4,-0,7.332051691094672e-4,7.644056183968352e-4,-0,-0,-0,0.0018564331375272125,-0,0.001955236758679912,-0,-0,0.00238165454030451,-0,-0,-0,-0,-0,-0,0.0012272144811884878
baden-wurttemberg,2020.4890710382513,9.360084240991387e-4,9.256082379355073e-4,9.204081456366061e-4,-0,9.1520805385195e-4,-0,-0,-0,0.0010140098866259321,0.004118563097248782,9.98409584762529e-4,0.0020228393444778857,0.0019760375449502316,-0,0.0029796853688030733,9.724090920553305e-4,-0,0.0037649362923369853,9.1520805385195e-4,0.002610465523232866,0.002423256462314505,7.696056950952293e-4,7.488053914101972e-4,-0,7.1240487998485e-4,7.176049514830961e-4,0.002132043707192469,0.00206964118613459,0.0027300716650088515,-0,0.0032084989832143057,0.0026260663087299776,0.0038689439265003588,0.0013416173069358463,0.001362417847750506,0.0014144192361890769,0.002137243920664269,0.0014508202390348668,0.0014196193778902011,7.176049514830961e-4,7.176049514830961e-4,7.696056950952293e-4,0.0015652235567344159,7.904060071005078e-4,0.0015652235567344159,0.002407655737663283,0.0023660538281344377,0.002376454302396363,0.004404586536875719,0.001362417847750506,0.0019708373476054787,0.0030576898969653043,5.876033199674743e-4,0.0011492126988483903,0.0016900274630945603,5.668030890843131e-4,5.616030326606649e-4,5.720031460221995e-4,5.928033789854071e-4,6.136036202688044e-4,6.396039335704413e-4,-0,7.07204809000845e-4,7.332051691094672e-4,7.644056183968352e-4,8.216064907089019e-4,8.684072512197225e-4,-0,9.308083307602005e-4,9.620088986114335e-4,0.004883029261810867,-0,0.0010816112487982198,-0,0.0013936186745733149,0.0033333068336259724,0.0026000650021664614,-0,-0,0.001185613516044898,0.0015808240286462535
baden-wurttemberg,2020.5081967213114,0.001877233884274619,-0,0.0018356323991003999,0.0018356323991003999,0.0018356323991003999,9.568088026666271e-4,9.672089950704858e-4,-0,0.0010140098866259321,0.002059240773237899,0.0019968383395411833,0.003031688374572533,-0,-0,0.0019864379412056275,9.724090920553305e-4,9.464086123428451e-4,9.412085179638691e-4,0.0018304322157966753,0.0017368290052038353,-0,7.696056950952293e-4,-0,0.0014248195201171272,7.1240487998485e-4,0.0028756795132703814,0.002132043707192469,0.002761273312456735,0.0027300716650088515,0.002017639142452774,6.396039335704413e-4,6.552041277961948e-4,6.448039977942706e-4,0.0013416173069358463,0.001362417847750506,-0,0.0014248195201171272,0.0014508202390348668,7.1240487998485e-4,0.0028756795132703814,0.0028704792259572447,0.00153402262694581,7.800058500578373e-4,0.0023660538281344377,-0,0.00400935456260728,7.904060071005078e-4,0.001586024186994111,7.332051691094672e-4,-0,-0,-0,0.0017628298801369115,0.001721228486489026,-0,5.668030890843131e-4,0.0016796271261233435,5.720031460221995e-4,-0,0.0024544579256640347,6.396039335704413e-4,6.656042598781713e-4,0.0014144192361890769,7.332051691094672e-4,7.644056183968352e-4,8.216064907089019e-4,0.0017420291791526898,9.204081456366061e-4,9.308083307602005e-4,-0,-0,-0,0.0021684452123986444,-0,0.0013936186745733149,-0,-0,-0,-0,-0,8.788074259429569e-4
baden-wurttemberg,2020.5273224043715,-0,9.256082379355073e-4,9.204081456366061e-4,-0,0.0027508727612272207,-0,9.672089950704858e-4,-0,0.0020228393444778857,0.002059240773237899,-0,0.0010088097854867022,9.880093861184358e-4,9.880093861184358e-4,9.93209485183359e-4,0.003894945867543119,9.464086123428451e-4,0.001882434072264451,9.1520805385195e-4,0.003478916371049182,0.0032345005940119563,0.0015392227806076137,0.005231463147008865,7.1240487998485e-4,0.0014300196628583084,7.176049514830961e-4,0.0014196193778902011,0.002761273312456735,0.0027300716650088515,0.002017639142452774,0.0019240355948756038,6.552041277961948e-4,6.448039977942706e-4,0.0033541081711525736,0.0020488403624213725,-0,7.1240487998485e-4,0.004357782593639265,7.1240487998485e-4,0.002158044779740347,0.0014352198061252915,0.003837741614408134,0.0015652235567344159,7.904060071005078e-4,0.005481088858459028,0.002407655737663283,7.904060071005078e-4,0.003166896432976778,0.0029380830016271825,6.812044618983496e-4,0.0019708373476054787,6.136036202688044e-4,0.0017628298801369115,0.0011492126988483903,5.616030326606649e-4,0.0011336123564175387,-0,0.001710828143277401,0.0023712540650024897,0.0012272144811884878,6.396039335704413e-4,6.656042598781713e-4,-0,7.332051691094672e-4,0.00153402262694581,8.216064907089019e-4,0.0017420291791526898,0.0018356323991003999,9.308083307602005e-4,0.0019292357875457782,9.776091895544216e-4,-0,0.0021684452123986444,-0,-0,-0,-0,0.001331217039648678,0.0027040703064400047,-0,-0
baden-wurttemberg,2020.5464480874316,0.001877233884274619,0.00371293255327242,0.0018356323991003999,0.0018356323991003999,0.0027508727612272207,0.0028704792259572447,0.0019344359807302181,0.002995286265072126,0.0010140098866259321,-0,0.003988552962963668,0.0020228393444778857,0.0019760375449502316,0.0019708373476054787,9.93209485183359e-4,-0,0.0018980346393426264,0.0028236766635127155,0.0027456724863896592,0.0017368290052038353,0.0016172251479788346,0.0038533427681110123,0.0029900859657976397,0.004981838633879792,0.0028600786528853693,0.00144041994990653,0.0014196193778902011,0.0013832183968856015,0.001362417847750506,0.004706212959348299,0.0025688634514484925,0.0019708373476054787,0.0012896159913068346,0.004024955767797943,6.812044618983496e-4,0.0021164430699088742,0.0028496780818937227,0.0021788456471371156,0.002132043707192469,0.0035985245103836694,0.0014352198061252915,0.002303651026246831,0.0015652235567344159,0.0039417493941873135,0.0039157474297410386,0.002407655737663283,0.0023660538281344377,0.0055434954735562566,0.0014664206766304769,0.002043640157790284,0.0026260663087299776,0.0030576898969653043,0.0011752132799592396,0.0011492126988483903,5.616030326606649e-4,0.0017004278021459124,0.0028028755381770093,0.001710828143277401,0.001185613516044898,0.0012272144811884878,0.00127401560675402,0.0013364171730351354,0.0014144192361890769,0.002932882708067575,-0,8.216064907089019e-4,-0,0.0018356323991003999,9.308083307602005e-4,9.620088986114335e-4,-0,9.98409584762529e-4,-0,-0,-0,0.0016640266245696565,-0,0.002657267893771396,0.001352017576303122,-0,5.252026522785282e-4
baden-wurttemberg,2020.5655737704917,9.360084240991387e-4,0.0018564331375272125,0.0027560730365790635,-0,0.0027508727612272207,0.0028704792259572447,0.0019344359807302181,0.0019968383395411833,0.003036888678013275,0.0030888917409951843,0.0019968383395411833,0.00404055697766933,0.0029588841810546545,-0,0.003972951768688912,-0,9.464086123428451e-4,0.0028236766635127155,0.0036609288662095077,8.684072512197225e-4,0.0032345005940119563,0.002314051488027633,0.003738934416303768,0.0014248195201171272,0.0035725227175621927,0.0028756795132703814,0.004264174833559011,0.005527893812761903,0.001362417847750506,0.002017639142452774,0.0012844158626006128,0.003936549000260211,0.0051586558735601425,0.004695812019103001,0.003411311892253395,-0,0.002137243920664269,0.0021788456471371156,0.002839277512982304,0.0035985245103836694,0.0035881237916937088,0.003068090509561685,0.0039105470384143285,0.0015756238708242005,0.0039157474297410386,0.002407655737663283,0.005522693260200158,0.003166896432976778,0.0051378538141556625,0.005449885578993458,6.552041277961948e-4,0.0012220143587225675,0.0035205191709188123,0.004019755365543792,0.0033853101930444904,5.668030890843131e-4,0.0016796271261233435,0.001710828143277401,0.0035569216481055464,6.136036202688044e-4,0.00127401560675402,6.656042598781713e-4,0.0028236766635127155,7.332051691094672e-4,0.00153402262694581,8.216064907089019e-4,0.0017420291791526898,-0,0.002787274699628602,0.0019292357875457782,-0,-0,0.0043369808546132845,0.00238165454030451,0.0013936186745733149,-0,0.0039001462573153684,-0,0.001352017576303122,0.001185613516044898,0.0010504106091842097
baden-wurttemberg,2020.5846994535518,0.002813276099801863,0.0018564331375272125,9.204081456366061e-4,9.204081456366061e-4,9.1520805385195e-4,-0,0.0019344359807302181,0.002995286265072126,-0,0.002059240773237899,9.98409584762529e-4,0.0020228393444778857,0.0019760375449502316,0.007894199184880109,9.93209485183359e-4,9.724090920553305e-4,9.464086123428451e-4,0.006588817410399463,0.004576201355811764,0.0043473817230861005,0.00404055697766933,0.0038533427681110123,0.0029900859657976397,0.0014248195201171272,0.0028600786528853693,0.0035985245103836694,0.0035569216481055464,0.0034529146380358157,0.0054550861242678925,0.0026884694975347276,0.0057775209472333035,0.003281303526214121,0.0019344359807302181,0.0060375504865854464,0.0020488403624213725,0.004238172707881602,0.002137243920664269,0.003629726678935282,0.003551721292663989,0.0035985245103836694,0.0043057782616826865,0.00153402262694581,0.004695812019103001,0.0039417493941873135,0.0039157474297410386,0.004815422957523926,0.0039417493941873135,0.0039573505791006425,0.0029380830016271825,0.004087360635379416,0.0026260663087299776,0.0012220143587225675,0.002350453120639017,0.0028704792259572447,0.0016900274630945603,0.002267249426398356,5.616030326606649e-4,0.0011388124700430575,0.001185613516044898,0.0018408325829299343,0.00255326268311309,0.0013364171730351354,-0,0.002199646522854582,0.003068090509561685,0.0016380257990398109,-0,9.204081456366061e-4,9.308083307602005e-4,-0,9.776091895544216e-4,9.98409584762529e-4,-0,0.00238165454030451,-0,-0,0.0013000162502735818,-0,-0,-0,5.252026522785282e-4
baden-wurttemberg,2020.603825136612,0.001877233884274619,0.002782074421156427,0.003676529966864721,0.003676529966864721,9.1520805385195e-4,-0,9.672089950704858e-4,9.98409584762529e-4,0.0010140098866259321,0.0010296101931752911,-0,0.0010088097854867022,9.880093861184358e-4,0.0039469497886402685,-0,0.002922482122514309,-0,0.004706212959348299,0.007316914757024442,0.0043473817230861005,0.004851826341216602,0.008476690869076719,0.005980343876362871,0.005694311769258563,0.004284976543460163,0.0057567186402568615,0.00497663813593485,0.006906058572441684,0.00477381912164906,0.006047951695206187,0.0051378538141556625,0.005907535554375335,0.003224099948131548,0.0013416173069358463,0.003411311892253395,0.004238172707881602,0.0042745756874694165,-0,0.0014196193778902011,0.0035985245103836694,0.0043057782616826865,-0,0.0015652235567344159,0.0023660538281344377,0.007046477409624154,0.0016068248255685408,7.904060071005078e-4,7.904060071005078e-4,0.002204846743081171,0.0034061115513737876,0.005252265243860826,0.0018356323991003999,5.876033199674743e-4,0.001721228486489026,0.0011284122433178158,0.004529397258114548,0.002241248299245859,-0,0.001185613516044898,0.0012272144811884878,0.00255326268311309,-0,0.0021216432818147724,7.332051691094672e-4,7.644056183968352e-4,0.002459658171372907,-0,-0,0.0018564331375272125,9.620088986114335e-4,9.776091895544216e-4,0.0019916381401162723,-0,0.0011908136348706493,-0,0.0016640266245696565,0.0013000162502735818,0.001331217039648678,-0,-0,3.4840116714657195e-4
baden-wurttemberg,2020.622950819672,0.001877233884274619,9.256082379355073e-4,0.0018356323991003999,-0,0.0018356323991003999,0.0019136352111011434,9.672089950704858e-4,0.004987039132350607,-0,0.0030888917409951843,0.002995286265072126,0.0020228393444778857,0.0029588841810546545,9.880093861184358e-4,9.93209485183359e-4,0.005845128502376657,0.005694311769258563,0.006588817410399463,0.0036609288662095077,0.013043235690132871,0.01293400841061952,0.00924642203127985,0.01494694797932523,0.014952149474492278,0.007857793671261137,0.01942562796189202,0.014218743790855273,0.016580243031184678,0.003411311892253395,0.008065825520937807,0.0051378538141556625,0.005907535554375335,0.003224099948131548,0.004695812019103001,0.00546028667006821,0.007769380387165525,0.003562122004072948,0.0029068812480877357,0.005678710063214445,0.005039044145629613,7.176049514830961e-4,0.00537187746224954,0.0015652235567344159,0.006307982586878362,0.005481088858459028,0.007223301669917921,0.0023660538281344377,0.007129688751332439,0.0029380830016271825,0.004087360635379416,0.003281303526214121,0.00427977611520186,0.0011752132799592396,0.002298450796139386,0.0033853101930444904,0.004529397258114548,0.0011180120186726644,0.001710828143277401,5.928033789854071e-4,6.136036202688044e-4,0.005101450230224663,6.656042598781713e-4,0.0021216432818147724,0.002199646522854582,0.002298450796139386,8.216064907089019e-4,-0,-0,9.308083307602005e-4,9.620088986114335e-4,9.776091895544216e-4,-0,-0,0.003567322360554648,-0,0.0033333068336259724,0.0013000162502735818,0.002657267893771396,-0,-0,5.252026522785282e-4
baden-wurttemberg,2020.6420765027322,0.0103178235619476,0.002782074421156427,0.0027560730365790635,0.00642759723369247,0.0018356323991003999,0.005735916341602262,0.0067656401144341426,0.002995286265072126,0.005065046671778663,0.005148254842817696,0.011971778004519644,0.005049445154527776,0.008882358575019015,0.010853532605523353,0.007946207105682173,0.004872628286199056,0.006640824025636648,0.010349029762614797,0.028368536803391124,0.024352101271867984,0.03799988114702858,0.03237487610689073,0.038124772530057194,0.022786191679816357,0.025725562456160974,0.025179295140243644,0.017776638200561638,0.024867144964795872,0.02251567386930727,0.015456696978959239,0.012840385210793658,0.014437203976637282,0.01418753526780673,0.014088708401723202,0.015695968640823493,0.011300827879420765,0.0064171959491335275,0.012351466794747181,0.004971437638504235,0.014390391002423017,0.016497016565171854,0.013048436994883204,0.010172194873091614,0.011040772019425564,0.01017739589067374,0.010432246389299219,0.017355295892197004,0.011087581978242765,0.009548076540247592,0.010895141305903801,0.007223301669917921,0.006110358990620823,0.006458801099852386,0.004591802731076329,0.0050754476858778375,0.005663108361845575,0.004482593202544671,0.0022828501089257784,0.0035569216481055464,0.004903831219275663,0.003187697703935032,0.0026676684262789594,7.07204809000845e-4,0.002932882708067575,-0,-0,-0,-0,9.308083307602005e-4,0.0028912803783416852,0.0029276824150337995,-0,-0,0.003567322360554648,0.0013936186745733149,-0,0.0013000162502735818,-0,0.0027040703064400047,-0,7.020047385426273e-4
baden-wurttemberg,2020.6612021857923,9.360084240991387e-4,9.256082379355073e-4,0.003676529966864721,0.0018356323991003999,0.004586602272132791,0.004779019599315969,0.007732974960938583,0.003988552962963668,0.011139593093019493,0.00823745242345698,0.0079826126812,0.007072480939606985,0.013818235833936423,0.008882358575019015,0.008939568377917506,0.015586735789043028,0.010437447432891652,0.013173268464894668,0.018302020429392843,0.02522091530521477,0.028295697127617623,0.026979397711852503,0.029898193564250896,0.02990859954665048,0.020720927882963213,0.024461352538024922,0.0234624923631118,0.018650544242480107,0.018421662669086174,0.02083537360402634,0.013485348450993466,0.011155196437593964,0.01354256331828127,0.01140485058758098,0.012970417478295986,0.014130319690867144,0.01140485058758098,0.013802631690252734,0.01065069066795533,0.012231838520603982,0.011477666607101606,0.015352666165034902,0.011737724652059486,0.011826144683617312,0.011742925826227591,0.008024219084426654,0.014203139526992608,0.010297019438569747,0.011014766504952585,0.004768618644508019,0.013792228930400247,0.009168408218935003,0.007046477409624154,0.005741116915482853,0.004513795901579035,0.005663108361845575,0.0067240347182130535,0.005132653300607687,0.004149765577846888,0.0018408325829299343,0.0019136352111011434,0.002002038539491907,7.07204809000845e-4,0.004404586536875719,0.0038325412308768125,8.216064907089019e-4,0.002610465523232866,0.0027560730365790635,0.0018564331375272125,0.0019292357875457782,9.776091895544216e-4,-0,0.003250101566730168,0.0011908136348706493,0.0013936186745733149,-0,0.0039001462573153684,0.003988552962963668,-0,0.0035569216481055464,5.252026522785282e-4
baden-wurttemberg,2020.6803278688524,0.0037545355403623185,0.004638606884943447,0.003676529966864721,0.0018356323991003999,0.003671329599461501,0.005735916341602262,0.010635087474764283,0.011971778004519644,0.00911119816426913,0.010297019438569747,0.008981175546833909,0.007072480939606985,0.012829982643439736,0.007894199184880109,0.007946207105682173,0.006817646906522689,0.010437447432891652,0.010349029762614797,0.019217550661174313,0.020003046832517246,0.01778183997879256,0.02466424835557219,0.020179915156756156,0.015664759231185592,0.020008248833469952,0.015108194571524151,0.01493134349693433,0.014504822791571606,0.020466026954941582,0.011425655154183948,0.01540988308693832,0.011155196437593964,0.012252643418077446,0.013417730961730804,0.010921146760551548,0.012715554539894168,0.007129688751332439,0.00871593041537525,0.007810986619780369,0.013672597341678638,0.012913203240534153,0.015352666165034902,0.012523107842706004,0.010250210191398735,0.009392048127474796,0.012034192409766177,0.015779193824760788,0.011878156537120226,0.008814747070922528,0.010895141305903801,0.012476296591617569,0.007946207105682173,0.009979757588370606,0.0068904565028238135,0.006770840791299499,0.0050962497203174036,0.006162365127346456,0.0028496780818937227,0.004149765577846888,0.0030628902030005773,0.005741116915482853,0.004004154161913369,0.005652707230202153,0.002199646522854582,0.003068090509561685,0.002459658171372907,0.002610465523232866,9.204081456366061e-4,0.0018564331375272125,9.620088986114335e-4,9.776091895544216e-4,0.0019916381401162723,-0,0.0011908136348706493,0.002782074421156427,-0,0.00520026001733406,0.001331217039648678,-0,0.0023712540650024897,7.020047385426273e-4
baden-wurttemberg,2020.6994535519125,0.0037545355403623185,0.0064952056340352796,0.004591802731076329,0.003676529966864721,0.0027508727612272207,0.004779019599315969,0.0038689439265003588,0.0079826126812,0.010125385738290495,0.007207699505114218,0.00997455659055614,0.015155008191951251,0.012829982643439736,0.009865335756681784,0.008939568377917506,0.014614053370672519,0.00949086606787186,0.015056179487153957,0.011893760103312842,0.013043235690132871,0.021017446861203895,0.026979397711852503,0.014197938106741774,0.015664759231185592,0.0142915637508084,0.015108194571524151,0.009953752604511815,0.011051174228849372,0.014327973769023073,0.010078576645625783,0.00898637644528638,0.011815742319159573,0.01289759936843573,0.010062973624097329,0.012283850779894996,0.00918401097203835,0.0049922396313357474,0.007993014278885702,0.00923081925944987,0.009355641565193784,0.0071712944721202465,0.007675766485504184,0.010957554418900645,0.012616730471292277,0.007826588965596397,0.00962609092220405,0.01262193173338156,0.009501267967258987,0.01983138109312592,0.007488539187764362,0.008539101079383155,0.009168408218935003,0.009979757588370606,0.005163856389714407,0.006203970074175833,0.0050962497203174036,0.0072857103759284385,0.003988552962963668,0.005335473714479772,0.0012272144811884878,0.00127401560675402,0.002002038539491907,0.004238172707881602,0.007337717688158038,0.004602203650517907,0.004919432692832402,0.0017420291791526898,0.0027560730365790635,9.308083307602005e-4,-0,9.776091895544216e-4,0.007967010288569753,0.0010816112487982198,0.003567322360554648,0.0013936186745733149,0.0016640266245696565,0.0039001462573153684,0.002657267893771396,-0,0.001185613516044898,0.0015808240286462535
baden-wurttemberg,2020.7185792349726,0.002813276099801863,0.00371293255327242,0.007348119156845715,0.007348119156845715,0.003671329599461501,0.0028704792259572447,0.008700327802714423,0.012970417478295986,0.0060739547258630445,0.005148254842817696,0.011971778004519644,0.011113587529125463,0.010858733691253035,0.01480130632580804,0.007946207105682173,0.011690914107985973,0.011384046029301662,0.015997660566351175,0.014640060685233372,0.01826560762847452,0.015357867700785595,0.020809363190759527,0.02690655998191206,0.01637737875364091,0.020008248833469952,0.022302381972495757,0.021329573928131205,0.011742925826227591,0.01978456326255091,0.014785701887127897,0.01477009745312464,0.02231798866698492,0.016122499116499107,0.010733907777395442,0.010921146760551548,0.008476690869076719,0.01568556550219627,0.016710284651006022,0.013490549799966361,0.008632716535297642,0.011477666607101606,0.016117297504256358,0.009392048127474796,0.011826144683617312,0.008611913086085164,0.008825148835062024,0.011045973123877359,0.007129688751332439,0.011014766504952585,0.00816984175787542,0.01116559866991332,0.012226637297539115,0.006458801099852386,0.0068904565028238135,0.011285224491147437,0.008497494264191401,0.01120720761999968,0.006271578183767644,0.007706971100667665,0.004903831219275663,0.0076549634191316026,0.010681897068388959,0.006359988921251389,0.002199646522854582,0.0038325412308768125,0.004919432692832402,0.004352582158105526,0.0064327978767492475,0.002787274699628602,0.008674323458690894,0.001955236758679912,0.003983352564350079,0.0010816112487982198,0.003567322360554648,0.002782074421156427,0.0033333068336259724,-0,0.002657267893771396,0.0027040703064400047,0.0023712540650024897,0.0021060426476514314
baden-wurttemberg,2020.7377049180327,0.0046906115497633806,0.004638606884943447,0.005512292156648544,0.0018356323991003999,0.006422396591155822,0.0038273408478713415,0.0048310244045557,0.0069840689907324175,0.008102231180201475,0.005148254842817696,0.008981175546833909,0.006063553512041092,0.011841748234208584,0.008882358575019015,0.01191976605737966,0.004872628286199056,0.02087699029231954,0.008471490021595586,0.016471008321855496,0.02087178820446432,0.013740215162360118,0.018499690365016214,0.017937893567593784,0.02064809891888209,0.015004164454808108,0.01654903309082355,0.01351135520104908,0.016580243031184678,0.01773502399347591,0.011425655154183948,0.01477009745312464,0.013781826172628861,0.008383075694054132,0.016772704744035773,0.010239808142200517,0.010593478982469807,0.007129688751332439,0.010172194873091614,0.0063911927468413045,0.018707764793239677,0.008606712225085364,0.008440284947649665,0.007826588965596397,0.010250210191398735,0.009392048127474796,0.00962609092220405,0.005522693260200158,0.009501267967258987,0.0051378538141556625,0.006807245543943892,0.009194412810043424,0.010390638059310358,0.008221849954368686,0.01090554348620109,0.008461088328199601,0.009631291885159604,0.008965572854586027,0.0079826126812,0.008299862346636568,0.007967010288569753,0.009568880363990994,0.004675010144853533,0.0035309198760869213,0.003671329599461501,0.003068090509561685,0.006562814122280046,0.004352582158105526,0.005512292156648544,0.0018564331375272125,0.0038533427681110123,0.007810986619780369,0.004981838633879792,0.0021684452123986444,0.004758217691780449,0.002782074421156427,0.004997440130846761,0.0013000162502735818,0.003988552962963668,0.0054082812354987984,0.001185613516044898,0.004035356573860712
baden-wurttemberg,2020.7568306010928,0.0046906115497633806,0.00371293255327242,0.0027560730365790635,0.003676529966864721,0.003671329599461501,0.0038273408478713415,0.0048310244045557,0.004987039132350607,0.010125385738290495,0.00823745242345698,0.0079826126812,0.011113587529125463,0.013818235833936423,0.009865335756681784,0.00993294862679645,0.01851009406665356,0.021823778949087637,0.025413409001518537,0.02379024124304235,0.02087178820446432,0.011316431272381898,0.02003946085009725,0.012705151997512511,0.017802647096908267,0.01929557955137028,0.020866586117123737,0.018484084816465865,0.020034258846022147,0.01773502399347591,0.013443737677968907,0.016049676592490326,0.015753185940472807,0.011607695467007982,0.009392048127474796,0.015014567457114875,0.009891340696323704,0.00855470364366793,0.010172194873091614,0.01277796983788551,0.005039044145629613,0.009324435960666313,0.009979757588370606,0.016434596803073367,0.00945966038219503,0.013308502895578911,0.0064171959491335275,0.010255411216783925,0.015841612800131105,0.013220080343407303,0.009532473677904933,0.007878596818777955,0.00855470364366793,0.0035205191709188123,0.008611913086085164,0.012413881655727382,0.009631291885159604,0.007842191316088062,0.005132653300607687,0.007114086614622255,0.007967010288569753,0.00829466151684114,0.006677228687257503,0.005652707230202153,0.0051378538141556625,0.010739108851154384,0.003281303526214121,0.006963266201077726,0.004591802731076329,0.004643807349082134,0.005782721525274816,0.004883029261810867,0.003983352564350079,0.010843130435630415,0.003567322360554648,0.004175767659317145,0.004997440130846761,0.0039001462573153684,0.002657267893771396,0.004056158192227219,0.0035569216481055464,0.004212170595212086
baden-wurttemberg,2020.775956284153,0.008445485792009783,0.005569498251956764,0.008268657375683799,0.007348119156845715,0.005501891055171599,0.011477666607101606,0.012569919135928956,0.008981175546833909,0.016200523362532936,0.014416398205115664,0.015961249379015705,0.022229550793465908,0.018754581654336435,0.02466945082284533,0.01986259300359185,0.034107583393643275,0.030366464833802426,0.03765122762362214,0.030199967899287996,0.03566342682014888,0.023441682980160427,0.03315016442224681,0.037375428731245226,0.029195794566489568,0.029299853078593948,0.03093880211216547,0.03271308770898183,0.024180421174516364,0.02729156056721828,0.0376460238573933,0.0282540745015569,0.02953918844667389,0.019347598876551086,0.025496649739538132,0.016382580391894143,0.014832515217222104,0.019248762203203453,0.020341177976683764,0.026271835510753603,0.019430829905075154,0.019368406621194236,0.027634941872547066,0.01956608061056861,0.02129315900711916,0.018005516934847407,0.02086138403030935,0.017355295892197004,0.017422918501815595,0.02644352251313849,0.027244736019444875,0.018390451623496243,0.022005855667115312,0.017027587568208664,0.01722005093677563,0.023134745548924536,0.018697361052054044,0.01120720761999968,0.010832728267824117,0.014223945213187246,0.01716803373988884,0.013396925598107463,0.01001096358616428,0.016959965472689884,0.012476296591617569,0.00843508410381549,0.010666293865828298,0.008700327802714423,0.0064327978767492475,0.010219004050034989,0.008674323458690894,0.007810986619780369,0.006973667594864792,0.009756115152214457,0.009516870820243991,0.009740512227448648,0.013329308223824075,0.0013000162502735818,0.011961375610928578,0.012164222661305117,0.00829466151684114,0.011581689669017459
baden-wurttemberg,2020.795081967213,0.008445485792009783,0.0064952056340352796,0.010104581691902875,0.010104581691902875,0.016512621517401002,0.009563679407277743,0.016434596803073367,0.018962657102494423,0.01417713243095282,0.021626096377077162,0.016959965472689884,0.04042490913356441,0.028628679335480925,0.0296068269025228,0.03178691348093245,0.03995654727719487,0.034164820955792194,0.045186827481403145,0.05308789005018771,0.040882867027663215,0.05094334593467349,0.04086205067225217,0.04410950286751557,0.04772149080952404,0.04288648023708342,0.053978005934948635,0.04338089017709445,0.04560319080003762,0.05049570953394812,0.048408525560937506,0.04367233402816222,0.03676139116807025,0.03612134278216725,0.03489330452319398,0.03003347149786665,0.029674465446346065,0.04278239453291736,0.028337319786994587,0.039056263556700985,0.03022598301016301,0.03228642112769874,0.03531478896197325,0.032874389401630066,0.02523652287566438,0.028966866572847146,0.029695277323685064,0.03156317723674844,0.033269840829649726,0.032317640514939114,0.02997103548477827,0.03153195830246389,0.029341476541735547,0.026422711937203202,0.031001239287261322,0.03273390080249956,0.027765011140936866,0.02241162893230172,0.016533428127661683,0.021933024903398612,0.020231935366603407,0.027432034463506887,0.014021090127885627,0.021199520755890815,0.02202146227260865,0.021480436015424785,0.011482867755258098,0.015664759231185592,0.017454128966685363,0.022297179742036412,0.019274771835868773,0.015628348276951847,0.012949612293649146,0.011924967249750274,0.01546710007179904,0.018088745815271322,0.024997207310182054,0.01299642397082048,0.013287697575658008,0.017573769255553245,0.014218743790855273,0.018598525614607966
baden-wurttemberg,2020.8142076502731,0.021579276930621616,0.009282828517093458,0.009189211890783682,0.019290377621711437,0.02202146227260865,0.01530065083611597,0.02223475301715946,0.026942978834129074,0.027343587891964963,0.0319273995216093,0.03792182418496114,0.0373910399502511,0.035538541348534236,0.04342772925727946,0.05563855524075443,0.06823755314942365,0.07025263471947786,0.0668525552836129,0.08056878440157444,0.07657435340797546,0.09950354079224276,0.09333010480351261,0.0890013222891257,0.07908450759506716,0.07721489991152847,0.07486106048094708,0.06971631339410558,0.06219277692234349,0.07098162403088212,0.07801168828155541,0.06038104288063264,0.073548789182008,0.06516040871092947,0.0630986676147572,0.06282273372094908,0.04663890901605425,0.05134413993522056,0.06250515124048729,0.06747736178385155,0.055430332984317425,0.049511964006903206,0.03915513788547763,0.0555864995984769,0.03154236461180955,0.06108386324771678,0.06583205414462755,0.0647230628595688,0.05467032882390303,0.055102384621166824,0.05382184415134199,0.05848087241070243,0.04585821497904135,0.048746841463413695,0.04306342641232404,0.04628499293360102,0.05497224695503578,0.045957102242106626,0.04790886302332557,0.04684189138556734,0.050287507869815756,0.03956104499479871,0.041398074479481066,0.042407687722980536,0.038905350469977895,0.03222398240944775,0.025434219173531215,0.022630123540467888,0.028482999357174327,0.03252056698886141,0.031807726203750504,0.03516909025109235,0.029887787583933713,0.020601280352981317,0.02617818829382411,0.026438319868376768,0.01999784483209072,0.029898193564250896,0.02658399411854058,0.02974210407814969,0.03200024428471833,0.03492452547557603
baden-wurttemberg,2020.8333333333333,0.031906586750892585,0.02506483985834492,0.022968271767745563,0.026641223399901156,0.03854107930652341,0.030605805111140496,0.018369644270182756,0.038926166042108,0.025319763330527854,0.030897177370417774,0.03492452547557603,0.03536682431478768,0.04640469957426246,0.04342772925727946,0.04768505740191277,0.06335898395117145,0.04935581563472113,0.05931381530207407,0.08973578346914828,0.11403614944688444,0.12299534552683246,0.11418206930320801,0.09723725763002362,0.11047166298688524,0.10727738198746213,0.12026416466836311,0.11030490936916433,0.10577671086390117,0.10241077967353535,0.10560997230125055,0.08416768055589927,0.09852928742131792,0.08969932061265494,0.09467413225155938,0.08264163483862061,0.07138777965177369,0.09060048155860989,0.07341339799611621,0.06961217397224458,0.07415805388093619,0.08398017764494681,0.0737258397262326,0.06969027851909089,0.0773190545603483,0.08538125741197128,0.07305929963808135,0.07262188734836038,0.0863865163405523,0.08524583541469294,0.08108959332199162,0.07952197425050699,0.09787284891878498,0.07578800222915565,0.08156874213576337,0.0841312216035924,0.09127766480090081,0.0723198667242334,0.07016411528463071,0.08007402075862623,0.07360607017446603,0.07659518406445319,0.05476402736665739,0.062208395593681715,0.06608717755181963,0.05755423912189405,0.054982657956341156,0.04004501530468429,0.04043531722273161,0.036241026027849385,0.0433756858374528,0.04885614399465342,0.03387343038635642,0.03253097349605066,0.0428448459304193,0.04314669540901133,0.04000338327299791,0.041601036392344484,0.038551487018638385,0.03650120794704954,0.039118710479314665,0.04387530481793648
baden-wurttemberg,2020.8524590163934,0.01595084618731619,0.0222815730537926,0.03216154376616962,0.027562103224358234,0.02385787222141106,0.036350302275351375,0.032874389401630066,0.03193780591009149,0.04761219066326474,0.055622938542602376,0.04091929566968116,0.04446860859217735,0.06320279399294543,0.050339558207693244,0.067565876645161,0.07018494337339182,0.07310616545878747,0.0960650809564983,0.11448433316532636,0.1035778890328724,0.12056646388645831,0.12808281294105245,0.13018883651160434,0.12331329765849895,0.11515140445777992,0.12098343120895241,0.12598208727517934,0.10785056641576969,0.1406993776178761,0.11436968114873111,0.10153025468102847,0.10773592902465684,0.09809687065089488,0.09669023856084238,0.0887929663964249,0.0777512985823351,0.07703783748731005,0.08941803657908699,0.07956363793344755,0.09289252196781596,0.07895430989637066,0.08141249747224595,0.08144374636739307,0.08521458423463446,0.07754298776175922,0.07707949917993992,0.09158500472030529,0.0760744201558737,0.09186630047594223,0.08381871734672515,0.09333531414516179,0.08991288913582364,0.0787251627384252,0.08674070546332019,0.09826358512441119,0.08276663348646965,0.0812979183507019,0.07929803252662954,0.08303746492094738,0.0662433761739864,0.08170415455722711,0.07548075566163104,0.06008429935549008,0.06608717755181963,0.05601856300809312,0.04677423050769341,0.04788283906436989,0.05146385822287528,0.05390513037756864,0.048200332253456796,0.04494221558635023,0.053811433382442334,0.05314514850820919,0.03451345110398719,0.05707010582485774,0.04667534169070244,0.04680545859422956,0.04520244104568468,0.043261190497185395,0.05453498678243232,0.0605580485966753
baden-wurttemberg,2020.8715846994535,0.024393720774768243,0.02320757799577594,0.025725562456160974,0.030319637517088757,0.035788312591700434,0.04687311951274238,0.025137675008584763,0.036927909112735385,0.03950380149259468,0.05046968428033964,0.04790365823049482,0.04749768599454951,0.06320279399294543,0.0562632270127862,0.05563855524075443,0.07116387295557847,0.09591400232974512,0.09323633674301507,0.09065257226415695,0.12710802397697404,0.09707575616330891,0.10259834905391592,0.11071658333240991,0.09548681686382582,0.10727738198746213,0.08999102418052753,0.10674588934487918,0.1154640970719244,0.09968067972988552,0.10560997230125055,0.09381457580971408,0.09524196823993587,0.08194893944474961,0.08526666954516608,0.08537604886709572,0.08199581327806661,0.07418409099293742,0.08432393349816103,0.0745850641640359,0.07343943473525481,0.07679828340241564,0.0760327592684856,0.0916318872405718,0.08600628658501575,0.07440801069428914,0.07145547256367898,0.07104410930453689,0.0816260319633473,0.08230309834290676,0.07836061252278431,0.09333531414516179,0.07033074022830382,0.0863708904054031,0.0804177507903347,0.08074065076866568,0.07992819658312272,0.09027231131358177,0.07301764116625485,0.07354358182218294,0.07360607017446603,0.0670139629103154,0.06946637913202158,0.07281976388081463,0.06167736339985242,0.05601856300809312,0.06319758766908112,0.04875204634064695,0.04595189764462818,0.027874269577812125,0.03759398622377517,0.049829467143023866,0.044838125767242304,0.05748656430400006,0.04879889025916121,0.04314669540901133,0.04500466957782189,0.048106645537029355,0.05850169582038018,0.05273393007288503,0.058095640835767744,0.06530098494432571
baden-wurttemberg,2020.8907103825136,0.021579276930621616,0.03156317723674844,0.028482999357174327,0.028482999357174327,0.02385787222141106,0.0334779743681285,0.04738838631870983,0.0459154654768417,0.0384890407771948,0.0628383525815075,0.05989167727185589,0.07480898559205364,0.07308012888651258,0.060214449815930805,0.07154399419682869,0.07018494337339182,0.10637072133845239,0.09700802989106154,0.11448433316532636,0.09051192747893928,0.11003393588087688,0.1072304853593004,0.09948270095689689,0.09762798905972785,0.11013815628618728,0.10296306923037678,0.09036086498519547,0.08501666053041607,0.07918345806409788,0.09349159463738806,0.0918819280625428,0.08340725627278542,0.10068100505607726,0.08392288522367289,0.08332392278086807,0.07421533554454444,0.06847186094786732,0.08214164325193392,0.08169894638065303,0.08713135802889697,0.09116827306453461,0.08832937753042336,0.07047133043983175,0.07889702301221904,0.07832415764178556,0.09154333140443949,0.09158500472030529,0.0760744201558737,0.09260080212304922,0.08040733469538448,0.07360086280891057,0.09481478829478891,0.07108055908217388,0.08616775367580586,0.08752201352929827,0.07425699497588463,0.07063795636792682,0.0684510335452531,0.0670139629103154,0.07667329910056049,0.07978758080117329,0.0661236238550237,0.06433257860051632,0.05433197438070381,0.050646656261710624,0.055805133646225843,0.05746053555134058,0.04319353427824543,0.05576348899482941,0.041450115920081715,0.03810395727872194,0.03686546482099745,0.05314514850820919,0.06309346130132396,0.05707010582485774,0.05835072628914353,0.03509624104874475,0.05450895950714556,0.047320724729743635,0.04860630997513122,0.0865584019370616
baden-wurttemberg,2020.9098360655737,0.021579276930621616,0.018567314462868325,0.027567305981562446,0.028482999357174327,0.03211991804564148,0.038265275694501145,0.046420313504227644,0.05390513037756864,0.06281232114985169,0.048408525560937506,0.053899924984523916,0.06368177801817299,0.07209595601453897,0.05132852452671288,0.1003892415147939,0.06531139801376946,0.07785545430555413,0.08664174061262016,0.08606878991552354,0.07135132965878765,0.08412080476477214,0.0856104339031121,0.10397387851710885,0.08265205138113206,0.07578800222915565,0.1022440519034129,0.086803209676591,0.07394975745429094,0.09558058898254668,0.09147561233739078,0.07259585101856396,0.07552241610677209,0.06967986457273363,0.07451736717794973,0.08264163483862061,0.06572792250140694,0.06847186094786732,0.06177628075045129,0.07743362491501198,0.0633537776116749,0.07248649857579081,0.07449132989907783,0.08066252962229858,0.07021097849607193,0.07362169227427286,0.08832937753042336,0.08368329941865532,0.0863865163405523,0.08304267323158551,0.07631917854334139,0.07689202182594261,0.09236638557656848,0.06755546312424515,0.08386559286552818,0.07396017225580716,0.07368938809432042,0.06783142213311766,0.06959655307695642,0.0640462253408172,0.0644002623286713,0.0702057714704954,0.05743450681170985,0.06503545237806356,0.045514713315881195,0.04373478649448098,0.04185083675721903,0.05746053555134058,0.04503069209641199,0.04739359105996614,0.052057248586954666,0.028332116952747597,0.04683148201400983,0.05314514850820919,0.03927482811395119,0.04871561221097204,0.05167726976706623,0.03509624104874475,0.05052173480057608,0.0500272569619132,0.039118710479314665,0.0791782501399779
baden-wurttemberg,2020.9289617486338,0.015009365955698453,0.0222815730537926,0.031240582486293054,0.033993108458347285,0.03028321629990475,0.05166165425852637,0.059964561219589,0.061896023058197525,0.04659727170486426,0.07005476795550653,0.04990233698877312,0.0677272864860265,0.07209595601453897,0.06219277692234349,0.07452778209315009,0.08775119945548054,0.08736054223329841,0.10832475103642772,0.10348410249144456,0.0992222037197742,0.11003393588087688,0.11109178269465202,0.09050150936183333,0.09335094217324631,0.09653915811777417,0.0784647694664643,0.09534615900280086,0.08847522526739365,0.09216322542440554,0.10695952789140911,0.08223539130824195,0.08275100863905849,0.09099116312213593,0.07989174060313872,0.09289252196781596,0.10817884761567541,0.08417809740410986,0.0799594445863061,0.08525104394652577,0.06983607398707332,0.07679828340241564,0.08294892371986728,0.07595985279587089,0.09074112658334096,0.07754298776175922,0.09636723952683517,0.08921488794556215,0.10939298498070008,0.0940750459583288,0.08859502907163584,0.08412601318392432,0.08256871909946574,0.08342808966663301,0.08099063922572522,0.07226779438012423,0.08276663348646965,0.0885898202048393,0.07530369914214612,0.08303746492094738,0.07360607017446603,0.09256954652246044,0.07213761374798719,0.07423616525603975,0.059475199530235834,0.07214802818656514,0.04923610220025569,0.05746053555134058,0.04319353427824543,0.050183407350351136,0.050126152153479826,0.05863184231978816,0.059792763506188326,0.04880409514160422,0.05952205310965082,0.05707010582485774,0.07002873291103127,0.045504304209995065,0.05318158574159428,0.0689665142117037,0.06521247393824776,0.09007436835761612
baden-wurttemberg,2020.948087431694,0.019701331667840917,0.030637023489394902,0.03399831185903285,0.033993108458347285,0.04588944251548389,0.05740327234134746,0.06770645938163224,0.06389523971153373,0.07295515352108194,0.0906786176364957,0.06687858873790699,0.07480898559205364,0.09779470202998607,0.08095939060287294,0.08447497845532187,0.12484053745284308,0.12823919789826774,0.13661690619851408,0.12640431068138827,0.13844172609549513,0.10193664897868543,0.13658562413001224,0.11296260880618554,0.1290211297390877,0.10871035490481343,0.10800689053820399,0.09677359347595454,0.1036977276375268,0.10104571178477653,0.10493781289244579,0.1118213447599999,0.10510454929982047,0.09422090981145702,0.11214965102886265,0.10588613333620103,0.11596440916564721,0.09631514309634082,0.09087656289261156,0.10303080325908516,0.09433551741166159,0.09763319883195537,0.10601118787220726,0.12143167480970198,0.1002225202261995,0.10106134213030844,0.11163895328405876,0.09237680406730614,0.10860092648941023,0.10069663529198467,0.11792922302196951,0.1295267852564586,0.11195683598483677,0.10577671086390117,0.10859571561823297,0.09656520643870978,0.089006531197137,0.10655309433682986,0.08672507942173725,0.09550765509781814,0.10553702434821009,0.09256954652246044,0.09420007209310241,0.08909508271320825,0.09107450890223653,0.07752215672559785,0.07140860823066739,0.06007388733272711,0.05514402874311522,0.05576348899482941,0.053020221044720324,0.049829467143023866,0.060792321794363245,0.05965220216285492,0.05832990293992145,0.06403581252472286,0.07503290798431601,0.06891965212177341,0.07447050008536486,0.07438197347017382,0.07589215401997285,0.12769185260563393
baden-wurttemberg,2020.967213114754,0.029086533352894357,0.030637023489394902,0.03767724646256034,0.04318832995736075,0.0523175096548341,0.07846997731912797,0.06964341577690428,0.0758817388315032,0.0638275566407177,0.09893044836345007,0.06687858873790699,0.06266654537342196,0.059246138194162114,0.09281959185319637,0.09939413174985563,0.08775119945548054,0.11872663550067548,0.1196387235895653,0.1392446671378003,0.1227503673415639,0.11408305221318901,0.11804388288708538,0.14142935520015404,0.11118037182802197,0.1258934729214888,0.13324376487024348,0.11814290751951279,0.10646451308630442,0.11676700320411723,0.13188310055077396,0.11632922310202107,0.11299387666682438,0.11360360370724576,0.11416643501329833,0.11956054398364828,0.12304746869387188,0.10631340424249244,0.11052377360208962,0.10160840718391435,0.11308246904073438,0.12422546620240457,0.1290888977189669,0.11201937051537411,0.11207148268160219,0.1308717486063807,0.1140517836976168,0.11371304265076337,0.11653768935764891,0.12203628857808341,0.12953199822554098,0.10780888006248769,0.12236987159750985,0.11165979799178272,0.10686573525070166,0.1101329452609634,0.12192683211611992,0.11777808085878183,0.11242584679694412,0.10441155461335429,0.10983591768624573,0.10726696051088289,0.09887834936493159,0.10537549710208971,0.0998942892513832,0.07752215672559785,0.08126666954319432,0.08186040009709762,0.06434299147603721,0.07622544115245061,0.07906888385400809,0.06058407889985061,0.07275727647342736,0.07810542889247452,0.08453747994523722,0.07796481803946866,0.08671466206329258,0.08583961140429322,0.08644381147625915,0.09333010480351261,0.08063648926625316,0.13824881353647436
baden-wurttemberg,2020.9863387978141,0.019701331667840917,0.0176361903851074,0.025725562456160974,0.028482999357174327,0.027525683938527255,0.03539284201072721,0.03964951234941883,0.03293682890085908,0.04355783803472377,0.06593097939883816,0.06588412004443844,0.04851262252726467,0.043443342293381516,0.040466541502732635,0.042714738936932284,0.048731226834851364,0.04650879252926853,0.0564870695573735,0.11723605740343529,0.09747690589209937,0.0914078933585318,0.09101720866406612,0.09648706151504222,0.09335094217324631,0.08794913356826306,0.09359578189314587,0.06473347581328352,0.07740758617587419,0.08532917198666373,0.08878254862370434,0.08416768055589927,0.08406872060197776,0.07936573573678733,0.08526666954516608,0.07649103086551562,0.0904858821900909,0.07989174060313872,0.08214164325193392,0.07174186662759152,0.08568856248322218,0.08685529657837944,0.07218968596173472,0.07752736448385297,0.0773190545603483,0.08067815384218059,0.09234554860135538,0.09632556237826424,0.1022544723733844,0.08377705025437185,0.08927739513288876,0.08478227817075516,0.0880793537901923,0.084016636491346,0.07352275238811484,0.07791794783962838,0.09411672130318598,0.08241767967932735,0.0713096725552289,0.08422497324687812,0.09571082831686029,0.09384583215865508,0.08751159601119952,0.07777212971028441,0.08298538184322862,0.06984128097563028,0.06648288163925835,0.06007388733272711,0.04503069209641199,0.060412279139683035,0.059771939579495954,0.0693882749214793,0.059792763506188326,0.05965220216285492,0.06190122925174295,0.05707010582485774,0.05667967902980812,0.05851210752834609,0.06781580177276138,0.07438197347017382,0.07114304447471313,0.11679306165974569
baden-wurttemberg,2021.0054794520547,0.021579276930621616,0.02042441059554951,0.017454128966685363,0.022968271767745563,0.01559713890789836,0.0162577412173633,0.025137675008584763,0.022952664878080786,0.028358131129176675,0.03295764208392984,0.03393066769077411,0.03031443448449818,0.040476949600232785,0.041450115920081715,0.05365006673103122,0.05848087241070243,0.05030832799871698,0.054602657759135295,0.0686593079467776,0.06525412615763641,0.07764714306773321,0.08406872060197776,0.07777733749357997,0.0805114957387767,0.07077854741006565,0.0784647694664643,0.07398620926872651,0.08432393349816103,0.07098162403088212,0.07060671396573766,0.07838144389483122,0.06172421896352105,0.056768175513098706,0.07384560955386028,0.06487405089251719,0.05512320667797219,0.06775852715825857,0.07050257276068048,0.05894940114538459,0.05110990930002715,0.06746174152985164,0.06373384176502035,0.06655577482590448,0.060740260992557096,0.0673523998832152,0.05860060713022269,0.05998538522341881,0.07845435376271323,0.08671987074225694,0.06881551429536291,0.06373904814257557,0.05931381530207407,0.07637125494463122,0.06949762084908728,0.0790480522065745,0.07198660462300467,0.07849080873498683,0.07530369914214612,0.08184998371316704,0.07176269534831511,0.06828962145783897,0.0801573490425217,0.0735279597458482,0.06608717755181963,0.06216153959373492,0.05088088481022107,0.053978005934948635,0.04778915291995738,0.05576348899482941,0.06170339426334358,0.05374376343539674,0.055805133646225843,0.05531581109867697,0.06190122925174295,0.05010533209751932,0.055013890972763727,0.06631626902489622,0.03589238429710271,0.07032032615368167,0.061651332549392125,0.09973798951538064
baden-wurttemberg,2021.0246575342467,0.01542028617041256,0.016694679639459004,0.0175789710134846,0.019181137219148253,0.01649181491546561,0.01641899187425904,0.01999784483209072,0.02114229746315074,0.02280700080045453,0.03623582240274669,0.03892096214829142,0.03669374340536833,0.04815869369198382,0.04125235872288552,0.052947346829617555,0.04736756735888252,0.04540541780800134,0.08476665271767003,0.06811779623792977,0.08842313674294484,0.1068292603805613,0.08748034346942539,0.09053276371941293,0.09672670631976579,0.09091302657461292,0.08153228500561942,0.0915589588939725,0.09202257655326503,0.10791309600835212,0.08303746492094738,0.10559955115883651,0.0813604160220645,0.07878244943324356,0.07934490397043198,0.06454083650710833,0.07994382058236432,0.0771003300387748,0.07201784785426467,0.0733821539263549,0.06834168981839103,0.06552486639689192,0.07104410930453689,0.06601949162791869,0.08555834824825118,0.08462081538199144,0.07530369914214612,0.08529792075652125,0.08311038131738735,0.08899090447466267,0.09067340856098663,0.08824082731827128,0.07461110148984795,0.07185642469481601,0.08562085104034486,0.07563698250300353,0.06927892922380414,0.07138777965177369,0.08248538695134285,0.06961738093838726,0.06944555133107229,0.0719189110196756,0.06971110641806216,0.06832606930474815,0.07527766146953588,0.05594047899359835,0.05703366586662338,0.05773644099245908,0.04350059013253707,0.05338459365214908,0.036995557180068694,0.05817372808655679,0.043026996268197344,0.04804939262675356,0.059110784242573614,0.04906433992784663,0.05036558339617555,0.07957926182315367,0.056788998236937824,0.05962617232615096,0.08063648926625316,0.1043438187860876
baden-wurttemberg,2021.0438356164384,0.024492567227658763,0.014837716700948375,0.02405556327791183,0.021012244759291584,0.018328029588521866,0.012772768560188606,0.02475789284607234,0.020179915156756156,0.030741084885621703,0.030194764878671343,0.03789580522364522,0.023800646003214656,0.035111851583511704,0.025533067604319865,0.04019593169894915,0.05131811425698727,0.046368267089239024,0.048018163793170615,0.0727208255204646,0.05922531448637019,0.07713157634267345,0.08270413412498295,0.08672507942173725,0.08416768055589927,0.0859750349479349,0.07230945225123998,0.07652227680329424,0.08706364470726849,0.08021984534306724,0.08167811367956153,0.07598589081007336,0.07687119105055445,0.0833812145422164,0.059980179221676665,0.07530369914214612,0.06969027851909089,0.08063648926625316,0.07273124007584172,0.06393168447846136,0.061219222335250546,0.07129405115000081,0.07104410930453689,0.059105578328397544,0.059641790226610904,0.06879468675510582,0.06509793050695976,0.057116957237259375,0.07123156557600542,0.08899090447466267,0.08034483816950423,0.06428572068647323,0.06536346339226674,0.07124197983312372,0.07262188734836038,0.05945958167981614,0.05053214491087551,0.05995935521993743,0.04969934267246063,0.06616007018377265,0.0496785227873878,0.0669566891789786,0.05292132034897696,0.06155241543647631,0.05017299730986679,0.04773190035924526,0.042183905777065524,0.048528237090184334,0.039061467464052084,0.05057378537291367,0.033196994287997925,0.03253097349605066,0.03802590016042626,0.03271308770898183,0.04237646227736401,0.039248808475631315,0.05468073976476109,0.062270870325958266,0.050022051957037725,0.048528237090184334,0.05232792012463811,0.09044420975506315
baden-wurttemberg,2021.0630136986301,0.008164640941084106,0.01854650703877881,0.01480130632580804,0.01370380555568146,0.021990249066300163,0.024633033562881032,0.018093947624718002,0.019217550661174313,0.0247891077137147,0.02919059164635338,0.027650550167573017,0.02181337458445638,0.03209910519786996,0.029461144183870868,0.019602494322149867,0.034534264918116224,0.028977272368875834,0.04236605379965862,0.05337938831120597,0.05126606293959195,0.055081562572699104,0.07394975745429094,0.06084438264829691,0.05978755752373633,0.07046091633705347,0.06095891671041996,0.06364533342638877,0.05094334593467349,0.06222922049610063,0.04967331781742496,0.05647145260439263,0.05700243163703027,0.06104742047666037,0.04320394292158315,0.05579472248025004,0.05601856300809312,0.055159645297441204,0.0541810169547506,0.045035896601689246,0.03843179845508518,0.03815599542268296,0.048070211859561424,0.049891927004556955,0.04550950876267479,0.06325485726022934,0.046264174415528596,0.05631528333252002,0.045098350705681335,0.05400923834794774,0.04642551814859507,0.06017800765416781,0.0462069235338087,0.060792321794363245,0.05903269558461643,0.04559798623797571,0.04484853473977693,0.060532018306530315,0.043484977079246305,0.05637775098498367,0.053270076271830925,0.0452492817666697,0.03936329498163858,0.051401396473187734,0.05089129499242058,0.03281194997738157,0.03514827618286303,0.022583303190004095,0.03018435883900562,0.03371212559470242,0.029403911798927086,0.03154236461180955,0.027015816615082386,0.029643247645955384,0.033451957630262326,0.023301219863057523,0.031651630985668644,0.031126113862355444,0.024331291532909555,0.031885773988506096,0.050917320457034294,0.062312520189175706
baden-wurttemberg,2021.0821917808219,0.012699950727104952,0.012980820073743847,0.01480130632580804,0.014614053370672519,0.028410159521071628,0.013683000077598486,0.02285382135233424,0.016335765666323752,0.017849463143106564,0.013084846142679749,0.012289052008682562,0.01983138109312592,0.028087584330481093,0.026516359594498717,0.03137066077391138,0.02269255073999475,0.03960267667233758,0.04142409519326814,0.03772928417949908,0.04684709607212461,0.04321435156700434,0.05326487094235708,0.04334445981055848,0.04354222496423847,0.05001684695268903,0.058121669906333065,0.037890601432940846,0.05094334593467349,0.055310605564410184,0.05443608320566157,0.049746187444349825,0.04738838631870983,0.05382184415134199,0.03546569162859827,0.04368794713770722,0.03961828856001279,0.041012969437776256,0.04277198597395902,0.042855254503961625,0.05338459365214908,0.03743266989050533,0.04304260918398527,0.049121593955608694,0.0431571040429735,0.04427083991527267,0.04077358125472403,0.04263147063193929,0.04747686699096243,0.0563933679098293,0.05379581723299806,0.05333774560244267,0.05082883393048463,0.05342103105331768,0.04427083991527267,0.035783109011894666,0.0482575853299201,0.05995935521993743,0.033316670803178516,0.04601955745251443,0.033514397823016205,0.04028960416397081,0.033550821303411006,0.03989930333960604,0.03511705509614594,0.028337319786994587,0.035928809443206255,0.029279041359514337,0.021303563267664152,0.0299658324870681,0.03224999853293815,0.025626713659452495,0.034019125466970314,0.02452898438924432,0.028992881066826102,0.029435129455634618,0.031651630985668644,0.053618834533758146,0.024331291532909555,0.033269840829649726,0.029695277323685064,0.05062063093256117
baden-wurttemberg,2021.1013698630136,0.006349587650215769,0.013911860794347813,0.012028991206470531,0.02649554898941377,0.01924356027822808,0.012772768560188606,0.019045887514883748,0.01826040580185584,0.02082496943715721,0.017110814883415926,0.021506446764364646,0.016855931651297302,0.017048394384522287,0.02062208859928993,0.018624534922042267,0.02368099138687019,0.034773624379385075,0.02729676329734818,0.04877807073461048,0.0388897387963456,0.03643356052282371,0.03576749827561323,0.03878045721217865,0.0346851653196942,0.030990833086205812,0.041814407462603606,0.041465728362415195,0.0403260323903802,0.04424481777693484,0.04490578412595868,0.047055283961695435,0.03714126100861542,0.04331843813580664,0.0277233889396535,0.03629306230754509,0.0279991366439112,0.036058899458987825,0.03278593357273398,0.03558537336524092,0.03771887663194529,0.04175716147976913,0.0351534796991422,0.033764159343787806,0.036090121111204534,0.04031562432308695,0.036069306674310506,0.04826799498695923,0.03956104499479871,0.046066398909544434,0.04052378606476071,0.03486728707719771,0.04092449976348459,0.043594268550743664,0.04249615992071718,0.03174008488505191,0.030652632685556156,0.03311374122249157,0.03501298494245231,0.040263584017874825,0.029919005531132456,0.02912815664528998,0.02322838728504327,0.03042890132168197,0.03153195830246389,0.02311393629713059,0.0304601195937375,0.022583303190004095,0.019529666924480757,0.01404189574124071,0.01896785899936338,0.023654979550180276,0.018005516934847407,0.027598522535702004,0.021183914397082358,0.013485348450993466,0.01870256292238956,0.029393505917522614,0.02297867636345579,0.020793756949039816,0.026864938467750194,0.036058899458987825
baden-wurttemberg,2021.1205479452055,0.00906959089131662,0.010203400986370103,0.00832586650339889,0.01004737060725646,0.014660866546239245,0.01641899187425904,0.016190120122963836,0.020179915156756156,0.003967751371641334,0.014088708401723202,0.017407313276408307,0.016855931651297302,0.018052333163697372,0.01865574610813226,0.018624534922042267,0.015784395403182796,0.02221394412551947,0.016944360386214385,0.025761980481260664,0.03623582240274669,0.03558537336524092,0.03735981751693186,0.03117294190532744,0.03320740093055818,0.030288419329371697,0.03330626413875032,0.0364595787524942,0.03466435144516484,0.03387343038635642,0.027213519677689067,0.033608058252722395,0.032015853890086564,0.037406651173937926,0.030304028420884612,0.03293162560639593,0.0279991366439112,0.02898767816698684,0.02351971820916393,0.02396712244920358,0.02490356238871051,0.030954411398908175,0.024388518335081114,0.03760439374633277,0.03373814246273667,0.03715166844056288,0.026656831396661633,0.03539284201072721,0.028477796508357196,0.030970020690342243,0.03905105964986489,0.02803035345728778,0.03828088718065543,0.028852402953970215,0.03482045570720606,0.03751592987099191,0.02327000588856024,0.026828519670183897,0.03388383716429119,0.02990859954665048,0.028722330965627346,0.02788987794467474,0.02322838728504327,0.022312786434970013,0.022931855699151363,0.02087699029231954,0.014057499956717082,0.015893628670174555,0.020414006510905577,0.01404189574124071,0.014223945213187246,0.013797430310069239,0.011004364302806092,0.018395653463129862,0.018952253310311876,0.009808124935256148,0.01726166473174986,0.03458629948988143,0.016221329847915026,0.0166322596400894,0.02544982680800896,0.02369659849512521
baden-wurttemberg,2021.1397260273973,0.007254506013557681,0.01576358909262821,0.012028991206470531,0.017355295892197004,0.02107467001655247,0.020070672885458985,0.013329308223824075,0.017298076829667556,0.01388065245547877,0.022141113070355437,0.019456839628814008,0.014874127101577476,0.0100317675950974,0.015711573352663797,0.012741560904955655,0.014796104845729624,0.026079338636698868,0.02635507762293479,0.012881995501013856,0.041538586488630395,0.03558537336524092,0.04371917337086659,0.03117294190532744,0.03320740093055818,0.03381098976249051,0.03330626413875032,0.022156719716449013,0.028295697127617623,0.036636503059511785,0.029253026722375113,0.033608058252722395,0.029455941237184754,0.03346756767141887,0.0277233889396535,0.03293162560639593,0.0279991366439112,0.02898767816698684,0.026370685533807756,0.029050112999381636,0.018499690365016214,0.03887412712740609,0.019368406621194236,0.02379024124304235,0.03295243878737827,0.023712205608064495,0.03449784074885478,0.020107086950389725,0.03560098404685315,0.033353094145075333,0.030944005207223825,0.02803035345728778,0.02573596760358771,0.027624536345130603,0.023608158276936315,0.029435129455634618,0.03178691348093245,0.02169372454082502,0.028795171239016606,0.025881639886172834,0.028722330965627346,0.02974730705346839,0.01741771675949474,0.02163650070423713,0.023644574819148775,0.019384012435137786,0.01561794515185277,0.015056179487153957,0.019529666924480757,0.01404189574124071,0.015175814258995226,0.010843130435630415,0.015004164454808108,0.013287697575658008,0.012263045869935648,0.009808124935256148,0.011508873503826681,0.027666158467289727,0.014868925614209124,0.015248635559227649,0.019794967221257495,0.022848619066712792
baden-wurttemberg,2021.158904109589,0.017235656105985493,0.016694679639459004,0.019430829905075154,0.021012244759291584,0.024742285419274965,0.023722610352628317,0.018093947624718002,0.02114229746315074,0.02082496943715721,0.01811475486771989,0.018432066355112433,0.017849463143106564,0.016049676592490326,0.013745416536820583,0.02450297212836152,0.02368099138687019,0.02704183013301061,0.032005447485985175,0.03220837274160241,0.03358204144977235,0.04491098861874011,0.042928114577088256,0.03725574287459535,0.04059143881022278,0.03381098976249051,0.03684985375978247,0.03288479597962832,0.026880546531653973,0.029721292182069287,0.04490578412595868,0.03696953868221401,0.03650120794704954,0.03412319363161541,0.036110935556430114,0.026880546531653973,0.029367491223124625,0.03252056698886141,0.03278593357273398,0.03123017623734026,0.03415961753844482,0.03815599542268296,0.03156317723674844,0.03837455619598286,0.036090121111204534,0.042688717577295594,0.042345236850498014,0.041830020014312116,0.02927383843104301,0.035736276817103896,0.04421359122812214,0.03760439374633277,0.041585423909386174,0.03622021153055142,0.03305130151083315,0.02885760584026865,0.02611055429759684,0.027973122647082346,0.029929411517696826,0.025304155735088197,0.02094461748183015,0.032848372965748836,0.03032484055019417,0.025018017315627496,0.017194042331825046,0.017896279231453784,0.01796390254459583,0.019238358353778868,0.012424284139840888,0.018723370408923815,0.01896785899936338,0.01971173560989486,0.016008063767416442,0.008175042575181122,0.014494419891242694,0.01716803373988884,0.008632716535297642,0.013828638598991673,0.02297867636345579,0.013859846906638294,0.02544982680800896,0.022510471617515317
baden-wurttemberg,2021.1780821917807,0.017235656105985493,0.029679668414897036,0.02961202986430606,0.03471638614710906,0.0375783749438473,0.04745084324819709,0.027619333582200315,0.024986802310579447,0.02578279079277061,0.03220837274160241,0.026625615407831257,0.030741084885621703,0.02407117049859004,0.03437816151521754,0.02352492056192523,0.04243370894198143,0.032843169680131096,0.04707610279649588,0.04141368690618967,0.04065388757646613,0.04406266317321818,0.04371917337086659,0.04714896878393621,0.039852467437546855,0.04438013303847859,0.046066398909544434,0.038603525610453805,0.04598832983793396,0.04216829311910552,0.042183905777065524,0.03898861280848737,0.03522112545811492,0.037406651173937926,0.03482045570720606,0.03427409284030171,0.045764532482237726,0.039597472710824616,0.037068409043306466,0.03776571061233823,0.04056541851309214,0.03815599542268296,0.04161144471692278,0.036069306674310506,0.036875872197746386,0.043479772729193046,0.03999297527028432,0.05309309536194535,0.05143262733865298,0.048450164322461804,0.04715937821904849,0.03486728707719771,0.041585423909386174,0.0386763797264933,0.03895738941592654,0.030590195929035793,0.03235406315707275,0.043391298857928785,0.03501298494245231,0.031058473430288107,0.03471118267457441,0.02602731257684399,0.024518579483330884,0.026370685533807756,0.027947108663261708,0.02460702124995485,0.022650932598651512,0.015893628670174555,0.013313704226862691,0.017787041757538067,0.017069201209161364,0.013797430310069239,0.016008063767416442,0.01737610283963735,0.020070672885458985,0.023301219863057523,0.012944410998783754,0.01728767337051709,0.016221329847915026,0.01802112233978274,0.026864938467750194,0.01777143642285684
baden-wurttemberg,2021.1972602739727,0.012699950727104952,0.03339472085277219,0.036090121111204534,0.05848607826233721,0.052244636424522865,0.05840799054249777,0.0628747966077115,0.03844740999122737,0.033717328967265606,0.031204160624072098,0.030725475662914902,0.03669374340536833,0.03009590758592735,0.029461144183870868,0.027447642697634136,0.03354561794750358,0.05023545758403316,0.05460786322252667,0.05522211156165607,0.06895610041029239,0.051692885280301186,0.04849180311732818,0.05855896023998779,0.050927730646528065,0.05072473232731691,0.05599253499022966,0.0564870695573735,0.061562827755291004,0.05669529604532494,0.05035517331922076,0.051765757737381596,0.053155559143714726,0.06235937632516789,0.0367509838142395,0.05915763749364035,0.053285692263390416,0.05374376343539674,0.05275475118132537,0.055935273396797915,0.046264174415528596,0.05183863029659091,0.05022504753312871,0.050657066397018655,0.044723627206883984,0.04506191913590638,0.05411334652675359,0.04263147063193929,0.055393894175165576,0.052421614446714865,0.0486323342961583,0.05128688346029775,0.042902093110681674,0.03744828112669014,0.04072674456520484,0.04559798623797571,0.05280159870580081,0.03824966421303955,0.048002549383415014,0.04141368690618967,0.03830170250281466,0.03408676975029946,0.03871801069577255,0.03584034841836859,0.0394153343858712,0.02311393629713059,0.02499200481011761,0.020075874893171124,0.018640140512742695,0.02059607829270231,0.014223945213187246,0.0216833202022213,0.015004164454808108,0.022484460366350763,0.0089187648059436,0.018395653463129862,0.01726166473174986,0.010375034944150853,0.016221329847915026,0.023566539402775682,0.012725957084356844,0.019805371182045665
baden-wurttemberg,2021.2164383561644,0.03175569441232444,0.03524714308114974,0.038863719350715045,0.055742666681638,0.07701179894636004,0.06571230277290552,0.09052755465850891,0.07403307592482662,0.06249473873298298,0.05537307200997013,0.058387167170344256,0.048601105112485256,0.043141491092814434,0.04813266960799165,0.06275505204608889,0.050329148135948534,0.058933783452878294,0.06120360396101662,0.07364252174797298,0.08311558963533457,0.05762711979351158,0.06837813770179602,0.0775898576236303,0.06865410107656966,0.08104272030555179,0.0786939154769413,0.07366335123002246,0.056606799686064475,0.08299059014865012,0.0605632546562714,0.07396537965735038,0.06725867865480353,0.06958613914936937,0.06643081513992388,0.06521247393824776,0.07379353568186398,0.0714346439660138,0.07273124007584172,0.06247391372423515,0.0726114728148786,0.06264572029586297,0.06458248818851582,0.07447050008536486,0.050219842508455105,0.06483760546511605,0.06588412004443844,0.07724614628427116,0.05618514263089955,0.0786522524908435,0.07739717068387109,0.06086520700446448,0.06007388733272711,0.06509272399335365,0.061989734621810955,0.04617569580670892,0.05962096636037722,0.05481608218558871,0.06213030228389114,0.05407690864046316,0.049079954656442715,0.04835127231828574,0.05421224948968314,0.05546156626963049,0.038697195206966725,0.05146385822287528,0.0320262602962705,0.039321663495744605,0.023077520126531876,0.03183894530359669,0.023712205608064495,0.024643438491696115,0.0290136926713774,0.03782295220121339,0.03791141659887134,0.0355645591303851,0.028774359721922448,0.031126113862355444,0.03108969208031053,0.024950384828363172,0.041012969437776256,0.022682146201540552
baden-wurttemberg,2021.2356164383561,0.024492567227658763,0.057523004579618627,0.046274583673522954,0.09141310250761807,0.07976674886581579,0.09037649211937324,0.10960663440294578,0.09809687065089488,0.08731366356386083,0.1097994407326424,0.08606878991552354,0.07738675519395419,0.082297890106338,0.07270520369129829,0.0804177507903347,0.06119319171413154,0.0744028032484254,0.07251253485083464,0.08469894247523975,0.096388078113646955,0.09410109304495327,0.10180639405025133,0.07682432183644405,0.09007957737312274,0.09867516376947037,0.08081877203239668,0.07580883257063165,0.08989726214096805,0.07537660469480159,0.0775898576236303,0.0975237937247303,0.08392288522367289,0.09258517432040937,0.07676182961667354,0.07463193135988219,0.08610004160894476,0.08630317807403191,0.09485646423251046,0.07410597969605667,0.08971494754802543,0.08786579279736452,0.06960696700662906,0.07600672123082042,0.0973466621343937,0.08699593147381479,0.08001152463333412,0.07885535986338316,0.09578897207402252,0.10569334151574764,0.07518392595610716,0.08207914464162476,0.08055836827637072,0.07861579740538267,0.07912096300911745,0.0791053392571109,0.06757108340640386,0.07081499700155552,0.0638275566407177,0.07249691308424283,0.07124197983312372,0.06633709557249706,0.05485772607825278,0.05749177005609889,0.053759379569208725,0.0551960839424501,0.04843454978298581,0.0376460238573933,0.041725936424784116,0.037458688620085674,0.030350855723541886,0.03154236461180955,0.037021575690936115,0.0357779054326154,0.025642321351701185,0.026979397711852503,0.025897247654943074,0.0432351688640971,0.03920197315946269,0.03743266989050533,0.041012969437776256,0.02657358880142324
baden-wurttemberg,2021.2547945205479,0.029939817506343593,0.03524714308114974,0.0499752069366324,0.07403307592482662,0.059584524614531335,0.06297371623616416,0.07431427674848363,0.07692326800467104,0.061500353873676805,0.07552241610677209,0.08812102433007764,0.06348914260806719,0.07325717783503859,0.04714896878393621,0.05490457549736099,0.04934020082328841,0.07343943473525481,0.08005318870851655,0.08746471720558488,0.10966916610721734,0.09495023521452177,0.09145998487289997,0.07606400493089754,0.08342808966663301,0.09796662534036382,0.08011047686639707,0.08511562228835749,0.08423018167645825,0.09267894120671055,0.08780849609485611,0.09011604049625652,0.08585002858743711,0.08404267854013794,0.06901337634386008,0.0719397398113091,0.08199581327806661,0.0771003300387748,0.0798709086260533,0.08428747443630562,0.08615212780639442,0.07849601659025258,0.07032553319072915,0.07830853412917692,0.07849080873498683,0.07591819200027645,0.08079793968392537,0.08691259223060482,0.08311038131738735,0.08819394785523901,0.08181873457389464,0.06907585925243327,0.08650631533266298,0.08045941519100001,0.07143985111465084,0.06408267021356494,0.07837102820776462,0.07252815662211376,0.06439505588491315,0.05407690864046316,0.06465017224195665,0.07750653345395023,0.06066737595758469,0.04531173612694091,0.04085164249767156,0.04474964958482576,0.049215282500655336,0.032624632154471145,0.03551252357970115,0.0449526245797208,0.03414921070531789,0.036475189696544084,0.033020081683125445,0.02350931350519697,0.01783905957364158,0.03802069635670289,0.030210373942077342,0.04842414009260474,0.024331291532909555,0.031885773988506096,0.03535121370347708,0.027083451788759295
baden-wurttemberg,2021.2739726027398,0.03629306230754509,0.05473799997673576,0.058309079599038055,0.05848607826233721,0.07609525061208433,0.05293173093966539,0.06001662124479957,0.05767917747863396,0.054550603153852864,0.06343187275889689,0.06146391081073331,0.07241880432169706,0.06723264501022512,0.0648428119531784,0.06765959842724736,0.06711809712890698,0.06860203240320062,0.0970184493118202,0.10589655453604817,0.1105550399962786,0.12805153600604682,0.11852858420117916,0.11871099984434545,0.1107739052819903,0.12195810536745742,0.09714348252377077,0.1044428173326226,0.1054849187301265,0.08852731384401392,0.0980291430487069,0.09886792957149745,0.08905341139274207,0.10704289926961078,0.08967327573081445,0.09011083147710303,0.08131354276150345,0.0877147379905621,0.11199331445184717,0.10465644641731844,0.08543855144006424,0.10300996201008454,0.08181873457389464,0.09828963430917727,0.10206169401694025,0.09887313946795352,0.11770511583378268,0.09657562577073872,0.0965808354375332,0.09216843464916423,0.10764734575916836,0.09098074490901545,0.09708096588021542,0.09090781747561621,0.08739700344986188,0.0727468619128299,0.08291767392018562,0.09253829094065841,0.08134999973828777,0.0840114280831492,0.0718408031253306,0.07750653345395023,0.06454083650710833,0.05952205310965082,0.05949602333809597,0.04474964958482576,0.04687311951274238,0.041830020014312116,0.039951343280261994,0.0449526245797208,0.041736344774362444,0.047320724729743635,0.042027779408383883,0.03373293908809078,0.046836686699525225,0.0355645591303851,0.03452906146380004,0.04842414009260474,0.03108969208031053,0.031885773988506096,0.022624921277220225,0.027588117015573278
baden-wurttemberg,2021.2931506849316,0.04446340414367195,0.051026627550659565,0.0731269947259914,0.07220530763603004,0.07976674886581579,0.09220489923706372,0.08862107341342781,0.07499645543614704,0.058522519238396686,0.0876157712860968,0.08196977225434202,0.09128808307350944,0.10741286137304927,0.11205063780884401,0.08630838671177357,0.10466165689376594,0.11793964663562419,0.11588102348240537,0.15015859534716172,0.15838335999581085,0.15522785893893729,0.15836771241072464,0.14843244656475152,0.12778047002403878,0.11702237663238091,0.13334803180401789,0.11088854937071717,0.14447451507843648,0.11760609203504636,0.114385315499743,0.1325399685356582,0.12304746869387188,0.10836122695558022,0.11033617563175555,0.11367135159750187,0.13057460254691122,0.12029543691977365,0.1034267885771697,0.11483871372395055,0.10183244500983377,0.11165979799178272,0.0997744594117587,0.11059151747992363,0.13822274432662893,0.10678757484601176,0.1192790983755707,0.1417057065303329,0.10688136734574091,0.1311532569658687,0.12757717146481387,0.1313930615852513,0.12154634239798935,0.09890439885766895,0.09330405810307743,0.09528364452002674,0.09257996505390262,0.08167290550559564,0.09944623126514128,0.09898775732210648,0.08382392573561398,0.07378312091372245,0.07810542889247452,0.06764918488756276,0.07670975282423968,0.06564461733696493,0.06093809231672459,0.04936622551161262,0.03728696524542495,0.06932058470056929,0.03794263936338985,0.037458688620085674,0.053041042267787816,0.04089327520849365,0.03903024402773989,0.05151590973826156,0.03452906146380004,0.0363138768340037,0.04055501039788441,0.044364519721096195,0.05374376343539674,0.031146926320693605
baden-wurttemberg,2021.3123287671233,0.04990754198165981,0.06123484071418129,0.07220530763603004,0.1023951489223737,0.12382932246918718,0.1050003389825609,0.10865303522993147,0.1009831904496196,0.13599126840389295,0.12190077108770878,0.1301836234766681,0.11910189266308671,0.13153903015589644,0.14846895062871002,0.12558593015958636,0.13728947522320548,0.14891743122019502,0.1526775194974585,0.17691862242088852,0.1699064768741303,0.15268273478790506,0.15438294735474822,0.14538184034614168,0.1410904357625555,0.12619580486713297,0.1234071199704641,0.1266493060814581,0.14305619925017832,0.12661281733169832,0.1327902061410729,0.1345627569882939,0.13652827371995474,0.1399224841619085,0.11485955971437523,0.1217496173804746,0.10935650833780369,0.11321275221773466,0.12056125181608209,0.12939646119917306,0.11466152314275294,0.1289742134970564,0.12349051772321785,0.12212489635889871,0.1374354603465579,0.14560606684619803,0.14442237042917794,0.12316735217634932,0.13066322487818446,0.1391143187230098,0.1349641960128483,0.14166920721386966,0.13477129635451118,0.12473107508797356,0.1317371310142969,0.12766578868778133,0.1141872807342186,0.12284418863785818,0.12434013995158193,0.1076265026598069,0.08681883574165215,0.10419271610474994,0.09619532150427892,0.10421355782779589,0.07670975282423968,0.06116195498598568,0.06641519520028662,0.04769026217286333,0.05416019527521727,0.05244764067724916,0.055024301982406716,0.05126606293959195,0.0510370377620362,0.04089327520849365,0.04572289587116441,0.04538459964206915,0.044603924436069496,0.06053722436351458,0.028384145318614166,0.048528237090184334,0.04667013702133027,0.02962243578944013
baden-wurttemberg,2021.331506849315,0.04536898602309244,0.08166248915922299,0.09165793310342726,0.0978207509798681,0.11281148107814935,0.09677359347595454,0.1458720111578398,0.09039211925824152,0.10518791770399931,0.09769571613943293,0.12402739395856065,0.1171161875944752,0.10942425069497924,0.12681089942389448,0.10889273610888967,0.14322305792799692,0.12374592417306186,0.11965435952485692,0.1446257348569823,0.13534999747628837,0.15268273478790506,0.1472069678595651,0.14919382234834058,0.12852069200643687,0.12407951816010959,0.12269824447232852,0.12808281294105245,0.12603942605509408,0.11275936817032176,0.11370261988431433,0.1284998405387586,0.11406741795304971,0.12742600125653653,0.12648771324118185,0.12848420194348983,0.11619893211664797,0.11533380825418676,0.13342101878206034,0.10465644641731844,0.12749897992290388,0.12608633964932972,0.11414558930074044,0.12904719433628,0.13822274432662893,0.12342275703891428,0.1263521841494431,0.13283712582615584,0.12115021907413204,0.1375188806010525,0.11872142361471169,0.12454342585571172,0.11559438621610277,0.09890439885766895,0.11163374210842902,0.11494294375963655,0.10679278553600584,0.11026322104828654,0.09435635518429264,0.10475023507320246,0.10180118385989748,0.10108739271663736,0.07423095782738513,0.0845739391823867,0.07886056775515922,0.07310616545878747,0.05937628655678323,0.052713108972787366,0.04794529658774495,0.05338459365214908,0.04932979095160679,0.066066351104313345,0.042027779408383883,0.0357779054326154,0.04237646227736401,0.047835995971061966,0.03308772466685853,0.053618834533758146,0.03108969208031053,0.033269840829649726,0.05374376343539674,0.030298825389861624
baden-wurttemberg,2021.3506849315067,0.03992532330342692,0.058449637311820915,0.056455835656096166,0.06854475692270412,0.06325485726022934,0.06480116006325273,0.08670945338485574,0.08943366342992679,0.1032027438820585,0.09567957084687508,0.09119952782287212,0.09029314745804215,0.082297890106338,0.10417708481795027,0.09710701447255989,0.09477832187667434,0.10342157822446213,0.1083351727250041,0.10958579051823031,0.13446370108231362,0.10597992421001103,0.11374952234978977,0.10119159519247117,0.11003393588087688,0.1205508276769027,0.09430426076837171,0.10086335810068603,0.08423018167645825,0.09267894120671055,0.10279633968943998,0.10156151566808903,0.08392288522367289,0.10769945354412304,0.08773557311024044,0.08270413412498295,0.0956743612703738,0.11179528879569912,0.09342908238413887,0.09228824696257482,0.09969109968618613,0.0972424673631105,0.08396976083638422,0.10213463709478957,0.08791788076352328,0.1075796057167927,0.08707927085059092,0.10141042107139757,0.11163895328405876,0.10569334151574764,0.10321837487597235,0.08550626264556166,0.08386038447246592,0.09090781747561621,0.08857940247281733,0.07737113196299335,0.08518854159893556,0.08281871634509093,0.09322591808006382,0.08516249897627355,0.07483502302998163,0.07998548460330009,0.06777414750141005,0.06425968853025439,0.06092768012300422,0.05444649409961552,0.05624761012702514,0.05187506661448893,0.05061022080454732,0.04120552160212122,0.033196994287997925,0.03844740999122737,0.033020081683125445,0.03986807940021081,0.04572289587116441,0.026979397711852503,0.04748207174107489,0.03804671538051579,0.025683941887274634,0.03881688438138674,0.03535121370347708,0.01929557955137028
baden-wurttemberg,2021.3698630136987,0.04083082615476014,0.04824197084826575,0.042569019490703706,0.053915541165227114,0.06508751748026885,0.062062621510272795,0.0609693289103892,0.08077189926006978,0.06944034438214132,0.060412279139683035,0.07069002707995525,0.06646726168398114,0.0702474276897243,0.07565781278398359,0.0686436873377237,0.06415556003569486,0.0889127709327201,0.06874261794095955,0.06535305031239681,0.06895610041029239,0.07374146186201545,0.096236998548464,0.07911054717392291,0.08342808966663301,0.07046091633705347,0.06592056620532166,0.06793555798875794,0.07360086280891057,0.0719189110196756,0.06396812927093748,0.06051119408379383,0.07046091633705347,0.06564461733696493,0.06965903668627586,0.06790431721016875,0.06900816943820419,0.0714346439660138,0.0548941645116886,0.06901858325003735,0.056945168931505814,0.06840937876505046,0.059553288852712494,0.058340314613490145,0.07377791353043679,0.06800324640675302,0.06981003905209797,0.07161168731209824,0.053811433382442334,0.06275505204608889,0.06633188893481774,0.06497297432422909,0.06404101893250651,0.050964166326165516,0.058444431463834316,0.04906433992784663,0.05109949907406189,0.054243482043374744,0.051958349722705036,0.05062063093256117,0.05087567971989995,0.035330399562349,0.05097978162525814,0.0534314417440563,0.038697195206966725,0.03654283717493163,0.0304601195937375,0.024258457512136344,0.031068879644879765,0.02341046892134744,0.03509624104874475,0.024643438491696115,0.02201105786842406,0.018395653463129862,0.018952253310311876,0.039248808475631315,0.028774359721922448,0.019019877996702707,0.024331291532909555,0.01802112233978274,0.0212099249977005,0.01726166473174986
baden-wurttemberg,2021.3890410958904,0.020866586117123737,0.03895738941592654,0.03701637198772346,0.0456864638638262,0.047664238323308544,0.041059806385100615,0.051437832484717894,0.055758283415752785,0.07043488108922956,0.06141705548161368,0.07274165463331046,0.05157837162549546,0.0602040377671076,0.059928119232955934,0.06373904814257557,0.07699617582805317,0.06183354877627452,0.08288121584429546,0.0727208255204646,0.07249691308424283,0.06864889420688888,0.056445424359845196,0.07530369914214612,0.045020283087414396,0.05142742219310331,0.05173973184813041,0.05577390015455183,0.047404000544047385,0.04770067171633308,0.053754174190748384,0.05916284341302825,0.048033778207614876,0.06039145496489793,0.0573980665981082,0.04705007925430057,0.056700501718210006,0.04596230684011177,0.047763129020911836,0.043578655469325836,0.05409252487431663,0.04751850500646601,0.052374767264576905,0.0575698564000731,0.041585423909386174,0.04110664337461154,0.049402660097141095,0.05550841623277213,0.04905913501936042,0.054805671217633675,0.05011053711073083,0.03760439374633277,0.046867914823574636,0.039904507331330934,0.03423246542864994,0.0409817448296617,0.04484853473977693,0.04167909887746007,0.040097055391158626,0.03796345455015071,0.031120910749075352,0.0309856299864561,0.03871801069577255,0.032458127989460586,0.027947108663261708,0.03654283717493163,0.0320262602962705,0.025933665800282155,0.01686633502407105,0.018723370408923815,0.020866586117123737,0.01971173560989486,0.016008063767416442,0.011243615478634129,0.020070672885458985,0.013485348450993466,0.005751518064810153,0.019019877996702707,0.017568567498142243,0.009704105421198058,0.011311230140872703,0.010999163202516062
baden-wurttemberg,2021.4082191780822,0.0199562288473898,0.021329573928131205,0.01387545106749112,0.03837455619598286,0.025657929048640265,0.027369601573864595,0.027619333582200315,0.025949273584662178,0.027765011140936866,0.024154409088002503,0.030725475662914902,0.02578279079277061,0.03209910519786996,0.027499670178551053,0.02940911474041309,0.034534264918116224,0.026079338636698868,0.037656431390365966,0.03404514248860458,0.03446662005265436,0.03812997634419002,0.03656365180136445,0.030413292192685314,0.029518376631811765,0.030288419329371697,0.038265275694501145,0.0364595787524942,0.03961828856001279,0.03318138432805966,0.027213519677689067,0.028899228949420045,0.03393587108520574,0.03871801069577255,0.03804151157470937,0.022177528585189468,0.029367491223124625,0.019794967221257495,0.028509013609085872,0.026141769977233623,0.029887787583933713,0.030954411398908175,0.03156317723674844,0.034534264918116224,0.027458048189653125,0.023712205608064495,0.03214593411706747,0.028150018082169055,0.03164642781979934,0.028587056442894578,0.031682849991800474,0.01845807557928742,0.025080447381949242,0.02087178820446432,0.026557980829654097,0.020772948634042315,0.02327000588856024,0.02112148900867509,0.018067938582676676,0.024726677997167823,0.01914992571771485,0.019212348739321247,0.012902800658613022,0.018931445732191323,0.016481411617619894,0.01565955766473659,0.014837716700948375,0.011711718789039807,0.007987813479779884,0.008424682417701872,0.010432246389299219,0.010843130435630415,0.013006826571470939,0.0051118512516052615,0.006687630023829551,0.008580707927871615,0.007192097344997588,0.0069164599547856965,0.006755238762258061,0.0055434954735562566,0.005652707230202153,0.005585099925233785
baden-wurttemberg,2021.427397260274,0.0045345977113313085,0.016694679639459004,0.01480130632580804,0.010962755515028915,0.01649181491546561,0.011857351789476216,0.01999784483209072,0.024986802310579447,0.016855931651297302,0.014088708401723202,0.016382580391894143,0.02181337458445638,0.02206828211720402,0.019638908059230343,0.01371940966970946,0.01973254350024748,0.0251116624432172,0.032005447485985175,0.030366464833802426,0.0212099249977005,0.02033077390869288,0.025434219173531215,0.02585042436269211,0.02213591085603565,0.033103334598675205,0.019129118060496397,0.02073133202901571,0.019805371182045665,0.019352800811928403,0.02244804463657235,0.02083537360402634,0.021126691121516255,0.021652107198883212,0.017407313276408307,0.020830171520334454,0.01570637178153197,0.02898767816698684,0.01924356027822808,0.01815636937870107,0.02632906444856477,0.017272068185691096,0.020081076901403663,0.012278649551621904,0.025101257420712536,0.018177176646680372,0.02116830804295771,0.020908202830396985,0.022942260287575157,0.015878023903695297,0.017677804513099284,0.016403386950121893,0.014515225693981677,0.020257945491047983,0.010619484286249373,0.01269474945721187,0.010780717459976748,0.01540988308693832,0.013547764672971363,0.013802631690252734,0.018551708894017745,0.009293230374865555,0.012257844643743538,0.00878874266967398,0.006448399809051898,0.007457334703679101,0.013277294918819153,0.01254391285671498,0.007098484482587577,0.009360842501099463,0.005689111200059001,0.008871956799435624,0.008003415878652047,0.0051118512516052615,0.0033437075013491397,0.003676529966864721,0.007192097344997588,0.0069164599547856965,0.001352017576303122,0.004160166408873586,0.011311230140872703,0.004232972284309839
baden-wurttemberg,2021.4465753424658,0.008164640941084106,0.012980820073743847,0.011103185307210562,0.0063911927468413045,0.011909363674193372,0.017334488953082212,0.019045887514883748,0.024986802310579447,0.02181337458445638,0.02919059164635338,0.0225260783744583,0.026776492860773275,0.023072317818524892,0.03241129878911425,0.030387276988101133,0.025652726482471466,0.02800954224628782,0.032005447485985175,0.023920300894896822,0.022094293160190178,0.02033077390869288,0.01986779499048801,0.017485339450287705,0.019919814888100344,0.012673944382853637,0.013459341713950376,0.015009365955698453,0.009194412810043424,0.019352800811928403,0.01496255246639305,0.018145965747833594,0.010245009166539523,0.008528699372468524,0.013537361964105673,0.014785701887127897,0.01570637178153197,0.013433334989914014,0.0199562288473898,0.014520427145970035,0.01565435609880213,0.012954813589029024,0.015779193824760788,0.013043235690132871,0.02274977573873999,0.018177176646680372,0.018031525945672842,0.012866391638280074,0.013448939022773868,0.00952727272483302,0.010312622530319941,0.005465487216382864,0.010557071579020381,0.016575041373158923,0.0100317675950974,0.013272093591183011,0.007946207105682173,0.009132001813229757,0.01129042562004973,0.008627515672217152,0.006583616751733007,0.009293230374865555,0.009033184554795588,0.00946486132851025,0.00931403409665198,0.005221062101703512,0.007810986619780369,0.0058555296725085965,0.005325072648370196,0.003744134790467952,0.0028444777971750983,0.0039417493941873135,0.009001979143776418,0.002043640157790284,0.005574698809193734,0.0024544579256640347,0.0043161791239144645,0.003458114983596041,0.004056158192227219,0.0055434954735562566,0.008481891717072247,0.0028756795132703814
baden-wurttemberg,2021.4657534246576,0.006349587650215769,0.008346669838174052,0.00925162295626162,0.004565800441571103,0.009163207302270403,0.00638599210793978,0.007618558073008363,0.008648319127665926,0.01189896129308804,0.014088708401723202,0.018432066355112433,0.01388065245547877,0.01404189574124071,0.014728485652022423,0.010780717459976748,0.012824781360540272,0.01545149543332269,0.008471490021595586,0.013802631690252734,0.014135521104354294,0.008471490021595586,0.007150491607565198,0.01140485058758098,0.014015888725850446,0.007041276705191476,0.006375590831702886,0.007862994457362991,0.009194412810043424,0.00898637644528638,0.009522071772275523,0.006047951695206187,0.010245009166539523,0.0078733960311214,0.00902278274904181,0.010078576645625783,0.008877157686964345,0.009896541685809217,0.009262024807791492,0.004357782593639265,0.004981838633879792,0.006479603687694912,0.00645360045418919,0.00997455659055614,0.010198199966192732,0.013433334989914014,0.008622314809651059,0.005626704410198463,0.00949086606787186,0.006349587650215769,0.009574081321230209,0.008887559463588091,0.007259706739321996,0.0018408325829299343,0.004128963922034487,0.006921660646735023,0.005106650740657798,0.006848851006736582,0.0033853101930444904,0.006323584481731828,0.0035881237916937088,0.0037181329248362313,0.004513795901579035,0.006084355941765483,0.005013041632488857,0.0029796853688030733,0.001560023400466684,0.0033437075013491397,0.006214371316084415,9.360084240991387e-4,0.0028444777971750983,0.0019708373476054787,0.002002038539491907,-0,0.0022308478520263295,0.0012272144811884878,0.00144041994990653,-0,0.001352017576303122,0.00277167386576647,-0,0.001352017576303122
baden-wurttemberg,2021.4849315068493,0.0018148316689941748,0.004638606884943447,0.004623005495636393,0.005481088858459028,0.0064119953076371364,0.00912159998770908,0.007618558073008363,0.0038429419984537592,0.006942463419745264,0.009059189078280308,0.011264419980728982,0.003967751371641334,0.005013041632488857,0.006874854437892958,0.01371940966970946,0.013813034452186325,0.010624685348569389,0.011295626749478021,0.00735852062761398,0.009719708335039781,0.010166993856035466,0.0031772970674157778,0.005319872116098456,0.0029484835903008004,0.009152805470507532,0.005668308928450343,0.004290176972232778,0.007072480939606985,0.010364632869976964,0.008840751485169706,0.002017639142452774,0.005122252275066269,0.003936549000260211,0.0012896159913068346,0.0040301561705664,0.003416512233653071,0.009189211890783682,0.0064119953076371364,0.0029016809576542517,0.007826588965596397,0.006479603687694912,0.0021528445641883763,0.003068090509561685,0.00627677881122061,0.0023712540650024897,0.00470101248896849,0.004825823921693603,0.006328785114386053,0.005559097139037382,0.0051586558735601425,0.002735271938280475,0.0019812377428207965,0.0036817303347937884,0.0047218143736140646,0.0023088512568800955,0.003972951768688912,0.0011440125841828258,0.0033853101930444904,0.0017264286588720033,0.0035881237916937088,0.003099292359832304,0.0038689439265003588,0.002028039547028811,0.0014352198061252915,7.436053167918634e-4,0.0023400526515775636,8.372067395304327e-4,-0,0.0018720336968105979,0.003790938181377859,-0,0.005002640630872101,0.002043640157790284,-0,-0,0.00144041994990653,-0,-0,0.001388418535472331,0.0028288769461511125,3.3800109850581987e-4
baden-wurttemberg,2021.504109589041,0.0018148316689941748,0.0018564331375272125,0.0018512329521433405,0.004565800441571103,0.0064119953076371364,0.002735271938280475,0.006666827352765989,0.004805021995434633,0.005949140297311455,0.0050338436419635705,0.003073290816637081,0.009917345648964796,0.00400935456260728,0.0029432832957010753,0.0088199479527293,0.008877157686964345,0.006760439438083146,0.004706212959348299,0.009199613729829125,0.0035361202294481955,0.00592833792167956,0.003972951768688912,0.003042088981968304,0.008117833613398493,0.004222571438720794,0.003541320583335314,0.0064327978767492475,0.0028288769461511125,0.00414456516311655,0.006120760213804969,0.003359308506831505,0.004482593202544671,0.007218100947794619,0.0038689439265003588,0.00470101248896849,0.0013676179842571252,0.0042433731319792235,0.003562122004072948,0.0029016809576542517,0.0028444777971750983,0.002158044779740347,0.0021528445641883763,0.003068090509561685,0.002350453120639017,7.904060071005078e-4,0.002350453120639017,-0,7.904060071005078e-4,-0,0.0073637213637754466,6.812044618983496e-4,0.0032969045129798693,0.003068090509561685,0.0029484835903008004,0.0017316288317807886,0.0017004278021459124,0.0022828501089257784,0.0011284122433178158,0.0017264286588720033,0.0017940309472143036,0.0018564331375272125,0.0012896159913068346,0.001352017576303122,0.002147644349162222,-0,0.0023400526515775636,0.002506460406183855,0.0017732302337492335,0.0018720336968105979,0.0018980346393426264,-0,9.98409584762529e-4,0.002043640157790284,0.0022308478520263295,0.003676529966864721,0.00144041994990653,0.0017264286588720033,-0,0.00277167386576647,0.0028288769461511125,0.0010140098866259321
baden-wurttemberg,2021.5232876712328,9.048078718484659e-4,-0,0.002776874143198534,0.003655728500360734,0.0018304322157966753,0.0018252320330072143,9.516087072476133e-4,0.0019240355948756038,0.0019812377428207965,-0,0.0010244100904702265,-0,0.001003609684867492,0.001965637150774993,0.004898630729132204,0.0019708373476054787,0.005793122682923962,0.001882434072264451,0.008279059030587392,0.007951407900626716,0.009319235028401941,0.008741934780205749,0.01140485058758098,0.0059023349638452445,0.006339186381260658,0.010624685348569389,0.005715114051269498,0.009194412810043424,0.007602955789610853,0.009522071772275523,0.009407650947687885,0.007041276705191476,0.0078733960311214,0.004513795901579035,0.0040301561705664,0.0040977614539241345,0.006359988921251389,0.009262024807791492,0.0050806481937046895,0.005689111200059001,0.005039044145629613,0.0028704792259572447,0.004602203650517907,0.0039209478215878266,0.007114086614622255,0.006271578183767644,0.0016068248255685408,0.0023712540650024897,0.004763418167881299,0.0036817303347937884,0.006151963895840346,0.0032969045129798693,0.005522693260200158,0.0011804133977449437,0.0023088512568800955,0.0011336123564175387,0.0011440125841828258,0.0016952276323631062,0.002298450796139386,0.002392055017686721,0.003099292359832304,0.0019344359807302181,6.76004394040201e-4,7.176049514830961e-4,0.0014924214163493834,0.001560023400466684,0.0016744269584206722,8.892076027462617e-4,0.0018720336968105979,9.464086123428451e-4,0.0029588841810546545,9.98409584762529e-4,0.0010244100904702265,0.0011128119071272355,0.0024544579256640347,0.00144041994990653,-0,-0,0.00277167386576647,-0,6.76004394040201e-4
baden-wurttemberg,2021.5424657534247,0.003629726678935282,0.0018564331375272125,9.256082379355073e-4,0.004565800441571103,0.004581401813715118,0.0036505281350378074,0.007618558073008363,0.004805021995434633,0.0019812377428207965,0.009059189078280308,0.005117051763078601,0.005949140297311455,0.008024219084426654,0.006874854437892958,0.0088199479527293,0.007894199184880109,0.006760439438083146,0.005647506665163499,0.013802631690252734,0.013256489611384628,0.010166993856035466,0.015893628670174555,0.012164222661305117,0.01106677754689829,0.016200523362532936,0.013459341713950376,0.012866391638280074,0.01556072800101304,0.014515225693981677,0.01496255246639305,0.012767567283017733,0.006401594026198965,0.0059023349638452445,0.007732974960938583,0.008060624714555516,0.008877157686964345,0.006359988921251389,0.005699512338984012,0.007987813479779884,0.008539101079383155,0.008637917398898307,0.00430057783134404,0.003837741614408134,0.003135694542141295,0.007114086614622255,0.0039209478215878266,0.0072389038393971495,0.0023712540650024897,0.0031772970674157778,0.006630422698426997,0.005465487216382864,0.002641667098913336,0.004909031709944994,0.0059023349638452445,0.0023088512568800955,0.002839277512982304,0.003993753362091565,0.0022568489739783763,0.0028756795132703814,0.0029900859657976397,0.0024804591594204378,6.448039977942706e-4,0.003380109854759449,0.002147644349162222,0.0022360480753789583,0.0039053466476019223,0.0033437075013491397,8.892076027462617e-4,0.0018720336968105979,9.464086123428451e-4,9.880093861184358e-4,9.98409584762529e-4,0.002043640157790284,-0,-0,0.00144041994990653,-0,0.001352017576303122,-0,0.0014144192361890769,6.76004394040201e-4
baden-wurttemberg,2021.5616438356165,9.048078718484659e-4,0.002782074421156427,0.0018512329521433405,0.003655728500360734,0.0018304322157966753,0.002735271938280475,0.008570306212628472,0.0067240347182130535,0.01090554348620109,0.0050338436419635705,0.010239808142200517,0.008923965698159696,0.006016748075591187,0.006874854437892958,0.017641392149282988,0.011836547050156,0.009657296707751815,0.016944360386214385,0.012881995501013856,0.012372271740083287,0.016944360386214385,0.015893628670174555,0.015966450975643053,0.014754493023809816,0.018312424091482198,0.01629415261230751,0.01429676518041859,0.018390451623496243,0.013131657941592127,0.01836444243315097,0.012096606889927376,0.013443737677968907,0.01312125531596912,0.00902278274904181,0.010078576645625783,0.008195845849617116,0.009189211890783682,0.010687098136945756,0.009438856602147598,0.007114086614622255,0.007197298064514397,0.010759913151403842,0.00537187746224954,0.005491489955775094,0.00790460076488041,0.006271578183767644,0.003218899625968554,0.0031616961165344864,0.008731533032711871,0.0051586558735601425,0.00410296186397373,0.0032969045129798693,0.0067500380869473355,0.005309471053109519,0.005772320369706133,0.006240374429955163,0.0034269129180184016,0.0028236766635127155,0.007472936943378171,0.005980343876362871,0.004955836149344533,0.0038689439265003588,6.76004394040201e-4,0.002147644349162222,0.0022360480753789583,7.800058500578373e-4,8.372067395304327e-4,8.892076027462617e-4,9.360084240991387e-4,0.003790938181377859,0.0019708373476054787,-0,-0,0.0011128119071272355,0.0012272144811884878,0.00144041994990653,0.0017264286588720033,-0,0.001388418535472331,-0,0.0015236223211765214
baden-wurttemberg,2021.5808219178082,0.006349587650215769,0.004638606884943447,0.0064744030399512,0.0063911927468413045,0.004581401813715118,0.002735271938280475,0.008570306212628472,0.0028808798011093497,0.014874127101577476,0.00805022310334564,0.013313704226862691,0.007930604723981044,0.0100317675950974,0.01178453523827202,0.019602494322149867,0.013813034452186325,0.008689926063543336,0.009412851888795442,0.021163105925953163,0.016788309778997864,0.021178712278522308,0.014307168041205605,0.015966450975643053,0.02213591085603565,0.025356181071428494,0.01629415261230751,0.017870270288280813,0.019097906590280194,0.02419082601276645,0.019045887514883748,0.015456696978959239,0.014083506992924363,0.016403386950121893,0.010957554418900645,0.008736733906195835,0.010245009166539523,0.012725957084356844,0.005699512338984012,0.0050806481937046895,0.007826588965596397,0.010073375637927505,0.00430057783134404,0.007670565718127922,0.005491489955775094,0.01106677754689829,0.006271578183767644,0.0064327978767492475,0.004747816741133262,0.007145290892723908,0.014733687125337003,0.010255411216783925,0.009236020182871087,0.004295377401531253,0.0059023349638452445,0.005195059497544844,0.002272449653385527,0.0034269129180184016,0.0050806481937046895,0.0034477142929898856,0.004186168495544676,0.0018564331375272125,0.004513795901579035,0.0027040703064400047,0.002147644349162222,0.0014924214163493834,0.0023400526515775636,0.002506460406183855,-0,9.360084240991387e-4,0.003790938181377859,0.0039417493941873135,0.006001146272799539,0.002043640157790284,0.0011128119071272355,0.003676529966864721,0.0043161791239144645,0.0017264286588720033,0.004056158192227219,0.004160166408873586,0.0028288769461511125,0.0018616333234368946
baden-wurttemberg,2021.6,0.003629726678935282,0.011129190865902368,0.00740012653149294,0.004565800441571103,0.010078576645625783,0.00638599210793978,0.013329308223824075,0.007686168021811396,0.01090554348620109,0.01107197865395119,0.011264419980728982,0.012887196789636148,0.007020473892650622,0.009818526898106836,0.012741560904955655,0.015784395403182796,0.0077277741878464005,0.016944360386214385,0.01932158920745296,0.024742285419274965,0.02287463050003617,0.02940911474041309,0.028129206823277395,0.025085649890862198,0.02042441059554951,0.02338445721998572,0.017152428590972393,0.02122032924159188,0.015893628670174555,0.01836444243315097,0.022177528585189468,0.01728767337051709,0.010499859996536744,0.013537361964105673,0.011420454011749976,0.01570637178153197,0.0162577412173633,0.012829982643439736,0.009438856602147598,0.014229146636033727,0.012237039744194867,0.00430057783134404,0.009204814650129236,0.007056878820055708,0.010276215323515192,0.007056878820055708,0.003218899625968554,0.010281416351495636,0.008731533032711871,0.0073637213637754466,0.006151963895840346,0.006599218729286997,0.004295377401531253,0.005309471053109519,0.00807622713526865,0.00567350949556945,0.00627677881122061,0.00395215018360753,0.0051742574235774715,0.0035881237916937088,0.006817646906522689,0.0012896159913068346,0.003380109854759449,0.0035829234331317228,0.005221062101703512,0.003125293916023304,0.0016744269584206722,0.002662468159768038,0.0018720336968105979,0.003790938181377859,-0,0.003000486564872446,0.002043640157790284,0.0022308478520263295,0.0012272144811884878,0.00144041994990653,0.005184658459520951,0.001352017576303122,0.001388418535472331,0.0014144192361890769,0.0015236223211765214
baden-wurttemberg,2021.6191780821919,0.00906959089131662,0.010203400986370103,0.01017739589067374,0.019181137219148253,0.010078576645625783,0.0100317675950974,0.012377472977715043,0.011529678112048001,0.009912144657398491,0.016101692670661593,0.0225260783744583,0.01388065245547877,0.007020473892650622,0.009818526898106836,0.02254168513609111,0.013813034452186325,0.01738130457779542,0.024471757432487577,0.03957145291105434,0.04861671970197451,0.06102138994153751,0.0556489663754633,0.057798910352190994,0.04133042068456697,0.04508273717265402,0.053155559143714726,0.03574668396785748,0.0431571040429735,0.03456548565492474,0.03741705865900149,0.032265608213284745,0.02369139612518832,0.02690655998191206,0.01676230138999413,0.025538270158516882,0.018437268198909004,0.018380047945795872,0.020668907183925566,0.016699881309452415,0.02205787770365149,0.015836411215991393,0.015061380993247308,0.015347464629798743,0.015690767071246836,0.019758553374894256,0.018031525945672842,0.012866391638280074,0.011862552975603975,0.012705151997512511,0.011051174228849372,0.010936750039578199,0.016497016565171854,0.014733687125337003,0.011800138776377622,0.012117411733295511,0.012486699088217054,0.008559904499466014,0.010728706704150942,0.009776919059188786,0.007779781942198301,0.005574698809193734,0.01032302459408969,0.00946486132851025,0.0035829234331317228,0.012673944382853637,0.003125293916023304,0.007524944442861097,0.002662468159768038,0.00561630328583662,0.006635623361774643,0.0029588841810546545,0.006999671088432016,0.002043640157790284,0.005574698809193734,0.004903831219275663,0.007192097344997588,0.005184658459520951,0.0054082812354987984,0.004160166408873586,0.0028288769461511125,0.003551721292663989
baden-wurttemberg,2021.6383561643836,0.025403003918641028,0.012980820073743847,0.02405556327791183,0.014614053370672519,0.018328029588521866,0.02098103215876963,0.026667236730436025,0.02402434885060263,0.01883781173368375,0.024154409088002503,0.03892096214829142,0.039670328219432956,0.03811956871643935,0.03633989500379043,0.032348859920916996,0.030584992869379296,0.046368267089239024,0.048018163793170615,0.05522211156165607,0.0733821539263549,0.07374146186201545,0.07076813324576048,0.08443851928755751,0.07086706789086572,0.04155940311487037,0.05386869263718087,0.04790365823049482,0.05589883423380933,0.05600294619581052,0.05239558822920679,0.04369315150860115,0.039061467464052084,0.041346033090963276,0.034175227792043225,0.030912786644671408,0.030735881810861638,0.04030521625787691,0.030647429619646536,0.026141769977233623,0.02561630853388735,0.028795171239016606,0.032999268475063015,0.021485638164175366,0.031381067050978005,0.03241129878911425,0.020382794269463586,0.02654237286256396,0.02610535168614876,0.027791025033654132,0.024310481802278915,0.01709000804212591,0.015836411215991393,0.01718884061239943,0.021246339860430657,0.02250526936623804,0.01759457629041233,0.01883781173368375,0.014114715453538935,0.01265313931681946,0.013761020663329399,0.010536267359929925,0.00967810057519137,0.008112632801814583,0.0035829234331317228,0.007457334703679101,0.005465487216382864,0.013381321580855659,0.01065069066795533,0.003744134790467952,0.006635623361774643,0.005912736145419771,0.006999671088432016,0.003068090509561685,0.005574698809193734,0.004903831219275663,0.005751518064810153,0.0069164599547856965,0.0054082812354987984,0.0055434954735562566,0.0028288769461511125,0.0045710008984342744
baden-wurttemberg,2021.6575342465753,0.02630825391843593,0.02597008397112666,0.02128275474865587,0.02466424835557219,0.03390985411824286,0.036496004295904674,0.040955724337225025,0.05094855103176786,0.048601105112485256,0.043287212143289566,0.06146391081073331,0.08334475614132877,0.08932948451305192,0.0638587949701488,0.07256981470180966,0.07798044144880159,0.060870413094806536,0.08664694928427442,0.08930864875472866,0.10701163498712443,0.11022674379493737,0.10340073681884099,0.09357494442529432,0.09599214639223089,0.09232471163449187,0.08862628228334923,0.07366335123002246,0.0750172854605448,0.06569147647554502,0.06601428502204022,0.07127322261699284,0.060849588736559865,0.054477726794000904,0.05546156626963049,0.06454083650710833,0.05601856300809312,0.04596230684011177,0.05560732184913455,0.05448293224489184,0.05836634380652947,0.06480636654767179,0.053811433382442334,0.06371301626002378,0.05571663880187674,0.05772082366425501,0.05568019979209666,0.050677886673886896,0.055393894175165576,0.0508340390161108,0.04421359122812214,0.04512957778580611,0.032999268475063015,0.031922196328152054,0.024783905234470178,0.02770257785150514,0.028378942479687842,0.02112148900867509,0.024279267221947544,0.023576944118193006,0.01914992571771485,0.017350094156640673,0.007743376508689189,0.016226531470558473,0.01289759936843573,0.014166729596180046,0.010931548946051022,0.011711718789039807,0.004435789189096282,0.011233213230708054,0.008533900225665754,0.006900857882046998,0.010005762585228615,0.009199613729829125,0.0089187648059436,0.008580707927871615,0.007192097344997588,0.0017264286588720033,0.00945966038219503,0.004160166408873586,0.0028288769461511125,0.008632716535297642
baden-wurttemberg,2021.676712328767,0.030845146490088796,0.03432092371823954,0.03701637198772346,0.047513300252706905,0.03207308914986711,0.048366886832761004,0.07431427674848363,0.0586422540538127,0.09426258527321103,0.07451736717794973,0.09529927313367739,0.08135520787991822,0.09636202988143414,0.08253746952827005,0.0804177507903347,0.09675275473464998,0.08020942928775929,0.0979614155347309,0.10681883899379108,0.10170219034241985,0.10173866161641099,0.09304880112928092,0.0859646177397484,0.09599214639223089,0.082448929178535,0.0715960658161354,0.08081877203239668,0.06793555798875794,0.06776373393878579,0.08031358993472813,0.07262188734836038,0.07687119105055445,0.0735279597458482,0.060625727412038796,0.06655577482590448,0.07447570753800799,0.07214282096701832,0.07415805388093619,0.06247391372423515,0.06548842051334867,0.06336419029119505,0.06314552445914219,0.06678486836345532,0.07220530763603004,0.06246350122298585,0.06195849741517902,0.07724614628427116,0.06014156551794964,0.052421614446714865,0.06633188893481774,0.04444258635487082,0.04224635645579311,0.04482251231234999,0.03187016442218581,0.045020283087414396,0.025543472713228644,0.03254138000532251,0.02710426262912664,0.028181234986123443,0.029320664805997165,0.02912815664528998,0.021287956877624414,0.01960769628302628,0.02149604246322626,0.008944769272208542,0.022650932598651512,0.010874336951551836,0.008877157686964345,0.01497815695814356,0.01233066185773503,0.013797430310069239,0.006001146272799539,0.007155692322920859,0.011149995322211734,0.006131161439069603,0.008632716535297642,0.01210180809998616,0.00945966038219503,0.008315464839132307,0.009896541685809217,0.014385189563441887
baden-wurttemberg,2021.695890410959,0.030845146490088796,0.03524714308114974,0.058309079599038055,0.06397333567194446,0.049496349148587214,0.05658077137376992,0.0552481391938897,0.07114825159414444,0.0883033333347276,0.08661048859363366,0.07069002707995525,0.10121764584405343,0.08430830818280301,0.09040774640181187,0.10103529155703013,0.09576813372729628,0.08504270308003362,0.09324675540805379,0.10681883899379108,0.08842313674294484,0.07374146186201545,0.08588648874487204,0.06997666286119751,0.07382477999880403,0.07680869877446354,0.08436560102872902,0.07294473892085357,0.05943875788654936,0.061536796962160634,0.07895430989637066,0.07262188734836038,0.0755901144013099,0.07287183677765864,0.05030312296570727,0.05579472248025004,0.06832086246791379,0.05020943246068248,0.0541810169547506,0.06247391372423515,0.061219222335250546,0.06985169495431416,0.06386400136020891,0.06678486836345532,0.044723627206883984,0.060089505367650495,0.05018861237137771,0.061146336628952185,0.06647767498697602,0.058777606785833714,0.05600815179938552,0.0458113737095424,0.03894177772667087,0.041132663942573124,0.038364148519280224,0.030590195929035793,0.030652632685556156,0.029112547906740144,0.03557496624677159,0.022427235659579076,0.032317640514939114,0.026646426064969374,0.020642896853925143,0.023665384283293667,0.026511156942443794,0.017147226875703747,0.019524464971410214,0.014218743790855273,0.018640140512742695,0.009360842501099463,0.015175814258995226,0.008871956799435624,0.015004164454808108,0.010219004050034989,0.0100317675950974,0.015940442997697955,0.011508873503826681,0.010375034944150853,0.014868925614209124,0.008315464839132307,0.011311230140872703,0.014894933056242298
baden-wurttemberg,2021.7150684931507,0.037198501910100344,0.04081521390304804,0.03979001963375125,0.042032983613124145,0.06141705548161368,0.06845624039512171,0.07526724640414348,0.10676152140389074,0.10518791770399931,0.10576628968807159,0.12710802397697404,0.14096529683628975,0.13153903015589644,0.11992017114410178,0.11380163624992563,0.1422323423766412,0.12180695149356978,0.11022153276083595,0.08838667480687899,0.08842313674294484,0.08816269490336175,0.07394975745429094,0.07378312091372245,0.06717537103802755,0.06764397811849962,0.06095891671041996,0.06292685954659982,0.05235915154657262,0.05254654047208713,0.05648186390586068,0.06387441414189873,0.055721844376790224,0.05645063000771011,0.04901229086639981,0.0611775733477102,0.06490528985062274,0.05445169954737991,0.07273124007584172,0.055935273396797915,0.06264051402777926,0.052556950987749304,0.05022504753312871,0.05526375577948777,0.05806961177822572,0.0640462253408172,0.06274463948854418,0.05792384929678916,0.050641451194841015,0.059574112691838356,0.05379581723299806,0.049917951969001964,0.04224635645579311,0.04298015754897164,0.03895738941592654,0.03174008488505191,0.03178691348093245,0.03025720116039645,0.023712205608064495,0.02185499205547191,0.022141113070355437,0.019212348739321247,0.019352800811928403,0.023665384283293667,0.01576358909262821,0.01565955766473659,0.01796390254459583,0.014218743790855273,0.015087388531530141,0.01497815695814356,0.01896785899936338,0.014785701887127897,0.01700678076022049,0.009199613729829125,0.0089187648059436,0.0024544579256640347,0.014385189563441887,0.010375034944150853,0.013516556552617548,0.008315464839132307,0.012725957084356844,0.014218743790855273
baden-wurttemberg,2021.7342465753425,0.02630825391843593,0.024112789776640834,0.040716336417706674,0.03471638614710906,0.062333345133294374,0.07119511569251923,0.080037564676414,0.09039211925824152,0.09922741365172524,0.10778282610865954,0.11273852302181979,0.1300324456909447,0.10741286137304927,0.113035567176923,0.1098723946654427,0.09774260416936317,0.09858659593785818,0.06120360396101662,0.057986318881661544,0.05657556571287094,0.06271340182842024,0.0556489663754633,0.041059806385100615,0.05757506216050457,0.04790365823049482,0.05386869263718087,0.05505553502384215,0.04457269767160878,0.06222922049610063,0.041502157412759554,0.05983441138459054,0.049314176147994666,0.0551336177095015,0.04578535080027637,0.05310350598702961,0.05738244937152886,0.04383887410502002,0.047763129020911836,0.04212665938745494,0.04768505740191277,0.04175716147976913,0.053811433382442334,0.058340314613490145,0.05650268651505033,0.047435229008793905,0.04469760484195881,0.04826799498695923,0.04747686699096243,0.03811956871643935,0.047898453438179264,0.039654716316139725,0.03762000503407771,0.02271335982316015,0.029507970727501363,0.030590195929035793,0.034627927184788056,0.027400818009318758,0.024846335019722523,0.022427235659579076,0.020346380011462703,0.016731091340357246,0.01999784483209072,0.018931445732191323,0.016481411617619894,0.01565955766473659,0.014837716700948375,0.016731091340357246,0.011540080419280044,0.011233213230708054,0.01233066185773503,0.006900857882046998,0.008003415878652047,0.011243615478634129,0.011149995322211734,0.008580707927871615,0.010068174630755202,0.01728767337051709,0.016221329847915026,0.0055434954735562566,0.012725957084356844,0.014218743790855273
baden-wurttemberg,2021.7534246575342,0.02630825391843593,0.025044029834155674,0.02035678408257603,0.047513300252706905,0.06875823857973187,0.06297371623616416,0.08670945338485574,0.07980841274487638,0.11611554605733719,0.12290673626276427,0.13223759970242216,0.15190566227818753,0.1234957300872031,0.12090524958129899,0.1295163593198558,0.10565165689179133,0.09084530832839245,0.09041816450013257,0.0727208255204646,0.06276546460571861,0.059324227172648014,0.06679007504649638,0.057798910352190994,0.05461827415087846,0.04438013303847859,0.041814407462603606,0.039321663495744605,0.05448293224489184,0.061536796962160634,0.05715860297260135,0.05378540646930918,0.04738838631870983,0.04200175839251255,0.04062266318396982,0.052432024937366595,0.04440095080227126,0.05657556571287094,0.047763129020911836,0.04866876836747826,0.04269912611958655,0.060485163817097586,0.050938140838105925,0.050657066397018655,0.04708130750650123,0.05059981067861753,0.04469760484195881,0.03539284201072721,0.03956104499479871,0.04368274276733994,0.04347456837965489,0.04171032390431999,0.03630346956973294,0.03560618760842813,0.03010111059665254,0.030590195929035793,0.03121976999047574,0.02454459175201527,0.02202146227260865,0.025881639886172834,0.021542861834745457,0.018588121895278004,0.02322838728504327,0.022312786434970013,0.014327973769023073,0.0119301684426469,0.008591109645195443,0.020075874893171124,0.012424284139840888,0.01404189574124071,0.015175814258995226,0.011826144683617312,0.010005762585228615,0.009199613729829125,0.015607542028834938,0.011035570915488218,0.020138299026342812,0.008643118263024918,0.013516556552617548,0.012476296591617569,0.016965167169226247,0.018109553056191764
baden-wurttemberg,2021.772602739726,0.03357163473223588,0.02226076414341658,0.03145911419535494,0.046602476366937574,0.038494244627781296,0.045624009053482836,0.08766785900181157,0.0884700164125979,0.1081684259584292,0.10778282610865954,0.11889862803062917,0.14096529683628975,0.14159099447914247,0.10024336035804199,0.09416360610607165,0.1007070554518683,0.11406741795304971,0.06685776197343135,0.057986318881661544,0.07072647660939649,0.059324227172648014,0.06599345860372799,0.041824815829890366,0.0553574553915423,0.05142742219310331,0.04890298800694941,0.04647235997131495,0.06085479482533826,0.04770067171633308,0.041502157412759554,0.04907474974638778,0.05187506661448893,0.05251010368368556,0.05481608218558871,0.052432024937366595,0.05875157738693126,0.05940752221228488,0.058465254858913504,0.043578655469325836,0.0633537776116749,0.05976152761928274,0.05022504753312871,0.058340314613490145,0.05257256676515334,0.06246350122298585,0.05568019979209666,0.05148467882277742,0.05222381552033445,0.04924130712645536,0.05453498678243232,0.03623582240274669,0.03167764682280737,0.03929043990319717,0.036001659811947535,0.02885760584026865,0.03235406315707275,0.023405266580030695,0.03614215723989018,0.03393587108520574,0.031120910749075352,0.02912815664528998,0.026453927804229314,0.031781710301532415,0.018629736785086778,0.014166729596180046,0.018744177903784062,0.020075874893171124,0.01686633502407105,0.02341046892134744,0.016122499116499107,0.009854933784467555,0.02201105786842406,0.020440016726415582,0.011149995322211734,0.013485348450993466,0.014385189563441887,0.027666158467289727,0.013516556552617548,0.009704105421198058,0.012725957084356844,0.017095209751665015
baden-wurttemberg,2021.7917808219179,0.01905108942008456,0.030611008172879445,0.028685910867197864,0.03929043990319717,0.05316596978130451,0.05840799054249777,0.09148082149326085,0.0884700164125979,0.12207798633848387,0.11181613356609758,0.133264618240274,0.1767673087032499,0.1275146182218833,0.14649776784459467,0.13541256014548633,0.10466165689376594,0.09568478042390405,0.08005318870851655,0.06903941087997181,0.07957405385939284,0.05762711979351158,0.08031879797255057,0.06008429935549008,0.052400793471663994,0.059886471279501134,0.058121669906333065,0.05935025685820077,0.055190878420168746,0.06292165325036243,0.061245252969405986,0.04302179196398028,0.051234832174164024,0.06433257860051632,0.0573980665981082,0.05310350598702961,0.05875157738693126,0.05374376343539674,0.0548941645116886,0.07047133043983175,0.056945168931505814,0.05472238354903707,0.05740327234134746,0.05680461528528622,0.07613170393052872,0.06958613914936937,0.05803317111956267,0.053899924984523916,0.05855896023998779,0.048450164322461804,0.04715937821904849,0.05607582469324221,0.042902093110681674,0.04789324864639044,0.0365948737566443,0.042137067817242524,0.04257942800903541,0.03882208826478198,0.04122633809502915,0.027031424724278854,0.024534186842978888,0.03346756767141887,0.025808803693866775,0.029076127535001273,0.027947108663261708,0.02460702124995485,0.022650932598651512,0.021750948440391216,0.023077520126531876,0.017787041757538067,0.01233066185773503,0.0216833202022213,0.015004164454808108,0.022484460366350763,0.014494419891242694,0.019618100206346065,0.02445615009157144,0.02074693825199469,0.013516556552617548,0.034659147977837125,0.019794967221257495,0.02183418331580065
baden-wurttemberg,2021.8109589041096,0.03266105501163332,0.03710483501320564,0.036090121111204534,0.027406020750380154,0.04858028566712269,0.062062621510272795,0.11723605740343529,0.1192790983755707,0.17178463742876518,0.18446921430476523,0.1671467473546638,0.22752383535172058,0.19491244073798422,0.16127302809899607,0.1757081250081416,0.11454687073547495,0.12955285010710813,0.1300272326716867,0.1215671910775719,0.096388078113646955,0.10597992421001103,0.100217310194541,0.09967025977567869,0.09303317319200127,0.09303317319200127,0.09642975531232327,0.07724093855417395,0.08493853295981303,0.072606265548917,0.08985038118459006,0.07262188734836038,0.08392288522367289,0.08995456114505102,0.06449918485906356,0.09347596656703193,0.0806312811966124,0.08488644797795514,0.06916437683476344,0.07410597969605667,0.0726114728148786,0.08786579279736452,0.10336947472607143,0.08522500129256713,0.08634484719059675,0.09808124119640886,0.1027807088223877,0.0699974908748765,0.07360607017446603,0.08342288131739149,0.07149192262967106,0.06017800765416781,0.0633798093143819,0.06017800765416781,0.056081030304107146,0.050219842508455105,0.0670035494999252,0.06510313702109297,0.05082883393048463,0.05637775098498367,0.06165653871843941,0.058892136295801145,0.05550321067923007,0.05816852226618628,0.04730511052941158,0.03803110396466461,0.03436775463835302,0.03430010998950347,0.03462272372110519,0.034648741044737995,0.02560590341040424,0.04041970508976491,0.03602247422176405,0.0357779054326154,0.03233845345017319,0.04169991555995001,0.04748207174107489,0.027666158467289727,0.029736901103345804,0.03743266989050533,0.04242330045281737,0.04096613253263839
baden-wurttemberg,2021.8301369863013,0.03538243493079043,0.04452585756008081,0.034237668853286905,0.0484293449375319,0.06417117929658397,0.07941260724161575,0.1372790477300768,0.17805609825609256,0.21656232888030458,0.25419307850660294,0.30496250564775096,0.32819149437879014,0.2664325965964076,0.22138218263218087,0.2455717486939618,0.21250522517372586,0.17797783077305654,0.15644831101980025,0.16492446293382126,0.14774930380921703,0.13484428533026463,0.14163270792302565,0.13014191921602103,0.11890383993435394,0.10996098172144046,0.10210858598380874,0.11375473373745078,0.12036840557953593,0.1279994078228486,0.11574552203233118,0.12647728791389146,0.10316106125458485,0.1057298155891177,0.10323400587459058,0.09078279925631656,0.11278021332718567,0.10329652991603243,0.09842509028032413,0.11411432074756354,0.11608948794122009,0.10877809642022526,0.10695952789140911,0.10982028470299846,0.11935206560916971,0.13054853718410633,0.1232090508437373,0.11833053365599377,0.12431929016019452,0.11762693913489966,0.11133670596096314,0.09235075784437298,0.08518333307335743,0.09766966725218013,0.1015823563365701,0.09124120086320534,0.07268958186683085,0.08681883574165215,0.07004435393615338,0.0771003300387748,0.06285397144675144,0.0880533097197148,0.0690654454291239,0.060875619185675585,0.0637963183300526,0.05444649409961552,0.060157183573205764,0.04769026217286333,0.0488301195616166,0.038395371555637346,0.042688717577295594,0.050282302838890076,0.04903311048472676,0.052140531986948055,0.051302498856295,0.057653148629555444,0.04604558047898727,0.058808842081718965,0.07437676602691176,0.044364519721096195,0.04667013702133027,0.05434759069115682
baden-wurttemberg,2021.849315068493,0.03629306230754509,0.03895738941592654,0.05460786322252667,0.07128884401596379,0.06141705548161368,0.12877091027074805,0.16115305673363256,0.15203082753544492,0.2225362984152901,0.23094488334570473,0.256581178405452,0.26935963748951275,0.21706361463005305,0.20068033885748182,0.19046037409900282,0.1778526030452315,0.18184960349062956,0.1611687051568935,0.16861267239765412,0.14952236465696492,0.16202937568847647,0.16235278284303595,0.1575801233775134,0.1536684340745335,0.15797130849238253,0.1653209198608645,0.15316254374691882,0.1607879281943429,0.12661281733169832,0.15188480143127445,0.1352352994449261,0.132034283716951,0.14321262924494674,0.11421333789712337,0.14937113063801408,0.14152842437605842,0.11604258336512399,0.1441355757929393,0.14468309419836345,0.15888408520480413,0.15783569731930758,0.148656686219577,0.16212848411886724,0.14844287629469705,0.15115467706139227,0.14914167296643463,0.14412514692688064,0.1552487211270344,0.1478692442541736,0.16672419300458288,0.13413525390207742,0.14403650164983164,0.12227083891527131,0.12523147635125287,0.11840871141266739,0.10395303689012668,0.11826799153528264,0.1254712536630881,0.10071747561383998,0.11139402859413719,0.09798746456812676,0.0806885699913786,0.1021815291274359,0.07097120982590625,0.08206352000078737,0.07579320981373948,0.06443670744955138,0.06660263478556433,0.07025784174974703,0.07116387295557847,0.06902379015674179,0.06806052129079893,0.07362689964191424,0.056882700597393324,0.06870096292718744,0.051802194004223735,0.06399936768481014,0.06219798314559973,0.056851466458478606,0.07214282096701832,0.0573980665981082
baden-wurttemberg,2021.868493150685,0.06534263723461213,0.06216153959373492,0.09629430453875712,0.11337951516060267,0.14863061179142772,0.18182873062763882,0.2691819195943566,0.35381819872166426,0.40205430634057143,0.4710422417169946,0.519607854507822,0.5190931393717412,0.46639857244427124,0.44272492967275723,0.3816261508954888,0.34340582686267446,0.37990277776817577,0.3522056889642704,0.3322210011587103,0.28615149119772865,0.26408062955249456,0.2700705151439786,0.2514393226523809,0.23734363068598222,0.25199319731312136,0.19944318826099278,0.21986254888268603,0.2161498161066374,0.22368521739706346,0.19214616457464426,0.24043620550356795,0.20267445789309962,0.20047675509051915,0.22220729447321644,0.20397433058134476,0.21620725439800362,0.2011188296780897,0.22852140014662975,0.22191484827222258,0.23672200355687548,0.22500650560895114,0.23502954382245847,0.24453728516363932,0.25394748145429136,0.23761004458760385,0.2388324317526756,0.24177881635430806,0.229075030751082,0.21478698071406815,0.22439024843124483,0.2239776735547554,0.1996415479787118,0.19614426389352732,0.18677583348125049,0.18437528175535783,0.16539916829573215,0.16691199451403732,0.16453322550852625,0.15200996663831343,0.17138291405153064,0.14456316110217815,0.1498613390558254,0.15639615436206739,0.14563213975778952,0.1097004319875547,0.10786619880686324,0.1088354162329626,0.1012697471863759,0.08806893616043716,0.08540730014418628,0.11048729616596618,0.10312979930590645,0.07976674886581579,0.08813665079114882,0.09939934169903812,0.09501274929647173,0.12288067474324074,0.10686573525070166,0.09848760853986568,0.08346975647936843,0.09993596926032958
baden-wurttemberg,2021.8876712328768,0.09350722271244684,0.10860092648941023,0.12781174679600416,0.16649465874745234,0.22862585830009385,0.2633541545698111,0.32088684704252,0.4797272786125147,0.550121706675072,0.5981195236762548,0.6842891344998502,0.7066814310560172,0.5190406177055423,0.5210102164939606,0.457694777347129,0.4298618567035955,0.3837948535586879,0.3616772817888951,0.3201909707084682,0.2897018956448567,0.29814749888368913,0.2868469121534086,0.26289945956497696,0.26773929092217913,0.2526986122621712,0.25992052168014423,0.27084412833980653,0.24527917106292496,0.2507548253260763,0.24678387355975764,0.25596454692174436,0.2110276199644164,0.2558286799507799,0.2539370305416249,0.27349436349547573,0.25186779121290054,0.26714866102030527,0.2707657210728608,0.24889993511533579,0.23743765896599478,0.29154255418729735,0.2905280922724259,0.29466450187569915,0.26261723707897783,0.30512988466435614,0.26167128028792913,0.2749110140148039,0.2521133784429663,0.250671223216648,0.2687951239220842,0.24388944979579727,0.25729710718260973,0.23558324372213926,0.23180148632029146,0.22086518884659617,0.22919515892462383,0.23279390984971868,0.21098585081607207,0.2160558263121648,0.2056083531890371,0.19988688867628027,0.17574464822468924,0.18623830900925967,0.15281833252318036,0.1410852216346179,0.14856803321720652,0.1524324014363498,0.11638655123900521,0.13122102772445962,0.13101771571365403,0.12134828035886433,0.13220110703110985,0.13404141223162078,0.11382248182460615,0.12643037396695297,0.11951363627651809,0.11075306092937622,0.12853633061268555,0.11515140445777992,0.12596644943708685,0.11485955971437523
baden-wurttemberg,2021.9068493150685,0.10986197266877626,0.11789795219354224,0.1472904037913518,0.21140876499296535,0.246109886849485,0.3165547759194354,0.4158173162054606,0.5593087899203241,0.6283268586975247,0.6806379280606493,0.727875774779509,0.9060384793434704,0.686438882439776,0.61531255960928,0.5804273647219798,0.5124758271530281,0.43050676991786035,0.41003074791631255,0.335926329713804,0.32969859802376666,0.29388530474942526,0.2780581027124174,0.28888094111223267,0.27366686869060786,0.2866743632292253,0.2663280624688321,0.28090214736124974,0.24385810312787182,0.2827058959914606,0.27412688534208934,0.2883894203976207,0.274696684336655,0.29276098048159094,0.29540710329174724,0.28768352111586243,0.27657340590694607,0.29272960433906353,0.29154255418729735,0.3087548186711751,0.33830248442596333,0.35599097763825344,0.3439188059069442,0.3533312992718848,0.35729992442047015,0.3138761878719804,0.33498950560688207,0.3266687361011107,0.2878926754595956,0.30893790284990724,0.30508803985969424,0.28991628717940565,0.25729710718260973,0.25839976129582354,0.2566961444060638,0.26550225024842167,0.2394593081121717,0.24540978587336937,0.23820033907534607,0.22471926618519936,0.2266359665521897,0.2098424334106879,0.20423013264756806,0.19505858772230672,0.19594591751610896,0.15529044552833807,0.16893090357806098,0.14320741490420888,0.15820602097385414,0.14248262662875996,0.16239972921007023,0.1351779505241172,0.12718621493101184,0.13199257797203356,0.14176306265082383,0.09694551341035867,0.13104378131164485,0.12634697149911964,0.1326025278241145,0.1262635691650606,0.14864104156111965,0.1199462311799071
baden-wurttemberg,2021.9260273972602,0.10895526695468051,0.13834787665306514,0.15934830350777623,0.21599838818805722,0.2212620725064598,0.3248163686217165,0.4763108161002533,0.5942797506459625,0.6333429434031618,0.7091905592368477,0.727875774779509,0.7448796718264431,0.5960786227096599,0.5686341829597633,0.5477358533055969,0.5363861557625158,0.4665454844418642,0.3730517558564712,0.3498131935707139,0.3119196502110113,0.2921857542099965,0.29243676125508455,0.2927034575680888,0.2788632025089165,0.2604849389123213,0.28769397881306397,0.285931886512305,0.28508484855595523,0.2945180746791821,0.29669360690145147,0.29987339465241897,0.28242356598871254,0.29143796956974644,0.2980010618790595,0.3093040731412243,0.3047271298171788,0.29913072945188934,0.3116110052704516,0.343091760557642,0.3554935865000785,0.3444003826762605,0.38219189069648696,0.366463474580738,0.3794156340165947,0.3639865386293977,0.3586612640270566,0.3792846821734793,0.3221007288028044,0.3233146389004604,0.29249428387357096,0.2672375164175441,0.2937807154199273,0.2756742439451774,0.2715236629390362,0.2527456402656935,0.25200364783512524,0.24196688912480663,0.23423034587323258,0.23222456982459005,0.24706601012530688,0.20797333946522675,0.18804399575851827,0.19981380834745058,0.1880335580826833,0.17772215781609677,0.18225140773619625,0.15159275045313098,0.1439634997704322,0.14342120330332814,0.13957314659226955,0.14703488167307027,0.11716309313898464,0.12277121650388924,0.10488570787478119,0.12151506939428862,0.14546527334949252,0.10555786661006507,0.08791267196455659,0.12070718998400332,0.1415544952431909,0.11537028909024552
baden-wurttemberg,2021.945205479452,0.09077759017036535,0.13369732755551048,0.15471152245063338,0.1994901681257525,0.25900074376146026,0.37807470274418026,0.4321321964285984,0.4991282249607515,0.5841977511816707,0.575731854206651,0.6283005426350315,0.6233375713502759,0.5393021610199698,0.4605486641544305,0.4319958683821743,0.39009193762878913,0.3206043096636728,0.3181086294869578,0.2970544611907957,0.2790461814738223,0.25897461394461285,0.2517005835497259,0.2522022081522431,0.25068689860193044,0.2399660386927987,0.21153407355777346,0.27587289466844817,0.2161498161066374,0.2452008023341382,0.24473581697268523,0.245838204754508,0.25089590419051927,0.24396259209444282,0.26883693953172605,0.2606678532186238,0.27726347098057763,0.2699921090435021,0.30300630333548567,0.27662568324344544,0.28391365830767445,0.30457021318868893,0.3258733611901023,0.3085508113456189,0.2973159513710371,0.2614308741221183,0.286099204283744,0.29916210945701366,0.2910719250647679,0.28498550550211865,0.24437010107024215,0.23221412327686242,0.22216551634380488,0.2244894757885888,0.22113151833664657,0.20754001163549862,0.20013745058344376,0.19784067829097565,0.2126879707849595,0.18893120586213316,0.17618814647264638,0.17066295004971588,0.18545029773963734,0.18691673887366797,0.16143994524168673,0.1418308472384284,0.12351657954838045,0.12643558662563117,0.10749102271760413,0.11058109533912744,0.11866409290355802,0.11443743003707464,0.11014336731193339,0.1033121609381438,0.10600597726053301,0.11537028909024552,0.13104378131164485,0.08130833462404603,0.10822053426554704,0.07627751745985958,0.08771994676970195,0.08925655939543128
baden-wurttemberg,2021.964383561644,0.07533494436648473,0.10581318499574861,0.12873963292186336,0.20132241595884712,0.2212620725064598,0.2982050278197621,0.35634700790082574,0.4293270566899607,0.44403081698255703,0.455811507682895,0.5020316407004796,0.5060746415098035,0.3582423865060355,0.3447825065471129,0.32834324936533427,0.31660186170898785,0.2759303989668178,0.26038041674045204,0.21754923980845628,0.20714845344927585,0.18752211453325782,0.19185388738707188,0.1987645949487791,0.18697414488374478,0.18269496148279965,0.17384547497890396,0.17681948579752707,0.18491278696947028,0.15710027365553353,0.1853198334498451,0.18713592579856658,0.1724785305721407,0.18928087517924042,0.19373284083027892,0.23298717347723064,0.19221401487099407,0.20253873008838724,0.21349205910415675,0.22628604595473475,0.2260040221122732,0.2228391927737501,0.22062497126087982,0.2437640632374796,0.2342512397809012,0.2495164828299669,0.21127823555905398,0.19898383181976387,0.19174950307534838,0.18370732185301766,0.20220463238609282,0.17389243172286156,0.1817608938807851,0.16104351790264332,0.17079337757156932,0.15022639087964582,0.13125230656590828,0.14287369818437456,0.14754592716524634,0.14912602816206405,0.12398569463494631,0.11909668073951128,0.10976817479277431,0.11843998254824752,0.12910974942285244,0.11044560769886896,0.10317148190832086,0.0778346231442193,0.0772669772098581,0.09181941774433143,0.07970946108661736,0.09271019687305321,0.06605593788368815,0.06339542834226018,0.08478748665615642,0.07484023051912941,0.0633225395856249,0.06746174152985164,0.056788998236937824,0.07489230543931859,0.06789911041556487,0.06858120494844917
baden-wurttemberg,2021.9835616438356,0.06171380661238985,0.06030815834915091,0.08146457897459046,0.11978465916843319,0.1458720111578398,0.20105618790590393,0.21083965906108776,0.22242140791327228,0.2275133897483049,0.26329666417721576,0.312170752531084,0.3052501886653248,0.2603856428440587,0.20265357666932052,0.2101348117245339,0.16993256197284998,0.14988741410110737,0.13097079767020414,0.13817060594615763,0.12294843472115968,0.14248784089681965,0.14322305792799692,0.15452898047437624,0.16994821303836152,0.14878705855645344,0.13122102772445962,0.1338120221945663,0.13880148386060837,0.1259195359510199,0.13688280454063023,0.13725819275009246,0.1249760626047916,0.12282333944627495,0.11485955971437523,0.13724255152059023,0.14152842437605842,0.14509504041812213,0.14914167296643463,0.15851897259715442,0.14390092681252323,0.14340034585984243,0.1616016467346137,0.14442758489175367,0.1492303269467899,0.13688801824720137,0.13027745818542782,0.12719664040043394,0.12590389813173253,0.12956327605102727,0.11650641936602575,0.11700674148848866,0.09311652224510958,0.10074873611228352,0.09685173883022011,0.09181941774433143,0.10054033314430416,0.09367913184804637,0.09605466172677338,0.08919405223315048,0.07782941535519237,0.08743346469198537,0.07358524071536143,0.07780337641786379,0.06810217579154891,0.06564461733696493,0.06562899763349243,0.05104224286850316,0.0621563333741274,0.05338459365214908,0.059771939579495954,0.041403278621194514,0.044031436733791014,0.04804939262675356,0.04572289587116441,0.042928114577088256,0.041725936424784116,0.04496303357517498,0.04461433336172354,0.03881688438138674,0.039597472710824616,0.03673537278738736
baden-wurttemberg,2022.0027397260274,0.06080273396098024,0.07887619143362846,0.10092587929176461,0.08866795326152756,0.11648036105404025,0.13608511359321604,0.16592604415613027,0.21181079770812558,0.19566405817596777,0.2390309417822041,0.2442394888712728,0.23548921879529042,0.19290296135500068,0.18787177437515382,0.18652533594859488,0.16894655434209424,0.1586024266814561,0.15739235556765657,0.16953606988443048,0.20271100005490272,0.1909248743790549,0.21019746443424028,0.18503281316448544,0.17883356165133532,0.16362034962997873,0.18877463827331134,0.18040417752764573,0.18491278696947028,0.17027166944699665,0.1723533160871546,0.1621910790143298,0.17633424084138505,0.1570272534338448,0.15427863823466784,0.15206211889683366,0.1689204697379872,0.15785656055367947,0.16557653185069116,0.18400999012066632,0.155316523296157,0.13330111165794736,0.15296957656813573,0.16212848411886724,0.1374354603465579,0.15669866370515065,0.13813932294296435,0.1610591662929464,0.11559959778866326,0.1231934138395512,0.12019640818816082,0.13550640429041072,0.11889862803062917,0.1062821403985959,0.09626304671803945,0.11089376047166802,0.09940455164873682,0.08224580776937579,0.08926697726311646,0.10647493440206397,0.09221531769544673,0.07750653345395023,0.0813343753165378,0.07848039302601426,0.07168979486228885,0.06937265409345068,0.05781452770384711,0.06108386324771678,0.06038104288063264,0.05244764067724916,0.04932979095160679,0.055211700512409215,0.058048788541581124,0.05316596978130451,0.03791141659887134,0.057653148629555444,0.03884810768958721,0.04669616037338888,0.03244251825132789,0.034659147977837125,0.0367665948457725,0.04130440001764864
